feature_0,feature_1,feature_2,label
5.448831829968968,4.236547993389047,6.458941130666561,1
0.18789800436355142,6.176354970758771,6.120957227224214,0
4.3703195379934145,6.976311959272649,0.6022547162926983,1
3.1542835092418384,3.637107709426226,5.701967704178797,0
1.6130951788499626,6.531083254653984,2.532916025397821,1
1.201965612131689,2.9614019752214493,1.1872771895424405,0
5.666014542065751,2.653894909394454,5.232480534666997,1
2.894060929472011,1.8319136200711683,5.865129348100831,0
2.7000797319216483,7.351940221225949,9.621885451174382,1
0.19193198309333526,3.0157481667454933,6.60173537492685,0
2.9828232595603077,5.6996491070126485,5.908727612481732,1
4.071832972259997,0.6916699545513805,6.974287731445637,0
8.55803342392611,0.11714084185001972,3.599780644783639,1
1.9999652489640007,0.18521794460613972,7.936977033574206,0
5.772285886041676,2.3789282137450862,9.342139979247937,1
0.5802916032387562,4.344166255581207,3.117958819941026,0
0.6724963146324858,6.793927734985673,4.536968445560453,1
2.5394164259502583,2.13311977367482,5.1820071393066325,0
4.6357542436481065,2.7762870629473193,5.8678434645816875,1
1.8327983621407862,1.4484775934337724,4.880562806489546,0
9.037197397459334,0.8342243544201855,5.521924699224066,1
1.0029394226549782,0.16429629591474204,9.295293167921905,0
8.765052453165907,3.3815895183684566,9.615701545414986,1
3.4723351793221955,1.4814086094816503,9.818293898182532,0
1.3690027168559893,8.221177331942455,1.8984791190275796,1
4.072411714138074,2.322341421709427,1.3248763475798297,0
6.7204780735391445,2.4536720985284477,4.205394666800984,1
1.314827992911276,0.5537432042119794,3.015986344809425,0
7.885455123065187,0.568480764332403,6.969972417249873,1
1.9705428018563964,4.598558837560073,0.44612301254114084,0
5.775429488313755,9.59433340833425,6.455702444560039,1
4.240322518898419,2.586840668894077,8.490383084285108,0
9.292914173027139,0.9961493022127133,9.453015334790795,1
6.144647064768743,0.3307459147550562,0.15606064446828216,0
1.1548429713874808,6.184802595127479,9.742562128180502,1
0.46007310887296926,2.326269928297655,3.4851936949256324,0
2.965562650640299,9.920112434144741,2.4942004105645124,1
2.7243689546596253,3.7905689607742854,3.7429618332091605,0
3.044684073773195,8.391891222586525,2.3774182601563876,1
0.7086977818420837,2.9279403144051885,1.5235470568773046,0
8.9538588428821,9.67794671798502,5.468849016694222,1
4.017135353795986,2.48413465082971,5.058663838253084,0
3.3350746579127533,9.241587666207636,8.623185468359024,1
4.059423219682837,0.24313199710157773,3.426109843415903,0
5.771402440203418,6.95270005904686,6.719571405958224,1
0.9088573203240946,2.2775950153786093,4.103015626901256,0
9.805801327872825,8.71785734755493,5.027207611453241,1
1.7477200416093996,3.8913467710118574,9.521426972954208,0
9.07875594354326,1.6023046632014326,6.611175115080995,1
0.39615522579517726,0.5994429824957326,0.6107853706678734,0
5.289399290308832,3.0444636434737826,9.979622513286735,1
1.7465838539500578,3.279880009080797,6.803486660150016,0
2.38413280924058,5.145127432987567,3.6792758053704135,1
0.968039531783742,3.4339172879091606,5.910269008704913,0
7.214066679599524,6.375826945307929,8.130538632474607,1
3.3549816967589963,1.4768557820670736,0.6263600305980976,0
9.58740923056593,1.1732048038481102,1.0700414019379156,1
1.1583400130088528,4.570587613313673,9.799623263423094,0
4.0379274066733455,3.998121400093307,6.713834786701531,1
5.369230010823904,1.1047711099174473,4.050356132969499,0
1.097844580625007,6.063081330450851,7.032174964672158,1
0.29190234848913255,5.349168549270839,4.042436179392588,0
5.181498137911743,8.427768626848422,3.7321595574479414,1
1.0001406092155518,2.6503969836448205,0.6614946211695472,0
7.734555444490305,4.564095653390666,1.5336887785934572,1
5.2437981107722,1.1738029417055718,1.598452868541913,0
7.196201578422881,9.663899714378934,5.0763554724076485,1
0.013833499989991394,2.4768502249231594,3.182335091770624,0
8.806781230470795,9.450267769403913,9.918903291546293,1
2.448894794200994,2.1645726094420983,1.6604782452124567,0
7.781715954502541,8.442349615530242,1.390727011486128,1
1.5638334886796301,3.0419869159940784,0.7535906908334034,0
5.964330653496227,1.1752564290363765,9.758838684185333,1
4.8339353520239206,0.3999280190071697,6.39705106075127,0
9.54333815392692,3.519362404956907,8.975427646494055,1
1.8303329207992114,4.030260024042887,7.452329600321291,0
2.153982043432382,8.583376386342625,8.028933715613341,1
4.835181274274587,1.4031601792341941,3.5899527833963205,0
6.002128681312939,9.6319729526038,1.4780133406539042,1
3.481919427465201,2.1145479578241355,0.5938318800578923,0
0.5687725914535546,9.804856634690069,0.9645086069738418,1
0.9973294723475401,4.755891170848438,8.200224358697518,0
7.057100439896077,3.952332435363368,3.1083997714331604,1
2.9084090665674256,1.7979529083354162,3.4550565635633443,0
2.201038607809064,6.228940321857524,1.114960572987156,1
3.228295375480875,2.295674446919498,5.068629584873134,0
2.286465509829455,6.771411441114241,5.928802707811576,1
1.0747256776880454,2.875445022805615,4.567036258604842,0
5.886390002919866,7.532401195921769,2.358342241056355,1
2.653033245370474,1.2729402542007473,5.258089530767229,0
8.532459761585129,4.753247822120824,9.692058717176852,1
0.11355128512192558,5.112217875736866,0.8329097971899924,0
0.006642185902044906,9.416677953897564,2.7832529832011432,1
0.6607426385167192,4.72413789171073,4.382559469717036,0
4.413741433324861,2.6279995632448907,5.220624206822643,1
0.020646355744217137,1.9891133466685962,9.5612315955996,0
7.285587299494868,3.296511575814126,7.917614211803708,1
1.0244628177193038,3.9702583228267407,2.7664973020918957,0
6.339869213059075,2.3057128969382,2.687090287568493,1
1.5597792803445654,4.260023876695605,8.927071642489816,0
7.986892488839027,9.234555382041066,2.991536445438161,1
1.98990939925484,3.6747532225192723,7.068718094201221,0
9.114508753507623,2.763371527370494,3.695235401396495,1
0.19462467309300346,3.992223836579093,3.085279595544005,0
3.4428916469893887,5.488492673993047,8.152250407163727,1
5.024530743128972,1.6981950317171468,1.4837893767737564,0
9.926669934642664,1.186155183657659,9.382561369639623,1
1.1655861242959853,3.576390348482188,0.04654836837183485,0
9.650949732179694,1.51230224974085,8.054624374049965,1
1.1891694214601356,4.175392009968566,7.815817276816076,0
4.598752073945209,5.736097469668154,9.55046681006283,1
6.751259138207569,0.21358682938348306,1.0231681588759423,0
9.468071709445221,8.451540869957203,3.8276421924277146,1
0.1425151515029588,3.4210387520378873,8.234717190675372,0
9.132835963670336,3.050466983628616,5.579874006096327,1
2.713061012584662,2.5805921253840722,5.323203282585608,0
6.86380230000473,2.958919763768736,3.032919214196661,1
0.7824609969046881,3.712869442824993,7.665910506061583,0
5.482562819420879,5.433526403167695,7.396325011799493,1
0.3669141786941299,1.4740010251322067,7.562872315011157,0
7.0184048294441626,0.30192773268711615,8.733194279019036,1
3.448565866227481,1.0110749056349133,3.183789366661766,0
9.657342779802807,6.201258805682414,6.174972676672859,1
3.6553902811807637,2.012667657608654,4.871481269173747,0
8.986376684082662,5.371701279487074,2.0018988820845616,1
0.6007796431325796,2.0986047387014195,1.3230567485306288,0
2.5506378531663945,7.505366534324162,9.980227877581006,1
1.3168728181445688,3.970136667776334,7.044015394011737,0
6.152764266350972,7.924989056089165,8.356460375834757,1
0.16252788677369678,6.428033753085121,4.428730246222124,0
1.4043952137105298,7.128923026989064,8.304763451209595,1
1.9362329040249648,1.12249992587386,0.4236404709144326,0
4.939452556622013,9.296187394467545,6.672147067866749,1
0.4551071396259154,1.9798279993979484,4.04773628957148,0
7.89869503109125,3.1726019724998276,9.792702400358186,1
0.7382628156424853,4.9096638554047445,7.1755950021252595,0
4.984347858624524,7.017857629358541,1.3843684136435142,1
4.144565348056797,1.2749888176998847,8.406409082004778,0
6.405645935212184,6.886483169837136,0.4245448872552249,1
2.2890759972439403,3.5798393686119634,4.3514198651632965,0
7.402449976749566,6.283138303739122,7.6978902067783475,1
1.9685205466531375,0.9875988679055503,7.486060058295778,0
9.191710007237997,4.116264595084367,3.0526700989728903,1
1.1222431582828851,1.9333464076691398,3.466078106091718,0
9.890884372297908,6.628564785571198,8.45364518667763,1
0.0036734375145786036,2.7373262938846423,4.620975296274499,0
4.5180701808448065,7.9982993088847065,9.605223981193308,1
2.3597038524157,1.530968968357228,1.9751910684608542,0
2.4029232003016663,7.631402302547929,8.701821785071486,1
3.3909458847740304,1.8873221095938586,8.029753783638379,0
8.996517033276689,1.1646325416191616,1.631817055141207,1
3.5390411017978574,0.037097737500186856,8.450776272778745,0
2.064514112463147,7.975263608679399,8.080493403229045,1
1.9600075428073904,2.8632954687344903,1.6674158011136264,0
8.184221621817873,0.8044851553740051,6.012277576745202,1
1.9172410992184563,2.7047734094662323,6.1618299061595945,0
3.126898434860351,8.84324226389135,9.585323442450647,1
1.7820095493926813,1.7117204815515852,4.318426506497062,0
5.439214998029848,9.793245372643689,0.7260006654760531,1
2.2619630084200635,0.15738239670462506,3.258548420037962,0
7.047321944166701,6.229683229783043,9.559617507082512,1
0.1331611324646731,6.062619062265414,9.890880753568537,0
7.439378206317415,9.67046791979323,8.748423619393389,1
4.7661422856732605,1.1207188087491515,3.214219252756647,0
4.013882466247205,6.155972191096447,9.465570860740018,1
4.545898672304828,2.0960272887719555,3.474596681158475,0
8.700997902944218,6.0817158567677945,3.4908734198767544,1
0.6833637743884757,5.008281900016218,2.8648634831524236,0
6.836015003535571,2.6874938707673546,1.2976262256838134,1
0.4248960823815817,1.175459407560635,3.8165374664543217,0
4.57388698785811,6.443971409505681,0.603794820255964,1
0.09284450505927078,5.320924091720286,9.427794095611935,0
1.2636752533060347,8.768206204006308,7.607926286668018,1
1.296190485167601,0.04787385241172171,5.537660737060765,0
9.417421432655166,7.210434084324896,2.9797026415692995,1
1.594690923411588,4.170297411919935,4.268195151105409,0
2.715502900064757,4.618534421619371,7.26243281306127,1
3.5020195195657644,2.6798868250442007,0.6188916884289575,0
8.051274852078379,7.692471190327554,5.369988910428293,1
3.920217173051701,1.439765340953817,8.048229649897223,0
5.955850196361631,4.8660609128145875,6.925546268631271,1
0.4386242976638255,1.8420430651882713,2.3718963205167585,0
8.204621608393737,2.307739412858947,3.2592393982149916,1
0.4585035510228097,4.638946746593172,6.839796113664752,0
5.613987175911241,7.132460130406766,9.818642170133025,1
2.779353572089586,3.1840293461058753,7.289476961434229,0
4.146441491748876,4.2127339631641085,9.26265880140584,1
0.5029106314738907,4.20910135737091,2.569754591527016,0
0.10585739586393417,9.649279429455298,9.620232533557239,1
1.3111622896714559,2.484254759736073,2.7679490146749908,0
3.626929347939404,7.767496690467758,9.670055239303666,1
1.762816401400148,2.796787975992202,5.8167984314786185,0
4.813069660698819,6.873517954472738,8.010587110273939,1
5.344320281653596,0.15676116049913924,3.4470217876778806,0
3.2663522962600777,8.216719344295681,5.479066993580314,1
2.3454990206703084,3.3714911366495146,1.9026050892333246,0
3.661175500743158,8.926398030473216,0.8443832642394788,1
4.274614056932559,0.009032855212496305,0.6981430295969493,0
3.242728755420111,9.246228121426286,9.7478726073471,1
2.7334970779259105,3.805828679202846,4.785758584818498,0
3.598097672410472,8.878650314643885,2.9858984784644904,1
1.182361287358663,2.3361814501958,1.418672597402586,0
4.724288453165169,8.113794039634868,8.156175864366617,1
1.8839952278280425,4.358412131383109,7.385922212429411,0
5.68419042866216,6.091612643556431,9.615751443000814,1
0.30288410155906775,4.069464002715893,0.445096271486205,0
2.7741804183599825,9.622799113275983,3.5240712000938212,1
4.627612294693413,0.055104402355259374,8.10290763069436,0
3.5886157879279534,9.088765512228052,2.9625727125090098,1
6.238679005772775,0.17029842112618043,3.779764739828766,0
9.66737743843486,5.3470817441659335,0.24614528029824556,1
5.585230974322448,0.17040718047802716,5.590468086359475,0
7.420093040571263,8.971458717819456,3.8003457602368753,1
2.602465772917608,1.5427777765800355,3.1212101528169987,0
2.163791144584878,8.618068074390896,9.565715558589277,1
2.861476039966042,3.1342052273491317,1.9085000416415399,0
9.390783565470986,2.223734692328101,5.535419594668016,1
0.8964247609873699,4.211107588880808,2.6121895270342166,0
1.397301515397661,8.825859737322464,0.8020666233007856,1
3.229071063370519,3.4574584508986463,4.005104635815054,0
8.89762135819764,0.6184478322329312,4.496944303093088,1
4.554363894644046,0.9268519215816062,4.549042727134398,0
9.958300034113988,8.172485840405118,6.172379466181479,1
4.095268315182661,0.7687299375237977,6.8930069115526384,0
3.0420067584686916,5.4104559955496505,3.0072690578464023,1
0.6877784768384376,0.1077776350569315,9.970463442051004,0
6.520128596686141,5.043863235561108,5.576508144925704,1
0.7614516220153023,1.580597336011924,6.650816241420333,0
1.362923350976436,6.8629106037108,6.020755221947981,1
0.7319729852497836,1.5411716937731978,2.4499020990495044,0
4.8206185276773486,4.53110766285225,8.035452949126581,1
3.361230863654765,1.1680700716264036,4.325966430678648,0
6.461810255983273,2.063730118576239,1.6090979579308917,1
3.091918277779059,1.247401878093637,4.617576297529471,0
0.929786709066801,9.042874658222363,4.493691779610771,1
3.861383798498257,2.7363831030002284,2.107106425777696,0
3.691611951062197,6.325089742882501,5.146255360086313,1
1.0409193213346701,3.056953793966788,6.942914872263741,0
4.343299034266521,2.78468962069366,0.05051870005087333,1
1.0499073930545522,3.926923068823239,5.515699607611761,0
5.927595785429434,7.932593060544021,3.276243490519758,1
3.5635090252202097,0.17747959061762075,6.57519895380428,0
4.576847759296237,8.658437598357477,7.015059521248777,1
1.0784968126068728,3.885892096203356,4.476782909599823,0
4.750601299749311,7.1931656823643415,3.0904958501240243,1
3.316021456671306,3.430669324230867,8.010420278257667,0
6.328853196107076,2.664612761793829,9.095826774815608,1
3.3192713479268665,0.41436131732719317,4.008401541544574,0
9.115463022293834,3.6884919391406212,4.740025854219123,1
0.230075418456952,1.3388777438627453,0.25210168791350074,0
9.668005974515538,9.345603745300181,9.215475478121654,1
3.1803028916055465,1.536665427726126,4.444937233583467,0
8.518938450883226,6.596954981260428,8.26683031845896,1
2.935122520864435,0.8177517820756608,6.644912264494156,0
3.375705361260297,8.757651744100993,1.170530991510319,1
0.3801823254250791,1.2838991014788892,0.5579081250085316,0
8.0059749636578,3.650435474567474,2.676840396928765,1
0.24945629811443437,4.153673001912725,6.888991073865137,0
7.743529494802058,5.603737038140752,0.8249350308109338,1
0.5862905888377212,2.001706815505686,6.2292672006598915,0
9.635994443948874,6.117833481601272,3.000318716171253,1
2.198043978564719,1.4937619465672114,6.01160583550034,0
5.7786372426185455,3.307249654946358,8.334788758433763,1
4.459726606003606,1.5578561895406717,5.0464619163299105,0
7.738629651893243,4.056338946232637,5.930331393287639,1
0.887579854194529,5.50578918134944,4.543287263886456,0
3.821357402025903,4.245098079003697,8.616377231941598,1
3.41934148164293,0.7681845397749132,0.5535631313436384,0
7.937512496926534,6.646787233813293,9.782289311177784,1
3.995204466363517,0.7679747022711503,2.1435952961809965,0
4.772224807176078,5.704366902119271,6.108727235414362,1
1.808393999158191,0.4762076084981848,5.9559504031795,0
3.792357544563909,7.473574586765804,8.313036590972589,1
1.6121821329251806,0.9306714007783212,1.91173764997013,0
5.5858302858723174,8.091995921508135,3.120705211951691,1
2.4371222610651797,1.3604334237850613,2.756653279198856,0
5.946476814330426,9.286424880696137,7.19852027771192,1
0.1368841098409168,2.0991999008691997,6.999887646268611,0
5.426010201202406,5.21913680218495,3.6772668506784956,1
0.3129252790977377,1.6510812737192027,9.586012891469075,0
0.13836251172974823,9.674940497015918,8.285706855726811,1
0.46538486379183674,0.2786372412310567,9.438645773285518,0
8.602812365183045,6.27917243196169,7.745664242016154,1
0.017378267846723805,0.9990807373006061,3.6366044110441598,0
5.670718548946909,7.0635128053365825,8.871986820862285,1
2.8030923505056338,0.979187987907415,5.012363117860135,0
7.683611440976326,3.2076056191495885,5.592094014310386,1
1.658536536758377,0.10180822383938692,2.3787517257520276,0
4.344416552185302,9.879976996098128,6.142243316266857,1
5.11806560066037,0.08187288629735945,1.7483656324410912,0
7.314502491590121,2.6887823039034853,3.0596559055389094,1
0.9625672462431201,3.7292509626159465,5.425058428622357,0
3.5413936512216084,5.460138896526734,8.12185400181229,1
0.8688029011205078,4.7131720071073255,8.60143500304649,0
6.266134356038866,0.9092592982038039,7.82135363424416,1
2.7879141669105545,3.024312445516868,7.436427238772701,0
8.603830798416068,8.035044982271469,7.465108599826601,1
2.254151537382285,3.2143858916504398,0.027709566256819418,0
8.344984319735175,1.8744475363635515,0.04768377764269971,1
2.5875067487854917,1.9815949993946502,2.4375179333158528,0
9.757350332508857,1.3253097749036336,8.514226765922393,1
2.319140434141694,3.776908204064149,2.0308717051667458,0
6.329171122765795,4.766437775428183,9.713928217354079,1
0.12210519663421904,1.5453962047570513,6.844190447515897,0
7.063718013476981,1.1571815121321471,5.61911457807729,1
1.5802298629127975,0.8680861614365021,1.9244701360336192,0
6.475524325933526,5.6302383671516605,1.7164081662818076,1
3.692233278840753,3.1261711592334684,2.786720513102364,0
3.2532645347390488,7.762115084700661,9.131505733137121,1
3.078479320806945,0.9946787609389407,8.241486696206854,0
8.76636080004911,1.633044607769063,0.4790288699711853,1
0.1734274680649217,0.17289652741196648,5.668964288000554,0
3.367213424605472,4.088315803843413,1.1619479623427964,1
1.670891885098651,2.4204390002353557,2.008242765381808,0
0.5257151420438899,6.820538403617592,2.6888805009787653,1
0.08199140586074072,2.2148054044830365,7.046820311167496,0
8.67423061801781,3.02596427300986,6.859723899252312,1
2.9487926714121704,3.0886414566898734,6.27183234547841,0
7.793909564002805,7.788312515567874,9.758036873205908,1
3.760173349715031,0.851059081135721,0.8788788196507191,0
8.238822097031292,2.484303875538083,0.8966292611132298,1
4.014495569196899,2.0921049112192747,3.218889624998843,0
4.199948120491419,6.935089719274358,6.415008847712601,1
0.32673171706932846,3.9378824337231078,0.19610501319103024,0
1.3535111433764768,9.302953390465765,5.950246157866221,1
0.6558209567040296,2.2654553229584695,9.943748347169384,0
9.957126838923056,6.911288860821325,5.195864408573572,1
3.9113571212334652,0.5202981200504242,7.045737172836195,0
9.44689043192468,6.634571998860077,5.251597299929988,1
2.968528676879666,3.96905538757533,1.8295193952533229,0
5.5671944197492165,2.350135620354691,1.1968519672230693,1
2.959121406586073,0.8168893759303875,3.0969464926452184,0
1.5775159165898744,5.832399316791737,8.826032270257103,1
2.480463296940992,3.315698041877778,6.317694004506118,0
8.458886469133242,8.6382720930516,6.1152507772984315,1
0.636977185007408,4.377852488597531,8.494852489826142,0
1.6313215297289452,8.426887622604307,2.8031301298749254,1
3.303531580600173,3.2885323381140785,6.009327870197562,0
6.691931285020627,6.029321104775301,1.1951561836705538,1
5.167156093215455,1.1476261670583532,1.0777613604762737,0
8.315584310390406,3.7739233174698903,0.28087991954701463,1
0.38622770027903375,1.1711786752871545,6.283249825850742,0
7.067857215297443,5.4520119716500925,3.1679997775695936,1
1.3266195551253201,0.37211036308801515,9.93377993689905,0
0.910697183721334,9.50705818837975,7.328958645500868,1
0.4034601931833981,5.111030866900542,0.28501380929072284,0
8.300029469601379,9.328061824822223,3.0833843446623255,1
0.5321637916190736,3.7906814378212763,1.1415134572311048,0
2.072021488024639,9.474195185897651,8.646408384568185,1
2.1450668516253235,0.7848643674025946,6.257109065192587,0
7.384959296651173,1.8825318915516998,2.6664361938950663,1
0.41810601153301374,6.065293910758234,6.976368815154709,0
9.928201077976171,6.503917479374362,1.2021666718785995,1
2.280460981649189,4.167817473795294,3.182942498743513,0
5.004452736380616,7.891842270707597,0.09743265237635246,1
1.7557747925462064,1.5256114270196153,9.050458686392602,0
4.884054991924637,5.562573515833802,7.170179689321408,1
2.323422036036078,0.9570169580913968,6.786381186954319,0
6.170432288617071,2.729583423480324,4.996212124009408,1
4.100515213789782,1.5641675422411383,5.220482465927828,0
7.713625911305236,1.479332331935591,5.910919631856151,1
3.2487233298764098,2.3555668700529053,7.359012753843811,0
8.123923859918667,1.6836772838981873,7.9730350220080375,1
0.3492009594121803,5.669151712722334,0.28033767108961993,0
2.970570188607838,8.445658597384956,4.522212133704146,1
0.576669963120644,6.164026934321674,4.952245577019206,0
8.544654418738471,1.4097241256290083,3.2535218674087174,1
1.988127961986741,0.7924659002326262,4.676570677191002,0
8.71381021594737,3.6331354583071906,6.9444338873195335,1
1.3488744756620685,5.290970608690452,1.3226864238439728,0
4.6857976638278025,9.957076820805172,8.841469350947452,1
1.3020496221070255,5.4540021635523015,0.8167126508348677,0
9.014953018499316,1.8953043009076098,9.3054657416206,1
2.6550772213402007,1.8440104009534442,5.85645135679011,0
6.499003572033311,4.227221924900907,0.4273899302080575,1
0.08162767446609265,1.1963474024441834,3.2029422996252297,0
8.005445255305743,7.311571458516333,6.878828659239009,1
4.478475963365051,0.04474626711733043,6.5242885878525225,0
8.363946422946935,4.526384464967394,1.2438726664102684,1
6.360184962179288,0.32352926052939046,1.1027994849288891,0
7.46936027517557,4.87745850669488,8.79643396240148,1
5.342036691279171,1.6148162818349876,8.534523470310466,0
7.337064022325901,1.1520230767278927,6.650932640952021,1
3.5546852734595125,2.018161374633567,4.571760830790651,0
5.545083973033133,1.8726652626029783,3.2560219913276156,1
2.4977089352473847,2.4066889673321867,1.2914135191368392,0
7.930680917284937,0.16303199466307539,3.3283095496479485,1
2.300518096949531,4.68839957890701,5.798298600121987,0
4.6259277420988685,8.176227191769204,1.119798067848632,1
2.6597330504456207,3.1304547218650813,9.24162029492106,0
7.461028700926283,4.958068289871624,0.2388834519882166,1
2.2594496569261437,0.9790293216466206,6.984450683405525,0
8.807688859034986,4.84139728190661,5.927082440735193,1
1.2230210793411844,2.789979054025671,6.355843417029102,0
7.268508833172903,9.400753783706342,5.715399303238873,1
0.4246919770645574,3.691809440992293,6.718731713210726,0
2.756086401299193,7.9895401755886555,2.551083285673835,1
3.401669339305281,0.2957385115650779,5.542618128654196,0
7.474735784826665,1.6120827226217105,4.220064644911017,1
0.5108977065763043,2.7682779033352545,1.7640340523260734,0
7.523663058764099,6.949516877790678,8.569845569668988,1
0.36619174163297075,3.881798489827343,6.073203455652825,0
7.7581484776281915,7.3799347946379745,6.892962031094357,1
0.37887595790137785,1.9893400432708475,0.5628354713367167,0
9.845492343178497,6.575832364081544,8.668208805965696,1
1.7725524555031191,2.3064852320499507,5.497251122414206,0
9.505988532342336,0.9161385081875306,2.717819914832693,1
4.156718564657576,0.9312461771485603,0.14273543491684637,0
8.445044303175884,3.2126273668254193,6.520685017691679,1
2.3474043001400116,4.0032716873111776,3.1616445726221376,0
5.912319467043519,6.798874898642921,8.610194418145973,1
1.8961396933845598,2.083105865383229,2.414630508415975,0
5.640695204012681,4.711410409176189,4.025150969950012,1
2.228928469779945,2.499618346489212,2.2038212825704253,0
6.212299033326748,8.18596144504603,7.448249549157927,1
5.328660587046653,0.9523193310604094,7.4527327977779,0
7.778802532570951,7.286998756944413,4.8502589249959716,1
0.29564740126206024,2.157244497097106,5.206856333138149,0
9.486389600142845,9.107665676026114,2.7645789640104566,1
0.6837524051873833,1.5579670440750393,1.9456826181614306,0
3.9868721969112197,9.585931029863481,3.667802195520107,1
2.785103008781139,2.8802682933530512,8.46304936696113,0
5.9221827498264465,7.39866558764824,3.840980551084494,1
0.7122246114189124,1.7601521177791102,2.009915838156233,0
7.188591785088077,6.932493543020594,7.926703519503891,1
5.651473386031348,0.9774871319355161,5.4707680230649185,0
5.9808731745244215,2.5015872220213895,0.7144887799209143,1
5.416422915626176,1.4524213873473746,2.651252371212048,0
4.182320863680781,4.757729089470616,2.892085121548625,1
0.5560046476925895,3.0793625267536595,0.46258477566618716,0
0.8143183556633804,8.387972783999727,0.6003286029426502,1
2.7827343657115255,0.014690061423702216,4.828677288415157,0
2.1120621979509666,6.219125897882663,3.3469926384368143,1
2.788366202003293,2.517000559002116,2.9964630421758,0
1.037455429652312,9.8219664609004,1.4397173231415317,1
0.9895565125791772,4.808295043785561,1.73429713261673,0
6.7918233270350985,8.445445475971349,5.928977624010155,1
0.02624860083645486,4.844186863474292,7.563424807421246,0
8.787512510661756,9.251561800722323,7.493368504188268,1
5.801252461787159,0.4517657994964286,9.18081190338648,0
8.937179295227336,4.608309328740219,1.79531403193542,1
0.11332262308606733,4.948151340913788,2.6726703927930853,0
1.9379415706109637,7.512853270023069,5.213326689573689,1
1.0786319983515924,3.9950559905810437,3.319999451656266,0
7.070725522656809,6.175353429074992,9.064677298230023,1
1.7094955422760316,3.1475925240046,6.321208142767394,0
3.186138552686252,7.329052810947219,4.0475770788170635,1
2.5595339279506435,4.19066191380357,7.872984265883982,0
9.253006741749735,4.70399929220913,0.507976399034783,1
4.925060893830898,1.047377939410803,1.1355310707342303,0
3.7636975659376706,5.123818824025213,3.304022373824873,1
0.016636236770103396,6.816779778478236,0.5801545716674017,0
9.83472938004841,4.22069590165532,8.693191020642692,1
1.2946952245179288,0.15406445826905868,3.86742336087597,0
6.271286230489581,6.235774122370806,0.12769027512908315,1
2.6195517446124192,2.0489877507182785,8.853194963608946,0
7.019395885371039,9.649381252645671,7.785193236144732,1
3.3755810510619453,0.2881875534567513,6.374190342166811,0
3.565085103885969,5.382582499869688,9.217565393954022,1
0.7562909096681703,2.5422661182576887,8.668668960548604,0
3.16391974184027,9.065309185714046,9.407964010550062,1
1.570140717954216,2.415683130951558,9.332987532821024,0
1.4552136695687945,6.917502243332091,7.14968497917107,1
3.7559286160656025,0.5040509231333379,7.920765760385999,0
8.776740768408434,1.7908351840656689,8.490094926927775,1
1.03328313808852,2.3967688804073872,0.004909638000434313,0
1.986649848355725,5.673197885761176,2.714654302699943,1
3.101296897160739,1.755034140755074,6.043077792236501,0
5.7797127623333004,7.230930546644188,8.081328331130814,1
2.319821333724862,2.5926075699008178,9.589069246037626,0
2.5155543032465877,7.743382743639662,6.571731874206858,1
2.5917989038013243,3.0109945732901333,2.925254167003489,0
0.6118888421400459,6.500965350470766,5.924045964074958,1
2.9965542624871064,1.222523341318713,8.059906020292564,0
0.3549290758599155,7.851822102803689,8.155835834987643,1
2.8826725656167684,2.162729676680384,0.817930757153571,0
4.8439513852347185,4.631676999057213,9.590449876995077,1
3.50367111892548,1.2326822327950848,7.436223991939167,0
9.179064455809042,4.592938600860984,5.122234455782525,1
0.6137586857056954,2.9097943761056175,9.171019676668434,0
2.602528047561462,4.808688173492525,4.2277839289433325,1
6.1154838046775435,0.05966140818971066,4.314338935964921,0
3.024130864849103,8.392513859259818,4.207565814952615,1
0.31345006853426227,0.9044505460036967,2.203140698441196,0
8.594879351582493,0.7232115926078597,5.648157586952375,1
2.479367890394144,2.4684592050718743,4.7265508002614975,0
1.3444939263333489,5.788085311721809,9.869407771310376,1
1.197161046812203,4.044393011192855,7.5296056180775075,0
6.091939126032528,8.142645395964124,8.456225589346785,1
0.15446074678692634,6.47088366463697,5.058960465114159,0
5.140953731250965,8.146243357120595,5.074254509305223,1
2.855572160788001,2.026831541573314,3.5899052869808656,0
8.74844994717418,4.557113195189696,7.896001398250442,1
0.9185868065826786,3.869199915771737,7.840746259144714,0
2.014168609502891,8.442479168661324,1.2892590586785047,1
0.005696174167706403,0.38004487981462276,2.518444712785292,0
5.871662145403443,3.5056705308389646,1.5739744875697415,1
0.3984251236828018,1.9089503111390738,7.535587527636661,0
6.035510202410394,6.8182363857488895,0.6424465693991199,1
6.2473029163660145,0.2787741540551636,7.351423202400316,0
4.486591441719292,7.2423066250658765,0.5628449839196492,1
2.2867230474585067,0.9332351731567312,1.4180871772763115,0
2.5721909638078424,6.263408324595985,8.98907590987738,1
1.1688770194339293,5.590259315099929,3.170222825992334,0
2.786029655745439,9.859022031764596,2.7916668089676158,1
2.584306324083787,3.51475059441982,7.488048209052919,0
3.93169803189385,3.6432472307178063,8.06427721142235,1
2.0522530623364323,3.6407301226489217,1.5631314954288356,0
5.879098985780701,6.061922676092603,9.40765206693839,1
1.6212318310708873,1.4790494742126536,5.294293084233084,0
5.946018436715242,9.26769289859267,2.3801514139715154,1
1.0423286586503788,1.395280512590752,6.965228727169696,0
6.830566188960166,6.009477895248134,0.7048297949781201,1
5.201727930021924,0.817899405302619,8.623564895026867,0
5.949380307729589,5.639572035274568,3.6237757592558917,1
3.549474799949155,1.7298567725737901,4.72094057017978,0
9.076491013983336,6.746038509929627,2.2193415638011005,1
0.24738988659156913,1.9111722710395351,9.663717444251192,0
5.7941424188561435,9.994782500995681,5.900994975210713,1
4.490439126266183,2.1768278162070565,3.766069869311608,0
2.628353360875504,9.156841594691944,6.889512994530017,1
2.0448903080791148,2.2038393923675272,5.5402853549223385,0
7.7353311674188685,9.022151540254663,2.334774429383618,1
1.479111457346507,1.661385686436888,6.273970248168016,0
8.413459203660864,5.242116968238286,4.758760626650278,1
0.15557876902810186,1.4471228678176329,3.687144441173573,0
3.5142139194010156,7.338399809392106,0.6320482121691595,1
1.9880420538553856,1.9184457474798877,3.4026240812561515,0
4.263969157830795,9.125292544458347,1.0916772410022535,1
0.23768132196100522,3.867855037467396,4.7709440152749405,0
2.517761776166666,5.323350610316762,0.6084243458387784,1
4.899696315046706,1.8237171379222494,7.042838534638232,0
9.84110227654783,4.045278785001656,1.7025196297625311,1
4.590073895223887,1.8776812782184882,5.977670787061548,0
5.387082535651173,4.30651452268386,8.14892220547059,1
3.030692892057736,2.546159351015198,4.857307866628775,0
0.507418306394215,9.822168599100113,4.264614917885972,1
1.1573037457541713,2.99666145536622,6.928043451973245,0
6.294862004857275,5.862597572348029,9.236578068800451,1
0.5449016214043634,1.5319920756241112,6.567808884737264,0
6.509178999698825,2.149295439001145,7.369056156720564,1
2.6906315368261193,1.8980381538838287,3.733456825587742,0
6.78122332613122,3.7414815850767913,5.697937438063874,1
4.120593377116154,2.5961477713664385,6.019514224019971,0
3.4689564414614003,5.093794997730306,3.4663207969126386,1
0.8542429297114362,0.6798291605090445,9.823142123446809,0
5.465335873757588,3.285884322865048,0.4417423970816814,1
2.2140809653603255,2.2767395199424865,6.2788282738776955,0
0.31703211461073133,7.615941474726534,8.065034273644851,1
2.0651868878957647,3.065370579122182,8.63470095953098,0
3.0118813628528827,9.925949324479774,7.430991647381311,1
2.2915645237479176,3.9711403403281453,2.9338780701944165,0
0.9691401801436517,9.283330925386885,7.979960151715466,1
2.3106325649730475,1.2739389279891733,3.0788685458383913,0
0.9783934694564322,8.948842758420367,4.979577486891282,1
2.4521756260971372,4.491175442063304,5.730199230654361,0
5.592316137890512,6.233731362154567,2.303523796379018,1
0.48347194001367777,2.2891553502815185,0.9656653095095991,0
8.302159852368929,9.949487926912145,1.5423678655640172,1
3.4209539076707562,3.0023523991797174,2.049692188457742,0
6.947589432350375,1.5785890614460574,8.7828246171939,1
2.8848916593554605,3.258514080423317,1.9635559007053371,0
9.298208966736222,6.942861467422575,3.4008672023369924,1
0.276363215541926,3.596488810184315,6.257735997273613,0
5.5091262918773065,6.644993180338094,3.6081475701099497,1
2.421098654526367,3.22574472619484,0.7873840140946564,0
6.396520657272593,7.761543873400968,0.8470299481994203,1
3.1306391292095395,1.0409745447219276,8.252565367774768,0
8.109813644624532,1.6946798656708961,1.1251762066662319,1
2.0721322897390593,0.7028270768866407,9.972844230304165,0
8.914633385597075,6.9021492620364056,7.316707998695561,1
2.0916915542355854,4.2752651434974345,8.442831394456377,0
0.44260617815986336,7.507365235749796,7.185377796671676,1
0.4344592835359795,2.6024236890642527,7.031446813789684,0
7.449909385957723,6.276254160074925,9.544051438839146,1
0.42977282297856134,4.585452791351088,8.818905703558267,0
4.354391922905647,9.237380669378204,1.2328677894566675,1
4.553889594119379,1.2038835836937334,3.6551811087718122,0
5.9367848800312215,5.412451647452091,8.963054920058232,1
2.4010150566343116,3.4955124236813195,0.7163112281980244,0
5.594096846025053,2.1787991962622657,9.92887165463227,1
1.3381327754973282,5.307212491581216,3.1172388963489537,0
4.3177138085735765,7.863250431569318,9.075182697110808,1
0.42895897284016105,5.317543354427276,2.244113209506786,0
2.2822103150431072,8.65275405155818,8.752227692976195,1
5.6719497450858745,0.07471774647274665,4.741637548881357,0
9.138082273681881,6.622127041301269,1.613118662750248,1
0.0629245272368606,2.810643499225626,5.745907120790602,0
5.347854850225998,6.399673709743764,8.167522208877049,1
4.564680006332097,0.7094386771243155,7.949861451032598,0
1.7942040244741364,7.954124637329603,6.598240975827697,1
0.040872947231479495,5.685810818928002,7.236890661029202,0
5.494450258696625,9.055157676783569,6.8244886557417415,1
0.6095109448514902,5.221851640992806,2.1524867124101754,0
0.4564115892748999,7.876128168390945,1.1176505924864388,1
2.8198659144402383,0.6302582462809381,2.1810833583510183,0
4.856382360822825,2.6129461457766077,3.603335923014055,1
1.3809399720366822,3.069699372171634,5.522122769361044,0
8.210460704571974,1.427693166936319,8.949279136389508,1
4.897895520777182,0.5141086529764349,5.213075950418605,0
7.4279644662197954,9.434909059114108,1.2715529485579868,1
3.899317599690394,2.2971641962284908,0.9630330550022281,0
2.4904205880259833,6.5100281029364435,1.2313781425888948,1
5.650945727783936,1.1776113047139714,2.706672037455027,0
3.0354618582818436,7.334704221276805,3.6656111541425163,1
0.324427510234675,1.624086978618533,2.2257752087383142,0
1.4295372332381318,9.823291732815804,5.042690220829461,1
0.44454427415527076,4.131662619022364,3.5662028771018583,0
6.212291234152575,3.5815414292870407,2.1433669344558237,1
0.1326224025357714,4.251234650248072,6.599743904892813,0
8.736172045979286,6.426697809614525,4.666580623309317,1
4.620722697069039,0.3329528492747569,0.812635366383847,0
0.0635613945084601,7.726499172117556,3.122986170758142,1
6.123818288046527,0.7805252034992338,4.718949858560406,0
5.0271251911052675,6.503911822531862,9.249654928310099,1
2.443588789959519,3.304225120641303,2.876483753828909,0
2.465856395657713,5.863096890166371,4.904306563186217,1
5.781846933471785,0.7568570568769728,3.1371767053148614,0
3.612846182579472,7.471457605830735,1.4626508127159066,1
3.7741132644530575,1.3112037413508404,9.35324474203187,0
8.393728661673137,7.804875379727914,3.9328894519792215,1
4.899256787427068,0.5579741994643972,9.38695416271294,0
6.341564070254356,3.679860824570241,9.173000411235398,1
0.17438759451183006,4.630882491956728,9.103238748211734,0
3.6582710326906573,9.569236106658625,4.306161702220942,1
3.2227435956820107,1.1368474100259596,6.102424918486376,0
4.878892941940417,6.4242580707556565,5.696041113586421,1
3.4424347216454008,2.7258379648439135,3.499613429124586,0
9.25136396120809,8.147971587996189,9.622775748290449,1
1.7131443072996289,3.132872290615926,9.624750040550563,0
8.468798639039168,8.314761480110388,1.3398400883193773,1
0.4867645966913714,6.357439833950753,8.876696096443666,0
0.011220393704661769,8.28055810330953,3.262716168691412,1
3.3724564562485373,1.6073298083378662,1.7305194118042166,0
7.0414313004914275,1.6778600305867497,7.35959019803195,1
0.14040632123223706,4.793612869850442,1.0603578759806576,0
9.878447676074753,9.258042603917458,7.723731077370296,1
0.3968651395923961,6.223145170960157,9.480837452747801,0
5.465005296476358,7.240594904541099,4.867171546095599,1
5.855655117472684,0.23491401158192926,9.793343960672807,0
6.340792221810695,9.728883211260253,0.9440033852282237,1
5.08312056826894,1.3117372655215542,3.5872452862265436,0
9.856764147755284,4.133076100840487,3.959673292624606,1
0.4990052927536981,1.4855783939243428,6.725528206034685,0
8.252487276907972,9.80144498972855,9.392329417135517,1
4.590040227489704,0.19789430833063282,4.284011694565088,0
0.4371621836509809,7.148299959022736,9.530194928093334,1
0.4958951320552152,4.121476492229074,7.843974193260598,0
6.6815375978398315,1.1090324122416129,5.312465781942653,1
2.4822925918601,0.7812567561224593,3.700963576587827,0
6.240803016413002,9.746834478583917,8.227320656705544,1
1.2863815767692355,0.28163609753353414,7.592362322417372,0
2.9968502216307433,7.560286356710963,4.006135513846923,1
1.17947682957816,0.0167499407382099,5.337097117512868,0
9.136999730901167,6.134427335030938,6.271912945576284,1
0.001503810808555217,1.1502807960773354,3.683432643678146,0
4.110087837148637,5.494572519173974,6.398291539559243,1
4.23018763418293,0.603938712493397,2.862766139163948,0
9.232393801200276,4.3762089411999385,6.278099516269031,1
3.7510141299823307,0.8924627034682198,4.985858788649463,0
7.594638594043187,1.511504764453302,1.711952773615818,1
3.5126349593570296,0.7965966509987554,0.3217089088584668,0
6.1913356412323,0.9894596464814098,1.4838953551695877,1
0.32474577933690907,1.2562224175887826,7.126897771616186,0
0.47554293231616307,9.809524049213444,6.38422334817243,1
2.3417580926270896,1.7518639955310866,9.762942865808434,0
2.858883878680828,7.1917001665178635,4.546231906286585,1
4.632150465449535,2.0554669993922934,9.516628537634972,0
6.394583400919815,4.052280525104782,4.385140917009186,1
5.6537908849742315,0.8692011440846348,6.454564902537542,0
5.989189866917287,3.345441510782494,9.068548298993514,1
1.0474854827767222,1.525468065803165,5.888892858237462,0
4.993294744204783,3.4177238897718167,1.928084747221367,1
0.10184999111731652,2.4078077846325376,8.474353888201575,0
3.2927882211506745,9.779331891052493,0.007266990280656582,1
1.2784881016904182,0.3735996350614057,6.834530622886044,0
4.461276154296798,3.660343179141469,1.0227735303949215,1
0.06773740742448187,0.2773502097814162,5.231652859821224,0
8.357063692402804,6.230921783639061,0.7107512099836855,1
6.280621845770293,0.0030653721113726995,0.1687765732910229,0
9.666066444882597,8.442527360701256,8.889232509645645,1
0.4266565437241543,5.331711001256049,1.1670404555174552,0
3.155908434566782,8.22576301171341,0.04891214783275033,1
1.13735060275717,5.1930268259706285,6.925947805409707,0
7.968912629599298,9.966290408968451,5.682174775507112,1
5.40159557107785,1.538031869501718,5.112201367466628,0
5.776058597580191,4.781171345106578,1.670319648584453,1
0.541300762443897,3.165721045203135,9.592876905305317,0
7.311042985282442,0.5831259847690784,5.379628914919071,1
3.0034418781363947,1.9453842922889464,4.430620543286949,0
5.726697581573001,3.285802025685609,0.7007694030832023,1
3.2724071153938583,1.8107992370685477,6.06817021438821,0
2.1924662186716573,4.878578440359675,7.30520702872745,1
3.440260592129478,2.615788478540556,3.900690741103329,0
6.378027120433184,9.26761136197114,5.7247381485023325,1
0.129402772629591,6.434368864569616,1.7210531223439973,0
3.5047038665549133,4.934376869786188,7.067345745006033,1
2.605620176323269,2.7404842679221,4.338776561656029,0
6.1036284902688465,8.77507924654258,5.940274431601962,1
2.352247481879938,4.639174423486503,3.3439049598119643,0
6.442419357714808,8.466251671559423,9.045852878729908,1
2.056558786158922,2.272353924061279,3.0418425833096796,0
7.313505482406292,4.355620985088634,7.015428561830826,1
2.9649097016052184,0.14614720515555124,4.836453641618805,0
9.394560179124195,0.2532633220456304,8.451184246110158,1
3.6126682956680733,1.9919071480051598,8.327631978128611,0
5.035141059239047,4.0221835433898265,0.7278304989232875,1
0.3504399745847253,0.9175484460432448,0.021782325955088666,0
1.5004428264856584,8.4454948346794,6.210661075880134,1
3.631214854098724,2.0151513124368705,1.7478877130070403,0
1.3373941274340873,8.020842826887446,4.78216136986743,1
5.503180383061267,1.193261389089345,0.6945752761946133,0
9.208591927772872,0.7685647915872529,1.902584407232143,1
0.6042629766441177,1.9222975212350135,6.103448635397801,0
5.363473283730771,2.6935274655900034,6.949268157229955,1
5.926549038633429,0.880500269296034,9.691243185508291,0
6.509428121267114,7.310060859393762,8.592659733128382,1
1.8730232982211725,4.740757745008791,4.8542597405416235,0
9.30967532572797,2.6202118844280853,8.124025081584712,1
6.1814095827087545,0.47430530757854195,3.386036750262292,0
9.668024850188633,8.826613406922585,5.674812846565112,1
1.9138935814886393,2.9405010967449052,5.34734109946715,0
7.439909887728533,1.151107045487726,9.177544728074384,1
2.7258800776898173,1.1664084046240897,5.103051171476589,0
8.532278234114884,2.597767488179467,4.040034344609759,1
3.44000885990569,1.1429768112828564,7.422027566274956,0
2.9497545938416927,7.4843172804215,2.69847187616026,1
3.838588355861746,1.4406019030878947,9.87500201173341,0
0.2960750665656109,8.07576643473514,0.46169695452446424,1
4.743149315909991,1.7541996596965548,2.345775913424153,0
5.2645325518779345,7.931332898155336,6.151297098740985,1
3.3313122503113233,2.329414172355244,8.677729268257634,0
1.9776114073697992,5.172215789933108,8.336702063047015,1
4.123645726203687,0.9351259710820614,9.834955123785775,0
0.09938385230199076,9.424344947671276,4.621620120672052,1
1.526434429682969,4.58026691832544,8.865180972974642,0
9.270067847489804,7.809171396208071,5.613596613774997,1
1.0954564537564748,5.538631814657798,6.95735028173654,0
0.6831468751150127,7.712115591828013,2.6595898914725136,1
4.938824657129352,1.489808967677504,8.426854305573912,0
7.343101497347094,3.872128540644427,0.17902218193430963,1
3.126668642147765,0.7629994632051162,6.339111208117176,0
7.0841899949168665,9.151695232300504,0.4637189464627711,1
2.329320322593386,3.6519397578720616,3.1929083101471556,0
8.274517024327494,5.204124310685608,2.2144732280894273,1
4.082047705046157,0.7141436966438719,4.009127323084788,0
1.6754064922844125,6.463167497812035,7.306220042616673,1
4.682269112657101,2.0939432142865435,2.780863407769709,0
3.6522975808848113,6.4578218077105785,0.6182213086310062,1
3.8562012959709415,1.4802934624802033,9.44954368666915,0
9.394692397340764,3.799676475420992,2.2881284672866107,1
0.19226256345041937,0.6559892271922085,0.9211699400236217,0
8.720031787161236,8.153145154178743,7.885508924724372,1
2.9442591652592576,2.644339828630371,7.822771643733395,0
4.858194004183264,2.4901690067649938,6.855068058840487,1
0.8980043677436733,1.826541733828273,9.959028845432593,0
1.6962090227893978,9.090506076078746,9.677265435014816,1
2.626456515920524,1.758215997013448,5.248278190377262,0
3.245996628318654,7.432129406113913,4.786581239052524,1
1.1142240670621806,3.649154523290039,6.960233142540155,0
6.277056636173689,6.815436504157773,3.9316615040961613,1
0.7222201323094601,0.6915139007142301,7.580639783549939,0
1.6160410142125703,6.291561652063442,2.357656600509107,1
3.760083972612792,0.33794317335105295,2.3682702366773567,0
9.400977637523189,1.7936689149066876,1.085705844184266,1
2.7542025436413153,1.755308378387871,7.818311826883816,0
2.279417647849723,9.079541252593241,4.188206982617767,1
1.3384950842568977,4.803191682350397,7.614111231660892,0
3.8090955055738296,6.496511366112047,6.242267978904175,1
0.9695807609048779,1.20507503961639,4.036816062633286,0
8.893977289762242,9.042670974229603,0.08123047091950553,1
0.6673307135339346,5.502675826254548,3.0687566409158773,0
3.789830413110945,7.844797386810023,6.578946323998183,1
4.220816967300554,2.390568969408884,0.06677226361860855,0
7.879273177119627,0.15611654854522428,9.531696437561404,1
3.7580221866405585,1.8587828536626294,3.511910058118878,0
8.199825696812276,4.608855367383945,0.1087947120886179,1
1.448006684225307,3.259312601244091,0.8768196182355836,0
9.585661107544535,9.104956189625174,8.786611200972521,1
2.8392987000796257,3.682153342682435,6.2450713923463965,0
2.354887536638363,4.770041487988435,5.6928865492071,1
0.012970503169400516,3.986190209512187,8.553650198579636,0
9.003024475226164,2.5277886428534946,1.332162517160571,1
0.4424079455943797,5.370332293031122,7.890738693061556,0
9.042885346449085,2.1078767617572924,0.25458097763114584,1
3.914949511059418,2.659941154532637,1.0119690363929223,0
0.668606748700058,7.131517980840856,0.6964525484696948,1
3.644622235585145,2.1133118601331224,5.438840560279873,0
3.785122022862024,8.736130074936066,6.19696441987892,1
1.4331545883766539,0.4419551194957827,3.9384645471780075,0
8.494267323948728,7.540991376779106,4.79741375610947,1
2.431181226616246,2.85315599955133,4.276825940320801,0
7.750602624758775,3.4842366813783867,8.50288131594316,1
2.7835564296024575,0.5839198281428171,9.396846091491252,0
8.530698061861244,6.951248505479409,0.46403490026523664,1
3.3523642315111823,0.3566226093763125,5.56155837645375,0
7.6090972835060775,3.7659474600821707,1.722492974052292,1
0.4031971282691127,1.6079682190640054,1.3240634638613358,0
8.797745721007132,4.927147538324036,5.616771527188963,1
0.7296841220548733,2.109193464676048,6.195663622431564,0
7.0704971024183125,5.322478029088877,0.541739911356306,1
1.8206680053493607,4.202805567020816,2.053617584267019,0
5.144381148622968,5.66390343967602,6.5310474025734155,1
1.7049166682019368,3.2221792412676376,0.4413780818978985,0
1.058650156652391,7.591643703550734,7.488755393831442,1
2.9541856777847144,1.3323043071569052,0.5122786488890974,0
0.6997875106882168,9.714316516592103,2.5791415347517086,1
4.1330767238155754,2.243251234723831,6.4609907092211145,0
4.716486751971126,2.8593539490262962,8.72293101773714,1
0.19377383377478852,3.0051181748252143,0.20672162768216262,0
8.387194910662528,4.215503877734813,2.4875230019221837,1
1.935059698474656,0.6026932943057672,7.8555447755451375,0
8.994566543551436,4.086805774228694,1.8210379745244198,1
0.2548102291980936,1.9452715158150224,9.166974149125464,0
8.906978163756316,3.7295532375353826,2.9887057810891804,1
2.2063950261845644,2.948931317672898,4.021777318327482,0
9.315711630704225,4.726306180364911,2.2920267373712577,1
1.4797611904615893,2.177178732475815,8.613083900711784,0
1.4288963858048642,6.169349704188018,2.029077638319645,1
2.0072014024813267,3.339272763631298,0.980365916611744,0
1.8751931673001931,5.2351554393459265,1.4924498962236055,1
1.4121565405818193,3.6152989581654307,3.4555542685736054,0
5.460750485695911,2.613079464954976,9.033250756690082,1
1.68798873482096,4.970171181447759,4.22956118263508,0
0.9796177402526407,7.2111852892004915,8.65516035762507,1
0.12119398988346464,0.3782784522452176,4.775600968218719,0
8.911123404844952,2.686742754454652,8.402849903572104,1
4.651061128997912,0.5412884710175236,1.5548873237384886,0
8.516924288024935,9.183971067658641,3.6613007177022414,1
2.985061790203092,0.8866340669486428,8.784021515976098,0
5.736796010912686,7.372911417342802,2.25198436528687,1
3.0873911332899704,0.08721297411568796,3.8483271245229056,0
5.878947474647243,9.540439139926326,9.843840381689828,1
0.9659279424515754,5.363772461611648,5.488759774796172,0
5.193759365789727,8.531584821014436,9.466293195722313,1
0.12811502166593325,5.331242784872043,0.9427316043540801,0
8.388038588814629,0.5713014855543663,6.156214350579001,1
2.4912415770850185,0.06197712056338234,9.19806755748755,0
1.467345994999375,8.430410859819851,7.6472026098548005,1
0.3812224927679875,4.885061669686367,5.251461378133656,0
6.602003727372155,9.880344432696582,3.840843014848203,1
2.814257838550728,1.8677080268554014,6.546466232037855,0
7.119115609530448,9.274745110157554,2.61712602005053,1
1.4924816818462905,0.394105054556555,8.577318496670825,0
1.2615388580056153,8.64392661010607,8.640674683261427,1
0.10095174765064718,2.7851061212292114,9.741305594883062,0
3.4969693000217728,4.554984278002555,2.2113880177724985,1
2.2404062817714046,3.7674289525697215,6.977085804379421,0
9.913710260601707,9.047111736671553,3.8562790741717667,1
3.8902314453248277,0.37600181564812596,0.11787739180724288,0
8.071922450885463,7.057527195301479,0.015561979296321304,1
4.511027753265111,0.04980905673753422,8.243926884444718,0
8.673296129309216,5.002389308425547,9.244561740566207,1
0.2753243942768835,2.799256787341325,8.117663950996238,0
9.85130302648835,5.270060151117548,2.525962896380215,1
2.8837833206850427,3.1808901905133222,3.698442246014255,0
4.03640221272776,5.447787254319155,0.40176373259916964,1
3.8653808205160267,3.0208804561488445,9.219763370334327,0
5.819907281404807,4.587242927095082,8.169073021819278,1
1.891511169716894,2.9421779709416485,2.7893121765987905,0
5.04858728623104,9.713470716842647,7.919904418762828,1
2.7309257611294324,3.8977614848977926,8.384785896604685,0
8.77769458627483,3.812880277129903,5.411617955795399,1
6.108018899406755,0.5446111574894696,2.971473995618096,0
1.7891509131097527,8.42035675322408,9.150979639464028,1
1.6892214839901831,4.154485609508135,6.062172562914766,0
4.658672858255014,4.739046973425855,6.918063887205457,1
6.3006049906195845,0.2639314439950968,7.168021936284159,0
6.24343754739019,4.317911252873432,3.361955169067575,1
3.425209707870845,2.456842284332131,6.085511222654155,0
6.419038102711344,7.436613125071872,2.180796877226511,1
2.1572405999137567,0.6069269294271096,7.088811297512585,0
8.440773646698968,8.20374108117662,8.752174755374764,1
1.3291503704971674,0.888200974927924,4.263184380032397,0
7.931619911033502,1.0159585852402564,4.460753271430037,1
3.9463264013733115,0.5659176286659251,0.1481571707718976,0
6.377717255629628,4.745044483562736,3.5698499325390975,1
0.19316431047833427,1.4493369165586734,3.4620823595630403,0
3.992102720217571,7.414286095348003,5.285898866187809,1
2.5744457837839763,1.3270751948521942,5.708960783950509,0
7.001210491473236,3.759404302777547,8.033251084614394,1
2.6129676092561036,2.6368708785576644,7.077085653371194,0
4.584015382722929,5.314077259378617,9.708185530551564,1
1.95724834684194,0.6514402647970641,4.489241981297175,0
8.966115447755378,0.31870450208407286,1.4748450722282958,1
1.1659202119486356,0.5980919503330806,2.241582449562668,0
4.600247908963356,4.017805475775137,0.8739308334893681,1
2.1669065247173314,1.846492162518495,6.596665366437541,0
9.418489703467511,6.8766859614929,8.194054977033032,1
1.8132699208515557,3.423041168720716,4.606828555330688,0
6.69619938622149,4.04115945772332,6.080691150842866,1
5.749056458422663,0.731114280170565,4.53055568559307,0
6.499134334785113,9.347548955954068,3.4940425265528283,1
4.209615093650169,0.4893394060473544,4.094289543725393,0
9.407348800664574,5.760246148450956,1.7232892786367604,1
0.7464923662461886,1.197312298877219,9.927172710592174,0
9.233950947632275,8.75205992223973,1.8621990008841927,1
0.3702137397206162,0.3145577950307288,8.121306038898034,0
9.252518951722115,2.2626331512117526,4.222407479193786,1
3.0410859917370594,0.2900934969501934,3.9198981463884905,0
4.799624318514972,7.928532882832405,2.4863459072548446,1
0.9887047839964258,4.484910108432332,3.0457161899335414,0
6.419483445457923,1.7255373468917745,6.771836994261349,1
3.290980423441857,1.301360781089077,0.5952142828823981,0
8.29230925147381,8.722395642271103,2.627566995415893,1
1.840430103530969,3.061624135269647,3.5155843381263487,0
7.9025705217004045,9.443850726035201,3.7444441553776597,1
4.55517322130162,0.0020694848206426197,8.621964596942178,0
6.877426969251496,1.5655885153393978,1.6783148472418763,1
3.278369850634232,0.6357574166648028,7.463862278717381,0
9.053939002176842,6.853602267351571,4.18584975092336,1
2.826820586764746,1.4751381329854552,5.0093657352287835,0
8.300138387275057,1.1052901054953346,4.83005031188643,1
2.938775360000893,0.5125256353600727,4.7034262584427555,0
9.745360622652123,6.175352056613011,9.065601172794947,1
2.8355720014750654,2.7235939034747547,9.433494900386794,0
3.74577296000298,4.608295373992604,1.4150384940175609,1
1.333347578550118,4.304095136360707,3.2564261788916737,0
5.077763447855582,2.503933499023442,2.9264526451191597,1
2.307660181511376,2.207735828462276,8.203054206076642,0
5.434836578212362,7.60154430659273,6.609470573176378,1
1.6852335984611877,3.479612466900152,1.0586803445028325,0
7.7176216912397635,9.743897847722247,6.427701974472181,1
1.2160651693961144,5.063493563373049,9.087721168803684,0
5.694954646106728,9.604976835456291,7.0768151300511475,1
0.3170774604767168,3.448411499719465,0.7398799426569735,0
3.9639142579031885,3.692066517941157,8.443939039846972,1
0.46872819214749395,3.7276736532227184,1.7928352179784057,0
4.885591656070686,5.62958496165657,9.622235482895821,1
4.152718681313649,1.121550331554787,5.839600845279777,0
8.291387576123917,0.34432299050248916,4.85379052411546,1
1.6174224961619288,3.1967975644496507,0.06227204998506264,0
8.772788135202104,6.119019153066004,2.6350231376397337,1
1.2155265842127538,1.7372424894954164,7.063085882114198,0
7.830704694619101,1.790887670004172,2.958403662256137,1
2.2779127608785488,2.182884920253856,8.32779154687269,0
7.655774595500188,5.2757474557282835,6.532517670898933,1
1.825387900339538,3.7666865536411853,0.23677019088988005,0
2.5473670251566616,8.28421413963168,4.330692623621754,1
0.2342707135716826,4.888273186595318,8.383399694730528,0
6.519715493648026,3.15542205069952,1.2597188679453042,1
4.287951528237243,0.9930771544245864,8.124265934068042,0
9.647857506962398,0.34675717592776434,5.507324685894167,1
5.049868531959209,0.7644866066198053,2.3198686894714617,0
5.515196778665552,4.524197456707688,6.220613543236235,1
2.964540672897554,1.632850267214332,5.687938174641619,0
9.281548359608536,9.579903410896799,4.6721635989421255,1
0.639844335824743,5.028864149288062,2.698062864972244,0
4.518048806925231,3.461686127110476,8.631708268399336,1
2.18081075833255,0.21875885223377023,7.584950295903025,0
6.973644833190856,7.919721184827661,4.123934993119523,1
1.7014208046699264,2.6223898164066686,8.581689152499013,0
6.406110058260279,3.3522998627454434,9.527243252256573,1
2.478231706561699,0.22997023187061982,5.532858272052183,0
9.918247487637737,7.400599084121319,3.6383514851694034,1
0.8160935281857262,4.3744613973973525,5.967588005099303,0
8.204461013212544,0.2055898020963587,9.597131726551765,1
3.6214643556309847,0.9954960284190839,1.5513417579888833,0
7.842070615918757,5.269841858401602,4.188704962553866,1
3.677280065772969,0.7618277560603925,2.260192083335447,0
2.8412207432484005,5.577209679548359,8.598698878195782,1
1.0450827333614876,5.813399709956638,4.585724103225069,0
7.38442577928883,8.832667376244585,9.63238158390045,1
2.2698835058532607,1.8636537129915187,1.8865358487002248,0
0.3650798842486036,9.478507456937834,7.624151918334886,1
5.445539084643315,0.7542379761193785,2.795433567068141,0
0.30802590513064443,9.858597970824256,9.39573570632062,1
0.9528787303329411,3.6527262542777486,0.1315773292702016,0
9.804555995734102,8.203548722837061,6.821466045747867,1
5.0863271580753535,0.9020505270287082,6.483601865107412,0
6.629584314900871,5.517326243148614,4.148711223481491,1
0.028745122595924544,2.7098764924068597,9.16632863162582,0
3.9817409463639084,5.1099585201814275,0.6342721104729387,1
0.9065767363377741,5.9478563097981905,6.775899254634384,0
9.770109413097295,1.3026561850456453,4.739271096448543,1
0.5361307361250212,3.2148237744684405,0.8291343438527821,0
6.571192323982044,4.132735428480096,1.338979465850394,1
2.702071102175041,1.0770604491084124,4.055103027852058,0
4.199900706124218,4.102480777796504,5.15170391237707,1
0.9617729867497304,1.6263060973877275,0.31235050071038883,0
6.2649373352243485,1.5322217358128287,1.7165407174702108,1
2.670375131827046,2.5806165520290083,4.156231569583312,0
7.655521754937645,4.426567756289389,5.894016227082392,1
0.15364315436883658,6.682368000372799,6.241946134580742,0
7.102950576567533,8.29111747606185,0.1226352777409434,1
1.2465768075652872,1.5587810704846505,8.459140427378152,0
8.551738301740428,7.342814779344135,3.356654495293637,1
1.8864442687836525,2.385836164708607,2.450218883132711,0
2.8069548934066955,7.1981927475572105,5.669887932850715,1
4.889692634539919,1.4089610288587817,1.829434687570226,0
5.559850547971865,8.77260286507805,6.880383941657521,1
0.9646863970054942,2.8060764718789164,4.006535196363624,0
9.921918303058195,4.1106785481653185,8.460556371517004,1
3.759979688422068,0.8540044724012041,9.312092189359735,0
8.715895415136453,4.170836585730189,3.62676640315179,1
0.6532899236296064,6.305357141042781,2.7709434692092594,0
5.744564336197896,6.672316463072009,6.937766540804727,1
2.020492307240426,4.251489356018373,6.450376484325936,0
6.473444844234689,6.115341845511547,2.9141537570037146,1
4.585691923229175,1.2839470969997802,1.0996903825257687,0
9.742569982662092,4.998767506118408,2.5713978671150617,1
1.5065854919740274,0.976725733378766,9.262833240031522,0
9.937020524022987,2.5776616510332087,3.608601912017618,1
3.1054869874682978,1.1897136602890068,0.39770638013072124,0
7.322299813308987,4.977441541320688,0.14894228579371616,1
3.2078786656129346,2.985307667580661,8.41430260060886,0
9.474922671099291,2.4132214039695112,7.753986686719786,1
1.191938579327374,5.028490191280661,4.119903754198203,0
3.828189934551199,8.258626758965935,5.7407321618514064,1
2.248758810782773,4.022372925076235,7.111479927298655,0
2.411779090129139,6.457123301855729,3.800792031372552,1
3.345903383334604,0.6366150320246544,9.394130890181735,0
5.203775830254964,9.773106727746566,4.3774977355731135,1
4.147200724090529,0.10588025444859261,1.9921798780977096,0
2.967237385559561,8.007267547167679,0.7228868695872015,1
2.30668656204963,2.4765199396114426,0.9103178832250736,0
9.436432807846018,1.6696349788476172,7.157093594540841,1
0.46738711611577055,6.413706702142447,9.688212984660657,0
5.845752026889178,5.617682766817249,7.332281074951944,1
1.1098966587297632,3.382780848820647,8.141704495913135,0
8.260735735832512,0.8591264894819517,8.224053397443804,1
4.113211793262312,1.2080915563068362,3.7975830654951848,0
6.074475579025003,1.1831354947073924,7.663105859832143,1
4.404688517663523,1.0408862858587398,7.298786779563366,0
8.490541600987214,5.335168440091273,7.321300728357139,1
1.9772297659509497,0.9922083474821775,7.5955889180746405,0
9.673941403563582,3.4092777019589837,8.889968633428168,1
1.2446804237521802,4.011865799120756,1.0312033743059446,0
6.12307191562572,2.398344739220861,3.800347837906247,1
2.030032314695527,0.15195031449017016,5.59249921523088,0
3.529096867093741,3.792679821869085,8.463664725425286,1
3.7477925326179906,2.995139185377301,0.2197287162501571,0
1.5790810282358148,9.490273364031784,5.966948048343728,1
0.33740132753912744,4.732135629424833,5.7530016757397915,0
9.035279820089782,1.7703348928160068,5.372738801846241,1
2.992275729189615,3.6124117956752677,0.9645488846471018,0
9.171785401794324,7.235878482164932,2.5401098136638813,1
3.1371608200871437,1.046418162713303,1.238170081953489,0
4.933524867371605,2.6470999531732833,8.736057531476808,1
0.05456305627060232,0.7165411743209404,7.240185645858443,0
7.43469161534378,0.3045403051828721,6.866031670986317,1
0.4684355398883233,6.4568767990339175,6.41712385653931,0
4.798715521412812,8.248991941392447,9.297069438816482,1
1.6275173734242099,3.2282351168966583,7.148912345476058,0
2.897981619846408,9.689438909698978,8.527291857024574,1
4.338643836110423,1.6321501073538602,5.108801923753742,0
7.720906039802353,3.2842304075371764,7.363884344935386,1
5.028492656497837,0.41772614925599694,8.317884078025997,0
2.3254959727691826,8.674680242548117,7.487302249418331,1
4.363940064419641,0.2907051110959957,0.7051961284634201,0
1.8295291419839488,9.582088279443221,3.0624153447410563,1
3.259893485871108,1.7438154535031036,7.817700436347414,0
4.4250603293286765,3.5013517067198077,7.364975153450813,1
2.2158279925018265,3.018893632281525,8.335173166632599,0
8.024177537413381,6.256556615883229,2.2369051111032845,1
0.4196278330026637,6.201737861431975,4.600784194183146,0
6.178588062408932,9.311409087372652,4.98288671614317,1
3.125047996437411,0.2553493101868609,8.801585226839038,0
7.012513837162718,6.210951088925183,0.16542249154113287,1
3.2676569304283145,2.3831528804654534,9.076723009098597,0
7.722622959414784,0.06085295259144807,8.511936632136756,1
2.0156383049194337,3.078913600855573,8.744769718648643,0
7.122514239804988,2.059158053162559,2.3141814894619683,1
4.326683418326164,0.45918420257892056,5.2457571479663,0
7.557864589910295,2.045661901892802,4.354394358089665,1
0.06972965493908467,3.7598757224191792,0.41192098527846,0
6.3837630722864755,6.518822746930998,7.647678458684112,1
0.6352224830965991,2.295569711115648,5.6687336038527185,0
5.2964952487741535,3.8211357711458573,2.958159927746624,1
0.30055016790528244,5.934967777107625,5.93544452200025,0
6.3114550184507685,3.1551494565666105,3.022001188089092,1
3.089885865600104,0.9917118259099256,3.6349754945442916,0
9.757602077156045,5.5709006100425364,7.826899725385765,1
0.3914072508003119,0.27843279861490267,5.332003173047277,0
3.0100269718061847,9.143845908986524,8.50937570764868,1
0.14767382925551353,6.034366894022371,0.5214644549144754,0
5.288356999933583,5.668743925899159,7.7687555776506105,1
3.297785957902893,3.5008627482882106,7.084772088084601,0
3.7121874531906816,4.471199704487696,0.7639928695276033,1
2.5986194359040415,2.3423540329197223,5.114888344165399,0
9.002079051323937,0.5035693347516557,3.00734221860305,1
1.5604059634335676,3.4787673828186083,5.827247062822513,0
8.27911042601539,4.916840276458344,0.9566664723066065,1
0.8403687393519965,3.364368616214591,0.47849071764956896,0
8.228805309340057,7.777013136599874,4.999643716654438,1
1.5353796692817334,2.6352789649707042,0.4728418130307299,0
9.059085478399949,2.026042333162951,5.715847303867606,1
1.506704037946014,1.4867378114284735,2.904599964724502,0
9.085813785449348,9.620895186886717,0.7927861483430854,1
2.4472739077553607,1.1960666338946646,0.34164048146521075,0
6.800467266581528,5.750454109530553,8.377912147170882,1
2.8327157889053947,2.832216929904694,5.2761038201410795,0
9.146766246824814,8.94149765674911,6.056327640020043,1
2.7163157576691677,3.6562928270563178,8.429051883557424,0
0.4526159318495948,9.957130483793144,9.927985609496327,1
2.7097608817364502,3.70974913566803,8.843665879313885,0
1.9175440734219251,6.785843703879654,7.781666863089062,1
0.4760201384429008,5.468287750449415,4.093799687140115,0
7.728574640510944,8.927481971533416,7.465105176469258,1
1.3008394579635507,3.123157422287787,1.7324134763848764,0
5.2889388860370845,3.7432825277113224,1.5900690861608435,1
2.6160065913574893,2.800169598903942,7.660889087526323,0
1.5461080317775122,7.888401631812706,2.543546393165199,1
1.680804640787752,0.004235700601437076,7.851876027755884,0
9.74582121964023,2.0720500541780806,3.2815304150105797,1
4.711672472958952,1.3901169750845477,8.234514950864352,0
3.2510117919047343,5.477399047939903,7.846377309508251,1
5.279000740864237,0.6482289186784873,1.7956225399329384,0
0.7561347804877927,8.41363043591418,0.6859415651737855,1
0.6049778785416948,4.826274288313134,4.198834539551753,0
1.842655704969035,6.895660742792513,4.552643711126565,1
5.068537387009609,0.6828588789263579,6.875126711572285,0
6.736873047792545,5.575799613548369,5.410710072637177,1
2.317577285050496,0.04238635216243347,4.99174498472973,0
7.412394350709875,1.8589367347562347,8.383494958466146,1
1.405962263781484,2.861343361244052,1.7427630317672937,0
9.528704147434837,1.8812532967253803,0.9059604140081523,1
3.3236754902001153,0.8903758281223251,3.685099399342613,0
0.01319024833384086,7.37967853926005,2.0149311892424926,1
2.930167043993844,1.3654249940921948,1.6336343789152485,0
7.580085253550257,6.271655563022158,5.2082659915709515,1
2.9255988310601646,4.0367547970729625,0.5831577902523011,0
3.975360756850849,9.492883642577137,8.279520523325342,1
1.8053015613825008,0.7473312717945224,0.25845310141497935,0
9.880076654045274,1.2649077866436464,6.9837826930971145,1
1.5322023708046628,1.8676002924793744,1.4755938663724333,0
8.060767288291345,8.425952998168947,6.609045325798055,1
0.3559157676969438,4.825810648964515,3.827010518540064,0
9.128546926150383,2.137030683257597,6.5992711896988325,1
2.9581502848000287,0.8136459054186451,7.689336065847417,0
4.550440854554836,7.180405738581084,3.7695149552615903,1
0.6494655155532347,2.5796549805418634,1.364067360093495,0
4.7359045176753,6.042470367403752,1.6220443535557028,1
5.470655762928628,0.37078266597236675,4.934154192944137,0
7.5315681872461395,3.488737826768915,2.2962039407454036,1
0.7563890363703973,0.9175939391691001,5.448334092507363,0
6.17643513898686,1.1232001213680753,0.889438649648947,1
6.575585991315914,0.20573595812578005,7.642609923485958,0
2.543906140777221,8.437143035743963,0.5655129177371743,1
0.30374846635656816,5.160443842998772,0.21745449338140377,0
9.104237402509757,5.5017601299696,2.537027008877547,1
0.0226419815826151,4.987864181716565,8.991621900633056,0
7.786409150285266,2.9101503653512273,3.4212596232780412,1
1.2710179571261992,0.12787094104480534,3.530924892172753,0
5.676751562620921,4.65092540114505,9.761286947382281,1
1.5488510100818498,5.41408598454905,5.577464433916671,0
8.407731078304737,1.269430074792468,4.9252817580209305,1
2.042245542808898,4.909353086897367,3.688460105329124,0
7.15043717779851,1.3601186921996067,2.4371008422508647,1
2.528396912811238,1.0912306422380647,8.493371919115164,0
6.111450545358492,5.158694900601192,4.023996114434274,1
1.4296605200450974,0.6915870456104567,1.8580979381369,0
1.365064616356808,5.807696310037333,5.3936669446422245,1
2.8669798314451955,0.37195925603640156,6.247817020201869,0
8.104086763389505,3.546239934613571,5.620410456936389,1
4.259935511474252,1.3568898286979791,4.704634398234121,0
9.698018003194976,8.468460811709216,7.767604614537719,1
2.2592649026523457,3.665033081119252,2.37277221392596,0
6.061125970608121,8.15386049739218,8.640917959212091,1
1.1284746001259771,5.120862684196474,5.243599459376701,0
9.372386100288917,2.1125119329092046,8.783796719738593,1
2.0467409340876106,0.17091252958985836,3.378675966045188,0
5.872626293025885,2.367904450642433,2.6564564081642383,1
2.43315107624443,0.7189115379287292,4.503939908833281,0
9.893339005811669,3.9667770647280487,6.888393994998875,1
3.873041255173092,2.747150526709883,7.7713600895463655,0
1.9279875717635175,9.299806402782133,8.069732007959905,1
1.0745578668845235,3.482654463926671,5.644816081422298,0
1.902269074976456,5.286553283137758,9.681470056740974,1
0.4041296778198511,1.6420331562435564,4.320457171821596,0
0.7487440244304,6.962625309504543,1.6562493034273762,1
2.518730347440954,0.50402531746647,0.21720139738790722,0
4.5844897005126,8.107306521110672,1.901413339460848,1
2.8719659531254282,1.032766714199852,1.2290065043449783,0
3.8006694053982724,9.408966978145163,7.33710360628533,1
1.1227480278026336,2.305514138695983,3.3311206272612006,0
5.697309254334905,5.493140198739593,7.106690541715514,1
0.1792085415625655,5.731551001517104,6.830448701444382,0
8.252404981774145,8.382978494043922,1.6199956202126764,1
5.956723711958078,0.9696702449667494,2.8592708097084762,0
5.987435122214507,5.424837380181563,6.3485661139507386,1
4.214090891431706,2.1767386065344727,8.773188259647437,0
6.076536589712097,9.523074324592304,4.787049891552408,1
1.0245610421905005,3.2059505602204252,2.4986687113797466,0
9.194539888274885,4.616000837323339,8.498852650966898,1
1.9530873636391188,4.266303276021233,9.919061864308654,0
5.350292167418901,8.17591462166961,9.199270370723095,1
4.419810217857459,0.271373780236861,2.6048689305858472,0
3.5532496856533404,6.508771546961617,9.737041177941647,1
1.3655553116663999,0.7634447504689945,8.835013689632524,0
9.426869714721722,7.940810408383966,3.686016775452947,1
1.7544510543550695,0.7011595751764288,1.993259903496305,0
7.111983691433997,2.258243475381513,3.3897770304334154,1
1.0384842420917295,5.7345008485861895,9.790812928656491,0
8.608886347822638,3.021346698878361,1.6934767381933202,1
4.605055579813328,0.314678304902285,5.250974071230563,0
3.9227100860703,4.240113420840387,9.133955226352885,1
5.87684065482014,0.1399592662567417,6.330099749126077,0
3.390115091226249,5.322388163671824,0.8949601299004706,1
3.9238305356059975,1.9969385777028992,2.8684290830152848,0
8.40228551007557,9.801866737032967,5.26867880370115,1
6.274963450126077,0.5273957771693005,8.866081812860056,0
4.810884330898731,5.655310878117835,2.93087827474106,1
0.006331753085918601,1.029358263262521,3.573990420739337,0
6.85772758910542,4.162737171439579,7.044614482551602,1
4.4283667272052805,1.7147483589674095,2.1115014464883695,0
9.545853023271807,1.2591204169376713,8.854325157294051,1
3.6454174984415175,0.3438906014664844,9.604338459120651,0
9.08838342063514,7.0725333573405536,3.895081263547887,1
2.482748895422878,1.0745735561559966,2.293978476310289,0
4.859145870822017,2.8590470744823024,8.738656819833473,1
1.4007811082917698,2.167374756087969,0.49709545036529135,0
8.20439123176545,9.051090877555666,3.009464013021544,1
2.5682077897793407,1.3410318960072753,0.22390470107642613,0
4.960550028736588,4.11005184353175,1.5075383364920603,1
1.9674333388165133,0.5381410985839463,3.1642515704169183,0
3.7187545651744025,6.777268097949066,1.1559794659931766,1
2.8815538549465836,0.0672038217046167,0.0764785633761722,0
6.008709916733773,7.177074194328815,1.017707800866482,1
0.43209367210529703,2.472740912456067,9.14729185734069,0
9.397630103523136,4.8038147189119265,2.185775949361207,1
4.300904452728895,0.253144606698521,6.473676295877101,0
6.600757037103845,3.3528145867090875,5.418424753791008,1
2.8170009840199395,1.6792734381428887,2.5456327426620784,0
9.594119553467502,5.9733804432475255,0.060855064445983764,1
2.312945071108392,3.349776732516996,3.396895709479396,0
6.771912032194693,9.817901862112869,7.391352717926637,1
0.926580739290398,2.2278070548619064,6.428472179760995,0
3.101580231184191,6.458829188239985,8.035511740294597,1
0.09750227748583806,3.0447714346951695,5.511128406346623,0
7.839259467849993,9.223763423547176,6.1280773284378025,1
2.7073878901080803,1.3182467670539566,3.0155395363360804,0
6.6926941709087036,4.003410564954434,5.422451428286198,1
2.324472481464924,2.2904240557391455,1.5017956727892823,0
8.998898578536181,5.2216288172517515,6.182678513823177,1
1.033408509290159,0.9840529831930989,9.597770216776176,0
9.70880472845242,3.9227415448936287,3.2083509098728245,1
5.035427244704777,1.7811521339543124,8.500844633193914,0
5.866066439207048,1.599601265766496,3.3780934119515296,1
0.5058857605246037,4.528289816258292,0.9053391953592249,0
7.663227900912197,1.1326313517804543,9.608985956902211,1
1.1712620280318853,1.8071775620897212,6.069290552769341,0
6.3882417793594835,4.79960891487713,8.632798906813646,1
2.80569312262682,3.5158517610950635,4.547060998591767,0
2.3843712684091187,5.675821057248038,8.657052549063287,1
0.23348009405006476,3.4967957661201368,6.549991840599971,0
6.686122145882427,1.1661347744930828,9.1838795936172,1
0.8452742181841022,4.308478684512477,3.852370517834575,0
2.4688916899071236,5.959887094575026,6.334746940449496,1
1.227006804473455,0.6777611188130528,3.288692751919652,0
7.088711855128365,8.016851123672303,6.459190134985975,1
5.387080642267852,1.5628035232268012,9.378948926502762,0
7.142934933660064,0.6607659237261754,7.740659836036754,1
1.6951064558368778,4.884871270813135,8.219180207309781,0
9.319102409675544,1.5612787250243043,7.164277284987307,1
1.625356515114753,3.409321217625113,4.107481654439483,0
9.326728202232022,2.191523569430184,9.606075243446526,1
6.293533241466113,0.5057691711039181,2.2276604742393857,0
4.177554438457031,9.034187865252747,8.063009154182705,1
1.2092097113635347,4.520222540036803,1.793786500900082,0
6.929167257825725,2.480484400558718,3.018778890234125,1
4.359975001821644,2.0178580436905778,1.928131719632773,0
2.477152058513682,6.0127988034225055,2.070745044844543,1
0.22009609699198296,4.3702605523155835,5.118736410316494,0
9.83203604860409,5.661503667062167,4.138709137131185,1
0.8733553160492413,0.8857830168943404,0.334174871498526,0
5.2667164752890905,8.292111374675134,3.6685730118583306,1
2.2699033781474984,3.5725370635423106,3.2840209810606655,0
1.9549846832984252,5.324299665949655,3.7411673906765164,1
2.068702576904997,0.6607917061388091,3.967544598692243,0
3.985401820742945,5.146810446243972,5.727515175700213,1
5.376498887759461,1.0600488246873696,9.3471516142084,0
2.912939348627349,9.358823594566271,4.563174375589317,1
6.131131786693702,0.7904725445508298,4.223100719596102,0
5.176431810208654,6.131053807764321,7.078186840820702,1
1.4216233201626582,0.7721587636009242,0.02930881860015111,0
4.068263659890513,7.752238164461849,6.567812505720979,1
3.9305549243440154,2.443766585387791,3.4944341737745246,0
1.8239693611061025,9.301512355502792,2.318661715346939,1
1.3625264916967494,4.0126138514043745,5.658130951791897,0
9.784424249689657,1.3066022287445256,1.6431073447184152,1
6.419541624683257,0.39267526043561096,2.758644595386739,0
7.501944428065078,4.965762984020078,9.98210628516787,1
1.250469801638412,4.8323694130621,4.4529433317105624,0
7.390473273972884,3.370201032728548,6.564287972463839,1
1.8114004688467866,0.25297373856752126,1.10443629302712,0
8.68581857925349,1.4773771607306485,4.6099990299218145,1
3.7477366198952176,1.8406007399949142,1.1019335589578483,0
9.523270631995965,9.646802635361716,5.158902960517162,1
0.4126243316248135,3.365258657706219,2.9475289205307273,0
4.38163274396487,8.142350185370866,3.239078077626316,1
0.918465119354569,4.191848464959335,5.622619532806205,0
9.41178177637106,6.816076695892851,6.0951591519587165,1
2.151689589679254,2.254488554384657,3.9427648107412336,0
3.5134682276021656,7.537433120680581,8.817538853927067,1
0.053632761427050424,1.1904661267627192,7.9072293325926815,0
4.0599664376081614,6.809352864406968,1.9874070491041873,1
2.015292093971661,0.6488996923821011,4.497942184886807,0
7.606291834706315,7.817897903881885,3.440309409839457,1
0.7595907522886691,3.7716828069946926,5.733099332042782,0
3.5610824679544173,8.192761480586796,5.117867028343176,1
1.9555604923928516,2.906343584162858,0.4351123243060284,0
7.537536008049095,7.294159692741273,8.655801151399123,1
0.8977781090074044,3.0765677574331884,3.083187452384053,0
5.56937411397443,5.032873231325624,4.6005705779281545,1
1.82396423779828,4.401544623991175,8.296597578605287,0
8.847027487140622,5.665619362273915,6.571680963957189,1
3.461449394182462,2.532462573545379,9.34873349302298,0
4.097474574670842,8.233153417405125,5.152597105596881,1
0.7483134447375117,4.010302394042764,8.586255241253674,0
5.423073881051861,8.228607468192273,5.763836679929532,1
0.471555567076114,2.8301202842448436,7.920115414358521,0
8.65458682521074,3.823268523318032,6.652689077560975,1
4.35503086908607,0.8982933507658808,3.6733896675129927,0
4.797008501643422,3.429066262451358,7.690167948310811,1
0.1116648125450459,1.7982460680896328,3.261642529201383,0
5.207779961540844,9.819423368641777,6.222657670208015,1
2.380629100310241,1.6514506064924384,5.80576791069424,0
2.422850878744484,5.2463577456202355,7.646531495028456,1
1.3145937212966863,0.6599488604289017,9.297590825913412,0
4.09120819321405,7.734856548513942,3.471733556762394,1
3.833689199321234,2.8763942350975755,7.353145134445792,0
4.41184132968695,3.4134748637695598,6.282104751259658,1
5.4977037892269385,0.9952989216286523,9.017245469961923,0
9.961115105691668,3.6768405711493237,8.482497996505025,1
1.18497167385899,1.8851860435154433,2.0341215875450223,0
4.326117149306425,7.596907792329096,8.124926749113047,1
3.5467575205335846,1.8238658716871226,7.455299460416781,0
3.888976481145905,4.711848511905746,0.34294284251402574,1
2.0867287795238942,1.8576915906463454,5.083976837972331,0
7.224149605651445,5.742435616121407,0.45331563972020317,1
3.0390764242229737,1.5289842946713161,0.8093962133493326,0
9.286691721126566,7.295754485675316,8.81936695101299,1
1.776322926751167,3.0066958475919336,1.9846664491566324,0
2.7224831449651745,5.892487250425459,4.824086668536848,1
2.3365057755247456,0.8215143539498648,0.5222015004896119,0
4.825896115748213,6.39381712919244,9.265523388508774,1
0.8090005715162174,5.064968203450274,9.233114821835638,0
0.6529483370882472,8.245719367514079,4.666082272260979,1
2.128097638906481,2.7904463345916994,9.32345236241767,0
2.003479483445809,5.280955210995007,0.7279402537058166,1
0.26044877484202145,0.8450761726643818,4.648849868856625,0
5.786200040345381,3.570715952051967,5.323077008425122,1
3.328165882737719,3.6668946553908532,6.359442764393698,0
7.24506938454232,4.505234883430872,6.968909100216374,1
3.052756619819974,1.436939933345327,0.37358176811850496,0
6.771021953666807,1.7038694634089602,3.2094172011875175,1
0.6756373151451989,4.991240641848743,8.833706719328951,0
7.520508171424378,5.655417636688361,0.25259479879783275,1
1.014793906100434,2.1482298884492512,8.967110687834808,0
5.361156701786035,5.741838503075857,4.041757462703638,1
4.617635747804984,0.9126267426689838,7.047996792525343,0
9.327200039841248,3.327663208346893,3.955373771022632,1
3.5147751472783617,0.09799245367924869,4.919335923105512,0
4.142796388120475,7.262158609655879,1.0933824325462427,1
1.3916122480801696,4.469947986632312,1.7997632331927838,0
3.5433821283436826,5.061337194734731,8.898268411460155,1
2.0184996328575977,0.610883976794151,7.6765397962181625,0
2.014192489915895,8.483146295444854,5.572909557924777,1
0.8028142149539652,2.5909064057593003,9.142850388527947,0
1.866538806485254,8.959587620412483,0.09660457597822192,1
3.9987630099131675,0.8736641498549369,9.836826057569873,0
5.027135900057903,3.304913147227336,6.751771123768781,1
1.752661309820338,1.715791234608458,4.159104193107971,0
1.9169034006127406,9.696987166557333,6.001646394513687,1
1.1124472551837894,2.7003770160860796,3.7172427810170117,0
6.923848972346755,1.5213291219632685,6.808278460974302,1
0.060779108892039524,4.860570217564487,7.134666556507202,0
8.143034671841942,4.473478074743583,6.341328097878048,1
0.28587869517106124,4.426467044478192,2.2083910608199853,0
3.729936526276333,7.451974485660133,1.9250094034630716,1
0.02282781162639691,1.135119848000239,2.8243607719932884,0
4.766340426387648,3.318166016841623,9.79355768621287,1
5.993996789479702,0.2788505077476777,7.915472244460817,0
7.133096972433338,7.994100048496902,8.74895197737157,1
0.5125430528338282,5.390089412397948,4.023324457238328,0
9.55056306181299,0.5313428636176831,4.568161186720761,1
0.7254656066691989,2.4534730585209283,4.474987008242691,0
8.086452605046501,8.581504404234543,6.280329261554833,1
0.18199774795820578,1.3750093158093268,2.5194594084729927,0
4.835101432193211,4.726751738517466,0.48373137939464295,1
1.7463515276475527,0.5964039701453183,4.430964245152044,0
0.5545647956565658,9.106925705422107,1.7506280673451124,1
5.60411889219523,0.21547908490779366,7.334967464757782,0
0.42892202758199605,8.895077858612089,7.335482427675773,1
0.3420162953118411,6.056794823638222,6.702630347910905,0
4.671216028651663,7.031042738679554,6.621229019276722,1
3.4706913298301267,2.173409082732963,7.375099372888396,0
5.547952966317392,6.366876616772188,0.13481520873625086,1
3.2668143401639926,2.5651358926276933,3.799107799217727,0
4.21478410067356,4.81150282029355,1.0809368521243534,1
1.3308152840288467,3.4674942668709385,6.632652167309332,0
3.848974547014584,7.789641449549022,1.8266523894296027,1
5.6421360665304485,0.3531218793192936,9.100543944008813,0
5.9633297551123405,8.340817811879674,9.347647085989102,1
2.167247844259613,1.2174006843613072,7.402876475384629,0
0.11002652632289167,9.1095359899098,8.373414030450618,1
2.6275121829430113,3.8596501035488573,6.303846691899264,0
4.057681064532378,5.756705904687349,3.051843213283586,1
1.1623700099638223,3.908001023173273,2.948555116117244,0
4.7266368660601525,3.5670666091652037,5.7571953268045135,1
0.979303665974437,4.159030710846462,5.489743441715106,0
8.732494098334415,5.1456718618986415,9.160058165625045,1
5.298198835678896,1.350156863135329,1.0702768602060475,0
8.505548427749236,4.1934278593337115,4.967672998784815,1
1.974400876982354,3.7500061926856976,8.524479981282804,0
9.395438506499191,2.1007806338304613,0.4489255103242207,1
0.6058843103417733,1.8962343024487283,6.963304007996475,0
5.500743368016487,5.564771699618241,7.918679336233639,1
1.6803446665927446,0.8900832332708863,9.515397401212137,0
1.5291026461544666,8.560277321346693,8.879511531544207,1
1.075134119508333,1.4128292009552723,7.682875106318178,0
9.1161710655645,3.6250918126649925,7.78712281424879,1
3.807452730430696,0.6288325666973449,3.309202723571837,0
3.5605773451653433,9.090499802769969,3.1270885326115314,1
0.8967890909219489,1.2724655554966147,1.2555295416311318,0
6.3262673121684845,3.1537870855509897,4.429167428946475,1
2.06337893231886,1.7664178101390782,5.212251026979997,0
9.58643866147211,5.835418549903293,2.5636976050986515,1
0.8640669406996204,2.9135447308809037,4.8593708678649765,0
3.562968554509945,4.008686495103766,7.4346248781156365,1
4.0437170341458994,0.7472943068168802,9.185763644149217,0
5.085591188459704,4.248577720690726,2.834053490337962,1
0.37906430196787966,3.6969241586519495,8.209562782784339,0
2.1805835377624216,5.140420499362622,1.6934890456648244,1
0.8425059633002896,3.634390495973858,4.200056476114514,0
3.133895705493087,5.105084203323777,1.1131434535872076,1
1.7791209701778798,5.080689444976461,0.5617550595655529,0
8.07927453782989,1.3803654898005457,6.199329547190616,1
3.408728187802904,2.5795039518464513,6.566303846548918,0
7.359361147500479,3.2203573702964405,6.6142929743611205,1
1.1883113111765808,2.907309634491979,0.42133338494223516,0
7.008030873844872,9.866792224747694,4.396190902954046,1
6.259962394368742,0.6487109101069444,3.922111162955556,0
7.2415269334764245,9.874474841781222,7.637323355404204,1
0.057785310362222786,6.829221729540417,4.76803139284652,0
9.148122562594903,4.64662455266151,8.824338438912683,1
5.092820652122576,0.31733714655089895,0.9352013599639541,0
9.579911554269938,0.07161283399581664,4.127221347912777,1
1.043689478222275,3.8514753370581003,5.923650719845005,0
4.802182802415845,5.247874175325151,3.9342634976710364,1
5.356280961590679,1.4937808411306441,9.166733293469516,0
9.966761035200797,0.1060222483195361,3.994264893381665,1
2.296109105050234,3.0344055888030894,0.5404476609731601,0
8.307063108157795,2.5297031110964396,0.3269367980937532,1
3.2829072198284024,0.21793444191108624,2.385383781496959,0
9.571251490442307,5.4143347894610425,3.2365693788645986,1
1.1478128003626353,1.6448986176079183,4.911717886703536,0
2.958968714163391,5.0744340055572055,8.036826662107465,1
1.1857330522942777,3.439371128174309,5.275203284043888,0
6.010351355728448,8.987206257145884,2.5720410937472638,1
2.9817155719156805,3.506015355857195,8.530214610870523,0
2.8903963754742557,6.498351981479872,9.239082883270592,1
2.680013507716983,2.969222195422226,7.622685209547359,0
9.59225899519261,9.64166011308401,4.318828979205223,1
3.786670519944595,0.45752737651417075,4.7074002597922515,0
9.19619601200659,1.8491153455803389,5.045681070802905,1
5.841092333492024,0.7777803032351427,6.568850293264391,0
8.570876621899329,8.690623369824934,2.9295212912264637,1
5.439451905602618,0.3601277935182956,9.691770443496718,0
5.374536136111438,6.306085159336683,9.189611510430254,1
1.193993383710641,1.6284310232058496,3.431550209106989,0
5.446083200300492,2.531401939415635,1.2782224972230893,1
4.703965541015207,1.6441547716438032,1.3367238901593759,0
6.229280238945605,5.404113875006946,8.433176690812644,1
3.051293823951374,0.2394927581292028,8.304500737639586,0
2.2006762450115946,9.024287798888484,4.777404075327957,1
0.6601135823534832,1.8895640415855874,3.9899730777228704,0
1.4624362280767,9.044593844037756,3.648195254035178,1
1.0479931401508236,5.014043151577331,5.723206186152864,0
5.8394717787187105,5.943860121744954,6.11281737051367,1
2.5714865837358483,3.202096955132241,8.610651149786241,0
2.434473654714888,9.53246969231018,2.429591741483165,1
3.3839224318951633,2.8976150688399063,1.8690589786869283,0
7.247589673877029,3.95889981640026,5.981372548804524,1
0.009564403118481613,2.197646551181993,9.497079231424603,0
7.639654865308236,4.533209200307228,0.47563271728359613,1
3.1080290168142986,1.815184434657412,8.024872248374768,0
4.394615232579934,8.217685558801328,9.773307771296208,1
0.6367568447560878,2.809387379899315,8.426354791281343,0
8.329060017449493,9.505414497952238,5.154262271641587,1
0.9519865272229278,3.4572004528230718,2.5839744045772104,0
7.890994179066251,1.762009021932921,0.1809590835179098,1
0.4330332413802629,1.902258985973856,0.21860670682239514,0
3.7215629862397757,7.691314696862413,7.830848759498034,1
1.5034249644376407,3.9233352616944406,9.231697902649419,0
3.100765784595466,4.8832215221350515,0.9453741577766095,1
1.3968861422298795,4.917389650996332,4.965098490815043,0
9.147011337433806,5.533166047818413,3.141145936822818,1
5.459031217318378,0.4261075823091276,6.034159110537333,0
8.258337867830814,8.320681850676934,7.914775750781326,1
3.0896287213772835,2.1735385153759523,0.9183412752173703,0
0.8178594425868446,9.968217972855735,9.296026857932723,1
0.7599917413868806,0.2845681443811632,6.59996587989964,0
5.900935076287633,4.905948461763364,0.4432688456961853,1
2.3085485790779736,0.27076550629064333,6.826571013610164,0
9.998140130955758,2.9949411157756725,9.245569124072265,1
6.773990621594339,0.19726677183054098,7.248986168178807,0
4.192834509767169,6.618547796788393,5.837418262313104,1
0.6184445494269819,3.9543483553944725,5.7491421916904075,0
9.761907513638006,4.214185609306153,5.960853480018532,1
0.7609786764699211,2.98040589582948,4.738663597775259,0
3.3886655837964774,8.320724253478302,5.981618724163989,1
6.6110642561159665,0.3633408703350638,5.212701975646947,0
5.418990807711333,4.064628715037354,7.157890319241993,1
0.36495821048145305,2.232357398148749,4.127155458962768,0
6.604949394406331,8.887298649452799,4.145232774251798,1
3.3000397992174966,1.0356359552309224,9.694854843450543,0
5.821170369069021,2.1437761166710914,8.575214521061788,1
1.2600602364133129,3.138672197179355,0.8847530046722374,0
5.612276492923826,8.779611604117,8.625992793538149,1
0.5098135792882075,2.4220095148541807,9.19278767945795,0
5.525921733155683,2.7928341944090596,8.965247318095955,1
0.24670531227168002,2.8968022825053676,5.330799849526887,0
8.91026957756653,5.720849311765334,4.928467642237864,1
0.7749478176465785,0.6047963388260957,9.7824735683268,0
9.537680521458507,3.3527391891930813,1.5970983434489328,1
0.6466060090760295,0.5408405541467953,1.7673167280416602,0
9.972291544834928,1.3152616288933883,0.2823977229599628,1
2.4220259148897028,0.42883796282926046,3.224934098855111,0
8.73752576467726,5.356108327934256,3.5458205102376636,1
0.6006276989926962,5.967938631630933,3.3751019147099317,0
9.254539332234819,7.220571509285902,4.427390444677376,1
3.2481231078779604,0.493607450911,7.469114317388852,0
7.943851447680824,3.948889921525952,4.059353444973489,1
0.18864365962462437,1.075580434699026,0.07624467244879973,0
7.344293841325077,4.938078487324179,5.611656737828578,1
5.10628165217318,0.2565995868211446,1.6583200467079495,0
0.6362566664206348,7.19017627779193,8.531337473731437,1
2.6547425893951915,3.033646782113718,2.8601842196548577,0
6.459684356457863,9.775692489662262,8.152395384853236,1
0.5855812694502105,0.19524112985596864,3.9717530397570053,0
1.4862035297832688,5.563179328506969,1.4138053663995853,1
5.851945486954833,0.4899300780346605,2.27131910410188,0
6.417432413609545,8.373225384568613,3.5921232741417453,1
5.602559364610555,0.5136094288365844,6.474500424601822,0
5.6514293788917636,3.2813031053822894,5.83350632258213,1
1.8710655348177907,5.011890896793757,1.3999704124155954,0
7.956551046234212,7.322923127362932,0.6345049477348519,1
1.7227678383372202,1.036623705420272,2.098000635957238,0
8.075667563643805,8.347132211499707,8.012981711105153,1
0.09241772667372694,2.297707028647359,2.273687695287574,0
3.013167426510237,4.157453911245731,8.80180902026423,1
3.052608343118534,1.737201487456126,0.12743719801931674,0
6.040684652416078,1.311843254960362,3.6647022898838975,1
1.4145297138814616,1.802370196062083,5.828932353256815,0
3.098393519432323,9.935222515710525,2.778211711241699,1
2.2538104220245794,4.522775390072925,8.926595136483177,0
8.361675278835612,1.743976154127147,6.967688381792075,1
2.2929134284058525,1.1811399709099457,0.9065680013040311,0
2.2012836018420288,7.4245649357460985,3.945751618515423,1
0.14739468191611538,2.015882565315621,7.17318784044355,0
5.330385919565575,5.573066366317435,3.750447762149162,1
5.03900305454895,1.6208821988986277,2.480558419881537,0
6.056825148225331,2.563181338187821,0.40713916866601085,1
0.18336638311006292,5.614300662641279,0.902630741469308,0
4.3299239122709565,4.203772573557988,6.665932245153679,1
1.4178650232235768,4.650935336968116,0.028268445745950332,0
9.66044676435844,9.829738420066471,0.16555442103573292,1
3.9248257607345782,2.4855469396119334,9.634670531586089,0
2.4053387411572915,7.60412055785597,8.95851215161808,1
0.354934099508889,2.1841267686586052,2.932490660452057,0
1.154902819762309,8.022863278686783,5.250888988863696,1
4.804113667987538,1.3588878175149843,8.58150123337789,0
7.674011443565746,2.776762388529087,9.895766492019574,1
3.133065244195171,2.2541054056622887,1.4002596759707997,0
8.773816337390146,9.861308222631017,3.6002173730403753,1
4.559137536919979,0.42253784582823695,9.61472378005593,0
3.332895010718251,5.000320786225128,0.35910119312667854,1
2.3514000922957576,4.0144328951568555,2.793076745166385,0
0.6928554166858136,9.15890242006119,3.3341786780819294,1
1.0689677242524942,5.891081867260457,9.616870232254314,0
3.7619374562690364,5.890097924914752,9.970285544209498,1
0.038732828111507356,1.3349040661587985,5.862639652734986,0
1.908397695719456,8.90377994839315,1.1815057626698644,1
0.6791631623635797,3.6630354731517945,8.177576915335438,0
6.445352800996557,9.002789672249584,2.420975957521706,1
0.4695884824657792,2.1984537312181427,9.064558958841548,0
9.113849835017469,6.029677738786898,7.972327389260546,1
0.3544510121926747,0.2309560780535702,8.45394958990246,0
9.265089397608197,1.9719360310049694,7.37612173469643,1
0.6717061507619138,0.18508253868771418,3.4157309021386206,0
7.971924312832769,6.694233208436323,8.975313058250741,1
0.01640391058045365,6.209885114947724,7.877432956173934,0
5.090996420238768,7.625274462359304,2.8859115678572547,1
5.764065997928471,0.058924451810346,8.222799198266665,0
5.961835542318691,8.087818543115633,7.254179809328216,1
0.17761991462166615,3.276941511812667,9.640583119989696,0
2.789238276520866,5.819213318951132,2.5196105745326847,1
6.4649988079500105,0.14565344851057205,9.117343510725055,0
5.847385156621703,3.594131391703935,8.085756023621041,1
5.114387344216023,0.637111231890809,8.059660077816819,0
4.307634386452424,4.508750973214825,7.101751014907249,1
2.255884396226117,3.4263217805236144,3.6872716411314754,0
9.896084341502473,6.607446467414859,3.8234006772373705,1
2.0851746296870974,4.634659501494714,4.0385130372128675,0
7.844630117136752,9.21400272154875,7.288146861282963,1
1.248717735868461,3.104330832474581,9.967295286370385,0
7.672750354826005,2.856369128594678,7.495561777910723,1
0.6000967862964657,5.10079425957063,8.881346044024848,0
3.062086948527243,7.94651205246876,0.14598669922876284,1
4.671565040634812,2.0717595100625905,9.1384014413561,0
4.108504457792708,8.28047923269404,9.166281326892118,1
3.3014245967262337,0.27481042057434957,7.801946330250359,0
6.491350239037116,5.814854356770283,5.751339251453419,1
1.0831664034143185,0.9625839823200277,3.799519328925066,0
9.39479650213342,6.7326582408794176,5.990387853084803,1
0.2171980802783524,5.316345294205981,8.628466737680212,0
7.995855857140782,7.243258499718572,4.8285863288764865,1
0.5537278055786943,2.964559709814054,3.282406175346282,0
6.033791374164846,3.077136913011138,2.8775691700326,1
1.680845074202253,2.518601367042473,3.532347095496621,0
2.869183533561003,8.835596994767235,7.723096517655305,1
0.19458720570559418,0.9646969098800384,3.247908245913693,0
9.012072494278282,5.73856686839882,2.1328304479486238,1
4.795113646581779,1.3500845469616163,8.660944152440281,0
9.0816498090373,9.726330053403881,1.362659229515809,1
3.877920423495327,1.040018782375357,7.066755295422206,0
2.7068066557736428,9.716791752320267,0.9011254884937181,1
3.2031745149207156,0.07498242463000793,3.885245626582833,0
0.16310493875778764,7.600781990276248,7.292332762494026,1
5.343132493806283,1.6441442722925625,9.311248507402423,0
6.724180429702482,1.5589027798109611,1.0451833439683222,1
1.9015193254520824,0.32743158253421445,9.479693835592384,0
7.970280472027557,6.2014725272679865,3.4667228782918724,1
2.900476469107537,2.043502627760775,9.174448441659262,0
8.942218150321025,4.764924548862263,4.8788854864338616,1
4.881715915062987,1.7787183522763472,0.07209024151803911,0
5.9591909902435445,4.4748754287326475,4.316729208936241,1
2.4417732076563348,4.223193852868267,1.3952304151656503,0
0.4772589548813666,8.645841998157373,1.1255208721707888,1
3.610438665736664,0.3394886169069167,5.5909930285484135,0
1.5780011918712078,6.495805920365934,4.490383541716003,1
1.5545115722775538,5.411576646982164,5.607803140425097,0
7.025975880892595,8.82436591757428,7.345800999414703,1
0.05451563959181782,1.9503353059398598,4.480491442623741,0
6.096982622402477,6.1098057198245606,8.72725611062607,1
2.0901511147580623,0.08129727281539822,6.498067336721727,0
2.998122873918283,5.345012360174289,8.595083216180669,1
3.1494518744366506,3.5601753806520553,6.865022847057754,0
8.392731912965765,3.650611594379943,5.802817207626677,1
3.55823769761769,2.6662015847719056,7.781364533085756,0
8.851678081242458,0.3379425111198353,9.245213448340131,1
1.2087056481486291,4.907083460292472,5.445758317686772,0
6.260680733360261,3.161842672444145,0.6130101122197484,1
1.6837358123527146,4.180120932733199,3.646974265420766,0
8.845679953909492,3.778423434336661,8.862814123413596,1
1.1736806960413182,2.7291741528306854,8.493297734715465,0
4.6859980300557496,9.997224972279925,5.270479163031658,1
0.07174033517728384,5.248912560794336,2.045218904721543,0
1.8249010242395147,6.052088930662159,1.1520438506920117,1
0.6941751164701682,4.068405981483931,5.986439305759145,0
1.3832067590270603,7.438784077321015,3.9919068221175955,1
0.029230711208823035,5.928149302012805,9.864728315096125,0
3.321827053336671,3.7556337255868844,4.185546875476992,1
6.132088710353361,0.5547522710943964,8.83905806324923,0
7.117834306940715,9.387953132638927,6.948680949168886,1
3.443469952596768,3.4642043545508794,1.4446172469026275,0
3.8486588378488773,8.166095621320972,9.790740579819193,1
5.978684013621853,0.9742153737580495,1.1869126999292279,0
5.887218140090177,3.732658420331292,6.047195613517427,1
2.5877901416384166,2.130439742064291,7.499221427569543,0
9.427781346960302,1.7461337053817738,2.728423650158872,1
6.141832118586363,0.3718779223180635,7.640819405206026,0
7.180332300914155,2.3621271194654083,0.9825934012884152,1
0.020714253179708875,2.0892423666915905,9.207381576472477,0
3.8989411147311137,4.084201731590131,6.709147396277013,1
3.6003313377470745,1.2806291360371702,5.0389614744702484,0
7.412350578796278,0.25629707141323066,0.6327646898515704,1
0.8338823698225717,4.579610274130142,5.896865796682899,0
8.656536455892738,6.589575338933194,2.6799440304869506,1
0.5801671980922818,2.3977314887374614,8.3003958023771,0
7.354055471560539,9.707694871918186,8.36790598462941,1
4.05880584705896,2.842059060232761,2.629735881890963,0
9.755924403715449,8.703054477586424,3.2558721875284813,1
2.187736994599807,1.9705846671470473,8.278174352092794,0
7.279892946213913,3.0220770445882095,8.444833205750594,1
5.1415513426208665,1.1573718704342018,3.24054490645426,0
4.7130355116661296,5.105051573467421,4.502619146116187,1
3.9217296135086532,0.4115658616429163,9.233005685513088,0
8.232675386765655,6.46896701857699,0.6793902002339891,1
0.8777353784047381,5.188799807260981,3.599323740294679,0
4.428814100773119,4.662864167784724,0.09142555666212138,1
2.6753055649547375,1.126462466042114,1.3867957361771976,0
6.621605117285676,3.8492732552269517,2.5045428598718456,1
1.7018717826953034,0.11585810285985265,8.402934859680952,0
8.325457989346525,7.605126752663834,7.765548250462229,1
0.535227689541361,5.657529108913387,8.572352566232345,0
6.166390400613725,1.0672227431248027,3.850975124562056,1
1.4532720277214817,4.932496754649146,0.38819148480200405,0
1.8914986930361033,9.264178492930313,6.895992639192556,1
1.9402777836014629,2.449587557417235,6.031897544152502,0
8.510849740879465,6.05393753069192,6.953975254453219,1
3.6245153945457,2.884330133117122,7.159989309951178,0
4.934182460797446,7.867623543087294,4.41502038706501,1
2.8949195472839993,2.4432815112178474,5.350678868678772,0
7.81868844333697,3.919122643086169,9.081351670355865,1
0.2571705880078867,5.897773162317108,8.941063950881308,0
7.9965986078164555,4.793346881152866,4.339567159488618,1
0.35677715887555084,1.9869722895671416,5.304941461593488,0
7.515371694906285,2.438034121346846,8.216154412732413,1
4.783673529685162,1.114090018091487,6.991622756042054,0
3.512840163875363,8.434933874117387,4.642157730054711,1
3.7215191506165803,0.441106339124715,3.0909581866322897,0
5.240851147854245,5.578825624691371,9.14578652294737,1
1.0571433272738817,4.680523565037596,6.46426300809957,0
2.0180298706431077,8.3801593874931,5.610600750935618,1
2.9828978376694106,3.529674894553386,9.220637189973901,0
2.5412927188249923,4.641230574158108,8.262606229520417,1
1.4166826812870725,4.712771059553181,1.1082450172151748,0
6.1814870820712144,3.395262920538938,5.8579542693495865,1
4.196247210502156,2.647057909518246,9.983920746642081,0
7.2508510836999465,1.7668087102872165,7.398963127224043,1
2.3156576189390297,0.35083618321948284,0.9276589613803421,0
6.329555614706988,3.2665385761536903,4.162369856537021,1
2.4403756551962665,3.231026877014427,5.553959921252264,0
4.474834657351764,6.570657224947584,8.134402933723313,1
0.02595413523669876,2.201499543551466,5.928534432586712,0
2.802574683723744,6.822013474835062,5.228929075484578,1
2.0207339675865708,0.9236132728419089,7.9710598261394585,0
6.347931115737515,3.694320043922267,0.036895542970897255,1
4.634921600822982,0.06181843749472837,7.607036705346944,0
5.036923443529941,6.116165589240659,9.13690181473167,1
0.04658610763797033,4.7308834498657575,8.09159083500006,0
2.857713847177752,8.337864028386765,6.5432121687945655,1
0.6763526361621242,2.1365159147444848,2.8164163187629843,0
7.696038880164638,0.5031844335692459,8.558762120232053,1
1.5067951740417562,1.9215123280540314,0.1701861191857923,0
8.441978791768863,8.029514546530834,2.4015215472618214,1
6.340239921210291,0.24494830362007947,8.856809678029748,0
7.224984578227687,6.783994803314934,5.649682857865351,1
3.216576337394901,0.8433303373520484,1.0708737628326848,0
8.77644648317768,4.208824638307961,1.5235644512480218,1
0.15228611830635286,1.2941845479284908,8.827939894242503,0
5.713100803333165,5.89775622904985,4.418208694417388,1
2.9436186206649495,3.406069086492206,6.012546732388133,0
7.9610222430805075,3.5392330938390404,5.912426951962985,1
0.7528624258880923,1.2147574304259656,3.9936429331693626,0
7.089807203442303,5.515196791678008,0.3329690338337099,1
1.1474060480997939,5.784562047719267,6.957111990854577,0
5.329724287650367,2.6335424180212454,0.5986964360098368,1
1.121992489105137,0.3591565664330898,7.862304760141209,0
8.010819677142191,3.4678926743980942,1.6530479627957806,1
3.2156693476539386,3.230226563563644,4.829428001535362,0
6.337466488890287,5.577931001087627,0.7519300987020971,1
0.24118876024420755,3.382039697200688,0.2363532880943009,0
1.6667383481753972,9.987835212265601,7.354458948704314,1
1.554811029728137,0.21877316395545687,5.43309467361948,0
9.546469803217168,0.44607967391157577,0.39705062049888884,1
0.9453007638198141,2.9190740316893127,9.702468775111479,0
6.778614237555873,7.8916924704599865,6.131799307031378,1
1.3037996001692365,4.137294131321164,9.193678988319386,0
7.800889935179439,8.79483523739306,5.252798916928635,1
4.065520940913956,0.19993135486528035,1.136116031694665,0
8.382094610424666,9.352475438364593,3.377902310674694,1
3.3043627089803076,2.7831297613917396,1.2296279955908274,0
7.714906506640111,5.711828303240737,1.0648447117255222,1
2.340766728121112,2.749189523080168,8.801619345923555,0
7.324571661407048,6.891586546046936,1.1207540803982607,1
0.8110436125421872,3.6438337736171214,8.150820255115374,0
9.243982775645367,6.905456785455081,0.8933888057573536,1
4.106533817584193,0.9752151657319064,4.93763860862471,0
8.259693592843236,8.967654392521201,8.825783798622984,1
2.6573670281107398,2.535728852756515,2.589213990385739,0
3.4315266373470674,6.578730216819448,9.544212362465695,1
0.08099849001385828,6.601649937650525,7.283525055995694,0
6.873827280399992,4.224922386327031,6.189569636430072,1
0.8599677735260114,6.0920822694405805,3.0784281545800605,0
4.914978045052861,7.32706716784342,9.835345675991121,1
5.003396383778801,0.7583045410787725,9.969634163822208,0
9.666971339817572,3.322860826140994,2.256789307137331,1
0.642718222689439,2.699824168570233,9.210424058837184,0
3.958219450743665,3.4385609057374475,8.428969057773447,1
0.6915703960107777,1.3075880812647966,9.979719365614088,0
3.223110672465274,8.755776405211474,9.277317615682083,1
0.39329260121973797,6.4911741555959654,1.1404867157589937,0
7.731498831608318,2.078535512060884,4.853827429622389,1
1.6179825309702955,1.2781001383817792,1.1693498979704142,0
1.129778284224463,7.855108884798174,6.234232228104202,1
2.3354604226848963,2.9965805058212402,9.822541972293697,0
5.0301225035408725,6.59238502892531,7.485253000748656,1
1.9934430557651495,0.48715623785064,9.568956530946922,0
3.794656360338222,8.701301389508224,6.242156440926992,1
5.495482105876296,1.429979838434462,9.216942893272588,0
8.865550918377942,9.099576762178453,8.59219372721498,1
5.825210383400357,0.11213700243502656,1.6929006317873208,0
8.730501697425868,5.8140427327247854,2.0244266253915977,1
5.3508495933773705,0.6128967486263404,9.48054663032716,0
5.03765716904798,6.045894403601783,0.2152642181150599,1
2.0749708601953043,4.923742832646053,5.1564056433021435,0
5.717685969324905,3.8627381265282503,2.3255398815240955,1
1.8808827998891808,4.127255007058038,2.1131901963663124,0
7.682933155943785,7.839843915579276,6.347824388415617,1
2.3168410317598056,1.2612557722140494,4.342964412397883,0
6.089919771828139,1.935032806574275,5.869671772407551,1
0.48149255821016146,6.033402674140954,8.310053251558246,0
6.151606140223622,2.2246208179395532,9.898630417328109,1
3.748847822193798,2.1098311233283287,8.246467068568471,0
8.723674159365467,1.5289227699677221,8.203304489902774,1
2.825131507506451,3.934737855127085,1.4162282994340336,0
8.370992162427447,6.576219816507388,1.3699772924299258,1
2.7876610930569234,2.7101152204795973,9.842627804919474,0
2.917094515599011,9.662314743058532,5.633374728986747,1
2.009802238001943,2.6153728132631917,9.357390047013578,0
4.866204883247882,2.932324056018738,0.39069668489960296,1
0.870160988929799,3.648370232486575,8.349031925859187,0
7.687849804781619,6.946052512054729,4.795512247278627,1
3.2424017557181353,1.6142169114155858,6.681432352259571,0
5.876159868389385,3.705248655683598,6.1563798254959226,1
3.7484027593533122,0.8066780073443958,0.12746009469915331,0
7.003965339991139,4.539800093622231,6.419635152425834,1
2.820694823679263,1.648946442537197,2.853490298039776,0
6.549017170604606,7.319851654066837,4.305800991716076,1
4.250843836541013,2.1261192462987655,5.776933861260529,0
5.728125728870048,3.359810865404432,4.752800014102042,1
5.935351030916597,1.0470042541753966,0.9125928300262109,0
0.9131911388188296,7.719896350414927,8.326343762928923,1
3.6316637695406717,0.46335734161900066,7.934817996962461,0
2.403828313509969,8.344622763711468,9.732217641606761,1
0.07274749684474946,4.315933477804014,6.847638071385054,0
2.203354087569754,6.060116145191081,6.42210323263415,1
0.726775604524037,2.5857724189937015,4.2533738129148135,0
5.476094647607245,4.419361075556299,0.5832786032036941,1
1.8881089353918878,0.21880700456790025,5.505652413013448,0
5.747750095318428,3.57540175517278,3.7123825067585936,1
0.33588270125452624,2.1639194000211646,3.0454573655343586,0
7.153364601670433,9.029671755607684,5.053393826919514,1
1.449795179549862,1.3209836290438304,4.485674954815112,0
7.467154903624369,9.816363950887691,1.8263239044098012,1
2.1300234114844105,2.345015226250573,7.325594227861747,0
0.12499602029225176,9.23365949453591,4.350296530844452,1
1.1140349346174916,4.368018293275813,4.9914633902910275,0
3.8596492553065707,6.030398956069428,1.5027414441065357,1
0.5707729812760631,1.5222628157280427,5.782564009269394,0
4.3634981525880345,6.786760443239953,8.13755983189818,1
0.30233856680099813,2.17399522860813,7.395189468744427,0
9.861527145609,3.5404257958373386,5.609442836230137,1
5.879659963014332,0.1804703018271514,0.7535418186212173,0
1.3424936542952082,8.704425949442472,4.127208158307335,1
2.480387880462339,3.693901396660273,4.912089819854356,0
4.036185056285181,3.724940428657714,5.98673521433083,1
2.79623338506919,3.1475286231909405,8.316662142952708,0
0.33340974844366045,8.437160305329549,9.613693889000492,1
5.923057718785935,0.35219598140892594,1.3177314055941802,0
2.9359073511552456,8.309106270056517,2.2429938833102234,1
0.2222006526835285,2.6837269318948254,9.575869311683155,0
3.213377390585915,6.4810269401462115,2.7193759083687405,1
1.777874898705949,3.677807516829904,1.9926160438628027,0
5.152523257445054,6.544066200969611,1.6577211567346528,1
4.297333134439936,1.4409776482665104,3.651021033753353,0
0.9298355092582833,7.25811835171582,0.35781267805806594,1
3.07336135639979,2.8531495119508152,3.8030460645561392,0
7.83526594059175,6.545317670791898,3.0159358391862323,1
1.9580206227285946,3.698885377169777,9.353347384685854,0
6.427837311925122,1.7652347768731569,1.6380489505587004,1
0.9029403031801297,0.508789738820935,2.6045801349986784,0
0.5259365315762643,9.858572475565804,3.681420631316208,1
2.6455744924415914,2.474794393411676,2.0356765292831733,0
6.97294172213542,6.431369293062566,7.468662036989294,1
2.997821921461974,0.33727035769736013,2.951482580206722,0
9.970736038310296,8.983785823066885,1.4720191627047552,1
4.906617561564033,0.025021172992865104,0.34413925252898103,0
2.1716313869485804,8.259804236574716,9.083561305129274,1
2.393280864982188,4.196663535081794,5.673356097275636,0
5.670201595613555,5.569422804299795,7.250269948919236,1
1.8546595902217877,2.6187716828304977,0.9289845923169038,0
7.490739415287448,0.6113563460537585,1.1643620285154177,1
3.4892707683513926,0.653432781524349,2.0753857378493104,0
5.733727807017157,2.5515385270941504,7.712415489970631,1
3.2688900881818195,2.5716462752223723,1.0545756087545466,0
7.5811943238876625,0.9930542034396295,4.832067734562488,1
5.495734782312831,1.0878917993726978,4.856954350972221,0
2.5415989631110447,4.4736226734950035,5.197550684302991,1
5.985922492221498,0.2749875622136133,1.9076449427617292,0
5.414869924207228,6.787711548196417,8.361669441740846,1
0.013045629588908092,5.718939740936855,1.8530840367487167,0
4.813276409920199,6.8555275039174965,8.382996448224352,1
1.5775600312677585,1.9646860341651429,2.57257497292231,0
2.018334758598722,5.492781674648757,8.379693195761762,1
2.0040532996119764,1.2792342576974047,6.880905680978083,0
9.572958727765359,7.423145031554416,8.095964235614591,1
0.04233102737619343,5.459195543612245,2.80376102290798,0
2.2988181487621695,7.967972528166856,0.8390830687822548,1
2.0535639838593225,1.5788208025084416,4.970756862079371,0
4.864410235995025,3.0166883310780426,1.499019534541255,1
0.25598700156861276,0.8194436053718612,3.692571869330604,0
3.6302374324962683,8.220218941983074,6.535794798555296,1
0.6288624551246558,1.141392982795344,1.5289199254156738,0
2.7825860856869946,8.113162164878634,7.743776444533747,1
1.606688912432197,0.5389259328024976,2.9704697197349503,0
0.6792436109562217,8.033235991195063,3.539796902517911,1
5.15802053668782,1.4835430007389627,2.8473812645354704,0
5.398002545239126,9.566763858460384,4.323251194695796,1
1.6244389082197375,4.819969028942431,0.14096384885113,0
9.532083409731488,5.767466221110327,7.793386596959967,1
1.2660188853709953,5.587149165975469,2.69547977832455,0
6.92524130696345,1.2867895964270493,5.9918216785496545,1
1.9668301286212309,2.0300528225390115,5.80317304943655,0
7.9234359077554775,8.875747746625605,4.118270904397264,1
4.058958644566006,2.3917501561128462,6.805624377215176,0
4.054536745070588,5.392253196361772,2.781277821301491,1
0.8009715352269353,0.7374541006456792,8.394072163485141,0
6.996593661524027,5.640734463125934,8.107137173895305,1
0.7205135072317836,1.4975947243698562,2.036570814232989,0
3.599101829433311,6.567458007425465,0.31183984778147433,1
4.7403255307677705,0.2971017190552694,3.269255977042368,0
9.064403531518288,6.755549005235823,0.9458763496404354,1
2.2182932020094803,2.7132310990313444,5.959255090515358,0
7.361123896277367,8.630962923784484,8.32586004917837,1
3.53783858023926,3.0354126252466607,1.4518190599428171,0
6.761026020799633,6.00656585862111,3.826583314944574,1
1.6542009727955753,0.9123716660031667,3.562718993556595,0
8.484571662567808,2.090218032667013,8.266720749229918,1
0.8067989849769108,0.4107926970735043,4.19749278633608,0
2.8294218305952423,9.510350919548221,3.8931650535706384,1
1.3979998926740445,2.6900527533481275,5.326207978342197,0
8.053117460297845,2.0832996369322867,3.602768471347116,1
0.014237337435458741,3.265486058454318,5.288465870240727,0
7.582813571307466,5.126983908583343,6.600497508797113,1
1.9969460701692876,0.12049081340476331,5.845925997242397,0
7.984326776588127,7.597885104671063,3.9366436609464106,1
0.7923363880690748,3.454120597777839,4.467145295672715,0
6.207017281381678,8.261878972328512,5.298200032989364,1
2.7832179108750044,2.4817005196052544,3.114063586653643,0
6.855156918587323,6.382071020051393,7.799533794095453,1
0.182131174495751,5.010566664465561,1.5270819716523543,0
5.344883322628821,5.622707046947802,9.195695812823901,1
2.4142503928604544,0.2723410766102563,9.339377185383116,0
4.76452382004095,3.5838354029986466,7.157621409076086,1
0.6770490930998674,3.566203224177663,0.12840429618016458,0
5.694837704564075,6.7294185070152075,1.1565962092585236,1
1.059317082443063,1.2525504191588355,1.362282350286329,0
8.248148791351184,3.127447173559259,3.261717157682461,1
2.701176588028015,1.6181342712447777,4.545774134728098,0
3.8591562986821115,6.6386239742372775,6.46187584509573,1
5.2909927779683175,0.030447562930762118,5.52468718817291,0
3.7654030972468977,5.251045967923095,6.295046992550829,1
0.23173201761805928,2.1030491681457897,9.633757031020775,0
8.625573128346385,8.823526524900677,9.039359246271012,1
3.2248169634288693,1.1749151035548644,2.217884680591,0
4.551674636933777,4.8652074746346905,3.124174220395428,1
0.19873612422435905,2.7710320969149826,0.11751072256620532,0
8.038772604385183,0.5940676935487665,9.714108185497649,1
3.033262562340151,3.5342538717327865,0.1524278181917782,0
4.222381562725181,5.89039321819921,0.14868630482833156,1
0.577867193775693,2.3960792438434964,0.17526774345228757,0
2.0782528124629263,6.522151935921095,1.2367784183491348,1
3.3070609637440382,3.460269722282124,4.476576575549074,0
7.065163783088714,8.247589483264093,8.357272181454668,1
3.9796148974839074,1.1047760448773558,1.922343351364748,0
5.380187113455489,2.3223636898611,8.50422438522679,1
1.8758296821884501,0.742062139458135,5.767788502660584,0
3.5415078140714575,7.7947012450464115,6.494396545384182,1
0.8436314464866745,1.8802284637504452,0.3491231731692346,0
2.31894894320835,7.061782908914735,2.909712215917545,1
0.3311098118949618,4.205042096144299,0.07015636303167816,0
6.979095765683149,3.0286295131003262,1.8005223635488021,1
2.0172611147265327,2.703750529636575,8.485758375698977,0
1.8192121401620664,6.023527775283548,3.5970985851524526,1
1.7323478429028683,0.478171901379143,8.167137227576792,0
8.73271744013569,0.09643706798226348,3.0359545594306727,1
1.1116014464522417,2.306354886910621,9.99398999742249,0
2.357650707472173,5.997766700661057,6.183990243657089,1
4.01511784977936,1.3351070200919257,4.0520820082301725,0
5.6870804406054445,8.870606310383259,5.781478919753059,1
1.3578044495709274,0.5743100336666662,5.97565856465268,0
6.216735596317388,5.559330750784338,9.885805545390514,1
3.6803643209894377,2.486275847236865,8.50363861351013,0
5.083038662077027,3.444077603253083,0.06814248141527313,1
0.5405110407025349,3.9087184722598822,1.8753065867577945,0
7.048640651233715,0.6482315248881165,6.244952643081652,1
1.9060155503149545,1.6154855796385592,7.548419819482649,0
8.168352081091165,5.885281497332368,2.796603684857052,1
0.3483141623577757,5.221167161909256,7.7269451251636445,0
5.411843823931819,6.101188771084943,3.1025051879113743,1
2.139765223307589,2.467210185802565,6.753554185283583,0
7.824371510746778,1.993170270663649,8.72223897525961,1
2.1941773338660067,0.023450340902788636,0.5018930028185697,0
8.75570488294853,6.703107021347513,8.979883284842106,1
2.4922701059299435,2.5614412640470863,3.6114608352838093,0
9.270675228229932,2.260821330191259,8.323866698602725,1
1.129008591363767,4.551401946835242,6.018120429782688,0
9.926707679054806,8.967919178790233,5.0005744648462835,1
1.493092012871965,1.9997854464791753,1.1360878281506315,0
7.950767972318515,1.1344629668372441,0.03815983110679655,1
2.512871072435965,2.0750256958968727,5.146287013183258,0
7.865179448083774,6.801413185162634,1.7958772764039022,1
0.20981042810259365,2.334413463542103,6.602760395962096,0
4.826914141287081,5.903172567798977,9.74434894504395,1
3.3917511722628966,0.3347919333009297,8.741932459584984,0
2.160327293633344,7.543715056976,1.5397187223546072,1
4.527238494614373,0.3049839195953985,5.763268856449574,0
3.5867951035600933,5.714897492815718,1.0156851371688835,1
6.366358918911671,0.2782837280877215,1.4294636380882875,0
7.931841175933351,2.7312775441376678,7.179942782261875,1
1.7577766192774469,1.30652629057048,3.451073504144604,0
8.436626544900452,7.446682885216771,8.83346315553921,1
3.3303829234788775,1.5046200050857983,2.202967405568703,0
6.984782776394015,7.734339952243702,7.370328078334375,1
2.551827472364614,2.6627113050168894,0.18127180776838836,0
8.97784493378563,0.5067826622360139,2.497761529798086,1
2.5770151119404883,0.8018742921413902,1.7391393058800442,0
2.8128440055678894,4.404796397843244,1.0632740292512677,1
0.21547446538995763,0.02429013552048498,8.547222991865294,0
8.592873155851636,5.450406772257315,8.277201134201542,1
5.607020395486455,0.8947816017633892,9.274832903168459,0
4.1227730502464235,4.063061975983718,3.637724539444811,1
0.25296968735009195,6.397156307825778,8.47375641048691,0
9.839821307367405,1.9591338388682367,5.211441997535994,1
2.292064378363653,1.619649562389619,3.5998198799960237,0
2.797186441851375,4.943727386327334,0.7041765347031326,1
0.3696782923746045,4.157377697368832,5.3166550267678065,0
2.4277638585623293,6.83784667898411,3.610105488581594,1
2.3869531375948427,3.247180531582101,2.7923457265125617,0
6.328704193369088,9.455073946673343,9.731105021988778,1
0.10484738128990423,1.5319618503407406,0.32811600875769176,0
9.351779587008984,7.169901953076629,1.8223456858935405,1
0.5109452760441535,4.217716225838685,8.734162569040022,0
2.3587420252348066,6.925128222006447,1.830969538683579,1
3.176202424487369,3.6046488834743617,4.6409479744620725,0
6.219230564493664,6.205784447436794,0.8127177430769172,1
0.21224763684304482,6.43902791746085,7.4663730469665115,0
8.610839765719309,0.00815900121695079,9.317031154459347,1
1.7803851628082934,3.6907607139234875,6.681234681719559,0
9.732723491403734,3.4593255683665456,1.8097697245903388,1
0.9817161244802086,5.067603405114971,2.834399907116979,0
9.199034373955609,8.983176321760842,8.09845474409947,1
1.364103581252345,4.961307038114533,8.066930872748147,0
8.449866953069078,3.4379990497247146,3.0270669629663347,1
1.8068449283184762,2.1640099719762143,2.0515427129332373,0
5.8894763268736,2.7240540355582397,8.024044537170854,1
3.5032187004124715,1.9592247666871365,4.030012761778444,0
3.514123700625303,6.654520758928043,4.114554907243875,1
2.2803037474604846,2.998415078193198,6.216569637228124,0
8.289982395850192,6.1481449457618105,2.971609661977501,1
4.310900381036419,1.7379015659383246,0.023137203074590218,0
5.033504121694891,8.604284499147921,3.756788540434849,1
4.058539912070009,0.37820955810635937,0.5240806528133746,0
7.103168415319285,3.7064579930289954,9.56272478464441,1
3.5500290760058704,0.9181944791021468,1.8329077240841962,0
6.05913090677873,7.103121191680099,8.704387048384897,1
1.024921579678033,3.12856849719111,2.9647758714414643,0
7.363258182946822,0.4786773543966272,6.216655429984295,1
2.679437285260229,1.0098104056349033,1.516481325891481,0
9.86649925803453,9.760129741265777,6.04886330964178,1
5.324633764129159,1.1399852323715287,7.387929818205931,0
6.709836412686558,2.9645065630535306,7.85546955734887,1
2.699766066103668,2.0056089889915887,2.5652126857927913,0
6.998675122406855,0.5136141033901964,1.0366877115482664,1
1.2123684148548364,2.271921258951901,8.81024325515449,0
7.354043852762484,3.021538829176623,0.22235233094199947,1
0.3559233517485416,0.2728664835382366,1.282000812188484,0
5.899375641792885,7.767724158139343,5.800675158789571,1
2.8228246290711025,2.7147316490142046,8.603055283995312,0
8.555021414573215,6.909179609895101,1.7744194411107195,1
3.1772620650655723,0.6235711562665613,4.6143452280245985,0
6.859155425142527,9.59643904813469,9.856393841307673,1
3.89252555298094,1.3904119930989567,9.214531960784726,0
6.975033713715023,8.58497778832257,1.8160698182038326,1
3.6702210255581633,0.6760301427187565,6.341566955255887,0
5.287410378776477,6.3448074708070425,0.7967919935135404,1
0.9845142304984067,3.1893945251515343,4.173972791140157,0
8.585798309882163,7.188509024365088,1.0579356037047372,1
1.157548899985733,0.022204635816017726,4.661026582016822,0
6.014138718769391,1.6770232627848813,9.790846550939841,1
0.7290760625120185,2.4323591095463195,0.40669243520958354,0
8.839135208544267,6.321146118222342,8.617085363599282,1
3.9066157488891573,0.07013911283755059,6.907819577779801,0
8.26611923879322,7.747680392774217,9.666814000446058,1
0.278213428389954,0.8654582006541867,4.305126932980619,0
3.5422971500044733,4.248029813456019,1.085298228456053,1
6.794363354745373,0.13576164521994394,5.83425825998487,0
2.4645439243264344,6.877882995201457,1.6483443129086373,1
2.2054419264174774,0.8221011714532489,6.2689524851556,0
1.2514493467643262,8.234631871098578,8.045457876682015,1
6.064709241998447,0.5255455550722443,2.131781288220992,0
9.839202891174363,1.6568949719787462,9.922712837278361,1
2.937267203836603,1.8110660742359008,9.84096019079177,0
9.462552268506176,8.162581660133652,3.5642501653039735,1
4.371835104834809,1.8276707855262198,9.314057446218888,0
6.031490493587961,8.168833367570645,1.6994811026050927,1
4.697852489445676,0.4995751689229089,1.6411056261399515,0
5.752615678606221,1.6436985371153057,8.282236131991182,1
6.496672995249236,0.13718915628250117,1.1916722990916673,0
8.589427475598564,4.94403919235317,8.835015995047856,1
2.82638949507514,3.8408852763570787,8.320935456955837,0
4.16222736780146,7.389862501887682,3.017595702150009,1
5.799640161226364,0.28563379941137224,6.882841124353705,0
7.9011011614613915,4.7399445052465525,3.6391856024004343,1
2.5638413629756664,3.9374154368088767,3.8463804119086067,0
8.375958316589626,3.109017955452915,7.166289065951591,1
2.0492708190239304,1.2709019460431192,5.00118776054213,0
4.234917157474677,2.9702545000170955,9.471385915019347,1
4.605966248975738,2.294111526372392,9.359361714509154,0
3.5867047558279563,4.126720924635449,8.123286019767098,1
0.9823900046839185,1.5254755752514126,9.684663574032689,0
5.7645985085558396,2.270098731004527,9.219146345404457,1
0.5102509714056469,5.487026574016472,0.8091070223617702,0
5.868588502167681,7.472268412721622,0.570155999539167,1
5.615131709151302,0.1483819015270349,2.6898997575042136,0
5.25963943759599,4.006985613755562,8.812193373225162,1
0.06347217895847801,6.9048028404542015,1.1612053419367963,0
8.966469298606222,2.2680273058355227,8.818668409164372,1
2.980787742739641,3.1964920072520417,9.868687558072464,0
8.49499368523427,2.945772165436585,1.7609965486827406,1
0.28908781535327166,0.5755268523228185,7.489213052455761,0
5.718654577608481,9.496883845560113,5.518618018328492,1
2.4702798735214837,1.6327125337024695,7.568929546129832,0
6.244056868449435,4.431091384338327,7.738154796987348,1
3.2585614515158703,2.8742152762703888,0.9870459761133221,0
6.865161494178532,4.076557289540103,3.244546290956991,1
1.8527289552557258,3.6134812045260167,8.540108435810847,0
7.778283516865549,4.686309784548602,8.597254029855105,1
1.6210747632566136,3.3152586184169373,7.719262750733662,0
9.606041954213376,6.602007975254604,2.584761873637458,1
1.4672129300157821,3.652767048634382,3.9585172911546196,0
2.0225594012289374,9.631661795037715,8.577250406343444,1
1.03710272423443,4.270642084799813,6.203681011960132,0
1.6888322393727528,8.495648065729807,7.997328035022236,1
0.888189438193292,3.2992981616413495,3.206179764805137,0
7.770379924704117,0.7469875405134174,5.337089438991413,1
0.09225670170261546,5.80201280452822,5.898903223150766,0
8.035269914786195,4.575342665757439,8.276547566580625,1
3.562390804431299,1.9821452687030061,9.75376833268809,0
4.543152081987706,9.02281900469568,4.513420359825116,1
1.8181261441896002,0.526243276688948,5.973611480456519,0
2.6903344132403695,6.895546355152047,6.1333226877660865,1
2.7590566856487895,0.8668229637014335,1.8297490865457688,0
9.14359300824356,1.6330197539919344,1.8009887158762627,1
1.2267333289471616,1.2710748813148043,3.089613299148024,0
3.321833089070573,5.775940791907155,0.43494108631251027,1
2.7073516395624972,3.156621644421702,5.093811270395793,0
5.748994188735324,7.52160693322753,8.396000326491995,1
1.1000713824652997,4.1477750122383,5.538899029911105,0
7.004378477697513,4.452074476276854,8.218352327770827,1
2.9279194770716224,0.5939214635918455,9.791700436289243,0
4.426799621635173,8.436724403432532,6.518613384002282,1
2.845188026212613,3.520414829943459,2.497042179715321,0
7.471260910716564,7.710358155389928,2.770831901516143,1
1.4850214920275884,4.992923950450654,9.865669029451817,0
7.318146859035453,8.11036213018004,1.7685584898843565,1
0.5746912565491635,3.793866559477056,0.22633753539035184,0
7.962773645622802,7.079963908733785,7.135747964474644,1
1.822116060415312,2.426951153026221,6.730562456888744,0
5.707971598484831,4.5888122096431525,0.1814166603169165,1
2.196520734118408,3.7173764791024833,0.4339663676001837,0
8.788097969475697,9.124261051540442,4.861459479687901,1
3.0989407521000887,0.4791757223458759,8.991589712066544,0
7.701805323893903,8.35018437730998,4.501385232699368,1
1.2747203112910654,2.7030710415625503,8.987314148361818,0
8.590409730512954,6.061529585170887,1.4390153682773998,1
6.7545105835504735,0.054492414447026016,3.819997266100433,0
6.503982917298611,3.674575011083597,0.8952846261990655,1
0.24498111319057547,5.971413845860722,0.1705109424935991,0
5.066566297872933,3.5331573221546755,6.131446183213517,1
3.2440562746191404,2.0178407148397257,4.182375952183234,0
4.6204228227353585,2.6815243920158727,0.7472271876243652,1
0.9976750318687122,4.066112667008435,2.345591771847478,0
6.661662313780125,1.3460669228630318,3.5860665729158416,1
2.9968699851766423,1.5491823159406015,9.787560267191505,0
6.833572909508704,4.506816938738124,8.703430470657015,1
3.530721598416837,1.3454600971319008,3.7139065494778034,0
7.434036228039405,0.024846163394675047,3.3291754632238835,1
4.448404708132561,0.9757826319002783,2.360222505905454,0
3.3053544307667746,7.0256512236674435,0.9765010126947893,1
3.1365702209110644,3.5083934673158765,1.6617139948045423,0
8.047752622631005,5.438425598392654,8.806147338401635,1
2.648545198124835,0.8502521950476616,7.872354545321565,0
5.732283873718075,6.304045136661572,4.542439045386233,1
5.22593864605787,0.9542382614527956,6.571107935596439,0
9.565916274380523,9.047091588500859,6.64794206690082,1
0.43669949815766107,5.009278628606162,5.795326764014,0
7.43311289163821,2.9231223652065697,1.5589071682746836,1
3.693759960321251,0.5497523415011218,5.677394693445188,0
1.4495539793439038,8.83227065671054,1.8551406391031278,1
0.2831539392496518,6.291322321890361,4.940253323520692,0
3.697322317095184,9.5398828251557,9.659219951352233,1
4.097954044713865,0.20038062480326246,3.0195263310327136,0
5.418997670309464,9.032507314390394,6.950063840177231,1
1.404460841987567,4.479187675934067,9.80576803986997,0
8.009566367230894,6.881650277568054,7.608481810352581,1
1.104098270244478,2.0686842826862737,1.604478565830254,0
9.481380494861666,6.531176439878345,9.866464092463007,1
1.507906166856332,4.061923884202581,0.2647705834457037,0
4.233601043228635,9.697040890999405,3.3053308482302435,1
2.789289658330575,0.371807770188316,9.06204272319937,0
6.264397017939069,1.8362896748951207,4.056159616179551,1
1.143761815133838,3.8379230334422987,9.547797399797089,0
7.617064129671405,5.965599549390426,3.253906289564102,1
0.022164610687180897,3.2418628176806297,8.507244267581322,0
8.617159873377846,7.702302547996037,1.8288200412056488,1
2.9967080807955613,0.026888566797775848,8.264034289976852,0
3.57685466149836,9.96702085328651,6.248503319072494,1
2.172352693896451,0.7276967653277799,9.211029886709198,0
3.1803137362591616,5.197646407050735,0.0751585193230131,1
4.52199463783043,2.1636262218539217,8.401745249689608,0
7.399265996101385,8.920087967904998,8.005923018868407,1
1.1035496545050816,0.7929169277731829,5.073998877038342,0
5.806080805880559,9.706843898718638,0.44046725816083043,1
1.4949721587321885,1.0497626831698637,0.35229959195677174,0
8.113060559241536,6.864907914179716,6.788608539346974,1
0.26091539088488824,4.772430410524574,4.729253700479913,0
7.671441415764104,4.706297829572897,5.557662544699397,1
6.201373426855752,0.3721045992467642,3.812589553114302,0
8.193882285912267,4.614763577590212,1.2192515997863562,1
3.592503194746519,0.6512203977173248,9.651342788716553,0
7.732693674064119,1.227973261801748,9.232020224435352,1
0.17686783189799882,2.802238582082266,7.207252166096005,0
8.732044631538585,7.065958000973342,8.910373939547094,1
2.221163880367647,1.163546466636629,2.1368422847718884,0
4.322094466495777,3.955276880020364,4.728257609977611,1
0.6567748333459966,4.797340865019898,5.8122582147924575,0
3.872459933121044,9.589212376622537,3.804599098899657,1
3.650132336108628,2.8842204581047373,9.304228487577026,0
6.611942707308527,9.938160938234839,5.162198375166954,1
2.9271960014189427,0.4465338749466996,5.907123314207584,0
9.9500686386822,6.472995633702459,9.72081645462919,1
4.252250544673536,0.9378435904638105,5.068353049349621,0
6.106286451954382,9.877755680186905,3.4678674977301984,1
0.5849234071119114,2.3348039247756613,5.351654035857036,0
1.733769439910119,5.83511971422907,5.795612737980096,1
2.8377934366840316,3.590691813353588,0.7448442414515699,0
3.2009346741666036,5.3652547701807,1.182284634133951,1
0.3542326017554809,5.873281997270556,8.251833981271625,0
6.070096538257359,1.8666473080775958,4.801494521964851,1
2.2458746515967865,0.8819059399913443,6.527722338860076,0
7.762947846573278,0.9100671839269159,5.821002572557175,1
2.947488475163511,0.6306117807896927,0.08144536030322613,0
6.874601893993559,5.560370778304367,4.95376722890711,1
2.9455626933394043,2.631463410526674,7.980225278147977,0
3.057240867720288,4.537721003306478,8.011855486522204,1
0.04041369415468066,4.462065487535732,8.102177449686586,0
9.55271721390864,5.679618147527085,1.114049736909375,1
2.58653877794751,2.2064924650415474,1.5034401765756689,0
8.073505011779883,7.233958955589886,4.272504052548372,1
3.812854957294387,2.786745586746683,5.831113599906315,0
8.065436567460525,6.957572073664754,7.368253786512092,1
3.159664492566485,3.719058415233424,5.835724775560857,0
5.272649827837599,9.912349907575441,8.032798940602957,1
0.044310661593115475,1.7546982673890654,6.189240712426734,0
3.6214366003007195,6.052010712168855,4.310714239517013,1
3.1078277137513686,0.33808100513376127,5.056061056938955,0
7.274859517525308,9.365853485829462,7.447542387514093,1
0.524621653997146,5.691473935509686,7.386539235164649,0
7.274574629752073,8.562497608052524,4.352332811085588,1
3.4452055532269856,3.311720901111739,5.5876921019460255,0
4.1517775532256564,4.508664558273586,0.6699949534826699,1
2.1699700027821702,0.3448965504194712,3.3504950556727775,0
8.819410283232605,1.139025028222218,7.008759961287531,1
0.5294816191815266,1.721042549094759,0.244928422387094,0
2.3562256567448117,6.310487507028312,3.4399638646494077,1
1.3501161120524918,3.8368197426112802,1.1922835879625326,0
3.5960676804895053,7.282489610071306,8.421225384793878,1
6.049758025533195,0.6781062461918563,4.750599831880464,0
7.245843506386667,5.874687726594683,4.261735640038042,1
0.4452330370109825,1.2692825000516594,4.60732371275835,0
3.8557076312432317,3.5904767807646687,5.189847130698904,1
1.1521689587325212,4.263985316608304,4.311963344331411,0
5.675869521763357,2.1613820283829535,2.169681509104625,1
1.5648545735287855,2.580908065160341,4.568520836581968,0
9.995316599722658,4.898252774573063,1.2462762994363852,1
3.63288737639466,0.0870718535039472,0.4104081458187725,0
7.5683465040642055,7.097689329524032,1.8068512281802407,1
5.128939036357394,0.3874496702766683,5.683468827544859,0
6.895240840352343,2.237768039771857,4.295333416710698,1
0.47711849098060477,2.2746138535109726,3.2544037525689062,0
7.959993330937306,6.101096576522517,0.7819222074682075,1
3.304304448712403,3.603991090485583,4.472097742810702,0
9.800834645987939,1.147592558400371,6.835200878759653,1
1.2617843466063405,2.1360292613576757,4.556700635535172,0
4.919684865862272,8.948551421233713,9.694189444128757,1
2.8660146741863226,1.3650224752943363,4.192313972987587,0
5.687434218329377,2.173056820523148,9.345758725650633,1
1.3702185446606174,3.3118513988799725,7.4970371619242595,0
7.65069909830343,7.560289627022746,2.4984770973833372,1
2.0362964901870195,0.2033660994513009,4.274106830660949,0
1.4580974226738597,9.044354457137565,0.29044709046203154,1
0.6223128509136533,3.0957876524716497,3.8126913977245747,0
7.677397800641871,8.815191187938241,7.155810685683404,1
1.084772553354837,2.2373403092225077,9.812039957243412,0
1.519659725146263,9.619574344882801,0.4270145292743688,1
3.837519612249273,2.425576241755661,0.7518650097233492,0
6.637583963303387,6.856408243572137,2.6690725171342375,1
0.7690086549732766,1.048021341236317,4.192370032248766,0
5.458599035986184,8.929207847802628,0.7646716613304905,1
4.211588871728306,0.8041378628784102,5.992336717421917,0
6.761124481916379,6.64162683404908,5.712582944856756,1
0.4208362039714353,4.368678234644078,8.692822495463773,0
3.321304814690589,7.46622939849154,3.1835458312847322,1
3.8947000805666034,2.3242264900724496,5.502455653476396,0
7.813492998989951,6.339526505727653,7.232934706630863,1
0.8205700376525493,1.5669297021079376,6.454962166842451,0
8.457481523124029,7.118282412082757,7.83724423695957,1
4.101170530694045,1.260165403299307,4.8222938626462835,0
9.95495942520105,1.3073544807385051,3.18024985287515,1
1.87425783823153,3.2269978715630776,1.2233294016464025,0
9.674480518234441,4.441745288294553,2.0329267468457957,1
0.24259290165986824,3.6671130699931953,1.1941307682572466,0
8.543545579563048,1.8103633036703426,6.003042264515219,1
1.2530360051959388,4.686375811991286,3.84106594349227,0
9.145797912626042,2.48713440952687,5.82465173055163,1
1.7385300046925667,1.3584865482926178,1.3676177642289777,0
5.911919477586329,5.731803875987078,5.467976659219346,1
0.8312859448192655,0.5885545991489394,3.909403376875893,0
7.578531689366423,1.0388891133436373,3.1996290490446655,1
1.8015212393686086,2.8452352429688057,3.9188365546148884,0
6.640267860119383,2.010264844841687,7.687794030765087,1
0.057098907111728936,6.025001688404901,8.611112482712166,0
1.3438780361481673,6.256895946577096,7.872110536761099,1
5.970316537165417,0.2627839237664831,1.8993806887410913,0
7.373983447977146,1.4179931520397115,9.781270079269348,1
4.94525115298606,1.2022905822853347,4.222563752792404,0
5.048614551074332,9.247571556427154,7.727267686606676,1
4.509714764602428,1.0622777527029437,0.6269103738907389,0
1.128414288179188,8.834494451437784,7.6225026462124195,1
2.672466524360919,2.139514579499644,7.823400314026396,0
2.6976919859491053,6.287887103590708,2.7533684948912587,1
0.27653075923549486,4.505947261517379,7.713801872233467,0
3.088265993794097,8.01999372499561,8.424280303741558,1
2.761302208867665,0.5129930841853159,4.160031761662997,0
1.8256605634378942,7.488032446399266,1.9890333327685772,1
1.7565353869982914,4.276288198002939,3.5696565226827683,0
6.683104021757076,2.3612084264408817,5.48250041324489,1
0.6492865338268672,2.197815801586801,0.16253698573633235,0
6.386906459688331,7.603706039939713,5.82352457676354,1
0.49206421901967556,3.5121482602995147,1.392242887258961,0
4.7458024093662,6.393148593748315,5.767651081427314,1
3.889686405892827,1.2546090233235208,1.5462961447968582,0
7.653849512566926,0.06766370717575465,0.49438163325543183,1
0.6062422291068181,0.7919481352502944,6.6902683945633115,0
7.227229493385343,8.73592191743355,3.3995337143511883,1
0.9583066032477672,2.179962233053221,1.8771236301905803,0
1.4805637466464339,7.286346948743274,1.6059035172823077,1
0.23414630956072102,4.410467884363859,8.470196033726477,0
6.141638667561092,5.017633716568444,2.1960871185256217,1
0.6887625831248279,3.959536866472911,8.382499296080379,0
9.603640174405786,3.4832698521431915,2.651451502526162,1
0.14168940088341242,2.4206528609381914,9.203645335229794,0
3.1523241924232948,3.928474469050811,8.174679662858429,1
3.880040729915626,1.5176484620108543,0.47528149629427086,0
2.6629644312884757,5.692096474663195,8.492230198343329,1
5.146777608309417,0.8957196692763592,0.6449189293479163,0
4.336832856499426,7.034287602096168,2.62030277207816,1
5.086652886649103,0.3615655596780798,2.8360197512511776,0
8.562307801454756,4.767084963193612,1.7700994038593332,1
2.819285801334024,0.7294063492239944,6.23359018193277,0
4.773017495917565,7.890053966820671,8.896465836914203,1
1.8105343318510314,5.004411237955525,1.9526875301879643,0
0.0985179252608881,8.231524936531113,7.254193285155086,1
2.483959946246336,4.270419869033647,6.009658879720641,0
4.662487994071478,9.99435531571959,2.1313788304967574,1
0.3418614716458812,0.4479844366480701,4.437100904463849,0
7.9331698740737,9.90112036786105,3.1298025238093885,1
2.3819441964341284,3.949885599179015,4.254232953275374,0
8.959623997951166,4.974761471771519,0.039896018724153715,1
5.638786227643818,0.6653147209958954,4.280910558668209,0
1.0481102937547493,9.525353428137354,6.949087573499274,1
5.311340138584081,0.9020936691716075,7.520270333088165,0
6.286707460080363,5.933176238163293,8.494126140823163,1
4.878634489811074,0.2192577246719607,7.970558611996714,0
0.9136363878470144,8.505462931299853,6.058558343310829,1
1.9009033350953408,4.439110249289492,9.03362559233209,0
4.069010669897029,3.7511312256183773,5.864951398670446,1
2.291258850359971,2.9789855154319858,2.2079690894337745,0
6.554722739781597,4.639914685314881,7.337192957783153,1
3.1945758056722937,2.0158839462299594,0.6842256997608764,0
0.6361739051103676,9.484227353227345,8.462729774076147,1
0.8342326743543205,5.2972024750219475,3.622480430375891,0
7.461505461145464,8.243311703818202,6.372025541109854,1
2.262338408340707,1.8114147216773557,3.4116489564349353,0
1.3215574311167877,7.916222847323761,4.410617896632197,1
1.2150877247641467,5.271646861529266,8.033029389572627,0
6.3751394046586025,5.392923807725783,9.536179297269978,1
5.390241453658275,1.4486073078969308,6.286480669077243,0
9.147093371001544,0.6094521049143731,1.32296701900671,1
1.6699159360020066,1.3701954096208668,2.0713747169757357,0
4.896807342989509,6.973373809542302,2.7749375338339313,1
4.467893513627878,1.5145026551767193,9.361656304397517,0
3.6409126967739605,5.16744022500346,3.9566810389032514,1
0.3213020465701111,3.2081537015512165,3.0829205077249444,0
4.086621818093397,9.47191675011363,5.0715229744712875,1
0.634922673548417,3.861672170861911,0.890732698599771,0
7.046885587136375,3.21057114178687,1.5972402636664729,1
3.436666621143761,1.0780053159148018,3.092128627227677,0
3.0137647330259676,8.882737710963296,6.160719679918905,1
0.7067158737632295,5.8192568870039265,1.5182145196072705,0
7.698656428028818,5.262699236018699,3.646275654529596,1
0.5305467916809137,5.957900384574528,5.016944854394564,0
1.9961986835326095,7.793807204770044,3.4710180341539254,1
2.603842470869134,3.4259477488038326,7.958593400499949,0
8.29380494687072,0.5088355120730959,4.330225457946424,1
5.705223663052416,0.30143607474151013,8.062545431420128,0
2.9638145366947444,6.193581140643548,4.937767805430261,1
1.1369275461440564,1.8517171046810799,9.163277551023777,0
4.756729896064119,5.817064138985425,0.6802094514528689,1
2.9516592702805355,3.9186879324193247,0.8949063982611238,0
8.744243603841477,0.6135662919966622,7.753203541683444,1
1.4471888339667238,0.923026367505646,4.600316802572751,0
2.3164096740604223,4.980170245787714,8.19377161603213,1
0.9965815811234935,3.9751682904796692,5.209045538652192,0
5.094869789677188,9.010313105425926,7.005336765887082,1
2.260171410135634,4.61244530611113,9.03807103092956,0
7.9231229203031495,7.134831393010065,3.832964825848997,1
0.3095097979556538,4.621407432450785,8.645792080121836,0
5.480312195612695,4.060937733336437,6.016315297815048,1
5.165408668894946,1.8235186339664655,4.67008656758387,0
4.293850667554965,3.9330328333300457,3.6986834221349385,1
1.929268788173546,3.914500791511233,3.3797035914538176,0
0.32795436939161204,6.864202341816678,7.666383724608229,1
2.519747556207945,0.3908265656002041,0.2654397845504197,0
8.2610925452859,6.228785057327651,8.249642810147124,1
0.9484099040765193,2.5362551489118945,1.5652671296691945,0
6.424730830803656,5.7253991422059825,7.872114696341683,1
0.9209664405239704,5.930728699834548,2.817479211820925,0
5.237229114631512,9.345129215220355,5.363048293334234,1
3.4613474650622846,0.48988624169964634,3.379828467711233,0
3.5413624336116802,4.336942307807709,0.26576141371101647,1
2.817618180730527,1.5511310147828372,2.9189817263413955,0
6.547097624080581,6.791648974222847,5.240159335229533,1
3.1596478152460072,2.507800103244926,4.440198152405372,0
1.8519673204395903,6.235404574352515,3.1284142080584942,1
2.7223901444868703,0.823405345687126,5.73552852183974,0
5.982909442601637,9.366701254730879,6.733094391678083,1
3.8247158525264124,2.385879810665421,6.4155816712709,0
1.5239858637258108,7.314213067361014,1.8138586707129045,1
0.012180845374238913,3.50872315493175,0.8667926717418695,0
7.65775848103409,4.724622523208668,8.03682809481063,1
1.118469854031181,3.385476190109251,5.968531788334214,0
1.934218061040578,5.33417783374563,2.978203820623712,1
2.2149023496163975,2.0207982697653417,4.759593766876168,0
6.62066858404743,9.468537695541162,1.023363210201721,1
2.847448878679991,2.2153145323526635,9.266021723403849,0
1.7818244415646534,7.644738701697303,3.24184745510971,1
0.9412344622297597,6.051304218773547,7.164898293533287,0
4.9160058638816935,5.296512291104648,7.180339120365634,1
2.761159334986888,2.3432887521031356,7.9309363787967975,0
2.6650662633050226,5.404465729406933,2.704663908208784,1
2.3280645542323564,4.074805830742675,9.318767509756643,0
5.7654272519345415,1.4538537284860586,3.5847451130088857,1
0.4504042097338967,4.388545151455273,3.5327958143477733,0
5.782582634498742,5.359127326001017,4.465168254024766,1
2.723347866640553,1.8292445658756429,6.457912652894194,0
2.82700920691099,8.288809011924608,0.8889045584940825,1
0.2578851777308522,0.33791733737220664,9.645835480475299,0
8.09907288483579,1.3363062760361466,9.484464911815628,1
3.468981801508446,0.3165278126978688,0.13296294844655887,0
1.4229218161153256,5.916026433196274,4.186206252610562,1
1.6969662741175617,2.9768860031167432,9.637190503182145,0
9.708386061717563,6.642351435807533,7.901304955554757,1
1.573794493999453,5.376527001397939,5.482742630085703,0
3.574789305457754,6.2295195323397,1.0242788931969604,1
0.28391634377303854,2.9269007112515832,5.87407451226698,0
4.7804516163448145,2.551608269216378,5.230953868831295,1
0.15061058630218338,3.042501568455813,1.0742172515264026,0
3.843168491018636,6.718694190050371,7.320742200708156,1
0.7431150366754535,5.608921234069131,9.94767143231825,0
5.385478863221852,3.2198349674161952,2.6417662582981674,1
4.716486101269534,1.750364551724266,3.8819590078214805,0
5.0159543343716155,5.074699840070648,5.209008907959919,1
0.23830229420500837,5.482009288284782,7.665020075424042,0
6.813312816292575,5.396269580959414,0.7523172262060407,1
0.7646354604411199,1.9050564559388983,0.5549442736846688,0
7.815523370198976,9.951176210836884,6.00005294791372,1
3.892494805944665,1.544645949132717,1.9698168227248247,0
4.948897178245098,6.066586977748917,1.6755265918894757,1
1.7821885411598648,2.1944160982306284,9.16242595575546,0
8.135812215352782,0.8941813399425902,1.266617419520908,1
1.0061903555056473,0.9578409076475569,2.4727402193328896,0
4.964757451166139,9.20997516559329,7.596193665709716,1
0.6510180922944719,5.570750422126304,9.99655846722311,0
9.389672904317637,5.356457984006501,9.397833024913405,1
1.6874478520149627,4.8324434233868,0.2259902326253349,0
6.725965992252348,3.4970477421700705,7.229877208761241,1
0.8962680652778143,4.213387347866158,8.763700188361728,0
9.527661353647776,4.3673251667908115,7.122992050772839,1
0.5244319162171462,6.123920303082109,8.124815778307369,0
2.6820561564309164,8.759984759689587,3.2173242610012966,1
1.5416846431375542,0.4228384198814328,5.9315044380008795,0
4.07765946900324,8.822895835708158,5.112056338057687,1
0.35489377246360365,5.527129639571177,1.390675548274255,0
4.972646614707678,5.472621245912683,4.306737321677883,1
4.160234793508186,1.7843682701941077,4.616616919156114,0
7.1957598719464935,0.8243408165444377,2.1152014383561637,1
6.234740410699321,0.06854301742671098,6.820054324704808,0
6.212569620415886,1.0403899426688623,8.733017715864303,1
1.7004499986893096,1.0421959948653836,9.882325310178446,0
2.0848595246823054,8.233889227588078,4.00670893803173,1
1.7802744740011878,4.935730864743083,3.8303585928916695,0
8.135253876267887,4.341030273383129,8.334997660380552,1
2.2631843232770956,1.0510926800708875,1.378024387601231,0
6.358231800150636,5.609475051026091,6.304005381913036,1
0.5622607561037463,4.633751275759926,7.324951883765429,0
5.874834815590173,3.7486288657664746,0.544280915188321,1
1.7355199793458176,5.226319132250881,7.039722614959809,0
7.239518443491191,8.758523645578629,8.966144223772467,1
4.849008494553927,0.5998133058908628,8.402803006085568,0
7.322177036461774,2.74537342597315,6.327667827861978,1
1.4561126381313694,0.8723869289262176,3.133826157142118,0
8.114715760022927,1.1553708004618113,8.443141791021432,1
1.2970146552816686,0.2667146549570698,8.273814937007849,0
5.784925253244521,2.467189247499938,6.894331545399118,1
3.7607700192199256,2.9740079108387665,0.5595591003229317,0
7.442558039061938,8.330021134918088,1.7720707765535804,1
5.033185113637345,1.7701666313100684,8.325365053590081,0
3.1210010798733623,5.756837708906782,3.7128646903266462,1
6.3191115710217405,0.09823639460113553,9.090950170159836,0
6.287924989143013,6.691687718951812,7.103570420501926,1
1.1327181145653098,2.937587273526767,7.134730229601053,0
7.684833144602607,5.873737506385249,8.626468583646718,1
0.3431345902145422,4.2432012115148465,0.7581836864655767,0
3.356577802568108,8.750323426305332,0.39292534404665513,1
2.362642360183904,2.3962462851612756,7.22538485145623,0
6.6056061617315756,6.36429398118748,2.2068562511897074,1
2.3962466576250305,1.764955228296945,3.981822675496476,0
8.714269333871146,7.412380406096251,0.47941054150692386,1
2.6675849429718457,1.6943125064378994,6.321735756807892,0
3.448569438741159,8.272445359474052,0.17442660114378228,1
2.3563410153859907,0.051265189052981386,5.498144055632257,0
4.191223908513186,4.188331767602046,2.143740032549335,1
1.06873296101748,4.224361260932987,7.201540965098964,0
6.03053557565477,6.825135281383735,5.55946617797471,1
0.02150954409290806,3.5168222057901524,9.080891626309132,0
6.15052784792923,5.480287337533918,6.070384173277579,1
1.8433257906221057,1.944914387381067,8.715165941658089,0
6.4194804393687654,8.168414430119448,5.745600118345714,1
2.091207866776678,3.1518821841422815,1.598278382213012,0
6.568684231993509,7.230120119770994,6.983201217049534,1
0.24196003569235125,6.410876470990411,7.122480210013393,0
6.821425501472275,8.69730996978494,3.3480433840777835,1
3.9277552310709707,1.6851966873993285,5.327113532036525,0
4.916636207781621,9.84117178608124,0.41750271701414765,1
3.444769461439745,3.3298986880368933,4.778587357555226,0
0.024798835890935678,8.782430983638847,8.03748070961501,1
6.418744877715156,0.44242723212528756,3.3354038988616064,0
6.048229253368534,2.067459580035419,9.307257842260348,1
0.9070672591339057,2.196916824306813,4.9683278339234676,0
4.0272132618848,4.398489470807815,4.208465231929863,1
1.003859538837626,5.576036836177644,9.8177739052758,0
2.081409883585763,7.3200167074486435,1.4000458529183268,1
1.9980913683888712,2.2285644345105626,1.2484331291874595,0
4.186240909693671,9.04107477203649,1.6780273055119044,1
0.3648371512269355,2.4843726532484025,8.993998375372472,0
7.060381361263363,2.9102372151308997,0.4385857882646693,1
2.201008416580199,3.3112574898848757,4.110680365564903,0
1.2878170805454303,8.153923846883766,0.901593701446729,1
6.362457662813002,0.4088770385368745,5.93242784295958,0
2.9539408884470753,5.179006851478848,1.4357372490366371,1
1.8875565918647574,4.877820009208759,8.504113239543905,0
7.645156941915817,5.7688481537035035,7.704811727532547,1
1.2868634958953051,3.9171814656454873,6.863046535031346,0
5.064780034883562,4.133450932572571,5.765736823397503,1
4.555226587618128,0.6570927359637091,8.789383158361384,0
4.683195484260634,3.2074218989012437,2.2846474026061436,1
1.1188139147347587,2.3172108476746045,7.484130672770548,0
2.01003331738156,5.046796961409417,5.9033207472826295,1
0.5038791460373804,2.948160785521469,7.824326909538547,0
9.293626507322543,7.682034183668845,1.942127708550322,1
2.4430844509569285,3.600616956710617,3.0549298796294533,0
6.185595528262966,6.756956246274559,9.927183635824235,1
2.316643544954683,4.341091948150865,2.3204563171327584,0
8.71136054507723,3.913860360295888,6.731268972383453,1
2.4172387416906083,1.2113818137234245,7.285843915444394,0
6.757756739373301,1.7105938268888843,0.8345574386951848,1
1.89130919919413,4.605645236997702,2.902636145212382,0
3.2309502789657127,8.950156249540989,9.5729560178435,1
0.27218471711394576,4.361544578323183,5.417528903723433,0
3.122968231725005,5.395755538659232,9.930293669837754,1
0.6131373799410633,1.8851376175907397,9.136345198569687,0
8.097411509040382,2.301598937541552,1.9728787841224937,1
4.114723158146928,1.1838562768891903,4.967674935390022,0
5.076524719102574,4.210797366208377,7.129634103829321,1
1.2144889031964923,0.7923085043662415,0.47035188460308963,0
3.7270413082307807,9.99560458756805,5.771272704680779,1
2.3177585370125353,2.5290251592566437,1.9265684714469933,0
8.352937123476837,4.953955919707721,2.345977397323147,1
3.7907251573551215,0.19418064631815835,1.4353212647281521,0
3.2059010083960993,4.77636385480182,1.3835192472886837,1
1.4260133196096525,2.5815505747367262,2.8090329417166093,0
9.413576480543593,2.736076317986169,9.519372899713659,1
3.1191288792401006,0.7019601423920208,2.0728381478396116,0
5.311590899876764,6.875550926105961,7.437807498724115,1
0.48966303831024627,6.046449087477161,1.4385839225449881,0
7.474649936296357,0.9368715696354724,7.040064548045214,1
0.10275675281459451,2.061673638299025,1.81715272613851,0
1.8960302750653668,9.541841733597725,4.784180154502583,1
0.08876605045409103,2.801508991455428,6.16425578257208,0
4.661393353673391,4.811959207458867,6.622003216225087,1
0.7967328393030138,5.94261386047819,6.3509469860873216,0
1.9318347195225927,8.581715930516955,1.8481982698234534,1
3.18434787861721,3.812347010343504,1.6008187169788357,0
2.5319567330517936,9.063983715211517,5.817746298615749,1
3.2927492297802443,3.3109766643865637,8.695069825520997,0
6.303499881595629,2.8663230883110558,9.985080277098175,1
2.3135149435843716,3.348486042052751,9.077415347320617,0
9.37400276110104,0.08577815753063822,1.757537788379857,1
2.742371348895827,3.8043519844363862,9.533125291593704,0
6.6223875766252025,9.109573397322157,4.480642142100689,1
0.3771913789834369,1.0308690277811716,1.4633403826166569,0
6.528328998653432,2.142703025000662,4.840687652657236,1
1.1081085287831816,5.456406759710242,3.0678031145003493,0
6.380430158781355,0.7255204705630458,9.909255432980364,1
2.4093103571298524,3.6417901260804153,0.17325444599970652,0
7.558477316323704,6.993966194811638,4.731560005215533,1
3.4487871160421237,1.6404841138831328,1.835915316513267,0
8.561787277315624,6.1267522618236185,6.943799405506901,1
3.747041299111781,0.06572336815668378,1.6757728455251353,0
7.648637719191392,9.147815800456238,4.004385489506256,1
1.8258144676361032,3.5952673374675745,4.768898066685228,0
3.2533934959786803,9.7047672364903,9.092779591439614,1
1.5617679825950104,0.7394323346826459,6.234323168206664,0
8.865786876242781,8.141321215603384,1.567008488287499,1
1.6449832195654113,3.368859820714979,1.664257523431939,0
8.032874061433905,3.5890311271935813,2.3830709517084014,1
4.162009884415326,2.5249015026757773,7.03141993613427,0
7.329424915864089,4.717045335208537,1.5655967001310778,1
1.6646211142497358,1.9723458639754432,8.52077055561992,0
8.740450250527239,4.828972730235062,3.8499371644515037,1
2.7618837908208302,2.2787100071371915,9.299049022005713,0
5.809398386595045,5.063609485305685,0.7730100605316381,1
3.9005127397552695,0.244029985805998,3.3469388421795756,0
7.006672137250279,8.510998982411609,2.03152926529655,1
0.9058572964570677,5.5239589897591435,4.473707716774371,0
7.988048160481524,3.6099577155926776,7.643342032608325,1
0.352745725185577,3.54277860524384,2.5066253631485247,0
3.339329863801872,5.980313662063135,9.365005742475299,1
2.388018086518453,0.7886676872667564,1.8614371698008303,0
3.5853529551809293,9.66586000564803,3.852177663725916,1
2.0255973415152217,4.673006683199127,0.8622380464877455,0
9.350388848467928,1.445757322486787,5.306315540006249,1
3.740017721966492,1.3766757219598769,3.4124234368356685,0
6.6206745309253945,3.9545542634793875,8.959550655231856,1
3.106091163739433,3.7980149585309784,6.939475583780838,0
5.120609269754634,6.834740044594167,7.3874890745874495,1
1.3387415022515514,5.640773536001915,8.122821024956902,0
3.291068538489638,7.472263880702138,2.4343810454007517,1
4.191331423066048,0.6351827060222315,1.0512774817451653,0
6.601096637770954,0.9808799437168314,7.17864070607758,1
4.475998989712729,1.6800186256857808,1.6422238398729017,0
3.4056569243570545,9.949443166805551,3.935361428228268,1
4.0721053765386594,0.8248711835905664,8.777783018146827,0
6.923563652760913,6.968599821090967,7.420909717669084,1
0.3517583179617245,5.535738848276091,0.18280923779674385,0
5.381524356005615,8.28811973923338,3.539064010650156,1
1.4799230820986042,4.644952056628928,9.645149699800193,0
7.92458931794561,3.692626381496289,7.311117830383519,1
3.27238376774297,0.029624461605943786,7.45892328118826,0
7.970643561257989,7.378235274984802,5.7260450940687315,1
2.444447466743692,2.080070914331489,3.458268234615236,0
9.33540686485092,0.4132124457074593,5.579646456844251,1
3.496434788239615,0.04111391126303876,0.4084995171172201,0
2.497102071346525,7.3079773652187,2.7378539418656036,1
5.411785090335201,0.4169962512230485,5.060481474391346,0
6.221957578777348,7.4295616984306125,4.10771607265359,1
2.867835483632324,1.5587247276136718,9.527357877093504,0
5.079161095809562,9.999187444465603,2.6163216960279123,1
1.7831379726186491,4.610353385760334,2.7585714839008943,0
4.022544406730784,4.360712063088466,0.4638042132296216,1
2.812976210863188,3.513636047986941,0.2343470653986579,0
8.411705005652777,1.0988223681726517,3.66182013340967,1
1.3848902707578425,2.940344397459768,4.773976742475958,0
9.983445823791863,8.550237976081482,3.027543055881509,1
6.799305994629301,0.03244923103310926,4.633535633478003,0
9.524900721659167,0.17178636687254945,1.2623546565689325,1
5.242005091999657,0.6501168011291891,6.9066091654007185,0
6.527612978400594,6.756966178011082,0.38272654287015206,1
0.8159650949369346,3.855490636689055,3.1957388751853033,0
6.1143506990034115,8.728326538624652,1.1093095398772745,1
1.6916300199756362,3.661064844111359,2.4992645250327303,0
4.624673833764397,7.466986861025335,9.68239249216516,1
2.894635789122002,3.321707380554333,7.303383067720246,0
0.02109325815192853,8.340337425912473,4.183908308228296,1
3.415035451969395,2.4421706336253433,8.372050072474696,0
5.208226472857031,7.415674202435595,2.5870930449400786,1
5.40637413969594,1.4366673342456893,2.713052574809922,0
8.95465817973385,2.3448548038741626,5.929474179460779,1
3.6013526378518645,2.676632553875502,4.374083198036413,0
2.5835629037095673,5.834471535416727,2.3714666196559584,1
2.7902094304456506,1.7080029854150092,3.5178985688841893,0
5.107002686947025,8.45885988158011,4.69799487573721,1
1.0329993895827838,3.3492788370882765,1.7899518367503386,0
6.522533721103711,9.959473354032719,6.1406026845963755,1
0.8592001957411544,5.956684227155322,6.492133251048841,0
8.035644023906158,3.4047137989809153,0.8737054311019676,1
1.7036422687750008,2.6736994485863996,3.031242104365898,0
6.783555208133434,7.770425216734354,3.8578408328189493,1
3.3709324454400758,2.7909744934091885,0.44287289799346263,0
1.557286884855702,8.44685261312581,6.3801427159450395,1
3.861814769947902,1.6759806301220193,7.860178647002833,0
2.905026928734528,6.578640888177355,5.4252977838546945,1
2.4924077234791833,0.9327849574794755,9.489992899403484,0
8.047920679372323,5.6793265050559505,9.384339937595055,1
2.512804226617411,1.5714112831423477,3.6149994838836452,0
6.201835448178002,4.7727602694374,5.039559409496437,1
3.090705854515737,0.3146499528096358,4.030913255673392,0
1.4314566432300857,8.566466007782902,4.560551153350673,1
5.44211149608156,0.50694500053163,6.198913519611727,0
9.75081680387033,1.9787717972967755,4.213113894712459,1
0.9757327693115991,4.272856490810103,8.50064427518398,0
4.622034339402756,9.205131561688633,7.338332159095851,1
1.3862411270577124,0.9793230031999289,1.3269182618347664,0
7.242907815472818,9.56227946961194,0.8826337573851462,1
0.25572474624347863,5.138545746019969,5.015243770508998,0
9.128936427892015,6.949457387706623,4.707588752997719,1
3.5886437866820318,2.1757148446266603,2.8403841631199986,0
2.5671732819304105,8.104093544567581,1.4650535979146817,1
1.2789308320733428,4.15886418928031,7.3601206477327015,0
4.350193660505868,7.819857557122424,1.2613424656096495,1
2.8944564746245014,3.166798634684853,5.242701907134562,0
1.7116294943304866,9.222038794597356,5.135472699171528,1
1.8443857441017086,0.36188138467994735,3.368273974392718,0
9.353363315417983,0.6961720940626548,6.141406156646891,1
0.42726544339177885,6.138703755416362,9.725572112933506,0
6.72672690657869,7.948759687389221,9.094748514956493,1
0.9678936589215681,0.9835115434076436,2.1676280525728906,0
5.648964620745885,6.345384650528876,9.245404962429806,1
3.853433436508036,2.8597903278545935,0.21742188995999445,0
7.595162037386089,0.9770159915503973,7.781905046471691,1
5.072466509267382,1.6963960820643975,0.465099195984614,0
8.804303178881103,1.8732947656272447,9.583223039324993,1
2.5087013232545,2.9859871467053933,1.8665744025495967,0
6.919205664223258,6.211502647395502,6.630849790148817,1
4.448348766649989,7.5355312861648605,9.82862921891757,1
2.0611461965170284,4.350066693250904,5.6400822977462575,0
7.368203813962771,6.324188167290292,5.142222151384922,1
5.059130537726338,0.827718004092024,6.7364579472643324,0
4.109282697815834,8.064405028105234,9.979277469914843,1
2.315755362652615,0.8707850274705353,2.700665402126059,0
4.062382828775839,5.445925217228519,4.193651376146539,1
2.2939563699017427,2.0287763539887447,5.378663644131349,0
5.590991881377779,8.221728075245663,1.935717628935476,1
1.1532302914085746,4.348638487176536,7.017895164014777,0
3.591000374869248,9.545346800071515,0.5337874958335342,1
3.498318666519288,2.526169445716202,4.757424184239377,0
2.6238193399470333,5.772181008864551,5.209895350259794,1
3.127604641082641,2.4878811459206784,6.090881661091348,0
8.150695221109785,1.3965854113730158,8.91251278714212,1
6.035571029519225,0.0043863999904369955,3.935322400950829,0
7.338853541456443,9.765039086417994,8.752492113162237,1
0.7615848915661594,1.4166107133165395,6.083337753558444,0
5.944956670265366,6.862331614063723,3.4793324577189653,1
0.36102526311184713,5.555097560922151,4.887660012240847,0
7.657842581685266,6.242097205168857,6.844467918460438,1
0.25742718245455265,6.58257778552691,0.37179033221872104,0
7.256981541643092,8.780966629529129,2.193481113874889,1
1.3619176383854525,0.3733314873252669,3.353387996448194,0
8.392205377607457,9.779552860493268,9.707012066286492,1
1.389740310934241,2.8051358610462396,1.125569160506985,0
7.966295479596555,6.211175141818187,0.03918251823730068,1
1.036510172444326,4.250537921186161,7.626991692120406,0
5.720843377756729,8.469102691551258,4.47594651569703,1
3.673804021968241,0.32311112408197173,4.860021163077242,0
3.7282965768971033,7.956169142911582,0.18108117835334836,1
5.743960515847327,0.856315365110748,8.917420891434833,0
4.687965292588628,7.451605565862362,3.0324222164613177,1
1.2251417874239456,2.155077209688685,8.828550588317608,0
3.8699129902416396,9.287588039961406,4.583437466932856,1
1.0190500211721165,1.3270830429317138,7.177829880576879,0
2.111019614118219,5.414279303523017,7.275458257256785,1
3.314451134591365,3.0764381490517834,6.4391062877227965,0
5.127760735315542,8.671470127075194,3.4111117508549826,1
1.7187180276138936,2.2546790444515175,0.8918887813954091,0
9.491943546597481,7.955176792141383,1.182149288825154,1
5.559578958994688,0.1207518802727181,0.21367833784186385,0
8.757972771382983,2.0507156756038203,6.734653310457449,1
2.2375005629379094,0.24051092151124664,8.674463704694027,0
7.2793364896606025,6.7036170803580255,4.532579323477703,1
0.77114649244855,3.146949399832657,6.906597059150238,0
4.79133665190348,4.9264169852820485,4.725176829365395,1
2.130954511989543,1.09800617196121,1.557089895826127,0
7.887618552505113,3.8677164019650623,6.5243364314126975,1
0.06239261357744552,1.3648048062534612,3.606820985636836,0
6.0673107637051675,7.887009182539058,5.1689830295127415,1
0.4586600269702634,5.182570793746073,3.2864173451469214,0
8.421208629998624,2.689280493967905,5.742844592188736,1
3.455549106436111,0.8400572613287027,0.9800815995252898,0
7.665378370869199,9.550796010768238,1.9133071927321388,1
1.302968049358606,5.299705630481727,7.747797090189744,0
5.123248510753669,5.462373638887572,1.6603668701138319,1
1.138657776765809,4.693471697890843,7.886959325284386,0
5.846171557330684,4.350010447378162,1.8839915890497372,1
0.9096375600082418,0.41991862344833764,1.0138416841443376,0
7.064613819060435,8.201735187167456,6.750156002600431,1
2.9060292555496914,1.0544102035935987,9.91990236870067,0
9.206899276464696,5.677699195412113,4.7265750181445405,1
1.5390042792864145,0.617117303819017,5.102342074578386,0
2.5796111318581607,5.281954813326337,7.745802441434914,1
4.9502455538763925,0.6202788560166916,7.716228020228568,0
8.464497026794858,3.732093569663417,8.989124182840799,1
4.324090197164539,0.144469969705171,1.2578329455182857,0
9.572541819614948,1.1279269586042617,3.2583296392198626,1
0.22149291023700335,4.645313680662775,2.563825504809376,0
9.850611812303477,6.574901332484612,3.7567289459967936,1
1.5167758599825387,0.5940638008911414,2.556704381122308,0
8.525334557589119,7.754867017784472,6.049158229113116,1
4.809177472938378,1.980226813497048,3.314065315232698,0
7.660529606755935,3.5761687069670476,4.424382476389387,1
0.3340442997355564,5.119074750536146,0.3333999444689928,0
6.328061553595633,8.668718951185625,8.35765611300896,1
1.218624341570258,0.2373556862535653,4.5917457135451905,0
4.947202015298301,8.836167004564993,0.37316267729490815,1
1.9661804393153715,1.452932336905397,8.15831301909251,0
4.378473147269915,8.083088972633231,2.8973160968663314,1
1.8928104560122716,1.9066227694981253,0.46503725751854796,0
9.229447896467232,7.538483057582155,1.4198132223484183,1
1.2270572461278284,5.26720056034916,7.421257380411421,0
7.916760315916718,9.170081766997715,3.0536756417974775,1
1.4449547979588562,3.086647592068894,2.0173394952411314,0
9.540788157055683,9.677367872497321,5.626154126998834,1
2.8967125494431034,1.5448856662292643,7.197423676834499,0
9.146028382275755,2.907800529613609,5.568993791757212,1
4.676643548082434,0.507058160684084,3.9050618158783834,0
6.653414750807869,3.7049610651913802,8.071256915754027,1
2.6569601505470644,3.3453833940114075,0.7664662908817588,0
2.5259848897394277,5.766169532550394,8.610025502415304,1
3.0097255408295687,3.598185124175738,1.2433895861230748,0
0.17049684762259432,7.490750793699049,6.554930365924471,1
0.7448137519785181,2.4019574156500267,5.294099089992715,0
7.448725633962092,8.639930420812513,8.642544351603346,1
2.908862509093302,0.5546283275888142,3.292440908610873,0
4.213177671825021,5.616713088014711,0.6052858454086818,1
0.10788916681853666,4.940562500358192,0.6824899182172828,0
8.77865153575617,7.984401384695979,0.8010308264720578,1
4.1988389952523395,0.6224490165581609,2.844824419637866,0
9.1813212966656,5.924206574696369,4.2787836819996,1
1.7784266493485645,1.723742625002902,0.8132322169429951,0
5.742114616600407,5.748636861361637,8.95712749682701,1
4.038317746539892,0.29539474752685035,8.58512853134451,0
5.610728522129694,1.4101402104964722,9.595325085142544,1
2.0369232477872434,0.15299848483318002,9.645749811064675,0
5.215143031219116,3.3748169594047415,0.8022060643614526,1
4.562804329906819,1.8750941726343096,6.133575419971901,0
6.265819704779353,2.0980042779010146,4.856909748630212,1
1.291922108184833,4.70509131686343,1.6071906913077616,0
1.8610931788554463,5.9863798665390835,7.284991972404886,1
1.9678875071721136,3.448718369936418,8.884839662465808,0
7.545210458764387,0.6820160164367728,6.309375993749833,1
3.0461740004628868,3.500926102200067,1.4596778994978898,0
6.539364623424536,9.230412169734256,0.782650038758077,1
3.901940079556989,2.5535564071197294,8.994767041606844,0
8.408901196026896,1.7793066972431626,4.347883134329286,1
0.2596288972789351,6.532957921285403,4.858038021632078,0
6.507035969107613,2.7158521061766905,7.317441039560397,1
3.916699163189997,2.9612533340569094,0.21315491508496653,0
4.142536168278812,5.986223293632381,7.2091035712464375,1
5.623194435370457,0.554634513715937,8.550068844412047,0
7.170866835068157,6.166516515021584,1.728065852643259,1
3.8535233513261833,0.28560389453434976,5.2460920386269,0
6.827469923628426,1.3483212088817953,4.839179241789138,1
4.507599814797082,1.7969748621938197,2.2119535398171166,0
1.5122313830570933,5.796472388811683,1.6155654906903516,1
1.510260054406124,4.326762826120463,9.214028104519482,0
8.268925910860714,4.599171021192484,5.705145440845431,1
5.292644237991368,0.08258180409319693,9.219861083673123,0
5.386784890128765,3.0480594838287898,3.9766079792239593,1
0.4149316029627903,5.616623922013102,8.311238095946132,0
9.340685630191455,4.743550711732377,4.139992687518443,1
2.349751531841784,2.451513635606334,5.6945234825452085,0
0.09867768053697379,9.576115798411847,7.644954132677824,1
1.5602381479798155,5.332294721211084,5.695549869616928,0
1.6173855967759587,8.081396436939087,0.27649793340824513,1
3.9869792537401736,0.13122222228768465,8.412843229629829,0
9.726511164993747,1.282268583647126,2.4582153143790277,1
5.316314403926196,0.8988096514206212,8.015118679716247,0
8.202742274823049,8.953467601630273,0.13492107463467407,1
1.0060570270340674,2.1209306299221717,0.775460916864823,0
5.814348361078782,3.522692759828714,2.4510389474029104,1
3.0021508423796597,0.2049035781972186,4.7860026917775835,0
6.737909621944812,3.0871224380857964,2.4124085855056476,1
2.391700595803945,3.5843345068381236,7.25675320095935,0
8.155075300236415,8.886572559881392,4.641715539036043,1
1.0342294261254437,4.842199891337539,9.210168748690833,0
6.430960656757682,6.960803828110223,4.7337836875237365,1
0.6136904682116906,5.087598881808089,4.338987268366937,0
1.0559394962975899,8.56484195013706,9.42475411154056,1
2.672590113073414,1.0701045257783137,8.367513216626035,0
6.541666988493276,5.573594668536347,4.546265436328174,1
0.8772065719833533,0.8291593762382421,1.392627969971747,0
8.359864270844211,1.6872480266431122,0.7281533320652511,1
0.2779513615809992,6.528870211467639,0.1530733862019995,0
9.312614314596225,3.3298126747964574,0.47885425988804853,1
5.080357753817703,0.7187007512048127,1.8447345797383152,0
8.496899509807674,6.301952977075853,3.851526165798995,1
1.783153875159087,3.172977368597497,6.1260346765711535,0
5.358846959003467,3.1015134759656124,9.970640397899666,1
4.741260971564349,0.19351387260066355,5.706998070081221,0
4.512730349999934,2.682675177785944,8.239708622204319,1
3.9264227967809315,1.3539804655376309,9.772217530488929,0
4.751758357366695,7.67888988763713,8.662221428299793,1
1.305347051784782,3.537328109528998,5.189836791496319,0
6.753018010459112,5.449066375566996,9.071721165978143,1
3.395777707979252,1.4702213211058668,8.523241968123589,0
6.3196768794840725,7.6941512328928425,5.3413683253643445,1
0.6353678306495791,3.6274778543892183,9.579062096601604,0
2.8426157226278512,8.58324386232816,6.146052459064489,1
4.9939258179236115,0.9067702180059822,4.729518028637109,0
4.445936690224767,2.96122911676701,2.8698211582091693,1
2.508649610853003,1.373715736188621,4.727811517471212,0
9.706831719850346,8.787854203311783,3.1801128079543393,1
0.6328834840153252,5.705303803232848,2.0542239408942056,0
7.8555069321411715,8.885025097029791,3.6008687768537975,1
4.33094070144734,0.7827964069647086,2.1110684177187067,0
8.55807653001844,6.15318882092839,9.583229028044059,1
1.1400902498083887,3.4072877887703337,8.279229871171733,0
1.5821385617990413,9.424899798891248,1.3605651828350218,1
1.4902616530533364,3.3611743836022887,4.940056100047805,0
9.580872803990415,7.909194013318475,2.825014449976193,1
0.5837095470624676,6.134623085190519,2.6880183322429883,0
8.68539637257067,6.525198933356079,8.583094966879223,1
1.5606174285695185,2.2452929420151935,9.551222639563399,0
6.602473768434987,6.9125228244509485,4.7497624050816505,1
3.4922491466545456,0.47216671673330435,8.972737619678815,0
1.7255167074041178,6.246230518626864,6.708001153302852,1
0.07615571389531617,4.031284441916371,7.980066186495607,0
6.7739116281851794,4.011182116088876,0.2837505848791333,1
4.815782876047505,0.1218683161363443,5.9280751943687235,0
8.418970982677195,6.597213323138485,0.5360242140301519,1
1.635859708473435,0.6358826226697722,2.290933150220523,0
5.624454603047482,3.126037167831605,8.501587359912806,1
1.3637157477752526,4.19147743967398,2.1934169329096576,0
6.468677909557544,4.691690400967767,7.334199423084876,1
2.2370489749726774,3.059238544709566,5.2671995670488645,0
4.709565757309784,2.6931758372883174,4.881075190700942,1
0.45970284292212615,3.6369281795194763,3.0486302839141253,0
0.5752484251312096,9.747920619545374,3.513814233624645,1
1.110566560106797,4.5095316896360735,4.3863352787496614,0
8.374528534468691,3.306689974114707,0.2775528013155948,1
2.0244948169038657,2.49462727368033,9.7859545026757,0
7.157715533916509,2.244908146259268,1.3487328670394383,1
0.8566979823807619,6.132209864651283,6.628149699610258,0
8.23488443243959,1.9292905306761199,0.6979898666623585,1
0.6999370680162398,4.35140059873797,6.908479487372676,0
2.5089585270771373,5.503960259362268,0.3898373928731347,1
2.6524534000799527,4.036100536455001,3.3051426760099756,0
1.9538628275779213,7.503845485781819,4.443577032367044,1
1.545004358280655,1.0270659832538453,5.688846400900988,0
4.895711337526485,9.141573090284197,0.7330653332765757,1
1.3836456550734721,3.79520854485629,9.022826005620225,0
9.051276437438782,3.887342346950838,0.41595892214716823,1
1.07401130751405,3.698338375170922,2.541741166572863,0
8.533602862299217,9.583242096232622,9.779667415971417,1
0.011637380137121678,2.878550240239186,4.051986398282212,0
6.003583631922261,2.2178527551042517,9.094658621650755,1
1.3650770083174302,4.151735795106983,7.3400591246324005,0
1.2987960664761433,6.363940908330217,9.460202142384224,1
0.3033022121247908,3.6720354307734016,4.587311194303575,0
9.670974347031288,1.0663771628581065,9.472388524464929,1
5.309933061103109,0.29329827005794007,3.2177720856802274,0
4.365972175793495,6.168253230875939,8.641513625074698,1
2.6282879363401825,3.7665077822607618,2.9650337673055116,0
3.2359031806016003,9.958404511946519,9.692369306444661,1
0.1751073840069306,3.159247405729979,1.5929389466991428,0
8.248403630122427,0.4015270672751059,2.6089253747211405,1
3.491501597184181,2.0198715294466862,8.339898602380794,0
3.268997307828644,8.16189019099663,7.120615897235466,1
1.3618583513916316,4.0128395715295095,7.561640781538478,0
1.2746079473532945,8.922402834309741,0.7765251335405354,1
4.48117039596612,1.1114042438618643,5.380965305201207,0
8.607338907896755,9.145440561352927,2.1909978227643956,1
1.0512559599194382,3.3748200080865933,4.063217235743358,0
1.698388335753579,8.261832243657357,5.755680183211216,1
0.9392119197294913,3.523114234137096,6.925206698389666,0
6.543907944541573,6.918538303559466,0.7467363699026841,1
2.509655409534245,3.2212836006013204,3.680643040323992,0
7.363302449189085,6.53961817462768,1.6688784126645617,1
2.0047612951576985,1.0624937191219885,3.0065755954554865,0
2.400622728455366,8.660959651540722,8.853452716694742,1
1.1488542237030708,5.743015955698119,9.129047867105196,0
9.082555196160428,3.5382753926646693,1.9266123704817106,1
2.043645501736858,1.8899481671426965,7.9064473542560245,0
2.3828647149486724,9.459112271776277,0.4265600801635494,1
4.274826734309781,2.2477931467399603,8.942362959200516,0
9.652347823094615,0.9045658780118482,7.059761098123167,1
5.212371098040926,0.07795261885544136,3.289558443966336,0
8.860088156435552,2.398572320704714,5.391464489401726,1
0.9762019520073151,1.2790973890528023,7.9320504420122475,0
1.5476649943967413,2.790893628152533,6.4531260102956844,0
9.007927103383405,6.34849784693326,1.1624679464996346,1
1.0451943546253761,3.9401673391813343,0.9060298445096937,0
9.764418900925865,3.1006981243730936,1.017329586277551,1
4.821089712954931,9.704231499330277,3.4165642885290515,1
4.264395135142046,0.6188919984644514,1.6031385680199262,0
7.64206320612135,3.065331484932207,5.216828901639067,1
2.800274997227059,2.170192069049918,9.69096458397997,0
8.170996025201703,1.7004248864867966,7.828003096250913,1
0.8239026883074829,0.8541994095764383,5.572183328316721,0
8.184641012937643,5.670547126621576,3.44534729100706,1
2.129370597173854,0.530459883933434,3.0017215185289627,0
7.094382802560444,2.293618783442315,9.137757437991295,1
0.6324427609246197,0.422953813885385,1.9297768724842157,0
5.88137357746138,2.6889795365412916,2.779756145098461,1
3.438196877805977,2.576240454472518,2.923404802775459,0
4.15719504389462,4.297183299061585,6.45513490214639,1
4.481096937965963,2.044479784003017,0.7352894323889059,0
0.13744075470405903,8.780847787600766,4.0502217587922615,1
0.7085108773699433,5.364230051952392,8.151370686347848,0
6.962501423290214,5.437372236745192,2.169091874908683,1
1.2757820087778837,0.9178694231588891,1.3442967593543298,0
1.192658631140594,7.981745077987007,7.62711627895751,1
1.6364245563798518,3.733893188624595,1.3220750850332896,0
6.490973952406874,9.500177031314132,9.177319071515948,1
1.0103611711298155,0.233958612762164,3.721354325682836,0
6.660457536608487,3.818428788589656,4.814478208002438,1
0.6481104153994444,1.2022031221871565,9.76114680893893,0
3.1461144737897495,6.047227158190827,9.440072028236326,1
0.20455403797232874,5.834812758725574,4.9486667511144375,0
7.100624660830748,4.270146519609312,1.485937434077832,1
0.4358867446800674,4.549760646395705,9.561155155612441,0
8.970633773415035,4.364858115025285,3.545285222943786,1
4.943613082175554,0.9992053691427427,1.626865982248581,0
7.496830397710301,7.658481495277601,3.124364545924867,1
0.5189671957603603,3.414893788032396,7.7189206388625875,0
2.113717375357347,7.014225402212554,6.197833013099205,1
0.6044763939839881,5.645597572933712,6.397839760796749,0
9.474346620572224,3.7403808028100336,1.5404949520452704,1
5.595296940660761,1.035218281082242,2.324025866280647,0
1.0083661466457017,6.74488255790878,8.42434967347895,1
0.12290277732415089,2.8883612359139867,0.6484355587360746,0
7.939166862420855,8.565825733404797,7.654854781710705,1
5.88199525489385,0.9540523195006345,7.409228567251843,0
6.7250174210521845,6.958967813738683,6.6856078041703135,1
0.11388117324806601,1.7581221913689604,7.082223949989121,0
9.78088249203502,0.1775545934466627,1.5314571465472737,1
0.6777052791920035,5.430102306665634,6.563375655417869,0
9.98391538239398,2.6048647950919266,3.421113808398001,1
0.3320574653105579,1.9046779610927134,3.18277278494153,0
6.341661448401254,1.6894068557161201,2.4868398146766446,1
5.847751691344726,0.8199268484340427,1.9586105404263465,0
2.7167401207258344,9.456640661311623,7.305866487086928,1
4.687177655624101,2.104676674944539,8.352064274580727,0
4.978115285760847,7.416567875504375,7.290947260117723,1
2.7003070566906717,1.1127801649751679,8.406535027243159,0
8.603038501614485,9.768384807807669,7.154741460457745,1
3.329012439489957,3.4129355505015657,1.5140116412818705,0
6.145493588877916,2.6608908460776206,0.9676399118528078,1
2.669083566603824,1.98157843730152,5.353305300642846,0
0.7100092367800526,9.677720301946474,9.197820898749068,1
1.9511456284509732,4.086622115696256,6.500090485417691,0
8.23856893468369,8.05991221913379,9.638698129607848,1
0.7370566347161489,3.6142419874280174,1.9039513133760078,0
2.85053383046578,9.622317642784845,6.74289310158893,1
2.398295478807454,1.958869367560555,4.9338890233250865,0
8.314974682838137,3.2642926241480086,4.752773844785207,1
6.248397563612487,0.007152772851242162,9.895250086053908,0
3.0212799917629907,5.37325467465291,9.16491569009376,1
1.5073006122245625,1.2281099979048826,1.4320806946967068,0
5.863801388520333,8.258538934768579,5.296925265972474,1
2.0538393327101447,2.8723046811119612,7.028009313090244,0
1.8903451211475297,9.27588147881649,4.096786561974227,1
0.24042417358450807,6.5895921806733,0.8612228315127435,0
3.812771227157538,9.724331889186526,6.267413784323631,1
0.2836988915392402,1.9589407097686395,7.407377212484505,0
8.716114877718875,7.337679615840447,6.216938505690033,1
2.368416839667018,3.7507476417283616,8.26474384174446,0
9.752075382267261,6.0313476170184,8.349222274804765,1
1.618234629455525,4.597819583599798,2.463803721245462,0
6.269122194417421,9.424858351447329,8.23932448836108,1
3.792025748031728,0.7507312329697469,3.1987830084326543,0
8.864159605555368,5.089204381650946,7.207874339231898,1
0.6775110267894779,3.191009386716458,4.763513348069202,0
6.8480663806739255,9.596872033923347,6.520843336422882,1
0.4023419806257056,6.475018209583769,1.2800303672782642,0
7.7245263306479846,8.244068330215272,3.9394172812415897,1
1.331075836560014,2.540789504633514,8.108226004541248,0
5.710657149209863,1.3796554475329281,2.3242264532619816,1
4.293192344779621,2.2472873241128744,2.5098118578633377,0
8.42422292743236,3.5700838600538,5.7667299816534605,1
1.6327824565470628,1.8340675263102935,8.230807083547177,0
5.589343623852077,7.507413551921563,3.4584431461663154,1
2.1498980407507373,0.8577350981290799,2.826704991041198,0
5.208543686433577,4.031103946618254,6.577535225362322,1
4.387743633499571,2.443834935235306,9.268006033047502,0
8.278699762464969,0.8088841046880724,5.8064570045348285,1
5.229856002961889,0.593003687225877,1.2999844407243444,0
5.188701044975684,3.839324097597965,1.79898580762896,1
2.9525770794573636,0.16126518202809526,6.030176887166855,0
9.975003828438034,3.6192464333971506,5.308215456505293,1
1.3969464952618016,3.0068233172864067,9.769815924187105,0
7.176646892283389,4.918496411898856,3.539840932356176,1
1.4167934128296533,1.3212378167100602,1.4934146786736657,0
6.955455151391466,9.009716292664443,7.4924108797469655,1
0.1269527320278674,2.523892855652954,1.8352497424307423,0
1.4250794189893068,6.27298861257575,1.882450874057402,1
1.3506049771901107,2.1204472488875616,1.9889296334637518,0
3.631983165201249,7.643955884233648,7.613854635532662,1
5.652370324042357,0.3207509992508606,3.2982000694524114,0
9.421491541054642,5.280408384223207,0.10377304910864193,1
0.7892694100677933,5.090500455795921,0.13521505263604183,0
6.281707806518739,3.824314236697599,6.236835772861973,1
2.1950413661136405,4.157528446308611,6.632859154387428,0
6.831202622217446,1.9397086865780389,6.079198482413313,1
2.556844035768535,4.386772880117676,4.805914069521474,0
1.2454663564023605,9.09538873848954,5.4802341002622255,1
0.4971484034242102,0.4812157448490362,8.234342204153704,0
0.2048386512562239,2.3680106876837757,7.703698623234766,0
5.541286204060127,7.9975736632238315,9.328933349996962,1
2.5555205123162903,0.21340958456481984,7.877267534160538,0
2.932763828397994,5.038837340659522,4.677484259606757,1
4.004378526492563,2.1177653543774455,5.174732879495005,0
1.694403235541283,7.476932272280057,3.0436644762287965,1
4.91977232339162,1.1703668595052397,2.7148155539099394,0
5.320448231897261,1.688368499162901,3.0718187911370887,1
2.7287273431518355,3.6518102365591156,4.625166034234076,0
2.2020344124660607,8.624557333146717,5.843910875871613,1
1.2277116823577772,0.13149660682285513,7.137248003880725,0
2.4563387305414617,9.684168078772169,8.987782360199192,1
3.534433340868064,2.049170981959202,0.304179126308044,0
0.1593197426637427,7.022610004809411,4.9075280465002855,1
1.3172525226618603,2.7367563004437487,6.402815947147849,0
9.223182400990275,0.19896819908912677,9.925723144871014,1
0.23279537056297595,2.748809586921086,0.5188553498805404,0
2.6341922285940376,4.582617084630688,5.516366691035659,1
2.077851449992129,2.4157296772010084,7.518446437421264,0
5.7762427113373445,9.027141106781102,7.683291862065895,1
2.3313412391727804,2.5983237184125505,2.9230727418329225,0
2.767417141293614,7.707509925184474,8.7054443656481,1
0.9564552469307752,0.44794473354097364,5.32800358699677,0
0.631931045500358,8.765669273650515,4.040927601786988,1
0.91070575816253,2.789288493366465,4.365076293842086,0
8.321279630631382,5.174513321807539,4.457405710986404,1
2.3554131895235573,0.15109477391099913,1.0396074434550784,0
1.2335182859210292,6.833626957060432,7.282680763208441,1
4.143943924017762,0.6547943713644511,5.600151576266271,0
9.283654277008939,0.07891328830706423,8.620600069226276,1
1.0056451512031694,5.0093491684192255,0.19894350831301755,0
7.016544713546344,0.04611961305494683,2.956399597161253,1
3.122049117583534,1.734534100952625,5.485293759304268,0
1.0167385717916455,7.9070770976630635,8.142578086839137,1
0.15188300683858902,2.3404044954490444,2.7689211989280493,0
3.4448771957437643,8.070481327708139,9.893197030276628,1
0.7716616897519535,2.319553463666323,3.3987812539983664,0
5.268662500127302,7.53099017541913,3.953829721089778,1
2.6153788484750216,3.0623299334296528,1.2857372856970295,0
9.049595975128154,7.003384434193533,2.437029655789086,1
0.9454098521520049,3.6324736836768268,4.139118318402338,0
7.775878497293971,4.469398700158696,6.9144976162919125,1
1.4160154814064607,3.3977984274062556,9.329546855889657,0
7.284283158151843,9.098756654563626,3.9733056202931403,1
2.393991970222208,3.1664613401625576,6.143716669585753,0
3.5536480143926594,7.695312132867497,5.483792529957813,1
0.5413706657422046,4.900860172574925,3.5153830353052227,0
5.417564952440049,8.363767439158552,3.3942211415093846,1
1.5577561995887512,1.2949173718988238,3.457829049593395,0
8.325785834313518,1.9248493482409768,3.553042326551555,1
1.6371911429104824,0.019964428150226476,5.26262347292429,0
4.553954321432432,5.201680148236623,7.387749282344197,1
3.699010935077217,0.27185750792024344,0.2920943946268406,0
8.547079932019791,8.528853964851068,7.189458704913436,1
1.9232035949560333,4.27962065166567,3.6248411955181883,0
8.965070457173146,9.289524386070552,3.173382468763404,1
3.8378931616726994,2.174778040117946,5.247764433047508,0
7.627812810661153,0.7900388194884678,5.607748087449547,1
5.760199669224746,1.0645361526912112,7.934758706649153,0
5.527640563376764,6.930128407637072,8.570043141260614,1
4.38173297715894,2.58913716310175,1.0997978286237098,0
3.985425565179579,4.1221305172184906,2.3459725643433247,1
5.872593005583077,1.0391026221952304,2.4031243757221343,0
1.9896750210588598,6.997492733669594,6.2066208643846155,1
0.7979007126639714,4.384252911924563,2.601968914456064,0
3.9138809881655767,4.527806490563498,3.2168382466271095,1
0.00375155520435988,3.530072374304872,8.710606037061702,0
9.83382952742326,5.757808136770497,1.1242107636532817,1
3.6185351032548763,3.226266684427684,6.338258468560642,0
4.555669023973517,7.042093902148107,1.5761082559357453,1
2.7014403807057166,2.0467406401389865,2.596547932907647,0
6.936967713033798,1.405706219318762,5.230128435672445,1
0.6936470977026599,1.040417433819033,0.45939872917618474,0
1.6972789780226305,9.991090688346727,1.4999394920800146,1
1.1362999947099361,5.290906183903034,3.1516909488965528,0
4.89881116248985,4.9346653706498405,9.647373838710283,1
1.3001311774932012,0.9606179378341695,2.83077766516018,0
0.6645482908022649,7.301404251482344,3.179562271736198,1
3.5179316743467934,2.01519482222285,2.9586884849730657,0
8.685668037334358,2.681375110997224,4.698139266634552,1
2.077509940024834,0.21363055768063854,3.645103892790024,0
4.161332347469847,6.525842231424432,9.985752020827752,1
2.4469974169316924,2.463131449456423,5.08807737555363,0
8.066789989845581,4.678238570981717,9.181079086270328,1
5.253427679471113,0.7425235657361784,5.65989514670711,0
9.436796168422504,8.823882612599943,7.096221201366362,1
2.6150688064289374,2.3394894651038545,5.13991392755867,0
4.288284993908762,8.47048456415803,7.335527747754896,1
1.1372642146230527,4.289178215758968,9.7018069439046,0
6.791442534427102,1.9756673879242914,1.0734719236669932,1
5.707844727213515,3.839249295662006,5.145525636400848,1
0.7377198489424497,1.835828529606509,0.8370528606679362,0
7.399306298608107,3.116161159560572,7.115241880252594,1
0.14847425600096997,6.484830729180145,5.112947972600217,0
3.6663855531601843,6.819071893596381,1.1567324089206332,1
5.399438095725899,1.3787716976050624,7.559785105571574,0
3.5299509336383252,7.1664902520504805,6.732185822476444,1
1.1694092350240815,3.115785943947391,9.352258713727553,0
2.50366540703384,8.230743560670243,3.856735874771031,1
2.3357640070684536,0.2703015659954444,6.503798539694499,0
3.5253712259485956,9.961445843423101,0.02339268714661835,1
0.7119009450522118,4.989574610973838,9.055831261424142,0
2.295146873029813,1.0474468024119854,9.12760357034974,0
5.261710809564459,9.696300267187173,9.915471615288665,1
0.25546390812360764,5.651579946275077,3.7622681938414315,0
1.5104120990316394,6.665150583555412,2.104934078691344,1
1.7931965760427715,3.816124549069321,7.071022361817771,0
3.374898819536911,5.820620866407117,0.5141193480020223,1
3.0109374611479334,3.057964084402517,4.823964414840669,0
4.815625738732344,2.5832579685742463,3.6405572620289672,1
0.28544209112328023,5.112593820761501,8.881370009611008,0
9.563535467056795,1.8890248660218079,1.7948657756380515,1
4.090172717124797,2.418953240055637,0.4905379057287773,0
6.865208876081354,3.0883594088249944,7.229561853017577,1
0.16590538873995753,3.699018712720151,8.842140371982264,0
9.368234378572062,7.190832024699535,5.054055526339426,1
1.4960418540475329,4.4967368638023135,2.909910527594488,0
1.3131243186541253,9.653374445441735,4.9470588032488845,1
3.978559687635468,1.4561074396406026,2.559382648324624,0
9.87513902819273,5.337967263759525,4.990586756934463,1
2.3077071130536417,7.608338159404346,9.311156535216316,1
2.9390141844415396,3.3362440579843566,4.1458489718413905,0
8.463338501566382,6.383260788333901,9.448749025875467,1
0.7856895952997822,5.582697875852968,0.320025155630419,0
7.219443371794403,1.4722200757394244,9.83693494694942,1
3.022710370504935,0.5878692115265105,8.196714670288822,0
9.933263652705438,5.782655132015083,9.97653254227475,1
3.543853544829939,1.1384052435090486,3.5188840549649747,0
2.130483393029051,6.989221138800053,7.901995095113774,1
1.8588283609102063,1.9246516585750217,6.423791475789033,0
5.492619937965849,8.241761505726048,1.2236460213900602,1
0.08794355266556919,1.6236336113099625,7.296427544388249,0
3.6837969313448693,8.414258985295946,8.294994377628997,1
2.2719855298935645,1.149445055476438,9.518648405531811,0
3.6073079671897954,6.638500697604599,6.004785443364131,1
2.443433099843033,2.533944608030402,9.628806529383677,0
2.510442087825122,5.351450089229707,6.200464627873195,1
1.108289847848759,1.3491318725526513,5.958438762449011,0
2.870596353563556,9.417712816766707,6.960740760203834,1
2.3863488433560356,4.425821456517199,4.56939106393579,0
3.4620664819171045,9.16519955121845,6.385580876951113,1
4.563024903242303,1.0999462657945103,4.68866496056536,0
3.3527120856603263,9.543477676258066,8.287925928143437,1
3.6265945323514357,0.7399156410268259,2.851568959384194,0
9.028306841509774,7.25110056460629,2.3553513682118887,1
5.828897082263152,0.896220145450396,7.493948659907047,0
8.765608874603483,1.353203927095673,4.557617636986773,1
4.804124071200552,1.794701211194637,7.3482700138037504,0
2.33946595933216,9.691135256272382,0.6487849851845306,1
3.860783328969571,2.023692097276515,1.8133386055906597,0
1.4285780316827645,6.112744009967425,6.769328990495211,1
0.6867492439028222,5.807721966350879,9.156808630085324,0
6.662259780396241,7.7022579766743675,0.658499877199229,1
4.14485493442562,2.2724382062017656,0.5848864204438542,0
2.5610048904294445,5.628206187055513,3.3570304930281303,1
0.29731831945421394,4.834840531682727,3.346669432499527,0
4.966270547616082,9.9463887319518,4.651402800610591,1
1.1645641815585461,2.993572263728208,3.625174843939921,0
2.5930802886432227,5.683977834527944,5.135906762844766,1
0.7562662153831801,1.78186427269593,4.361594431792905,0
4.941674463404809,4.181352885759935,2.7413453979514832,1
1.1217478714320483,1.3215136682933781,7.70182224905391,0
7.704976894695385,8.992099658449202,0.5805691784915645,1
1.970658024527162,2.052723342632347,2.8047898236111357,0
8.443635636454644,9.473714915568474,6.278148560400999,1
2.6669312486723373,3.208472484426488,7.577694191734345,0
6.199579208947188,7.157885779916943,4.638224128024827,1
5.2437216546079215,1.0883565546642027,9.579923607970066,0
2.1607014070773864,7.162063928708141,0.49066726706025077,1
2.902422969103091,1.6332928699788851,0.4334156943866929,0
7.29846057516538,1.4650759641928812,2.949975015935954,1
0.11823668222178174,3.214056730298176,2.2846160433608875,0
0.9405127760428511,4.660327834320318,4.075655866851598,0
7.170523830496526,7.449641539548633,4.094377727717564,1
1.3922972886971696,2.4608625193800435,4.941776162700182,0
8.466841118250025,9.92254415885623,8.634003061532278,1
1.3443200283024925,0.9667623476529474,5.633502363342636,0
4.110769259597195,4.223679072857644,9.176313392013638,1
1.4990941040513606,3.3958442179009274,1.1057702261181457,0
4.395245940033838,9.738382044519314,5.228131241504853,1
1.0077421296417177,4.145053839533485,3.115171037809039,0
9.897986392076767,0.24827127887976919,5.572796446625192,1
5.109943148840184,0.24227376188573957,1.6068760418621153,0
7.450561635529873,9.335960190070827,4.548974528297567,1
3.9582446013304597,2.4792468631970097,6.653487263331033,0
4.9764201552214615,9.37775332187224,1.6221582202194806,1
0.08376790282371926,1.0973891521983592,0.8824727568267143,0
7.688030397885857,2.016797306038539,2.631224455289015,1
1.8195213573394187,4.894349315540803,8.79630542287625,0
9.606487305773687,7.383256183765185,2.341000001547534,1
2.361772128923725,2.2224302052016434,8.309830375853261,0
3.2380045741777606,9.804352914524511,7.2627347919824805,1
2.9903331563254043,3.622314178746857,5.4279761441026375,0
6.692501617568127,8.486507658407465,0.7584799311312174,1
0.4434518381901109,3.2703239469462044,1.7041289415236205,0
8.921069663328387,5.8244028308860685,3.179932342127678,1
1.531581221776267,2.2617579982975378,8.97593257538867,0
2.2882296347558464,5.731650034303578,5.918938056814485,1
7.038283312500293,8.529762913701756,6.736169286719852,1
4.965933459085335,1.9577077826531852,9.812095140366997,0
1.5721540393347244,1.2032109193733243,6.599797643054975,0
6.690297765596041,9.127275665073633,7.974302602067935,1
0.7731387810372725,5.066515139741102,5.308809891013167,0
1.5504341915297748,9.052558288933662,3.3632256191951706,1
0.9692089176037411,3.6912411917200307,7.178698574191678,0
5.193999061987173,9.064205696367733,9.283808666171117,1
3.455594646568745,3.2413525441615763,3.693857907467203,0
8.640302963644466,3.4375532648340554,9.591382867808367,1
3.6826516849732913,0.7670230387485566,2.5412911460524645,0
7.099031830455825,2.7541183360224686,5.189240680888466,1
1.2161032742514633,1.3907809657800319,9.581541526350069,0
8.461131168756062,6.536743854753073,5.954227104014764,1
0.1471254831514579,0.9674137691237794,9.924750308223274,0
2.379304704922338,7.656623053079058,9.808047006124745,1
0.4303681124133141,5.239323108547319,2.339688401914958,0
3.604297609565137,6.909830874449661,3.5938763969126053,1
0.5871629150999613,0.7626963212737226,4.564719580848239,0
5.674899761123577,3.74960487702804,0.4869818590677488,1
0.16066027383277115,1.3468181921976108,8.672965770979719,0
7.502233207280886,9.808020093415925,4.402635446434013,1
8.933370197177302,2.397307925759419,6.77228123475746,1
1.5302477830715555,1.3927725452737005,6.1344103543003,0
7.083331562634219,2.581272534583956,3.386247829554768,1
5.873901847024804,0.7800658639945091,2.974735945378172,0
9.499867391224189,7.999471098002871,2.7280083162279123,1
3.3423706953443553,0.5086114070435555,3.020455000254272,0
5.904829854563726,3.4524098536429215,7.111444292801298,1
2.8928620430067165,1.0827953807518342,7.562136411500577,0
8.050636865313514,2.5876042117062314,0.8922065683386571,1
3.729635404578373,1.3476089717340245,2.6041261403562146,0
8.146980183169166,8.211612885200188,6.841480327235806,1
3.4766538458803655,2.570569119007491,1.0682652905588186,0
2.4908212664546694,1.286277771066251,8.182577784206327,0
6.926394126491809,6.377454297748447,1.5214626020278699,1
6.384319511604879,0.3507476258691944,5.265249431026472,0
9.393044966872035,5.666310437468435,9.198280651811226,1
2.1132600327883697,4.769047686131113,0.8223435656083267,0
8.992340515782049,1.7243879419243069,5.860606325964866,1
1.3981351665146313,1.2554288210716225,4.710199221773418,0
3.0281481829621395,6.065605754322226,8.719305731637762,1
5.124242620113394,1.4374679703067728,3.9902568958084963,0
5.29254805132126,4.7481743888081525,1.5413422646729213,1
3.3694763174898865,0.6736980163709694,0.7206160718865007,0
9.901331250918183,8.348185987939154,5.926091477302357,1
4.350362070565811,2.0101406740679395,9.328027882684035,0
3.197736379953593,4.080577119383455,2.3290700265753914,1
5.816563563864369,0.37666912147922615,1.3020444893098437,0
6.754386480938365,0.8490479507815785,0.19092139757824422,1
0.2503970134110489,0.8830412874019855,2.8603552983158864,0
5.679785206419923,4.806826989099705,2.3890711336215817,1
1.8231783054216366,4.292356905321231,3.1051831722210146,0
1.717884658420522,8.618738978694552,7.443798686025801,1
2.087457351160001,2.0289948603843486,3.5501064048444233,0
2.933567928521288,4.103431889203275,6.455824005640326,1
4.131349590814088,2.544375531252796,1.704186985031474,0
8.24735362067867,6.788837578923086,8.95662406691719,1
2.072875688281246,3.392554375935992,8.993073778641987,0
6.918748629467415,1.8358764611917844,0.8694108287578239,1
2.0333956332646252,4.83623424673998,0.8466495481788139,0
3.982476496225147,9.829218040411224,3.0609824007489514,1
3.2893303139330756,0.7536312248054933,4.182051161024307,0
8.727352962897413,7.213541129111749,3.9812149928707443,1
0.0028311652439949597,1.9004012293576944,1.605668421133648,0
8.08988167277714,1.3362362579828524,5.800534298840495,1
4.879549703981132,1.6773252931921956,9.82734591577661,0
9.34938841512681,7.748824024015092,0.6470728853497554,1
3.189915081967235,3.7138522011414867,4.995706539474799,0
8.035005669506809,9.361340202279504,6.834341236390503,1
6.084183527254799,6.699305223019244,1.2272556207468333,1
2.42047190642956,2.8626378454771393,2.3696787742748846,0
3.324039315001519,9.341095288671633,3.267554822011042,1
3.135917352433527,0.3004834667846046,8.534796522432853,0
7.281952476747122,5.3282450948091284,4.274872701650658,1
2.267916760118842,2.218653532245256,6.660373667516875,0
3.796848836561282,8.777249576670862,2.949160471553948,1
2.1892829177103055,2.9565202720489325,9.144068424529909,0
9.73917658970632,8.526659987333922,8.330527888637492,1
6.622898955313914,0.29157302061605384,0.4169600865692291,0
2.2467477570245054,8.186611088750128,1.3741362600998552,1
0.6012685749705882,5.7673574370989025,3.039648620594002,0
4.73004711102913,5.5642643926156605,9.017761386854849,1
2.896923494099145,3.4611387062536503,2.0321704357627643,0
1.5766146756950938,3.8079974552448306,2.5605638031027436,0
4.292851703417688,4.0836281627408315,5.12230250194563,1
7.734477506111125,3.1803640215331317,0.9483918937718527,1
1.8582246155615412,0.08021779787163563,7.668680668772133,0
1.3050108154409157,5.925296649551659,7.932212919542163,1
4.343386523501451,2.4056869815146475,6.187064730462696,0
4.2629950086527515,7.525070411136616,5.92475544906828,1
3.1931459304961707,1.0167876442251211,8.450881865801716,0
8.67433817094045,5.5083670099698425,0.07874414080138559,1
3.5607846143298225,0.03890673835679537,0.010100447163527981,0
0.8830621808251959,9.378025448913561,0.5961137265820471,1
3.517316151991714,0.5924666108681864,5.511942059403694,0
4.579531216191313,3.0718887195024713,1.3416449346124337,1
2.655717175512722,1.0344996718056887,2.0400712302090076,0
1.5386230960474145,4.909862752436302,7.38672143102225,0
9.586861935472154,7.055435783297249,6.166825405525645,1
4.812943514272718,1.553481915882654,6.3232750787127765,0
0.20129510294922603,9.16322219196346,1.8912178056109163,1
3.22826441865244,3.448560513164032,7.640907816971685,0
5.5267857878381745,9.036641933197188,3.4206572702310565,1
1.3093612304041469,0.4970609387061242,5.303942299087556,0
6.611751187188171,7.10752663277448,9.154594776276369,1
5.049337114971058,4.558197205741243,5.461527157884674,1
1.717671528056427,3.0253795238183887,5.439869897227364,0
9.85816485424013,2.200127990611654,2.9741456027630484,1
0.12555164842277367,3.1485642603047594,5.055139229885931,0
7.124635698670434,3.956253483597596,1.0179759084958195,1
0.0328134135196112,4.495431761565505,2.7888689139305,0
0.5358288839439473,4.492131517878381,8.542426409939267,0
5.924116316231197,8.625784460644203,7.0482209259111315,1
3.579067256009847,0.2818294847340175,9.809657966718436,0
9.790346850016775,7.290041699934019,6.781139759356456,1
2.2486943320539723,3.35478582072003,5.519751933115819,0
7.0793871947412566,1.2219559688407144,5.799917815434945,1
4.527072757467941,0.6612672885558613,6.366400782855669,0
9.482712604830368,9.312948422733362,9.635091497953924,1
2.654765912762217,2.243392558037457,6.210849684195714,0
5.949109924434249,8.551078250768628,8.571315215937528,1
8.77324416870296,4.180381769717125,7.715629206264769,1
3.9993797994857982,0.4831249480323363,0.34679278810623604,0
5.501188997269127,0.05078953356315696,6.658224950032969,0
3.2063207196356136,7.399799265431984,3.948850342351787,1
0.7646749771256134,2.704167836026122,3.303967952645077,0
8.222980991475673,6.3483717521441125,1.5377094571553385,1
8.536084314214436,7.678567962319373,3.4709633563182773,1
0.16413664875962852,2.0130706473911775,9.363500128834124,0
8.597203940186036,6.149832115462398,1.5415433347154461,1
1.5298461808036867,4.229477171488955,9.61913704597129,0
2.7744161899426603,6.632753937260739,7.410555716380548,1
6.438014424111202,0.4436051805251895,9.164511485883901,0
0.10941462935659008,7.801663460371304,1.6903860983609398,1
0.8910484324924883,1.4322989739933734,8.869904250035317,0
4.165070954614237,4.937243180559067,7.05923789154143,1
1.5322975439329278,3.60528511878085,8.548770446525104,0
3.1466567200169093,8.307486086842195,8.345563179607256,1
2.608815610011419,2.248634559006306,6.327424475571082,0
0.9633981504898537,9.164482345153461,5.31216926085645,1
2.8994858205146756,2.4616410748021202,8.55772691197714,0
3.979434978275578,9.33994170082044,7.4715212779804006,1
1.0910126459121405,0.8273340547297126,7.293083015646765,0
5.953355581880672,7.938276472075492,7.062353583150795,1
2.043147814320998,2.97469317616751,9.989845431925998,0
2.6068345268500357,8.583639092841238,3.970260297012893,1
3.1144239899313195,3.4765737550385922,3.0273533668044106,0
9.332282070197145,5.463055999078038,4.829612369791124,1
6.543704438484706,1.3591805340293073,9.924473259902276,0
3.2330656360553323,3.2551701593813753,8.74570528373734,0
2.3254164175753225,5.083348999468198,1.601459316489744,1
1.4388632422584025,3.600501184838778,4.05583958799567,0
3.509863353662077,4.043522024846339,4.5255205112571995,1
0.5898427820321817,4.51841899491062,4.852774202591102,0
4.6973665650211105,8.909202047032755,3.470500960994566,1
4.66854152412728,1.2672220296913883,2.3043981732008048,0
9.224640178147768,8.495801334828666,3.8714127421057896,1
0.36185069485331955,3.2247300808191612,5.656539596315758,0
8.312875551112569,5.064171350320166,2.722731546567976,1
2.038219861237897,1.1218744394761715,6.053461864395651,0
6.961268281555039,4.908663915586642,9.47631586326277,1
2.237509012691705,1.507247222450051,1.1940734201010106,0
8.402260849391979,7.809075561609545,7.493312691298129,1
0.7764718274185889,6.171999952531312,9.26448046668382,0
0.9104301588061547,7.6645180694067125,4.832778527917881,1
9.212992219403052,7.050056517307014,5.740761450024264,1
0.6083847352368199,1.767672731720279,7.61437554254726,0
9.739625737675093,9.093323779143423,1.3956245232316877,1
0.619862993784509,2.6965465337835237,4.188021897257588,0
7.234827681901553,8.891564281382644,1.6202597732449564,1
2.17168651393116,3.1441633536329117,7.7089836954829,0
8.605160986420179,8.854189293540966,4.934461787108143,1
0.6425606156631203,4.25864963558813,4.889042936153652,0
3.667292406662578,2.9102038796998597,5.03114592353556,0
7.652488164792586,1.145958001469195,0.5770108225532244,1
9.512083217037388,1.1457710143789546,8.755934919872864,1
4.81523262832567,0.3375957598806334,6.719456064803005,0
9.814565900296394,8.562419220617596,5.03800593560277,1
0.5510480259550876,0.5972254841871272,5.30039848146119,0
3.0297843112500287,5.466600809283364,4.172357171345542,1
2.843493247015383,3.0797077273546614,5.021908800187623,0
7.2557270740856055,0.39269869396146406,5.088158248971471,0
7.564299446387871,1.4244827588275177,7.87453266211367,1
3.036161270785087,1.4099332365003225,2.620293820150522,0
4.926930065229111,2.3482600210883477,3.1014995863427206,1
0.3754069685861505,6.2431700865324435,3.0224996197629874,0
9.61914195825116,5.523722796325466,9.089863984647769,1
1.7406014575876783,3.235747888124746,2.874333988107444,0
1.9405707995767485,5.722274217199267,2.8404807643861343,1
4.281280516261672,2.4846252802240287,7.997335285741091,0
1.6094854612914677,9.124900383309033,7.944251091709936,1
1.2701080356330408,2.0963115681667133,0.9211619257761139,0
0.35480573098904067,8.253769372145898,5.385767759855486,1
4.655511773891287,1.8657447258771298,1.302207300220941,0
9.235382171258465,4.215450739594358,2.033092892527204,1
1.5713389721766202,1.297361662666111,9.820521433702721,0
9.676122064703595,9.18487279035752,0.21751518000619363,1
9.462496696462681,9.700430153575793,3.838945964424897,1
0.5714155724353742,1.6507870051638407,3.2870244387249103,0
8.401391044662128,7.950625070294366,4.130857292360519,1
6.326346276269575,0.06692784201099422,5.186196886771861,0
4.775787262761758,5.2212907148704,2.0373821642535783,1
2.981962329999951,2.358096167089018,2.578822894630215,0
2.819934028786629,8.190162496305224,0.2564452740822343,1
5.270371382454448,0.9390006214003466,5.897475095647588,0
0.11854834147571158,9.723920033748165,2.499401874836048,1
1.036213181405733,2.556255295922052,8.020875348133607,0
4.847121514393801,5.899224269916472,0.06562850673419995,1
2.481033839348493,4.30655437605341,3.314232351462527,0
0.9813324907020227,7.429546400442031,7.403991893630277,1
2.249956492825511,0.2579993185707319,6.856445135867696,0
0.14803567854263844,7.543139986895859,0.0020009521859265522,0
8.961329452733782,0.3403411865771522,7.808005784742566,1
0.3185626391342755,0.5695636235771662,3.7459044113783433,0
7.895981099401427,2.566181034517847,9.410783219651785,1
3.2184397968244847,3.291019983193839,4.236995122766535,0
2.9007349108338296,4.228099963654623,2.68571797640487,1
0.41438913325755444,2.4016786707286295,4.379897830845342,0
6.739433165401035,8.98040245566446,0.9889511182001354,1
5.877095062659279,0.9568779172533126,6.705662499543729,0
8.604469565721436,0.8761831342616699,0.7787662449092592,1
4.605303126646943,1.3583500844808571,4.736742959828688,0
2.155450831012838,7.1878709095000275,5.098686362965853,1
4.0029864857344135,0.8629405814368485,9.420076418592844,0
0.35269006410154846,9.124128021873632,0.6514341549839187,1
1.767798856142594,8.246253815505737,1.870824421922237,1
0.24999217488884562,2.9146756577168387,5.882122638416524,0
5.924106355590025,5.05047804536304,6.581942346267241,1
0.21434211022957617,0.48287454764424753,6.320696754754069,0
4.044506271886306,7.932238166895558,9.358157116037205,1
0.22305774173018933,5.3860471150494575,6.254471841469865,0
8.597413381331977,0.38704788641351295,9.73913750968716,1
5.802789752606735,0.4001218639452908,5.482810292769766,0
9.025337339027612,4.866669817211075,0.6373804207196254,1
1.4413261853183357,4.9440621685289425,0.022670821883010728,0
4.17486309588806,7.138698114023182,5.664029783543722,1
1.42733414037586,5.053147602902768,9.934983704404958,0
1.2484199251203276,9.28489318358994,5.598001855185636,1
0.9689268041371801,5.894684985793489,0.2969843832014718,0
8.987514241626716,1.1170149840684707,0.1355325576730615,1
0.2974007902202114,0.7579259976556885,2.964076137527898,0
2.48717232611713,5.51197190061346,3.911339470403271,0
5.9620814094044565,8.10333173390693,9.50654839017551,1
0.8719355317103394,5.230872400889792,0.1582078366408335,0
7.3688136791638055,5.985213750748724,6.585286414239702,1
2.197229991912292,7.517165920876263,3.5386910138225582,1
0.19671721781273743,3.2839861122522604,7.086385606438705,0
3.136298382133793,6.837924077786996,2.184416842637791,1
0.8180049284812141,0.7553054391627834,8.948973896317229,0
4.245485275366379,0.12063002315766513,2.1035661301798503,0
6.571114807887584,8.367723279179533,3.89991116310078,1
0.8587522641314194,3.0251998027777027,5.140480522537231,0
2.9147738802038092,6.685972424450625,7.023463773575966,1
0.9549941839619858,4.6035870105935475,8.242942346912546,0
5.790898722582102,2.3402422710936834,2.4599851939209705,1
1.3403603261068608,2.4038408018820934,1.5243060187792068,0
8.888409929559863,9.915720036078735,6.17097612800336,1
3.0949271003222156,2.075591246003002,3.6336546703193906,0
5.459516727832168,6.589357948915104,6.139600172193767,1
8.821441341020329,8.517318150128258,5.0214248414544524,1
1.517940750673662,4.526935444163493,7.213970756601471,0
5.102198399709956,5.076254217476737,9.251885519605755,1
1.9054034676303766,3.947856659307215,0.3398797022428146,0
5.763588680463777,4.395591068830074,4.369438335451777,1
0.9683171499669951,0.5109612617303005,7.5165765616190505,0
9.012928023363479,1.930561952908958,3.2520011222930787,1
0.16059993281454243,1.4175277682198795,6.778476765112789,0
4.230241187726374,7.693670992855813,0.188251059586938,1
0.47446828279394837,1.0739229138069095,3.9153299956026744,0
1.83769519468451,1.8940317799938788,2.4957534323614294,0
2.654748311789046,7.55343365483205,3.428491531753173,1
1.2456146589631734,4.37100794467309,7.406530775126522,0
5.218549978089601,9.967401631339683,0.17090829700047605,1
5.320398965409673,2.789328861558441,8.70218411498225,1
2.83425520408517,0.506034899726695,2.4801570867816514,0
8.76452275591415,1.1525586844302405,1.1196239913149875,1
6.793863502088709,1.059272921459632,2.931079948577401,0
0.5733501183716039,3.776217756255986,0.9116349997124884,0
0.23916084890154177,9.690327884245221,1.891083331493677,1
3.5992020608824573,0.5094603984838408,8.15525074622805,0
8.352179933987179,7.334946014780539,0.2578145940130594,1
0.5765582551992532,1.0776382826043673,4.471455044016524,0
4.868301370384817,2.536363069346038,5.826202555209896,1
3.4040848585565655,1.3904083543289325,7.709265623688031,0
9.397217643138319,7.71627037287387,5.745352394080966,1
4.887676103632793,0.6869962137009811,2.1779031154712047,0
0.1061937874938712,8.929830247731285,6.6389887103274265,1
7.42562535611219,9.20132637735914,4.720092239369064,1
0.9082518450880395,2.9983854283693945,2.562462235390839,0
8.904026790587187,6.507581125113003,6.9384004052802,1
1.9766644621177354,5.664499652121242,4.223478967297195,0
0.34447916770372844,2.476916234100821,3.9920737401064867,0
3.955804688601946,5.061195526908829,1.9744650998050195,1
1.0712298528017572,1.723645328567397,4.783902339973613,0
9.194514390842473,9.282303489066601,9.090745348875654,1
9.912976191868108,7.781132303039543,2.2222420126056983,1
5.265418642575908,2.6665034852114564,6.639399955019308,0
0.6822694751655511,4.598078855613686,5.2059569751768775,0
6.49465759366011,8.12596539358718,9.772192991894228,1
2.717358838357067,6.466815172623903,7.708113187430029,1
4.162416295069321,3.0025896085267645,5.164244815819988,0
5.272158025782101,8.743849344570556,8.855229526625386,1
0.6695840396457886,3.650184099101803,8.34853635406917,0
0.9753028672841535,9.840111430204274,2.2659310374719857,1
2.3709607136115074,4.212783353499516,8.410827401663479,0
1.7724094755168285,6.339217171611144,1.0769534914911338,1
5.369138786275256,0.43632911175347955,4.862036263013174,0
1.804107722129269,4.612697331512128,1.16045953683783,0
7.552170229763565,1.2218973706140146,8.033436473689243,1
0.4738387757707252,4.000238310141686,4.505456180074359,0
5.541880714897069,4.464210657579133,3.3586332003731014,1
0.22286649355394372,3.7789542767324944,3.001713064061007,0
8.59356275898528,9.98706342817814,8.895253328237468,1
3.3581043096221785,5.7501089198350055,1.488438949133537,1
0.4374330684934602,6.317523587935571,9.860300668257565,0
9.885533145231905,7.037219078143809,9.39822446962878,1
0.1608191854737373,6.7852095417621765,4.869184804133411,0
8.071405271784561,2.4024102325861083,9.812571196178334,1
5.385488496833551,1.1720429971356594,5.197835501631365,0
9.643343770953441,3.787740049525463,2.9368241171042153,1
0.765135523074606,4.29370888730293,5.496510541500861,0
2.1482161683888834,3.7732318873475093,5.213201724845835,0
8.67903480729741,2.1954718787642733,4.246476827322857,1
6.126231011838036,0.14605254407544122,1.646336143994237,0
3.5865740610409738,6.335469964728454,6.465402747565951,1
0.9190160193541386,2.4525612185940093,7.609432264011305,0
1.2346336913829392,6.184297996563769,8.760015139256897,1
3.363610154571688,1.980034606934743,0.06255291756867898,0
8.075731318058988,6.046530677607195,7.831599369967691,1
1.303659357103163,2.6737442994885843,4.166283688182963,0
8.097847604997758,1.7557573010981131,3.084293717166313,1
0.9594706645826601,5.581026320053856,0.5780583682660234,0
8.363817886808686,1.4023861348501998,9.206479030352067,1
2.1485287041436782,1.0578690434850235,0.9278639851867854,0
6.594477043476984,5.247347337637395,3.327859573045364,1
0.63526953262383,2.7239931444341012,9.556111575090625,0
3.584614012938979,5.1970997139185435,1.282922781838084,1
0.054168214456028485,2.1794019068049044,1.385703721943632,0
5.139664404099307,5.9579760043257135,4.591327509054267,1
6.03770696644152,0.22951216172460875,2.259933172784241,0
5.937911029092917,3.317892204125532,5.205992450343797,1
2.075243126305101,3.3051330562519885,8.814707067388051,0
6.0299221620536905,3.855430952217488,8.773584694722105,1
1.593166870577939,0.12648378097671387,8.604552245287476,0
5.156281420599557,2.895418469223948,7.474391447962842,1
1.1445747219905134,5.580623056930818,0.7801405101673387,0
7.372567099759201,2.2645974294576043,1.332439995140875,1
5.674950959049104,6.912644857223934,0.9921275311073741,1
3.7612451460512664,2.71765633040568,7.962339731933242,0
3.3399544308124307,9.124032761266502,4.591591694969656,1
0.19496300730940885,6.4123332561965976,3.4780248927397626,0
4.961273162227947,4.6245362664047445,2.556991756629844,1
5.613218724090067,0.45629482017670364,4.738089297908531,0
0.5313152315960223,2.3134388137963846,8.618155070620091,0
6.092838190584246,1.822888002747266,3.1102772925138855,1
5.631048909861969,1.0150913847134857,3.351646116291649,0
0.22961153005064516,8.734730115898067,9.666286536210972,1
5.193621717182417,0.3442860435775785,8.075910636357296,0
7.640778371173399,5.32535268990938,4.0798882059189445,1
9.546974695444595,4.83666464410293,9.245119711296068,1
5.194101791228095,1.7041711624018563,8.515846336438242,0
9.7129118951447,7.440300984825347,2.499824206827481,1
1.5017589429430256,3.2504463044958953,7.7951453203471015,0
3.1379066596498784,4.478205805524569,1.9226095568399482,0
3.3314094796396168,3.9036395132168678,6.875440270511137,1
6.126623915333521,4.582575241134974,7.756659698005775,1
1.0673174786867357,3.6396266351595363,2.2446341267163405,0
4.584301484129627,6.732848732941875,7.609256216807218,1
0.5841334723537328,5.164949745206325,5.418445386366583,0
0.4011760898509342,2.8838697583894346,8.706267970413636,0
4.376669523350576,5.902170339311484,9.92864331715518,1
0.99130412217734,3.1229793489693103,3.1640667171809134,0
8.141412240073624,0.7540459606517302,3.3506364091496863,1
2.594589613850494,1.504857415786215,4.884454459996777,0
5.41859574932277,4.683164861359187,3.5269673024645054,1
7.935922397297938,2.0943582218439696,3.8929837745188065,1
5.558459222291717,1.3648737137256184,5.151816555416522,0
4.765907615572253,3.0836362429893205,3.4539215166758117,1
3.831017032773657,2.216342674574834,0.4611470630905057,0
7.2287323511322885,4.135866053194278,0.5512058486358407,1
4.261383953464403,2.3825290733163906,4.309770347709355,0
3.2159270650202245,4.11452262127227,8.90759348004655,1
1.4224327277182502,5.10470255117209,0.8714437092623661,0
3.0224528028103794,4.2964419668723846,9.34687228244631,1
0.8402420349063755,0.14050224489316476,4.07160694395706,0
4.865421606928987,4.665272774582424,6.270553001678446,1
2.3759813401044894,1.1864052143232018,1.7536021189977546,0
0.8914447379955837,7.319591761316141,1.2231620401550092,1
3.3971529502767304,0.6833613179531972,8.105049573374602,0
4.622087913331408,3.7134358647475487,5.371865970806324,1
4.645933891739661,1.960997688195526,1.5505490094453867,0
3.7712230834198435,5.064482605855039,6.550343617573592,1
3.015348998222389,2.3434934636858875,9.208812086239554,0
5.106113321079967,0.6688746361572995,1.8089448454012413,0
8.197111441154767,0.04751614959967121,7.167943991037782,1
2.037685272830526,1.0982189120387431,9.857147542205526,0
1.4412315545796683,6.600244814272668,6.09919966574604,1
5.553974029813679,6.913506445775697,0.1455784356221157,1
4.5993341200063265,0.2648939284512164,4.664434292067002,0
2.831140822920186,0.11463224287825091,8.469644473585248,0
8.961643546024439,5.490802856432186,4.404919720274703,1
4.283889683362387,0.7993911193792447,2.7077197506862904,0
9.684141598177439,5.980747765793344,5.7297055557400665,1
3.018557745487722,3.88523556038038,5.536139250377233,0
6.428314585710549,7.7017190551843004,7.681064161172644,1
2.064055484206808,1.0684278075525833,3.569793502469599,0
5.6081484079821475,6.725066489422654,1.9545283296507376,1
9.092318714607305,1.7443803885852704,6.109447319310293,1
1.1581589347198162,3.291345767695566,6.777643235323875,0
4.564248310821267,0.8180003950157255,7.976649733548603,0
9.324529704285641,5.531601566634129,8.373629026495555,1
5.562803626757225,0.40362165828981555,7.497841361374849,0
7.350478791095112,4.8260119070647045,9.945304254241629,1
4.216330720914109,5.387625575964971,6.059507706642071,1
2.169861519545595,4.606220346492375,4.172619583771732,0
6.067098241708106,1.4862180803743807,5.602628183760472,1
0.3261106698253069,4.150216813374855,3.4291593269802902,0
5.042958826186391,1.4370939466398824,1.2592661100888847,0
2.4785214597854246,6.5993916323177935,2.3783496715410446,1
8.02986546286882,9.088978721961254,3.9393940593536705,1
6.055397769605266,0.40532874706842636,0.41373734122089667,0
8.810935073737458,1.6082623837988375,1.52713711704076,1
3.5133682095918073,3.2977238555595334,6.879875254184445,0
0.5874240835896627,4.818630619715474,8.393533577243351,0
2.1223531722082134,9.561404820023636,5.98604060407355,1
2.961287197521875,0.047022401550149695,1.4864375509276084,0
4.616008232956531,9.442941493317273,1.3880528892190436,1
1.0219578352235703,0.11810882569490588,9.287725507702117,0
8.611109736118062,8.604446126228337,7.368213604158569,1
8.083143886024303,9.605572294894987,7.012975439400995,1
0.04138665187822799,1.6152204009896187,6.1156199306156385,0
2.4696447295568333,0.32120135741406486,3.0341865472144445,0
5.231943358894919,3.9734711316368667,3.710771994779476,1
2.2313195456942525,4.145192475964208,0.07728333598960635,0
5.453607749943087,6.511769706472559,5.662816301142231,1
3.499883276195762,8.59134024014456,0.5779616939000798,1
0.11728677456829928,4.827832792861867,0.5861381368177476,0
0.9416021618473858,6.62933144175191,7.943028372813133,1
0.5807077702671448,1.8562125234726046,3.7721093711998934,0
0.6948833873850924,3.3165738948693892,9.663181288710282,0
6.874509153244109,9.89613473679347,2.1227045520108803,1
0.8992702780252537,2.961517613475899,7.374367123334126,0
5.404438811263467,7.539969720391257,2.626294325791739,1
3.2737092130350574,8.215362785473515,0.17826540713396288,1
1.109514087904333,4.395067731164603,7.135282388766996,0
2.8142022934536537,2.2283977003699973,3.651586008619574,0
2.7853215358224426,6.046053153955744,1.9992017448614097,1
0.011629746333591262,3.3113274112102777,2.931295430281091,0
4.617368112368666,4.814145754561378,3.370864065920257,1
5.165145019674025,2.1147536604770645,8.233996082512666,1
5.901337095419809,0.16694529095047872,1.3842052975939212,0
6.483646361565533,7.375228369235637,5.044658445729886,1
2.9326591637788657,2.1150757121377515,4.48950827317523,0
9.862669292859671,7.044875767633007,9.459951130872621,1
1.5708775281852838,4.414165610618705,1.357790946935148,0
5.036623758866816,0.005624134383374058,8.49366381668802,0
4.881036937587307,6.257842628063267,2.539527516125349,1
4.033685035941832,6.044302273811324,2.9109120902324035,1
4.707947210758787,2.2022232882440207,9.31364097041943,0
0.7537475713936015,5.064129923257806,8.202540567949113,0
6.200640855466314,8.895713200379719,6.994562505657731,1
1.811589675204911,2.162285441024596,0.21503016443237377,0
7.017847787459973,7.884853594855054,0.16915024349010488,1
7.8405717805866555,0.08481196663929325,6.776788884102181,1
4.905957398142899,0.9748519952073176,6.5263489209566465,0
2.8198556114128226,7.308540041120763,5.675523842223518,1
4.812782249099367,0.3698072916415307,9.249624293120593,0
5.233759969376377,8.878127231880637,3.1345194364605367,1
2.5237076195140853,2.5706529454815152,7.5712848929868235,0
7.973375267732539,1.938264634090664,5.942884102336866,1
3.378948862361143,1.8111768220844349,9.068503004829433,0
1.5109788668364943,8.98688832857291,4.084766783502265,1
4.835752650803169,1.6718941019561107,4.315287950966601,0
6.135522166920927,3.0012838644613327,3.835286105609854,1
4.969151111315243,1.815846487744941,0.34311510000534784,0
6.930489068142659,9.866817963020848,6.376966170535356,1
5.962711601089078,0.3222655648725503,4.379816895064219,0
6.385564837853654,2.0256592285278208,7.652638238176851,1
0.8529781834922889,1.8095240714322236,5.7223611386440005,0
0.8882210732803453,0.34112991716041874,3.314588341006445,0
9.422120843199798,2.4902156985653767,4.299785029907326,1
1.0281297393874633,0.9179334571382836,3.4581230097825335,0
8.549898443019922,1.082863279120474,8.931733675559675,1
9.759036302521721,0.0766633086855073,7.3162614664305,1
0.18238802420712963,2.6832303995885876,3.565029065273362,0
1.6631637964123092,9.301718581861971,9.056975105484103,1
1.4374167713837338,3.779067212310597,1.2421551720491708,0
0.8103180801959597,7.60106299623661,3.319770032117199,1
3.090675346084384,2.7307276132690683,4.679477799769343,0
5.7805844615393545,8.280890282964343,9.604760816429344,1
4.51247107152145,1.842088668445685,8.828234420379765,0
1.0304883037532309,4.711059023883406,0.7390303808496923,0
8.196623256629355,8.5047431335087,2.464172085264055,1
1.2251312419054727,8.54123219805109,3.2704493394975556,1
2.9811481012551355,1.158724906124221,5.425458070786085,0
1.4851183371173882,5.153751661575319,4.981978748821,0
9.869423127381376,7.558758746350838,0.9489032434712175,1
4.2675496208773005,4.048011187243354,5.109297635990079,1
4.854458186387678,1.5962758024718504,1.0118978737564688,0
3.9707341819730333,8.247003508932636,3.4025463698852465,1
0.2695815967945292,6.378087786075904,5.022187696127728,0
3.850166376503339,4.283781602817994,7.471242577749474,1
1.1607350518472581,1.817874205800215,9.562161447762081,0
9.681748649716258,4.71888979647916,8.182332666986893,1
3.1917146817290165,0.4334403436292611,8.462198915300457,0
5.106794439705581,0.6265922911653599,6.9294265302482,0
7.391597894152618,6.708699356016678,3.9601474443999707,1
7.9185974888617565,9.090507577271044,3.6523850786788747,1
6.377211495332892,1.0874307209354461,8.957159959487083,0
2.6704984400348755,2.771233428512142,1.8147509464496836,0
8.471812276942876,0.5392456734985251,8.355795742839884,1
2.6181071183056415,6.999146672978474,1.51573092207554,1
0.5344459271414204,4.554226922631665,9.148098016968646,0
4.877123290233888,9.325770539111994,4.8617429765097615,1
2.106069121415759,1.7213387432381966,1.124937570325032,0
4.269449489050317,2.869729800358148,4.193383163799166,0
4.596947170950738,6.808915209256265,3.848248526610487,1
1.3138376913827998,2.297643400980516,1.3494567314540273,0
6.276679867232086,9.126043005358671,8.51444245345268,1
0.6299536872220113,0.6067070173163147,3.5621992661179123,0
1.2443703418868923,6.822680026279848,5.877502548589094,1
3.6466628935132106,3.305416663566553,0.763744604531611,0
9.057791652475766,9.03940676004402,8.092774435341852,1
4.8382579993736154,6.997954986106915,1.6273869715627376,1
2.518833632517005,0.003981789898264143,9.079670542110097,0
5.669934919004347,4.437110830840497,0.8913354145443175,1
3.7938478041261914,0.6608401340385628,5.211827337694261,0
4.0142924720402595,4.750342854979626,0.23731128514725253,1
2.941787103525245,4.068954052319205,0.15904393743165768,0
4.580456036103828,0.5578616755629984,1.7419754270980314,0
9.384173494194853,4.616590815921217,2.8689322715833674,1
1.6670739760875453,1.7683875777789526,4.4531490472645485,0
6.757030043751112,7.483380240477504,9.01188904463014,1
5.366802371201632,1.7001777012249042,9.319427624233892,0
5.116154723348641,8.402773238553293,5.463386891002085,1
0.8804378608526786,4.064105005535726,2.4792611800080913,0
1.1455935267477857,8.64945660959414,3.362850091476275,1
0.7000840362008964,3.3744274503706295,4.912104511913117,0
4.83489275566416,8.81636198315945,1.9865373970699052,1
0.3976265553852576,0.9405619472886306,6.950398930629211,0
7.768792559641247,5.4919349464572935,7.426678180613151,1
1.5288324316805324,4.882103580916185,4.861150984596074,0
7.4209251019858815,6.070272236727645,1.1509078360035463,1
0.09166129836128967,0.5808909871451817,5.156520436687799,0
9.025035108300587,0.38117883916083395,8.532537498133225,1
0.1714670287014719,2.4363524382516557,0.9055070764048734,0
3.9119932375411057,9.642923861966986,5.466484745354342,1
5.07549289379698,2.600770739676671,9.309537635944462,0
7.029574082058208,2.0196479550328106,6.633049023354105,1
8.522518072016755,4.562202084346128,6.736269824425245,1
5.890158353500699,0.32519921063555834,9.754859236029631,0
2.52774680738576,8.844155890292866,3.715114522352602,1
1.165461381412265,3.3644340315549472,1.2034067530372528,0
7.723064508378341,5.278262973977056,3.5146434452026165,1
0.5609788747481359,2.9301370500840584,2.604861383418698,0
7.678425887947865,0.8477420423794835,7.605395675944385,1
3.139394588370863,3.625979093331495,2.947859653084172,0
8.701238745116877,0.08449328194653272,3.9961772257615835,1
3.4294865346699566,3.6123736963059683,1.1015662245117042,0
8.025961776142703,6.5858535648092165,0.9899894843525336,1
2.8779846414837253,3.5474131312059365,6.041012709834296,0
7.782059090193631,9.360049617962702,9.07508629008857,1
0.8258055579980106,5.12952116564672,2.490630017013662,0
9.59447250526287,6.380628110400792,3.6014839375225205,1
4.434098019094529,2.168902247079009,8.884351947669677,0
8.224859163133543,0.2755381682200908,0.033112451558333644,1
3.883092412027543,2.9289602940785544,9.477582617375631,0
2.541412357682314,6.26533934875125,3.0256003491322847,1
0.30954784677991065,2.1830594626163946,4.535011147134061,0
4.075780731453334,9.857562488925272,3.8643688730050063,1
0.7146020203554027,3.9012778496829172,3.665128555852497,0
5.04164485614279,4.1570669833384555,5.685150683182318,1
0.9313735543351231,1.1798371775486616,5.206757388284329,0
1.5395756120160498,3.5117042744651084,9.091274125374596,0
8.771639526236758,6.544383951869117,6.037374153754948,1
0.8009336367242348,5.7967730433083355,6.258060112317439,0
2.414158348227299,8.933047375734635,3.5187868313748094,1
5.633796081758248,7.255858968120567,4.48508504075826,1
6.471855940889811,0.07948424297483436,7.979839630604383,0
1.599489647800455,3.7404680665867875,1.9559183742148922,0
9.611980525955666,2.2273965126124273,4.251235771013699,1
4.0205187024034625,2.9977509549770143,1.3277911059088887,0
9.75038639634651,7.911054793968941,4.59637971231646,1
3.882176194394602,5.5042082542545145,2.0957457592045103,1
0.3178328576199063,0.9828999349334033,4.083542978550113,0
6.366013202973861,7.775050250916932,3.9080806978260982,1
2.1381220150346127,3.4492343162331194,0.06491438194689003,0
0.43464672680481153,6.5369448294877985,1.5824636133137238,0
8.28617172924734,0.06659344228284181,2.1373546515877075,1
4.8133066261603785,4.058331496853952,5.43221484121669,1
1.0906779788159005,6.880932117669985,3.0259906646399806,0
4.315992390064494,2.0066323345229153,0.6940049823611394,0
5.300496429492455,4.276229292001426,8.25083087198993,1
6.677672669912406,8.842756353120896,0.3380839256321666,1
6.668892296174668,0.4304143078002598,9.458644841331918,0
0.8746681743312423,4.212029741997682,2.06143907531797,0
4.366507421348514,5.101032790052424,2.2301191650442656,1
5.7891187063906,7.113190463514227,4.633303123774297,1
2.256922930283951,2.914597588302197,9.759152729880496,0
2.0731619345138617,9.493956480076374,0.06599136174571307,1
4.176134959516313,3.3052242961911285,9.786235313769193,0
1.162382338766057,2.7391236380017228,7.407539962970758,0
8.61764542121906,9.88029202403807,3.71339969787034,1
8.400463419077292,1.3496903197965215,5.659244444535643,1
0.3421978958891658,2.531042094044791,6.603122628754001,0
0.37264531417456226,3.2779473698421437,5.012670765418691,0
4.7652839512883896,6.219730983158126,2.830390314100657,1
0.45529287657440465,2.923041714554464,1.808370792803815,0
7.059156320533363,3.5700967738928835,6.221002237947397,1
5.493733869618885,8.74293553920814,0.975067241095533,1
2.7955350929855727,3.8870674174414424,4.537342896502806,0
6.886917114026517,0.02907925453028426,0.8699525717233536,0
3.803795538026237,6.73684319487686,6.3756915443152415,1
0.9589006662834776,5.976439057851229,9.255018812522245,0
2.1839877002754147,9.82891482813719,7.739566757930926,1
8.935952756658587,5.573203072798227,2.727764073420187,1
2.318468730100134,4.0124229510101275,1.3490014508764658,0
1.053631237388194,1.3227584759797029,5.564750416360963,0
4.652033320372578,5.241313019911935,2.3591233111585383,1
0.6652713492315765,4.861747150820958,3.8873019985348445,0
6.239688172955859,4.971537040621829,1.9409404206477276,1
8.811700828834125,8.594254607717083,4.955839341862969,1
0.6698205156990189,3.1281119627649447,1.3839313926411223,0
7.393755594491158,2.467123189070881,7.671920506276516,1
1.3954239849039907,0.9487382571885516,0.31363281785710906,0
1.17463388393369,7.225411986628459,7.9099510008519935,1
3.6447063651176723,0.4764461672468445,6.000905430510227,0
4.880254245554282,2.4463030995950676,5.490588910421849,0
7.640432185014056,5.6647193945023,1.7168883211552832,1
9.681575061239611,3.4309345982341455,8.827644196101547,1
2.010528256140458,4.981077596989408,4.120270479106315,0
8.681342384941784,6.1746846845665395,8.164781982974688,1
0.2801524123337096,5.101489219329193,5.910998113044607,0
5.484933724113881,7.457853820688161,5.671893035537834,1
2.31837958796111,5.257398643966327,2.648229646504694,0
1.136602647778746,5.397891345832885,6.033529537243862,0
9.11557383459474,7.476075367239351,1.9418992238044086,1
6.410739229875759,0.22236691857628,1.3821036837876566,0
4.431177315886671,8.888791437877096,9.733100257823686,1
5.958008414101225,8.538944353295069,4.002633429486452,1
6.558234080061549,0.041967806607307034,0.9487184497317447,0
4.641185486748331,1.7542298887687313,6.895401491446362,0
1.984172074482603,6.042488615063139,5.81611751211128,1
2.772128580144858,2.2090503839901987,7.3057379057802,0
1.4320862437764792,9.261651065200974,9.083915005116522,1
3.4780741656152845,2.829070119288634,9.833961662057213,0
0.05881800099922119,9.569836688746195,8.073967828113458,1
0.6616497591292159,2.2986160048088755,7.342295099473843,0
0.9655710915957272,9.105824736415197,7.679056038944184,1
7.5012974274631254,9.097648603519879,1.883334914155469,1
3.8506464677017203,2.0931553025430008,9.888753766324589,0
9.667111610827835,9.591581146118664,6.303385160083305,1
0.6659151159280974,0.5489565005112151,0.8508622985270153,0
1.1910216589222433,0.6082546268034938,3.229197892388341,0
9.87465964729904,1.3123792616302676,7.0359881616122415,1
0.8630307391536607,5.380710313610548,2.525822640647555,0
5.093804817605684,4.463433082879514,2.8437456111356276,1
2.0211522678861837,1.2344027862841866,9.88176613560347,0
2.434952610609008,6.4654186021106845,2.680018601662505,1
3.5356177190371127,8.669734722631691,1.5741972598854748,1
1.7063052480042729,1.3125683832083546,9.091119818579674,0
7.292950803521833,8.128328077480237,6.454758180196336,1
2.8362463679809338,0.9220638511614532,8.561237056692029,0
3.5950736647248407,2.369034355289222,9.998655941211736,0
2.011109570811336,9.814813828517003,6.093130601050561,1
9.276607958319357,6.620607477517639,6.926424346467895,1
0.5153988335312432,2.027751514895476,8.713603965979393,0
8.944599129910133,0.5334484303436426,4.969749896547373,1
0.9243919314470173,3.61216035259192,3.609909815484582,0
9.425736531034016,0.7163784890846348,1.7437345921070746,1
4.9156151950335145,2.0807742073948408,9.261388445738486,0
3.941696533126221,1.8288869289144172,7.652845672628773,0
7.708666796346588,9.706104772430203,1.133527948245,1
2.334805752277187,8.80299605166617,1.083859297661245,1
4.363186769896949,0.8066159868656475,9.227589931476357,0
2.6888636860016657,0.37218934886181443,0.3778051145992112,0
5.542300236268186,3.021939956570333,9.245897531968533,1
4.233204349374554,6.199697726639584,6.9215168430824425,1
1.4545950837606214,1.7669488995535276,4.7433133274723085,0
8.240403852021162,4.694304041276078,3.397193593040464,1
2.7156417289766988,3.4826689192128346,9.04584698813295,0
4.924223582064256,0.02078458001753658,4.2173366350918045,0
5.217560193158147,7.496991978831025,4.181072422088583,1
0.8623848206192364,4.164019901928048,4.778649482670067,0
5.434791557653359,9.373281218944134,5.019492256546373,1
6.681497053286654,8.864643483815982,9.243129900368237,1
0.7703742129013569,2.2985495516215937,8.55339945308765,0
1.9289724875102465,4.904920792900528,5.867023724623246,0
4.785026310558144,9.59935205903321,1.9513037463040817,1
3.3156603185898668,2.695950844655787,3.4348858079273725,0
8.381485460615103,0.2587029754739123,4.728603848305765,1
5.938905596741764,8.868310880069354,2.304877954977637,1
3.4771762568354525,1.338018898447303,6.741672792752457,0
9.961816441494003,8.604942264620739,1.4286107491264977,1
1.9763865514282408,4.3708305586942044,8.599176614738218,0
1.189230234225117,1.639151820639897,5.288019421680087,0
4.652233064355928,4.274640758786095,0.4331762637315939,1
8.104758511870106,6.856299857973162,8.891261854949912,1
3.913263238532659,2.1096434189563116,0.6621890663180374,0
1.5754482650808055,2.6304094617682217,3.883258818420675,0
6.888383886149423,6.647352998914862,7.4527637087914105,1
0.8245108455408501,2.213873056082405,1.5528956876203936,0
4.697461055736158,8.649231238282862,3.762160495771832,1
5.469902665039264,2.418782572181506,1.3600490541168009,0
9.918495782993336,4.147297082641737,4.247603833016881,1
5.078608430274465,0.21627935457373737,1.3284402218165903,0
7.855349232307641,6.752722649785677,1.7737842743433985,1
3.914398381741001,0.00752700896440639,7.4694703419591235,0
8.277922899847843,9.460908524189728,1.2792524868083588,1
1.5531784908206003,4.804132070369095,0.21291977014247676,0
8.145532230959171,0.37826913855704025,2.4310089101369945,1
1.1446935600144559,3.3389125892004,1.1403971415795244,0
6.620589627433268,2.29557426292198,3.9630273099389033,1
6.992010109810025,0.2056792729298662,0.3282832857914242,1
1.5981278181988245,0.29671838361510994,2.13031421775687,0
3.2981678662422196,4.271786400029246,4.7860963961022644,0
1.5311692044173841,6.055590916582904,5.074058321599841,1
9.310782956161585,3.3354126832872364,4.219553322029482,1
5.634251403286231,0.8198684463359618,5.852986388197493,0
8.02389539840161,9.897660382656973,6.996366574838069,1
1.6023380818152488,2.332984548335293,1.0040056701617772,0
5.186093325110921,7.95180243904621,8.927240419635066,1
2.5478270883716614,3.860341241553299,1.9237002871214859,0
5.4243280024453355,0.7420068897184096,2.2744417288505216,0
8.59989561409581,4.208903963126405,8.964565605687392,1
2.730853696634693,4.7780996201850945,9.31667290785126,1
5.508437920501987,0.03476289842984759,7.463276019867738,0
1.7266589993911463,3.6849015534122733,9.216071637072098,0
3.5327544580862025,5.260031156997281,5.409685773004238,1
0.35471275210262054,1.7636965320072007,8.523910880636663,0
6.349381810572828,5.8777876753412786,9.570497032762798,1
7.575025766564813,4.486090711934747,7.237613422723415,1
0.24036001488027647,4.246738701169614,1.9380431623815686,0
6.297881104328282,0.5871479698727633,2.178066106001555,0
7.729639460302163,9.135299572741927,3.475591110402132,1
1.2347483181364893,2.3125580426646675,4.977441208526487,0
9.891188620498552,0.9331666841890296,0.04221807929900456,1
0.4940627714362811,2.480092886306914,1.9275676085254911,0
3.9885036761306036,8.270067443724225,3.0733156104953885,1
1.3328076631654728,0.28310316773205835,2.364194882179913,0
5.900315541923424,5.412391837181424,1.523218153913679,1
2.2918211775895623,4.825109165157718,0.8392732397100355,1
0.38096503807860893,7.063058819636263,2.504417356472648,0
6.504913856883917,2.9678101977432303,9.39802381223468,1
5.029566439883606,0.7060019844156795,4.175197351999451,0
1.534442154147856,7.709467100795443,5.389402439522215,1
4.491034541650835,3.166072990718681,5.8269758157294955,0
2.6486237006719717,4.273659720341227,8.7863898091741,0
5.657133222985308,1.994762016417132,0.14550140151588176,1
4.557512737307647,4.98342176631199,5.62641006389342,1
2.013858918089917,2.8335437641231023,5.299426035216317,0
5.80181044557929,9.23477230434655,2.8605315461805936,1
1.7285520847651425,2.7367628543101894,6.6855921745229985,0
6.333271280261716,8.370657665466249,4.741272501361702,1
2.3283124461089066,4.2291740842146535,4.44058826966928,0
1.2018060741053116,2.172627396484992,3.6100759648477574,0
9.295342821596991,2.146111970958622,2.768646396423299,1
4.546526166452574,6.337172003605929,3.822316624947616,1
5.098795379564648,1.6464341313622832,4.138288073923243,0
3.3886961009774206,3.2260443223188573,7.832342188805815,0
5.053856807265653,7.0542345468896706,8.360402993283852,1
3.086301223482768,3.296926904922559,1.8342345086468548,0
9.17073514845946,0.3161789483367472,6.576952619974765,1
9.85600691929687,2.3160707992652494,7.7173556189125865,1
1.3294530731301746,3.595312100056778,1.023114334896743,0
4.3437140191638015,4.044565013289528,8.760396515569589,1
1.9876244191683523,4.8930598100302625,2.4301286868133056,0
7.755813465543683,5.625117350080455,7.9447220382859225,1
1.7689490083986525,0.6518059158867684,7.4252705170523114,0
3.30661621181041,0.9651601311332703,2.347913891345137,0
8.537698726891918,6.9364724215085,8.642997049793179,1
1.667230755529916,3.8779493744275175,3.4260129647673976,0
4.092478732755574,8.521326432738514,6.2731685139236895,1
0.40784204071368957,6.706792486454018,5.7271382584879404,0
9.689844410268392,6.391470081390728,7.805236195175219,1
9.959981437302197,9.519268662129797,9.121179890782589,1
1.505799078765837,4.289999133809656,5.0371258528171206,0
9.254541040473264,6.721883697827159,3.962105139037143,1
0.5681152611342244,0.19778811284443476,9.025251780444854,0
3.353266167283435,5.901251103259834,1.0800626929292179,1
3.202078232317249,4.09480052033079,0.7151878834859926,0
6.337671129189443,4.413776306032337,4.119819378081878,1
1.4960938565992499,4.126730507024835,6.029820975539801,0
9.830299474762745,0.4443563106973669,8.20834716991332,1
1.3528692802231923,0.5947916672374576,0.4111833801618492,0
8.952696373130571,6.534015871408147,6.260157994133511,1
0.5307537866334211,0.49204925758580154,7.777919786991561,0
0.4393750097501936,1.8927214326007347,3.313692294319303,0
5.967087534210442,9.243610227823952,9.249433116760702,1
3.535078919620005,0.9490713710977017,8.98995320928017,0
6.37058946449854,9.336629532986548,4.879918642377563,1
1.9889488167017422,1.043989276341084,2.1146246479334376,0
0.6659860776588544,9.855901971421465,3.3808258181673656,1
5.59364048004078,7.5149932212779,0.6507597505144358,1
0.28100087117420514,4.325463985793184,7.962617423277888,0
3.6545195477446377,0.8015423502943675,4.07898214212673,0
6.843476164985878,3.488747654005037,7.605286750201973,1
2.7799350642144627,8.093898081853366,3.690988111398825,1
0.8499839959367117,1.252861283039477,4.9856917165442605,0
1.4866245428611435,3.6042160134366217,7.811178506661477,0
5.090131952634387,5.609923161322643,9.939089398782373,1
3.927058909016383,3.037684719226923,5.40298663910113,0
7.139610214056431,7.8709087168487155,7.8493523719091005,1
6.545412037721631,4.718546403302346,4.114944456825674,1
1.5761225411939916,5.5544583596465955,0.7612699651385091,0
5.226090775284962,1.0546380790450038,4.672595225994822,0
7.273703962932659,3.828252868471388,5.7683384432031195,1
1.9965630840797521,3.6927849220140443,0.5123947336466772,0
7.993808688855992,7.946572917266474,8.165542744811535,1
3.399371600129472,5.613452337856439,5.849630842790475,1
0.6485616337880773,3.9741605042445793,7.790575056776936,0
1.4344288358891255,3.7904865254536437,5.844763749052428,0
5.670257557130092,6.185347999728162,4.53010176679998,1
9.275355301893594,8.308921472207974,7.9849650968835215,1
3.3424853359069995,1.2685706066417368,6.861735446693579,0
2.88665707280644,4.589122601679234,0.5657013548150236,0
7.989040238618845,9.156754426348435,1.1169487276311096,1
3.761544896632344,5.283117625056689,9.209896683027853,1
3.996116755406373,2.291112615123022,5.257182474864663,0
4.295430510413145,8.811158645783095,8.298521139570376,1
5.053548538350884,1.1700694548749024,1.2556716517435385,0
4.262893147593948,1.5200114572639012,1.2721266803723008,0
1.4349293707601496,6.933923556724161,6.702568999741976,1
2.9739382206173626,2.9244423304650224,4.9579231345548935,0
4.4186641304285015,9.426185712507088,7.0858965337119395,1
8.318786925326794,4.072268920269073,7.2674375281177275,1
2.9887107887971123,2.5101479534395086,1.04439636667088,0
2.2185300697234855,9.383693289067473,8.619777035499824,1
1.4080518682766408,2.3348121924215115,8.675455678645594,0
4.57754071525267,6.981543846368629,9.61626249858188,1
2.8323695309184007,2.1354399012021616,4.268839614327815,0
8.054616056781445,5.300782950157035,9.752785549128065,1
1.6507858149423782,3.756512406780929,6.1849215853050925,0
8.735511684118823,3.4332305495837567,0.26527249876389325,1
0.2881849595052033,0.6547223201495611,8.162231126519735,0
2.176961576151463,3.0489401462157706,4.2466059634602695,0
0.18408531920386717,9.418522311348207,1.4272637038818148,1
1.643208581985115,9.324543743593237,0.23635880464946912,1
4.056757812205349,1.7981562758581893,7.136553107122361,0
2.2768757903654357,9.644315723322002,9.179587221784038,1
3.925860869493688,0.042154036416977014,6.087039091377849,0
9.088229623141984,4.2232614603300185,0.972169060314757,1
0.5046844966566155,4.509379883833557,3.211174953699988,0
4.083350498677811,7.672376782015553,9.463629464503349,1
1.3697193906937155,6.573587836324504,1.6354254710511151,0
6.750087591369331,2.7331955065446287,0.1374216635963954,1
0.3543501046918107,1.5736936318699046,3.4187441767778806,0
6.560020932177944,1.4887870023673033,8.329792523842954,1
3.0779253694472497,2.80031924835634,7.999716988553151,0
8.4087002810731,0.28000658763998265,9.384619827875989,1
1.6380163563276262,1.0420194232988944,1.3492782658169011,0
7.128055928766106,6.9447899274085865,8.390932604354727,1
0.2036782797302683,0.25510325020364877,3.2817803373064436,0
7.322365318920875,8.35681962114032,2.976136062416337,1
1.164507817763466,5.487554180574678,4.580563591513665,0
0.9947461284894188,0.10576315603661679,0.5954224666068619,0
6.459992259198244,4.505662555573455,9.430909640388599,1
2.800684899291098,4.967045948667874,8.934474507814675,0
9.016328103035992,8.915338190290493,8.261907785855435,1
0.2582042269391238,3.2711096093974366,5.858948143082739,0
9.87206160266423,2.1779889778700143,9.485185706132562,1
5.2963516445539955,7.798005583289289,9.66694762211946,1
2.5446571116349537,0.740510281752087,6.97165741653216,0
4.553309442993047,1.7158356034049682,1.1020022534793594,0
5.055259255410078,6.2631030835883745,4.475522389590032,1
2.191868981174471,5.352061054712793,2.2571801450605555,0
4.958079318008508,7.224579285396463,7.455583675684335,1
2.7752803323301545,3.1800417787827095,9.71834508241897,0
5.36272320341422,6.787412715526213,4.0234017456912525,1
3.928240394373732,4.609483030828526,9.195138498417265,1
0.3912565786513611,6.870819307494277,4.028692679042155,0
9.709867078792326,4.582674300731329,6.507148369400487,1
3.1822655605530903,3.4713979781777295,0.4941394387361342,0
5.6340746289317565,4.868186460127334,5.6492328679311505,1
1.8856046375003799,4.560478086529615,7.624535226743955,0
9.625320043506662,2.4860247364031487,7.129898121475122,1
1.462092777341223,4.076212817053378,1.4763071059878585,0
7.737047530969274,6.859344378431318,2.1998571805287517,1
2.89341215856449,3.8288019585706357,5.015699644387882,0
6.366036135992924,4.497108724083134,5.322285304014938,1
0.08364456190849356,1.951962873030929,7.592629739611969,0
5.344761125434667,0.7290975863959193,8.301198260301263,0
8.280405826650991,7.713749831578455,5.12053981232202,1
1.9363493572468582,3.1571280199635954,6.231040508771937,0
4.629205108697677,3.8887832272521674,8.258446528702617,1
3.9318698382306616,5.139640131781476,2.5053727750670984,1
5.578302403548625,1.7009532364247182,1.0248139845178306,0
2.61903764451806,2.823700205768395,1.081595919195043,0
9.786745678402188,5.381711103295296,8.614012216371064,1
0.6285202156135283,3.394982461915003,3.2998815494712663,0
9.27046239693915,7.794812692635153,1.3826844166895202,1
1.516602494794016,1.4092638562469773,8.04501674944621,0
9.668379970905804,7.418507024299851,0.8723352916801874,1
0.8399383105867875,2.0147168038913987,1.3166775979779932,0
8.958899201432883,5.093213612079501,3.1749637351766227,1
1.845117555198712,2.845216819392926,2.4052901715137898,0
6.415251739595062,5.670927246690179,0.12654643829566936,1
5.071586055619076,2.6807291553339363,5.697271638272072,1
0.018497173887109808,3.324653760610574,9.418616856888889,0
2.349502921551262,1.02190417391259,6.025477323423213,0
1.9276098531734032,9.583870053523551,9.261467202437291,1
1.1176794182863992,6.262706337145689,0.05635851701815686,0
9.923578008133514,4.608323929161217,5.178609786103934,1
1.876512440520065,3.4790861615746405,9.127919908178782,0
1.539127711044579,8.000484727227937,1.3828717905650778,1
2.510716865454307,0.0759195845135352,1.5307588994784416,0
8.075934488600861,9.805133528828978,6.899392749523897,1
4.7905418807593,1.2313114042037665,5.140443603933448,0
3.253118913183765,7.807783809571694,0.1509936947707391,1
9.996573182964163,3.7252569835316973,3.0728031667255573,1
2.9995208651206875,2.8687550054352675,9.942461924544393,0
4.571499945515994,2.884761895780353,5.983785427788593,0
6.505493885461407,8.437724468002552,6.314515878466642,1
7.261141933287182,4.446127414507901,6.682015577107686,1
3.437843026948463,3.185894562336622,3.955338729498179,0
8.200118251089759,8.719322634482475,6.527712076852006,1
1.6952805815755922,6.221681042907794,5.118723531425876,0
9.733875122593735,2.436568319599215,1.4040806780701443,1
5.635608912321964,0.5034703442007926,2.097585890597488,0
2.048280092295527,0.5323483518421024,4.324535242301437,0
3.2331859314031774,6.923458876048361,9.165355606069614,1
3.8515191205115484,1.4450371827392627,4.620481935401224,0
8.747190708922911,5.825598377736281,5.991824293181763,1
0.8198326379520426,6.363614725347498,6.192841260190777,0
5.445382834568626,6.149144163863792,8.21086724229761,1
3.587792089751689,2.4343088880549004,1.3883989141099673,0
7.172166431938212,3.651791167045978,4.745357066618946,1
9.58967784052853,5.983110788243548,5.250561014839463,1
6.063368093830936,0.24857201361516812,9.777954569559613,0
0.9973690848642802,2.46548150283875,6.049625550452523,0
5.16602344958436,2.1109610454554217,2.4294101901225873,1
3.5105818503598316,5.955573607403065,0.8287306978643105,1
2.238474742426985,3.217643632772025,4.845540940339522,0
8.020943590317257,0.4633104098140839,1.3297554455123173,1
0.935618768308526,4.782355596233496,2.9891145803747077,0
7.913895554548392,8.162567502965722,2.6904289725525956,1
2.6081758844947824,3.6368715419158217,4.1779765606460515,0
1.8318288268890637,7.086812623529441,3.363905281755285,1
0.9057588017141027,6.828211862023531,1.9602543665567806,0
3.23318715479185,9.62223782085224,3.8858889287821907,1
2.7468262591226167,5.1656563119410945,7.146008028829386,0
2.681842430432452,9.135543278387054,5.315094426592916,1
3.423643793144535,2.525630398818336,2.4230419153706553,0
0.546630869213024,0.3341165284372549,2.9004060627680275,0
1.7992322498156876,8.413512534856531,6.08484988717803,1
1.4009761668550003,3.7456514546776196,6.17714616187964,0
5.693181931781245,2.926338476869673,6.826137987876599,1
0.732270501682688,3.7143737910453654,1.0900333822929653,0
9.51059582185735,4.772420207284407,3.60800686600332,1
9.791030812535528,8.08176788157888,3.211389271232469,1
0.15503264735196143,5.573072223405284,5.682018446858584,0
8.167564529892182,9.612633899302711,3.6870794937559803,1
5.20028921030319,1.0707410956193808,1.8459022627838484,0
1.8458827446492698,5.994042321351341,6.683497086040404,0
7.418389800815146,8.705626147826788,6.982690679962429,1
5.063780333663272,7.271094978677249,1.3078235135300353,1
0.933889960522799,3.8612296463581988,5.529455415331903,0
7.3825573447718815,6.064887253729424,9.278176109398967,1
0.5993549749674631,5.838180018099827,7.6265373920695625,0
2.89080283876043,1.910067342646925,7.979114647732603,0
8.647973495326383,8.997311730435136,1.6825692362225098,1
3.9470703235007987,5.49498434885744,2.533333350366961,1
2.4400720607413593,4.837920386335419,6.090125816222619,0
3.2645693397709206,5.322878209622135,4.732025062607437,1
3.1364237606268963,3.170722366946801,0.3597541822414685,0
8.978268090686504,7.3842323720384675,7.318403787168451,1
4.720463429040345,1.157307093289165,6.329926158587944,0
3.824978532100045,7.959853635774778,9.360554270184522,1
4.698984013991996,0.3699740879921021,4.814442275251264,0
2.9209020091754367,9.254803732526401,8.298067003366013,1
0.8628564759097523,3.282743181927451,1.7780457881303113,0
3.7359406467040013,6.421495547816982,6.896817536850132,1
1.4384623857046441,3.735708396868407,5.001918275572955,0
1.7324614937815097,9.26115318194094,4.790921263089894,1
3.3121590336197815,3.157220435195133,0.7690724697423235,0
4.163644719970916,8.34112755353206,5.83935791828325,1
0.7660134558948384,3.028627300271057,9.863903304644687,0
6.362687208463814,4.285718458251949,3.4430183839799042,1
4.106551614142628,3.513790223530515,3.107783352341867,0
5.769843909027576,2.5869018144803677,7.153708407443467,1
6.38768815214625,0.8942663869841239,2.067147560105046,0
5.564247317227528,8.53142357488461,5.103004258377509,1
1.75560880141732,4.409733075630865,2.3129474200130753,0
9.032748010954629,7.4396751524010005,8.907802108183589,1
1.371721129168073,1.8659977862148092,9.87514475181152,0
2.471806329625613,9.484773667777816,8.645538762408572,1
2.4306178106283216,4.705978590759942,9.967782695398505,0
0.7108918340287507,3.6659551127320555,2.7438642427506754,0
6.522713529959498,7.8747265998007245,5.425320077136343,1
7.982181235273378,6.465426255136489,0.7999004465709814,1
1.402045258553155,2.458518400908746,9.2884300611542,0
3.383322988933072,5.9158030603470575,3.4769933009804266,1
6.363254223345834,0.5789735952581021,9.617801373428188,0
6.665506636660215,2.69402712923565,1.8050100133755986,1
1.0806959170896957,5.81476789177112,2.2993125633630305,0
3.4752195878939043,5.4137228588247766,6.892464711835608,1
5.509087565556894,2.351019144772981,4.667382975541664,0
2.368850146263204,9.785125328843296,0.13081036225043197,1
6.369052215932988,0.5117289169352202,8.643703252965683,0
6.127413851823196,8.511170972968905,5.856083198452816,1
0.03161386020466783,3.576566809070436,1.7652344156979616,0
6.361716445829715,6.155950309996916,3.217246034267255,1
1.075911122308414,1.7558673023952331,7.612236515422142,0
3.009813487546543,9.406899127896793,7.158418039184751,1
0.6967389271943314,2.7231680927861857,3.903678728697301,0
2.1585231280646155,3.925511460135481,4.577307618950597,0
4.840474271751141,4.021778112077965,1.7968958443281013,1
9.159426675264896,1.3084243336505263,5.3777395547564355,1
1.4427471808295822,4.6935589434578615,2.391082807593119,0
5.546386143918075,9.327879730506888,0.6773696431016973,1
4.940086276070955,1.7738966126732891,8.664136735335056,0
1.5419029502075499,0.41697000633782566,2.8519047348395334,0
7.106128223197636,2.491384734258678,8.945525139919031,1
2.9307280435049323,2.816183116089064,2.9488668217737057,0
3.994671534176276,5.973850733422406,0.09515513174998214,1
5.544154891258421,4.525569264182573,1.739266253162386,1
3.0531954728102564,0.0050508578430308315,3.0311029489056374,0
1.9378926226114046,7.026531158612298,4.469076795068048,1
1.0249082038085577,2.3140810235434306,7.855865400371876,0
1.8798225645166333,2.5000090584216386,7.055911310863899,0
3.284967193922017,8.414260944272083,1.7333033859131197,1
4.809031772642748,4.175252193803733,7.769063000667561,1
2.3852792413001933,5.317805056085312,8.503064837550143,0
9.424119663839626,5.075375732882539,0.067049268931344,1
3.94118154107077,0.5657289142471722,2.81298025165765,0
0.7219033891813653,9.80191686815498,3.3785732012003167,1
1.2105056378972279,3.310569565087941,8.467606823900155,0
4.870570075049075,2.1094212936605086,6.171029664411337,0
0.9974862528516004,7.371267347510829,0.19312355469790266,1
2.8512039056804763,0.2674996357981174,9.946485882925685,0
7.598990586779417,5.304861623991222,4.047327937508661,1
3.8170619633940084,2.509130965015971,5.517032350773402,0
2.7294578754936136,8.443692049014354,2.3488151631857868,1
5.885178694755869,0.4189676038838286,3.066979020845473,0
7.994328370260999,8.239081341668891,5.994672175663707,1
4.993271105107004,1.503245134170269,9.204693556598952,0
1.0465325285424254,6.658833012420613,0.2293330670649707,1
4.6737042025512885,3.5472620464037097,2.380150009204589,1
0.8689077482654006,4.846072816262988,5.329634379898519,0
2.6456851907337087,5.8846828712845785,0.9766861634343038,1
4.827224370525352,2.419220373124993,1.3234187430757993,0
6.785880504740682,7.4111835789871225,1.3579768411852766,1
0.257446965822965,0.8123364032166014,3.9892458190059776,0
1.3805554561277023,1.6127073823384885,2.4167167932283373,0
5.857135859087349,7.310663977922999,7.667058296292243,1
3.384027949010744,0.7305033812397488,7.609887513280196,0
5.901418475956167,9.098952737847636,7.811346178251184,1
0.10683758887447548,7.585547017269097,5.210712266984655,0
9.44424395126598,6.50075494687278,1.511796030791549,1
1.963614080403413,5.6022455444614305,5.363047047594768,0
4.503334635546368,3.8778405452023987,0.8543196019991761,1
8.110684996586077,7.398667270627537,6.987632739802692,1
3.6392375518304054,3.809251332520308,2.677877448002708,0
0.2100540784598992,8.723475084680356,3.759005023227017,1
0.7990623246942552,5.320046478993641,6.505584657298434,0
8.736727580852126,8.619557911449213,4.42024123662653,1
4.374254505534464,1.6825650483890298,2.7625745572809146,0
7.055699949624696,3.9466093526506016,5.926540144681953,1
0.5413923464258497,6.8157507560267385,6.8750488203531965,0
2.6540205988665955,9.47596093826048,3.1247972846569914,1
5.0474081850365495,0.6178589095028875,0.009176011494351766,0
4.4258350955432535,4.587846367867994,8.283837968282146,1
2.5776485672490934,4.2576892466351595,4.442731113664254,0
4.42255388522367,6.544708553521024,2.1139706903746935,1
6.243235539038961,1.2460163450282957,9.270115610120119,0
6.959647943164048,9.846307116864677,4.7158993307139765,1
0.8830898770374573,5.7960371466932745,1.20342304166148,0
8.789529444579939,2.1697575097094965,1.2481695255037983,1
6.085905585449129,0.40381382718392533,6.700145671165502,0
1.767172110473474,3.1612277092866483,2.4553431450849237,0
9.249032652001315,5.2965617681969865,8.721377040942448,1
1.2403424381085626,5.4771611704658945,3.048192946703571,0
6.872493053212954,9.933354464645607,8.7209072847577,1
7.399387563767247,2.2724990742241236,3.4375735932798266,1
3.6603517413119544,2.337400678170419,1.9928719490170688,0
7.2922753075928695,5.506954467407117,2.955770544593644,1
2.6302745875100064,4.963744608217178,5.889156478469851,0
6.724098643112542,4.617279710685742,8.929149469975577,1
1.8940289080457628,0.21381119205662213,0.6039965102843592,0
2.412557309929836,7.3917020211709605,5.594460924900551,1
7.2686565126396685,0.1284961140883889,0.6867288592099341,0
5.001673323280649,5.601100421862835,9.829261885102724,1
0.5438620815587192,2.6902066025516036,1.9921631352052216,0
6.387935072701872,6.359759323893984,5.746188823364945,1
3.4054679163518253,1.5841027306915656,6.316470016426845,0
9.890937247174081,5.243516339160199,6.971920523038211,1
2.4861813012051104,2.1425405792745202,9.871757277602374,0
3.2064355523757406,1.4965918061910877,4.230563109455052,0
7.419148725736923,0.661777921436747,5.989836801745808,1
8.893217087448805,7.482042104753431,9.998577131613823,1
2.9098175437245253,2.570724517897778,9.16342050493219,0
0.6471787642590343,8.792335904006286,1.7036897733028467,1
0.66855125127248,2.5807306410769257,8.778524053232058,0
9.547764629028213,0.16339585656854227,1.7032062558004224,1
1.0197714271454572,5.162509678058155,9.365724377638857,0
7.2596300423091,8.634435663079591,7.6891845038441335,1
1.1052618235975764,4.121579164093437,4.6058400907520225,0
6.653449331350143,7.2295307661524415,0.2972720931034023,1
2.7451859718283913,0.4284602872552923,6.0388173613517395,0
9.973667067872752,8.001686054889964,6.114527211251132,1
0.13525712803394652,3.7494035419524128,9.051606154933815,0
6.2609533130992645,8.939403464257241,0.013366897179507564,1
2.464440789946132,4.929589913846314,3.4726232652743896,0
3.5520923976108856,5.101045625625476,8.934704028860413,1
3.8536195955728325,0.8741271480002943,8.873291957821358,0
5.5603638357971565,3.4293662127735947,1.084980753148399,1
3.8587053163686824,2.522795129076514,3.6925074331823895,0
9.653323708542313,6.184533381499843,0.5295254010920236,1
0.8331614414671273,2.7376428001907582,4.709207046839659,0
1.961788167491706,8.733673170096926,7.548303153311869,1
0.95061050758804,5.942191499339588,5.077646466783899,0
7.831863894914117,5.841815191614331,2.3079614698528905,1
0.4307484674112183,2.6255486418752128,3.9980405297161647,0
2.5990893548853466,4.960753235243854,2.2822881294479624,0
5.885736003831919,1.5796337591362475,4.925736037692742,1
0.3062387509231512,2.9641311771394796,6.920367365487006,0
9.433802215830179,7.3589867995443425,4.510314308425966,1
5.412999776103802,1.7315081476986438,6.430543960547247,0
5.431244919038716,5.274498467565052,9.858504215822649,1
4.1094245626525785,1.518931307198761,5.986494824504493,0
9.263762775461652,9.46644116023641,2.0101739608506906,1
0.4904901608245993,3.119019589660014,8.804630425853267,0
4.227568396969711,3.8791801478028,3.725696752331454,1
2.492649323766466,4.638600358934559,0.613206935076055,0
8.688946243047791,1.4105523816596544,1.2736564351230395,1
0.8578210676366416,1.0853849766576262,3.5756358608440184,0
8.540339801869479,5.0601066874675915,9.599859504364733,1
2.7474573330745002,9.262560712281601,8.23117494459931,1
0.8531159520446818,3.027939144419727,3.3619375947825434,0
4.10908493932533,3.506107453830205,6.077840102314299,0
3.57311949996281,8.702063393499198,5.683210931695641,1
3.689857610278242,2.949076363986065,7.154996388514029,0
2.686036037067546,5.92004210174057,5.567304403307572,1
6.257212011491329,5.546893217355388,0.8653669623365623,1
2.193477149916092,1.0330624748130013,3.4375518530454374,0
7.012263282833527,5.600701961175448,8.880275675075467,1
1.1907004696817514,5.155540939349702,4.856638759336818,0
2.1831203189374984,4.699571346306594,7.632773980329821,0
3.648658751711975,4.862128960591088,5.722553852614224,1
1.2403471369997354,4.772636291493337,6.605528559650007,0
9.375627310586584,5.1692968424802945,1.8850401627971358,1
5.05582571631177,0.030459596836517333,0.2990094524015785,0
9.279036005747992,2.0327927686022216,3.3380100310616525,1
1.490010392254797,4.954561505786554,8.88947772169412,0
4.167590716907705,6.208827731932245,0.6462228397879488,1
2.4095114040056,1.1467927582741533,8.845832286292433,0
8.038721231404418,8.277807502953024,3.209658236587435,1
5.1438606929657045,8.741401910224774,8.512556930925815,1
0.15201519627307647,2.060382195364785,1.0010953577275883,0
7.3180890862668955,2.304990637495675,0.9234912937331985,1
0.1844635820780982,5.039232705391846,4.778559628783214,0
4.118150190826241,7.234522704522199,0.7854359967929003,1
3.4810426597098676,0.8955736407100845,9.85857418540676,0
2.9454712486878765,4.476723677585554,0.45149476166726377,0
6.906110946413786,8.490202774859855,7.340171158480372,1
1.592360245449006,4.399486530704451,8.829409215086773,0
4.381153192945575,7.438025883640043,7.4875015131067215,1
1.0597312079082,1.164646677078801,2.2901704777779477,0
4.687923322102831,8.177815580112659,9.533649792423283,1
0.13093387824791858,0.1354582524453607,3.3090386836794217,0
3.905947283274296,9.543889173059233,6.070163162370694,1
6.102449276522285,9.121953893639013,2.1670026700227973,1
1.6642441462017554,4.895328742419579,4.490155880772731,0
7.23617037550424,8.313872556731553,1.789471680583995,1
4.173514639392474,0.9942041586228612,7.3800065260457215,0
1.523627341021272,0.7111636782550401,8.586495714900947,0
8.201777798800135,5.5268392264004245,1.419172934264098,1
3.0164465424723117,1.3936711913864819,2.0858809405369083,0
6.262827126461492,1.8370202343730235,1.1336714142349613,1
9.074699753606128,5.870956496574998,3.910039287570747,1
5.656977658262861,1.5465110413559369,0.050553387531124816,0
1.5955874746347676,2.4074065285880355,2.361179620644589,0
5.23350748035573,9.9050892068596,1.7975978618364308,1
6.328795426674754,5.65998652928023,4.740656483191357,1
5.658137177802148,1.118177641575776,6.0914418106212675,0
5.636064927686885,5.842934444689723,1.907530583210405,1
3.753167966216572,0.6772551782318192,6.706375607461484,0
8.476695469098788,1.0945325274992768,9.776347189142076,1
4.464327266587302,1.4045063358404053,1.2707815266171296,0
5.057083462219588,3.3696540349356443,5.589070152342536,1
3.305119237876195,3.499866703933926,2.650090222758169,0
9.928202518568156,8.107615764019114,5.951569909893824,1
4.320728319638535,1.3695224976793652,9.286529686170379,0
7.5883022365686745,9.255023404418083,8.230319585317682,1
2.768008924012629,2.263037951687749,6.526843656858805,0
6.111778397504095,8.597856778294524,8.146214422811486,1
2.3836335138723594,4.221039834274877,2.4923379288403003,0
3.859879440784697,7.479627338214112,5.723167840076301,1
2.890048884948584,3.701086661456946,7.263357244468685,0
6.667045966668899,4.140145278410751,5.956120084545016,1
2.2973448084711876,3.1594158073918486,0.0530277180521177,0
7.300678544993784,3.2528787247183932,5.790435850448491,1
5.309958717404832,2.1326545057128166,0.8052997305938014,0
8.323594678486621,2.854054916940135,2.84105225797365,1
3.2838675358138314,0.4063361714578684,7.817294126814392,0
6.94011497400637,1.306093209354785,2.368249993754332,1
3.870456277758494,2.529355739087258,8.631858831449335,0
2.0453956900793413,1.6537836542330586,8.185335011127815,0
7.716113902250531,8.054449257216946,7.037333823620189,1
0.737341838416925,6.03286987882494,3.2799665743097925,0
8.433473133639488,2.6009557929213614,5.145091648566403,1
1.446393060127581,1.9288260737182783,7.0982576743734676,0
5.180982649243866,3.0644108262326086,6.069469934173517,1
3.0661176834173363,3.8398993562660024,8.015339651891141,0
7.205299393174556,5.130997895279769,2.9296867085553258,1
3.5266747101706777,3.5340590096615276,3.308383824119127,0
4.8915903948139725,7.14368286778115,3.9714604761231342,1
8.169079005458354,0.4857677123859727,0.8893761946571577,1
3.4806526547797976,3.509395909466476,7.075208513270669,0
9.159104237397287,2.5902847012656705,3.4191296451484563,1
1.8638505042253783,2.7276153690371996,7.783033949817678,0
8.156767592798893,6.954287375542289,1.633421145488828,1
3.8509276404727597,3.9842267396335727,8.768085524538087,0
8.505040647478951,1.7886580200215207,1.259075916454384,1
0.31224676995253886,7.525987666471336,2.202097744942532,0
6.014314972353958,9.141551768046236,4.4824171565094195,1
0.5080036003767208,1.7994277111412016,0.5665727881348359,0
2.5778788946652673,0.44988345112341066,6.775855028587349,0
7.203635027789021,8.65692624581514,6.667277559628593,1
0.8569937143614104,6.1659608292509995,6.728756894218173,0
7.832656676715963,8.354572882501547,7.543508595025394,1
5.070349358027647,4.364665088492429,9.912638451409405,1
1.7117991423219947,0.04139648601700796,4.600265988125672,0
4.006342638524101,4.028199186649828,6.433106556379097,1
5.609003656428053,0.9699225438616654,3.3571155493770553,0
7.978092595972587,3.9923140846180862,3.813770316172327,1
1.6190925319681704,2.701688030145546,9.166124939837974,0
1.693381635991218,9.128462326660394,0.14973426283425018,1
3.1701207446539015,0.7502800201409288,3.8878773171800263,0
8.176461245144566,2.802889320221724,3.3871353979921457,1
0.46013602748413596,2.6519066041652737,1.13055456397815,0
6.815610653944956,1.7775457708959497,5.119575635155989,1
6.70325563868738,0.8479355176492631,2.9126086345751965,0
1.7916302884323032,8.635182373609263,1.0971959942160903,1
6.017331200642351,1.8286222060709623,7.078611758657426,0
6.42264581463899,2.468280352448562,5.008929375205272,1
4.297349624632611,1.4022964511836256,6.155953771462551,0
4.479637006301257,7.529854430776882,1.6941493918382378,1
1.195991693233085,0.7980768637151026,2.4196067002442745,0
2.6509731138498447,5.497290830765198,0.14868047992027456,1
5.233747834041448,0.3112260236831177,4.655148045858203,0
9.117491211316231,2.022093825523279,3.4509771483984233,1
1.3580646872182567,5.9331212419455515,6.0354606751635576,0
8.229658317125722,2.7507840403567596,1.6145308653249169,1
3.184436465284284,3.06842649239095,8.26599110226173,0
3.2760726478874505,9.290565029090983,9.776259969097032,1
1.3467321853261816,0.25326325273058226,4.1924357356996005,0
3.1582732700329084,5.570280244491963,2.015592245182949,1
4.423748574983051,0.3815477589544436,1.132435828875088,0
6.245796976582336,6.7474555571572505,2.263792878865435,1
3.3078041664111977,2.8656316022959216,7.454949974640613,0
1.5496062100816388,8.79835314963859,2.3594049956760097,1
0.9908226240726048,0.7141975837973902,1.3682906155505858,0
2.517895945014045,6.12765281659903,1.2966006205078628,1
3.5535730771502774,2.2519466596074555,6.86220874204603,0
7.834216307936456,3.4236047552128532,4.7839290517549475,1
1.103915959771059,1.263511529172684,3.0620481844386793,0
2.6819332167796537,3.226183670924345,0.0032352063914209417,0
5.10049654933937,7.706059662386244,8.518587493583638,1
0.9077853141428427,0.8592815905890039,3.2347435892387786,0
3.0814917093054173,8.599321373621647,1.548629777611823,1
9.579100240261317,7.59693746237097,2.1616312688765538,1
1.669088119539811,2.1158842993458316,4.200614683410343,0
8.584266958467943,6.522005977731903,2.36402498695362,1
0.18923263719893613,6.441650353686976,5.735520340186474,0
5.057399432465886,4.508102886227851,8.76420812969335,1
2.6797061109824694,1.9208162073388202,6.693083361204702,0
4.577777415002428,6.34751081503623,8.449685392254997,1
1.5571374499321522,1.748547603463091,8.132891686409677,0
8.743824985020813,9.308864954294094,7.048988004472302,1
0.7135987352771878,2.341226602711264,9.729742890193545,0
5.070400410276244,0.2392718122179205,9.931906366052225,0
9.868088344735126,9.767937025600906,2.4156965384360163,1
4.127039646168433,2.210878375061407,9.79413694111546,0
7.411594226633468,7.2423582855019575,0.9107442309049474,1
0.9888537904834382,6.217827730180324,4.420072065502337,0
3.5497664246191,4.525810155746459,8.978916652928588,1
5.476586811152001,1.5352031011085099,6.609268652842649,0
6.619213326384338,6.427724015374543,5.602792555352645,1
4.137134389355648,6.732064437957439,6.654076509246558,1
3.274324754691639,3.3196416920430583,9.046332782505042,0
9.624487017677476,8.399978906394807,5.920505950056011,1
0.08136920837802708,7.342944219048712,5.00505764500999,0
0.26982248453989,1.9043669902509441,4.370582199271869,0
6.807570063585329,8.534387411091007,5.13514981345475,1
2.750409899751115,5.234788137093505,4.9294779280712175,0
6.006042168734956,4.462721868601416,0.06579599872720165,1
3.374430106288886,1.2993547217665113,7.021100071537125,0
6.230178252656664,2.998966474324778,7.939884259178766,1
4.1924497030858054,1.8116816228289934,1.8748600738950327,0
8.787002223687608,0.2241459967662418,9.660502102214211,1
7.593680852245014,0.2292031671181738,8.025574469315641,0
7.966429646903027,9.777674707531927,9.229312750293724,1
6.553065471171663,0.9542537512226668,3.888697493697344,0
7.701651963125023,4.721179528637359,1.7409159748998826,1
2.171469036517525,3.9030912698328812,4.860524876948888,0
7.4862593778198985,5.088392418562739,4.471096344490602,1
4.250621027917019,1.710404085381897,6.630337462275858,0
5.056862972484831,2.9528701209887878,8.117232464269833,1
0.8328855960102277,0.9202909246189328,1.0216686983196188,0
5.499456578258916,4.76132622036946,2.795690837853794,1
2.0541261251231435,3.275493353464997,2.5224989861861005,0
6.618551465309591,2.2945456238429607,7.7545043715286255,1
3.8840325893748693,0.78651934234379,4.55864541857807,0
2.170494903812441,7.229580500529358,0.8795011234478489,1
4.653393492934686,3.0056326449504436,9.290573786259293,0
5.312824712018257,7.976605706518204,1.0082153811835914,1
0.090788775260493,5.392910854127262,2.066851883117058,0
7.612478104935251,2.059041621969524,3.2505250979951317,1
1.7164583248745668,2.171003233955635,1.043446064487158,0
7.706771438258962,4.938295107968854,9.537525260590698,1
2.8872711893454186,0.522665135819691,6.769483409646394,0
9.087095027626157,1.7674362432892066,2.3363129599604413,1
4.715012453252099,2.651247631459462,5.389784026224681,1
1.4046733191861982,4.765654792942941,6.396004507982092,0
8.779355875265072,1.8433064499961482,9.834191737274402,1
2.582125619586839,1.0946220628291148,4.225636514601771,0
7.671332272430388,5.706788561428308,6.235698310712451,1
0.2361407351768552,5.939631132109705,1.1565469069722834,0
5.376747940855237,4.210833350451112,3.5946359737277755,1
0.37551734264834935,6.671022945366055,5.7806705398743565,0
6.843964140156473,6.479631950055113,6.520324400226504,1
4.029547707341478,1.2431862035435437,1.4799091088359628,0
0.21727796004698763,7.976971671673897,6.972709006749509,1
3.615830458715582,3.0504495142190424,6.044928886338146,0
8.396941154733964,4.11894553886294,4.770508177369628,1
1.9352249865363025,5.652429351719524,4.876500649521931,0
8.876699708912149,9.819867693678564,7.443526210742798,1
3.723456446225464,2.6299824197610286,5.299581508276848,0
6.086632549928143,2.0612566302669366,2.5071102031877146,1
2.773676807475364,1.8637206487968316,0.6652851059765796,0
4.749412108372304,5.625952367601522,5.6296492251197074,1
3.3810142066560935,1.999452326332113,8.653012410224132,0
5.51498200168232,9.036223241852953,7.490462561813114,1
3.9456675430750963,2.1575212356412043,9.473178036052177,0
4.633363217818031,4.939619972482047,3.9063056274971144,1
3.9502258430488113,1.938032840377174,8.071371605739698,0
2.7679509457586726,9.865630925341245,9.035832567058344,1
0.13398968357130392,0.15650400342604565,0.8291482385867743,0
7.372427914914624,1.2429526999529183,9.034366001116123,1
1.6738948332707981,0.6313639793559012,6.749972108453521,0
7.211445434894623,7.48246919854409,7.913725027727918,1
4.581024805310894,0.017489922026691085,0.651895907284944,0
3.318898309216763,8.135971076062617,8.118546001301844,1
2.6481955515873015,1.3859853729266014,9.800888498221216,0
3.0032442789734537,9.258107364978743,0.6154841867472582,1
3.825773808301456,3.921851120209495,1.132170424357789,0
7.892979460270277,9.740211791778853,4.42628853404247,1
1.441652507669633,0.17372813042211388,7.187154466847744,0
4.606417465789523,0.10888523262127192,7.084891032336573,0
3.0498266470576816,6.698078954939213,8.031573343207604,1
0.001968147640446505,3.559337011282111,6.720012153628651,0
7.5053602788231855,1.8044789161820285,4.612692519575789,1
1.815279040017681,0.38392017729647177,1.7094234964542487,0
3.984475044636009,5.564771097982215,6.47182711728035,1
1.9966503701454308,1.0016218575294766,2.3261558317999933,0
7.443448261040221,4.331216424752969,3.818051207850961,1
2.0282314070407272,3.733020689887525,5.143878061454121,0
8.217641707212085,4.663544370638222,6.943413209600172,1
3.6024195667755663,2.909257277798228,0.006434994603788935,0
8.640904989030515,7.450662942172873,5.932081202744788,1
5.2737743411574565,1.6309178029262161,2.9088254662891866,0
4.0591230056454775,4.381676257353356,2.9438170967558728,1
3.493804403958032,9.711706294949993,5.237805469826001,1
3.8234301577310403,0.2503712247480716,6.164897916668371,0
2.843317155874503,8.903401420156714,8.424816499538142,1
4.431107650395148,0.6825026546948776,8.779562592751338,0
7.505989089249592,2.7953180323528946,3.783058904880324,1
0.04204114655292246,0.8837250518375861,7.043364198593984,0
8.169288878206725,3.0635296364480977,7.55566663397825,1
2.1500978801056094,3.6476831370371965,1.2878939732692696,0
4.642883495081636,0.9384750660189478,2.1811000221488843,0
3.732697034718302,8.724163008540527,0.8338052677762431,1
0.26869512765445247,3.773250718204798,9.741967320071145,0
1.6752602004461525,8.638263499465001,1.0054212783891947,1
5.830309834957826,7.410813845652213,1.8793554623760866,1
1.172497503000861,5.617390586852526,1.7690682302411376,0
2.7914727198793376,7.585577944936469,0.3146124874828682,1
3.8402179579990205,0.27547360696209555,4.606018364704855,0
9.47765293573834,3.1041094782622958,5.273881843578031,1
1.6421181697594345,3.2351520209698537,3.0732952845522443,0
8.03809578738377,4.799191414679564,0.4850607552427155,1
2.7452422598420245,2.0257167806702925,6.787364251943685,0
4.134238996401011,6.966917298023559,3.134143712564732,1
0.6594094645789406,3.405481800362881,4.729837765314485,0
6.936372693607477,8.789041537807783,9.174971007206599,1
0.7384832948304243,4.719086129012923,1.5632264280587138,0
9.939984484763832,9.617798654688345,1.188043237600609,1
0.659827671220774,6.9025606332439216,7.210482023836642,0
2.3832988094881227,0.5341715615770926,5.72452624161164,0
3.4150449265498404,7.5498457829697525,9.130637247857953,1
1.1720907264894198,1.4479088710744836,2.0742942333193213,0
6.4667220324851495,6.335064360912064,7.088632804008573,1
1.5594497886357994,6.314794759360453,5.6587661261797075,0
5.818022272796508,7.116481889631077,8.001765221916711,1
1.1515208556297007,4.578907875897192,7.11835259120948,0
8.92536497823715,5.7695474538151785,1.7707552948142657,1
0.25845780840707544,7.48510748789683,4.912961410111803,0
8.121348143584774,9.26325836201049,6.707756619401213,1
6.064495653270914,0.3179329849647561,2.8574905761029967,0
2.764757168842512,6.709935253199044,1.9074394683932239,1
4.980972785972585,2.0468869165071437,7.081293375313474,0
3.112193796957805,5.261368333568575,0.5091659499233769,1
2.6117627769585496,4.2829620775651005,1.4927654518531663,0
6.8962984592798975,7.58312630128769,4.487606012605437,1
2.98829520838472,4.442421350673344,1.9623847583094334,0
4.849232467081919,3.8137189279501293,5.994413738834037,1
7.505924509837873,0.4052192413878386,5.02971302272531,0
6.355797185462339,4.380327143982576,8.850059237581885,1
5.057199765692425,0.7260693561402964,5.001002578122918,0
4.07514627379257,9.96252709788768,9.654838225814743,1
3.117557404215127,0.6568662102831557,4.373159267832351,0
2.1182035031423507,6.423887934826328,0.28553469305054313,1
4.480804029843536,0.8392223858481507,1.3780286514400653,0
9.488218602812825,8.314589272202806,7.601975819834376,1
2.4758387169043052,6.953690832079198,5.154632484915892,1
2.9209910121478275,1.0001532657371404,5.489865361593395,0
7.210722992903564,3.045024152981266,8.280611571075402,1
3.6452771676628415,0.14702288727382662,6.3347178324221955,0
5.636747138630017,3.0677107243858304,5.477901913402645,1
1.5157150807720199,2.2372605446164426,1.0265505909471884,0
4.913637961659791,6.289789994391613,7.243687690425057,1
1.351342996986431,6.487617235694398,2.408431576134662,0
9.530146201199784,5.528125002213569,1.2023800493010428,1
0.5676000931357095,0.5443240666376015,5.37081884229567,0
7.306221498469317,3.794551334190266,8.064149400174934,1
3.374843092649351,1.8341706671540159,0.4395185097650933,0
3.22032825879105,8.198877740536657,1.0985569752987723,1
3.426690018518863,0.16687776631410078,3.5961085113208577,0
1.8687205208569935,8.466012604277791,5.30694207459433,1
1.01487472807957,3.7170560644119988,2.7219659078857017,0
3.0940433851444604,8.711331249335444,2.9965691764026614,1
3.78011293078694,3.922057574231963,8.512188447563144,0
7.029902400203881,1.649119012384782,0.30113942008094363,1
1.9098460098104753,1.8737955537576978,9.289385690192612,0
5.278435315492164,1.669310142849808,6.123940086720262,0
6.273879161167606,1.4940817453377253,5.9996156009681565,1
9.717733372211518,0.3785227245901013,2.4580348783447237,1
0.8693115128289275,4.656575931644643,3.2439302489009716,0
7.492563787029383,5.445384151782902,6.520852140695965,1
2.8147800460201378,4.661832225202637,0.8971353147682359,0
7.520920418519298,4.308359329688836,2.465988037793455,1
4.17091394890832,3.3300302699851247,8.007419431061827,0
5.778739352129978,5.293563535901177,9.757959467155016,1
1.847393477707605,0.33931813794341625,8.23306774980509,0
1.318910379385958,2.3786691490995917,2.511005474095507,0
0.0027912658918738398,8.386580110714583,2.5350651194488094,1
1.7841167623396348,4.969337251684321,4.603648250841738,0
9.453020719290574,6.579585554900572,6.476741956827222,1
0.12086413380360428,5.583515893885621,7.330719524636894,0
4.6281659784868605,7.585944566426618,1.5656306655718044,1
0.13373634466033457,2.5804676794847206,7.989188432801323,0
2.774344394137321,7.266428010486737,0.723245844421998,1
3.846184732748833,0.48764397264793424,1.0320773492645419,0
8.71683395696847,9.830259412329267,3.6057182931320373,1
2.8544912036198156,3.5570810140191056,5.965985585437872,0
7.3278277116289665,5.641787385566407,1.9058234744832758,1
6.318648857862209,0.8298468336226916,8.874871494379907,0
5.505716205259002,6.689948514681813,3.004685821646973,1
1.5942575328590047,5.725623912426798,1.2861201436394998,0
2.8065947218568033,9.332987618041608,7.429177394117127,1
1.1575201941385993,2.0693191275986775,7.124392429529256,0
9.732759246299592,2.589315055262934,7.941853832212608,1
0.8566717768236354,7.0121698985753405,1.9298845701333367,0
6.908988972940611,5.878689766632962,3.6205908913575335,1
3.0325176100473907,4.70228027106246,2.0041580855158148,0
4.55435350570151,8.684375655330182,5.32143637210953,1
1.1478414284254634,5.084860714239737,5.57587126709983,0
8.540467110343654,6.336067293311497,1.359646416518493,1
3.844635654178451,0.4365822155533161,2.10603667005973,0
8.531347513051065,8.390612029849072,5.328377975985541,1
1.3674292177600023,5.742490165748841,1.8337344929796773,0
7.892388702923295,8.975429165712843,8.704200046563802,1
0.730071828996427,1.1271310671935075,5.00862421602015,0
9.644140012666018,4.042049026903149,5.247336586168694,1
1.9119437008632556,4.058798222416497,4.1398618965506735,0
7.231250906617637,7.455723756225314,2.3032899935433115,1
5.755783803193864,1.9574144987199704,1.671245049614729,0
3.2270404884115687,5.468197265990392,9.915049694754982,1
0.8352416283137409,0.17909247180629695,8.312232923761973,0
2.1845858206109003,8.899787315381694,8.350768625691924,1
0.8404633441067522,4.082062356816523,2.935621179878416,0
6.850714944074559,8.952182171941704,6.674962909974466,1
1.5665945577898754,1.6198080386383196,9.78888511412184,0
2.5308759601956075,9.073664168102088,2.717844191724066,1
5.4846165356827745,2.442464668896047,2.6727473778218567,0
5.3717463215149674,5.9987473881817355,3.260082253662495,1
3.4900723910600853,3.2643113173844798,9.584531190462096,0
8.612219407026187,6.403602687232631,8.858574011265864,1
1.0931619942816229,0.9486788280662017,3.996983512518338,0
6.81882763940897,7.51679044099879,4.219050669546016,1
6.3001884600760105,2.3201596209844864,3.608754875357998,1
3.744732681343661,1.1056392127282666,4.999589475260046,0
9.152638878491416,1.1712340530911736,4.745142187788238,1
0.9775206745237175,0.01801694514614538,9.034164331108123,0
7.686280586440998,8.789989897535017,4.127863515057941,1
1.927000684967649,1.3844508553201573,5.207350331814667,0
8.508116264857605,8.056329920932361,1.2699180865896942,1
1.3514137818110161,6.476065873112126,2.239104808518295,0
9.345977429390677,1.3818646088034248,1.633817805325648,1
0.7245999061608599,2.1076032454972307,9.473120153385393,0
9.368598351532153,4.793951779713468,4.331096058380401,1
2.101751629409323,4.601655750914924,5.976290885735257,0
4.192747172905,8.619807168813146,7.009851734101725,1
5.241627484256453,1.6864310684468609,7.674295156286021,0
9.386271721630067,2.6790245342095433,3.3275720961374446,1
0.06997686239031631,0.4008450582758105,1.2364353347274581,0
2.4180751883025478,8.829274014296814,4.654316898123387,1
2.809287199467235,3.568587884976333,3.687298586681732,0
2.4057826694024365,6.3314577082625245,4.330522301898348,1
2.23418029149283,1.6429420438370101,5.556112999681905,0
1.8593078599361301,6.95164189316556,7.3848914053072745,1
3.424111122340603,0.617561094551109,5.3210474086189095,0
5.196916479458626,5.469053815472274,5.973422835224844,1
2.7587639369805372,1.5625805096805245,8.817665464587945,0
8.280332701775986,6.895393911182694,5.18848737487684,1
1.1822536592360788,4.559392104150183,9.947560706381964,0
4.307340616908995,7.000564395275312,9.818086596535693,1
1.0546842919051724,0.45311937324950313,5.591167405525229,0
4.197874895221576,5.36655994492455,9.698473123011842,1
0.4096622663157856,3.2274317380548,9.778280117119754,0
4.7400799766924955,8.683818647687914,0.7207288044580407,1
3.6755535451153385,4.1747809269430505,5.142249386745349,0
7.66250340789445,7.9243063572783345,9.526902991185803,1
5.967835690793865,1.275301469059562,0.7893204030925494,0
7.986335319432221,7.312138973587599,6.811909020993786,1
0.9067426925584599,4.376929976459069,6.876722876594656,0
1.8630163710930547,9.019257683490077,7.260200909747873,1
0.38503354721325267,7.5987360507275215,4.791538907477717,0
0.8788335318269824,7.403094771360557,0.10075944450823937,1
0.7631167576521114,3.107375032945411,4.706364706065593,0
8.081951504470835,3.791752887934694,1.744736058097549,1
2.617305795024607,0.9490322755497616,2.5921362267759807,0
8.515016996477815,2.6502456481043204,2.949701963795175,1
1.489166173260582,2.0087912842042464,4.009348594044736,0
8.365371850173592,9.239888029806062,7.07356967790881,1
0.33030876921563923,1.0891344922162083,7.479983829521215,0
8.707595209006323,3.6946651390822414,6.711567703257462,1
1.9857475854463236,3.720107565930081,3.4046697755494715,0
7.5302156482673075,0.7679679023894703,4.183294649815301,1
3.2141733606099763,3.3715093126451534,1.5691641460180783,0
0.5409916405838666,9.845411858073954,3.6893636524539053,1
2.437803207887205,3.981154752483489,3.7544943648610563,0
5.601926987294693,4.0263633462754544,1.7697828325683962,1
4.15960567794238,0.9719524164985305,2.1328979628344213,0
6.808393910473076,1.8390626967135937,5.7443123872881845,1
3.9159663086035765,2.3177890574718085,7.937127156100502,0
4.593314793167584,7.727879902330443,8.386135802484679,1
5.206294072926003,1.5860289809584205,6.9411533170547415,0
8.025478965501375,7.743893939783098,3.521139666859461,1
2.9004398096685446,1.8044455473416288,9.48422710253804,0
9.574536584191941,3.0716994967553033,7.4864562467302775,1
2.78076436072213,1.378997828976335,9.37716739849672,0
8.189186084681307,5.532122086632364,0.3187725387012963,1
2.104968235476351,3.98815217602015,8.125800502754588,0
9.071066219141658,7.5059956365773886,2.5770765580690735,1
2.0201773157302094,0.12584663599454426,7.031106022422231,0
9.432948328919258,9.683342987332894,1.5178922172363696,1
3.6293016335543635,1.7196471487982146,3.2161555050124004,0
8.642126390663416,7.538192982797196,2.695072047531034,1
0.8360777153085519,2.093900436059756,0.9411217427398832,0
6.332823993000477,7.325802661744093,0.10324518346825573,1
1.666322662053853,4.209955493369182,9.780869515666883,0
7.489047897624134,2.1742933883391036,9.567255931131692,1
3.0995118991647863,3.2427393892143286,4.089369931469569,0
7.158582175071869,2.3516690428127784,4.537343590666122,1
2.111877129304128,0.5669271649835661,3.9895832233324544,0
3.804303541759151,5.943081587025478,1.8403419680133704,1
6.5330294996498885,0.05366403329143621,5.24609098747514,0
7.1495580145632776,8.543748475447593,1.31951969940713,1
4.6252853469164315,0.42512667601700804,6.7342762679141455,0
7.583963671870913,7.920456913582514,3.6894625591758565,1
3.432566300144748,0.6192901397991657,1.093976727813093,0
3.7376682012627627,5.2946338312526775,6.477332240758672,1
1.1593888568529354,0.2958249551198533,8.699406151959666,0
0.9831324169682054,9.576661908139204,1.8398593588422696,1
4.636407568853084,1.681115012681219,1.4502925296912261,0
6.6820833116879115,6.915525847683076,9.308553379221033,1
0.06195089433621126,2.934239977985389,5.187386656730469,0
7.901408106890302,8.905955711211643,1.751193723379585,1
1.0187915711341755,6.128479859096041,1.9774977548774253,0
5.37587471062901,9.377027570439912,9.396953456211,1
2.0235732218310942,0.4164316136455781,4.469089059859298,0
5.237680218212942,9.926836142942822,4.828395632970968,1
1.198570169272637,5.478005419238049,6.247917705747729,0
3.5824164603163067,7.063259569080084,1.9492096308433715,1
7.603259844849769,0.30916225621537063,4.839824831471743,0
6.547836718729515,5.6988667914490705,2.489012649006427,1
3.462342441492753,3.3118221322507657,4.797755060353243,0
7.947958452751559,1.300817879716143,0.5064029202107101,1
2.8957076506421977,0.9613913590624057,2.8072412415802606,0
3.5861606326308824,7.486780389135248,0.6300442262466621,1
3.905551223894804,2.3103963092971993,7.450291945131125,0
4.605237014653892,7.265769955507995,8.618910042278078,1
2.575612451402333,3.248326992248791,3.227865093707999,0
6.839956225849867,6.772367733418486,0.2012545260719878,1
4.87299265274717,1.631137448300054,6.035270523048943,0
0.5581520974648468,3.7282828343027816,1.5717614677713032,0
8.369109378223971,1.822860434184741,1.1939342419141985,1
1.7906326471231493,0.03927545078093009,2.17357133113674,0
2.396241260830455,6.155811513042942,5.509092540186767,1
1.255796086277714,6.227634502322912,4.513542377478964,0
9.812297364913265,6.680870930374359,7.228483585712268,1
2.46737812092116,0.31869614208194785,5.67684444769532,0
7.450050974972482,1.1656659175936201,3.940922553285977,1
0.18374241409406022,0.2106422153038856,0.15499951267925138,0
1.2099016053192535,7.06243135197691,3.0714262942472645,1
6.51469859842997,0.5440248133601677,6.527244677205911,0
6.3937975613105325,9.262615843346575,3.38405524065978,1
2.5046468122274366,1.3830092572614905,3.713726942206738,0
5.245499881487422,7.14417065348033,5.353464169394535,1
4.861538245957289,3.069282246866628,5.407323869168314,0
2.211740433336149,6.442145980354289,2.8847743288194794,1
0.21918014416096643,1.495687442011675,5.318210455645772,0
0.3460073163869315,7.929568552309364,0.12572394426082267,1
6.483676958881831,0.046480731872892145,2.8078660863724547,0
9.714883446781839,0.7280644862575392,2.197650200405896,1
0.44258656680640773,5.36787129941077,4.300213636600418,0
2.458798851168832,7.388154640457426,1.8497471827084644,1
2.152678216011007,3.5681400256533538,1.4019326152075495,0
3.2209187427890305,9.498847565064086,5.745234522024402,1
0.7781840918355509,6.84662976299577,7.911251600067663,0
3.8942275751020903,8.416775446563854,4.032603836461126,1
1.5444322897942786,1.1486130971937947,3.4767599379246894,0
3.1963221890658167,6.7695963646606145,1.059635998995082,1
3.425798964528558,4.340958051501054,7.306354902042988,0
5.401202422520049,7.0016709711302685,4.6921584370445,1
4.194502222500832,0.17502069531120656,2.6845356646907947,0
6.91176032097188,8.072534286374665,9.033271926887092,1
4.911063279111952,3.063461175652674,2.4750452667216827,0
5.947770609733424,5.387668860564171,6.758225429064817,1
0.05446706468696716,5.983508170140887,8.192486993365064,0
9.022832682592172,8.256184450618955,6.5468202384530265,1
0.9334716075150584,6.108200929887005,0.098812596722746,0
1.872661495580965,7.807637119571028,5.1283025193169705,1
0.8685138573432671,6.372612495050269,7.2612932861794075,0
4.21443879939578,3.9930038028692083,6.188525748960253,1
3.652137155430358,0.9864717862597194,3.9280235047872356,0
9.889588441527463,1.2293845821694638,3.9780727708627617,1
2.960287613074677,4.105628315984616,7.594852153119821,0
6.805950420544379,3.376649680077073,7.877488554727607,1
0.32905545277087667,2.027897347648666,4.735599623139716,0
3.790782309112756,6.456162040216009,9.71688883596168,1
1.3267848421285589,3.00856266565125,8.211329421997583,0
8.62690194660858,5.612705919329068,9.688083890645098,1
3.85146480837403,2.458603327230401,2.37429000480509,0
6.498210862735227,9.364302740954626,8.05271593884467,1
0.7887175887129483,2.17137642156339,9.982826847621393,0
8.037681658754419,3.410452810306801,4.315488677597891,1
3.313250637876868,3.5302315951067245,9.942908710334265,0
6.143876941871267,3.841848373455099,5.914490378979748,1
4.66913426919232,1.7914740344250346,4.710748372055433,0
9.17652845496486,3.4666595441458368,4.926853533075644,1
4.873447821273999,0.17105555798325844,0.33660071626736343,0
2.4169331804752536,8.822004195284771,1.2934143097101503,1
0.13462259122340448,4.6269947386722095,7.715264685680056,0
7.273698762627231,6.711148891131891,4.6644715138575075,1
3.734354848939183,1.0438186714081255,4.371908309743416,0
9.27131412967299,0.2068137872510023,8.144580116991492,1
6.742254088030315,0.7175077851371547,9.566650826450157,0
6.534111410912554,5.089865900071862,8.640049241545556,1
0.9826918780646232,3.2245963599771557,4.504071990078855,0
6.066222174446731,9.389559350358924,3.7182625849591053,1
2.970005935390706,3.1896044639103516,5.591505404044783,0
1.7319655682111912,7.512912908832367,4.3205315342617325,1
2.5019552899824014,1.9526029949863555,4.3442952741954795,0
4.794354996039814,6.005192254908906,2.6921324914278078,1
1.2255684711098913,4.750687085730317,3.3894036074426337,0
8.147178676230077,5.7307844243003885,2.020855149533316,1
0.4597436095858387,0.27920317615261925,3.8998213831457598,0
8.49672605292439,9.99044862475014,9.832091119531597,1
0.43792018733216476,4.831171967793281,6.454454450080245,0
5.731580296098549,3.3956740763639273,9.486035822487796,1
0.08491076044868318,5.571979921452918,7.302697698694891,0
7.597903156542501,7.2950833502081105,5.697589386551744,1
5.358709150175384,1.195599566658626,9.736811672519954,0
4.0749728766057745,8.516470304339725,4.136678740411444,1
7.539816794981293,0.00833250631425142,9.64338025037097,0
2.655959581036739,7.418743882016522,7.1721041795018925,1
1.31162891789111,5.43559869957559,1.8360878512038792,0
5.645112960959496,4.010404476481314,9.219908481750785,1
0.14986895574980896,5.679249651033658,8.152423200240994,0
1.3539150129507482,7.199009092060229,9.495213247817917,1
3.160633896734597,0.7371200633605923,3.5882821100229254,0
2.2749330272166732,8.398643248748135,9.367349157456031,1
4.854261219129839,2.74543950082909,1.2116836381051244,0
2.4044291379898852,8.082596584884305,1.857081645098938,1
1.0932629060710264,0.8820717027621316,9.860689226889587,0
8.83952370451992,9.195619089135166,7.374259727232092,1
5.01344495345569,2.89529982186827,0.7034440895891236,0
7.990539038748597,8.727321185804355,2.6901131383966725,1
3.349051582328854,1.7216260713012077,6.429760827450681,0
8.919715403742767,8.4157507159694,0.9260349738123508,1
0.2928012451598516,1.4176730052360964,3.2893538306033476,0
2.4196372660697496,7.284884436292129,9.228510808417997,1
5.592905189035053,1.786875750034329,4.244744856705532,0
6.484534879799417,7.2377120798837975,3.324339047678432,1
2.2944767830974966,0.9987504944688497,9.680477317793182,0
6.932480298503818,8.395972095545352,2.1461732120279278,1
4.092158498249256,1.2130305813248254,5.891104816505091,0
9.274437057369964,7.4982055899848294,8.090852280866354,1
0.48246299988252694,3.196008921658704,3.4132803104168996,0
7.328947498457753,7.833670455499583,7.817583975804587,1
5.466388860540476,5.68980576062563,3.264923009835817,1
2.4204687466680195,4.397800571694433,7.496556970625903,0
7.716284525184357,3.95103489257333,7.8863395190537755,1
5.617101343127077,0.7843007035776861,7.7965092761813235,0
7.930530887097433,3.3706426361456145,1.4158939991626984,1
2.1841201051685974,0.24669264505552624,6.910805015351006,0
6.650495548481202,6.887714280788653,2.155371317524797,1
0.3247419443489197,3.9257678642988045,1.9486884284138062,0
9.624675943382163,0.18330391581286687,6.964720668559696,1
2.4510997396935306,0.9404084976172522,9.185426716161999,0
9.843441208142108,8.214228229202252,7.254204712660691,1
2.335132596312638,3.263918066964969,6.439409013444277,0
7.407507422978371,4.294499803928369,2.9295290839601575,1
1.4236647819004578,5.695802700259781,5.076930872375622,0
7.4123602355120095,3.4738392115864993,5.185813237710204,1
0.5266804502952993,3.4521295410650943,1.3519701598248335,0
8.991124056445276,8.727741087557714,3.3991569098829,1
1.7117423373342955,2.05494811866605,9.580116963021762,0
5.603547349793986,4.972138758485086,4.85947500712512,1
2.4241325899368005,4.470291825568888,2.4003547593286823,0
5.0997886853214265,4.832875676051536,1.4008612022298972,1
1.6031310220486439,2.4220147482391994,4.2449851619754515,0
1.2700799377531202,7.23394263407121,4.395971701429038,1
0.2094700512828207,1.977275521686176,3.93120221460547,0
8.681349838759466,1.4467431309025058,7.852900519431758,1
3.599393380526376,0.7943274422212332,4.675853073943729,0
8.431054766322335,4.71954401098663,6.238920644484093,1
1.2206527271076262,2.680428438411948,7.7285290389335355,0
8.164092128334907,6.379407265655085,1.6293366947490429,1
3.4878088298177543,1.600269221484354,4.359329267949796,0
6.899442628795358,8.225646216954539,4.829092213934638,1
1.233249044151662,0.12054652078969386,7.6497754508031495,0
4.113897994399159,8.156827910270305,2.5149241416626067,1
4.967522159803889,1.0283123763638358,1.035301554259137,0
0.8099347171528959,5.783157866109444,8.78531720458948,0
6.8316255978016605,5.597545033946019,9.252106930117739,1
1.4532859145014898,4.705548438065822,2.802778349886983,0
3.7705571411536978,9.6305150674676,4.730933697713246,1
1.5069537387826526,5.548829297797932,1.4526212572002162,0
7.732860619276101,2.8303132452283677,3.3806728735955183,1
1.9198519401018144,5.713598087753678,1.673917659116746,0
1.3144231130711859,8.283865987782077,3.534266483827615,1
1.690041298368118,2.639306655862057,3.0116676284982704,0
5.832001247153724,9.523303071278175,2.807886990777726,1
1.0283157971677626,3.8714922703851173,4.484501512633329,0
5.538204043513066,9.428238355688666,0.7855612169959469,1
2.3970918193059862,0.5135345902231991,2.8893851395700167,0
8.938875618844996,0.6860982738563637,4.560122506420813,1
1.0517106087413486,5.808006379360812,8.703442310147967,0
5.461459114518106,9.817780712908618,9.202281086744,1
6.775581866072331,0.21228482797886805,8.315329367323104,0
0.3150869662356026,8.111508486975442,8.633190099883766,1
1.7188791744372034,4.78861027826876,0.34927549054460605,0
8.572799062961275,5.22696759463937,8.582086836610634,1
0.3855342313204124,4.9066804454584005,2.970548455340781,0
0.657776777020328,9.739697179229976,5.23094833654276,1
3.2767363219805237,2.2986747207566793,7.460713693304061,0
9.922043307010355,9.959210641205477,5.173017518942121,1
4.582533877411289,3.138158061803048,1.6201443927699533,0
2.5251672322801246,9.770058723966915,2.867086834964383,1
0.8165150364290996,4.492204731073174,8.706216677836528,0
7.269045621737337,7.6152257536027825,6.98333528802586,1
0.9343896395883311,3.300620861190885,2.0750573644277304,0
6.139859802261074,4.632183840812781,4.181395771598842,1
4.045634573843562,3.8043397225136424,2.574327235384911,0
9.991080136972757,9.946354390491956,1.6797175592518399,1
3.9710951188493193,3.824078260688415,3.5558769348265518,0
7.188112274403941,2.5518137131237086,2.8114772382461695,1
0.11026828153382073,0.9256606881969576,0.6958322957165164,0
7.703800074912259,0.8738004566650037,5.295065196919141,1
3.273777078753536,0.836168008305822,3.6236802645594013,0
8.856179379245873,6.845621110735958,8.2884038648416,1
4.273440083577565,2.8585524100424733,0.8213483052721415,1
1.9093471084606184,2.2327989335545153,1.255351349155296,0
9.331077654483689,6.914039689512234,3.3913895034350805,1
2.437963442525515,2.098266591173804,6.800685803659251,0
1.7492537084147097,7.449384234890699,0.6042945565528934,1
2.5175286396791074,3.231605771356487,7.1220885863729455,0
4.0257682894237,4.7304192119247555,9.127454158981582,1
2.398084088644181,3.0370512239339718,6.982785648110652,0
8.37769503624232,6.309136108090753,6.79825660319822,1
0.5831378048146663,0.27845146947528154,6.981705355862316,0
3.7582150124580895,9.032027901816113,0.1669877149968757,1
0.8653293016635055,2.376955959423622,2.3081616430508745,0
5.04944695555893,3.494147801955898,6.701659141434588,1
5.846095430228695,0.5566518944916066,6.312670909772223,0
8.869787803514907,0.5540838463396425,8.20838067981088,1
4.054983989967708,2.6966883941341955,0.3545162329738383,0
9.002061209781223,6.244240651096606,7.5068625189564555,1
5.429779284782073,1.9972533847581309,2.9684168167667457,0
8.045959028079958,6.527202095917488,0.991857204622415,1
3.0655365781487154,3.3051919909590053,3.7732601703037085,0
6.885241046015461,4.3840684726111885,1.3665239887018121,1
0.9634921131056273,5.956447560549632,7.0212344421278585,0
4.554754416410049,7.567527299739948,0.5596148153423464,1
0.22945171506289608,0.3842463586408984,0.5323683560179426,0
9.72435957914427,1.1494248028124243,8.736229783634572,1
0.7701071068202725,1.3384458321104153,4.410040922261197,0
0.7969307814105764,9.641961708988049,9.849510648294759,1
2.479730342830674,1.2715909743462883,9.972463111941723,0
2.462426500761623,9.3530440433071,0.13488391136044386,1
5.958984894193376,0.5791763543035378,7.536416086118574,0
2.0841792208069965,7.9845633082895775,9.90738937515663,1
0.6230208711675278,4.486019873690043,0.8416645893725216,0
4.6978527486138795,3.3846525950557185,3.867085005068993,1
0.9430192123508863,5.185944546958879,7.635299022696648,0
9.15360007642738,1.8712883247664402,6.660238283827999,1
2.582054741318247,1.1312058194163754,3.6788854632134527,0
5.113915924931303,7.153918652443898,7.100417931704621,1
0.8192751700392065,3.4661165976318555,6.905787896741764,0
3.894317984071136,4.918366450453605,1.9582912863661595,1
2.253592290689798,3.1717918399559153,9.842629580784536,0
3.842290334796221,9.684640061269453,1.6462212879042326,1
0.24660572368792266,1.560522964298875,6.105093552257387,0
0.09566104279042587,8.021309900631792,4.394270649623788,1
1.1601267464460852,3.842958539275588,8.196142942883064,0
1.5079967166118224,8.146436800092182,5.753968531561348,1
7.051886601346361,0.5959689226889231,6.831076867156972,0
9.657963231567127,3.482678666635528,7.41865908479577,1
0.5430084202326824,2.1636427888678256,0.8233632280687109,0
4.568561107448358,4.697237136737071,6.704410702656688,1
6.743353049922018,0.35871740859946377,3.6205208312564183,0
5.0365352007159085,3.9302896417892863,6.925699845869543,1
1.1582448529390543,0.6800539160221197,4.436155685342371,0
9.421023895354468,9.587171466905453,4.552641715383384,1
3.5099401017031817,0.07635535256927839,9.643327246293785,0
7.898368144906644,2.646486652190049,8.287970748623334,1
5.813654414370484,1.2249778537111888,3.964890238721952,0
7.73490042922179,5.211773003046426,5.152741150577106,1
0.859410008936704,5.695955386454025,2.6408293617606535,0
7.031348949847599,3.612934441536032,9.774022309856424,1
0.4150736309884062,1.7365970240706718,1.7343824561269372,0
0.7090656374309412,9.895765519765542,6.135561921668461,1
2.688740336254619,4.888741836252596,5.155218999981654,0
2.3503158822728567,5.700868062985669,7.040156478352624,1
0.45283936423697657,6.007756538925105,6.052028807583071,0
4.182673803981412,5.836061122740802,5.404321398123722,1
6.125395499735257,0.7437856768395368,5.662543516757461,0
3.552372074773259,6.531733453516319,7.260308897032179,1
3.248630768337467,0.7669903743949091,1.2183044642079888,0
6.70319235799152,5.583416564088482,7.188905103862545,1
0.30722461084386254,2.4135792893271066,2.2658642684628747,0
3.975761141528497,9.47383202701801,3.3694332266189706,1
1.6992023917219756,2.1407476774214675,9.973157583892196,0
2.0457232403262218,7.792414721600216,7.947912661556591,1
3.2988140946170064,3.2976989190971926,7.195246431689175,0
9.402229309268247,7.300996128571576,9.070827007412456,1
0.7360360426445145,3.758199238956308,6.217803473563625,0
8.150354487009608,9.620674184009202,3.7992437633819733,1
1.798988670332603,2.501666608848171,4.359832301942731,0
1.886135088051295,9.345672564611373,2.3115452117718793,1
4.261000202725888,1.6966461735029037,0.9537688462663996,0
8.62774343271551,6.83836038682621,6.364802979852746,1
0.40341057669337044,3.7908580925213897,9.913042307653537,0
9.91342055926702,4.883669750902975,0.7490099053701593,1
1.318618861873031,0.679028805959232,1.5445908850668755,0
4.129469509752017,1.817741221870861,0.6438637824414584,0
8.78011159715832,4.353384319298033,9.392569774166457,1
0.9855562712278054,4.164903912176655,6.1603657837826304,0
8.05209296728407,7.213347865881019,6.116200496846624,1
4.452232709254064,1.3875819903419562,1.8608348402715746,0
7.70103413654479,7.6823058956169845,7.948208485240325,1
2.6745241478072215,3.405265161891461,4.15049225329806,0
3.104933627425117,7.827885524310303,0.3963852765587017,1
2.290806000368267,3.8626346878492246,3.4626140401006045,0
2.6373181512281607,7.544458614755186,3.057916492742283,1
1.8840987694451594,4.531729046833344,4.749625497199501,0
7.892832492383365,9.234177648694805,7.739850350662307,1
4.006167452039692,2.3249516454897767,1.6722541064091423,0
8.889568995908089,4.897752917518713,0.3248735223952015,1
0.36241227567985645,2.7531857300449447,5.403855459773657,0
7.793521057270306,6.4176197505480195,0.8760127663714345,1
2.63924863406272,1.9764844985177565,6.931671179909288,0
5.8603386818170025,6.140209985188637,8.243782525568532,1
0.4837618721275183,5.815460558384489,8.307060127609807,0
6.087708113406501,4.726017246465463,0.21770472210478564,1
4.207417483177414,0.5723308193634913,7.516590048864561,0
6.38478968816814,4.068162614035261,6.285403790217354,1
0.5827701461917789,4.791923099110845,3.527971036270104,0
5.970812785122293,9.120648457554628,1.1945220861446881,1
2.0331843763302238,1.9406770287572128,4.114063719286049,0
5.164303836693497,7.656321472993453,2.7054384944136345,1
5.197296066894886,2.2574946523742003,0.6526560748346155,0
8.961723411680403,3.819398302198306,6.3311705939190785,1
0.7866410677952784,2.227010238549364,9.177563290909486,0
1.8603741706027521,9.317226017950373,6.215476819771574,1
1.308144322768079,5.336234528121092,4.043261808854761,0
4.266146319514669,9.732064022666375,0.13875680224563425,1
5.259070542879515,0.874013908467367,8.762453848752486,0
4.236794093442567,4.511461874643548,7.726800696563515,1
1.361803960111897,4.561283376517072,3.638915160159982,0
8.17800788403401,4.093744812890621,9.435507760488399,1
4.987435863962707,0.6266786917946132,7.990898411819347,0
2.9618844164082923,5.726454863649937,3.9023855544342076,1
4.36905524862592,0.029201498321325126,3.500916601941463,0
3.0700935559064124,8.735596396377264,8.315862926925154,1
4.77403545770281,2.7253925086205766,7.065125753197997,0
7.173209498694678,4.739968315499519,5.611629175354921,1
0.26568237142465145,7.691639322018594,8.369007878122407,0
8.862208144192499,4.712940621387585,5.450961159045749,1
1.636929151949058,4.937622930269219,7.659878668845941,0
2.849709251927152,7.912512164584014,2.9953631127327385,1
1.8324948167078714,0.896940809761051,3.005707895362396,0
9.486208366509985,1.4320361496484701,6.815732898561805,1
2.2197340525013742,0.06415898360928596,7.174514522622486,0
8.357456595586747,0.8406594177948801,7.440630645531656,1
3.256268375977852,3.432507612474247,5.05609327216537,0
3.591292456187788,7.23599571659165,2.196395947253813,1
4.612248142973243,2.8075284194651804,5.244248556965374,0
8.573918766117568,4.200064290673287,9.759370891622117,1
6.87363895910254,0.45477538822886077,8.212645072953773,0
1.9790411137222164,9.528221855743958,8.292296766521286,1
1.8586290425756158,0.586472878788431,7.720647678359836,0
7.098332376437436,3.5834352208120688,8.053561078914974,1
3.0683880493653923,4.7900119186559795,6.640604140183857,0
7.878190205490931,9.662777302557528,2.476202931062126,1
3.5324695715480328,0.17587813885486026,9.549650166347377,0
4.1941810108391575,8.991133039301873,7.753895163044787,1
5.453773348042734,0.683284612911792,4.980635250377983,0
6.974873508168237,8.081537891137488,8.232019513413508,1
4.754915767624431,2.6542277816131254,0.8395451419882638,0
6.014078902571569,3.5786827356785356,4.385835642271623,1
3.316955966230121,3.729554617960006,9.42485575047248,0
7.828090949978562,8.607289644777028,7.464995839522316,1
5.773693589708941,1.647872807626003,2.8240584834762936,0
8.595406531656671,9.047879849155281,2.1044098047689763,1
0.30697410040781414,1.5633120826958657,3.920742287475192,0
8.765174971877078,6.765770785029005,6.361931768963414,1
1.4858250231431436,4.575133410601262,4.5376690879247725,0
3.6906814685674947,7.785400776882266,3.757980455472328,1
4.641420459083452,1.250232978930239,9.204216077228592,0
3.6806444261522775,4.768145035065954,2.2721982045463607,1
0.4065799354229449,1.3491754177592075,7.905161728337857,0
9.975122884200285,4.584332846004927,3.7481640692207163,1
4.603293602383001,2.8916585735406364,3.095880484751924,0
6.272053088693287,3.3970461570057098,6.939973802254667,1
1.1992909549869646,1.1225325492419536,1.5095734370081348,0
0.742563469147477,8.782494524306415,7.011215440609984,1
2.373994884939786,2.571794420148076,6.0507244174995645,0
6.125284975109717,3.366004809657727,3.138145600382564,1
0.014683465675007223,0.679511088375695,9.075324832898076,0
1.8551123823464477,6.597200683107815,2.65100851034234,1
1.5039317069433789,3.293596420182605,7.444678334771245,0
7.7681354939644685,2.6610762654119027,5.422731399614823,1
5.838468346187976,0.08529849526858313,2.8695791236299293,0
8.997118521244694,0.01834449944251304,0.18537747322804665,1
5.245570928328357,1.5278634024118676,3.2979505393961563,0
8.761053199602616,1.8800406952597626,8.208118468452266,1
5.247203512832698,1.7699893092449892,4.913493338826148,0
8.189937841451728,6.5071759455293465,6.014308284748154,1
5.052303106785488,2.0079379789009613,1.498746686007567,0
9.916514072352472,0.267962228527987,3.197423547046907,1
5.127494167497612,0.12467609392882717,8.24785475763315,0
7.286802950727854,0.9818804497701705,7.109037098124427,1
5.355777353834741,1.226798635690216,0.9110490847607944,0
6.034462462642053,7.813953965198582,4.960841302142446,1
3.0707300688748607,0.5505768897268926,6.372631071838644,0
0.3678147127260212,8.61807093308635,1.809502937025712,1
0.294961137183698,4.6693128043087135,0.9737139739736422,0
7.488404955961187,0.6426546033881297,2.7573299713016706,1
5.068879149568342,2.0454862970195684,6.002999351498807,0
7.926630982739695,8.520443229895344,8.491061334837566,1
2.8586316442991135,4.387868530375112,7.789959783718833,0
0.6688917903398806,8.805583526511999,1.5345739198369324,1
0.0341197732099896,6.837140353680161,3.0586608703009723,0
5.5780916774705345,4.843920075803636,4.814178836661494,1
1.5596424873329695,1.7669373645779174,1.21126268419531,0
4.611242158637613,3.658518898741895,5.761036005843118,1
3.1397215040657613,0.8189751320766225,9.715585628252773,0
6.748788588165986,1.5121589515510436,5.846668496754628,1
4.910939701824963,1.2621732839505917,0.486000338446404,0
8.379204275794125,4.034906063543049,4.324724918974448,1
2.003087849465971,5.92886547328513,5.584281806118065,0
5.149069037769576,4.030602744453738,9.72039411085562,1
7.625162120376063,0.20423816146863616,3.782611252076531,0
7.145068135000163,9.824336127905887,7.858069144298153,1
2.7712235230273317,1.4735276012851672,4.990518474456126,0
5.7919776624985335,7.331552391413308,3.859315569982109,1
1.230740646833719,4.894447746261318,7.116254354618966,0
4.8666479038402946,5.542937806431318,0.29431436499560815,1
2.992634935828832,0.07428153158132056,5.539507326850549,0
9.93933224425599,4.429920921925414,1.6068216816912817,1
1.1231169053088763,4.161248793657267,4.292339547840211,0
1.3714302527461253,8.924869567637387,7.038858721609403,1
4.398512786403117,1.8542774878055723,2.9016322919744155,0
8.924343581848852,9.743249879243974,4.191151839587811,1
3.1127471073455037,3.9062680335297784,4.003852528813871,0
7.611643674387628,7.285781745040344,8.171816764560907,1
3.9615270852808857,2.135984910833544,6.577353077835587,0
8.33427806196283,7.1335329177629925,6.048511737842355,1
0.49995676853153204,1.8561627655423085,1.1857340678444817,0
7.374618978447112,7.418816658532568,0.9778341833672222,1
2.3595336554480353,2.111698272758613,5.26023785329547,0
6.08609221663113,6.811687563332648,0.8522185639671909,1
1.3079001639955645,1.1900499995916491,9.897973324970616,0
3.190376011370012,9.974859264905044,6.968941964314456,1
1.3635728769474686,6.543050909470976,1.9069067521187,0
8.254198908070139,1.154306445535913,1.2045591497126995,1
0.7250404608358785,4.689307136165381,8.643148439629046,0
8.201482832042778,5.487053319642242,6.326044400328904,1
1.0940793811375238,0.17546985918705293,6.593899499510767,0
5.09062232959589,6.985206420006245,8.721792053301128,1
1.1484460131241037,6.656001880884799,2.251857979763038,0
4.402115468229751,8.239226415855596,1.6084839302251452,1
3.811330252665913,3.225961459776807,8.891176379384914,0
4.439631086524603,7.877881137747785,2.3034540416527505,1
5.948426937679091,1.6988484717452768,1.2274557367646932,0
9.360678148352854,2.8303048572282186,9.059072871349361,1
1.113244253015433,6.000173694388419,9.732298587219958,0
9.974813151956765,2.8497573965511256,2.3851163002973985,1
0.0520196389611971,0.24470239746702815,5.577221942723638,0
8.338827528224273,3.6545120755494387,5.866822879597615,1
2.41257177154122,0.7510367885423941,3.6977519285640206,0
4.035072234889717,9.126664174814572,2.1566045725977325,1
1.3190480666175541,1.7641476195764139,4.3442577533103846,0
3.9308227841679413,9.230630229475542,2.7598342367334916,1
0.8596489255233675,0.23552819730372598,0.9525075157073637,0
4.972078761861372,7.3469212720384425,5.620065050529273,1
5.804761770892234,0.7362413067935003,2.2563992751988913,0
2.488900410152113,8.262246701648467,3.0692600342498935,1
2.7006243302921087,4.345776546510535,6.034891830187687,0
8.334597566424195,5.538992103941997,4.762529793401816,1
2.9711563360767546,0.482379472147878,0.26561145691628596,0
9.767769928499519,3.2888216174606644,1.893697698973209,1
2.9968348954683597,0.37628299019693334,3.8364951147855066,0
6.256416730732939,5.206048553365072,8.814613891202827,1
1.020421937311603,3.634131142374292,1.8908524632429446,0
1.4077380444471221,6.959036282328082,6.889027525538265,1
2.2764919183833765,2.440374267036547,1.2649185483176284,0
8.251692219919498,1.166534737455005,7.968849374512686,1
0.16460298955453867,0.287620921015731,9.43350510981343,0
7.072813154454357,7.457887561225704,0.011213303693158316,1
1.6483239477314926,4.790145480621868,1.571170063281807,0
8.392846667070309,1.7085375923917034,3.0318839668194397,1
1.3698339578809748,4.4812014202914785,6.621562310074545,0
6.8666714267559925,4.330307302175173,9.937443325598943,1
0.9901551976489431,0.9762240479432838,5.551594849619481,0
5.85415394975141,9.644944073210423,7.3281370828236625,1
1.8107275529430822,1.7462676981723346,2.647779716478503,0
9.356645323469998,0.3391347054675764,1.0502248035304584,1
0.21557665662405245,1.9874522340800338,8.553503766950778,0
5.335115697571471,7.260677516148796,2.8701085220989286,1
1.540567397712097,5.592488903086647,3.454761266044939,0
6.673749543770602,6.054939044672807,4.51369057460896,1
3.093309068807181,3.6438567031083755,5.449207471073681,0
3.3557736948965236,4.743672598129727,2.4653506464757067,1
3.206081075675989,0.5776937940257232,2.430348184264396,0
4.140509206760372,5.39722048884291,3.385111186303452,1
2.6072109363829767,3.290810597184696,3.27003961578015,0
4.0495312410722,4.824672577946766,0.9122505691598837,1
2.515663808104841,0.7805529864075533,5.4382005584974635,0
3.1772882227649,5.067598455462546,8.100932815862802,1
1.4205427749623634,6.251064033550675,3.71998271955013,0
5.000998232435366,3.019311740211712,6.00819487946191,1
0.03940313714054677,5.229405547493949,4.423742595191319,0
8.611006533597225,4.10014331181963,0.5345182978857999,1
1.3374990905065298,5.308139808016341,3.359924942234287,0
1.3212159807452861,9.367381983363472,2.702894765740762,1
2.0621571691591734,5.245588806608275,0.18959981059150754,0
2.271179259489874,5.930096032202183,7.818059826159481,1
1.713356082195855,3.7791636075390778,4.297445517469911,0
4.959777612719466,8.56671931205597,5.529835334104516,1
1.899704221360451,4.874888685585982,2.1508244410398545,0
3.191441495436184,4.920293374564588,2.5660125635497364,1
5.297613103547483,0.5361580627749662,4.561973033887088,0
9.67190741849423,1.028839429427565,9.260115968089448,1
2.328525734432665,1.2063080078164035,8.13784022439609,0
0.5067464995884263,7.499117623170965,4.8871149231358855,1
2.4714245448813976,1.567657250735336,4.296961898060724,0
5.1924063052997695,6.086860463944337,0.7964852413686752,1
2.528677341247164,5.048625985030585,8.839097657375387,0
9.789997334190282,0.7814940236280432,1.5094028429376227,1
2.046701346976371,2.607907611166037,8.959587851234298,0
9.744828106373337,3.59090957961145,4.317569295986559,1
1.0168006361578041,3.210099297257707,4.3364335866542465,0
7.107111099947585,6.2251080139122275,9.15174045832084,1
2.1767834103924564,5.432471124386147,0.5358831421193544,0
4.587254699457537,5.617412713032186,2.3241145776029706,1
3.6963787101171297,0.6146226042725178,9.235187995122377,0
4.8449006248277735,9.691925886295525,4.05980558943413,1
3.3235308804039554,2.778896011167774,9.363170215108433,0
6.7806292720248384,3.7299370596350787,5.5183854770840925,1
4.165888012935081,0.3432246407385797,3.1469023044328557,0
9.084111654165454,8.30529309589543,6.009723426964465,1
1.2355510422009164,1.895076133241308,5.330326466599825,0
7.742135132527535,9.427157294191781,8.653456553572276,1
1.0070661329929764,0.5702213688850299,7.007672389664501,0
9.578364318172119,4.724713822307085,8.280004386130367,1
2.676200202015565,2.1877183828412794,6.314666071632432,0
9.967514645060541,3.037784621447479,4.489346742507281,1
0.09462279177166022,0.6540953044246389,1.9974936224460504,0
9.3786381782077,1.0248418564891992,1.543997947357123,1
1.2697394341682944,6.508325792303863,6.556948356637368,0
3.609912091929818,7.477252760087959,1.678870313726708,1
4.211127568181756,3.269868788479997,2.6770546956877697,0
6.838514689430379,6.894013869548491,7.066962155221555,1
7.340137235332254,0.06508233319821533,2.0768916656536938,0
8.943759509693196,9.338107557785387,2.9778745891436555,1
2.281884908137035,4.905741806321923,6.300330078514679,0
4.12485915780915,4.676816783442277,2.5100778584992267,1
2.7414680492426093,3.487081267367503,0.5514412934787893,0
8.582928404329284,5.268912244264619,5.942232688622599,1
3.1192788187514617,1.018395745964974,2.245295949829884,0
6.285403505159621,7.986102575238369,9.3684215281448,1
2.484947640805002,0.5696921852970804,6.91508049126078,0
4.581040205330074,4.459096384305717,4.689594274124009,1
3.1515398559259067,3.416481675609977,7.10246143971079,0
4.327962149384685,3.914326860172841,5.520573767720574,1
0.31358416253281285,0.019312443702395043,0.5143973467687413,0
8.089697785399586,8.363412451162837,7.3388525845725745,1
0.0712340870113981,3.703160802381448,5.735956578303638,0
9.192860485696162,0.983252242006305,8.974445959104434,1
4.452430171993105,2.6217501934861898,3.9925516281699416,0
8.314064446589446,0.3454693299923606,2.4240693183185047,1
2.3823142798400667,1.6256571944216636,8.873733898378365,0
5.88746575559712,8.571922116206666,7.83132851973691,1
0.7256625963325869,1.5904010511359568,5.138305002082473,0
1.9585032829019722,8.537532531633786,3.2527842669078333,1
1.7898640709058677,1.8182055527429808,3.195789585252248,0
2.274465195553217,5.982114341427569,8.414308743528789,1
2.2051481787227867,4.495507886189523,4.529523885226194,0
7.566276283046002,5.579931825066039,1.7023371498418094,1
2.1963880299510574,2.463578942681991,3.2194414258401682,0
7.065101292909091,7.236040226705002,4.089362453776696,1
3.2725868948297308,1.9898689781230372,9.634494019273506,0
5.19148361114305,4.565037027847401,9.07280537007241,1
2.5590058508374556,0.8576309806894988,4.740483104718676,0
7.489306469558009,3.8363546150227226,5.445453481348457,1
2.0982693204093774,0.755457109021278,9.431596734329384,0
8.010147318386245,7.45935485912383,3.9078687696763237,1
2.42999052014772,2.725518009477137,9.102990260128344,0
7.382346862139548,1.178839830534012,1.1270773388468547,1
2.197475665554344,4.015120372569001,1.5792884585780775,0
6.522693624031,4.3007294259585205,3.724530680562933,1
0.5872793488247419,1.8888625581559726,4.83368487169281,0
6.174378106498929,8.353520496090438,1.838968965042025,1
0.789689404765268,2.708656668965107,1.5949386180928082,0
9.562327972089143,5.48097136215254,0.7147941414516723,1
3.058221673206698,2.5998815993698274,6.805286545383805,0
7.132618554331877,5.866664360771313,0.3591962744565047,1
0.200107811791308,3.428899828852484,1.109411575631798,0
7.064346555194032,7.631598874994889,3.4739507579683138,1
1.5910756020934425,2.5755677424848686,4.8529375320112225,0
5.732758487375818,8.559662269264628,9.830125845435102,1
1.9771904055555256,2.873869872552932,2.1385384990145484,0
7.843459975473133,8.951692408072665,0.7337647115688617,1
0.4837453799148017,3.3281952049911148,0.7955815673911593,0
7.759840609063912,1.6801991465673005,3.24363342472362,1
3.9638449424937305,0.7687659994844787,4.161051864092382,0
2.5814381743166095,7.907376963761898,7.764221707111764,1
2.940028479387685,1.0941291995848468,6.994029318597973,0
8.793788654821029,5.0425157055891265,8.247228932714346,1
3.6120257293548654,3.7976614484700444,0.5150816657435364,0
0.695610951185468,7.319513974007121,8.487393115008302,1
4.266921789509349,0.2163333032892456,5.3681753489278785,0
3.1143837356818747,8.256329269769369,2.063309813229577,1
1.969911973745223,2.2077225315762385,9.455821791780801,0
9.29349026214377,0.26265982507173047,7.392835519205684,1
0.02180281800501005,2.425414927201447,0.42387918113274137,0
8.130561238364498,0.7856614290835162,8.400521297217939,1
7.198783601783277,0.3967356974775271,1.168013302588975,0
6.0014482931118565,9.071897044581332,9.922503674714905,1
0.35398367248835494,6.081840124810737,0.009924172350821436,0
5.067031725106572,4.550502526966688,5.3441365435788954,1
3.62003216735887,0.07752376518216142,7.413309847103124,0
2.9033549745465725,6.80523094145093,2.871728615948764,1
3.943260336234251,2.4786623497125504,5.961959312386686,0
4.588339142268297,9.700095238927203,1.844351427046309,1
3.0591879628880783,3.8157052063497767,3.3029233198990138,0
9.652293447814792,6.267375443408744,3.208403202540783,1
3.0924457057219157,3.314140203774513,3.6405948368840924,0
6.201220667931894,8.869075421903005,9.701230914604501,1
0.7897832296046747,1.067758283589807,6.540965531291749,0
4.756011896507161,8.956298232785914,4.104272865770292,1
0.7704494107645121,7.147785082416015,6.840594540589336,0
1.2683184111221946,8.491192181708495,6.468573909164171,1
0.27711833298449173,2.883989517832549,5.425024271748028,0
4.233823776944668,6.628052149927952,4.213010263824277,1
2.7676357385969474,1.8962947372344152,9.921782610504533,0
8.694849049914799,5.144059514076355,6.447404648675935,1
0.06426141059522883,5.276690543831536,9.33990252041853,0
8.154474736315976,0.6796432850033418,8.054578967080705,1
4.676351121116296,2.962582541649711,7.4282996814388085,0
6.411765199141456,5.023602676089433,6.854449932232935,1
2.6571823875603062,3.072146305683595,4.13035636950903,0
7.398911228145587,6.481725229969476,0.6281332472467616,1
1.2789663428361087,3.5833520276048914,5.697975370347892,0
9.393038047632395,9.703210924043443,9.509750322671087,1
1.0124066614652194,4.197285892520767,2.5344168092562,0
5.109013879700762,9.149552010547277,7.791725645707762,1
5.932248639203773,1.7735961283045243,4.525955820870729,0
4.648788308240213,6.966500697446255,9.184823195993426,1
4.884017215103791,2.461306058042072,7.334791195176688,0
0.988090224106215,9.181343695483948,5.689667369379824,1
0.9639577455381898,3.105570645583974,5.622233373564686,0
4.601239551419543,5.2208385078394395,0.9165051190758866,1
3.6471022927717147,0.1530023145344872,0.46626576452885926,0
9.490717692968909,7.368095229561707,4.542589054613698,1
3.2039497421641636,1.3228384898690593,1.277875150359996,0
3.522866361370214,5.5992569133425825,2.152243269244355,1
1.0924437240925955,1.827496150321587,2.3955032174572333,0
2.4949122015386815,6.80529662501684,4.946727732832821,1
0.6474496341432734,6.163973940595273,4.678671523758537,0
5.2901595503385686,8.448824702918394,9.910011871114381,1
4.0730456003328355,0.5374682276721932,6.35358157894352,0
6.903209788031628,7.053243680237815,8.889114783328832,1
4.14098536761167,0.2335814588167462,0.7258197578909231,0
9.060849736786869,6.197911101193783,8.705446246136441,1
0.3264872663776497,7.076620994437891,2.940516433782716,0
3.481186168815935,7.2130470207775925,5.707138915336591,1
2.781160990664974,5.05499761829836,9.050752395212726,0
8.772949981378268,8.204234360236962,7.485198614541795,1
1.9743340930829967,3.274856866505338,5.565650994536594,0
7.2941557882703325,7.515974413495571,9.525754055550797,1
1.4022418208426224,1.0702905418092545,6.247766142163567,0
5.0603765018170055,5.052885588377032,6.439202160858385,1
1.39664001877155,2.224142138300561,4.624507390337732,0
7.38927989250591,7.369766621995108,2.676335227522042,1
3.549407717325024,0.1934093702032491,7.796169925418324,0
8.742695428173226,4.263384003406583,7.132916506820375,1
0.242844293153488,4.401926136249161,3.869347571559513,0
8.240682770637806,0.5568735387604007,8.255727601167177,1
0.5374800554990367,3.5038023965726115,0.12384642331646267,0
3.2881288871435297,7.363209263756547,4.666706249853138,1
2.6304982175828684,3.963310930456413,1.371231393760255,0
9.046770576328955,2.989441296468952,4.293149115077988,1
4.093665923724661,1.5424727978220465,8.233174141856695,0
6.429157328681051,6.346626411626083,3.741367493192065,1
1.5298039024553844,1.6047618156613874,2.27711252363362,0
4.525889903635071,8.11309692902547,5.872060517343558,1
1.5962558640260838,2.873500563658932,9.843341328062733,0
7.074549478292042,5.2901208703594005,4.610523971324111,1
3.6373735423657374,2.6593545144348116,6.52586737149058,0
4.328265467992365,9.719419852779033,6.124969267325606,1
1.5508905759192992,1.1599104135432725,8.515528078396278,0
9.152579153875681,6.496535117432481,2.5605565327244317,1
1.17285668239264,0.4334675529405496,0.7463905196094733,0
2.736850344242404,6.978551078350415,7.008429670428419,1
0.7409342522878481,6.519033318722661,4.381190511619158,0
1.8295485816552448,7.25393635433583,9.840043411931143,1
2.3808417806249937,3.613813483644275,3.223409136596959,0
4.55315752470217,4.2254005146853055,4.2186105452077,1
0.6064884472059251,5.992010035141542,3.473638695423916,0
2.564490136787202,9.466648190132537,3.1725375068979567,1
2.2592654277694537,0.13855264861160066,1.7623996656890373,0
6.146392699210245,3.6951228631138155,8.842982984297441,1
4.8404096224039375,1.601611291770565,5.404263695534796,0
8.658587196951515,5.556839216654711,1.4263399792022813,1
1.3285460470254384,4.231861587138237,3.4722716306958312,0
6.972161251311252,5.408714683197559,8.132057944039623,1
6.6625998689261525,1.2543537988372344,2.367408048889086,0
3.589872005520902,6.743025150531478,2.388580280730259,1
2.3635862649935415,1.1222377207178968,7.962522277416709,0
5.219467670426923,7.910614040454501,6.828608900819586,1
1.941613936734411,2.3569465747707308,6.181290842236904,0
5.777206648942191,5.793460897038299,2.7314919900606958,1
0.8903204884674343,3.8406848695759987,6.154316122332368,0
3.6681172939444187,5.331237347823654,6.263674302665063,1
2.1077804614190985,0.36671612377427776,4.124865617786339,0
6.120490000989469,8.810050050873677,9.411973757060933,1
2.0038956703941766,5.754681611486175,5.58516849267995,0
8.97760643156249,5.975680978892851,8.374725635925543,1
0.3249461927078823,4.179537347583624,2.062430258670025,0
7.558866149790112,5.934874457736697,2.4114923270138,1
3.645845888116006,1.602310099534604,2.017781884701507,0
4.602542757348588,4.635105406887673,6.862140209943832,1
4.532029698991359,2.176900658898069,5.684041230714816,0
0.6474833141007452,9.463701809066604,0.7591608366733438,1
5.555583889501735,1.4858312383408812,7.400572136767644,0
2.194990942907026,9.457935149326723,0.3626391303021437,1
0.46943544782069746,1.991500725612565,3.614731256123065,0
7.704463223369871,4.011774626007998,1.1548553462274158,1
0.19667495722750394,4.57794810415665,9.32058822165499,0
6.223350304392526,9.31762780259305,3.8845035544033846,1
1.7226236645605764,5.5674793450237985,5.176948745032691,0
3.5027727009696963,9.515907935952141,6.080418371043398,1
1.861484037911002,4.105137006415301,2.6101888125237904,0
7.971069731234168,5.002750407167981,3.206196944345272,1
1.7404984110078203,5.186336927383354,8.4669144915743,0
4.7750269259083815,7.93462349880804,2.9560119359937556,1
4.684848718358855,2.436951252352407,0.9721836790250915,0
5.61808531191307,9.281714288730504,8.5985914138863,1
3.649853380934147,3.3484557307710427,6.637573233643622,0
1.3197957967049179,7.032489981238631,9.863883062967231,1
0.02097015607790298,4.9262638075821785,2.957962011770039,0
8.585821351238693,9.6015431520232,9.273367539751082,1
1.7889121809982422,2.784877615964768,6.447465623179985,0
7.575156168551354,6.466126329870754,3.766101170562849,1
2.9683042057867692,2.8208917235792166,6.465587229306623,0
3.747413705137835,8.081515665985572,6.469471845635391,1
5.991695484584998,0.7313692478635148,3.758309180597746,0
9.849320589675154,0.38197388590358594,0.03997949672106982,1
1.7577824812930232,1.4652741307674066,6.619201508811231,0
2.770994595074945,8.551070270241496,9.512196033014135,1
1.915307852912187,3.0927577446519026,0.6910366887392727,0
8.352015468845556,0.9321630403996484,9.239674950999092,1
1.8105663877087175,3.8621054315662127,3.2333120039620566,0
9.735631847497592,5.336873996047025,9.699481454367552,1
6.139541776100765,0.19708055921507817,4.875665292621033,0
7.644788285256526,3.86627268310191,2.1430014390781893,1
5.023187913174441,0.962029001185114,6.300032835113778,0
6.391063727108257,4.530881407963172,0.28090813563150574,1
3.9015121372657315,2.0265081238876403,3.0465302369466762,0
5.76359105115842,3.186522431082625,7.285906667437411,1
0.3992242535248469,4.698361432011281,0.6682680121310713,0
6.723518684226509,8.25612109143624,4.7420320883961775,1
5.47189458234798,5.73873206305866,2.812463174131018,1
0.04588992590651708,0.11447887454238526,8.174987814885727,0
9.255286928696595,1.5301472031006036,2.5278956865595936,1
3.6079528755993295,1.613572342512396,9.370616877150509,0
6.58212718942135,2.5609416216806657,9.96103521752083,1
6.327580262596193,1.147299295992853,1.7896665385200805,0
9.825630143811972,1.7370081229305945,1.4490015551137592,1
1.0259916464982632,1.3467850762034361,0.2746311204520979,0
3.543977599235589,8.388169911022578,5.28538090087231,1
6.516897381976986,0.8478381157780435,1.7310688334327584,0
4.572033359668922,6.343342867621513,8.020928670619517,1
1.747450143027064,3.4264093135368032,9.978505275084883,0
7.183708994714567,5.852017368808423,2.3202846980832748,1
0.34901228837666554,1.2531969286454792,3.0275511024747326,0
7.811820030129231,9.695247262773329,7.550534406590774,1
0.7388287466779908,5.1505339537217925,1.3486229078324719,0
2.69330396809719,6.811745004995764,9.650229964824119,1
3.690500979099105,1.824926160481044,2.0737133368694716,0
8.269119068149507,9.697136100738657,6.0488358444302035,1
1.8869944831383878,5.636002619410414,4.9774081771253975,0
8.262224091283585,4.471369766394102,1.6145766528527694,1
1.19357714022714,3.0945328316480003,4.0439868375717545,0
3.3691542317697976,1.9567603865887717,6.393304060549068,0
5.836527136329163,4.036236913797931,7.874756170216994,1
2.0986833251674852,4.9580089886849,1.7795870365418431,0
8.32567432359619,2.060416980229718,4.656093958189407,1
4.63144491049059,0.6884396099343759,5.147936939213461,0
6.8056748534319444,4.497653581828796,5.35760322739582,1
3.6842022665975263,0.4697850893007116,7.396291133271689,0
8.786300287694006,6.224018798389682,7.284666165876537,1
0.32056693499444733,4.235932444153173,1.3343347164407826,0
4.839588440093721,3.6050798122641203,3.455370448076768,1
0.8315128772899316,5.107899273275121,1.3677267589245234,0
6.2914797240297515,3.980768822239277,0.7225142140075502,1
0.7945230734858288,4.837857241819207,7.721427822366508,0
6.503260475477466,4.92122112310876,5.756179924413524,1
5.036220215738613,2.340397439252404,3.2443966673501015,0
9.227092105700821,5.7063635345508175,7.527763066771981,1
0.8752425719459811,4.752995092188255,9.213011298369477,0
6.766818092369525,6.39099267345839,4.375924671879194,1
1.2264049137179633,4.978767332707584,4.025841479535915,0
9.8281905423657,6.409369289545955,4.820486171265157,1
0.9246547397117566,4.494661428588832,1.1985670669103188,0
2.4104080419906726,7.277294213068574,4.815969569399248,1
0.8717181502922811,5.411770848445111,5.740790769678339,0
8.925426895187478,4.753442609203446,2.0768278887331624,1
3.6957834850939975,2.2554033574069985,1.4370826577274476,0
4.667918957987551,7.265603747465327,8.278501277186711,1
0.9076808705369377,1.8935856313152977,3.524534024626843,0
8.309838537676216,7.379294499989229,9.652891654667915,1
3.5597245188872293,2.779697573520943,7.5548847133971355,0
8.750860434001703,3.302520683399913,9.567382147298954,1
0.2290162486470726,1.408997614187003,1.3587373795237767,0
9.404066344854419,7.713689247950892,0.07161622977214122,1
1.5195672953684625,1.8788719019868694,5.062743159534363,0
8.347666139833198,0.1462642898032096,4.601192086282701,1
1.9009474719271846,5.04815628217953,4.528119172634018,0
8.520106520472838,6.063273263484019,0.3246876344060412,1
1.0018234396057901,3.593199594680452,3.793953187638639,0
6.464845306474766,1.8427759992834092,3.7940378556046204,1
2.507644526553668,2.4207081104266894,2.549283451924466,0
4.710832011646962,6.33454589606096,5.807851276316013,1
1.1831410936742137,6.115901608413795,4.202471320043434,0
5.464285996808745,7.973366822748171,1.1761206535764612,1
0.8614182238049761,3.4230422822641504,3.570306442501293,0
7.131292362480732,5.195871469053678,1.4075449676628338,1
2.4013735308532738,3.9412812336017042,5.499011010415108,0
3.0084861819695563,7.671920135756267,4.319951165007588,1
3.394702451058864,1.5473591980808776,2.9558148081626054,0
8.281476868312318,5.840184433835912,7.0420760366083,1
2.313215458581878,3.5872107949616785,7.649435512170866,0
6.4550764564533125,6.435605575455725,2.2686357250604647,1
2.8026935929547827,2.6767004368963865,0.31834120768843177,0
3.9688369137771415,9.730713056793672,9.127216173977546,1
0.040456766211329764,2.042298825495613,0.8806533475601164,0
5.522339874123134,9.608256549111042,3.713175030432324,1
0.541127869033472,1.8892542569515436,8.00889014871682,0
3.0923822322754733,9.63407184501753,2.4099241553824235,1
6.692152010955797,0.5476641181832076,5.609881194326722,0
2.2112155750279214,7.09895693143787,9.559640772183798,1
3.3206916841217837,0.32105043141264167,2.142676684123126,0
3.9477307191435393,8.727305344731692,1.7746911851180913,1
2.782022216113509,1.3005866079585393,8.697503466615068,0
8.73006200937797,3.3738082203919406,0.398302171630287,1
1.0604332066806321,6.575031106159134,0.0006335972080573349,0
9.363822091822433,9.071823876254218,8.303008627247651,1
7.093156311569794,0.386333670837814,8.59793967337899,0
5.014249515968344,7.760597962820219,2.0802872512204496,1
6.805166245769096,0.0014656621760156252,8.139654963146345,0
9.148243553790081,2.3656376354730724,0.8949810803717484,1
1.9833574111738472,6.004686779607447,3.0418629216969495,0
7.6066945798011805,9.902160362806834,4.097264744281587,1
0.6888276487614575,0.8375246373630685,5.288283250946574,0
8.043409587929354,5.64174335574697,4.816690484977584,1
3.0045568525975197,1.2127446924775276,4.743771173194,0
9.277256735465881,4.848312147687307,3.684594601232636,1
1.5901296456638558,2.0540807668504266,1.6029205012103098,0
9.88421913882625,6.278933761870239,4.809378251927338,1
0.16908317967779918,6.2961493389535725,2.540471394481103,0
8.560677609988744,3.8489115289712994,5.900040593022661,1
3.2829954727734068,4.57960145187894,7.750466010905885,0
8.94355038484319,1.1597630054212793,5.522888899816342,1
1.0358474895318037,0.6449878860918457,8.704467802889992,0
9.521153873994093,7.772407977913302,8.080943214382991,1
1.6543532717168297,6.190015863175827,4.579066522526546,0
5.4789341613412335,9.976857477295432,7.477547118258416,1
0.019202972427116993,7.228502355985475,5.42801940228692,0
0.9197269569204081,7.866202085337905,1.049953372892577,1
6.262769380097879,0.8539007204624327,0.5616750524542791,0
8.858428475168875,0.43468635253460786,5.156865435589575,1
5.555649407464679,0.8960940156832298,2.088972285288291,0
7.697675908930273,4.592345596800667,2.6887203427645314,1
3.7714770631250727,3.4237275054387526,6.965702482738916,0
5.8409451165629545,9.491046858852712,2.5612506296598125,1
1.5844662566930257,1.3880563539421242,6.559310298306267,0
8.473907414933656,5.331972801251148,1.1713526502395222,1
1.9878952500900937,2.211998636128869,6.7753280922130195,0
8.940702954073657,9.00721279507114,7.53939427836161,1
7.626999183871735,0.09467395723795291,6.436553218729905,0
3.3162566755760423,4.727847048411638,8.138113362721054,1
0.7301594700701541,0.7047575675601747,9.831544453877184,0
2.2812403094942058,5.844572817817799,7.18021301308856,1
1.5067503979010666,6.2859300772201845,9.728225063911335,0
5.599280326200777,4.285633330695973,9.847194054949195,1
4.0367485809236925,2.2372663670559714,3.5036241676887183,0
7.737531112613975,5.398914849889743,8.594351875956793,1
2.37770039478899,0.6351871510960183,2.7148239615346514,0
3.2625401534658693,7.478541514682595,5.893180876081287,1
2.499767704391153,5.000777016647277,0.14000994245390586,0
0.6058282326706643,8.336064091294567,0.5614754050407111,1
6.210756949218888,1.3036733715320126,4.43675419124554,0
6.7194733084003975,2.6813581641389983,9.377009386838628,1
2.3167114324900426,1.621803690717163,6.606893250877251,0
9.56835533941825,6.087923156730448,6.288034461954507,1
3.3347336405657413,0.7552728403435016,4.015858975341607,0
4.122692676171814,4.103663242920418,6.133878294826898,1
5.211538115245044,2.043338763943545,8.41506278553982,0
7.95950215506825,5.8793318085755155,7.866734306944999,1
0.7925568151142959,1.3621065157709367,8.262281753213932,0
8.901181258315493,8.663292138481934,8.717944950703345,1
2.791784508941534,2.399292097561061,0.44219014385065036,0
8.833487460789696,9.414850977559198,6.991756232214113,1
3.162606197113216,2.2953259530572554,2.0507019983668027,0
5.421474912380261,4.008009930128217,0.02305511282153394,1
1.2382195576647714,1.2921765118044104,3.752512904145214,0
4.932258112356243,6.819530241419173,9.919628702130751,1
0.09751441579107789,7.205297263015899,0.5333308645983414,0
8.106830153058453,8.699386338595234,3.679334854889116,1
2.6795770403798347,1.0009100050248432,7.052256663555446,0
4.22176680856554,7.593480933000652,9.64240513990293,1
2.5859106237939002,0.9608462272192264,0.6852066248322952,0
4.574820753031092,6.942448044921009,9.832461269003435,1
2.8941721493931394,0.6830812182352064,8.035379584695669,0
9.614008850847508,3.6417770061159107,3.4035512342261534,1
0.09757579799315907,4.909210170249531,1.7357943975873236,0
7.497990654604735,8.709184899361931,9.25694875935121,1
1.549755867818985,1.9795129734300543,6.957128052182142,0
2.976643251414588,6.312188205988756,4.068154223487626,1
5.431248254919264,2.2211259148113074,6.5894702942185726,0
4.937808311992356,6.847883300406874,8.409986704145298,1
1.323581430994869,3.7028023253315947,5.497690836932766,0
0.0015301971931125369,8.589085731524083,9.048296626970501,1
3.0737199268094617,1.5373989799180043,6.120019838577581,0
0.113442083794284,8.973562746938864,2.9401726623945414,1
4.22180085160252,1.403365173971568,7.263476532806133,0
7.671120747635153,1.853091617765008,8.356898065251299,1
1.3951966235884872,6.467207310965064,1.439480406493816,0
5.677656715340175,6.277993107580899,4.341817559312182,1
3.6149241012971247,0.6929151477962037,9.139134033535152,0
2.4960723287518096,5.737383010515277,3.0626467823706474,1
0.998401689227425,3.6939262331730904,8.429727836242055,0
7.943636314327715,8.320262848666095,2.8864306898737855,1
1.5978229843878011,6.251852723681592,4.92028194620958,0
6.99636474106795,1.6776282171838408,2.5933277865838136,1
3.7156395232744077,0.5007737818164693,5.906140026807507,0
3.0971099215720765,6.3453530559207,1.4711461139669924,1
5.993917329968555,1.2698754385584132,9.51875438652783,0
5.173636086896324,8.967062898497728,6.730846388543497,1
1.314928716446444,1.025460625405512,0.7588079567310491,0
5.547345736663891,5.150430036682172,5.6334702762271025,1
6.618528508614368,0.38889016886203387,5.421490399966215,0
2.220949855813603,7.085589125054251,3.2444538477858984,1
1.9213946153057548,5.184838774490781,6.3708268815587505,0
9.813134420455011,2.159105027000272,5.04570216069642,1
1.13885478385914,2.7289784068865797,0.5936905534892911,0
2.174972958238169,7.769508194772082,7.521806992663185,1
3.3658773078097735,1.8409962429794524,6.3199838674505,0
8.292038563871799,5.9488149123612555,5.44096840454264,1
3.337373740235371,1.0871231550237448,0.5800182362043549,0
6.762845025134516,6.046333446145265,6.502119174638166,1
1.0758098294724383,1.2509872234770192,9.98879757450997,0
7.654439307169062,7.938746934977244,1.3742099967356736,1
2.085578713015017,2.5639037717726545,2.458674035844368,0
4.401841385224205,7.86416736810366,3.5931083574688305,1
2.8667506836832555,3.400601304025812,8.464644898720676,0
2.2895022414564625,7.766847327204863,9.033628658863943,1
2.5709982997796366,5.138684225328455,5.582467376128672,0
7.441934501484012,8.279503521559853,1.708991261289593,1
0.3019463461691574,2.3413209684021705,6.192371342865565,0
8.36405809564408,3.9279764950318077,9.63926579390297,1
0.32123750658480943,7.276197550592107,4.190355336002897,0
2.9967537699908364,9.59269365313067,6.477099375053785,1
0.04949559302365625,1.7140246215731314,5.7890517615994845,0
4.486165535568345,4.338591478365814,0.9028160467696111,1
3.8485219661752956,2.996056880275696,1.477753107759261,0
9.098851369678018,3.0111902824404724,0.27352584107091626,1
2.5004763681413045,2.5930713106193295,7.212362197196567,0
1.471665028739071,9.560735657251552,1.9011375872202396,1
3.225929736473349,3.5246254665966967,5.6237413561546,0
1.8420279280323237,9.84695000506876,5.4339378575324835,1
4.069694486088208,1.1814447595284794,2.4403927791535915,0
8.053037572945932,1.3125877547216658,6.414940578275773,1
4.606556368337905,2.4231075158852033,8.660026223493784,0
2.383315392479939,9.165105745050958,0.35756428443076027,1
4.2075052641249036,3.3591363013593245,6.563086708610452,0
9.978246770099284,3.9528325889781044,7.07769710022383,1
2.896847825389517,3.2379982628126456,3.96281763159812,0
5.687372982538237,5.388728219985028,2.2810870186277867,1
2.272561316295568,2.8528148567215728,3.5846386258528815,0
3.7674480250400566,5.307131527510006,6.702382422158224,1
0.45036075494022776,6.117644294525149,3.355870602530725,0
5.074799527683517,7.7983531649950235,7.119704479244186,1
0.6901405794557458,2.464222804115229,0.8217339200466789,0
8.876565211134723,5.368956691794134,0.9111476516553074,1
1.2438688750088578,6.088867136861066,9.452379906723852,0
8.377232254351728,4.991255259375377,9.084484480921267,1
3.4964823328567327,1.3783440695120175,6.623992268332578,0
4.697122149060913,8.4565068860603,3.401860311096242,1
0.3671431253351043,5.877899010301899,9.196233074336572,0
7.580721730976684,2.7771951225202773,3.3533479510393596,1
2.6261495845521354,3.378721171058181,4.641544719156783,0
3.895127271995266,5.346470141399925,3.8331818490352934,1
0.21638344302920665,6.677075202674583,6.748447329981518,0
3.443792448196281,7.7780401422606555,7.566500547624684,1
4.962376248652813,2.226400022525471,6.886894740598848,0
6.192433567351829,7.639913699710216,4.870193476613397,1
2.636665006485892,2.0946448435224854,6.933300198537501,0
6.778633969418147,1.8812398566440514,5.421036408300132,1
0.758709683890888,5.855339623359667,3.6381927667574754,0
4.255562973644961,7.569768733701309,7.862147034409428,1
1.7280600831196924,4.4061955124973595,8.552864844816344,0
4.319318558173376,4.8574307996927555,5.596480969858223,1
1.6742423711958565,4.872196003056266,3.0478537786489666,0
8.939877859852682,5.30120733904311,7.412319145896711,1
2.5881326458685527,1.760942624489935,4.409689836053924,0
0.8356129432487058,7.889923513531639,7.192068769561707,1
1.6224976694422455,2.512129901737472,8.557786986238089,0
6.080406099864586,9.852028026405828,0.08767324489166728,1
0.03174138727056963,6.5601348921491995,3.941732460995493,0
5.049773817438742,3.9374937818984224,0.8744730152891145,1
3.9925654770451438,3.181111186421779,9.75798379953818,0
8.057013255864035,8.180435417684462,1.7635313619985415,1
4.040298588007293,2.0439657968758618,9.253919702458159,0
3.022056066043918,4.982616944361551,4.690256048362016,1
4.762935112662541,2.6889308774612597,3.942408206225352,0
7.8131742324266265,3.445118091008111,6.762888873179765,1
4.440091726477156,3.445462344475445,1.356680024228114,0
1.3582860273171138,9.8999268883597,4.988792888592743,1
0.8500940395877821,0.04173586193423007,4.598349115990158,0
9.133253041834434,5.768928442700921,4.608773702543434,1
3.189905737837692,2.91095467064185,9.771568154576318,0
7.447604055342403,3.0451037911521492,5.692586870402812,1
2.3877061538120783,5.595610536753889,8.693879906409775,0
4.494498188826503,9.943981672879275,6.794783809581638,1
0.3797721048801239,1.912385833885516,4.279759360022853,0
9.596106498886972,6.615638940138514,6.3045817314149675,1
3.4285086463159797,0.9386425014363198,4.923814747472909,0
7.647743211621929,6.7604824022943655,8.882852428871189,1
0.30775352562644964,0.25028478269740084,2.554668047148787,0
7.334130944717089,7.678493864286475,6.19067018257545,1
0.4282007655002318,5.64048213755146,7.473469337048223,0
6.178532328105238,5.356940314730718,6.595811644851341,1
3.259065221169334,3.4109138528641636,3.6960766277607258,0
0.47828184367033844,7.996697310199647,7.635521447502846,1
3.4345753923543585,3.003892296143115,8.506787874275478,0
7.304397402660147,9.5366524584243,3.8074217465847005,1
3.6666008025843952,1.4067021272295555,1.3302460485107426,0
9.41786820919026,3.1234335052878723,0.33401442475366583,1
3.804772703647523,1.618196229395299,0.3365768700001637,0
2.9800070467651008,5.635720965206107,6.535527888720722,1
0.07600302046756324,7.28434977253115,5.6976693844254855,0
7.640868750363068,4.476902220602932,3.425514669557214,1
3.590326496600389,1.6357839031236376,1.4990280054215,0
9.115582707667295,2.5273954280451703,5.255709714416527,1
6.390779811030437,1.2944279336692488,1.424609586886807,0
3.322850597855643,6.511312111293358,0.012820651906146896,1
1.313066661616491,3.254862127059266,4.270053445014474,0
6.048392865232666,5.081732604352939,3.770726638416617,1
2.029239245626766,1.939963429283098,2.745037692319462,0
2.91765000447628,9.202588834958037,0.9416722320823978,1
4.595886954308809,0.16966111308168386,5.45940231429298,0
4.4939326972471,5.291988710106117,2.7002478404422003,1
3.6604197583315248,4.210906193212624,7.731161191754465,0
5.669412661756429,3.233682309250118,2.9414946649340368,1
3.6453852382889784,4.023292977625779,5.651279657629626,0
8.478085327313257,7.38676140671462,1.880367292532723,1
4.372413678148125,1.8764307394557023,0.7439625397156935,0
8.31143354994359,5.591410130295729,0.22003502520924312,1
0.8090751551494535,6.7513785966117155,8.989100321449069,0
6.581386583524424,6.545969716557087,3.0891369265041546,1
7.266626467255726,0.45010497420798323,8.852057110306108,0
5.860698064911927,3.8977313345685416,8.43969726187977,1
2.122613911799368,4.822639050683916,4.791225090299656,0
9.060143886323313,6.470008419396591,4.595882201404031,1
2.0720011836968744,2.9489150779956965,6.289903922813711,0
9.600799270755942,9.997463754030969,7.87952728480759,1
2.1471642136150795,4.215411971961565,1.6181227737483694,0
1.8934363736711535,7.971359326485231,4.541691729371628,1
5.747296791525289,0.5543704316456532,6.8782357879729155,0
8.303113176256474,0.049167156218183905,2.186982151986181,1
3.271740742982272,0.4538900391747358,9.640211924196208,0
2.013893208353321,8.278503403160997,2.520735028551575,1
0.013979463878095455,0.8457141529654288,2.9167293534725136,0
3.38648961095756,9.787990570193077,8.74067214422644,1
3.34428132787687,3.2625923342368424,1.2488787210650265,0
4.828776390394655,8.95157233135831,0.11217033146071365,1
5.753880300511025,1.0552539103721659,8.167759701457229,0
7.198499707016732,1.9710931984063573,8.82732462223692,1
0.6606256851566428,4.383487903044002,4.913817641083197,0
8.489553000473546,1.837541625847331,9.034769141568933,1
1.409094479263433,3.2474951369120744,3.342812539533302,0
8.61070955053441,8.596697409182362,7.786251866840326,1
2.780610918912072,3.409676831647946,2.1306090666224042,0
0.683224505228015,8.670395477807261,5.493078974899387,1
5.0618503369252394,0.8918174211044538,4.292156942598279,0
6.764741484746272,9.323730917062665,9.351191061942707,1
1.184822900959469,5.642105804771172,9.119948361967108,0
4.353997791662428,8.975388977955296,1.682060674360799,1
4.290073012912866,2.2191808235483457,1.1856263678189882,0
5.411316454670578,8.969956309277553,9.331950909624698,1
6.564444216183722,0.8408284195457305,1.5571853010018688,0
6.290560518092865,6.576193655572691,8.858588902802234,1
2.0110302178058137,2.853935612335563,6.334265543856398,0
7.185209723725251,4.868987458165774,3.2531637654872734,1
2.6765942826929856,4.328443398161317,3.04124439895486,0
7.424325129760376,7.101997183769129,9.564476576702969,1
1.886019199354858,4.56187208965258,3.9008691679036755,0
2.612484428603735,7.392412730925919,4.985402501986824,1
4.08612508872121,1.7162560972254315,7.978407122926897,0
8.108922800421245,7.016260877221124,0.9522790514893065,1
4.942207920083002,2.162461726220398,2.1600008210484143,0
6.428479961395856,2.095928818498447,9.550797633730609,1
5.794319522080491,0.2159674090162511,1.2508947112990065,0
8.073238507044934,6.233283767869908,7.389355170096492,1
0.8144409647269968,1.0176185455186704,4.700265504188228,0
3.9962945938588144,8.437538066557279,6.180167023455083,1
6.292664264786357,1.1365600176778434,4.737228718754624,0
2.2421329808176704,6.286489142870076,3.5570770093901096,1
4.850665489486773,1.7778570033288832,1.6792742814784678,0
9.917084933767445,9.453437301133725,6.947280166650121,1
1.0423320353415733,5.66853115204154,6.7409832353298516,0
0.51343515509781,8.700128487974672,3.235896785295609,1
0.7419167055980835,2.0665621098284115,6.602878789144197,0
8.395601768783072,2.554318906524565,4.535041724660948,1
0.8742819711258454,4.6265935100311975,9.83355294944451,0
4.482368770112005,9.482027530788931,9.955723333931564,1
2.307344636495847,0.04770717776817146,5.817624004204824,0
5.348942306636171,5.617375647859937,8.21657434887872,1
6.548413420386938,0.1831208318161781,0.09494611158124222,0
9.284438636274915,8.293056935190096,9.078823347253238,1
0.3531802186985844,1.0942500424526713,0.10385982614496081,0
6.375037641546772,8.351819196405723,8.819855635803357,1
0.7728987277999244,4.75064791954788,4.622628915001158,0
7.648185539394645,5.689487775478051,6.892574550280264,1
2.0051288791343067,1.695014797729616,5.7917210716269505,0
9.86967177376653,7.352927452264225,1.5144231475680603,1
0.3003964898704514,6.388803499450364,4.545964256858942,0
8.460843327679909,8.010348782407993,6.552935198157581,1
4.688032175288178,1.4436802083589995,8.749484083294567,0
2.6467258047806275,8.064558377297782,7.894318157009578,1
7.096508857334736,0.46764866450823117,1.2203510685188723,0
7.335060083817538,0.9717147780114332,8.748684139136522,1
1.2582875749691635,0.44430092489693984,1.2362547811031666,0
7.316681441242939,1.2173499678239852,7.5337215771768795,1
2.8932681026301186,1.4117886234130617,9.119478592407738,0
3.1392036820380476,8.081713612885347,0.3181548797375311,1
0.7478104446968659,4.483237911674243,7.964121848429412,0
7.5145502105874336,0.9502027865553697,2.440221854604382,1
1.7531167250234936,3.513407025584445,7.147763633182807,0
2.531441035685865,9.142341177338158,3.5124185873575886,1
3.285441011028457,1.8547557731525255,7.097714171150677,0
7.617639390773986,6.830452030563457,9.084226193573002,1
2.2189224260385676,1.3864164610082308,5.516030256584595,0
7.332208360180509,8.527589933967407,4.251519803493178,1
5.734199690768381,1.886125699276704,1.801725774258951,0
5.229788133980816,3.8935171410977967,7.980044619188219,1
1.458636495273652,4.890931174898072,0.9254435516181936,0
2.6064023635704303,9.731188608557085,3.2403336355927403,1
4.8921910680547125,1.2676901143107633,8.580811098577318,0
3.371882277657442,8.281809381169307,5.277598601576079,1
3.0737488732141207,0.6070333013504936,4.7078452002288165,0
9.541878718232287,3.5320433447272293,5.948886646080027,1
1.5064707349498208,1.4155775060927434,4.135163559029481,0
1.9840830847079194,9.701929810494407,0.6620484192898834,1
1.73522434782439,3.2822180455488184,3.5476837627309887,0
2.7031133490136328,7.5286490886531565,5.587546641257566,1
0.1577368663719647,6.669727754086185,2.4521285511431348,0
5.519850347768115,8.170523390202233,9.97874931833205,1
2.143219385574069,0.23078717261110215,7.271817580468277,0
6.349688636265758,3.4252258549593853,4.452334820317826,1
2.6956623459786586,4.452306905495692,6.529663559327721,0
6.177273113508294,1.8684231426273645,3.043251720714192,1
0.9543698849191884,5.631328584924762,2.2772589686659095,0
9.377970642220252,2.0176752439563437,1.4724651888265883,1
5.136950402313863,1.9682381606883137,1.308593840834933,0
7.560898743636902,9.976104749240811,1.8622147525724186,1
2.507951925793015,3.138149005153007,3.791532853931505,0
7.842273436309927,8.553738578912233,5.440048652273207,1
0.32294758072000107,6.538454034594063,9.347149536020666,0
6.30933852426539,9.122105823091376,4.239970743778704,1
4.030569850677823,0.13583914688860776,0.003443341136378786,0
9.177046146062182,2.1000430241083388,5.6697744162278765,1
1.3149202590426778,4.219075772277713,6.555760783290143,0
8.788564755456354,7.4333687166198095,9.060413431030195,1
1.16496968151239,0.43149007093384983,9.550538038340331,0
1.1516638076482189,9.492068474116815,0.21844644174969785,1
2.5077732745291517,0.920617080491829,4.134676667540847,0
8.82315008817867,5.26332893532385,9.015836202806064,1
1.820644990254735,5.5875893161492804,6.353806467775057,0
6.597082927868638,1.6353523154889282,8.1746718902378,1
3.664902825748899,2.5862755035242726,1.2895893947421488,0
9.897870668501575,3.0112194120703437,5.9363471196320035,1
0.5991752515663185,1.8045313937057983,5.792622487192565,0
4.3845892785329275,5.503065381950542,6.310313947778951,1
0.15291927163596175,0.35436759741320434,3.184869968851415,0
9.397102213166244,1.543317448396525,0.028610711282964774,1
3.129013196395526,0.5897496022707449,5.399482719318092,0
8.738794289061106,5.647541768849736,2.396649806885107,1
0.8838420334032071,3.57078768859602,7.8670342114558265,0
2.4393489923697063,9.272467734234688,6.683136964662837,1
2.563008092228507,3.855258403430767,4.776736434440831,0
8.071678170332332,6.596036889363402,7.203870824245651,1
6.555288907383665,1.3621955985124323,6.775883280800831,0
5.613118098565566,7.3284118886354355,4.89364671129879,1
2.6210634819177225,3.1165457859558767,6.174436620781963,0
6.476551603125453,5.585167001668444,4.098269795206315,1
0.3141210613503076,3.983157444343398,7.919099938266109,0
9.909064432438283,5.060071353360004,0.777445340823163,1
5.952219699331551,1.6297064947223194,3.9132024112580344,0
6.024824091078672,5.536961878281524,0.034698461798454705,1
1.082812171369113,2.355631868297503,1.229479523725816,0
3.930415997898209,6.939206903994242,5.858550064007133,1
1.7581130677737211,1.7926726029329498,1.4215088127372322,0
7.9963076400989275,6.201623556277223,4.446679744033938,1
2.2710604344519814,4.6212053446755,6.007142070662063,0
4.065779058681099,6.783438962154873,1.1711204903189432,1
0.34709246615767575,3.6589092949447233,2.9827625872583496,0
5.202517862184941,9.92540046310005,4.876436949904889,1
1.4273949440225908,3.6514415293635603,0.18531067752016406,0
1.9162754609706245,8.39975772210824,6.690182206802082,1
1.4846520464539725,2.7350367199723635,1.5638701109911157,0
5.560593977398808,6.80778394830404,4.433375842943523,1
1.8164046365063546,4.326937429451211,2.39090990211835,0
2.1006738027630103,8.333733365593703,9.242728035924353,1
2.440031880616779,2.657543782733749,8.206847983181722,0
5.191555793315152,7.7725782993133965,0.6194712001742864,1
3.2332097507221103,3.6331447753356603,3.171962936571134,0
9.625820773226701,2.3114710911267213,8.449907040725499,1
6.531791787656464,0.8873598701194607,7.548944037125713,0
8.036720995455987,7.539504213885301,6.152452236115571,1
4.192191424377505,1.4814349913249447,7.71211601730556,0
5.379767931008947,3.100518119667556,3.694088211794453,1
0.6737500892205683,5.121743368705188,9.53649461882263,0
7.69035694099699,6.461193162875528,7.101183622114862,1
0.8973234135431374,1.5358841969621628,4.977673880250629,0
1.4294592010058726,6.7179793120480635,3.256713416915794,1
0.22840861187253259,0.43223340232560914,9.93394053604231,0
6.950110138963863,4.524673420900163,1.0804779948580234,1
0.6378672037133548,0.043384739275921236,0.513371123797981,0
4.504091714283454,6.179549593984591,2.3060130904483866,1
4.674158252493537,2.126183221676079,2.4850924134723984,0
8.531467690932889,2.38339614166779,7.276638679766787,1
3.2063563783796867,3.404731265876756,4.614063835031036,0
5.215830440909238,5.074500690369911,7.2736721658891055,1
4.776756859319983,0.49020395627467184,8.899806982099554,0
7.757527310893485,4.820173659887534,4.542059948420811,1
0.8525901345847853,5.953412118856321,9.593580814922925,0
6.078781878002432,4.545704561020535,4.310485798747469,1
1.1671222695191774,5.543420092504327,6.613269686662249,0
9.68806308723705,6.550627264051972,3.778504278410315,1
2.4451488568419633,1.9842014288324228,0.20422176368178557,0
3.119073158793352,6.536475659196742,4.172513982458456,1
1.099500413723632,5.381713406301184,7.243498274130605,0
8.835678683099347,9.303461868285337,5.127362924735179,1
0.8749027788958175,4.451858905180915,4.112250893286947,0
7.132636844840139,0.9566838621376528,1.484867955778053,1
0.713028685078092,0.9308167720581273,8.482815110519033,0
8.315531421095034,1.7908974733393834,8.68725963966492,1
1.5994350301827864,0.8471651076588937,3.9129165356491136,0
1.9137372746262882,6.3776461485588465,3.6048278603569317,1
0.8702450037106524,6.821837857929339,0.35600271645748416,0
9.874834298894193,0.26722489801259464,7.631063620022845,1
2.469963323747434,2.368178913885167,9.304935828423721,0
2.075785546438852,7.16258887502441,8.765395322487375,1
1.1095743129618396,5.939501359923536,5.073155603663731,0
5.17838892041019,8.300433709087677,9.312670252756902,1
6.685931959468333,0.6301867568931463,0.09264203898552315,0
9.892238313111644,4.929352558658378,2.8853246237031325,1
1.0788894923658543,5.26588151441474,9.953788418487983,0
4.836244600437055,9.171198637460721,1.7012732103533834,1
2.5467876863768293,5.2524249005729295,4.957064077584699,0
9.526835539844923,7.6685936673356725,1.5208018248147126,1
1.8111351609692228,5.4054898061411905,9.257881248290293,0
3.4041506931917698,5.1228796629307,4.3528225690153715,1
0.5877364866644696,0.00668619554448191,5.205532706498638,0
0.6364200435729206,9.078160456870613,1.6062767748686047,1
3.5977856134073605,1.5056079161158298,8.54172696455118,0
8.358137540807808,3.0538845042082885,8.432223139219646,1
0.018524949657537926,2.7668346828879242,8.612812750776609,0
9.706963788536097,7.16456671622148,3.8792164192549485,1
5.17370993399641,0.0770166541310402,5.130120806036701,0
6.415107360975919,2.032622464983124,1.4737541032007362,1
2.9345447960461346,0.7389682902200057,7.406399185078028,0
7.68267442357864,8.31417978020525,8.81945259807372,1
2.0080975174493556,5.068894381719614,9.729046790432092,0
1.360393288657994,6.942634403139911,9.999592729933394,1
1.0057718759827605,0.044883966470308234,8.989655740689765,0
3.145298460465147,8.039488755239873,8.804815328797776,1
0.36067296352935374,4.765631515759734,8.552540581337707,0
8.615008875304062,0.15170365959023213,1.2839157800778533,1
3.7553164039549527,2.2881806730783625,3.037368052886733,0
3.9109467230060337,8.448431210545115,6.072603177788702,1
4.338954563351613,1.8671138281196387,2.8818498901934864,0
4.019174269058729,6.977787910624751,7.112667239816274,1
0.52352313972856,2.6801145836404405,1.4124082651402958,0
6.0136263247023605,9.458754519466861,7.066855255684233,1
1.6776847906975323,5.41557843331943,4.156998610632475,0
6.164025777321871,2.278569192305524,5.487218636189698,1
0.49033606075100433,0.40961794636306337,0.6085456682511137,0
7.962899978900635,0.7309709251037733,7.643984018227931,1
4.029205768822678,3.1297248658558607,4.4147659633008995,0
8.635183189207456,2.8259561180818804,6.452430083078071,1
6.209428347338665,1.2295172102212304,0.23942125557095073,0
8.80411923101982,4.078115877254982,8.747530396326166,1
2.3226113813696694,1.5584643234323148,3.9097298343186235,0
7.699422711363767,1.8238883172625375,6.945653451395735,1
6.082979819224505,0.8873779864538489,7.456021115580978,0
3.5811666200900785,6.942978741609231,3.2912259611447747,1
1.0295775569176635,3.9758668387005516,5.8315580545438515,0
5.4011257857022805,6.039973855873989,3.363549892587847,1
0.42079288922988844,4.429931498767884,2.522266556346524,0
5.178603330778536,9.795275363009766,4.74674057343573,1
2.12608105657091,0.34021000282717484,3.2276339097029316,0
6.152710209670651,4.299525429314449,3.905309123128675,1
2.591669202263205,1.5058144535492213,0.8744398937458908,0
2.152799615811464,8.830330265104902,0.6010525823466273,1
3.8253885884857777,3.500142840792245,2.672750837181972,0
3.7297586708182227,8.445563373571524,2.867620851235635,1
1.9176368505426011,5.503636635630689,2.966791810879906,0
5.240484668709863,5.636070122410751,8.457722934016871,1
1.3201501597977139,5.0727565003507324,1.6151075159516404,0
8.220746515936014,3.7303586322272064,9.233546384280361,1
5.143404092312246,0.16226011663127426,0.8490462038241853,0
3.0565536668633317,9.964414570409145,4.998051036749881,1
1.013142757061608,1.7433229580777254,1.8650230692252656,0
6.973212621747848,7.036417126810769,0.2388670998928133,1
2.8678400877313526,4.5720211616325965,5.688165873898239,0
5.969114714197239,5.311978500174492,8.083759760435989,1
4.602160278561028,2.8781979255597365,2.0502645373679442,0
9.66914278117682,8.405814052494394,3.820938512827705,1
6.205300102870965,0.1836807017123987,3.4309787299771943,0
3.067672978296365,5.943000951807313,7.852970447712101,1
3.249588409494616,4.073911660577025,7.064933139362449,0
2.2322119489420578,8.34641171555824,9.826934591466268,1
2.1025946974981657,3.4770037555468547,0.8801436568389898,0
3.5194428524802026,6.4635294915000685,2.1260831358660104,1
0.01846467163820531,3.554893387906828,1.6633350053434837,0
7.751601184844877,0.35174333403672375,5.969696477019909,1
4.49242956210782,3.089015405708561,4.4686150798333655,0
4.137658804480275,9.180688363122002,2.984349002014154,1
5.750181032714915,0.724089872195085,9.055237921614976,0
8.744521735984069,8.887517929256092,1.8334664000348566,1
5.138416928505533,1.4825090878182678,0.20101826883297091,0
9.265942091953223,8.980889376296236,4.467017976168518,1
3.51827735490138,1.6043297174863635,4.289021842332162,0
9.22844450807791,1.8476507078644544,6.796616656142739,1
0.8833917898467158,5.756631873293655,3.2036669319369038,0
4.726354158261959,8.254966860238392,8.725463406913686,1
1.6506991541475502,0.7515019449270699,6.430526148784654,0
7.436902575993576,1.9380263815527887,6.44812923370527,1
0.8636401932335303,4.508467732025819,3.20519558217244,0
0.9739249646921655,7.329240161511988,0.2656826377547983,1
1.8105408921870514,3.8038639692336917,4.901419348514697,0
6.733940472071467,1.6557981133196742,9.04581514979123,1
1.2534839833137934,4.380823485332449,3.544948522321235,0
5.963240639059645,7.226569517518858,0.08021924871073449,1
4.201616577807537,0.5380801011865233,0.6371625593998032,0
8.198649695001595,4.141212157745732,4.313543933763908,1
2.6654009208975937,3.052176661112048,5.923324623776086,0
7.7181367571404005,9.147783026811268,6.357272976685383,1
4.645575147664877,3.0625087938301307,1.423992171913504,0
1.8259821178158742,7.486913002914202,3.5785761206512046,1
0.8524377176413322,4.518245396269579,0.7008839436302272,0
4.602259363333766,4.447522064030275,4.700940306945443,1
2.2864384040961983,0.5428173473894471,5.219727533066793,0
4.020350312932585,5.991059904500926,4.97170018457401,1
1.8628384291880884,5.461737588124969,0.22794402253967783,0
5.25201609018311,5.543831186431999,9.53287027991381,1
2.1222263877411773,4.744849012955613,0.6590694418880816,0
6.929433874495226,8.101195962297377,8.301717042267661,1
1.8244029591262956,2.084648606536649,9.678844579906043,0
8.246586739869938,4.116975250165896,0.2234913745549405,1
3.1962628686933856,3.422865779586892,6.893196637885249,0
7.529262103716712,2.9177442578463264,0.3121310769836383,1
0.2155994051422705,6.755138229936371,9.517061660925727,0
8.648718102023093,1.3849533521973034,8.693128339269357,1
1.85703284124772,5.134695237316218,3.558217349542283,0
7.596102175714895,9.012473043633285,0.6228904083378073,1
2.0133704365764826,5.597797252679553,5.238386281332993,0
6.956937763347342,3.166529987218233,2.559222918053985,1
3.9328661157993485,0.6525688177238997,5.419784822425466,0
8.928655099787,3.9309138842714653,9.834814666050468,1
2.46569569789149,1.0710100357229158,5.6281413972132235,0
6.016292969292798,1.9975637052233286,4.8888072503361695,1
1.6363748272590295,5.874481501417115,7.1203454267989565,0
8.399024750053067,6.709315955617946,4.38931503050481,1
2.19461591339292,5.266613658176052,5.818528230477514,0
2.554165515679757,7.573341947244651,7.9122954841851385,1
5.8551482491156515,0.7976786963621374,5.753930488503828,0
2.5164195112543633,9.264399580215434,3.6855693901052278,1
3.8729468334508734,1.877355353481116,5.806617469400447,0
1.6620504432618954,9.853608680346824,1.1241719241541825,1
3.17078710946338,0.7745219216313126,5.769597424944929,0
4.987535336643804,8.098698310540557,3.345573887176182,1
1.742020050140416,5.146722123532373,2.8289915563978507,0
6.371055324315433,3.1656629243419387,9.477572721242025,1
6.24865156451701,1.027685959058594,4.960828369873793,0
6.376157124995371,4.524163223659223,5.489928746609136,1
2.0681705140662467,0.4408317954347174,9.88217343478852,0
3.0451926546107053,7.118659780816912,7.636684161706397,1
1.2076568552824218,6.69113920987343,7.1792616738885755,0
4.004979452704212,7.023065797996541,3.5950907185000167,1
3.3355937964434537,1.7245959176928638,6.117916428453833,0
8.786524803980292,6.335762830815479,2.7584004242507754,1
3.6599423722598456,2.377749401349157,9.315121612739214,0
4.578131898796602,8.40393512846707,4.414326721908454,1
2.1947400910286907,4.035357031122732,8.664159010457686,0
8.16902672413452,7.91859217961156,7.800213374488179,1
0.7847975886753056,5.150935947267081,2.520637032271927,0
3.1854656815573748,9.179710390971394,6.705641513607578,1
1.4066148335630535,1.9888985234836498,7.453103088429135,0
8.399947420543164,3.492304003363622,2.0221967704625077,1
1.088815489505166,5.69156207587839,0.9384597354995527,0
3.5530583139824454,9.01789217818412,1.9722869971836998,1
3.967885044021747,1.9593042959863594,5.737774159598032,0
7.874660870895713,2.5375006028822478,0.23084508730149,1
3.5613692743743264,0.8763578253387083,3.1937631671594047,0
6.654033186231915,3.4380473679371972,0.46234255847533934,1
0.9837106113804583,3.833897339505785,8.226532590317507,0
2.817162421871784,8.239161349740323,9.362548145727473,1
4.534212613306537,0.9198587935589397,2.137290203533114,0
2.6885616597261555,8.015047096718174,1.2743431254142523,1
0.16845296557695844,3.6844763869737482,0.8467537058697183,0
7.588291483414585,8.201955253120438,7.221671387819311,1
3.0147624942046924,1.0006892707252713,5.779199469198904,0
9.884686121897625,4.126895185491374,9.392314940903097,1
0.7936131621040665,0.1538201012116336,6.910761264682068,0
0.20549832651537092,9.35033339638921,5.152797990337045,1
5.108471179021993,1.4921534730705122,1.5279202969523276,0
2.724558910500275,6.231604408935261,8.850284040506239,1
5.538776098813541,2.4007641380515086,7.930566367758498,0
6.9660039084331125,4.354685521258053,8.562148348584685,1
2.9275281503777286,0.2889005309860715,8.41367808629293,0
2.3562641422168342,6.43889413750991,1.8334697215080353,1
2.1178507515689637,5.73437215180998,3.163069424334537,0
5.027984202292004,4.2254564579389875,7.063172279397464,1
2.62906880411934,4.952855998022757,5.313749461884702,0
8.202189671684758,0.7233962388744497,7.87840470538733,1
1.3982536605119467,1.1742716768626804,1.9377261118444666,0
7.505907857453278,8.806474995587468,6.4161721338275886,1
1.3366719950326322,5.902500484566397,6.429702577094643,0
1.713257801747382,7.871360251003,3.4133220111321148,1
0.0018117753017865557,6.12010646546043,1.8124040746819259,0
6.948862167687254,5.191007566026723,2.1542773037807796,1
1.3897171208651782,1.6735327911152298,6.743255059260864,0
2.1472416098603695,7.701106394379589,3.9748348536847598,1
6.140531889938943,0.5653849967765823,4.809594745395035,0
9.055352803093532,5.7681331669374005,8.687732354164382,1
0.3623071327900895,3.1264890144076505,9.964196639773874,0
3.297010473785895,5.502732886150715,1.7850691649980999,1
0.9028157902658474,2.181159036679797,0.3690038359234349,0
8.538684015916562,1.0414282481963488,3.064799843900926,1
0.7062379231693017,5.039732713919896,3.206782276899156,0
4.305366056235166,3.698516230055354,5.880643052087363,1
2.0946378322607915,1.0153668988613362,3.161392636042505,0
6.701476193473939,2.7660238652268765,2.923575354636422,1
5.185071267907255,0.4036816997951398,1.8860299563177452,0
7.856227875890799,2.1851454902976384,7.147862672528831,1
2.9230598517649353,0.4016132101860148,6.756339375989365,0
7.840642793528798,1.7621298307202016,7.480356157174094,1
1.2175717052555801,0.44121862402316414,3.9244700899603813,0
8.988724501699666,0.28974850335415914,5.027312331206494,1
6.557712218072318,0.8883798162047452,4.55638899405698,0
6.802428335490809,2.185577648949738,2.700952459778412,1
0.7597846633948646,5.5140629204541085,7.135405555660444,0
7.817352731402314,7.041124746729819,8.208110167064014,1
1.0549760208026149,6.10755922750847,8.099456587276945,0
4.875359914060758,6.267923269650035,4.357482819623838,1
1.2796136263877067,0.5263013784897086,3.807763576725647,0
7.9374098454061155,5.490750865025448,1.2396290469469617,1
7.197883776996229,0.7138956280788489,7.09290785109128,0
8.19247876535035,4.614487212291126,3.9238371848641806,1
6.944628883419171,0.47726239942188387,4.1892788185331495,0
4.689968966530424,7.8703801066544905,2.7818482903372823,1
2.196964715705155,4.422311752724099,8.121900140735804,0
5.9696641870590526,8.701929337109712,6.804126401349782,1
4.9346671675055305,2.427480085804797,0.8456889645321464,0
1.1582046093499498,7.5561072552208195,7.149445629347251,1
3.5653975447992137,3.876318136549793,6.824634046749801,0
8.747403085642452,0.3151258287921055,5.644197262087931,1
1.829033136774556,5.175704670788514,3.515872521651705,0
7.020597551852329,6.798527125506061,1.4079725127174991,1
9.749790351502044,9.35632072656859,6.863484140502608,1
1.2475299541168883,4.3184926684566625,8.874518246071831,0
8.45180773535764,3.345166767333483,5.5870099461961775,1
4.705996045576242,2.5303987122231355,6.876404762925823,0
8.243891017426957,3.2734865324188944,3.4971220748546195,1
0.17860792872981812,3.7804712258596087,3.379189797618464,0
6.267901666398204,9.238758882947767,7.3462629379753865,1
0.3592677088037166,4.551441652867886,5.205904338852866,0
2.3823423496422844,6.590103494647847,6.707671570290973,1
6.1301603994575515,1.8218688938149585,4.19605994591774,0
6.381833510653224,9.444814792391426,6.419734146728064,1
1.2087850732834005,0.8323992748117126,6.4764891940569305,0
9.078943066772062,8.149952707454966,6.165078977324309,1
1.7960181038271794,3.908551041444639,9.660846478828796,0
8.107506541719294,2.193294225840411,7.463187801993937,1
2.8288091881584565,1.7768259658039987,5.971761479074816,0
7.2479168880909075,4.946505325150886,8.428978329746661,1
1.1079279021398025,2.2947324348298306,7.775243432897321,0
7.349608338218393,6.1629409079864494,8.768915008023354,1
0.11810434971759931,4.054945231063073,4.7328377875522385,0
5.319193364919409,6.15967220801052,3.188384019080459,1
4.888164262602533,2.289090648881004,3.2313338668559357,0
9.534402095879065,1.2261132077433567,1.9018927085242487,1
2.872948491964884,2.839797222451198,3.68110034448214,0
5.898471364799963,2.7854446446418715,6.950169818310893,1
2.4332234764513174,0.7676588884271973,8.945760275630674,0
3.9497508746624743,8.707984870674736,5.381277226408191,1
7.06554530352599,0.7821759124084782,8.0760997576732,0
5.495032574930857,3.6726381748923576,9.077764805911073,1
3.236804485950614,1.8498082676787975,1.518977975668524,0
5.418012643145154,8.308329909689899,9.332989636988923,1
1.6169340336689297,2.8047841637149484,6.668248721554542,0
8.152953667919117,1.1985923302929047,8.699508938026867,1
3.1648710196471685,4.532112414567189,4.278761180696713,0
6.466902021713526,1.8792929226721244,8.498249877013725,1
4.9588140318583225,0.5853637135446799,6.349638230690674,0
9.289305483198758,0.9050837055928584,3.841703346397336,1
4.203242167473938,3.177139231735543,2.489516762294267,0
4.761942048440914,3.3280622772051913,1.6349278565993153,1
5.968370340123292,0.13784017748151522,7.455129268754263,0
8.080291686026102,5.520028826043357,3.8949125885424363,1
3.2865482861924167,3.0167179382181852,2.3627847394297454,0
0.8341034566969585,7.694074253642914,4.93345260061294,1
2.020443718880177,1.9599841142896612,1.1380152661634058,0
9.83602457372222,2.2511999362998614,2.5948781494574646,1
2.232335359075898,0.29109625713214404,1.5660025286673085,0
4.345023303763297,3.680637299297297,4.105652412408913,1
5.259634324030089,0.762428985045398,4.697644235303735,0
4.174173285838427,4.874425146998943,6.7523617704442165,1
2.650976404498988,4.118499960198445,4.682612097980762,0
5.257261463383588,9.585716481654025,2.34989489857113,1
3.4266371043299673,2.6452734015506563,1.433402622526404,0
3.082536893379304,8.710522225936487,7.769871261804099,1
3.462101307721104,3.468400687170824,3.459278837658889,0
2.507410851764708,6.659357557783326,4.539157358412145,1
1.3193417881012237,2.3265345138282223,6.189915264232572,0
5.467644311727096,8.504300367195581,6.466081001810259,1
4.660631990735629,1.2965642430988589,0.9502838905929178,0
1.8354881196165096,9.465482718831405,0.6360414253823488,1
1.9901026995223225,4.414042702920539,5.254121156565983,0
1.6063403088343042,9.808119667475546,4.504331598960929,1
4.874737058984795,2.1349845394378497,6.291935081890641,0
0.12109941121507761,8.975061771649958,5.101642998539589,1
4.713029204575962,2.4219260732270875,7.19543014949168,0
5.539780728903157,7.96981956467027,9.413329822489164,1
0.22247287740430055,2.4359927118595213,2.3784270170047996,0
5.023776215929239,4.682766867020156,1.7721541285883013,1
4.512513577845229,3.1793093913522363,4.617065706807746,0
4.594693640041287,7.345338820097517,6.1820606872431885,1
3.158283296474532,1.9271995471981607,3.829871858877186,0
9.337126159788255,6.444377875828854,9.886776763761972,1
0.8228910695435177,5.29013158957148,1.3026428546304247,0
8.920485154419325,3.9541362251138357,6.442592747633857,1
0.8879303514832337,1.6597260353233712,1.8362845180282983,0
5.337820640372581,8.803108889592075,6.395202783738863,1
3.414525326248162,2.2973050093566183,0.2569058659940593,0
7.13991886829851,3.742851055318651,4.484288009128808,1
1.457308465756425,1.1842950556382514,0.0732738964470736,0
7.790305557481485,8.536999602918963,2.3225104464062185,1
0.8756201500400651,3.5150198467362435,9.014182183944444,0
8.687457382331038,2.2418006977362017,3.864323839015312,1
1.6444499142672242,5.38836471390582,8.902491127623012,0
6.258717335348145,9.36519029160474,0.7806942006858442,1
1.189065006176383,6.662599381860423,1.043568021787623,0
5.322946308918098,6.341554463670757,8.923557605108284,1
0.07446080975656688,2.7378750254496422,2.0728842439559667,0
7.1526115852252,9.668140237654221,5.201439411548866,1
0.7150073479494456,0.08966500359334106,6.507473263131546,0
4.647713303658652,8.174727394550796,4.4675988090940155,1
3.981707949658615,2.849949677092786,6.849388832494271,0
1.9384940651431903,9.130023776882842,0.762979743478851,1
4.322133340263145,1.9409043383032998,2.439233346667904,0
8.364393401790252,8.895721377086009,1.8126888769964133,1
2.9962933550849193,0.4863477019899598,9.932150988018629,0
8.205811975342742,2.538963286232266,9.968754092926538,1
1.3359511101819432,2.333814638645435,2.2705115614054803,0
9.871088054098031,0.23309824707901994,9.044813938268906,1
0.5326255758343945,6.387876032483688,9.091452566514945,0
3.5326653465517333,5.1398942895757935,3.9730065248818915,1
5.094572969855369,2.511595454490856,1.4195846644983134,0
7.538474527191493,9.362702425596682,3.2990549595733407,1
1.7978731568002304,2.188320840630722,7.447488835775822,0
4.202503197961727,7.124331136368495,7.027352109703173,1
0.4260390124947333,1.4565180309784842,7.221984423559192,0
5.587866377260705,5.4431921930234495,0.2298072038585064,1
0.15703450840812816,0.26238197130426966,1.2629058158043982,0
2.4873180844033826,8.929903995803,5.617771409298529,1
0.28136271369006094,1.3155332613928106,9.764608484295001,0
5.426169546408607,3.656788396665217,8.669018212645428,1
1.920981773589553,3.6660264291364806,0.2974328627226974,0
2.788402594082503,5.332325582851385,6.248469368392215,1
0.009034326564276718,6.546658481602671,1.137982277142453,0
6.764935220154344,7.247075623902227,6.896794365422684,1
4.056479070174533,3.5937019037919313,5.893725203644737,0
9.936654452464685,4.783463756395092,7.429290783221328,1
3.9036740159640173,2.0410115749474143,6.981963494055895,0
3.4398803950062886,7.2440852904268125,9.424552069229907,1
4.265209752130415,3.5420906484841086,5.972618768451346,0
9.92164362332886,2.1533180537613195,7.027671473155684,1
0.08201425147961294,7.622212547861467,8.463371331397987,0
7.9902297432685305,3.761813573051117,5.882588249342362,1
6.185959092861374,0.18156714135195484,7.081056150533175,0
5.685144611239817,6.6901692333430685,9.063321857651172,1
0.9223785739251689,3.995343460255094,8.877509918146123,0
7.646515751026996,2.4259117999365665,7.101297577172975,1
0.48769542744518835,3.2779708011885065,1.9800936675685388,0
8.1472586987623,1.4594981004818541,1.1122262399694405,1
1.2035811293469367,1.7704271589941833,9.131758055437295,0
5.239506969829004,8.234591059697602,3.4052862426869765,1
2.324595458510754,4.327714925082673,8.202852456071318,0
7.615597708332055,8.032439838163322,2.55625941271473,1
6.611725934354085,0.4124027224043125,1.422491150180405,0
5.934026582502069,2.6061613256803637,2.001984338641339,1
3.644854399519425,2.8025071399660106,3.9054796016809465,0
8.718597715364812,5.76183747527373,9.925623879525466,1
4.485627984416097,0.24911480523094331,7.062075432212672,0
5.665847959629218,9.088978881905753,2.7494508579877563,1
0.19087619170451542,0.034098525325720885,1.6434363463850243,0
5.074346010532256,4.532692051840512,2.2911687497192554,1
6.05894583214708,1.0529500070292797,9.433836793742682,0
2.4869777921539837,9.335653040081866,2.274791868076628,1
2.67174631170385,1.260405516714408,4.54447530198939,0
6.814542743120735,1.382474821562234,0.13876934728193957,1
0.6183946943345975,1.480365296913173,9.194056617499076,0
9.601372176070438,9.637911535612357,4.043755208077997,1
3.0398340520999776,4.634201846504262,5.722146267226388,0
6.965631188968943,4.196849688745853,4.01928179906789,1
1.2976189571900565,4.477504044050723,3.339991779920375,0
8.386357972597558,8.560577500697129,2.6641021398158173,1
4.948581404653524,1.209135511897037,1.095977695055157,0
7.324329162376775,8.671883103539562,9.94174482294689,1
3.7665038760715177,3.679826660525732,8.376121796066162,0
4.285191376542466,7.1557479914602755,6.359942329917747,1
2.996843121337794,3.93795193923828,9.186940107459204,0
7.540389238255725,4.614365440346672,4.416544849248806,1
1.3134506142311941,4.155425304470977,5.092549268444174,0
6.35189048551763,8.554702291898757,5.000127182278149,1
0.6582508491808059,0.821485937105243,1.3502057207476525,0
3.895552874611016,7.690605417606364,3.5508616066017895,1
1.044823734655187,6.402999197413525,5.431320091557943,0
9.871766660791987,3.5910412332091535,8.568752349616084,1
3.6535758725021186,3.866878033017791,4.641301550860178,0
7.084609641890895,3.206620845350594,7.800654981618694,1
5.451118604626308,0.884236750384717,2.232210081061149,0
5.983843169244381,8.282037573876428,1.1167072962061997,1
0.7580396896269126,1.1917618531382368,7.299178536501609,0
2.3431212685340865,7.287562056907606,8.761293694338226,1
3.1013498921656337,4.582348175791063,8.02941050782766,0
6.4536548462845245,4.780377106248399,9.944111057640125,1
1.4277748237940013,2.853806633419275,8.859102149730887,0
8.862107940046354,0.0016877931510550503,6.697901720909721,1
2.789666430952069,2.3372974982782644,4.335477692622355,0
8.018670966165228,5.573921479962496,2.9242912159759626,1
2.2938324498581864,4.513425942930357,6.443430055717014,0
9.522686804483023,0.3549161202755602,7.2738154457631286,1
5.431153589542703,2.105673547349368,1.9273234698530828,0
6.341680266054474,2.4506699550574638,9.874977396615618,1
0.8374549736495307,6.558631225101498,2.5828983702790795,0
6.366079903531404,9.353017612732058,7.244031884444632,1
2.9483694353909184,1.6049911158808328,2.665890325474213,0
4.485572939139061,3.636316010712566,1.9662541069810546,1
1.7997541005553608,2.573871976486429,9.336358350615495,0
8.59985841673097,5.48761137522085,0.8148498671145443,1
0.2931297219718043,0.7545416607316169,2.7900621504542187,0
8.556281836289548,1.6980072491536002,6.98826861851943,1
0.80110068433625,3.8292966287091756,8.927891503321494,0
7.0125939170691876,5.501599994504932,6.306174468372223,1
4.082865347155108,3.6714551731341096,8.393607394965933,0
8.826380272978474,9.488541028081418,8.94942621231602,1
0.11979625981621611,1.0097028240113637,5.373579718833944,0
2.84696030896591,9.327605754751321,2.411009866559599,1
2.4883830105512406,1.203393632599401,5.967573770120435,0
9.093373718626976,5.764549635936785,8.330193226664113,1
1.3306072104762812,1.308227369712589,2.285195696500333,0
0.7047269618124818,9.564160594059476,9.43800547375671,1
6.208917132435518,1.6137186257125602,9.467427312849612,0
5.677727163479664,2.4871756108030416,3.0501959171172044,1
1.7658924084546523,5.21702212756919,2.8669458678116166,0
2.9978431314119947,7.325943969328094,1.275036323920029,1
1.0009445760548352,2.8170020542089222,8.601256373395218,0
8.12715482236364,1.7857671066285563,4.562450720478694,1
5.3760614979150425,0.9883422992560864,4.089414858753525,0
6.1238625467722425,7.505620776016252,7.118115160503679,1
1.8770976340411405,3.019092865868723,7.5645061589186895,0
5.400895020806741,6.246325524631253,6.924096267034887,1
1.2876556821405205,4.45200603336271,5.04081252275792,0
7.386025455325215,9.85590678578349,3.7070815498260634,1
1.0486947813477243,6.093706548555829,0.8316917197426055,0
7.757997359998989,0.3616031176727841,0.7785333364258429,1
1.8961996906654632,3.2186329723549125,4.725955771535232,0
9.766616336583413,7.285909175751797,9.062357278640977,1
0.45514330237204526,2.5704306751879824,3.2847816607781732,0
1.9986514614889384,8.139349194281497,2.078499124333708,1
2.332469330659779,3.779236787736636,1.871963972368026,0
6.83488446295752,4.70247688964691,2.189466821672419,1
0.8460071463307184,0.09022919505256577,3.0878957418953568,0
5.28734931114744,7.046441872239161,7.980435618948956,1
3.4035191799591358,3.8816191796935007,3.4151658895292147,0
3.2218890388984023,8.379269491239555,0.56105147996656,1
4.5470619831802574,0.32974612468601117,1.7327633172335033,0
3.5398512139178973,4.706344641710903,8.261447695048785,1
6.45360672679038,0.4895379449796533,0.8835001339612902,0
7.825859894867405,8.22463518408951,9.530781931953342,1
1.722387147086818,1.3210484811815582,7.2720808348422015,0
8.1350509439875,7.701412056517093,5.8644519065491,1
1.2596337321228468,1.5139708483665637,1.4044916872051383,0
1.7955009695332913,6.818514598342817,2.8196991579248176,1
4.2902039872581845,2.8365128231214207,0.00955085691410229,0
8.355362970320503,0.047582766888241146,0.09498120423671597,1
2.1291446186023997,4.228764200961303,9.012427762226828,0
2.532159254331124,9.073374824366926,3.525229475929587,1
1.0458565260398722,6.793148691391341,8.516844620845998,0
7.710785479462633,6.598845940479468,5.028933964850677,1
2.282095586069204,0.0950368225117626,0.12808926054125647,0
8.126121062605474,8.87342430191292,2.394426278866648,1
5.6572980297077535,1.8436078025540403,2.1728187771684904,0
4.99406869809048,4.063580052607168,1.3251471189812347,1
2.265711735258976,3.5954294296609546,1.974353734968175,0
5.371976985409287,4.486167605493474,8.371021958723317,1
5.122009765876027,1.3064211087201172,6.599345335580845,0
2.1445035219963704,9.527046560633416,6.960578974083035,1
3.9251220736171777,2.8447994353221118,3.4808951015020293,0
6.715923466730226,8.805803707086092,7.6888854800014705,1
1.609654487327079,6.119194194766136,7.962035549300963,0
9.761043299425271,8.441575194174249,4.293839923119311,1
1.268953094979598,4.173343276303826,7.977492225776234,0
3.4877862726022766,8.926301043902404,1.0277943113645915,1
2.679264775079162,1.678641324254737,6.912702045046927,0
4.281220888708999,4.232433814277455,9.582750617866749,1
4.533740137099458,1.6005287995672557,2.079973081919988,0
2.923134481430493,8.064048373846202,2.6206658893918666,1
3.8519373814886,3.5404506807985836,4.027981055458575,0
9.758578773283393,3.1223750698593076,9.65056210882401,1
0.025952489788545474,1.034387220825913,5.746440377186568,0
6.250867850951487,2.324673278612861,7.806889105651079,1
1.9425583524638734,0.697875651939095,5.689699885305614,0
4.741232384748346,9.987033995802665,1.748305094750786,1
2.744231902463686,4.2406183847758685,3.540195697438203,0
5.929760674066609,8.337960964526713,6.957998774688868,1
5.089079470379386,2.6501311207782496,5.793828449581105,0
8.23827161787962,6.974963419658535,7.911062659084781,1
6.027563918469287,1.4776381462018573,3.0239726911832676,0
2.2782797797445395,9.333815709228523,0.6314416585647775,1
0.9527504838712286,0.63475395751449,5.271024202416097,0
4.866703845545851,6.733829514722132,4.707029791575819,1
1.674383670962618,4.817290335686952,8.068375877658525,0
8.230947909655843,0.013570989106158615,5.385164493945586,1
0.795218067252017,0.7249476600149285,4.968727207804786,0
6.352868981046999,2.359172257394817,0.6746284095728328,1
2.330520800807542,1.1470308578345767,2.9253687704981415,0
8.555865024292972,1.8052688505150505,7.547914068577929,1
4.9469865557806845,1.7239372760839466,7.09951606535021,0
4.378772767405757,8.156014105458368,0.12165706337284976,1
3.97753341397331,2.010949202840573,6.6400458395469,0
4.3723174469630335,9.626047997938961,2.891701416234106,1
0.5063580584708816,0.11100302247847527,4.150480724054983,0
8.547814427587037,8.30349639259925,0.30752839020511735,1
6.103540889046954,1.8384727375747423,1.430647571748267,0
8.638007142591853,5.2053618236493175,2.49731812689948,1
4.094649996965352,1.2461825899158008,5.792721441632194,0
8.27969214774871,5.295124657277388,0.4591484153365788,1
3.7802372202204673,0.1688688006527428,2.203537185417553,0
7.4421910395156265,1.8669214029515013,6.313763902524579,1
5.869290446505582,2.0110094215639074,5.599577351430321,0
8.397844337357366,0.12283693722736744,6.2536911914320665,1
3.483171959564192,2.4346129330289887,7.180183260036196,0
6.25116162890664,6.651302679517013,6.679657636139971,1
2.37021085426505,2.7940309308746194,0.1638200642622789,0
4.0590720000029465,9.68209191715956,8.277182467194477,1
3.9980242741113448,1.9593965205656183,8.339990276879176,0
7.818136653527511,7.956630204699731,7.5004878710411464,1
1.7072439958346453,2.761239185566292,5.3504289944415975,0
8.341512084332914,3.155482544383049,7.157244407579125,1
1.4826312985455292,0.8858625355225069,3.831691855699054,0
8.713542737000004,7.04583490489088,3.275968028850287,1
1.815861103602282,3.19004913452246,4.544349191398609,0
2.8330238622368755,6.21323291587931,9.99609337536468,1
4.875559436330987,1.056390230824793,4.076252075041301,0
1.3296766380856595,8.407481986896443,4.8923858444891035,1
2.1500570978952305,2.464635689875693,2.336092602305394,0
8.329781113703273,2.7788696357790132,3.041807088082451,1
3.6042677047656113,3.982709687006547,0.805953837804404,0
7.134134712260217,1.6176415261427224,8.528513434134874,1
5.071223190239822,0.16255637891260943,6.115390139861365,0
9.290457141369648,1.7194415808581753,6.764423681948701,1
0.5170953678165435,1.3001808956918393,6.396376991577981,0
7.894136305122168,8.618977725047237,9.580676778022326,1
2.2789901467706764,5.135533208566223,4.352192635698554,0
7.757621446694095,5.733605819592507,0.42304052978752615,1
2.187638867105932,1.8079153939992576,8.714330553558366,0
7.598936575457115,7.050702758077972,8.278181623048765,1
1.8799984811455661,0.35059810532002356,2.6515402426190016,0
6.63431708164481,1.7285201111258364,6.389329374935727,1
0.10123797222135189,3.7896789142219953,4.664134196582101,0
7.85648213080401,8.616800602695937,7.8703387902240785,1
2.297568673951776,2.5486040468772977,8.61844161891973,0
6.023560599169571,4.14232726703816,6.478438350106691,1
1.0425133996528013,2.711559565682129,3.386590527058061,0
8.212562874292985,8.556679191806163,8.315810613798826,1
0.5344092463308436,0.2483693014646393,2.1116443643029936,0
4.993817389419513,5.404915388277813,6.293242754559265,1
2.0804871003616188,3.407727887227664,6.957471181245478,0
8.333854559753775,9.050119140869404,2.561228906984896,1
2.066826812725824,1.6665148231686422,3.7982405720957857,0
6.761809860889354,1.3284900141921752,1.9681099584614248,1
1.7453278842536601,3.2892570876723193,5.203681906006813,0
9.831866546819997,8.403016247540782,1.7814768680293158,1
3.9604013212045928,3.544314107155059,9.262217685122941,0
9.99524274309176,3.6499849302360596,2.2029854814156637,1
0.3393123356822447,4.462591325558291,5.916082123408107,0
2.808377199349248,7.411428112490598,7.756862494237721,1
2.909391508828768,0.6819524301424573,5.755279944529796,0
8.990602159434204,3.3200419558366057,3.551720418325522,1
5.497158729496224,1.379581324748833,3.05068935686211,0
6.564010952171123,4.059592595223388,9.864211074711466,1
5.197432468044668,1.6612370059510861,5.347665577223565,0
9.83189210742269,2.2270587885775086,8.237572419775427,1
3.646466986858373,3.6100574377654504,0.25547625581890165,0
0.2688659766112256,9.370197711408746,2.208262561112754,1
1.301877994564965,2.4376509070257146,5.11697284073307,0
5.126204179497853,7.885973010172562,1.927484147504186,1
3.9505004002763577,3.2734865549177328,2.166612271246219,0
2.129539940098708,0.26619592854170704,7.820307620104666,0
4.126782262775172,6.593974862895038,8.2646721112523,1
0.924782762943942,6.352115695409878,3.2557897260574187,0
8.332918215771773,8.762192317847408,2.1718400798618696,1
0.3340862846830073,3.965776093580372,3.7145357375393786,0
8.720161997880728,1.7642578291201994,1.4772708158695524,1
3.9738257666996146,1.3750282532137592,7.918068141587566,0
1.229757289617105,9.681519438734057,3.0617358399448413,1
9.520286034556642,6.8594871101502815,0.8286175606140467,1
0.4379369568403113,3.8122689990271583,3.1933323500673136,0
7.44334240428817,3.1026216945494554,4.242108691392744,1
4.793326887200163,2.5546398606628182,9.761215660838726,0
6.282299303765942,5.070855333865861,8.197737829864037,1
2.1639728265729152,5.1907986746314885,2.092589765188132,0
9.389973231464692,5.828829702368672,6.508948262649865,1
0.7102376242653174,0.21127161428868058,4.3177668976809205,0
5.5335650382844035,8.069100250718957,1.9628466099038555,1
1.168610337535414,1.1815666136123915,5.393638307042323,0
6.879170259241031,9.651246045929089,5.914642815981157,1
4.8861478966759915,2.379465870841637,2.2926622837803268,0
8.945572295163934,5.085100729659617,7.721027429698579,1
1.2017732644055745,5.398324503362813,5.307083674339945,0
9.149758307306396,0.4717156927895616,5.203913561077709,1
3.7103323098239382,2.8850819562250396,5.206932867123313,0
8.87156460779092,7.4441734053789315,1.1237584736448614,1
2.8654187375536813,4.99274742753904,6.654903342441587,0
3.7684700906379085,9.285322850841004,1.8765995033686644,1
2.6467113987778665,2.8286528315080894,0.8932138503901033,0
9.138285014601811,9.657793952041311,2.534949022068499,1
5.314091544727689,2.1666409286960695,5.465183571588738,0
9.966213424564623,6.425355081798535,8.728148058839492,1
2.259181742021006,2.2645723825328936,0.6510846511720603,0
2.4800001673714203,7.855194163427921,3.0771987470804762,1
3.4142988156654996,1.382408776735139,0.15746162216676574,0
7.917805245575645,1.0076679872257177,6.903500112813306,1
0.9297969352563651,4.985010638915462,8.815583086474406,0
0.4602879197601728,7.783539498227576,1.5676344287445787,1
7.332300476665141,0.15270291771928846,1.6372093005983257,0
9.639240060427609,5.1932471173002135,3.7676261736512062,1
5.4584815359996774,0.5362204608817778,8.885731010917905,0
8.773971504173533,8.945763680106488,2.1074806170383873,1
6.5107352173698185,1.4875539960039963,7.183340285048283,0
4.557409703476556,6.503084502482151,9.357556303793826,1
0.6408394242606108,0.9457626965406107,4.9493659375891,0
4.65122842880589,4.922624375893743,7.640752559785734,1
0.17210875457096875,3.743910025731502,1.245951413181603,0
7.020465104679966,8.455366601487752,7.366074189069095,1
0.5491329916911869,2.735197912478373,6.925708307601467,0
3.6925243687565668,6.120212483733506,4.989341378393311,1
4.936576041641034,0.834934711909131,8.225435683123397,0
7.135621136435076,9.053950375173867,3.1965274880952634,1
1.6654574347215745,4.743975666542525,5.161026179782764,0
2.251311756583363,7.17400039153389,7.330548984443218,1
4.0333038917203625,1.9513049169238372,7.121125974246275,0
3.0164938470176583,7.06126230790923,9.684852963044182,1
5.555421415360876,2.2632299823202517,5.4105813030450935,0
7.520489101981519,6.109111398508111,6.868659951834517,1
0.680997796351156,6.26746789406064,5.420253912012681,0
3.751324004755101,8.19428067476959,7.950445096883594,1
1.3039304705775068,0.8144899032221598,9.448410145222883,0
6.415309684199829,4.634133104726832,5.925186045604626,1
0.8224876590519359,3.8048183855118154,4.787404015907477,0
8.900001207366785,7.9415507561127985,4.8165879448616415,1
3.09330775014978,2.8323868466568913,6.631838197910462,0
7.862635618106465,7.438447691226028,5.798068965739019,1
0.25407741093820824,0.604277456277148,3.0660947707410946,0
0.5923761225756374,8.22899870276819,5.8632874439181695,1
2.357438086560617,4.9084538961126025,5.816465577361729,0
9.955041213407302,6.165890503537755,7.816682511199335,1
6.30046578078076,1.270020032509791,9.549178414238915,0
6.1548595928897845,7.397006302223817,4.519881197585787,1
1.87858046498526,1.8241561740411238,8.246495652580961,0
3.330151443526516,6.294490002963737,8.411146296535014,1
0.4726897227020965,0.8103604290575561,2.7237849719666105,0
0.5332440525439908,9.0931199958973,8.504361321829123,1
6.467519156694345,1.1776784308499366,9.517659679209654,0
6.354455879165503,2.933563332904634,2.9985652124922235,1
0.11161378046968373,1.4240845387235168,0.4954424180634698,0
8.83969553114364,9.149388509504398,1.2303470441613484,1
1.135388054027342,0.04951337608066875,9.714598879717437,0
2.092813696463287,8.37307565448064,1.1647738258057072,1
0.9043773199649652,4.15636663942931,0.8198590962084717,0
9.97231072216788,4.810062293976333,4.366078944493777,1
1.3590988812523574,4.258104889062424,2.921894832296771,0
2.215086639584386,8.277911838717857,4.176225867485379,1
1.6063016821772402,5.143919830721191,7.431537300132465,0
3.5087235029556654,5.961629415806783,8.001779975899773,1
2.5773374263401747,1.5228368177378582,4.620736627897932,0
8.828724670705668,2.392543706238351,7.564332286048021,1
2.5535706122539237,5.3015971377827,1.2152122697665768,0
1.4053030807038869,8.752083675613806,4.961124828036608,1
1.9427326510993248,3.199093060898328,6.715607758728215,0
8.266452389568443,4.131119808807209,5.579532141920777,1
1.1043484463206876,4.956142355068092,1.9624129868163298,0
1.8675436685166913,7.363036235229334,2.4372836669141518,1
2.94498786574247,3.6302046466863924,1.307361010040543,0
1.0947363246121178,9.92067772166184,9.337470397627769,1
3.774684458336476,1.8063320625195456,7.911956399449874,0
7.8972858082447495,0.8690264888584331,1.8522298735843912,1
2.875842641614378,2.151592736870056,4.162555247103775,0
8.180499724975142,8.053555911279027,2.188442337791825,1
3.9447858666361935,0.8754596599238307,3.208027241151062,0
8.81326991308602,7.879709272236517,2.027879830525988,1
0.8297786788006756,3.8535414085543387,1.1969107001105972,0
8.071472875613601,1.5802195952258802,2.7944758857099607,1
0.5363127399711043,3.870683457774844,8.526942110593769,0
8.900699425144388,5.624042406804845,9.798419644124227,1
1.8531802543503495,4.598876919283561,8.720469147259383,0
9.407202101507332,8.99943495092108,8.003163064977661,1
0.5458036212754203,7.049761731027592,7.144182505232154,0
1.317703544754325,9.176871290078791,9.143583477137668,1
0.2930189548985829,6.944553428087979,0.30531414149720937,0
7.096409422011743,8.993738638484887,4.2956830701637205,1
2.492515625403592,0.23570401861583767,1.8764964471687329,0
9.556969028874654,6.395974887225451,7.023452751021704,1
4.250109047809254,0.4678424929795155,5.0032300173961275,0
5.774639995418898,6.488437291378871,6.220001774252397,1
4.77087295010544,1.683836284772675,3.3338227598982173,0
6.035653164015984,3.6362786456750182,2.8809680348882907,1
1.0002395197409508,4.708542793793185,7.837519434714107,0
3.5487335978740084,9.014244210823428,8.301463165681845,1
2.7389013692507023,1.371975984956464,4.519144379788341,0
4.742817696696946,9.897353386815162,2.2255494242217164,1
0.7686451201326772,7.061686450486368,8.327478289420021,0
3.602241061040141,6.23633704036364,6.173194786170924,1
1.3918540054264794,5.280373661588438,0.7535925194730597,0
5.276003540906752,4.704009462181062,9.288830922720043,1
0.12052205465707955,2.3872178770783448,6.987778355392225,0
8.432723769932302,8.589924100036683,2.039264351140363,1
2.5614680686508597,0.8836585056930024,8.350934948729464,0
6.327372345964447,5.129401167340263,0.729753270844008,1
7.137585318283462,0.7079383088930191,5.531099557973014,0
9.55094378078946,4.441285529809154,6.031491237760756,1
0.32580976208083756,3.4615752985452684,8.191591309222506,0
3.9529671358231164,6.682712319262104,8.456007789102863,1
5.208497250141855,1.4448870210316578,9.485185786600551,0
6.853327984889046,2.4120127343146924,4.895325448312465,1
2.5864142732993467,0.614374545729377,3.004301337830136,0
6.403897182129038,9.051274340143586,4.279217813664589,1
3.913312304603831,3.773635622362148,8.23499901369667,0
6.627194130282712,3.205226744666505,5.698550189306393,1
5.077646112320342,0.28607939593312315,2.817109747242481,0
6.880371584171665,4.976005833309639,8.42037538108688,1
1.562747859840421,4.353169861137757,0.20655425322258836,0
4.466676699824945,8.519383683481028,8.06794520630182,1
1.8664422217879295,0.9350427557005059,0.6750905921589123,0
7.2679733648652665,7.764034154706586,7.337398076804769,1
0.3600027485074464,5.200762540009782,8.29974275560874,0
9.675783322817077,2.00553821233727,4.364955893047956,1
3.772676144173588,1.7569698846508752,6.386900297983549,0
2.1039342762498547,6.411315792767488,6.471307209478846,1
0.6275756269684218,4.9717555471624655,0.38963904353906953,0
5.195094924192238,9.57466714790903,7.111499107295955,1
0.2049526185848638,0.8213940518489082,8.106199322379862,0
1.246497746487043,8.142551734254749,0.6267446479110861,1
4.333361157026076,2.3868760690897695,5.981202015518583,0
0.2241596179685279,9.735255555786646,2.779638832855278,1
3.81504876408598,0.20086423695822364,9.226268301687856,0
8.870951401204294,4.04692076393283,7.767645526534556,1
0.21407864047429892,7.574095207720256,9.225936579157054,0
6.145679976244502,7.9233342635385595,6.9166260990420305,1
1.8106150175272295,5.407179517174139,6.300143811772293,0
5.695455146128646,4.09211466257273,3.8527078888643773,1
4.940922945866591,0.4993936083813222,1.8095318748757627,0
8.314984107607145,5.690978679238863,5.958894898324759,1
2.6369018707801306,2.535981878659981,8.308673410758182,0
4.776926779626506,7.064266362821677,5.537984997304063,1
0.9802576233422466,0.10624255533623117,8.034715516409024,0
7.75651269261137,1.636979299499265,7.4255191353587415,1
7.180957922847294,0.2673180312867196,5.040995548289912,0
1.9659741031682132,9.626770041167823,5.607389185329329,1
4.981711378463577,2.9849019958903833,7.4135694004550325,0
5.417610229519321,6.3218745118522515,2.466213642132323,1
4.704625913398589,3.1641852986190977,0.15000350180244815,0
9.148808986292776,3.225964287970741,7.70619730938101,1
2.071892451853005,3.288872012720665,0.9512378485088202,0
4.586540631893261,7.1910935039110715,2.27162203952998,1
5.4716940028452274,0.38044810334539214,5.659134090519755,0
9.571646920301797,3.5111033497987956,5.051733453117681,1
0.7618017398561483,6.139545695796053,7.276346338814717,0
1.09462223122471,7.295724234393389,8.292415756216556,1
1.306050171702371,4.660978604178963,8.04552819967426,0
7.698530173756026,2.4412431181760796,5.123992116770487,1
0.6247534947224409,1.341283214634642,2.0303219043148912,0
9.600396703610132,7.669835278098292,0.8961814473098784,1
2.1219889078936838,4.089486949816651,1.4297763477704384,0
8.668478877696941,4.776528463983104,0.33463034073270337,1
3.3433151649500568,3.6095413241394594,7.8222865343283114,0
9.768724210175712,9.063895214916649,2.722301755641351,1
3.0732429137419626,4.675505524116948,5.4476537016075035,0
6.577717480823444,2.1465281266687084,9.447113627919833,1
5.287536504873848,1.8790742685312278,7.392701395183254,0
6.682940893614509,2.6836331673737446,6.837715925086261,1
1.8423069108401813,6.080858874253556,0.578798730716874,0
8.80015623899753,5.9878246841796265,9.640471479864583,1
0.08010935006384279,2.8764327742291975,7.510570003959641,0
9.311641202683784,4.691186347747608,1.8100780677662953,1
0.6878695774185339,0.7711500061169874,8.39195112472501,0
7.954425822398244,0.3040933289412684,5.942311154944825,1
1.9035263838240668,4.662706582587472,7.471077557687552,0
7.913193379077878,9.190970237786726,4.43275379291917,1
1.4616852681183778,4.255497108872542,0.3179959402374155,0
3.857347133536014,7.363341749025566,0.11322601514400232,1
2.336906715738455,5.52011157404623,5.901191848384246,0
9.08048826627045,5.518468450122254,0.6590431266164953,1
4.176306584813877,2.120477029101954,2.2913563373040713,0
0.22600883517316817,8.06143652508676,6.262989360711499,1
2.220391409802984,2.190092292054746,7.931442363043737,0
8.181736722066285,8.047923899722607,0.5700690914783701,1
5.9968799112776425,1.1635496414217383,2.00561204153792,0
9.20626848412876,2.3076965329906605,8.515109780423188,1
3.3860051030349245,0.9241511008087355,4.728743747512963,0
4.2546666039048215,6.77856461934426,1.8979169191645695,1
1.5752892594432943,0.11096748782388088,0.017697909500689057,0
6.4181101233992175,9.249843674616185,9.132628611121108,1
2.108974177005598,4.2335475598736805,0.7114190022732036,0
8.274041281189282,1.3622172465392002,0.0005879864815228064,1
2.1547578292351224,4.577086417834142,4.3159858518809955,0
8.553455113017277,5.68367685397418,1.8704015828907694,1
0.18719550204358115,3.2870531006522863,3.5202729767226493,0
3.0719463645433933,8.176216811202483,0.6778621578396482,1
2.0105015961138015,2.454059786585904,1.831463395328694,0
8.015198042283995,6.322956191864009,8.216211729839886,1
2.424523852736974,5.570542274046292,5.501006100506503,0
6.561905220414931,7.293734142785961,9.622197799638919,1
1.525441303905949,0.9800893341081551,2.966113389374846,0
0.2007577894607515,9.648991618917947,0.5349563470440288,1
3.288427873117649,3.4795206816032955,0.48157335143329316,0
9.599495977795062,8.730479238533494,5.362567935071747,1
5.349473211497439,0.6066603001539295,2.4304066708325434,0
2.783649509821827,6.313290209744347,0.6521148493869389,1
5.257498493640664,0.06835460389849723,8.623892152734548,0
9.942163166546143,0.6044038331639157,9.085342226790893,1
3.726798018080315,1.072487471841811,0.022366316119808438,0
3.1782854428938823,9.234287369886946,9.069990060391593,1
2.974842747524491,2.2495220698510368,5.001163254399677,0
9.445795470568632,8.35147781326064,5.943516580872056,1
3.953146008338387,0.29427803895368254,5.394740492861048,0
0.6182230928649979,9.193633433537133,3.1938318183989978,1
1.2457271440911877,0.10276765674644861,2.7046009658858603,0
1.1529207709015,8.873270543993577,3.850418965728527,1
0.6643274475836636,1.1956309532265186,4.287777949705415,0
7.584181943841849,5.922979380093238,1.974518773974956,1
4.2401642249117275,2.783200516136015,4.675144203298838,0
3.3866133645083707,8.519296763500195,3.082630482702543,1
5.263939667017271,0.21027780852913902,5.996435366447822,0
5.4239067981909415,7.512942660464905,3.610399842681795,1
0.9377158250605122,5.044372875636039,4.682009252956164,0
1.6090123613174556,8.720885707225316,0.1881678228479866,1
1.613073706404945,2.5930678375766467,0.09046670968670956,0
7.085610973012189,9.390399175917388,2.5462077163626837,1
5.4865239828800885,0.8624295854962294,9.36906330728738,0
8.404188842556056,1.8907649267090432,0.8356045607665574,1
1.4321670134937092,3.506087775663093,4.244544717940604,0
9.40422649578292,9.214144535837343,7.096928882046579,1
2.6174897674600994,5.349820433027318,0.23197749681373336,0
7.794280716213158,9.698886433176936,1.8545988779100653,1
0.471738836323079,1.859065968300243,3.4083926905877613,0
7.131917410257818,3.4237784680002425,2.630434248685515,1
0.49803629333672217,6.288573460396217,5.39379185251393,0
6.886726509210259,7.927832167533642,1.8731010697143524,1
4.5280058110168735,2.569078173069123,1.400329578880538,0
9.97966071823681,2.7260892406817905,1.937876817695453,1
2.1499387868902806,4.501017949992981,6.968526716982497,0
4.371496104737953,6.105177807974741,2.059310165010706,1
4.271534976699315,2.7549960281619135,2.5660847036246945,0
8.900769578667632,4.843735530407755,6.014616212703418,1
2.1159223071459587,1.3865035500709133,6.758795230590593,0
8.041254956471938,1.2349073491426843,7.691336419370947,1
0.2888356205169684,2.7319640426059664,8.20032205342754,0
5.835167298841061,4.745414327446752,8.6703677257279,1
4.275465764471158,0.12809526000344573,2.1630755084777054,0
6.5021207035170105,5.288138843896945,3.520768298171922,1
2.0028373733743763,4.409861818879007,4.084122731742491,0
5.982763534158345,4.052187290826534,8.585137762650149,1
1.8025694920880087,3.9814690108594695,8.435768310786392,0
8.27551894471094,8.318318178400986,0.3488530661996858,1
1.9295360452379318,0.6645688794074855,9.532059095085792,0
9.557351595924938,5.823082176371555,5.585668328840784,1
2.961675242369254,1.6557979739222828,4.955935418715324,0
9.965200643287703,9.27462206890467,5.977087964348771,1
3.4428107694031427,2.444773380630224,5.779844712719269,0
0.7097324220350387,9.829889731993868,1.7318717409720619,1
0.8554176872740404,5.067228347276741,4.350592230772015,0
9.492892117409253,6.739492686187506,9.939409678936702,1
0.35823920976901014,6.923774017684203,6.959421864992112,0
4.431247378915564,3.8595033278913538,9.76790703925513,1
2.143783650345681,5.733607028121323,4.765612974855268,0
0.028626987903858092,8.127812466100718,9.172565596649227,1
2.938275259772781,1.010532732382442,6.791521675150227,0
2.39994662892225,5.903575861215882,2.2641173048420993,1
0.38947327156536815,7.057392085313686,1.236529654386519,0
7.446716789636545,8.902310776450511,0.5268180891577645,1
0.1435781829395555,5.592555798604995,6.908895174256444,0
9.384248278039397,9.646888045344403,7.8778447553210595,1
0.12019598564659506,1.0765794351667979,3.5204579454407234,0
7.302797188272111,4.108267141779574,2.753293082598928,1
0.5924522568446855,1.7905537948015615,2.857186296179094,0
9.873827841023257,6.816994077453394,0.7974967684692391,1
0.45667215192066846,3.272964723380829,8.661165039201832,0
9.17899126184483,5.156403258386551,7.402904231143756,1
2.365291258423785,3.5594686805347298,0.8647619190362366,0
7.426766528911761,9.65758696744158,1.4698246828385853,1
5.98254445411503,0.792810321214259,0.11003465465456941,0
1.5695913353545643,8.919358304825376,6.010525366047249,1
4.916342582001482,0.17174981681930324,9.227723429882037,0
7.884117610267488,8.859806910139126,6.715249246234112,1
5.675722776905488,0.8604069657358215,3.008884928921539,0
7.638363946385066,7.716149917126554,6.482758535778176,1
5.420267277411714,1.6141226261934705,9.322844124924675,0
0.47658567479265335,7.599501725581899,8.183841546786311,1
0.30987227723843436,5.8194539472329385,1.1457390311592097,0
8.354557403905392,9.239751401223867,7.759988297660188,1
1.011137616922947,1.1622020066978722,9.472452956675411,0
6.073953049244619,6.372387645540957,2.2047570594496637,1
1.2957785597778704,3.3730291414655578,1.3603681716206173,0
2.961479614604947,9.838692272423684,7.949683188297193,1
0.2193754943235604,1.2131283766625744,8.8985761245123,0
8.08729652621219,9.76039610510935,9.812341870500983,1
6.547101024437882,0.8877805777299408,8.477170573873279,0
8.2293248856083,2.8032708343799007,4.735655267384137,1
0.7854301583319101,5.3290879509917914,8.117160700372128,0
7.248177155774222,3.6663199056490567,7.19396866305055,1
0.3790657974874956,2.8185945116823143,2.0272175925150684,0
6.05033183427129,8.71464412740851,8.799257078655533,1
4.571822366947561,3.0119455111457305,3.49455669081543,0
7.245584714575989,4.180197054167674,9.434732698893505,1
2.4498533426466205,2.251704815169867,5.634039305711296,0
3.253607343221574,8.929262944769594,4.497927645978999,1
1.7055634482313942,4.140956809115169,8.322270413034424,0
9.9253578804783,4.509278923157508,4.599535924211022,1
3.696524386761235,2.6597068573537594,0.8007883367388324,0
5.656657883717057,9.18131212513334,8.349977942109684,1
2.236943643851894,2.0240849384912463,0.5105584466877322,0
2.520349178189921,3.9022692178810736,6.411018961240469,0
5.369233452756303,7.5009727670312465,1.3893985918242213,1
1.4802574352255082,2.9909384115304114,7.182610519040818,0
5.1850893753717076,7.544224197301478,8.737280189279987,1
4.282586005382189,0.446264266681089,1.0772727009270633,0
7.5100612842457934,7.341523431043511,5.830991919814262,1
2.981578402981757,3.8152809100045504,8.353274779423124,0
4.170752242544175,9.384965361336057,4.174770639146664,1
0.4213097223518314,6.036328289863237,4.507283170799946,0
3.7206706811928294,9.200311488758322,7.203405995387438,1
1.6334963019347148,3.330198761580625,9.821787485834253,0
0.5969770015388765,8.375485188598343,3.6481909487823327,1
0.33966323354097105,0.5692578402704351,3.1469759212635537,0
3.3370769060992,7.90488392806565,3.1221286004481277,1
0.01122561285612611,3.8897446830051985,8.978141062105575,0
8.731631370976903,5.942984926158131,7.196000846803821,1
4.234438692516266,3.0629110721514383,4.48005925747381,0
2.8703176782786057,5.9602217180781025,0.21974032142815458,1
0.5987327747148175,7.351348203038897,2.5220499995606485,0
3.7943871717613997,7.030951149261389,8.592523733182274,1
1.8253460092490992,2.653996100210967,9.287722735943948,0
4.866805319019426,9.38536500401051,0.1253514951297996,1
3.6641034894617066,4.329710960782876,0.9508801729660465,0
9.062323931236769,8.22698857432468,9.107025541098409,1
3.0870682649292536,4.397462150350428,7.357445095025559,0
7.009514797428663,9.921385188431815,2.5840423703952697,1
8.288193518674502,4.188430987418947,8.218062476942569,1
6.491158447458849,0.24553087057026635,7.85575467286653,0
6.703761156216212,4.638328779242898,8.608899257057178,1
0.6936504569056245,1.1808717951990966,4.619218233213069,0
8.870397864996603,1.5362959278153376,4.074465459665431,1
2.9076753394322665,3.3283745545171337,5.3082874952946115,0
8.145522147394603,6.503425210163588,1.24484749156476,1
1.6663608898126714,0.5855839772889349,5.9946405044890625,0
8.522343303004368,5.135670791102597,0.9815976660622738,1
3.869345307113491,2.975289738294935,8.590382577173054,0
4.336489638041176,6.9036373411107395,4.8190032208367475,1
2.3947826905797607,1.6906105658909443,8.329709822360382,0
3.080874883104406,9.06869106721674,9.34145509491611,1
4.875212748732195,2.640418577845145,0.8627993469772832,0
6.734159946028492,7.908239057655917,0.4952352137950178,1
6.225002406828138,0.4933639841064419,2.693367941793663,0
6.840518681642907,9.340033518331936,4.471809246526571,1
1.467237270284334,4.118262096348614,8.712597754537594,0
6.919939436614737,3.598385188205535,7.2200112456179095,1
0.5002131419068134,0.640798645243329,2.1544694267032796,0
9.26806342714358,8.902376701444235,9.762307575726867,1
1.0871937549016342,0.9367020615158483,2.1403779184798166,0
7.178970210804958,8.169202053130277,6.601666043180106,1
3.38924254909121,4.4320997468809065,8.134235582958908,0
9.890259782469169,7.490697191983765,2.406013160300632,1
1.0027687293240495,0.698146488295982,8.127336516349239,0
9.053531871074226,8.39940240905322,8.100453302979117,1
1.9877404483811656,4.384767200089589,4.408390794308971,0
3.0613155076956,5.1312451253389675,0.9425041921072486,1
5.973569088055404,1.9367677270032024,2.8529894067323425,0
1.3133193704869728,8.020658003630043,2.5640932534481644,1
3.5770313911213645,0.3919012367893371,4.101262910163533,0
3.159022876046085,9.46270651353251,9.902571930235913,1
3.802937088417214,3.028408043911522,0.2510297789136362,0
6.147629029982679,4.4885448340437595,8.2207200723937,1
2.423631973278222,3.689508689600194,5.168684229223793,0
5.213770231898308,3.539540234323449,7.8539613047470365,1
0.05715767838973873,5.590922898772819,0.2624773331793784,0
4.927735912623347,8.18788914235436,4.753897215780331,1
3.632663542109722,0.05584310471768439,5.6730935257367925,0
3.5885622482958093,6.333406393321588,7.631328379522289,1
0.7514220081281486,5.026442234990341,3.9745344549045347,0
6.438648677686465,4.911070352188399,4.155383588088144,1
0.664989254496916,0.364171313029219,2.776237545379021,0
4.373269121532267,6.62092942729445,1.5481575581967388,1
1.4256398679225302,4.560858807900539,9.836340140143431,0
9.427637024522475,6.907667545965854,3.105629487252546,1
3.644787717348279,0.32216160165044583,5.458282880540334,0
8.490525663664299,6.875858317267473,6.597407598187641,1
7.329835366421868,0.26665525600774065,6.749734340062378,0
5.018921414835438,8.285212878566938,1.8893591492001793,1
1.5784038375854903,5.808962772101031,9.865388493624533,0
7.170298041474127,0.8747301412957542,9.724880136395658,1
1.0752983166119146,3.6905523109752147,3.815161938085895,0
5.455102992880829,9.565160608621536,9.250772703213263,1
0.530883225617651,6.753034302361524,9.104938703068731,0
8.330425833417559,3.746460322276067,2.317487575182995,1
7.043317164069116,0.457796227390741,7.1368386618676585,0
8.32224221132083,5.056751839810156,7.12878234912092,1
2.5880003086745362,4.188340476901846,5.8403763672771705,0
9.8347219162074,3.4408956757662934,1.6959963671570255,1
1.6061555560191776,5.926492075175634,7.310454012792146,0
1.894649984395822,5.820081692158335,5.08742670467481,0
7.899411495931393,5.693397850970951,1.353872036295588,1
2.406665821219124,2.9436956577921114,2.3186682553538027,0
8.150724730286633,2.333701055642968,7.428267060022497,1
4.910634120336636,1.1974109274690792,5.597163549741736,0
8.360711080584768,3.1181115476631547,5.8924192690237165,1
1.5008512416040831,4.83285411638248,6.241674969392392,0
4.2614190832966035,6.8772566247052715,4.29158069583485,1
3.112499200465313,0.7803433269873727,8.38243444943217,0
4.40767502386953,8.523981554230001,4.323647147605395,1
2.2907580167404538,2.185702456997088,3.8248941320544336,0
5.017215784565834,3.1821987590210354,9.376788728586035,1
2.230670495756609,1.1443004332063134,5.337704661180942,0
9.288855714128399,9.622266697012689,1.8483816105566264,1
0.5412324823416281,0.8415008799987234,9.454893650621155,0
1.3264830851687048,6.816934646361522,9.223811433196667,1
3.1775502736442185,1.7761643076715472,2.705891746591412,0
5.573688406788147,7.601955839362365,6.306362653923124,1
7.314017979815076,8.713826751038473,2.2954263166433666,1
0.7958839147426988,0.15213959470192218,3.924495519398067,0
5.030867360128626,8.614569314923905,9.324561245256845,1
2.9375047752701877,4.1730677076671565,4.158658135569821,0
4.513735499910871,4.336023089606773,1.3857790997590447,1
0.26051595516348725,3.6591208674799147,5.541071809796751,0
3.239622327361081,6.586370788168198,1.3053430143428912,1
0.8961329702241527,2.0543451157923007,0.07930977727470423,0
7.478184798934113,0.5372147464559707,3.268152919656356,1
2.8029409624017743,3.40872216770161,8.745863385454594,0
4.195316116169584,5.375309659419891,7.213283752583418,1
1.4413808164920006,4.1971205897455155,1.3746416436326592,0
7.505969812552954,7.327191277230247,5.12345368162139,1
7.190247624645716,0.7247195604240597,7.494613205013561,0
3.7446353210037895,9.852637605972841,4.490572813161478,1
2.9529353132883793,1.8487390844097584,2.4310317091715286,0
9.815566334369134,2.288118374385919,7.86167828790589,1
2.4542768686780203,2.3080667483968744,3.835950381377585,0
9.793163419135748,1.7652973982590892,4.934434297982473,1
0.7814342578783051,2.5769907917749055,9.638060221094406,0
5.450337599696659,9.611587545826717,7.773512857526473,1
6.361017249596264,0.13905715103922467,3.936199816532576,0
2.6728259503531717,5.827416013737517,4.520202252102285,1
3.531959900262196,3.9050054956477442,0.5936290149556878,0
8.357558041664825,1.0496714550369968,0.095552960116424,1
3.419942454864908,2.744387619278934,4.6909743861511,0
2.8661980377795224,0.6002746486117805,3.1060341364078257,0
2.64493577513207,6.766842895871435,1.5460170547207652,1
0.29109133313110935,6.206198964080409,5.477903249161481,0
6.746459576667308,4.71464033753719,3.9012195809488515,1
1.4636630059778755,0.41715263877357356,9.313392027701891,0
1.083604127047888,8.449628839559775,6.249149870525146,1
0.7175899389161977,4.183928691627024,2.8212129587509125,0
4.973770067314841,5.440340786242834,2.1236282915682594,1
0.10162460331725409,7.309562906673396,8.604809186773132,0
9.907082960522072,4.596542691828517,1.2496924754690186,1
2.5354996148069264,0.2093106164759828,7.856088681664791,0
1.1933229367460974,9.44026167993409,9.74542054262477,1
2.5372711552002656,5.253189938001156,7.248728444812559,0
8.904952595353956,0.8323488941668833,3.643612266479325,1
2.757261499690684,5.184065418039917,9.296326841612686,0
9.402191268223095,5.375072451858248,1.5966481470204386,1
6.193548367008721,1.2371948429172064,6.553022982803277,0
5.6717350045229695,7.18014947832971,8.300925048843936,1
1.5165508779860881,3.5461461558562757,9.279966954881466,0
5.16932525135434,9.845546171754362,4.157366046860789,1
1.3777478215623673,5.456821959632433,7.882391236159804,0
6.657121702013665,3.937639011414423,4.783775713737395,1
0.6937630780006077,6.294360404140207,0.825942316149334,0
3.4684971000111964,8.393160986273923,8.429865385552063,1
3.6161230244483713,3.842552507069211,0.35769241372317073,0
7.82477603353572,7.862443037023409,2.1435232920267087,1
3.364365361596743,2.9501267294607523,0.19411281279816284,0
7.132308686548029,8.132606677813122,6.273185627744846,1
1.018978430691596,0.9909433091753006,6.667001710681336,0
7.8909097538544355,1.6074132088961957,0.48938051867836063,1
1.0682621513742097,3.306526402640703,3.6142185004492147,0
5.023604773751441,8.810895530552822,2.7517020093517486,1
2.5455243578890885,2.965075174731713,9.316419162825794,0
8.832374556091873,7.750426369099039,3.799074234606974,1
0.7997321329034957,3.804748050890833,6.504562272416566,0
5.210658287396842,3.063399753500673,8.091196148412656,1
6.160862813044171,0.16532669901491492,0.20765757869269486,0
0.6352212828800441,9.503898149216411,1.569925133069996,1
2.153343978435526,5.25365588589259,6.206759579124373,0
9.002786449545692,6.615335414769531,2.674988145438333,1
4.372082618909254,1.1266468010833408,3.064762138173566,0
3.943118144691767,8.853343071818143,0.21023661236383773,1
1.3910319555712936,2.357968526398666,0.0830342049164079,0
9.431435294428226,4.151775684082844,2.986135318672629,1
0.03372593423361936,4.182877545859792,2.164947690047306,0
8.419065949020974,0.13546098108632165,8.260114383112919,1
1.3308768248509362,2.0500689385772852,1.0677177584819442,0
6.394202813988667,7.575730403406583,9.550092538277722,1
1.8800229352259334,5.863379483858302,1.4299915475434466,0
3.100346035376982,6.347962042601331,4.223876343007732,1
0.15681132187711277,7.398399911317069,1.9065042141044786,0
7.0489273878998855,8.054590853841056,4.061338407523506,1
3.8880010170460855,2.946754810146337,3.4855606417392684,0
9.71081054724274,5.388670903011122,6.3758155327520445,1
1.0024861718581868,0.6206796050883712,4.211366781180885,0
4.917401510891148,3.774606468172209,0.09308465298346946,1
2.6281034569734785,3.1776183323897933,2.5381439955720033,0
5.467530643224308,9.790894453655941,5.060997915130308,1
1.5354622245918659,4.075990490371125,8.25315752494059,0
7.4729292757856625,9.235080275708196,1.4495774850731935,1
5.414371189204427,2.4222869108087752,1.1009119481981011,0
6.2122720874149815,5.228681082250008,9.988058354773283,1
3.633673747069963,2.072841601420492,6.380296590931622,0
6.254797187058352,4.282450885107729,8.23242145625288,1
2.3228517652285374,2.7044018160052294,7.1530523910638655,0
9.371342397448089,4.3305136156996715,9.515982844449546,1
0.25838298260646875,7.050539913397533,2.197090602552809,0
9.683622656666508,0.7721298957208389,7.387503160559749,1
6.029826306468211,1.4183845538533868,6.293614332447469,0
8.45938032875843,3.288566984581016,9.535553638885396,1
4.847081215684065,4.843129886405832,0.5395420305880183,1
0.4416062095978668,2.1374229068712958,7.00529501380275,0
2.151598180615608,7.7429776417354015,5.335166159134302,1
5.6594388586544,0.47707678822159094,1.287340442563908,0
1.5427426723093751,9.398974071496918,6.37861980040764,1
1.0787949769218774,3.246937494010239,8.852154102167324,0
8.419050207353898,2.0277887552543685,6.544487386183295,1
0.03211027806904854,6.439290868643637,3.8779540824154077,0
6.896193007883408,7.75849204621581,4.761484315652156,1
5.1848923790201376,2.0316347886275743,3.890219893121852,0
1.2942541526115003,6.815776471444755,9.118886305097197,1
0.5084192756236561,6.880755145214935,7.740109257872381,0
7.632158866404466,6.358408214036259,0.4657414833129925,1
0.5066611265594267,5.655172649146484,7.648267325272164,0
7.5093379915743945,5.999241651420597,4.273191356840008,1
3.388037890467527,0.08566263232094307,5.577825056793484,0
0.007565104793303412,9.88206399875622,7.954071290158247,1
3.930867966209075,3.7679636539979833,6.706750515304329,0
7.555962533462335,4.918393413113183,4.0454338115077535,1
0.10708888894996993,7.500975885663261,1.3780264312668278,0
0.5820120815926177,8.196435958728621,9.745274411754632,1
1.1090601840305048,1.1209081545537491,3.9572182259290956,0
7.745633596828274,5.89645728781707,6.356243971708264,1
4.988125335226595,1.5586399096081216,3.4480586547116134,0
7.775747759605412,9.342393022958431,5.586606241198123,1
1.356909809167467,2.6510954017217747,5.649882215535687,0
9.692571544114676,5.516247665077171,9.41811042097893,1
2.9198550192301322,4.576238233875539,2.9548096704600333,0
6.7061614802667355,5.946214015770975,7.580233724299211,1
1.1783141450063805,5.3530157313369395,3.4862089746631373,0
2.2711086061381227,8.342934673855517,9.277078379060681,1
1.3504696650831405,0.3095378231399637,2.297708901469787,0
7.189869543293832,7.416456427062471,0.5629414409480016,1
2.346903130700154,2.6016062907158135,7.608453101649428,0
1.5504821479603392,8.529427565798974,6.201275586436854,1
0.15201209347691091,1.7820126218252053,4.62653910925591,0
1.5059563607672821,6.7050212667545805,8.233450667018678,1
3.4152138184046876,0.2735580760734668,2.466859558812524,0
8.375839530409262,1.307966987457353,0.10814166553653859,1
3.541412523912385,0.01006120693094803,6.100184689467991,0
6.002977597039024,6.589846397483486,1.002142421681128,1
0.5578397721852124,3.8313401310827846,8.142345279060482,0
1.0249666628929233,9.827020232035293,1.1750692960636133,1
0.07350583275334333,6.556469920476569,2.213402499197632,0
7.9961010304181315,3.010262452741604,3.373291615556695,1
0.8218700500508069,2.544121307326346,9.32077468657798,0
8.112059324498471,4.651205190165872,8.04598994451865,1
0.5197467911076636,5.799040138191922,8.67960713729558,0
9.426156088851844,8.746273070762147,0.8253492519810546,1
0.6875792167019534,0.6947423833932442,8.82101808789826,0
7.038156933521468,7.282434279640215,9.40659369267142,1
5.086706496380678,1.815495822478882,6.756347047650753,0
7.162962500812201,4.3796458053276535,6.91475537422628,1
2.865605311500633,0.539370080216528,8.835752454133825,0
7.32331498787723,4.947385082494868,4.784670164452532,1
5.888589993443526,0.42703914971824464,9.930310984807946,0
4.979651017707903,3.0433866819259805,6.77183530799383,1
4.280601378974019,0.8484278159087344,4.698731300926754,0
8.111901076544413,8.394575659666826,1.2890323852472896,1
4.819194758214227,2.73763014182605,7.984469697684079,0
7.511805944170432,5.592716007309062,3.053592757384708,1
1.567236326478998,2.6094078263167644,4.1302535397138715,0
2.747490661329498,8.0472253647528,7.088244728614579,1
5.246533258992441,2.4671147531225213,2.196446253393022,0
4.251213771670179,8.060289419417291,0.3931996924023995,1
0.933069906366667,3.3524931341258615,5.576449098481129,0
9.67217063212229,7.182343044638935,5.659945733127609,1
6.432948795950396,0.573265015730835,4.73722681792954,0
7.012588343630338,6.538457861747437,3.666142309199174,1
0.8247073204109867,4.228071122920408,5.832081183739395,0
8.858751029120054,2.6132202873105257,6.794670064712105,1
0.371541878487327,5.481230340533924,3.422847735426596,0
1.738581544703881,6.217917609273551,4.255445545194709,0
5.033253397209805,4.947160744178511,8.999572501202744,1
0.7423070730185821,6.6359999238705925,9.945117311941612,0
8.309609484560559,1.890330913344176,4.684661192742356,1
1.311130590020837,4.079505370767102,3.3743902707020723,0
1.667033059634484,8.82401128193623,3.5973396584502937,1
3.5280688722196563,0.7960514540679087,7.853290408365061,0
9.897588494710096,0.4585281398249508,7.518883121475887,1
1.4884645043312794,4.426922819558657,2.6225965799391613,0
7.798047887380271,2.5074386471663592,3.7083827184772202,1
0.0718115988321677,6.8653109284070535,7.318733023242794,0
3.7319413703473545,7.003488011386145,7.148612030475929,1
6.298556599348588,0.31334821164135773,4.164247560155837,0
6.678416205387299,1.7469975542811822,5.063443484380939,1
4.927708744060885,2.9813899915262656,6.682635156299338,0
8.782524524949775,6.04452925753497,2.3626895075854035,1
5.875422165513927,0.0546451336628373,2.0209368254513835,0
7.28129089409364,0.7997616047393841,1.9065775969801702,1
2.481150922657581,3.1581334397843994,2.9666042269818016,0
6.025320003112223,5.109607428247875,7.1698154936066665,1
3.9616261482572988,0.2923001977291184,1.1161192717075619,0
8.235953821268737,7.92706711894954,7.055558546745937,1
2.481893938724664,3.976172041046847,0.6209891390969091,0
7.368459414391481,7.567456652438166,3.080021867897745,1
1.0800896230709378,3.970053443158301,9.269429168990156,0
6.022007516633416,4.745552039979627,5.421801977805193,1
4.3894665237834225,2.008413912113991,4.345542864489912,0
5.821664849013239,2.8706745816598414,8.131980536648719,1
5.88843268086073,0.04164414952684492,5.356728903993186,0
3.835209043605544,6.154244936199914,5.315990697919128,1
1.3234505152359366,3.744414083988401,8.855522695852434,0
6.8296597181444,9.632908303966254,1.117103836088994,1
3.304637015928522,4.411784252146171,1.7549344930483202,0
4.03246719745666,5.035841790376654,0.5881708492506199,1
0.34346181752411997,5.838381192147648,0.019124992750692016,0
5.262493435882715,9.719053201464028,2.776871908567057,1
1.1927256226458438,3.850321152425784,8.957316578802528,0
3.857607828085814,7.550629762993979,2.408926486007096,1
1.2371947685893403,1.187983107753735,3.883923744699338,0
8.013400832518148,5.136050714319596,2.6457357252821523,1
5.336876767146185,0.3721173876743822,0.7636583448861844,0
8.563641546930324,3.883665743836091,1.3638310957520494,1
0.50052126998271,1.507116210748185,3.2409154481608713,0
7.147595785995911,4.0138452432518985,5.57680461247967,1
1.2997617301521636,1.6651256500435307,9.385758286307981,0
4.316094802063409,6.837961697353928,6.160786050642095,1
4.216465647504968,3.661834174802181,9.62192871735615,0
7.24054501854137,1.463064064373032,6.346878637070159,1
3.5648860973089636,1.4817550648629263,3.6155843997029335,0
3.7905121844842538,8.921933744019002,7.6881670550796555,1
2.096054832402711,3.3419545603103087,8.686236953526864,0
9.439368343562602,2.615096696880854,2.986958193542464,1
2.727528660351617,0.8104584883998078,5.2313448343087146,0
0.8103804851340035,8.821630113906977,3.1351902435461207,1
2.203476453005452,2.2843428917955344,8.795926146776333,0
3.880316122027433,7.398991449864876,6.1242022599816295,1
0.6356613347761308,2.85852057122004,8.321909869570886,0
7.3557376154879694,4.795301802436161,7.46696904678925,1
0.6947783737048796,1.3793288783969737,8.939139936480746,0
4.179240159232487,8.934402574858801,6.524306670756152,1
4.207443807857034,0.1958893968136144,9.225488329979084,0
3.277299919346998,6.714693517222457,4.502778605073386,1
0.005555779095476332,0.020727833086641168,0.9518529506851181,0
9.922086735935022,7.562111969570146,6.575045294744546,1
4.715141754117603,2.263446673259418,9.346759021580999,0
9.669922762368785,4.079280374806594,7.176470881467023,1
5.6671639956426905,7.730844762121828,3.6912087957261006,1
0.6656957084302884,2.7170627851808593,7.229995905169919,0
7.897210766107827,7.168932896115509,6.186398592072694,1
1.8129449152410693,1.8627528733416476,4.522833720103768,0
1.5794828277030015,0.9162160669659047,0.4325911343921085,0
5.232834326279229,8.729311136406364,9.15143389993215,1
5.120679689077718,1.241761048712785,1.8134114821227743,0
8.284725038852478,7.309151556259189,3.112256066760751,1
3.2680782717858934,1.8627680428651916,0.8057966378472903,0
8.226713282981848,2.9506321889819667,2.9620073989353135,1
6.188807664243564,0.27711703224094886,4.140865489537507,0
4.773894788193816,4.908244691473627,4.644269668255275,1
0.5171299081324354,7.2096607960979595,5.5326870468901905,0
2.4276461241581915,5.863231187034742,6.027696609333866,1
4.2333864436883815,1.295386735681766,8.180825280528937,0
2.3977755924919553,9.043828750927998,9.932618026207882,1
1.847876224138747,5.143248065649939,2.6441381581901213,0
4.20621564362068,7.766481475953057,7.5142927051726724,1
3.07193779835662,2.23260299421439,1.010709644127884,0
2.1365837796750675,6.67388288016584,1.6360229714256946,1
3.921891112861715,3.3607639778076583,6.5429517538980875,0
8.162884606595076,4.598687379408895,6.277892075255053,1
5.4181446187254085,1.5218286516463908,7.6788855856403035,0
5.705375342082145,5.693638846424244,8.054057096960705,1
3.9318314917745525,1.2042140514212962,4.679694695909848,0
0.13636640295713987,9.342229596716034,4.486857368647157,1
8.355545988902898,5.102805766329025,9.795347803042652,1
0.6899987623848913,1.7729050172633776,7.8911318998652416,0
8.192516652796927,2.8947522652633872,2.4652531070671104,1
0.0815323081900976,7.241872350269549,1.0018271506190013,0
9.714933923640201,7.406856156417824,8.44884147365601,1
6.144941761894225,1.0915180230524646,7.770140664026003,0
6.065266684447865,3.524762835022476,3.5037919281072893,1
0.16043592023713749,6.429138048707531,8.319383899310482,0
4.871884546227246,8.989644692162116,8.678885549552112,1
0.4610268744241153,6.760145386263735,3.817406117887309,0
2.2982527104802597,6.639520596357887,9.557477621508195,1
2.169257537748112,4.017142051523557,9.29852767063225,0
8.06596253119552,8.232368926613075,0.5890773050062437,1
3.628319364159073,1.742446802576224,8.5885036407626,0
2.1917067180406646,9.328905424921428,4.601862301153179,1
1.5151830941025946,2.637933247282472,1.0969421808655877,0
7.896733883234289,4.29845856212285,1.0890161124991882,1
0.539532089966317,4.847590051649037,0.057353051647641706,0
9.306743271283954,8.254983588133904,1.7972610181495552,1
5.650648671550236,2.2703121453061703,2.269199689882088,0
6.5561492818502645,5.048395706355123,3.4424106011078406,1
3.7162412974143355,1.5381813701889646,0.988306611576607,0
6.8694662769917425,9.390944687534319,2.431758825501358,1
5.060067977185568,2.2804810140275613,6.056903824343189,0
5.468825140720765,4.773906358935656,6.742572343246697,1
0.3279870510876881,7.571336688782257,3.723610510911853,0
1.7450782213019456,1.9921913068174901,9.638932241008026,0
6.235939980446582,7.826790891877419,9.588152634464674,1
0.4074629564715082,2.472305323647326,8.677857756990113,0
1.406506845700648,7.574448639618519,3.9269951935923606,1
3.0777461796607453,1.4220889584307683,2.642332666779763,0
2.543169191930803,8.689214811198642,0.9726083482504089,1
0.24992805392514916,1.9353894527148796,5.450108004086642,0
8.05646342612005,8.80478044024371,4.743032609192062,1
6.606977385393592,0.45951923567632225,3.609665191234103,0
3.699113341365382,7.932657576209515,5.411750431277982,1
2.595395332183761,0.4122672314768727,0.7447868721664652,0
3.039803133790425,8.83996771099611,7.685234965785819,1
2.9881537012778936,1.1373259037102779,6.52730393178103,0
4.467322208192477,4.607570011401879,0.7781003457059887,1
5.19307588234877,0.6831668703196769,2.558454714519298,0
3.824355712998125,6.5200854975195055,7.758801750278073,1
0.4659306559245713,6.578719347392452,3.8658191825279675,0
3.649519702495707,6.055611515768206,7.9747770588731095,1
4.879965138652996,1.4238422289502606,9.179824578669251,0
9.996298188494306,4.33838032529029,5.282190272397379,1
5.594873389020974,1.0297520863745269,0.7557315757712757,0
8.895073045882645,5.738679109573952,4.247075851622863,1
2.9624810214857655,2.559911536668821,3.2060024104686278,0
8.950240609632475,6.8048274573168275,2.6167408097179434,1
2.0852406740776908,3.9752070163610975,0.8369938760146223,0
1.6736376707637135,8.138911038039039,4.189909093995478,1
3.3566550600326406,2.043120436907222,6.584825112490154,0
5.631260645560122,3.475014647294117,4.3296120337942545,1
0.930846214743819,2.982266826285569,6.974473545941632,0
4.232307406750293,6.690279232414161,9.11961631820991,1
5.336375927974476,1.3214346075831174,6.579086937414781,0
7.684888341060155,2.6597924883096513,6.14127253534274,1
0.1766812871472112,3.511027648771601,8.90068002212879,0
8.809534457984574,0.5601016699116346,5.245170362635259,1
1.9669844746019405,3.3056485742339827,3.5319450225857665,0
3.601739011596318,8.3934287219792,3.2651739311405272,1
6.170744741780969,1.0769670380886676,3.8000338817748567,0
2.521320559836502,5.704870006404789,4.356248202977441,1
3.909784610610363,1.739810640694377,4.083919706767763,0
8.037298948125496,9.191734746766619,9.549089744279586,1
0.7662612819076209,6.787821222562062,7.663386812542714,0
6.54298603002045,4.894510646878501,7.491751576137529,1
3.9973360330165377,2.59862862570577,7.394013516230704,0
1.110636107179459,9.11538794964032,1.23638649420156,1
3.964081811537966,3.021641085072355,5.353493612553384,0
4.532661610670599,8.720579301340665,6.465662699668191,1
3.396840281699034,0.6935947881734505,6.83273255218237,0
1.483057487664623,8.668722471331794,6.777685128846801,1
4.520585003923968,0.22566199856297264,7.235418785456888,0
6.9479780061651315,1.3941686847532209,9.126708276768214,1
4.240611346451373,2.9986939326428863,6.787311198176594,0
4.745619730895438,6.911159740593714,9.538218295221462,1
1.7950631119802407,3.392444591582988,4.518649571797875,0
6.3419697162083235,8.520694494705134,3.600944653757512,1
0.5624195360607098,5.796815337241811,2.6671009578442106,0
1.7615887272909758,8.833119757260226,7.355918004010997,1
8.578824152471613,9.463425349481378,8.146778557216454,1
5.256466647543783,0.28776673366146643,5.263759207937325,0
1.2578253778935022,9.921493751904672,3.4895761056445798,1
2.704964902036618,2.230083766127382,4.704269700689293,0
3.1415308995830236,1.4138715181002826,8.806664256214919,0
2.340497099210068,9.544848405926999,5.0424510917250736,1
0.1764366021752728,8.289607271097584,7.588097244775483,1
6.945946142294991,0.10051095049009251,6.191545497622187,0
9.959256808048286,9.664374868727512,6.994652810457475,1
6.923464901831389,0.07696815051049244,8.083291489399986,0
3.112154150914539,9.482244224872767,2.112228087068239,1
2.8561617412947227,0.051779374402476375,9.411387174165895,0
5.131922622750805,9.836696928052776,9.38701599451469,1
0.48823369922449067,7.369859998063336,3.6152593883285977,0
6.938177361860436,0.636047058348338,9.296897181450717,0
7.403445980744681,5.459809803606536,6.943517396716953,1
3.6594882707700527,3.2048622766001476,7.674921167123783,0
7.075428517897078,5.6918753383446985,3.562782874664774,1
2.4672706536144497,4.289518465083294,2.872199363836404,0
1.0938133734684496,7.639134260833464,2.760572664988954,1
1.5906272077337125,1.9549612947626704,5.454705918631132,0
8.124202435093942,1.7149434846376266,8.68847625462278,1
4.684323577159095,1.9230556398391452,0.6100446240487212,0
3.0740902401029357,6.183583806740942,5.344451150178925,1
2.901355120469926,3.8142871456090877,5.565949299441422,0
4.532999305883434,4.749167578145906,4.892471203273022,1
2.661195056887038,0.09744767101932172,9.730121451600207,0
6.559232274255051,1.6967411754539774,1.5861320721741434,1
1.5989603632983884,2.474660418656758,0.09109677677361594,0
7.644362563398419,7.092281921510209,6.365164129382563,1
4.847710817385402,4.686196787762506,4.361308190873245,1
2.976889416651133,0.45960174303345314,6.863839530632325,0
6.679330391587107,3.39339455862941,7.9286553557644766,1
6.676575603059014,1.2418200038441785,7.682326576838866,0
7.748199150051168,6.772832771485501,9.563170370095573,1
1.2706007631232663,2.6622016429664908,5.130907673852859,0
8.76311923744063,3.5277143839402667,8.79429839492614,1
3.896041873488075,0.7647124848539988,3.4226045994812204,0
2.242235872843011,1.6906103253022609,4.421481669025727,0
1.1996352481335604,9.768554999513722,8.967442877002565,1
5.337220668244309,3.2454477928734606,8.31055821560528,1
0.8860538169118881,1.782615598491999,7.239659213393658,0
4.161401829740374,8.229096261244335,5.087436551676521,1
3.321101958240199,3.3761693185159656,2.352513043250025,0
2.0782515683145206,7.522941533278883,4.846524536994937,1
2.4928051582815125,2.19421544323523,1.6861685292747064,0
5.170289214336837,5.548533797143377,0.4133141037216137,1
1.625262298690161,1.6795732916510675,4.521317283184688,0
0.1393592533519905,8.718700828805341,3.0011921757867475,0
9.227298680006479,3.6962716575861068,7.822516429557755,1
3.927042860865515,1.3957485467829367,9.737482029615837,0
8.988218120610922,2.9593651618594663,9.9133853788656,1
0.7923956940279286,5.053976970593565,9.495754951293318,0
9.702421608100355,4.893213016670675,5.742000174305472,1
0.8985347695097634,2.8197106794961737,0.07408928217569444,0
4.085437182918743,9.738641489857793,8.667151973587131,1
6.97090090461705,2.2538169636883976,8.262536789888381,1
0.646779981130382,5.272036292891002,0.7815658261531933,0
9.251090370127283,6.972690569344788,4.635792533883915,1
3.6479993761210383,1.089648369391255,5.7059046301849525,0
5.969736511595323,9.98209315610713,7.635166081208553,1
2.067446434111706,2.388904087302046,4.214051795321874,0
1.6867225430542565,7.139787479901888,3.703414160883165,1
3.2964144220315825,0.8356328035501681,8.560389945567549,0
9.902304634200576,9.935103567170337,6.333340918554978,1
0.6806783740729294,2.73438301680251,2.4153712618419467,0
8.312133384379209,7.395754663881514,9.82077234828072,1
2.4022149229336467,3.0431175081972572,2.876978597537846,0
3.2773548705843005,7.289706851275404,1.4745194635456849,1
4.795642731428124,2.891884117074306,9.635946635112825,0
5.821145126679749,5.726811925845622,5.034380896664362,1
8.542050551346192,0.17368327482506496,4.927040013688696,0
1.3190038902371826,4.940535439306708,4.18500513215553,0
5.378801476969651,3.537609018060055,5.899473828645939,1
1.6480610645271532,0.1995919047410244,4.013494161834328,0
6.875240417966525,4.493231994166786,6.902550970750658,1
1.538785717719553,0.4484245381021268,1.3941121417703384,0
2.0267384358801843,7.789882055706547,5.456000266681248,1
6.560638610112953,0.7776162762912264,5.997571663781115,0
3.7592566703374986,6.58976477589932,4.6735277237611275,1
2.4235768437804994,8.298042086428215,0.9382214222812257,1
4.2026404340520065,1.0322637035462234,5.3853866339445,0
0.7081498639601025,5.807788945309099,3.0247449979899645,0
9.365213107178441,6.459812317232446,9.948961319250607,1
6.715249029053587,1.0641932774710894,2.0104457840412717,0
9.53766347041817,9.180252176349201,3.847142737436796,1
5.849773150486113,6.8809433403824025,4.87250765852415,1
0.4184716421767898,5.627753905050065,5.202504673025602,0
1.0735619647691408,5.9318141706588925,4.338824199748327,0
5.557016780306885,7.927685852755174,6.018898392695715,1
3.4003425582855042,1.6730242771330106,7.982293543563399,0
4.463921692738525,8.40275932305073,2.7032964313026575,1
5.022309225121288,2.1787918120480656,8.206278603305716,0
7.45279640007686,1.989086178136299,1.450316475526261,1
0.5784650771950128,0.08264431444185205,1.2417113705465777,0
5.745710831802173,7.879920191903941,7.244649828122545,1
6.117641414166486,4.555281078276806,1.3866944868563125,1
0.8094954339902694,0.288576756876322,0.17294319129428137,0
6.080814945258942,8.941112092025554,6.511255074991543,1
1.0741701721069152,0.8867938332559988,0.5110262672198251,0
9.214309850776504,5.928322739831387,0.06599734502312993,1
0.9737493500722272,3.99714895145428,7.1660791459894355,0
8.821681406824451,1.365198874501885,5.7395810525992275,1
5.131549727808254,1.7000870761934672,0.8717960730261842,0
5.7263564686088095,7.242245706737406,7.759544226745395,1
4.943577971004924,0.3696088161035982,1.0521426416787827,0
8.563099099329976,2.9027770669156547,4.108977080020795,1
3.2336575037212976,0.4624909727994575,9.380994552733302,0
8.652328227175033,6.616377178835624,3.7233062505255097,1
0.19204023223480693,1.0640872813477387,5.7594611861884,0
4.197905255083087,6.637210394289069,9.710926072267439,1
0.9507183510281558,5.8012415996045785,5.852970873997646,0
0.9269809224447345,4.619454460013655,8.962222818988717,0
4.700513540834075,8.420581134551522,6.007710261829844,1
2.531436779224008,1.7335399967339593,7.344123438877471,0
6.2312470193254,8.101319021588946,4.535370372567051,1
2.6942278983537573,4.846541209737603,1.5562464124867836,0
6.871595700790899,7.956894668501597,3.631122290792115,1
3.7028321149755983,0.3894126833090661,1.4548920034899249,0
8.104348035018004,3.994576126355759,1.1419206323523379,1
9.985315448225343,5.3466987793070455,9.658798506534986,1
0.4464631565396915,5.753938370317355,8.386082318233678,0
3.8065325678845974,3.7398282592219756,1.3055308357752804,0
8.620121487011955,7.005998175477879,8.415585397692615,1
2.179454153741487,1.7817551796349895,8.013792127692456,0
6.399893420204016,4.405645515620764,1.676760729570137,1
4.216561917742986,2.578110653552901,0.5688603423923921,0
6.00019015892098,7.384648266543216,5.986256744915361,1
8.676178266786916,9.476420394125624,4.955619001703356,1
1.1801351346662714,2.744397392224298,0.525033956478892,0
1.4285458889165414,6.4115603654889455,2.6717036880349507,0
6.201700447605839,5.204956222985575,8.576432936888,1
5.035158249536524,2.7429902550384755,1.737785621514496,0
5.168494031331154,9.340651388043842,4.735914656791587,1
7.48336169531163,6.236977894264928,3.3299310237238053,1
0.10355202807060149,6.397367723167946,3.832631876568122,0
1.056340204382028,2.1126594711018143,8.893001295478566,0
7.940623104815798,9.86262430180475,8.489368431620221,1
2.8179733461548873,1.85309398905385,2.1812683911066344,0
1.8971540460913938,6.3036913380470425,2.1702626538103207,1
4.611338297477366,1.6171000971908012,2.9090832568687928,0
8.166855533838799,9.98947357662663,2.1948512962059894,1
2.7545505963690053,4.205664305865074,5.925395531326286,0
7.756926085757,3.251474254058162,8.79091149261818,1
2.2290818515385844,4.4075653477212295,8.26498222915497,0
5.93761511231627,3.1126405526287595,7.031376251015098,1
5.817748194172419,4.50652728150293,9.542822690230524,1
4.574202435621509,1.6008257246607482,3.900966807090933,0
1.7328730242476131,6.856475493376611,9.554106617499944,0
6.949808860649883,2.428565557640745,1.1257138679449574,1
0.04185391374530334,6.242203040350013,2.7881987086031232,0
9.430999957777775,6.869541621617796,7.232246367101941,1
3.944824050405924,4.296158814840605,2.185159907799903,1
0.6873045746885731,7.022787616261215,3.396090697230454,0
1.419730107597016,7.9482926645677265,6.199177538915981,1
4.199190907545703,0.17220594115644916,0.301104573005897,0
0.3437483605346081,1.0379622744485928,1.0897339990761779,0
9.233351109372713,1.478369893094581,2.404995000883381,1
2.888929210643185,2.0758445488110033,3.7044572267711526,0
9.535029094262084,9.743764407665335,2.2842471858600044,1
3.560678204960298,1.8895512286439808,3.7661652293687897,0
7.369968293043873,6.923731281608325,4.135311306584331,1
0.08606865309978229,9.721337552804298,6.679302269593053,1
2.6689662831785665,0.4791229690740473,8.738405861075764,0
5.729120145871846,6.135846793688728,8.142730609572096,1
0.24779480851975677,6.050954613627937,7.196857707311029,0
9.051523969484402,6.9616028601935,0.8604032719975951,1
1.9918654983107753,1.1991442375533623,4.476990559634865,0
8.432181820947664,1.826701547720745,6.889750897782706,1
0.849008911444451,1.3265996649741973,3.898065887185538,0
4.194550233216198,5.738590820179636,8.227154397771288,1
3.392135297383032,1.2632068036848487,1.2047018643251084,0
0.43511395548216925,8.84293486602939,1.2295778322052653,1
2.2326032614218425,4.198281008927332,2.5377676068662214,0
9.914500368303456,2.5415059721524713,8.875465422283783,1
0.2556273683592569,5.018138149113264,7.782745046322742,0
4.343223361265558,4.141277011451459,4.516475698395278,0
9.255684455663292,2.8831533247373073,4.907143308146988,1
1.7560488097059912,1.8767120817103522,1.555160911824488,0
8.500507957102752,7.235493504146141,9.61951682779021,1
3.1859432190945194,1.3761299618768785,1.446089347334838,0
3.5523996893955734,7.355414372431768,4.443773826811187,1
2.96088167234261,0.7960585847718504,1.7675360380800642,0
4.290933997804855,5.055213020753455,5.491558034024844,1
0.4188611438372536,0.84756409417301,2.2042692623889906,0
3.998792640836685,5.974602535854514,8.186691656041438,1
3.6497777202413473,0.6355110104486161,6.865846595875391,0
9.462537754703071,1.7644223988803343,3.244723799576156,1
1.3000087532398752,3.545274441514461,6.562254717148019,0
9.61728477463104,5.766981465146452,9.676275951539846,1
2.027325088241815,0.24804704285420365,1.0392877535693212,0
5.534029257234824,2.5500303859770934,6.5633765413211345,1
0.6401512441274726,6.813430385993615,0.5419346696089378,0
8.633943007064335,5.7730480467479826,4.738634609434512,1
4.208901805599147,0.5144288814342202,3.1990652574374145,0
7.554409758538368,5.83318182127684,5.788765024191484,1
5.588337597142491,9.084036391184483,8.160275605768726,1
0.3304639966491074,6.8458240442254965,3.247495041798163,0
3.280986897158998,3.417574561433306,0.6066033859890152,0
6.779906896611486,5.7342094492760385,3.871589580795237,1
4.62266545051789,8.355247392313274,6.760980436995965,1
1.405499163976106,3.7086684451747676,6.558770920315188,0
0.13654907628946722,8.983863591784703,0.45423950610723907,1
0.6820571168201339,0.48746474814831076,4.645870737872255,0
2.668880000030218,7.361711595672727,7.03770944652195,1
5.223040144241321,0.8582557082872888,4.655244918945249,0
0.32302031952909704,7.009137388116712,2.114680932447631,0
3.816331353582454,5.73159684323242,1.5173992143486525,1
1.7776348521362095,3.859912139469528,9.985735882577826,0
4.888909100181877,6.356410597142483,2.4365990432365416,1
2.8800438424022987,1.3778654050422845,8.813431627329866,0
5.797430785372865,9.864575138719848,8.385841545709766,1
2.0673176837836382,0.2775726112348753,1.1467832907631903,0
8.606567446724508,8.70356613837259,8.955477442005739,1
0.7815292844667565,4.913777656300771,9.21309083820839,0
6.357444715043867,4.72448442106288,5.310584256710862,1
4.049510102257386,5.051922924832896,4.624658465146137,1
4.361052882916198,1.0519887162461683,4.893874873128868,0
2.2044512536402836,9.170771161878482,4.791651602795097,1
4.839597567069766,1.3685264396918473,2.396329025242878,0
3.7511246733299863,1.10876371615802,7.938483782175364,0
0.15811182261112222,8.922912338619954,1.2719150508116894,1
4.413202208611273,4.355133231949989,0.561679750664229,1
1.1910554000617268,3.2223543261724674,5.588487521078667,0
8.123631731858229,4.226227599901784,9.428334253979044,1
1.0761379680352268,1.6018759004580463,3.2764825996772973,0
7.810592925361991,2.3782795996125685,5.323127036055175,1
7.822933361080996,0.04648870307017772,1.4477624910881892,0
5.822273329557099,5.455418781622248,3.5948960187172663,1
2.9328659614961605,1.8113819223713779,9.92535471661543,0
5.076754512491784,3.7119247334605276,9.83049912028707,1
2.2477673923437713,3.0545461036356403,1.5136856971318302,0
3.6478919569550614,5.88368835250094,0.42849251463431215,1
5.5704850714211585,1.4797801266025112,8.263075142134188,0
6.715039819514428,3.4604879094007392,0.9937110662089221,1
3.370044448336982,1.3593971074208555,7.325069285635531,0
7.015596222937618,0.6220616047968186,8.461355210206602,0
4.191849808696402,6.642355233108227,9.835995982262025,1
1.8748066389165807,6.953638757239803,4.645853045546906,1
4.32986085363318,2.6585721660504866,3.332082540970994,0
8.383888033265062,8.316586622904353,9.223898569622671,1
1.9995024352480173,3.1819596942178197,6.22153176068054,0
5.9652121931866775,4.2120325104131195,4.414390252852261,1
0.6858752703028215,6.825530385088987,2.3670812971640576,0
2.7750906117478324,5.88085953548652,1.1469084014502628,1
0.11401719816639289,2.435413396981522,9.23536754368962,0
4.968484479187538,0.22641852440005716,0.14367128514564675,0
3.401792167778339,7.791527611313224,1.4693730348331069,1
0.2774344424622166,7.064258223447287,1.5456571495339344,0
5.593651663341449,5.9327745866205195,9.683860715669548,1
3.0344211303578894,4.693223486822422,8.506890210953603,0
8.872496731880448,3.4667748686989253,6.036336050036432,1
1.5118441735823063,1.707831751663429,0.1804662882436303,0
8.203556642450705,1.9154195543188945,1.293756570147867,1
3.867909355473167,2.5798461427203287,3.6333730500488315,0
9.644266999650503,2.2069760830359577,8.281513624880816,1
2.5970673492782037,2.59005739269257,6.426785747918842,0
6.684068890325333,9.324944954865881,9.357305447575477,1
5.510261809879401,1.7128610765910368,7.1759304478868025,0
5.802609630956064,8.824674169406052,8.222833925584123,1
0.9449283564870703,5.281860689659643,7.321362424555379,0
4.496105979006442,6.1354280699510655,5.497762776651552,1
4.7410533849119645,2.6889897013281905,4.391077716178159,0
7.647381196529997,1.114358899769069,9.965526957484132,1
2.275150824682303,6.807017225898132,0.5135733198665093,1
4.630340000119395,2.8710796697598386,1.8060919341183757,0
6.132942427693772,8.828660024723153,1.9842929552132094,1
1.2422803814527172,5.218048097879544,2.5519424317104056,0
6.617804589637839,2.1049688820610877,6.070463624936233,1
3.6652394584823664,3.5202402765520713,0.2823255340158426,0
3.9512482955932926,9.181517956648413,0.6897743324228911,1
1.4995889797745587,4.271872217527877,4.148970761809463,0
8.36537149154935,9.871541211291762,9.095251706491233,1
3.66178490687234,2.4233372198289227,6.122222072541373,0
6.649695423790456,2.1847626333104997,1.8612908973140918,1
0.7511313323392288,1.3898847580090812,9.761169375521394,0
2.6808883331067754,6.454665437884097,4.750903176145443,1
2.9711228400291745,0.24087403736345991,2.317326941934721,0
3.780370273243343,6.983190803107694,3.942560948239139,1
2.171139745339982,1.1721582599971692,6.546113033198372,0
9.493117137637071,1.800218251503396,4.143696365711796,1
0.39859211452232257,7.50737157876771,0.1360998735972052,0
0.4775741890546137,6.453968113318279,9.96900124434821,0
8.500097039686107,6.373774120673997,8.343735635386619,1
9.289236370296713,1.894457679040017,9.94691644789922,1
1.706913072802242,6.171591227084722,4.581248247605051,0
9.540426888202399,3.8512150931464695,3.891916879594133,1
5.539088293125586,1.600004496429841,6.372756987324593,0
4.8241160570701735,5.6143757703290404,2.1912920859832,1
0.32420260144212953,7.14415754463292,3.3906527637158668,0
6.497507423210418,7.286053221367767,7.622408430613862,1
3.157549676113222,3.917702685180582,1.17162489434521,0
3.4151193837234817,9.879368739390507,4.665021234837407,1
5.051331546390621,0.47153976338057735,9.82310725052924,0
1.9137042921828717,2.1825444549855666,4.1964571698808815,0
9.01458802144296,3.1181319787153705,9.477801179635716,1
0.21456361316342876,8.123780072095151,4.091476970764782,1
2.2114699650773826,3.52650133638401,3.883384002570857,0
4.817156047695837,9.130185284991722,5.9119625508535645,1
4.248087725760904,0.3404194520985748,0.026729543892343166,0
8.060309105794047,6.994899248093526,7.788762147868759,1
2.428461782381839,4.011379070261333,3.6688194462492376,0
3.514863350479783,8.103861383261693,0.4541276039805331,1
1.9813709430780901,1.682281819112661,7.3236865344608315,0
7.069787795901211,5.143766074225664,3.484356433477612,1
0.27820021246686366,3.841978457456856,8.562276861626458,0
3.7453388519036324,1.163591520335182,5.380315856203687,0
9.331022202871912,7.047986358992494,0.8893782931461913,1
1.5687717045853677,3.3361070982842946,7.307348625458977,0
7.966519951551485,0.3631269886406929,9.407462575008864,1
0.07460388787970396,0.35815240828285244,8.675997341531437,0
5.1392543132235655,5.250406694511441,7.872643868180935,1
2.3280735182287513,0.8258493314982907,9.87566384159013,0
9.262296052106844,4.2097997871865,5.522342372023829,1
2.801093272105586,3.146511891200986,9.957244099163388,0
3.2062084585177706,7.9358894727698015,6.222762249036929,1
4.3285563800369955,2.8571359810252597,9.46065626590611,0
5.785216064957119,9.832648712100234,8.039442350323956,1
2.5920656825076693,4.346052578312065,0.49718524320791047,0
7.778347643476243,4.5224256438257,6.343484873268085,1
0.15436913341636105,0.9398786190104547,0.7177485811372453,0
4.925131207806118,5.106841769934123,5.538824210925584,1
2.401209348752067,3.6644200543792516,9.88642756073122,0
6.267005634424243,7.259587461409751,3.0950267566683323,1
0.01248090765287091,3.741164813435256,7.535394257924445,0
6.0156982667527075,7.837177688511828,7.355431334809945,1
2.394250505784851,3.0783604768223793,5.833140805883751,0
7.922199558505273,7.423469047593597,6.33788507903637,1
9.198664615663402,1.196528611366744,6.295073778794748,1
3.8036087575005526,3.17872684787472,3.3901538454647087,0
2.1693313377082326,0.6463978497766931,7.711623953705572,0
9.191097318529,9.735857363066984,1.6910397249272102,1
1.5428518251466539,0.9889137734798181,2.528452466211666,0
9.158465294858196,0.9030680162708393,4.04893574210785,1
5.950395300531142,5.583670525262833,9.435957862882528,1
7.062610025529605,1.532725061718918,5.361829598219739,0
4.185688306564598,2.631470580599955,4.139389762610236,0
9.616120452272591,7.435312420329262,4.026877978324801,1
9.914624441570133,8.241526762112112,5.108946129915429,1
2.777838725368582,4.298671426273347,0.945532289456652,0
9.60819091248159,6.36286236460338,2.2037185414852853,1
1.2370971745016268,5.043651666024806,6.90128455198051,0
8.054077632371916,0.330532853709643,2.6502870901071884,0
5.562134557082203,3.513325398050844,7.43062410939719,1
6.9907772265549015,5.264503493848652,2.82400222318532,1
3.802004705735108,3.3017757074680243,9.17521270491455,0
4.237237016649167,2.3877460126221584,2.076784884991806,0
3.872765410159802,9.537937034484504,8.393840747427525,1
5.805714901825299,6.683587716584473,0.8856942867010731,1
1.4480967563925329,3.7196835307679788,0.9799609385064811,0
7.3796983716239986,8.90209279247045,1.3231004627317577,1
2.1378729760881656,3.9572566799805706,8.826165805860857,0
2.7729088053790707,0.4658624632533115,6.773599648927874,0
7.474118891592006,6.800849198874336,7.920343186843742,1
1.5544895894609567,0.5102604385587317,5.2707994159410525,0
3.0212087839973467,9.09053169390514,0.5939922514657325,1
1.011866227453554,2.6571503069275293,5.452060032258985,0
5.084981069652882,6.089893480664081,6.976037017091201,1
0.2440609824327844,2.235802110718769,7.452885691435127,0
9.444050887668256,5.156819676095332,5.934992804862853,1
1.4108650464213068,0.5493495891308009,1.7709975872337058,0
9.900832314970353,6.272476964408322,5.405669104741586,1
8.699305041312043,3.636369315822392,6.759867758482576,1
0.6853523281952456,0.1977943372875146,4.922136966900194,0
9.904354705232697,8.50724222772117,3.347345725069265,1
4.925187449411993,1.331575410085467,4.9539057282483165,0
0.9128894897128148,1.4640855434414513,4.686256699522021,0
1.8810681267464524,7.569121392088767,4.242583515776327,1
7.0645969630270855,3.168509655708993,7.205474162936638,1
4.629672599636139,2.2233238958551214,2.6742592986831393,0
8.941525039624686,5.250900047452226,6.733317703515884,1
0.7384698185639904,6.381836081507382,4.564925885618533,0
6.009790533518855,3.2228483406087483,8.927825582753435,1
0.8234759968370886,5.624970937245648,3.840412246505349,0
9.76899740527569,1.9480777722572185,6.868572280885559,1
4.38740356943669,1.8184611681962792,0.49188106560423606,0
5.320321288043926,4.651463909877811,1.8887082407605205,1
6.940700252652723,0.34964521455384645,6.065323278431936,0
9.354551346281188,1.9112390703477866,0.5854766468097228,1
1.172328676986738,1.7410384432819215,8.527476005189097,0
7.992423788512774,9.55156407092463,1.708032497375842,1
1.4706224522301947,6.923015659126675,8.411554854198776,0
8.638585379737973,1.3858200982390179,8.42422431144014,1
3.415764385343696,3.553588886976753,5.375419434499084,0
9.978097483205076,0.7567631776012007,1.0207755814393293,1
5.474600456661573,2.515249044161323,5.976841676935194,0
4.996572369155146,5.2999713575089835,7.323449444517132,1
6.851053283630226,0.7912222127186908,0.8493506591451927,0
2.1876192179018252,8.177915458082198,8.308889746123945,1
2.921331855871826,3.383290940760576,8.11293516282207,0
3.10666220151529,4.642174069209709,6.92098125021793,0
3.56484891120068,5.441461908345525,7.231686275093619,1
6.191357570469567,9.669342950684115,2.4593774895354503,1
0.7959969782910137,3.472203853263356,5.245235111588848,0
4.035554552029115,5.667908187308475,1.7332632147438654,1
3.5632451829001823,0.8878921209361001,8.545073652163705,0
2.8447511327338084,9.53461832588147,9.419057941023114,1
0.9036305278858803,1.3138494274890689,1.0475292247412316,0
6.3384250695530975,1.246538703646628,0.7699636213996852,0
2.1710568165924506,8.699978924438668,9.865481844170073,1
5.3629726809093,1.1237363040977233,0.5340411799323386,0
9.324979562062914,9.431660960113668,5.9586456217047985,1
0.2023637640018272,5.737881806375346,8.107922125890246,0
8.31548946729238,5.563396200516793,2.237164561356849,1
6.0492223792583975,0.5370919142303598,1.6514200575637794,0
8.941458528511586,4.473941715764784,2.5207004510002227,1
7.694498183696461,8.313040158570683,7.32719437170733,1
2.091262336131867,5.7516264082657385,1.4800987621964645,0
0.5090507544434464,0.7808318118558921,6.759029888764943,0
7.434529780445999,8.552599480145119,2.573565587817024,1
2.3613113706897506,8.588702404474798,1.7321614942311658,1
2.6554651586767966,1.080943762595683,9.357755490669094,0
3.2070439414147875,2.392663683541855,7.5705613496383855,0
7.015183688901745,3.812898486551528,2.3941680035230775,1
6.312392726977879,7.5737196425535505,8.769057097132759,1
2.5861871231484255,5.1522068512204156,1.106274655411389,0
4.351093330859143,5.835462932386726,8.60781170339473,1
3.623636171282121,2.045262408128937,7.190232390468815,0
5.154085124204308,9.850425335076139,0.9707148689680845,1
0.8671150249998616,6.3804153850138405,5.722555374939791,0
9.402980981393194,6.8430151052919115,1.9119465997378216,1
0.797351964088262,1.4498710353765332,0.879080178282371,0
5.274381638083211,6.319072567222381,8.144090027616231,1
1.7358379160693238,4.697759912075561,8.495906773388318,0
2.808986269251168,1.098380699437621,6.202814857840403,0
8.181977145511915,6.601521211221373,0.2227097501733999,1
2.4777506397668447,4.550238357200729,3.2705936879561817,0
4.244351416393473,4.231443913164565,7.092327784042829,1
8.818008607019511,2.3462250980713453,5.671604865305273,1
2.601618258575449,2.1339833241540864,7.529780345766982,0
4.214053429404164,3.7790697970210685,0.08082157409091573,0
3.088780603323121,9.486376306935645,0.967725257450005,1
7.099721106259756,9.293705886896038,8.464428085825697,1
2.4160310644792538,0.4932946467989807,5.7078619387632346,0
4.0602076320369695,7.629765276366742,3.3893007573276956,1
0.627965148439219,1.9115191017580713,4.566021397648152,0
3.6849812335412646,9.359101222930711,1.941023881256707,1
3.486933548922088,3.292291867948014,3.108049370718049,0
2.1016272368751165,6.181773924905761,5.844577060607707,1
5.21481563600613,2.5756881330606363,5.676128916463275,0
8.846299526399566,1.3832723276908732,5.282055187850792,1
3.354986986362908,1.707083191451133,3.293305204608703,0
4.4714174342891555,0.7126530945195275,5.529835695579509,0
4.968222238885338,8.900837631948972,8.287190290321819,1
9.747983283505777,4.320211955089082,2.100151591560373,1
4.207452825091903,2.4692117974035463,0.630569330330798,0
6.851990939484496,2.3838368064311344,3.919519043280557,1
5.561250698206384,1.9479647431511693,1.0528352030742194,0
4.3416082685322905,7.610393566618145,7.565786044725035,1
5.485602319691955,1.472581810453868,8.549269790353888,0
0.28708757207227764,0.7222130587268882,2.789338233324962,0
6.911383942691712,5.7425513731393165,4.0494793064524215,1
1.0282856527863637,3.677009966159069,0.632849381218068,0
2.666117698157132,9.633322985399055,8.091473343451032,1
6.724885720982084,0.5078403864967962,0.15489096240324907,0
3.986135724459924,8.989042453498232,8.55729684526122,1
4.967657364808536,4.179367897505392,3.7378345837170315,1
7.106108003124687,0.7188660398463542,1.69394550475517,0
4.451522726581986,3.7055603670345336,7.0240323573908,1
4.251889489319874,1.7303646058825606,2.75745892472425,0
8.718627516786205,3.7039858017387273,0.2756121752667895,1
0.1236294438735519,2.6973276815929212,4.412055213465904,0
1.0652189998823525,3.1705770600664707,8.93813580451429,0
4.854886089779412,9.962934564487059,0.26515338804126043,1
3.176486823233813,4.400650194613033,9.053088578911094,0
7.669880152699164,9.355216868182346,5.225990528920868,1
3.6087807935958405,1.4534969777472528,9.807789772658445,0
4.398967509363252,7.386143103043157,8.451463755799082,1
6.095761038512924,8.727677844171724,8.609697197403513,1
0.4524016655266383,0.24511295155192014,1.583863184557135,0
2.9001098061904096,6.993507382867538,3.423941599264907,1
3.563794450715224,2.643549636866409,0.9152404464373554,0
7.7056324779337215,3.170980525692385,5.185274883028922,1
0.544213435794686,0.3812666510407092,6.7124575424055335,0
9.650127937145182,2.3234840898475384,9.53166768785868,1
4.4779843558255115,3.3282416353626596,6.551360268239966,0
5.26347490210939,2.059249638112255,5.751979766702398,0
8.167094357082995,2.29368263875683,2.6299796446494073,1
1.5039022688661075,4.223285867492681,5.237566490581177,0
5.672605431870106,8.942527535900322,4.442261943652999,1
4.860868632189963,4.188372559851075,9.616480094993623,1
1.0653112403497678,6.592376219400386,1.7183884694941975,0
3.2342016900696513,9.173095803224172,2.9472198794511364,1
2.4085558316642475,2.8927917241057854,6.44710047721618,0
0.6321074664218607,1.6084792023791594,9.441136752407157,0
4.42201865249348,7.465288940775308,6.693439898831498,1
0.8406125591646818,6.2314608311322415,9.397655278735417,0
6.513932170831999,7.128254016427365,2.3698531399542744,1
1.3581427110158806,0.6836443355548116,7.611425788852512,0
4.906367236341868,9.930462517811959,3.995849708069732,1
6.82980754408391,9.433454306410866,8.322997970572795,1
3.6372206640815175,1.253401213193106,0.39908243689736334,0
2.1974880672312302,5.099423205553411,0.014788321056481424,0
5.462078395938371,8.153279270837466,1.0366235173598626,1
7.825037757076128,4.406338349716753,0.5401718415593482,1
3.4139475580076653,1.8601273658528394,1.4692996334045172,0
2.277667020320946,5.644456504395151,6.75182844927302,0
1.3810018820927727,7.274531336810065,1.992285511576345,1
0.13187514249579757,2.7000524463416484,1.457751013074493,0
7.103651536355374,3.2921248883761667,1.7748378738922188,1
4.08639063079133,0.8743797852605772,7.81033217807183,0
6.22045085681846,6.7631496173311,2.0971925577666672,1
7.149073738637411,4.997238294683309,7.117070886044445,1
3.3952537950884065,2.9647854156713183,1.6071473829302974,0
7.519656438369583,0.9442493551130238,3.15622179704107,0
7.0644507595322725,2.289503513003446,2.507145360785761,1
4.575237393195843,7.83385911281373,6.165179703367135,1
4.7493052505554365,0.12344306978460118,0.1625673982231457,0
3.2057727333415875,6.4213494730564555,1.1164905274787518,1
0.6510630866714184,0.5468360320362031,3.900914049843464,0
6.33358016127384,3.6824596047417266,9.650157222316155,1
0.5343489182351435,8.333053896635933,7.77497253245366,0
0.3921598662230541,1.3294999115652362,8.970253813806144,0
7.635704806261556,1.7119216412531735,4.617558989289012,1
8.892558433345716,0.01826130556247252,8.365230697030798,1
1.5165210187307931,2.658031935120695,8.100913181661289,0
8.14640078626442,3.353430535623546,0.596214476296143,1
4.864333418790777,2.0843038957237936,1.554013102750632,0
1.2097164033953889,8.6267517039494,3.016859804999683,1
5.9192936464756505,1.7682578531954252,5.716979552433823,0
2.6090697511009253,4.6421029012420245,1.7377702076231583,0
7.945236849057169,9.457695738778236,0.5261270373113436,1
2.2412992783444485,2.177357315759507,2.784271717337674,0
7.004393548620453,9.347461341773583,8.473105711170977,1
5.80827639862734,0.9529566297663983,7.686795311043801,0
8.264982049542416,4.171474047253511,7.563581472347264,1
3.497990153077253,0.19868305665552088,5.882450587497402,0
9.423829931731714,5.133939665336824,1.6851241821455831,1
6.216281126782379,3.6089745015230736,0.1190793974781712,1
1.760366013262824,5.075647901110546,1.711583470363659,0
2.3527283359437954,0.09219328058432508,2.4357285727037237,0
3.6311872457792993,9.686055846431321,5.13160408979858,1
9.752380359977044,5.024878066741946,7.097467706221044,1
1.4378192923636635,4.5553179008830424,2.5379508695199116,0
7.050049012332411,0.7587635545028804,3.2988934867608224,0
8.25831882885931,6.779146941580176,7.791322996938508,1
2.8199932786236204,9.738595696331874,4.0158983168414695,1
5.803166072079523,2.0289879960561152,5.079359235063913,0
6.46188915293372,3.1006479792420985,9.474774161310147,1
5.690484275618094,0.9632623277108265,0.6376887464313674,0
4.6899924447573085,0.581277617999737,4.911527974146228,0
8.289316384083051,6.835014082133925,0.7340315420916665,1
2.1636098388011105,4.354659426715532,0.8867565659475307,0
8.6736925598463,6.941618432733595,3.1239905715814373,1
7.592110066968994,4.142817303370081,6.019875173965831,1
2.7622282473244333,1.9047120597572442,4.211658221792809,0
9.323833737751633,2.327644367052708,2.564352588908428,1
0.07321193062470477,3.61826578025481,3.558917836606481,0
1.0983922045337469,8.534330106715341,0.30509814752692654,1
2.9875229070787257,4.572368641558499,4.668517274879548,0
2.4855815689448946,9.019478699563248,6.516637315618915,1
2.546809886905063,5.255311411855908,2.090686060575382,0
0.338723044214172,6.777911015853622,5.624926556346265,0
8.462431184116298,9.964536060311632,2.5082707742496724,1
0.5002483078418241,5.76350901041102,2.599774872367142,0
9.818597015277742,0.5692331371776449,8.629404538914876,1
9.077688697927664,6.725328324168891,0.675521087733143,1
0.8806870896605123,6.069091692721969,8.715792727579975,0
8.357419979648983,4.196498880940957,3.3266747528850695,1
0.42472589536304395,3.539593522601645,9.603256228215756,0
5.0411908913586645,2.994093237276656,2.777931990861773,0
4.1400170927984545,7.859717323758218,5.770009661178443,1
1.2652139988130306,2.929046073593163,3.9389783166927748,0
7.028789747822403,4.961247529831134,4.84412119533331,1
2.516239773884663,5.732533139397797,1.5878007029930075,0
6.644574283732412,4.00914649909789,5.978316952227588,1
2.3836179230320385,8.0110883625698,1.924025465696455,1
1.9095911127120613,1.5008302818837993,2.6469380139399745,0
8.895067667325874,5.477698481523971,6.782658115337706,1
1.7377486921363072,1.444543568722334,9.572954778924196,0
2.935276534542093,1.8854234890941202,0.43449400147844597,0
8.987629824347165,3.105376450257941,2.919006841959233,1
1.573843424488529,2.196123547874241,4.462650599307708,0
8.107887658154258,6.512949532674436,5.775625899356312,1
2.20278896367733,5.291816182652731,8.716896517566207,0
2.2706440766797487,7.406020086406974,9.23241764883331,1
0.6416655948454719,8.990922500747619,5.0673266164302735,1
4.534001710892493,3.6637847248724755,3.12678159833378,0
9.267886931820778,3.273346407529613,9.604632957236044,1
7.570695374974279,0.04762602783208392,0.7818463134065368,0
9.186236595155844,5.273395830888412,8.57423648532928,1
1.8877120363207012,1.478394122229757,4.713589516050424,0
8.091992012875437,5.360473370162674,7.083874398348708,1
2.928558096003937,0.10557846530042436,7.195017936059756,0
5.142163780856556,0.4754522461540833,1.5000978071834636,0
7.266287304829952,4.639484517867052,2.368719906126767,1
6.822309477222444,1.3318724959161277,9.250194699422735,0
6.6827573592330065,5.531493956324801,1.6863225700455131,1
3.2361074676678,2.03829075908879,3.6690071825250414,0
6.778556700364934,5.929734808966729,2.2458889547854923,1
0.5701000962245095,6.021548232312652,4.391830016741514,0
2.673704622686647,7.657632197991489,5.648242223293105,1
7.327422040482157,1.3725226691248094,0.7591779555287137,0
9.779981795136145,9.317782787984278,7.125124135408337,1
7.439663549848328,1.2108257010247614,7.146363622812569,1
3.693802150055774,0.3554869045710851,1.8279415794803133,0
2.5406261009550635,2.9916720415775053,2.9919135350842616,0
8.698326032600258,8.291777962985469,0.10843116869526548,1
3.0782048346033153,1.4081292469517925,3.435063203093626,0
1.7423071548586522,8.790552622917016,2.9385232764919933,1
9.132746508084185,2.3540912101660414,3.9244351427929267,1
2.750215916353105,1.8918382651308585,4.988773299369225,0
4.615996909685701,3.971471861771436,2.1391151399729202,0
5.8398917886799975,8.41105337642917,1.824433265037374,1
3.69274093621398,0.13503729566302525,6.524370041294999,0
9.124779364153587,9.406335284230789,5.268027467385984,1
0.4789139776711382,5.905896756970773,0.3246425181347623,0
3.8225484454016345,5.037891049677816,1.3701868714378285,1
4.610260645859797,1.834613106635271,8.77735402895501,0
9.785725312242056,3.4106672095495263,7.903209829413221,1
7.134375842046808,4.307650701433615,0.1336143105949683,1
4.248701098973047,2.792722475147067,8.853227465477634,0
4.2840060143867795,3.750649296018811,9.053352783154976,1
4.745123122124165,0.6211580384006965,4.647041017205693,0
8.281796650821951,9.577579668503178,6.1700400371844255,1
3.318996257640036,5.338253657744049,0.36866495216404505,0
8.611924312357765,1.752741282375122,8.904983020463602,1
5.923764125372351,1.8735714944144943,0.8021372733371201,0
2.802426459250621,2.0956789024904046,9.64383033487013,0
4.7699626108771085,6.03196585696316,4.63482409110731,1
8.507794294668665,8.316182453996761,2.2125976068509856,1
4.416679735421559,3.3163854370851897,6.69702196194942,0
2.2965518707539925,6.0425626979194105,6.257938407831309,0
4.942424908411459,7.16256369860366,3.2975687999887295,1
3.124539075445475,2.6551139733022677,9.267591872599061,0
7.951977466008179,5.160590376347369,6.542161524772798,1
5.828878933913041,6.108458513568076,3.251098475042392,1
7.309409145002479,0.8330614201009878,3.9314658050189886,0
2.1825501035723613,4.081223753189129,0.9845171298888955,0
9.92645316610101,7.517334300495354,5.864517670590962,1
4.442737555872444,3.17609875059794,5.946941702696087,0
9.36041861186775,8.054805851412066,7.556281718375163,1
1.48605050431592,3.420227238383504,0.9836223150464607,0
7.385021557714766,4.730162501367744,5.69489882510684,1
3.3623584636747603,3.1915316862415044,4.221866964739379,0
7.281049508430635,5.142380691529852,3.0728032026363916,1
7.965903465869163,2.6776348107228944,7.708121812488869,1
4.799694598620084,1.537416299845762,2.2176996191394514,0
0.4102206257683183,7.096461955538217,2.5737388370125505,0
3.6070067789874583,7.97310036836251,8.293524471016713,1
8.943746081991042,2.7651819831644664,7.896183426321817,1
4.240152957604211,0.5067216358387505,2.3128555759194738,0
1.5448181110625792,0.6985569834387473,0.2758757303506387,0
6.585460172412093,6.04412887547454,6.919135405492741,1
5.6837413913555075,7.612161687718256,4.917764539458056,1
4.159263324391712,1.8783720846595642,0.9613168402574546,0
4.2108432980390775,9.67793241876514,0.8038562451403963,1
1.7692934986819664,3.377594953048905,8.925911985976146,0
4.278376062405133,2.130463808418488,8.830274234603364,0
2.7992982823063075,6.079424462574864,3.9565019512905786,1
6.769115767175552,3.1185764183211226,4.886257462125066,1
3.8606333260026036,0.7626568111446674,5.09498157799608,0
3.3022101831011232,7.232985871622361,9.655560633269546,1
3.836811049619282,1.2758901168706704,8.610384745805435,0
6.5285087665969,1.294877559319445,3.0553182345979235,0
9.959812296612384,8.122359302789325,4.678448211314934,1
4.937904572286872,4.439525579844387,5.394034285438795,1
3.159437675390028,1.458390997223027,2.056233531275594,0
0.8398138917035325,8.609729747767503,1.0578892713841348,1
0.7623475623557463,6.171185909583118,5.570790678317897,0
4.5113095356671185,9.93811617903573,9.126906587432481,1
5.081792445989498,2.6120799633064875,7.570269353864281,0
2.5933001409581378,6.194992211727289,6.114703470271241,0
8.904236151133874,8.06295275155936,0.4988450456585336,1
6.952417379992878,1.0616402914443557,1.9281976680968016,1
4.938578329948026,2.338150245154976,6.483614151498433,0
4.310772180007109,6.404564688770709,4.098492444564474,1
1.7764839037205749,4.040216655863046,9.814126719398645,0
5.790733572916588,0.7141528797429197,0.637572254173373,0
9.864685656703013,6.160009197982257,4.914331217598039,1
0.7209393505641559,4.543008656892445,4.290872729394567,0
6.538990562306179,4.836439504248013,5.4712686265087775,1
8.89417050343521,1.8658072661167724,2.79526686867406,1
2.428606764399829,3.2506234800981937,3.4269568071229783,0
9.084965354688933,8.50364216359804,9.295205051982757,1
6.070072231083202,1.8597050845901097,6.475659866621796,0
8.197791332607139,8.6199559065073,9.886556675306796,1
5.57091266542715,1.607769848867442,3.6365806744251286,0
4.583011002753787,7.416774483076262,9.006928092142841,1
1.387678505307307,2.943615582326218,0.9513738093817292,0
3.428057962346003,1.7712812358483576,7.782288908816439,0
8.26285934943795,3.575649074221979,5.412279203627643,1
6.057275765503968,1.507390611376127,7.581729302375802,0
1.7206614523610886,7.411598505124787,6.744150512662969,1
5.880520997456134,2.031706936740003,1.6988194399163348,0
3.520878914988279,7.826286905342599,7.553219438508323,1
9.291339654009017,3.01693494395074,9.581850122343855,1
0.7372788268427966,6.610346248126062,4.980793868199822,0
1.4166194845981483,6.942116329750157,2.5963691046186366,1
1.9004483645371373,1.2699396897448012,9.377867344611396,0
3.5371576868380936,6.993750395706224,7.044841133537634,1
0.141442686480866,2.127612506568901,4.491198986010824,0
6.919530010983712,2.8644927975314083,3.0645577688512846,1
1.1977931744002823,7.224154673762674,8.190441790046355,0
3.0066758480682565,1.665908256723977,2.2139701037221524,0
5.3062736563924044,9.640663780031426,7.3322058686735305,1
5.853800366487674,6.359406366025917,1.3094877993599419,1
5.182969733308463,3.7678523283918297,6.79901398096032,0
3.1945500150874038,9.139152364817798,4.939329988338546,1
4.873756150732635,2.986007846223578,9.976737088289797,0
9.439496278462892,5.285408082718831,5.978634865302425,1
5.937966320882663,1.547721114461429,3.0042673341052426,0
6.201773608991518,3.522258688753752,1.1970754238204706,1
2.610962570088761,0.3700112869757599,7.402553035084535,0
9.290800448269001,6.849279607404216,1.6121394521985744,1
5.399241040674795,0.7073001936062462,0.9179072328580962,0
4.738918763287084,0.44099323097742005,4.987191310678068,0
1.888834672583637,9.008736667861779,2.9432860929765035,1
7.585128079591174,7.102419041846736,0.16507077179766516,1
4.114401685342235,2.5837655498568504,1.3172345885085668,0
0.24465481809335277,8.364264171782194,6.6178921816528105,0
1.8849526938851746,9.39402524849896,8.142903014566924,1
0.18635203225967678,0.35554636928174066,9.92117750001577,0
7.616530235576211,5.811431546250109,9.055892093122592,1
1.4583125032491617,2.9706854429000207,9.792819835462163,0
6.728186899884321,9.231505115935105,0.9301775326816175,1
6.679841828500451,7.418216277604044,9.388504232714213,1
3.0616101378772864,1.505691329608435,4.480821271475415,0
8.08042860687997,3.9652949305531084,8.905487181504304,1
4.059353150557965,4.939915478101671,6.544448065092437,0
0.46880346552559016,3.6783401563796225,9.503350199472514,0
5.085173110868077,6.908626497390086,1.997022629283558,1
5.366456751963988,0.5779566716954654,7.167023276125768,0
4.7421821754490425,4.871725254656369,4.939678743325643,1
6.691957920034496,5.104116595895433,6.8297335966882855,1
3.5746871467479737,1.5397849187013768,7.9903472721289805,0
0.9408282333694173,7.645472250176794,7.369893744540751,0
7.621406294160576,4.924743111574431,5.107787029086612,1
1.9785420572907464,4.1214864538234846,1.1454714973793634,0
8.434949612080805,5.793508611645403,4.0818236772475025,1
2.2093563912250103,9.349966499421116,5.369419511851834,1
0.6951265331699075,5.641308422646576,5.50199120737272,0
3.0346334361279825,1.2133613788902786,8.719761991095043,0
4.353073443676848,7.206863181691271,2.508709096045769,1
2.7036164783831973,5.892202030122055,7.1348392951064765,1
2.1040216851336178,6.041530773598749,8.730968601948831,0
5.841870086836389,9.962869050437279,9.23688990543866,1
6.013141966135328,1.1708033635605497,1.1748478053526112,0
1.720930789502767,6.266949573916351,7.651710527083471,0
7.162707188206065,5.058644463109659,8.536888716699337,1
8.868683917682269,7.177685908339249,2.0364140505207526,1
4.425897980631053,0.3629425089661886,5.842676787434135,0
0.006370478233400645,5.1970394546649965,1.0486024717496,0
2.428440438469055,6.870139827988072,2.4806697769234507,1
3.4276769953113098,8.553261431001665,1.0665251687350896,1
0.5966536601510175,6.404676901604387,6.987153565745299,0
9.9631659554023,7.652470626295117,1.4518295112804092,1
0.6209445198251262,0.3902848441519491,2.6841532210086196,0
7.762126735979331,5.561170783237942,8.655290650306267,1
0.7602316425292932,1.886461354393344,2.381376212156836,0
9.668263653118865,1.7442325264008096,5.047936405937049,1
1.879040643002473,5.852705283466949,6.237130481908545,0
3.1659071706708475,9.773550921384405,6.973031819193157,1
1.9455057090205496,4.630909370772372,1.7904181347510562,0
9.806822362996945,3.484507277362965,2.1974708447976776,1
3.2034387551421553,5.67708762456739,7.951991859538756,0
8.737953586738312,0.9549698820751373,2.654934826522254,1
4.92774541210681,2.2700699049904904,6.836204838795172,0
9.303715740167709,6.4229611760482355,0.7884061166321366,1
3.1357893618131962,3.767254552083789,9.810389131692217,0
8.93853042152113,1.1230403875628503,5.861043221409491,1
4.231513066677777,2.990866496634361,3.0832824403687487,0
8.083272510115451,6.86137531669031,0.7365303669903733,1
0.4285295998129146,3.4329029246168172,8.756989612841833,0
3.438108763324179,8.69581387008015,9.017176690659557,1
1.8107568865424817,0.385145170177279,8.332158847688884,0
1.8743392149034044,2.794958648040912,6.323579854294951,0
8.135769589816139,5.685017719670058,8.552532591363581,1
2.4381393302854635,4.906547506629514,8.846652163401185,0
7.985152378829428,0.7151099749308476,8.14548307773095,1
8.50030780076386,8.425638523354678,8.46897666744757,1
2.096453221678063,5.912954547956778,2.261036873420731,0
8.76459457073879,6.317793431453291,9.267450069101491,1
4.288066558586361,2.8971050880745763,1.7602653473295171,0
9.631372404774073,6.446970264559897,2.0158909132029557,1
6.571503284907692,0.834848681679996,5.725597618084153,0
9.824324583960014,8.84813247983599,7.084176383677905,1
0.5982456493193078,7.331742318609393,7.1252707949506275,0
2.312170241877338,3.1510187143990076,2.4766714380194275,0
5.30067660172493,2.7587233862843066,0.615326984542568,1
9.031888384460737,5.964079928967174,6.794650060346701,1
3.4148116133483764,3.5638819969125644,5.888244485916915,0
1.5750734827885704,0.3668671972197557,9.822172812501066,0
6.298971726364097,9.589476271927376,4.286282097613949,1
0.32981860670925345,1.9235914337790216,1.8581001717666978,0
6.943752263263187,7.0723824653896585,2.6233970517419927,1
4.490500667632417,4.854619398236756,2.3425148120499983,1
6.734600253346152,0.8369504911010128,5.249905891032544,0
2.092187169512687,4.05638667861829,2.0325014350419046,0
7.172257106361232,4.581028552992081,4.877649111525583,1
7.721353706624655,5.173557977873719,8.374566828616445,1
1.2045439195277696,6.376467895655421,4.973193809473527,0
5.4074778862095965,7.009958728383692,9.79097443633896,1
2.708224771949178,5.636694034257886,4.57204602761996,0
8.608801400330025,5.696396215981418,9.59648504321039,1
1.016444230081005,1.5780929284658474,1.69009851855068,0
1.3781269652164596,3.6938175042437296,1.2962231332195195,0
5.216634573733447,9.75814609468333,8.13008054093234,1
5.182945916435732,3.0246258847872842,0.3720251633685179,0
6.323804944381283,3.6196396106577633,5.348959262714762,1
6.150904106931514,2.4534760784520406,0.057993407316748735,0
9.729234997106383,0.7556481145776184,9.415616462375898,1
9.557942785749637,9.734762127140696,5.314959339392398,1
2.205479604385224,5.59505235086554,8.177535841875587,0
0.41480671612632136,2.1566352065710745,2.089101916463206,0
8.568523272591893,9.798185336558813,7.925871305523836,1
0.8729272230351692,6.49825816678285,9.432306598403331,0
9.19379875632342,8.41215013772391,4.6684814627873275,1
2.879618095148926,6.083891023785623,6.801637931850452,1
1.3460879037283446,6.253411107678525,0.48754852867144205,0
6.0533404236536335,6.412151796970256,1.3251457444330017,1
5.0808336815007396,1.8174316355138742,9.781120644654875,0
0.9695539573625933,7.785891056655747,6.873230152155326,0
6.45577268917501,5.777194291650084,7.435822157437074,1
3.94525247076687,0.964316105891484,2.041799112947986,0
4.225534380734153,9.94635926921789,6.733453619454316,1
1.6754372203937073,0.4442010143288111,2.912036845107192,0
3.669825651265758,5.759753451453662,4.057498045776509,1
6.383703981105517,1.843662451752619,4.217594797504471,1
4.143632392920597,4.72376810898591,0.8293350179333636,0
5.040966689766963,4.592060556202857,0.1996205920258809,1
2.9493652929260805,3.0571157520751315,6.489423679374139,0
7.7516320872926805,7.095025036451679,5.455750356699761,1
2.6312696702052807,0.7230415596972684,8.87289085223236,0
8.059592936869585,8.88774413833298,7.724838401497237,1
4.5200504498201735,0.27924272664999417,6.795454305832925,0
4.201625016334941,4.643277985349194,0.8536932118579255,0
6.669332748137229,6.908248100004758,8.61203964287275,1
1.8015280964395575,5.314097760840015,7.577496944525937,0
4.302336784531363,8.328588190764336,7.168002554585364,1
1.315001054791085,5.3030631777371635,7.329670016821675,0
2.0431482691011027,9.514184411941288,9.922897585285941,1
7.054994404762725,1.7031365127491793,6.1222858932442605,0
0.9010197271223563,8.945721611963243,7.962978543912934,1
4.299257341463436,2.985506962953676,6.899010201992083,0
3.263251526798041,7.445391936403717,2.43709156216936,1
2.118979309118206,6.8673296242336015,5.866249194233349,0
8.411529288595439,1.3992707185598374,1.3496331694149144,1
7.770076914704209,0.10748500709086728,2.8346919123588576,0
8.253400854946143,7.732701396466703,7.053595452392783,1
2.8262561698527744,2.2768619715195104,1.7613507976195475,0
7.019711841654975,8.590702304925607,4.966106402924114,1
6.154392527900912,3.5441271344431846,8.145931796407739,1
0.23955166450803866,5.929600996193628,3.9215391943493225,0
8.851259341962113,4.061483875435753,2.6236480066835,1
0.41463878123045195,8.568316052826436,4.624662253146995,0
0.7927702313926088,4.6314222424508245,5.990366555371809,0
2.2135987602699503,7.863200193126715,6.885074252878978,1
0.6677211790963244,7.1244631848315265,7.365749541467201,0
6.885114891998168,2.5859733973911068,5.3266230505209275,1
7.846641429248581,9.11610330309762,9.930119461587894,1
1.3827499885873362,2.467510834166876,2.1344302476267285,0
7.02199049989537,5.796243344916386,6.680188655970225,1
1.626291677261451,4.6402856730835085,8.08880711690926,0
7.245357006635238,1.7517391623872358,6.3595062310044685,1
6.8618194768681935,1.7038866316407697,1.2518114984648077,0
2.3276684507696976,1.757445577256973,0.3065027308995749,0
8.345667817470872,9.400621589597705,3.324048997212209,1
4.77525407039682,2.0520484720161978,7.058274446216827,0
8.973211690492288,4.69882001187841,9.484020299391586,1
8.13256995743399,1.5384650564195668,2.562712988500243,1
5.594871278450504,1.874306063511001,7.436784424848636,0
7.861941966788752,3.2805138635368447,9.640676559985774,1
1.444470975261769,2.916606836812905,3.474245150043511,0
0.919872751916686,6.337900256746422,3.102499832901906,0
4.633990443091371,5.494850632046,1.9692500171375715,1
1.0616344237148323,1.2378147297849507,4.22357708836656,0
9.129158801971496,8.98972657764223,8.625587445663784,1
0.28793778385367785,3.3287238112213,0.8859212882748357,0
4.814840197044042,5.860353789220837,2.42166911396363,1
0.594574605819308,2.5108949822170876,5.428666525417341,0
3.6800338747224117,9.78485341269715,1.505111406276305,1
5.463980267753911,0.28733720899852044,3.3049929181841553,0
4.128321449471235,9.370983091971079,2.9411218211739456,1
0.28557720627672034,2.873027174518384,2.3438998454902507,0
8.193347432527831,4.687030432732509,5.748155242990229,1
3.884477918103685,0.4800290449237743,1.5251854060434578,0
0.0670728941707488,9.821111519010987,3.827386698380021,1
6.965985600163041,5.910471640813397,7.721230860552575,1
2.8147015672813547,1.3787815935954861,1.990448084964641,0
2.0590610043728166,3.0468814325548035,9.886782060550622,0
9.012960629033328,5.732915046007147,8.235152583941138,1
4.106673922761942,0.319699674276509,2.1209397842726774,0
7.834379140083568,8.125990172428386,9.625591848138317,1
2.4042101205287834,1.5021902458027325,1.280950937725056,0
4.451708438822584,7.376633041406574,5.811731080430605,1
5.331288044768941,3.0735085600270073,5.654310374718204,0
8.797879911204452,4.144954253971608,2.9828941928719033,1
4.901198119878756,0.4305460494703117,6.465027801177743,0
6.365410895078068,3.539357769629473,8.916911228927779,1
7.197400044289987,5.7836970119734765,0.7746732338533202,1
0.4830588321194895,2.868256838395147,5.360041268995012,0
5.2488165628063115,4.233314745053221,6.325185216749372,1
8.023366366613509,0.08452531693539655,3.062787761652369,0
9.871840087071519,9.088620530137515,8.782912194527315,1
1.1883755614239544,2.8928017612608015,8.284495527131948,0
8.044867254287773,7.598118078728861,9.96261604699101,1
4.306378837491732,0.5502067369892816,9.6911906238261,0
7.683284815872286,3.9009615103219453,9.701616194934587,1
1.067069645070603,3.7226263577550487,6.648102051565839,0
7.382477722638847,7.848300345458192,8.001120523177324,1
3.301996361986407,2.5467645623768442,6.122474031945364,0
7.308290860234532,9.537357159592498,9.051134421721644,1
0.6952517685277138,7.88666955693777,3.6078571856450994,0
6.34910216100833,0.15298374324154373,5.905643183092357,0
7.769783447128974,1.9453424266849895,7.550110042769007,1
5.776103693501922,1.3051117030465487,5.241971835813006,0
5.545807316250695,8.157146610010944,9.78899857841612,1
2.648941797083496,1.9788714982447309,0.270733078578812,0
2.8411945339357727,6.313247080694104,0.0861845168971298,1
8.769344783103998,7.188369324364955,6.097277760033215,1
2.258590961127217,0.24862460082368698,7.8098335144409905,0
6.639848310678142,4.497476744591199,7.826563660613205,1
0.9166446084077806,1.6444617556882946,4.070732314978534,0
8.349795978805636,9.271505644031624,8.053307500942301,1
0.5128281485480624,7.91881131075614,8.147215275389923,0
8.487688310982888,1.9765198689225016,8.555023661268248,1
1.852161202472048,3.8215465287754693,5.571367464369462,0
5.660537096274779,5.168511457668591,6.611640192658362,1
5.765063826568606,2.252709033726431,6.157387115391739,0
2.899091530306154,0.7975303163345604,8.47716885941293,0
1.7741684143102388,6.793408774403099,6.8287951954412565,1
8.460045773099235,4.144978447766229,5.897622268192919,1
0.39889722485485724,3.470519473893783,0.46726529324062627,0
6.215678011576423,6.6592926070279015,7.0006384486688775,1
1.8726270903349285,2.4508798604223117,6.968078524945604,0
8.333024482259697,7.616478769226318,5.253694114546282,1
1.155169698716254,2.38857632237183,6.051111262627779,0
5.590643731528925,7.484205246631036,0.06463699745405838,1
0.16263210801225947,4.1007886054425,7.336295143425735,0
3.4757830150252933,2.6005701501655776,9.517967041384438,0
1.777269993320626,6.439794720960185,3.7339559948969425,1
4.5408517860212605,6.530404264956515,2.162460116914857,1
5.260322507555996,0.8441843063835208,9.095119557585948,0
5.211880637438117,6.7954725021146745,3.1910075863612386,1
0.09425710191072523,4.0461976775835105,2.9078269983767946,0
4.564335734788346,8.010006821357067,0.2791995048427953,1
0.5089885825124929,0.016923845530076864,9.297865286676664,0
7.350364609494672,4.406596280632016,9.03416321348764,1
1.1697883132844433,0.6281620782002939,4.465596966437307,0
8.747610351994952,4.0531737633373845,5.425170569389147,1
0.8173028569843832,2.936689970999745,5.6531215927490415,0
4.375153738038664,5.199599606254406,2.273037301750712,1
6.672265106198791,1.2365274529240367,6.728025746519679,0
8.151037887114045,9.836294255361032,7.478590583563839,1
3.3498396910303354,3.7633517933763305,1.643563218729649,0
0.5114059985124642,9.876396758098045,2.744283646757457,1
2.2463802898953644,0.3720825430983521,7.13028476715416,0
7.2518445980110755,3.123554098646968,3.570791623295321,1
4.562285149533114,2.457511964623027,5.582192699264431,0
8.534835282976692,4.609072757492646,7.273014489531673,1
2.301339472569218,0.30350255096864065,7.038597904592744,0
9.33657801267484,4.548932320368371,1.6932517591053986,1
4.804644284847938,0.8850808262015675,4.476972526011316,0
8.555172352459255,2.385825319595163,2.0298299175226764,1
4.486400950714985,4.052121005407162,7.668006017840084,0
4.998905190503641,4.766627373737295,5.692530913261729,1
3.805991484062339,4.673759678197459,3.1978764946704255,0
1.2878885179426225,8.48928044109036,7.466793116581043,1
5.231642659889517,0.777532133776494,2.4563466150945468,0
5.180162561079749,7.381503087987329,9.914251546981962,1
6.9489950277083254,1.3600772923437043,3.06144367751687,0
7.389822098399945,3.7435686182461394,9.240117233636363,1
6.0636066871367555,1.3543543941253966,5.041858009755722,0
5.232354898599306,2.8077145249728765,2.0884221424138483,0
6.250437531784275,8.750498835871698,7.106769380797321,1
3.0539307566426,0.9518673827224511,7.372389544705619,0
7.2411296101221,5.614802677620643,5.851174322805809,1
0.860658170652695,6.215604432830213,7.461056134842091,0
6.877818420002391,4.497931501756143,9.660676183313342,1
4.983420828825364,1.453551927832778,6.961451238695998,0
7.076275273634732,4.818884036216132,3.237208418771541,1
4.315218036972267,3.784991409753129,5.2833550649847405,0
1.015258321781699,9.692070788641136,8.576858473898579,1
5.30543443299487,0.09233867606326274,7.0365369647368485,0
5.425629491177897,5.518053336028683,1.3399292269860208,1
0.14184683201121095,0.5059932141069567,5.87440530616721,0
6.206040777896023,3.162964674343287,2.8680391213608547,1
2.841265430017834,0.5959260274609357,6.071057559328081,0
3.381968643782872,5.875455433955928,1.312985611173706,1
1.596831304366202,0.8833601938076896,5.619184322312449,0
9.514769346520923,6.553444364713132,4.988268307332879,1
2.5739665443524764,5.369982800226723,6.954861389470911,0
8.823776860267248,2.85554184917837,1.3679782965777942,1
2.3446157077769305,5.424205429724439,1.1278379586833132,0
4.297981971792646,7.2320029423453,6.2697727739058,1
6.196940092264914,5.8446624262964875,1.8915154167643056,1
2.077287109395712,4.290491494452292,5.322923637320679,0
4.601034553228215,7.171580612313312,5.189746547161171,1
4.666566218307455,0.7668609680711758,8.394843915586026,0
3.65456750486966,5.60369598686358,3.2324115463033265,1
4.498202827487558,1.5886268390279523,8.81092084001742,0
4.738928265111476,5.7075457209535685,0.7239095042878929,1
1.9911837357080364,3.685888519977217,8.557933889292155,0
7.226018024450088,7.734122161209408,1.808926808322392,1
3.610834111940555,1.122927246970008,1.2260602935323295,0
6.705370729967825,0.6071400396345927,4.162533531538961,0
6.542357994284744,3.7220233771046187,8.684320927711914,1
4.563124150822516,6.063976455979439,8.812951028784903,1
4.652196075190387,0.5303509895788738,6.265869244692207,0
0.12086243947318831,4.887486939873281,4.656834593743696,0
6.621503164538081,9.182308403086891,6.248126084091693,1
3.999668902548824,8.88471090728876,7.7114552210426215,1
0.5204644564073868,7.174454575983006,2.3887388516911434,0
4.307067082316227,2.5163663295283287,2.2399765370470135,0
7.120557159076579,6.572155259636954,6.8610405081258685,1
2.4370948179558702,3.062381965004116,4.350030416622793,0
6.82878867989317,9.72127721861075,3.417135262955473,1
2.0002904651423825,0.9640937763629465,0.661373196693904,0
9.043543937285056,8.095513371906959,9.198606165507982,1
1.0989059065414886,7.1778230282421775,0.5734612168800146,0
6.418031733899964,5.00182733014523,2.965370158171069,1
6.626462238220151,9.29159478379878,8.564051280091201,1
5.156573593688927,2.7962550596893845,2.136352134004248,0
9.267104005743557,6.5216359833246464,3.582237516773692,1
3.924421079631645,3.1724013481089797,3.14798308411668,0
7.373519779602128,0.6982846069214743,3.8661393511889908,0
1.5897063955256174,7.834973624884952,0.3980295414072488,1
2.1686099470790277,5.618605273404124,0.11517753460051794,0
1.2265043354399563,7.708157361043455,6.998942651270017,1
9.335773339086956,6.499220477193715,4.025810547098853,1
0.029571039523191844,4.759185362869306,9.60183069633551,0
3.36231393966402,5.573181086103518,7.429827454651594,0
5.388315388032208,5.587514775705371,9.58657711425613,1
3.729480218278577,3.164440520340308,6.545517614017728,0
9.257256612776647,3.896426525520834,2.6208925386415793,1
3.3609651130410514,0.7535693160136681,4.68056583622682,0
8.299057584791047,9.693437686590826,6.749852900991447,1
2.869920362067613,0.8078592754088676,0.2049523795211372,0
6.373374353098397,9.041156923459509,5.711188621476545,1
3.1421529790901257,3.642722576278027,7.01240840023416,0
8.209859545201375,4.0211780042643595,9.139375717541197,1
0.7643355622601244,4.0508240472133235,0.5503382368775867,0
5.952949730067914,9.892414806999547,7.695091972917435,1
3.035782434078399,1.2300279756519783,6.356804217854598,0
4.232610360614525,7.3262533928852775,6.711067429876044,1
7.006985553227888,0.941508830113339,2.715861485252815,0
9.257495481106856,8.634301711807858,8.964099565168178,1
3.0118297589621577,5.836458057228566,1.303693667538387,0
9.959284805838276,3.841396521852599,2.172946381437344,1
7.427152500968495,7.547436692328629,1.0682839005844968,1
0.8454479401193871,0.8900364159749485,8.078462211282767,0
6.2709637912478335,7.017859876252846,9.077994799782328,1
2.297613383819419,2.2574469424034236,2.8208628178991546,0
8.228728062836991,7.414886614526715,5.476596034010149,1
0.44541005319065685,4.0744345599402285,5.454604520658486,0
6.387798784240562,8.354369015905505,4.570856971126874,1
2.265824294184071,3.0735046563876054,9.215120330348817,0
0.9540839386287536,1.08582113709773,2.3523803602126456,0
2.1918419713517032,8.451193454544724,5.004140202605017,1
5.013065591029033,3.5707329112745967,8.581460680382678,0
8.516160416415616,3.781030796522912,8.770232994104866,1
2.4367624300791944,5.841816691619086,1.7234729872715093,0
7.515361697819836,8.912581413179279,0.4202830888883369,1
3.8111267431295435,0.5195987066337104,3.723109527408287,0
6.079417738074643,9.915341246480008,0.8892637320979668,1
7.793328953152844,5.611242190689797,2.5844275076310286,1
5.162925980102653,0.06160223680554355,0.15719139920492786,0
7.669773652504613,4.659286105321386,8.74421887353194,1
0.5199178190635179,0.11456580481060352,0.8780720980244472,0
3.951533558794169,9.032202438550144,1.8163765685423472,1
1.6623622772608215,5.303336445300024,7.749939283713455,0
5.3117002036388765,4.571321788261273,4.212394959647227,1
2.0254486754579815,5.618460480275651,3.685040080396452,0
7.731949545013384,1.8873193059858107,1.58645374287823,1
4.804430317308822,2.4948189144140773,1.4327378219625841,0
0.7826706373374448,4.287292861758739,2.463920831269184,0
5.592982212992758,4.819384968617777,3.5206573493931903,1
2.2114079798345654,1.4834183623073782,5.7099136922567295,0
2.8288427016632554,9.715752632139697,8.643357667788031,1
3.8981002079308458,3.006794292699152,9.810987580111197,0
9.391073769522936,1.0666541899452975,0.25328535252580053,1
4.324665198370924,3.8052957967206433,8.45087697238769,0
3.6957445520956487,6.904554018149913,7.207596512417195,1
1.3934440234886536,3.5659270968260737,6.462388237759077,0
2.663411840183443,8.851439400003569,2.843382201213104,1
8.841291674328357,6.854496421946397,7.955100737936017,1
2.5471435401194,4.7559807804220355,2.2690009651394414,0
8.172757529744327,5.037837047184668,7.230533051843338,1
0.9953740749372086,1.4032267659102204,4.13847524932582,0
5.135134081559802,9.431412318073757,0.6094416853218321,1
3.461249057653071,2.268584045178017,9.945651067085455,0
5.039712620366444,9.626702159448133,0.7241404279014185,1
2.0669011846966057,3.124934057143609,4.9864901463327715,0
1.05316029703738,8.369552511016266,8.32629248537509,1
2.4336365513706895,4.754862668471138,6.871610707693927,0
4.804939478481968,4.571418456854971,7.207326888267786,1
0.25005063915193193,7.529721688656121,0.3442029895451404,0
3.2032439470540286,3.966079794121129,5.944544846203849,0
7.304130043566964,9.606968050789746,9.710056916661983,1
2.024862296100433,2.5333797263206312,6.020428935286465,0
8.105985739384696,1.2934444867629669,5.605728439500983,1
1.2693555762296926,3.822833195484833,5.053606217601537,0
7.740630335972374,2.8263241651809636,1.222984253949766,1
2.2318027796206694,1.0721426191016192,4.459749480990358,0
4.741622805771137,5.349627595614779,0.46137014137229926,1
7.448891605096319,7.819888638203475,0.9958243272898404,1
3.6592165778359176,4.313659480127891,8.073888734601493,0
4.349698909661162,7.8899271123190085,9.103117857587511,1
1.4169382377073236,6.639563996930253,9.625507920146164,0
9.661005823460627,8.867050226653303,7.886761540514737,1
5.195646349541549,3.7579716880602954,9.059173263430075,0
4.162225892208186,7.233335980496719,0.39051280640869934,1
7.23859592881348,0.04750757923270399,4.502075920156361,0
3.051198411315501,6.927802417267246,4.618519387590795,1
3.98187881334785,3.249260074343888,7.3820992858714485,0
3.6443409198828016,3.1191189152986842,1.4282126045117038,0
9.111239038568575,0.4947883265628872,2.6071980949413778,1
2.9962680763577056,1.5579736266621935,2.2720101625080016,0
2.5228894657926992,7.80384912687016,5.763780116736851,1
6.982125190550683,1.1502001306747234,8.83714012761754,0
2.294335578039627,7.993138519880841,9.967362391795756,1
0.24109549714585676,2.4764860692205093,1.4034092789621266,0
8.651861816303066,4.007114844222124,3.6517844541706146,1
3.4197156641009485,5.509039673154231,0.23569672575455725,0
7.304284006000602,3.915644708149447,2.206120656441113,1
1.9226609002906758,0.4583380120869496,2.616629962346467,0
6.479385815447891,6.468951229204435,8.647844440203038,1
1.0723943655166024,6.867874436054786,3.4949440279852197,0
6.867843605667434,6.730910831233693,5.042142277982126,1
2.0552301972329245,0.8077863960346288,3.879978183470417,0
7.758612794342964,7.309303738159974,0.09832423539447688,1
1.6432129402178575,3.7672111440317844,9.13245638052842,0
7.425857765788095,9.606145252155828,6.118296896894599,1
5.070691362324203,3.3203747041072793,7.088121412313805,0
6.26599249611107,7.748843163509561,1.1277900811000996,1
0.19909334417818947,4.7292055922923915,4.000841006704788,0
7.904624076887229,4.525542214654209,6.779719692526084,1
4.616479273455174,3.164980768677239,4.13442965656559,0
9.127547192412024,9.263238251818429,9.40787972062266,1
1.2289231395087152,9.505240973018195,4.514547837956712,1
2.7626076349854634,1.98055296125356,3.6456205490650473,0
3.435089823999309,6.847967113754267,2.152835882730182,1
0.05952013545286294,4.955801555033154,7.390982569686676,0
1.8091008266206277,7.481569066254084,4.7533042429986585,1
5.598758628186921,2.8277615329888928,1.8865355047976362,0
7.383142518012097,9.98717957018918,5.778621068994819,1
1.6466356988578512,6.4045650176717555,7.7950295235189095,0
4.96177854948494,7.66487918612793,4.218716280893865,1
4.217391108591068,1.513956214125829,2.34898454736278,0
6.331792636269666,9.353561771749842,6.815107727709918,1
6.051930199907474,1.1247890374016611,9.981606607987718,0
9.361644221365028,7.208403645223607,4.706853437206593,1
1.4372599678468811,3.1691525638833395,2.2568760015774836,0
8.415395497709433,5.242410625866207,5.609289593137015,1
5.045799932909802,1.6770859130966365,4.2797682725326744,0
4.745585926287186,9.60335211072869,7.185051449309178,1
1.506142279092244,6.617789590778233,7.735313155172172,0
6.8470371663044896,3.309961873083772,2.220386206644359,1
0.7748436587953189,3.2367304904699146,4.464439282135846,0
5.723017387108843,9.878724740027828,4.244218764224828,1
3.9372729622911615,0.8402015305705868,2.9419579997590795,0
4.116799644338408,1.009064336942176,6.491977030049957,0
5.11190469386328,5.05839257099734,0.06449870744488995,1
5.915511700791476,6.435703433663644,9.67992358361885,1
0.6008878851009847,5.436238346517758,3.7475626874120027,0
5.68237876973376,9.1963693085447,8.921496266114898,1
1.3513744765414404,6.944439650774229,5.840057489949171,0
0.0063266063426181685,9.752342428502365,6.410530988875678,1
3.923225190968165,1.9400142125662312,9.806861655292906,0
5.916741703253895,6.0008097920286465,6.779558252076345,1
3.775471947478634,1.2885357352359184,8.83528418865981,0
7.104198485141295,2.8778297198697436,3.544097316120655,1
3.389861617114336,3.5799995247735437,0.49584299795386255,0
9.175533086633447,9.24580237793504,7.839423219831039,1
1.119320767202947,7.800897849226663,9.644651011427266,0
7.70227397190218,8.858085914618451,2.4065733430767455,1
6.940140018219844,2.0212068737073032,0.8710206366752482,0
4.903028804910984,1.5153498353963435,2.099537466071669,0
1.0065231466939117,9.856062360745868,9.128634187328275,1
9.837387527841807,7.299256005425988,8.464804188756014,1
0.9612638395189244,6.789857187124612,8.421353828612462,0
8.04172088925175,3.30380727540289,4.592435613975203,1
2.2633998029710045,0.17518784097023343,1.93623063062336,0
2.8708627547057586,8.140205667671664,3.8349255061936094,1
0.03478869333899515,3.3211371919336132,8.932304383644858,0
9.5337177958645,3.568063365718579,0.02726560267711453,1
2.2633882583202327,2.678279147713045,1.8579068699686407,0
2.8508345692331227,8.044985600619622,1.0455535267112792,1
0.17456301029983967,3.4573667266916672,6.843436051651589,0
4.158399491323163,9.557534291213726,5.61123629289817,1
1.1952419754013177,0.26244600606065704,0.40025490234368966,0
8.482952580393613,6.231646865885202,2.5177669536311242,1
0.28894495132730236,7.267651694401596,9.72756826345363,0
8.89454130092126,1.3527191075060863,2.3082764013221366,1
1.1470119064254158,6.317264688352102,8.825841652745973,0
2.1377100322410802,9.76803379992068,3.3695104140443375,1
3.1755813155804247,3.859216598948587,5.411601918139932,0
8.757391323070866,2.198335569832209,4.308848903729821,1
4.93986395676028,1.8966531780474316,3.4524011222188147,0
9.596346976370038,7.393132690104381,5.866040041674644,1
2.6942885895157187,2.892467886661698,5.138382722412002,0
2.9552867570641093,7.029293118945931,2.4193632263207157,1
5.771972874678957,0.6687654380830932,8.39216441956262,0
9.780341554233138,7.695833118745663,9.315085099253455,1
0.7487389014943979,5.424526420358468,4.03396259175031,0
5.352449617286411,8.115123699859236,8.46937733446551,1
0.020840952071268237,7.760932983926762,6.480996198184377,0
2.7536265587038455,3.910307633818091,9.019133213776673,0
6.373526607513774,3.2521042080150684,7.212435110348317,1
0.59996677142645,1.2825860496882457,6.50778194159061,0
8.056119765547827,5.944452723394443,8.194209541433525,1
7.016937136238932,1.4288239726503915,2.4700161621691574,0
3.673082649837868,6.578509724864027,5.855948447202199,1
0.6114758888917282,4.837945935426088,5.4143565292482165,0
8.250792661699718,0.8590837066782497,1.9601613145349073,1
0.49076414800318213,1.6285609429978887,1.7744357262325594,0
9.851702978139457,7.493382266837046,4.690718542246143,1
4.598382675605012,1.7034728361983509,3.5377959473627305,0
8.926127956470662,4.062380499835118,7.996045519572787,1
1.2059031054771863,5.74091521559375,8.664332366066631,0
5.2642760747836235,7.827492652848949,8.13003095340957,1
1.2042320846919607,7.321799412327232,8.165846922704748,0
5.961724119017427,6.8454865798904185,6.999860984584732,1
4.255806557644912,0.9401041174936109,0.2113807480930685,0
9.750775649090874,2.4267711874486606,7.682791928579227,1
0.7462749586745898,7.263678527503602,6.577053786129227,0
4.624600688846324,8.122860688787014,4.452215800853672,1
1.994812403070666,1.9805138000027633,7.64442785593801,0
4.966950475641063,9.22339834354631,9.64232448508115,1
0.6052506630547572,3.0892031363742536,9.075040142781493,0
9.613721593939776,0.9611361032171573,0.6409330215807829,1
2.3165581916882716,6.188390175802784,4.051550364991289,0
4.958513280964293,7.905586309238334,4.919240024822045,1
8.138092478635217,1.844004372143323,5.338538991402886,1
5.267452324977915,3.473896246558242,5.951843563549854,0
5.55365816612566,4.427619721833411,3.8542725062123653,1
0.43692951499482824,4.526684075058167,4.820644584729788,0
5.066384549274865,8.250621942327724,2.4710414963551717,1
4.233321104664181,2.3324049293944817,9.78993903080639,0
5.0415570182333305,6.982832761689799,7.4335042688071,1
1.7869500428487428,0.6039179913011428,4.4060795020487,0
1.7257419436913346,7.931455725972549,1.2281012377367562,1
4.83095770780387,0.4080331681450988,6.180948074894287,0
9.082672151415313,2.0794215933347693,3.5371669706910716,1
5.071973552878543,3.2976834764766294,3.1330490721075877,0
5.78206498981995,8.1252419653732,5.8469721387083196,1
6.127027498407118,1.025907026431725,8.670396874885526,0
0.3972953690402625,9.894056222602112,1.3560321263149488,1
0.3002501922947143,2.9884778580670366,6.386737429119692,0
1.4652507539848947,9.066912151648824,9.082724421064995,1
3.819229710020291,3.4008692704131347,9.192900029455496,0
2.952193025914618,6.568126704648874,1.2626823873463966,1
0.7791273396239928,2.4501989225048937,1.2838134666156698,0
1.0126264597415968,4.13277587020394,6.280271712736145,0
9.4814676809774,3.1240757254660654,9.181198322456307,1
9.359543512326258,9.660164475763889,4.449698216278008,1
2.8604014544051437,1.7578846398826453,5.985037304389942,0
9.744928756262542,2.399491459409359,4.873022720887387,1
4.277994250280389,3.9586206554393555,8.661725814045361,0
9.756263912629294,0.6279398793178503,6.755100367326059,1
0.7955665575469362,7.666147942215062,3.856885533957114,0
9.443340455954317,1.3820491026722581,0.24572374867421365,1
5.108707932482265,2.3395772262684176,2.525337290007539,0
5.747536958154731,5.578923870142127,6.758074868320405,1
2.7736391004262204,5.3688726083897365,5.053390900901094,0
6.5375235950901995,2.971619763692738,2.407096497040241,1
2.2415247743377966,3.281581457893651,4.530377311603101,0
0.652594476569236,3.823459650369373,8.719714869317043,0
7.564952473008278,3.938869870363458,2.3733155679773943,1
3.191406663856676,3.6094549492203942,9.832377651896929,0
5.904450577127188,5.789734291744382,3.370120520354001,1
2.1373252231899875,5.576088017906499,5.301956194858981,0
7.216321360283169,8.230184084757123,1.152668923835064,1
2.1842338113632387,1.2608644467842955,4.338714580264198,0
4.135763323909723,7.761505198468952,7.193976616587304,1
6.19079166449498,2.4235412361183704,2.8341534434958304,0
3.059715638389787,9.628746068317104,9.651041342351904,1
0.8989889894256942,0.6643858813931947,0.4412058027230148,0
8.326518154896576,8.81934522905026,4.5908195120414454,1
3.7932139581084945,3.2207671227271817,3.5646440896163636,0
3.760500923444663,9.650000614143691,9.544140582175304,1
0.42075627979372254,7.382989739990232,7.355748210134017,0
6.585241846073111,4.889212309341109,5.2786643924579115,1
2.2393727636189107,5.562934552768219,5.590191423617432,0
9.034878166314225,5.644617983763501,1.423092558641672,1
7.223659453378868,5.021070054453363,9.698375941072143,1
0.4335839494633331,8.20332584318772,8.137150894134715,0
2.7727940671657136,1.0101618445763194,4.945765917186656,0
7.179082001006268,3.804545908688668,9.48986009518992,1
0.8912371019551513,7.77722648661067,5.381881969978873,0
6.567950201353561,7.248817101697672,5.836504114751429,1
1.678809671484619,3.559645125182642,7.678322011472648,0
8.02602896759833,9.842784203492533,7.144073322837268,1
1.2585652630634336,1.320305252399544,7.33503227419728,0
9.347101123945876,2.125677562138959,8.577996395561687,1
0.17811206589504747,7.517021894253525,0.5620298636893395,0
5.469710255584822,3.996874009119246,0.5909429884086703,1
1.6572729904336891,1.1488133702438708,6.343555826846555,0
7.0917947334749805,6.6007007964451265,2.4178446864589076,1
0.872449575983324,3.0952905854508996,6.9901249413010715,0
8.402571669747314,8.83357822302103,2.8694032947310366,1
5.5276345745756785,2.608626477649988,6.028466252213453,0
3.044940291300623,9.649789632717058,0.7999987634606209,1
3.459245662960757,2.6750799677821058,8.330183748230887,0
8.014438802020942,9.736411903601983,6.662837220676031,1
8.178004567697817,5.108558458007989,4.92105947088606,1
0.2748340023252549,2.9310066784795064,8.322903586318457,0
9.636270577720028,4.17135512612737,0.3415892908153184,1
1.9569841610752114,3.070538196960393,8.359799923904655,0
8.74301523398763,1.863849810646816,6.441782950680271,1
2.8561154064948235,2.967451235039963,9.999575017785423,0
8.97648472437957,7.544348104631876,6.223773620661976,1
5.995294369121301,0.20463534259689276,9.606135950232039,0
4.182915288041686,7.097575155441781,9.612305186212577,1
7.199294041271058,1.4596395343950852,0.7409200673359273,0
6.674571477057593,0.7531402160290668,3.9918807820829247,0
9.30880968920621,9.763002831917682,1.946557722759611,1
0.6483837142602678,1.221559109031205,2.8402799732299098,0
4.791982010337864,6.9096247193073435,5.953634103336504,1
1.8371822038388452,5.802416806338179,8.244464101678163,0
4.926047795487128,8.411249514472077,6.763295338855628,1
5.46339064750647,0.479310723901496,3.85402157814163,0
4.807727765093488,5.448251594861678,1.7031641539529907,1
1.4362759680912374,1.0971134764612311,2.7517176719345446,0
9.410271457927868,6.8811300405323825,2.4038405747472003,1
5.099399536110223,3.279883246073111,8.715875847796328,0
3.6794268989993917,8.781431713944734,7.191409825329053,1
0.6183213186029146,6.803269670071247,1.611090372525179,0
8.18339383982158,1.1339081417838104,3.0061842279396753,1
2.0293991886406593,5.958311533974579,2.942968325541969,0
3.5348940247889225,7.486525648324863,6.732500520475325,1
1.1469080559732148,1.651608038833191,5.863634503341091,0
1.4556673910956175,8.025151943288789,2.4974582964267036,1
4.466490936682446,3.3411003953868623,1.8434259285313637,0
5.701950781591119,5.515589418953222,2.066935952199609,1
3.7357905145814274,1.7331801954414205,1.3726597688762054,0
8.869493900274332,6.138817937274031,4.644869193018614,1
5.1127451212042905,1.2628222531538769,9.152502183026046,0
9.209477908243166,6.781796365577834,0.6275979644333662,1
4.782552497746451,1.6116539932451113,2.951696542872846,0
9.485166192955079,4.844617802723815,9.750924645098465,1
2.375801024732971,3.6924636253086938,1.2802016097546443,0
5.534927022862264,8.580686258967903,1.1321352548569197,1
8.1439580686555,8.12832284013368,6.504612284248822,1
0.0732780029861213,8.253306074402754,8.206287663721666,0
9.186712764959179,4.470609239995805,1.7566458436193377,1
0.11620856900805276,8.208844924751071,4.839886317339163,0
8.109415444162142,8.149597809472269,7.866703067848402,1
6.084297845614594,1.6661974976508998,5.8788529378655845,0
9.306393459385951,9.758305517342471,8.55007755501594,1
0.39666389158184767,0.8763710921581236,9.006862611044529,0
4.70569537537809,9.327352724843102,9.096434552276147,1
3.0592915175392266,3.974233685870251,5.577521678125824,0
9.793003746362789,3.5453014199785304,5.655333804937655,1
6.622467664121615,0.8296955598335365,4.344605741843282,0
8.352313239520843,6.332265346979142,7.634845226237852,1
6.145022512643854,1.259787510795447,7.671422646681982,0
0.9795458728629325,1.4091805466103502,5.451433953479956,0
5.939265198063125,5.294076106996426,4.026552881384736,1
2.6263758838611615,2.326438818684421,9.329146544152014,0
9.598589709829037,2.1229646034205016,5.45409219653084,1
1.492973526910627,7.278424273557432,4.908618868700398,0
4.411697467894838,9.249305815762908,9.77186918047918,1
2.985768289945887,2.74648436207399,8.4743621248709,0
2.403567009479514,7.038196767347334,8.397783095144968,1
4.296337585997208,4.150773735942558,4.663300834858639,0
8.258920999898807,4.2600678910378855,4.4205340272544005,1
0.9664642465773932,6.642180357259485,6.184935853866342,0
6.445861496508833,7.53684171867026,8.231563687666846,1
5.271003644985725,0.723762046257288,6.776497166801532,0
6.72255963741225,8.234657583739718,5.175608860991766,1
0.914050777560409,2.39486003157522,2.501256244327733,0
7.2426894137738795,6.9539695787620905,0.1503521076667469,1
0.8266966499943174,7.959756812414548,4.825753118481154,0
4.210095161002787,5.704851780277704,0.6786883458542048,1
6.485168824218912,0.41926268728562976,9.665005132595875,0
8.777884769909747,3.9844252394858293,1.869488061164608,1
0.5311779699163444,1.988173064386698,7.560158051423934,0
3.635746877476811,7.758378541423073,4.1312020888116905,1
3.687212537922843,1.7559266887755454,5.304316987467912,0
4.7020021025028225,6.436715832414805,1.1541377089059424,1
5.848616010254483,0.7434502552640443,7.53561155919199,0
3.4711279256755647,5.595643990255125,1.4878189552907684,1
6.254115506166274,1.4417361300354603,8.720609707197111,0
4.427899972129413,6.833140061622741,5.561138575891835,1
3.3296585504965837,1.3768826012431357,4.633630346351606,0
3.0946522804538645,6.776248102611518,6.145146761417505,1
0.11514307015339176,4.336956083701883,3.856831505001664,0
6.55563135644948,9.600666016059108,3.0979876592742626,1
1.762067623095539,3.988303822858833,8.83353402670044,0
1.0541130464044768,9.35100705849444,0.9984003311162404,1
3.0248312502434516,4.435334079908174,7.319221047636034,0
8.845246813173231,6.55459198526092,1.9687131317753148,1
2.3603631890501955,4.932822344445579,2.6623601434619792,0
7.290596248229174,8.980173984917752,6.0647478918155775,1
5.395153042888332,1.6195573609430802,0.13304285177790587,0
5.819559061563017,5.1890896362797765,5.958597111594891,1
0.9815314275399434,5.7878120847151155,5.086214287508514,0
7.641364968200559,5.231739498158703,1.1353166758968358,1
0.1627999027685323,6.560270813047039,3.6409308017155095,0
9.002299564352832,6.227224139912961,6.491097080694901,1
0.7195134047677387,6.645303010204437,1.0130662446761218,0
4.661673771285408,5.6425445675869845,5.431650079658823,1
0.6699924051159589,5.12700249230398,1.4974310623885878,0
0.48637068793973337,9.629869799488318,5.7717235691729565,1
0.9564410156044578,0.6716972893131989,6.90232891972615,0
2.266516566410245,8.173004158654603,8.16416952597262,1
1.511673476987675,1.650832063076012,0.7253811393981435,0
4.138166697585252,6.977296381668195,0.1747661355333585,1
2.7519812235763865,1.6795556605246553,0.2532252611596253,0
9.425494257654677,5.69553366037013,1.0878931124359748,1
0.8242667735954379,2.170255933649745,1.8920154274924639,0
7.070422711400677,3.874522267715853,1.0519199820504321,1
2.062960643695595,1.732646988138118,0.8412021918993884,0
9.894526415257548,9.235706152364356,9.23816920776425,1
0.9593135652105678,6.913093904638009,5.711275764889521,0
5.3321322569556635,9.380955890975233,8.947767740807048,1
0.11896649146054705,4.837711968958938,8.804026603386564,0
4.201996304501206,6.5543615529460855,1.115597725176788,1
0.6949341794749808,1.8897378844572565,9.534481295390961,0
7.878604086155421,7.1100781975109575,7.1015104697134195,1
2.9489817569329837,0.5236271185982577,3.3185981386857266,0
8.144585112466995,4.417266157586498,8.57017214969157,1
0.8517930193479828,3.680817869332318,5.54054283845174,0
8.50424754680365,6.4994268714612025,4.98291619044781,1
1.8030112010504407,4.346978142221811,2.4496105167466222,0
8.373871175741602,1.6597124404067776,3.1695849570571353,1
3.0523360986000725,4.12987282861854,7.52772503248825,0
9.143268516148936,4.166509047594501,7.7962459309408345,1
2.034146856795328,1.7393574754722552,0.8188787896548078,0
7.2592108775271535,5.075205049263766,8.101328372157926,1
0.5032535136481031,1.2328205786375424,7.796907504448145,0
7.941940946989586,7.77468274557954,5.641193766607804,1
1.0844152906132454,4.785963604408227,8.714837790626163,0
6.1761576059712215,8.028146306772314,0.3813337320825916,1
3.026601257541983,2.796797563240523,9.210704793226087,0
8.213548025612305,9.783079744288518,7.985596879771727,1
0.4949169034143941,7.9522771080186825,2.1919860991458306,0
7.34534861920738,1.9232566343214763,8.448246108762591,1
3.4724581266077745,4.697823110843554,1.003120654118037,0
9.340397600647735,4.481543126590827,6.521773367486362,1
9.740994929630858,4.6277195689114805,3.750735712012314,1
2.4851334889896326,0.30435384870726057,7.725581493538378,0
9.726196698966536,9.903614977253701,6.358931000110218,1
3.3259301029185973,4.973611728373305,6.293288859267447,0
9.861332695596998,8.013783926498675,7.204997938447644,1
4.6808866824418995,3.632560320558972,6.8689541979326485,0
4.333080657142942,6.434951803879945,6.476344225375429,1
0.10225158948750313,7.7854288434111485,1.8025744753288075,0
8.227522699920398,2.695263978531166,4.61120134244446,1
3.95942482243985,3.849664454618865,0.615615718039898,0
8.225396388853532,9.692690803709183,0.10949511440850324,1
4.289295490362077,0.5107251126652101,0.783435279152308,0
8.452936211426941,4.7300023285821515,6.734433891202091,1
0.6423610799308632,3.745329582192465,2.5024829683665626,0
7.887956781008629,5.094171529737851,9.33374902010842,1
3.520305441537266,0.6312978710360317,7.799010848134877,0
7.918692607385342,3.334998327147649,8.020326900395824,1
7.155800771810737,1.4589938524358859,2.0059494598511662,0
9.396762094906876,2.0761906095688634,7.631581137295468,1
0.2171549677554896,6.42290289132159,5.360727209143157,0
2.9160255471975347,6.895889364443994,2.8382910069908607,1
6.44817777451772,0.7008181687541437,0.3376150756600582,0
7.455648300298384,3.251203778911517,3.03674345144639,1
1.6408518300870045,3.248520944614395,3.1864017182934035,0
7.79814687290418,6.450383808414607,2.2733835360276435,1
4.0549582908254465,1.525638471929045,3.011371833450347,0
4.465243269060231,4.785099532661182,2.420541126928483,1
2.2681771795816283,6.358933265034567,0.5358178001024771,0
5.0799061457624894,8.395275791864606,5.5466139421375384,1
1.3316983691292894,6.279409054824422,6.085638095759411,0
2.4595757554703965,7.617490368645946,1.8686101464630323,1
2.7041313414637482,4.120969665524472,5.53806501180246,0
7.502951171419989,7.173065802536728,8.133613966370277,1
1.2400283852359106,5.666315402328717,0.5062890581116875,0
3.2074469015886073,8.235235401351517,8.795694095230926,1
7.728855308268098,0.7273310755423035,3.164915935695939,0
5.004412221287298,4.52585054301565,5.182722680673214,1
0.4050218600040234,2.210619452222259,8.760423797702966,0
6.562158045234816,7.866523919864222,9.495796895129804,1
0.18000996937483027,7.859927210690482,5.235532209267574,0
6.216542888949824,6.978718474189282,3.555785634674087,1
6.97423565272143,1.1173593134742144,4.051789605433954,0
6.987558920975369,2.475311568530417,7.305405545654321,1
0.10844656581157075,7.793598978822532,4.561526283861646,0
2.556848124287432,6.969215692684846,5.918552603191891,1
3.9215180177844533,3.347762053831681,0.8467967279204747,0
1.4526020368633308,8.622349958951043,9.277079429013932,1
2.128413908348162,3.198551604381369,4.607496772784359,0
8.24074393792995,7.96885025259829,3.8835550156804413,1
1.616805089700858,6.058848747149359,1.1662280490562726,0
0.7619077363299853,9.525868886758039,8.158573392384774,1
6.2277982345183345,1.920698496091492,3.2650511072401645,0
9.34742771282656,5.824129311971269,3.9817721568497246,1
1.6091459245359319,1.7998460795076376,9.088778261931038,0
6.845180295369766,9.582746978165916,2.677860032791636,1
7.244990341604149,1.3954158883550205,4.472265027811382,0
3.8353933167893803,9.208905145188343,8.684589884584081,1
1.3929246212476953,5.365158879138859,8.143903775266462,0
8.053856523387408,5.9770634456000735,5.566874737089379,1
3.4143380367060274,4.165015036566926,4.918725439888211,0
8.986699404941277,7.4958919299436575,0.10418285307238317,1
6.51423595148308,0.8691800484640377,0.7815190277563078,0
9.324210445250541,8.737557593825526,0.894128802644254,1
4.117057985420624,3.0036735776103916,1.6151316094948742,0
1.2950646768861218,7.710118451135585,0.6117704871113183,1
1.6834141360547383,7.191701208407174,4.884736300007557,0
9.254774036190934,0.012093207861961774,2.5328942115422324,1
1.6485908142854544,6.712461578451423,8.984922951378204,0
7.23292910401912,7.422826657785632,6.536243494907705,1
0.25065094153271295,2.6531593100689466,9.447800423818858,0
5.980392492192731,6.132604535343267,2.081025952026876,1
2.298903327264008,5.950181365382062,7.732154933771006,0
2.1521125374852614,7.348659338941287,4.099918435138043,1
0.1148740450209873,4.948862147314955,6.412886438528515,0
1.880956316828425,1.6153246793286713,4.153361556323429,0
5.846456397377398,5.8354431623974525,1.4926417259286062,1
4.1513288319101,3.397166701557822,2.7086286034168294,0
7.38731477178966,3.774759046736839,5.743363914799739,1
0.9528186589791032,4.111973834840018,0.5461633603513205,0
2.0401835482780473,7.980210325646522,4.045809960001002,1
3.5270245380386034,1.9603867243027928,8.351258974962386,0
1.7985272282440812,9.202323303154117,3.4067233352952107,1
9.191948681666764,2.3613483071246657,7.548551319945739,1
6.854824515552788,0.08489860163261809,2.306018693853665,0
3.748994832825643,7.354923405717314,1.727566923446655,1
1.7814792641448618,5.472876373900087,5.008049892457166,0
8.30186385229905,7.63452403154124,3.9212448411148393,1
2.6278738135692734,2.438109508802826,7.146982951125349,0
7.8127343954774044,8.189813885923563,4.303885953698353,1
0.9811510596779727,5.728441099472986,8.487638543076683,0
5.924663488998133,3.427409285786913,5.871150222052589,1
0.6685428319799036,0.7791374738029977,7.7626762922389165,0
9.053694788372916,9.542521995959563,9.216360350086298,1
3.5602817225947367,1.3601214835972675,5.455612234445539,0
0.08794639713944785,3.3195157170171607,1.237616125632136,0
9.086170553058572,2.0744705269923704,9.992153192326766,1
1.1344659470837093,2.5420300770993176,5.703948270892154,0
6.124675226891031,5.880591519100641,8.363422503724223,1
4.272410420196736,4.403344020715897,3.1376609432980427,0
9.122345731543165,7.845639502329814,3.0119005984800284,1
2.3800211243686196,5.590324193094282,1.6892179519887485,0
9.655707681342653,4.347881176077628,9.396521165653544,1
0.5436383304043935,8.09132819198745,4.01627626372676,0
8.540940267211942,8.96881167488559,8.500816974746025,1
5.954491396888937,0.09984759875182103,2.4549557047546022,0
8.861716372508994,6.841025804950681,9.320948008343722,1
3.4010059139751156,0.5074394327265397,8.897242484326398,0
9.003735487851278,3.612411887179584,9.559385195966208,1
3.241680182379394,5.399967848998994,9.011829524902152,0
8.880927629326598,2.178241012222725,7.717611040689204,1
5.697001935053637,0.9808127186923721,6.401910058609504,0
9.387313248633303,1.8870461684615303,9.572400730823844,1
4.03608631957556,0.5978356395622686,5.636268270511034,0
2.607572339017125,8.853510417643635,1.472098976532461,1
5.594942819868592,1.1237773259588824,4.373641101110216,0
3.796256442484932,6.738709656524104,8.937966174858062,1
4.401210267170393,0.4683846146550086,4.342272785862825,0
5.1798268889126255,9.50756734452272,2.678645624829187,1
0.4982511328070782,9.9547666911876,8.673969693976195,1
2.360931830437012,4.474853006635837,8.361326820212634,0
4.1922973229239755,7.899097928695015,9.233982052037582,1
4.714519261729285,0.8698088398798087,4.116393704136251,0
6.09889946933464,3.1299613158738024,2.6468791525828816,1
2.260255957892424,0.2708616713626466,8.921894173352634,0
5.519966469971066,9.031066286584569,1.6228198196321242,1
6.0482945231386225,2.7669392265857096,4.524002217768528,0
6.229844240523478,6.0583423939025804,6.839003148401841,1
4.756881184479564,0.5830417158554868,4.077286965175617,0
7.064344119199442,7.6076143127595905,2.8938085900215613,1
0.5655892176812516,0.8260408576578682,2.1370588536702595,0
3.9968710880272673,7.750167685291243,0.0488136286476093,1
3.6708586899624462,4.141016914950334,6.760672597570576,0
9.730577906896439,6.507136435664821,9.477144522832134,1
2.606770567108639,4.870296349540755,9.996243127070706,0
2.7644351560082514,6.523981169795812,3.6695928653416665,1
2.286080736586195,1.8733734270703395,6.5721075263407815,0
9.388750994665601,0.6097208060465842,1.4657945528252592,1
0.18306011360468943,6.784759742808276,0.8866391713716582,0
8.167238103331448,8.087604580499365,6.045617839395633,1
1.7423843282457063,1.2302800104954803,9.950676833842119,0
4.167703682415835,7.419581115199257,7.685526342517276,1
3.045789693145722,3.689591610873201,9.32520314681872,0
6.045394242520655,5.318442395172846,2.37311070450831,1
6.927660578013825,0.16176782100749465,4.468619494782795,0
9.183506679527015,1.569305703007936,4.314223555250598,1
1.8063437371996083,4.17314067935988,3.333129246222184,0
7.2842302245070725,6.3538277096477564,9.429299080659497,1
0.984194187215075,6.1197665172366555,6.943977673578353,0
5.428184789665997,9.715415300303533,7.918914199205177,1
1.132582294250608,5.8714303867455895,3.134643312656303,0
9.338003648863117,9.849175833523747,0.5118017891531612,1
3.6982587551738675,3.3471907289154967,7.230430508102601,0
5.402806308032552,9.973790028709988,1.2298348656218416,1
1.0542742276309613,3.097339173130118,1.3112578242762762,0
8.261782275213994,8.868479168656124,1.285449566723198,1
0.995098179885453,0.4476772631843673,6.758030906421743,0
4.007741373885304,9.1815911296967,3.1920827812795927,1
1.4648971116328835,1.3357911307613968,2.19192938490274,0
8.996036764048501,3.5061528860212174,0.8456783545736235,1
3.4928338762489997,2.9540406224677884,4.501875489536919,0
9.757739125693387,2.376830781716172,8.709895727895393,1
0.000477493513481031,2.4950006124437953,3.822809297600551,0
7.754128561250914,7.782618444013591,9.891445349161557,1
1.0245674477187727,5.692108754443799,4.57549344643914,0
6.284526275708018,7.625388026666445,3.52253435570658,1
3.014528706676721,4.884222147860024,1.4917111824866969,0
8.65372794467994,7.5533998964626425,7.45969327381895,1
8.031721283499348,0.9436022101310659,0.3799507175994654,0
9.5594800318812,3.979344053486271,1.072828083124061,1
2.0801481686713874,4.550329458347101,7.692582618677467,0
7.584977430850116,8.833668344969976,3.915315014132709,1
1.3746383950330088,5.093941417921397,6.988720431202129,0
5.614463897072906,5.285223435041017,8.730733981896869,1
0.391969441603468,4.329647627792782,6.470656595315226,0
7.136218532931949,4.940020487907101,0.679835508495279,1
2.976761970272176,0.3468367708715947,8.916105782244358,0
9.100773405889438,7.810746008050282,3.669166672889259,1
3.3315337565072145,1.2410365854072702,2.424747719371527,0
6.988626749565984,4.936768827031183,6.082713456084928,1
0.32288545842189875,4.360207124685501,2.640444152244034,0
7.889913139830266,9.164637101923766,0.9161900472079421,1
1.8725528432229088,7.1053697692182,0.19264744152409308,0
5.777563258250634,9.443952471857429,5.989358761776289,1
1.3765612638726488,7.402788554213466,9.96780858343606,0
9.753580736109756,9.156207535022581,1.4159087174139484,1
2.2013792966965626,2.058256274037192,8.791766065720436,0
5.722427620792214,7.927014424488245,8.96052627510199,1
1.2653887432725153,7.203321494272961,3.7310641267167597,0
7.416921164943668,3.2569849210281596,9.244940143254727,1
3.3217046917343285,4.5457381614206,7.214284285111415,0
6.403870925957289,3.11522838519379,8.1416685759086,1
0.1504804653248326,1.4517119891395758,5.658597479897437,0
9.918546983261493,3.946311927395455,9.37991650489604,1
5.680969491625083,2.151603621077187,9.107637676464604,0
4.691652873033791,6.451144350359655,2.6687939177073314,1
1.5057972305009915,5.8812202896553885,7.53614814624873,0
8.48396187364085,6.864773652125537,3.813225282581424,1
2.031337667811959,5.738428766726368,6.765502202034925,0
8.948339042315306,8.73790021528573,9.688023239693393,1
1.4628125460223684,6.34262679439233,8.180596543587617,0
6.765135564401069,7.313199421708207,2.7768200881649374,1
3.3272657995044708,1.4686342332751123,6.104132215716315,0
6.21626924443584,6.517191102401391,1.9425417990453253,1
3.108059414921136,3.9733475340052085,9.424746126574204,0
4.181023283393221,9.348964096403435,5.6386296648396215,1
1.1494444060362063,3.3788663337231926,4.57402588639488,0
8.86622456003983,2.7402291641374257,7.655868747080684,1
0.2818844524186004,6.957106805030646,5.574385549043724,0
6.91723795721437,8.997634911722852,9.880800257149698,1
6.036421829965946,1.8952794875730505,1.0101847358357652,0
2.3259348542712663,6.684291593119484,2.182064504794894,1
6.001641725070294,1.0029333100473925,2.3051424337838133,0
9.164039634093172,7.770601789462707,1.0982123482767858,1
8.576115424790604,0.08944403878807017,4.886685166014097,0
9.055221811396851,4.9069456891966565,3.6832206348698957,1
1.5062757732322984,1.5645181177154888,4.376960529139572,0
9.90970578602817,4.146474106880758,3.4330427037714095,1
6.634446097039413,1.39328147176897,6.080903746039833,0
5.348852019142396,3.7526762855736093,1.0495294126384547,1
1.1107554003556697,0.09711910291858916,9.219897662944886,0
3.232380706452187,2.6487044247467626,7.675837108048178,0
7.262058455281676,1.8814336962398115,4.44836100846824,1
0.4759636829080993,8.27115011304026,3.86991404155014,0
8.27564465368335,4.8748883445222795,3.740456505704061,1
4.474389028324504,0.37633723403941777,6.883631043522319,0
5.881128926665719,9.138867285488471,9.396914591474971,1
7.702859087697157,0.8219624661902858,9.606779882484638,0
8.534656600202691,4.411772773564433,0.9940773130959069,1
2.894277220810851,1.4991225551243392,0.5111186287079417,0
8.209021413282002,1.4580515950020811,6.028231690396152,1
1.916509111721506,6.6991374651469275,6.867425901625504,0
9.35784660372194,4.486011491580254,6.2364728625195625,1
0.7546821272830362,4.005406788121681,0.533578369374903,0
5.659260832822436,6.628807505522215,0.7891989098132868,1
0.048908519208986645,0.6453368932458392,2.3027710468372886,0
3.350171598736269,5.802491497869519,6.875550967106213,1
5.808617319163796,7.485499779988709,5.72662720897484,1
3.9133265722109876,1.240579540006982,6.809655064055837,0
9.208222999226983,7.429624058253458,7.397048061673556,1
2.5858002990555295,3.8532169091386868,8.921131123513941,0
4.727852797701644,4.590456662387955,3.9912324182070327,1
5.793214062888211,1.277986630340584,1.5763024248750723,0
2.1045267970575052,8.64360825649523,8.501839284153746,1
3.9425958892864967,2.5792948152600683,9.863617073346177,0
1.4838117163179876,4.270434479327745,2.6504015628010014,0
2.5397461993455894,6.57493761302124,8.16911233527279,1
4.157993480489795,2.061206604487269,4.785305635204816,0
3.3359794128529274,6.043689020710107,0.6873120189119153,1
4.023439505353659,1.9758074202588116,8.182767510729846,0
8.376937080740293,1.2636391240103495,7.363379444415655,1
5.008348487137254,0.9712400159978785,8.909587416806152,0
9.22767883858484,4.33033384990034,7.366712663418658,1
1.7023705538516065,2.3759308857470582,8.895479047082612,0
6.636776580174553,2.4249977676351673,1.669607255173251,1
0.3779374071144115,6.975324550680505,0.16288403127986073,0
2.4252412198262183,6.684038996209446,6.9739276619896735,1
5.624914137108722,2.4088734866116246,7.90860155267688,0
5.8800792138852485,5.956665894552544,5.538750524593352,1
5.476987581996873,4.486524571452204,3.6349146736396887,1
7.482576691201292,0.4411905974972552,3.0039542665778174,0
1.6201836384119916,8.707004223341713,1.7049211441712775,1
7.844345873220508,0.4407688923804365,5.495626323396538,0
9.276566353971708,3.8939868477279562,9.257673597254623,1
0.980545626879965,4.858872418897136,0.47823285179632635,0
7.250739308106555,7.579366583367566,7.108012316919554,1
3.9711245777737423,2.45570973332619,7.685834155716766,0
0.86359456261484,8.584955342242237,8.423028130348229,1
1.8831658489198,2.9035594281012234,2.41197133058046,0
1.6997270004085308,8.754918953524799,9.166101626481833,1
5.776190415468249,0.6608919312509243,9.502033921659761,0
6.534435342038685,4.590119863632988,9.331628590058767,1
2.3557819675664526,1.3514498862737168,0.6980626196013762,0
6.405057401420329,9.223803304900564,1.1052356757986526,1
3.4901522675844685,4.280563925328702,5.796161329895063,0
5.548483248219412,7.776725827901149,5.445975920246284,1
6.543749641614145,0.6234028687542204,9.518761065478285,0
9.193697611309016,3.6301227327061527,4.356886823817571,1
6.950979630199942,1.5916712309116887,7.259667822128533,0
3.0360239769972743,7.2357798706508305,6.594921266444915,1
0.004753641061820968,4.914717384368905,2.9291159852910074,0
5.399147463426629,7.978280256606347,1.9389426366579043,1
3.758524596727751,3.58478245153504,2.115397021042613,0
7.264494922853329,1.7484402593906512,6.6771053085573575,1
0.672975321122754,1.5412694923578996,2.0174698663944146,0
7.696213459847118,5.529506001180186,2.2597276612007255,1
2.9220540014206486,4.628649817137304,6.078359193549528,0
8.669260136237739,2.3847960859312503,9.5515415304818,1
1.1068660669411179,4.9998618072121035,9.92685124182706,0
7.556149013259245,7.012149411709444,5.200590346253663,1
5.902016887887916,2.21433194447354,4.990088513818433,0
9.225866535348764,7.123062671191812,9.658458091658922,1
3.181112011177607,1.329429920473919,1.8691727832969163,0
9.56589660649042,9.425899763079927,6.357677080889653,1
3.9266381800047845,4.402356734348935,5.838532522742813,0
4.126128236900595,9.80181645161213,2.642686862922794,1
7.565550909863878,0.3166850994503245,9.010132348132,0
9.06791797008844,1.7734624225538642,1.361056569991791,1
7.7866068410021505,0.4288384107142995,7.204131509279062,0
7.4508774371334985,7.419758596812327,0.33446576627830793,1
0.832566411476664,8.071525784025798,9.68215538543797,0
6.212095128096232,9.582027687739703,1.2560773659193358,1
1.368381349275568,5.545970819553538,8.892398132608644,0
1.9400015060857645,4.266683391191215,2.9023393229001115,0
8.108258330584658,5.833402768620653,8.397032888529296,1
6.449726338534525,1.5722663994954844,2.7390243713342013,0
4.131267181536641,6.700769526814341,9.351952058811607,1
3.973041991843038,1.79035195760749,5.775856391795369,0
9.588613838277704,9.259787023801051,2.5734336581314885,1
1.8798303266805394,4.283674696706412,5.54741820530184,0
9.94471785564456,8.409296714766734,3.6799464723888518,1
4.402239536732652,4.494798629681202,2.798492992750231,0
7.576871958024033,7.610083629295627,7.441804832985463,1
4.136032046116767,0.5758707894774495,9.009525802617416,0
8.729022363662455,6.440562273105341,8.401304122104298,1
2.310860090638578,1.0383717455539054,4.668464466008863,0
8.38208777460652,4.190091926306573,5.3262672774301665,1
4.200622687273774,0.7425050088247631,3.8861557859906535,0
9.145967404443212,8.999403776972365,6.942599310179975,1
3.4804774283054094,1.3933315573505023,0.05935748315996414,0
6.3398508428412095,2.953165849190955,9.145949663073175,1
0.3805801844007095,3.8187076870844363,8.9128690495122,0
6.141037403683988,5.922568639390107,3.661751502834597,1
2.0942490250958725,4.17531710587471,8.749059749825086,0
4.2663348718488745,6.954122845527289,7.001277465165875,1
0.4689832343209188,6.197002004320114,3.1416734508509836,0
9.591195155908267,4.09877365204478,6.643014277165685,1
1.1914081512281538,6.965157704855182,1.7098128631954557,0
5.812367267135553,6.161528678786724,5.588114827832475,1
0.11426933958802676,1.751024667233212,7.776398692620486,0
9.116667524170927,4.796002644891963,1.9040977625488464,1
2.1559104209262294,6.0363020661776865,9.196071071392852,0
6.478957690619163,4.625292767617681,1.7582143667810368,1
8.167438950604225,0.1296318389695017,8.636773884952031,0
5.408628819136872,8.275683856658913,9.13247689510609,1
4.028465908050798,0.890014125600016,1.6295529751569038,0
6.9777971913115335,5.197702161961733,6.905062660215603,1
4.634804423285905,0.0972473024317011,8.8482533171486,0
1.9765177838769377,7.624073200764128,9.971518046257785,1
0.5781072506793494,5.054484611360493,5.425011927262636,0
4.809585913984462,4.851420244438758,7.425778817221876,1
4.168160992810864,0.6350704028302923,7.698608250315435,0
8.370560638262855,5.724929428670959,3.1762047164410454,1
1.7769782413488089,1.0430744758505717,2.4352676771961557,0
4.673770971440591,6.166017067873504,5.997841855433274,1
0.6291445515310801,0.9952388864835049,9.772765660287936,0
3.687048472922129,8.012835350828574,4.287477976516586,1
3.4471708953924427,3.93479966911186,5.831002008044919,0
5.41486797306913,5.728892143335185,5.309960295918454,1
2.322800914497367,4.805074443570641,5.655507669671577,0
3.5357168553743135,8.91898052306262,0.9128925469409943,1
3.762883646573373,1.3253951233955197,2.4911891363040164,0
4.8497189154936295,4.414265017968829,0.990094832176962,1
3.3909810325254397,3.6012750971102694,0.5021941287480403,0
4.8458917591885164,6.514304637525764,1.2098777429503282,1
0.8659423866382054,4.0846562355338465,8.676347565001652,0
5.980070089047324,5.62564471935484,8.084237705209508,1
2.61025617776928,0.9324454057148268,2.0407278127109785,0
2.0666957684750207,7.774051854422829,9.255820411563448,1
5.294725603213175,3.3251451223673767,9.856315892944457,0
7.602771936470415,3.848323595537911,4.493694427100065,1
3.904345153886908,1.906299299985682,5.918671496043685,0
8.947414238798075,6.661726848154288,4.714622001909494,1
2.50198060906218,0.15528784748651936,5.757242729544004,0
4.455160902310055,5.900569774340301,2.8621393873652634,1
3.2908790538096566,3.8548161042755447,7.815855548332737,0
8.45402989823574,2.132659581038978,7.626721255771802,1
6.355917009947855,1.5584562617561915,0.8491247279170022,0
8.937588772908672,1.901402823443138,3.941136870285545,1
7.145378098307649,1.2380789040059181,8.47552424323293,0
8.271552470935374,2.8007856596456913,0.4026766712395047,1
3.7298884094023776,1.5385334279706653,1.2414048015510104,0
7.409049388020621,3.5428937002733694,8.402154508867183,1
2.8542286976334275,4.803825828183989,0.8123343049842358,0
6.967507903682889,7.923543776786497,3.5033904337802757,1
6.0004599719532425,2.698092272607986,7.939434941791981,0
6.81222754409749,3.817142411763087,9.493639598660359,1
1.6435635899435452,1.8296631693149668,4.005501442394084,0
5.195949309225507,3.815276491671067,8.675454728750097,1
1.290191755614557,3.1520415709219938,2.3999962442727063,0
7.421307861668144,3.7755433263634117,8.86146190657352,1
2.7192012253344435,5.889422020018184,0.009496399464983263,0
7.2618181783401825,5.207244129278791,9.766942745540305,1
2.792789733210941,5.045564585897642,7.7302439187026035,0
8.932063788288238,9.888662728089749,0.3585698096151013,1
5.242233871965754,1.8070860353287477,1.918590862181504,0
3.5119170019306467,9.233190185765935,5.636528181678164,1
3.0314167786280546,5.152107963373861,5.883050264753525,0
5.985608540237314,6.709708038659201,7.140498008207674,1
0.029759911658508997,4.464246090298594,4.080193494466001,0
3.8465983088112257,8.295539840707672,5.427312316568623,1
2.756357837254261,2.557373292520241,7.2770352054019085,0
6.676363734433348,4.9281982841410885,6.944279714721404,1
4.257496225814697,4.000854655469791,5.143679190563483,0
9.74706351793664,3.568492248496873,6.074404378177932,1
1.030553989385522,0.7872376191422759,6.926573232053695,0
5.0294573350178045,9.074171433331495,9.7014323608234,1
5.012414515676409,1.6381345562444416,3.988763515513863,0
8.640853508504001,2.066025383782563,1.2991225831778586,1
3.265397309282956,2.8905957759528302,1.3038792320561832,0
8.882923157698364,3.1235570849038305,8.803487482872383,1
1.030852039018152,5.74682803734488,4.446160273463913,0
9.72225277715124,5.971184679690444,6.969133067406802,1
6.233800953568714,1.9434321893023843,1.9684122765121126,0
6.77637632303429,9.991260363320434,3.9575557626904443,1
4.596654747444903,2.751295083298382,2.8907599449071886,0
9.8266208902744,9.14278234027178,4.4389646898143456,1
4.235768528184521,1.611261970546355,6.496836425015733,0
3.728740078840409,9.884136820219625,0.35809316688301673,1
6.753273497352613,1.6414113673283626,7.544288366852153,0
9.588095038112304,8.740344448956044,0.8546574217377922,1
1.885400548185815,6.465124145318812,7.079877726950072,0
4.42918989553997,8.7080776763474,9.786897333406168,1
0.5076112793478627,3.292067433406741,5.9619560179691975,0
1.345737469110293,8.502325178094853,8.40454211857861,1
3.6499618655075574,0.5588835093143341,6.174450198411197,0
6.161132273253315,6.444501860992283,0.44375812685432003,1
2.322834716803095,1.6199242513752876,0.26352921496958004,0
6.2384093540312175,7.133011445175371,3.369755186331208,1
4.977086195116263,1.8435019146067455,7.085632616512142,0
5.993225176990601,8.118688764813195,1.411700509868311,1
1.9188913435816157,4.567670380802803,2.0250183114982567,0
8.444334593913476,5.280910065867478,0.16606019138802885,1
0.886439524621141,0.8005179844755428,9.877337919913124,0
7.959385545957346,5.922922842304171,3.228552128554089,1
2.751587846339266,5.586781703705597,6.282486004869282,0
9.73895943622534,5.790996551841532,1.5680807808334296,1
2.500320251295495,5.870509340968803,9.792537959046305,0
2.175894662521606,9.387686637044402,3.4312489773070953,1
2.9752935640430103,1.4321015158876083,1.355107768246826,0
5.503204707559876,4.768804199853561,4.310903960045777,1
3.918592431430704,2.963658619328201,2.6448380072797106,0
3.1305574917735504,6.784574374695234,1.4894718085363656,1
4.946926021315995,1.1808339196932272,0.1940702755774082,0
8.630818050168685,5.60267654998027,3.1228130156350984,1
3.933433127713155,0.399045445423557,7.389394753273605,0
8.070042692599582,9.591050637509925,7.958540675698971,1
4.274919773105312,1.6599525144316352,8.915264295814943,0
8.066059625885636,5.099637770732489,1.7348350652409827,1
5.736289367564501,1.9725289195227769,4.961633439127216,0
9.749939427905055,4.922737130228805,0.23847080007953325,1
6.1507275588468495,0.6786566011435247,1.6304205152972895,0
4.233995077680173,8.26986406447361,6.230564307727747,1
0.12384151107536323,0.2876449898402822,0.3645474420617567,0
8.461173791559395,1.3384285369746862,4.0228035332396495,1
1.44969176684825,6.4879111633660465,5.789347437363124,0
6.9060530013139285,6.34325714255835,2.9290920192763803,1
1.036741436030324,6.705755570890726,3.896875051416968,0
8.428555288993946,4.5716089576728605,5.853408138575691,1
5.923773305008504,1.34728294519187,2.837767812338213,0
6.989265061096685,4.381512070909381,7.937170641833795,1
0.38832744445129186,1.204498371142284,9.710104517586021,0
1.205109906958054,9.262544857289475,6.291262559998868,1
5.373779023923695,0.7552045138998786,8.710759341037257,0
8.868953967652631,3.2313880021679964,6.76915114987492,1
4.947354857426394,0.30786965932068755,6.1284853479123775,0
7.494134810501843,6.694502351879043,6.177701913628091,1
1.496065387092127,2.7719421067781003,4.193818728334651,0
9.199999308919145,2.912953527884338,6.042356478659192,1
6.494397868979927,1.2425624805087965,9.193909005189836,0
2.9594075903460992,8.161129403794705,5.7703022224253155,1
0.9680916824276575,1.2743964938892094,2.804346221208279,0
8.46765599105058,7.618629164544472,3.4993508700777287,1
1.4152680340220003,2.197740573429604,3.401626584852785,0
2.0611324789034926,9.772060587299361,1.718072849658323,1
5.209667095465548,0.27361434124912987,9.251420621656921,0
3.600844554558893,9.167188938692505,4.217021857547768,1
4.768137382092931,2.2292071792778287,1.5677058197181093,0
8.813921373106425,5.694316783851651,0.3914224396584931,1
5.980733289565819,1.0737459963963125,8.640133872969466,0
3.4197203909457476,7.237076246651353,3.8021887802555643,1
3.41541519218128,3.7363710249041793,0.08889548012284254,0
3.6778337187558376,9.94574436467503,2.306086384444228,1
5.7542766267073695,3.1897118325628506,5.998606868875152,0
8.736977225587378,3.9232034678758465,3.8427568293474854,1
1.5822163799429623,1.0813861440600492,6.4623093655046535,0
2.8371850861839154,7.14344533521976,4.193988939546501,1
2.2292244695389343,3.7238182363433614,4.550902307258441,0
3.639635079158412,7.851428087999576,4.348092211725213,1
1.5320026346254034,1.3608980054028497,5.558996532254163,0
1.7969180488384584,8.67481504548506,9.941290665071834,1
0.5493101397595002,3.644440821946352,6.89235676844162,0
9.759649862492164,8.681290577342907,9.89222936344968,1
4.915598715175849,3.589657932008019,9.532575798729178,0
5.95279287644971,8.741653689992791,5.602381539921791,1
2.3177915054970635,6.282274157762772,2.002094943129041,0
8.736959692920816,7.26612668039831,8.406750189590447,1
1.8128447649587232,5.027347282076354,1.7605190614262145,0
4.564905052342291,9.70630916296342,0.673404833240564,1
6.4254976018493535,1.3875943588305506,4.2621764310649,0
3.2405280521744473,7.20857953910232,1.1005924279906676,1
1.4822295557528953,3.32594912762234,3.9010089173593676,0
6.241583778513879,3.7192354238195016,3.8864391401218903,1
1.712876663265952,4.168658577468614,1.5136666239264196,0
9.101090921685243,0.1740167303518536,0.5245441755676872,1
1.0242454429155767,1.5922303667858095,4.094228213128747,0
9.232717302905066,8.096482387346846,7.382975305006156,1
3.623707583266824,1.2697774107963133,2.4463611526919737,0
6.4032057683638,8.512180310345768,7.506864115101505,1
1.1919871872894627,2.310896805820557,4.249921458074951,0
5.507208535759398,6.90283330086225,5.730332705098295,1
4.1897190193045075,1.5950150647803651,0.6746353227637603,0
9.116416785308544,0.45947079539916613,5.6895798687373755,1
0.5214117103223581,1.2944360463158866,1.9652592277354863,0
4.020760475088619,6.156390975664591,9.310327892850859,1
3.1181925109915865,4.309692339298614,8.20173868486346,0
8.110837907403623,3.309727375777914,8.26641420787493,1
3.373292796579409,5.5855035142139196,1.8006061200387824,0
9.749057333061897,5.283188726975796,4.05145690360393,1
2.0113404290427086,0.5486238831436596,7.898630653347465,0
9.71625793960058,5.952071713743456,0.7969818011631802,1
0.019220860743371926,8.591148499340692,4.363987879482419,0
1.9116441191203692,8.839621155859822,0.23262977846367328,1
3.019228940513848,2.7155945297840347,9.969165144858238,0
5.086537752975763,5.379719702639739,3.0963577257028616,1
4.989422178181988,3.2379602559625855,5.838133812625196,0
9.626833002406114,4.033759443317018,4.200016190162268,1
0.8064094299439195,0.4805675072164617,7.468485993363377,0
7.6008662659928525,3.305222925269903,0.32412331540121353,1
3.880217638071757,4.332565529496335,3.2288873058574663,0
9.422525257154255,0.46778682862703813,5.028370987107199,1
6.368725081730932,0.730395412371253,0.9655290007694761,0
7.373418322007747,5.719065823035598,7.218491448018886,1
2.5822062697592885,0.05730254855828121,3.2549886656756843,0
9.588435757049588,4.312067558711812,2.8773613545082855,1
4.619365211875674,0.054880703219115645,3.149817093477382,0
3.248896297430944,8.261247997199074,6.0481355924278954,1
5.03013908021523,0.4949756949576267,7.075266558146637,0
6.61008109264115,4.547692535245096,7.27901286945369,1
4.6176296104630685,3.9386002447644075,9.341227971261644,0
5.427021284125626,6.238840322354838,2.2384545124696498,1
6.690684223042924,2.2603005236658102,6.040823541881578,0
6.086149567723789,7.281546449867388,7.335713425496156,1
0.9469659625286808,2.059873426387744,6.490946054822442,0
4.806176269601651,4.845734975551039,4.777049678928852,1
7.457649156328166,1.2944006899414096,7.291239138754745,0
6.700172613610347,3.0020584325072353,2.0828895713821516,1
0.923153379145295,6.782106529409983,6.179560440086776,0
9.420011273804672,4.067795541914196,7.000536587134402,1
6.6144380488422065,0.7391902388477478,4.2612933260320895,0
5.95388540866087,5.750412390976068,2.1374678122459443,1
2.84432877817237,1.9498820352005775,2.91170866774088,0
5.098828450476956,7.1272676588158,3.7032478150989645,1
0.5679545466226998,2.3394797874394033,3.1286148792452972,0
7.79990511625439,2.424927212498612,1.0374004591165076,1
3.5290294804633016,3.636810302598045,8.07935068482976,0
7.28638227819156,7.342783233828378,2.503575528897075,1
0.9398469522217923,0.22410788198919507,5.279625793727537,0
3.0458494792023605,6.449472494223447,4.73916717136539,1
2.396905309108938,0.05010726824831613,3.4329561645745676,0
5.6139295834617435,4.024769679970884,0.8045309494398467,1
1.3598004351197124,5.388680049615501,9.169372507650692,0
0.22100073395906805,9.319656198829286,3.4885175883719564,1
4.191629274130108,0.08572914842223889,0.5219086206351065,0
8.245591789911801,5.080696362788099,1.5394349762238524,1
5.656312672077016,0.8454949640677167,8.81812853419122,0
8.784020017218486,4.5160347674558725,4.368360189523645,1
6.1826482856114815,0.17745889367144163,7.296051151073351,0
5.305118229732464,5.843387708907524,9.36839656147188,1
5.878582051045233,1.6285756068618118,9.87054362853442,0
5.527932664043633,9.507693427466466,7.080112704018999,1
2.190313180557121,4.426070178762802,1.3695580894140857,0
9.66055392167191,4.526299337230338,5.085186997602146,1
7.5974221114079015,0.05275889353440588,0.7362639826347084,0
2.5689680434613726,8.396801708237767,8.866742531063059,1
1.3126631332771665,1.9336616452175137,6.445297009169385,0
7.105569558805806,6.560887756130178,1.7720616377169396,1
5.154049378993407,1.186081205303009,3.39599001659718,0
7.357113756361362,2.6029171387947034,6.361747986892316,1
2.741851914386071,6.00220616262471,9.306459275513047,0
4.490072591027005,9.499047795536692,0.8745704748283167,1
7.154604876866799,0.5454610117775904,7.559511654196721,0
7.9701844192308124,3.7274198789841115,4.2886192544349235,1
3.831740592283258,4.587537067449066,1.2620755590798483,0
9.785224210015718,3.5268447251745307,0.16729737625763352,1
1.2314819878982541,3.275551511918681,3.958927393683087,0
1.032591672005595,9.511326875841261,9.74425644142466,1
4.686500890318008,3.454419056496775,2.2305105799570555,0
6.306861988875021,4.081904129423562,5.174308760724436,1
0.3177834054807893,0.20260066365362595,4.45004831815638,0
7.373740785024836,8.892062645543234,6.681216026819148,1
2.530095854591573,5.8906062064704585,8.229636663502484,0
4.566184539158424,5.6988577466395105,8.281041340385697,1
2.8129563327628917,2.34286488300779,0.6559274731372933,0
9.591775980172129,8.703208950857393,8.239630508118239,1
4.244148595182628,1.1392563602764316,1.7542544822289874,0
3.5162998449665617,5.492027722650995,6.815436757978927,1
4.312265363915957,1.578597306813968,8.745586002791573,0
2.393630747379074,8.269408042975599,8.675613295486992,1
2.492066831711143,0.759694825322339,7.665827640515205,0
3.7130109724324667,9.510590897111555,7.226265091063815,1
1.9878695736787222,1.9338951979339458,3.8824336086155675,0
6.160717636881018,3.145522709168045,7.052834818822368,1
4.28975215154614,1.289313241395924,1.0451066636686224,0
9.87284328843121,3.216378863951148,7.678209281407755,1
5.845844890185257,3.106328047716007,3.2202108585572367,0
7.85769991887737,6.61560761898272,6.609169525638926,1
4.599284783417801,3.325090706208341,7.4606867874175995,0
5.495209160823525,4.62208212701587,6.803666945867043,1
2.95702756906583,2.746175025161157,5.890649068861899,0
9.96926280278793,5.6459874694361565,5.662898717424527,1
6.716614473790369,0.12875919189847096,7.717456815038803,0
8.843589804373403,4.12940285126619,1.663269233691591,1
3.476549281650747,4.283285866818946,1.9775570901369521,0
8.592282363881411,3.493718925681919,4.595516608907783,1
1.0755658482583408,0.3598104138327862,6.68223353016441,0
2.0213022592110654,9.507733437539677,8.57486143134887,1
5.026127283245495,1.7709097901049053,4.521081771442729,0
4.960292804230624,8.44692045281196,1.9467244266000627,1
5.846882356305187,3.0196024229274343,5.571332870805858,0
7.411843852316409,6.026584169049768,8.740922582030503,1
1.1577890730733764,4.389918181870781,3.4567541916803792,0
9.937443535262757,6.680798794701866,4.791469488906866,1
2.5596835665099715,0.9969396850315582,6.596134390068924,0
3.903810610520794,5.463492173274835,9.108647284596742,1
1.9233089449687668,1.7188363333112822,4.90461115729526,0
8.369248645791643,0.9233507555555498,1.0775644950764363,1
3.666284870483907,2.0625556687570077,8.048769292693596,0
6.71561602443145,8.93929863135881,8.573861617216407,1
4.539037502876124,3.5579479495003463,8.217448786128797,0
6.502949939790398,7.764370928194168,0.7988905385739309,1
1.9927267756621292,2.7865506091706016,3.674757516965661,0
3.499906400922297,8.348806810163282,4.71944702068585,1
3.011258916022662,0.6519648184427351,4.008939988274855,0
9.680341533604185,3.861514386123044,8.715205424443887,1
2.59278466226456,0.7733010466081836,4.47773436658257,0
9.247188544313891,8.385200960606076,5.363893658815522,1
3.9693132949691257,4.459475641469966,3.678014049622699,0
9.539324408263296,3.7865052043149374,7.714907241062832,1
3.231737058874895,4.211457811043303,8.60152155619297,0
7.509406178885253,3.9560703662875305,3.4131473461835196,1
2.9155528855266355,5.803619067330143,1.7488288519646988,0
7.446367993948172,6.43760366652519,5.319154677796888,1
1.3302589295168354,6.413317700308362,7.789836108828492,0
5.0889631539266365,6.02045613354584,1.1963169139176844,1
2.5550907033650216,2.1271473069221836,3.4010443374441293,0
8.87464228125852,0.5171373769072984,6.903538221650512,1
5.720448985966168,2.3673810580392427,1.1663890855003745,0
7.326373053959111,2.3900364801481446,7.298630320199101,1
3.243240721363602,4.2906800457057015,7.828684338418087,0
8.094953558672595,5.120802639488752,9.25185509513213,1
4.632961611050583,1.9226948473194727,9.108006423121669,0
4.2683510368711,6.220435953086398,6.9069921753350485,1
1.63274135593508,1.5659048649845342,7.651247089542642,0
3.509129470227691,7.609545340647018,3.5440704395620246,1
0.02657687570841394,2.949572004150547,6.395098032072766,0
6.846252306993921,8.070884044273459,7.472898086464789,1
2.15920439712305,0.27778659874868494,1.1391965343468935,0
7.211150812822965,4.881995905026541,5.924030664203794,1
2.0620136135764513,3.341487532565263,1.7721145159033425,0
9.81830876727145,7.832083504789522,8.758480523179312,1
6.649273569100679,1.3525301299446835,7.128826485259877,0
7.784594984440592,4.285405662576906,2.0529560955039816,1
2.659668636415471,5.144355091579228,1.7562437153051857,0
8.219174609171612,1.207171780544526,1.192583368741691,1
4.820146447311285,1.753473619597028,3.88656667647435,0
9.365715631189278,1.0787335508341367,8.278874061659016,1
1.2735401977206984,3.1250941881191228,1.371090431985763,0
2.5318267398475633,6.758060008908417,2.1470103856137737,1
2.3503364404986415,4.433825273249125,3.3521512860915426,0
5.874791359695514,5.57299667054468,8.03332042572778,1
7.100567329432186,0.5601716110498867,3.146643915109287,0
6.865199421522438,9.575685066520649,7.252985949377812,1
2.38255305015025,1.8282773096403304,5.082029244835413,0
8.424981034789948,4.337606208622892,5.068235420440137,1
0.9906681443075027,0.47070915256481105,2.6066802812083623,0
7.6369014681703185,5.688587334620934,0.2865132149895344,1
6.069610692881996,1.2048974174773563,7.97134924082145,0
9.698101060382298,6.834577864572954,2.15779643446951,1
5.769465230491825,0.7819125403237281,6.948262389316648,0
6.288300042737801,9.245883183164487,5.2948639088714256,1
2.0902003501794466,4.5524518009079395,8.272674066479272,0
0.17501663246385357,9.911858278595972,7.073262741598548,1
0.4748649378619263,4.034187223966786,6.556328822394039,0
3.882435137711362,6.741040703594244,0.3526313995927777,1
2.3530205411009897,4.590534415149856,9.522234478130917,0
9.457618845904332,6.390583185151942,8.216778029846424,1
0.8343680572795231,2.323060081314139,2.624347702943716,0
8.533795912565846,1.5617300231020692,0.5400512834155824,1
1.6958229977304173,1.6100698939180136,3.1357754402003,0
8.616760423086827,5.610256791885279,5.613162792150277,1
2.424444743339432,0.18329921999330034,3.9254340555366674,0
6.445433275010912,4.461586883588059,9.887607528132328,1
2.737026773817429,2.2345374976435073,4.258544800800596,0
7.009741309624095,7.541662462765401,3.7455680420058957,1
0.25923992366313486,5.829740229310136,9.525386627114926,0
4.589552200234772,6.016930180404977,5.9149271696312535,1
1.6290560622036976,1.823043189578819,9.92936612054995,0
1.7520261733424003,9.234961331627037,6.828708802309354,1
3.442504877156072,5.021674939300075,8.384446601604783,0
9.572897275579315,9.326215976463688,7.02977316417096,1
4.042350237030008,0.8939288690693803,5.399013376749478,0
4.113212479198456,8.717264595075328,3.3433761396825226,1
5.304517567757014,3.190854978018524,7.009766558789546,0
2.665680939693332,7.619334205380154,6.933880084040602,1
1.1695879567001155,3.858571098039949,4.5545016094028945,0
0.9291504489248803,9.332651172643535,3.0441828716201726,1
2.6578749869756733,3.4279400071697665,7.027496350936319,0
0.15050374069778938,9.381929492051215,0.7139675388016387,1
1.3979259300952018,7.362072367401486,2.8115433541459245,0
8.248681166258589,7.955411025484571,1.6633624269025549,1
0.9886821264000767,6.012601970139942,7.264021419900882,0
5.694585955354519,9.948834168412588,1.613313885690395,1
2.4854450912048542,2.408397920720242,3.370513481619719,0
9.08200916763796,5.034269369108686,2.699290350880453,1
0.21546938677824978,8.486579698100279,3.0604909061065144,0
5.086059041181921,7.871339677220205,2.396016567140701,1
2.730675758925684,5.644021349158152,0.634764220513867,0
3.323588832206047,9.040098296433728,9.121557335672435,1
5.186305645395085,1.6784766291274533,1.8748415057406564,0
5.462071002064483,6.06970360868403,5.709950818330989,1
3.634546809591408,4.872342800859315,8.939338309847834,0
7.336171811559064,8.714777701063701,4.568782326835947,1
3.7652351257426817,4.105543253581501,7.995238160172068,0
8.00590257696929,7.086082351326665,2.671551627793219,1
4.356835879158084,3.1799664120451174,2.967930660842888,0
9.964207379723423,0.9847526759212877,5.99290407045101,1
0.0002921719411141943,4.222850636686239,8.242527007781506,0
7.72880224394304,3.1869146598715457,1.0839019162625563,1
8.336416305937755,0.4686243582714966,6.690939383782655,0
4.86563362000945,5.336412889339597,2.6249814949156516,1
0.5612093515122019,3.721640888328727,6.272773668600728,0
6.958139044123026,5.747141076758252,5.551080143043955,1
1.6844583627180498,6.754363021433571,4.5142264124586635,0
4.168351334993174,5.19253207567899,8.408269872841355,1
2.716359164710438,4.182680664251333,7.677088423962534,0
7.403407619075008,6.835782156431226,9.618657153016459,1
5.291876039451237,0.5813204547444439,3.974148908263598,0
6.224830474951149,3.1064278743786042,0.6660442127933863,1
1.861314351807981,2.108393881106955,0.15938932850378174,0
5.552455736376696,6.397592140879609,6.980968751170991,1
0.7964973356789484,1.7664337133958852,6.838347330749674,0
8.25121000176406,1.102200599408365,4.27477390863793,1
3.9357717307122932,3.9394820784966034,6.548739323731124,0
7.293515273971035,6.049005244353722,6.675373704494161,1
0.8841193785618318,3.1312066526456483,9.728899517517268,0
9.65228247530354,1.7205191475935,1.0601166684161967,1
0.9893911320924587,0.5790495226554415,1.411091006176609,0
7.395109023847304,2.7765017787387833,0.1825121312272604,1
3.508712517345697,2.2050615877228754,5.63091853982085,0
7.659608924890185,9.27769553468173,5.708878399311054,1
2.5974904934302323,2.4842107232949817,2.3027646902182655,0
7.962386963854733,6.939550864721226,0.0336041337003945,1
3.5763880184832497,4.059424408620823,2.303915150239144,0
9.361766252746156,1.5108284401869176,6.484892382320565,1
1.0339648285037828,3.74958286221742,3.4089879370286402,0
7.260515989325759,6.054459274980814,8.980234439514748,1
6.116386609390053,1.164030045329656,7.218440907350104,0
7.286235869508654,5.993520868469087,8.663782403402152,1
0.6422938804244593,4.682185583552517,3.2192674031371036,0
7.537366329655967,9.331617243755023,5.297942738244236,1
2.104694423675302,5.839891767157334,4.501929087887403,0
6.310491713054908,2.842673896634599,9.529022856920161,1
2.5112167869413216,5.252986562521382,7.905866058665282,0
7.992342662147359,3.792872465400227,0.7328549195529022,1
0.4859535253582892,4.010025993149801,9.12602554805133,0
2.9597076890785177,6.3254752622698875,4.200482324781487,1
1.5029863916900388,3.3126690562375583,8.648110878533013,0
5.024797392180615,6.676941004362832,5.184371436409277,1
2.7769511123611967,4.035644567322903,5.458478703602366,0
4.958707089015774,6.338652359349124,0.4069091347200726,1
0.30495564099774275,4.441619489405808,3.9277269416483795,0
5.762766661548902,4.580926908785773,5.71378390159645,1
1.69018315574184,7.160687615055341,6.300390547386623,0
2.346410705934665,9.164524932935333,1.9730243716454199,1
6.755778997161938,0.43290508612474854,7.787314232113638,0
1.4153988773511794,7.844061790199778,7.567941258437594,1
4.864552450263442,0.7407100950634626,9.345708291576912,0
3.3056213368597875,6.148584216031714,5.141311227012552,1
2.198141286999621,3.5136901988977076,6.1146700703703925,0
3.0919379897801758,7.046531238518497,3.3979081308763712,1
4.73197446955191,2.616221356819637,8.509376665825936,0
5.375154907447558,9.981449543941416,5.571757337282875,1
0.9408883126006939,7.7831731214977165,9.705275793678931,0
8.538787917298933,0.7914453225798479,5.980873949346427,1
4.3026756762348795,1.235175056247596,9.752480507827611,0
6.855561063863814,5.087558217652815,4.8241336476621735,1
0.6986500387433436,0.7757160854903511,1.0118085480591088,0
7.364067344761632,4.148419341223393,9.134990516569367,1
4.436488425023187,1.862340464496205,1.049883125839638,0
4.514123126922601,6.281502913508328,5.412671076203356,1
0.9905544436985736,3.9637755361520046,0.17707764593197672,0
3.524122551492339,9.814383464645044,8.387204818998095,1
1.245718318325053,7.343350943130601,8.437391016106888,0
6.700631114129468,3.3624430868007193,8.473769083962432,1
0.6422100941346942,3.738248971681324,8.527864948547077,0
8.67493087363929,4.814532909796821,4.555520043309471,1
2.7258069615314806,0.15338324459818864,7.690119605033066,0
4.613177165458865,4.8158176566910305,4.025585647118023,1
2.9697854249482694,4.72608411359161,4.474572086230014,0
5.898330610485654,5.522811635758972,4.246921088082224,1
8.0415684374727,0.7015611220089213,9.58888654689317,0
8.795241293550163,6.8285072444845145,5.001375465758301,1
0.01474144590297044,4.460698284979218,3.3709987294599033,0
3.88316731784234,5.672892116624359,3.6442332651126064,1
5.503276168176932,1.8130956880199423,5.004849309332796,0
9.455101063515048,0.2900745349629974,6.000302464499507,1
0.9556861158346208,5.278239530400674,5.0819136652465735,0
1.0815044858737932,7.983813530138976,4.924817571290781,1
3.8420364081872913,4.762691097521677,8.799332629255963,0
9.012302547175247,4.370131801963123,3.57209305375663,1
0.3058982573541591,7.426531376954999,0.6538784161898792,0
8.914522889897452,0.29192628370308116,0.7759604542692611,1
0.9480529696528883,0.48358672087158827,3.379981890297402,0
5.444572905661027,9.743806909038698,5.068021330098116,1
0.22109581647881904,6.603742350065057,2.869925460258831,0
1.7699836257624746,9.175826891553427,6.04650697133563,1
3.871555125787227,4.474235259917326,5.6759033074659735,0
9.380981946514332,1.5381243332028194,9.944779344572215,1
0.6957374214741374,4.935558046446151,7.5084229549825,0
9.977985575184379,4.736797605911617,9.017136427002997,1
2.572252198442243,5.205592616799967,0.5339247812631076,0
4.1066631546153065,4.961377915172465,2.084535964763873,1
0.9725333311819884,1.0460138558103238,5.446989987788983,0
8.622113366938146,6.133388944146054,4.650592103163276,1
8.919458023592188,0.0543439239383936,9.399681493175684,0
7.69850749089957,5.763131100346922,3.308719421927977,1
0.39895547404592446,3.9632643917322286,9.02484160234887,0
7.810886924618382,3.2181736271773387,1.6630088990911551,1
3.5511398403464445,4.903185585983652,6.281316930757476,0
8.596927029876111,1.6925231238226646,1.5911908999652058,1
4.595215985346518,1.112775902166201,6.889023000009758,0
7.248647033139042,5.06043741409099,7.484040819330641,1
2.7092086508984936,1.8608696448063167,1.7471083367499862,0
5.34580263492196,8.35216196543182,3.120647829116272,1
7.8397191247621665,0.8374465483442861,0.742313090684027,0
9.862268341544032,1.308158370246878,0.8289483389633212,1
5.338403846709182,3.0624992918114655,8.687181324943902,0
5.093570893454954,4.1082449225609174,7.978359644316965,1
6.555914368431638,0.8024172191410262,0.045775649552897146,0
0.5413751701642833,8.910134162299318,3.8132933963298243,1
1.9188070885752373,4.3600724314033314,8.367398258260364,0
8.61135453029927,0.47569751267440785,6.684350417595928,1
4.897903131892583,4.0689811137916,4.702318591814266,0
3.9849013171870853,8.922106379667024,0.30848776589918914,1
0.9987234969046266,0.98010566431186,3.9912703986607703,0
8.226907905155517,1.683830962645566,9.243808916228904,1
2.7454781179780783,0.2180354462525158,9.74689198723028,0
6.623094760330284,7.0724752325922875,0.5479559305933757,1
8.107681471539745,0.5683798782793992,4.767458678831976,0
8.999804639305765,4.959237439379579,4.047474149545579,1
0.2223073858424074,1.5640086473072534,1.979437886907528,0
2.6719429782533934,7.4375835318105965,3.7334328991872914,1
1.4998593114775738,6.019144820807939,4.262890645340516,0
9.926083029540639,8.044983159932027,3.3712259170200554,1
0.7376086721181196,8.154103266495968,4.991252653197339,0
6.438558323211164,9.97723045345545,2.943454287473053,1
4.1963272819062825,2.1839230227256614,0.9631960189672051,0
7.293042050161148,5.0403465965254775,6.868598315664388,1
0.37190396639124823,2.221379227778586,3.6347028562790196,0
6.889863164885673,5.956538152287305,8.612997627435103,1
0.3034672485501999,0.9590177262960686,7.044754345263583,0
2.1412541132728413,7.565026387393107,6.7238083582559796,1
0.7012677486240659,6.92207757412843,6.357572202566826,0
8.161426837754247,8.215261752441233,6.263366330453103,1
0.3272515823077615,7.172454243988514,7.569247379532319,0
9.285609147190247,3.2042539999842345,7.221059092798634,1
1.0746256547720168,6.536511223146898,3.839536649391092,0
5.797684528329851,9.766230879306224,2.5824938699901323,1
3.1023662771248683,3.1469261803279003,6.306396245404505,0
4.970297690816353,6.430811225074873,3.4782530101700546,1
2.635909270696648,0.7994957017827009,0.15431512777374645,0
4.364278854258524,7.903321285951176,4.969502586647888,1
1.9827499376012825,2.6503909659900904,9.021248371932831,0
9.756715953627586,6.475297134506121,0.2402977325131972,1
5.249974390551704,1.481708477111524,3.420435074030601,0
6.689505998024806,3.6851651690377984,1.889655371489003,1
0.8308551549932519,6.727241384642503,9.237393872213818,0
5.516264915286316,9.081166061344671,7.615378017506131,1
7.106360240492542,1.7681751336966445,2.0955373054911908,0
8.050942454257948,9.148066433758471,6.284307241673664,1
0.6827996955422033,1.8517499143548233,1.2670056741092584,0
7.713932946626261,7.987250789693315,0.5193579065225551,1
6.192424524565038,0.1574193273142832,6.20319403313662,0
7.947931364959315,8.004495096244202,1.1080642949299624,1
2.6766879447649905,1.3305056193030507,2.501045586582525,0
1.3254669184337953,8.328643441608811,4.720640223335567,1
1.1404586466632516,5.657749752076207,1.2438559074164168,0
7.176336188208942,8.466933909384505,0.8052292488322799,1
6.591012678804632,2.2165473866749785,2.626565308531533,0
7.3667970136183,6.535500180719551,2.5541837258793807,1
0.5534982941314304,1.6459419479856485,4.947732293836847,0
9.86483312471528,1.149252894845948,9.40662185892901,1
4.614951529568611,1.96788708329663,5.8693975018456115,0
8.718321979825731,1.4408181025404743,9.938592389534943,1
3.4397231822662744,3.0797417287847164,4.924731249289459,0
5.853198456962017,9.12476577396035,8.6324046690688,1
3.8014614846820063,3.2990059270727623,8.765522047471684,0
0.5735085502283321,9.99613931546971,7.200703739145224,1
0.9409483567464716,6.509092205630175,0.6571999667313,0
7.901335834083851,7.606331624394231,5.723297075468555,1
0.7976885122656641,7.120226018836218,8.799548952719192,0
9.98198966564131,6.245612540577365,7.274279930073858,1
6.1375180903997695,0.46671506461781753,5.42681208321515,0
6.558921559395213,4.783478373369449,8.278797737573866,1
2.1103348958674273,4.427340815088197,6.205500038542059,0
9.65961556132502,7.670991230149941,0.4172992255916974,1
0.6060861410092078,0.11358637225222457,5.484017877883652,0
1.7917578992220884,7.31494496559905,9.73293364289933,1
8.49205974935572,0.2541268725171153,0.2298019387816208,0
4.41133685979061,6.171776616699965,0.14230592636245376,1
1.6554659538996475,7.200226110399756,2.1776948384053907,0
3.08360114618921,7.468009448261932,0.9178932583215027,1
7.5948380470436945,0.37973477413717815,6.05547969848649,0
6.867945989509245,7.632750096918991,4.698788794553456,1
0.3723925947738793,3.967229068053552,3.2095857266308228,0
6.368407878409251,8.318698301642847,9.365420879738368,1
0.5090607344856091,5.301527343767701,4.144195415414583,0
8.693273985519006,7.170778593911611,8.903931954864397,1
0.8561658483502377,2.060776151462349,9.218406759582953,0
9.995109775079138,0.12760796579154077,8.217552797683847,1
4.221099118792018,4.416400151830695,3.2667005390872994,0
7.613245629152754,2.125953140931002,2.7698956864041904,1
4.5492238619858245,3.8269792981036677,0.7046881043722664,0
9.002662765724502,3.6201968560341626,8.763260625381687,1
2.792293938957137,3.800278102901374,5.293870564547638,0
8.179073021829801,6.272235791454106,2.8535320786715976,1
5.755515459818186,0.44448609548837004,4.939323178206205,0
9.646971590583536,1.802407620637434,8.71157715119336,1
0.06740249009439814,7.116705595599079,1.1168869040176632,0
4.4955734187879814,6.871618770303487,4.32191136722428,1
4.506898586081045,3.1914974877872284,5.577660167124291,0
0.024196478465708937,9.920658976192206,2.3312776339975305,1
4.993462624862942,2.75141480733419,5.598974055699816,0
2.767421996223769,8.905026456216952,0.3105613374601002,1
2.963940986953799,0.38630381732921437,8.345254474094675,0
5.475571170062934,6.470648456798189,2.570682618366998,1
4.932985115741197,2.8893174163618984,6.540359595498034,0
4.807671176227423,5.54002277674557,6.839450056608364,1
3.8318762349508417,0.5048671997423537,9.470624854309499,0
3.54630800139504,5.970826778202737,0.9513158685940604,1
4.56098992089054,3.777750075566048,2.2642671606619427,0
9.378628101416847,4.871890222376365,7.900191176676666,1
0.641826553553746,0.22426011837111237,9.332828204699755,0
6.5342610247393305,9.803703840702148,3.2527672513192964,1
5.656389676027662,2.6428502744216695,8.857923862049796,0
7.863270231288782,8.933385999787854,2.5323418203855907,1
0.27141762719744666,2.4565153550212306,5.68060626835318,0
8.438216099454582,5.755910852917932,9.526177485344192,1
2.8856469731425616,2.2000795947920437,8.767843613166937,0
6.21093939149091,5.90463301233068,3.7391536356384036,1
1.4903285347557371,4.219279908298384,8.746258064170268,0
7.396902932252834,2.4835481232909817,8.591899851766447,1
2.848855157797545,4.384321904983215,8.98635980304506,0
6.098697195834588,7.2702552734679635,7.317280023485029,1
3.768083124194791,2.67028114483793,8.219563561433683,0
9.180590591271026,7.595482562964724,3.2002732308166273,1
0.5753845162930815,5.187929111118335,8.155519446794694,0
2.88304903230613,9.8065848189377,9.304382693856379,1
2.3917945442836053,3.2882539214078674,8.797354341441023,0
3.441136753285204,6.96200508478181,9.662168983780795,1
3.1820832895298357,0.17288539830122462,8.580177260226623,0
6.530844313670437,6.307520504337276,8.328196500704358,1
1.094393890569263,3.7941822461340013,6.2065833450538355,0
7.238826278278045,2.548042852634836,0.6892538698936956,1
1.3685617391294358,1.0187935546337645,3.124847399024252,0
3.907516437417067,6.615790519931123,9.67686440009026,1
5.506333567565724,1.1857632295023135,0.3672321170038739,0
3.991057019924736,7.814451685201588,3.0901412768581835,1
1.0019830650842343,3.5563933820016724,9.534218343097265,0
8.868043846410052,5.262419254782275,8.387497284710033,1
5.409944531140011,3.0401532615186766,8.720129490595468,0
8.855952210340535,8.557001115727015,5.238366482038479,1
3.221419850808905,4.804171308757089,6.447273650980393,0
7.959563648646768,4.531310053264948,2.9100012679751543,1
5.717230815740185,1.718813435721056,3.462083127314166,0
1.640441236217014,7.516534441339468,0.02426885227238329,1
4.8211045999441176,2.073907649236734,7.1151560320309315,0
4.305646880807555,8.147664097205805,0.33301437239147136,1
0.7612820691946265,5.516032907364257,8.130884618251992,0
6.0174689169805635,4.845913163784669,1.0860575691218055,1
6.834947700522709,1.2546489271649708,5.852436259971338,0
6.577635666323794,8.960811876275667,4.029841061015869,1
0.3575771210339229,7.613437644576297,0.17014044730760292,0
9.859320037968107,6.090343652023273,4.210525043186034,1
6.294726173074872,2.254153766859792,4.18194119158084,0
9.062132163095661,3.282486616493366,9.361939429382026,1
4.253504420585983,3.833091024854057,0.4965163383146798,0
5.120555448026673,4.57905077421668,3.969805991166826,1
6.1062572994289415,0.9291472163346726,0.11785329640487507,0
9.178603161466915,1.723319810526689,9.920879656354002,1
0.6604974768771388,6.171246461993012,1.3131417644598342,0
4.371608608374188,8.358071325692581,3.0078629706089877,1
2.1415804659121527,1.3889853053087442,0.08920526962855169,0
2.1699496125669415,9.328852114684684,1.883973818743293,1
7.400909456036019,1.3908850486877722,8.33745409943539,0
9.238044608989776,7.836057638787372,1.2071643696284928,1
1.2296900209990735,0.1946979700497442,0.5801438124777025,0
5.086890729026775,6.058953874183532,4.77738746911754,1
2.4277396154501396,5.305878741186822,2.5570085582488367,0
0.4677353047880628,9.241448682707645,1.8742747694050932,1
2.755514264813508,0.783311232887649,0.3542582208679612,0
5.6602872918686185,6.794288822033183,3.6309718881714304,1
0.9058339084700295,1.7980707766966786,7.944505283466562,0
1.5615175694848837,7.810475501471878,2.4248694678341156,1
0.561819492333222,6.0404321380688275,0.5628996800251085,0
2.4933610123420467,7.60604100971161,6.393418330537747,1
1.3046699081561564,6.807164269245752,3.862691239085078,0
3.925061630888141,8.921829146722267,1.3114235314485378,1
3.288822823421136,0.5556888578914976,3.083692225914044,0
9.035621903050346,1.5432192487829832,4.523669983454272,1
2.893594134154389,4.703410582483435,8.022145331805099,0
8.02383141986886,7.797263775651823,8.306758446905924,1
0.18900701109338947,4.664416949387077,6.841942384418093,0
7.454064602674853,9.735149611893405,1.9042840066103928,1
0.6460927202323552,4.978243757091833,9.733387700754811,0
6.154605624510778,7.513841399673437,1.1019281111719315,1
3.201740101271615,3.7260107923284416,2.862020093399402,0
7.501271462329683,3.979264805227347,0.43969478581449506,1
2.621617432624672,4.916300111520199,7.64188598811872,0
5.442178879770734,8.556388796203754,3.3176890852437158,1
4.724398942448596,3.276888832744691,2.522777617241483,0
8.74810242767614,1.461474493140953,8.378766904528703,1
3.2473695354872953,5.45275149879736,5.045850830417775,0
8.196823724563592,4.142523657885012,5.341912787552233,1
0.7285159918586692,7.554067065692033,5.575345760320341,0
2.4229929749369408,9.611604150609304,9.367713289412894,1
1.0339240534782312,5.725591430382869,6.713866427537224,0
5.773832760774948,6.144111690045162,1.732317520221549,1
7.730097536306854,0.9644802341231129,3.370687404488155,0
4.088967933404218,7.554262104098517,1.5800051476117327,1
3.3015206009162057,5.694867080692113,1.6363768731549933,0
8.806453392717955,1.205762907916157,1.8821026129458962,1
4.915265781173,3.074603748715133,7.366455015665155,0
6.094171312808103,9.0851633148012,2.624752058286197,1
0.6123944344043586,2.345628575189944,5.423512126460329,0
9.949820024042303,0.3293051351485343,9.053589794840605,1
5.186216096654379,1.5523114383081071,4.832252732938299,0
9.841352388106003,0.3050510203268575,4.232102187124704,1
4.4282011010371605,2.798882663024985,5.934371746335499,0
4.150766656521812,7.194007043813164,6.930749558462331,1
2.7571457455601047,1.456018911415693,9.424696062471021,0
8.427950326257239,8.726505723006541,6.279628922393102,1
1.7288666488139481,4.291570952446602,3.4670021359976855,0
8.200522428313782,4.437241231625187,5.257098350439967,1
5.2702496637895555,3.700878319502281,4.542286526560754,0
9.13019337043949,5.330139371235241,6.293336667560242,1
4.997528519886504,1.2480076499500659,4.4788184862086275,0
5.958096371845819,5.093684937730227,7.201158832302905,1
0.24056594475044712,0.15227372384661098,9.803688556181633,0
9.147249896128674,8.608813998112819,7.911948640941092,1
0.5961214303961193,0.8890180664487435,6.898454635933388,0
6.216382336749074,4.196733871156053,1.8502926100647743,1
0.701702473620538,0.274613223816742,2.4703144003058384,0
8.57275488410503,6.230044598417881,1.5950022760457694,1
5.002272414721785,2.246333982230735,8.872785967130616,0
9.599603149278483,1.1822153535430768,3.00664912311401,1
4.306150821843611,4.215774949190637,7.132597315972205,0
8.593363893431572,5.287934082540225,8.312477085133231,1
3.0092475866087787,2.8114046178728467,1.8459283913402968,0
8.678802065830409,6.753550759061126,8.090614210510283,1
0.19865879640022954,2.4331870974992076,2.525193276718458,0
8.899948482448188,1.907318985615719,9.332389975915598,1
4.1107888307370235,1.2737339253891533,5.882007039225269,0
6.734113770240421,9.491862542029937,9.689533926834436,1
0.5356666930366893,6.164387554076809,1.4343880745412974,0
7.9779830618415515,2.590921250556064,6.177005349383649,1
0.7564208391804139,3.121669696360556,5.238591566735735,0
8.17756344351594,1.209729906024457,9.186407150932727,1
1.752780012675289,1.9676446059544639,4.55687320786689,0
3.2880843723604447,8.35823224660555,7.226169012268454,1
0.2607301437940568,1.743967063909102,9.231645839945058,0
4.204497329783999,9.535738951284166,8.85887402328662,1
8.026914896213585,0.8691794573126088,5.4249783812334575,0
4.810978083500592,7.22416727939799,5.911274818681033,1
1.404765401889666,4.646463201866377,0.8644126407063357,0
6.871621497306059,9.503401616057394,5.120939630487161,1
3.383889807798589,3.412167088940148,4.634654229256428,0
6.688323891132766,8.142023060382385,5.6620277563540835,1
8.115846834387305,0.6981561450946527,3.7537804050282064,0
6.636186681019129,5.320396349572033,5.759142479769999,1
4.008946581268765,1.3397944475178925,1.0916703754304935,0
9.92042336347878,6.844711173580981,1.2939474242039795,1
3.147556114419001,0.993953372940255,4.081457507235056,0
7.95602583336767,6.759533303630283,9.4024563577364,1
3.9844817381883066,1.6034533771888348,0.882467931218498,0
3.7981728729442823,5.820834493224138,3.6239659873326016,1
6.433100245214229,0.42087032149893955,2.3962210026103428,0
9.72982234844343,4.134505265267739,6.658669633482729,1
8.098258022395777,3.252148308289702,4.583215261797743,1
7.745383870047485,0.21828731962586612,0.27400592329948403,0
9.755906083128433,2.9541322317341545,3.6714337700849073,1
3.559464939536623,1.5055086972883869,9.867321044419507,0
7.675561233399735,8.428817437217745,0.8266793915189075,1
2.3017125203809186,1.0090392430339368,4.4299984411408255,0
9.110852561515028,7.85326109167995,7.273808636477318,1
3.140267183535137,1.90858378207034,3.2952073559700223,0
9.775002534598071,7.5004145713070205,9.10323729693407,1
0.6594782090868212,6.930488878810545,8.591732170797586,0
9.82150120111993,0.3089216739910694,4.508951045618064,1
4.227304688174901,3.9575217083361416,6.186492452881072,0
6.028254100383857,4.106899799127271,5.2580394292305455,1
0.1119266091529747,2.7797650204884707,2.743766268901063,0
5.91776557522358,3.219724767199489,8.363552538829772,1
2.6156543637981544,5.953531297347574,0.2973011032961048,0
5.1656890980729075,8.39153234448261,3.3555661394930505,1
1.2728050236893818,5.924938515076007,8.841277345775415,0
7.8449839422383585,3.769328515235024,4.978426099219565,1
3.1852618508226316,3.7167461915528044,1.6584261015921664,0
8.337826157098062,9.404480115333126,2.2898064055663614,1
0.47264608298627664,1.3141345822092099,4.682200049380211,0
7.485922252426197,6.968694670364275,6.079906227276393,1
3.3317513501884664,1.8738131206712694,6.202753207630521,0
8.973782181357567,8.613745110971971,7.764625266488422,1
1.2879291652548963,0.9590922528280854,8.840958264962524,0
7.902704632442364,2.6700572293337146,6.561878646999377,1
0.5568073774529836,6.446121586579562,3.0951239237977255,0
8.609781707764203,6.003253870380036,7.248220048895075,1
6.787218489622041,1.1730386250982816,3.5103976594755704,0
5.565527678047494,3.9221530586738265,8.482299125371945,1
3.739482143786075,2.291352841878276,8.691829994522184,0
4.498334251944778,6.172896687236223,4.904384355437288,1
6.925479282104982,0.06805396970289146,6.52339485003727,0
8.670448696376578,7.7592595240345545,4.339690411643062,1
5.7024586212323864,2.8312404999783958,1.5862317215404975,0
4.093761598397729,7.824070069860144,3.4408771825436912,1
0.37296980058909024,6.248623237218877,1.544867284607635,0
8.285127197908569,1.0078366807238548,9.171250757386815,1
0.3738056040997739,1.499777627595985,0.8997269001076946,0
8.827166321168166,6.403838842906788,8.920305835731966,1
4.889286669771885,1.411181465455239,4.1594174569638875,0
4.133825756728163,7.814386567098207,9.74955617183616,1
1.2556870635489625,5.990799569542652,3.672643310268527,0
8.619013827345492,3.6889831136293716,1.8561545925639922,1
3.5704695587509905,1.054785649157497,3.0444397024712986,0
7.579740171725337,9.746447582353088,1.3646063539876296,1
0.3890643449819442,6.693012879242772,3.2948602403362113,0
3.622128450468105,7.863278403683422,8.78430551385338,1
0.7771509903617957,2.825002124742241,8.3918086352331,0
7.191876988542354,3.68659953981207,0.8223595466895794,1
0.12542463625804134,6.600413762280221,7.8686830973091215,0
7.1893994144640345,5.857305534000394,7.361442850149093,1
4.332526220393651,2.1509682365581853,6.59033284698269,0
9.470329477226166,6.703970176342217,5.462650596373269,1
1.2381362246128924,5.531958945676721,9.703420239163016,0
9.642484732004615,6.349877074301075,7.99858707969995,1
6.55103592848635,1.6897407105026097,2.3515151814306225,0
6.411604847300972,6.970562220160375,2.040193642772671,1
5.167804255316296,3.762745224510332,8.881852226949032,0
4.059042892744373,6.4833677227888185,7.87458787034455,1
2.404744120421646,2.437047815781661,5.7240725422284005,0
7.713745382137365,2.669157963910591,1.3242736646407893,1
0.6629883961789151,7.7716097457406565,1.281854644844077,0
2.950040875227955,9.732826829096663,2.3896559708224654,1
0.16108831398486734,1.2041639063099474,5.339476087957822,0
7.733064985309013,9.29348530048303,7.150293391576085,1
1.0659991710337446,0.000295468935720411,1.2916751629399192,0
8.09548244229758,5.660503216684113,0.3017920470216706,1
0.6902410074826704,5.16251145693547,5.6223877707322565,0
9.23329773977368,3.890761600187208,8.450895962808685,1
3.047116927311635,0.1702251678867872,2.945726040191089,0
6.79502896248883,7.898265742476193,7.1883612542884165,1
1.557713699577502,5.967385077548826,8.828064123696402,0
6.401273074613928,2.797064123928358,5.945180299643631,1
2.1019735600897915,0.14035327199589998,1.6506601851380753,0
8.617341973240542,2.056019887710537,7.19324436354067,1
0.36068600418338037,6.64035826823109,4.610088439841179,0
2.2074081512937385,8.086655104782118,3.390944351248738,1
2.4968948732515206,0.16273207700845949,8.440291953324031,0
1.6638244042651895,7.6138258967746175,6.370296774383246,1
0.7655599514091693,1.257621683938045,4.395111242551347,0
4.147869413797461,8.162280071281247,2.6911918148887626,1
6.927663949824156,0.5641979559794319,7.5107769145266925,0
1.980190023416264,9.742950218964705,4.212627082059691,1
6.641367077837064,1.8202480925463937,9.153637568339237,0
6.889326139648943,7.985569468816351,4.072421554563846,1
5.954916588550252,2.934449296619812,6.735295153358677,0
8.989748586008698,7.216155154372509,2.8105839774691788,1
0.49771882952026947,0.3230010953951168,9.975479172308328,0
9.270250963332934,9.059977236172099,9.553986145568603,1
1.2249715144504836,5.849852661829433,6.659374062877324,0
7.865051009510934,1.14975863353323,6.837685725359577,1
1.2469894295972928,5.609652627049533,9.325347613807622,0
6.925377724254901,4.655477226206043,3.202233080171324,1
3.383691494169047,1.0729525443208898,5.31426233066079,0
6.097183963574114,7.156751013406475,3.9371213894832255,1
1.3927226166842643,4.408453807539812,4.84635564065726,0
6.786634882803727,9.952188410669184,7.060331561748764,1
4.174730538097129,3.145653521566497,4.581914075055623,0
4.802074103527647,7.520401488825126,7.494812954343091,1
5.23322040313012,0.9894597760632096,3.0337025311358037,0
6.221360889394344,5.488206065353358,5.560326401270604,1
1.4734568937308035,3.4957483124166364,4.900691020090704,0
9.76594694844798,2.6888056507595657,9.593699426043079,1
3.020169367138589,2.2569467757902997,2.595530911780929,0
7.644658028973281,4.00600125381276,1.1889120768713068,1
4.311331334483835,2.9379623270278845,7.79570670966438,0
9.375824515083337,9.068977940309326,0.39111796491121287,1
3.3135559016889307,2.006715299327453,8.363006582514577,0
8.250676407718098,8.126440036819414,0.531161057375017,1
5.556466096032543,2.966576566016783,9.912900118384856,0
4.798569081208731,8.698691623159903,6.248619487943406,1
6.877508426013125,0.42644571843516776,9.532694230730366,0
6.489991791400081,6.712781256811459,2.236335378046604,1
0.82278424710718,6.315945329421824,8.756385021881787,0
5.695176595827696,4.545470803606286,1.011174539340215,1
3.644543716316785,1.5750486624660576,8.84686096978147,0
5.998816352449987,3.0332108902804213,8.180433350873587,1
0.9835788142299029,5.296168271665329,0.7427745749875081,0
1.939372868519238,7.3821421967967815,5.54212842067181,1
3.389577848789566,1.8377954348346826,8.59702860808855,0
5.958410232168768,6.091669811597601,5.099953127669988,1
1.0716324397805954,2.1052111842743395,0.05916119380452556,0
4.3440746836554975,8.441972630798006,1.9484808775984064,1
0.9577741360507752,1.840215022703503,7.419067886685838,0
8.095569630959128,8.95513434529583,4.182454654686104,1
2.124211426062532,3.816286381069517,3.0379955223367485,0
6.981674845759094,5.142396632724325,3.4151446793828732,1
2.146214541227094,5.146438619319742,5.530418818262698,0
9.38545203090567,2.363156761278945,0.52857312806603,1
0.7511708317518484,0.2811434972712279,4.323019602688526,0
4.034448251190577,8.127363482132143,1.4850064452858058,1
7.514408650283038,0.5127355113104926,9.43719070853833,0
6.325956600581647,8.992081315528665,5.944131195309544,1
5.05196565515563,2.0396181495580077,6.829031929545204,0
4.0930307809671715,7.889319747522167,3.0448134294753193,1
4.983944799222594,1.8693381859581548,2.761854684570877,0
7.675927492343474,6.060083088457006,6.403938744042587,1
5.322611143432676,2.77506880142244,3.4347279340329906,0
7.3093460449318925,4.574748092124486,8.201161161371267,1
3.542978685118139,0.7690287107985716,0.8044577602972547,0
9.881008322828004,6.1282295277251375,5.225831060074628,1
2.780681290322674,3.2035534081941464,8.18145412827286,0
8.393769275293032,1.1191265403708506,9.194400449865146,1
2.065482894896531,2.8942927726848877,6.0816718233052764,0
2.855132361907496,7.782028008898685,5.4886703518739575,1
1.3240560666715906,7.312545061854027,8.697073618760868,0
7.837829589262563,4.7903258499053845,6.257559821446154,1
2.285596837349555,1.5606286120418411,3.2712245610091593,0
7.790070923006933,7.553198590411299,0.9950622655180508,1
0.14971246931993698,0.9803230233761229,6.719046302228763,0
9.591425703810723,4.608538988393437,4.556715926363309,1
2.652869909062198,5.024339161893434,0.7860719935907379,0
3.80454292592821,8.38865510191976,1.7674311773122775,1
0.229379632788681,7.521344707013925,0.009513496890164452,0
2.2645707016595864,9.044882087877129,3.3976141881017785,1
0.8903853491793301,6.09377709023387,9.066706791962272,0
3.470502757337667,9.720458804565725,3.099709238607712,1
0.485490341683239,4.774055464501582,7.257349185273071,0
9.074231185732625,9.464277273908577,4.317218701543889,1
0.9879123907249288,0.338881107967014,4.767432267928953,0
8.000518099366746,9.12874497755485,6.664101530681323,1
0.7362570727351048,4.550295947477521,4.2651801361215105,0
3.97600111384547,8.812562646874495,9.815371519571919,1
2.78573444766156,6.2095554368012875,2.182864350082614,0
5.689504499265547,4.756358397830512,2.5169704477620036,1
0.1670657701599343,3.407435652370847,9.854291992280546,0
9.99082189374079,7.861562530552737,0.36443936075861827,1
0.9612245595242686,3.0616716788565004,0.8210799126283763,0
4.5971289715874555,6.8720353505026255,6.046082575111972,1
1.1212381278951278,3.1830476633640306,5.185434884804142,0
4.472511517458702,2.7134305533724734,1.9390403325320893,0
2.4720243706246983,6.567892366151788,5.289043377272172,1
2.5874383884469676,5.108413024410257,2.139452807958313,0
6.246858963207248,3.2933262246864348,4.714858373154209,1
5.635444594837081,0.47622456941487035,1.300720319535027,0
7.299584085485281,3.1454204941973494,0.22488203049110367,1
4.318135184341976,2.309357197689769,4.98861637506335,0
0.04186162592929921,9.17448180086638,6.707251865479018,1
2.446317371046808,1.6875126971303933,7.985197125088501,0
6.740948337374201,7.865962793200515,4.119854289897292,1
0.8546390182188501,5.879141145969669,6.3204898195759585,0
3.3643559705388504,8.239930370263941,4.80274228574879,1
4.522697575989167,2.436278642013645,1.3154740870078618,0
9.711339481005265,3.27528656291061,2.2332326368757105,1
2.611452748140801,3.8039827393729486,9.526699272152099,0
8.953640023823265,7.477560286130491,6.724859365111952,1
1.273435159435985,3.8077241192685127,5.824224085713623,0
9.365109836565894,9.230809140157364,9.575418740701714,1
8.53148388475094,0.3556727615088051,1.525686742864668,0
0.5189169489706602,8.57412122258608,8.10085172275939,1
2.39739325566216,2.674594078164183,6.2743906679306125,0
4.443387390816106,6.488319522334339,0.7903457501484457,1
2.8529984423667445,5.100966108437942,8.965827971102446,0
6.910651774276614,5.292893129047851,6.539707288999593,1
0.12098102923438048,0.8680510958046528,4.834859501177298,0
9.839762718068673,4.554046741040686,7.467483885604302,1
1.6087739305484716,5.287414641960004,1.0594885246490893,0
8.332726906906911,1.2335905592987395,4.093781011403711,1
7.479107117772532,1.174504250623547,0.44221785923491463,0
4.121546690750877,7.779288418453741,8.580189377314612,1
4.00212990976518,0.4201665835752777,5.868375538206606,0
0.9302935922973787,8.936395094924288,7.836198015504705,1
0.6882987371147664,1.1365433133417047,5.757027862889296,0
7.682298486845013,6.418237588692641,1.8407482328277192,1
2.6695228875783417,2.4013152002328066,0.5624380831849907,0
7.505682774713096,4.446547040029665,9.71667854837457,1
1.6606758739038208,0.5313230388968959,3.5463169056631783,0
4.014982057392352,9.061264725230524,5.130009808827491,1
0.7658908916013518,6.6620399593148925,9.371411200184653,0
9.412509803945191,7.649939223287965,5.82808255965157,1
4.446390109049258,3.0687678498192064,3.8801472103530408,0
2.848585219300035,6.863700832688711,4.568908303579015,1
1.8340849992876451,4.47582993897194,2.5472464533515584,0
6.204345136652641,3.2578653980507086,4.913050642598984,1
2.4250525991437177,2.2982901057615344,3.4205151014481308,0
8.86417872050296,6.404561678261249,3.89913151924525,1
0.5837991614923221,6.06683929974134,6.044699232264926,0
9.360251203288698,3.746703680075827,4.295424720295059,1
1.10807468302618,1.9213334390566683,6.771764047189526,0
1.5120927294340647,8.829190482945187,5.678144598862284,1
3.417797248626125,2.441571609201505,3.069695220356058,0
2.931376858648611,8.422722781993087,2.9768685263520265,1
6.576034008335671,0.6066299568767874,4.302275029306106,0
1.248180416246909,9.651782639967449,6.965953027327423,1
0.39957538017168837,5.613185982658832,9.778197857751113,0
2.151202053728719,6.92840180054599,3.5925235959183888,1
3.440316474286945,4.029994424736817,7.095917840397934,0
6.201234577321077,5.246072402363907,9.12974415755344,1
2.229266971932754,3.5500638964154216,6.733038863301045,0
9.06149895027308,4.858609575742898,1.0881383652327903,1
5.000601471267091,2.16931291942137,7.408035341314443,0
9.004086895888445,5.486850158465674,4.9380198803761,1
8.769373734629404,0.10294940114265905,5.917360372978829,0
5.3889190759326,7.944394915781966,1.144863328504464,1
1.7624500341128413,2.0737725283629196,8.317954110407884,0
8.906125351286912,5.104882017130042,9.715471496204481,1
1.330834266695472,0.3128198354316569,0.31751811460917767,0
2.1551473757076978,7.494161666543749,1.2573294769931886,1
0.43728259571679806,1.0302898978168207,2.545326578464432,0
7.773511197473234,2.151695896112807,1.0339468264781626,1
1.07862309508304,3.326987011333078,0.2541789212593004,0
4.821867361202693,9.359110400954563,1.6601525364374359,1
3.444669132321171,3.687930871400958,2.7372431895194693,0
5.979960569325177,6.59745287093783,9.386405782393462,1
3.402426771994178,0.8373588775610818,0.3316162457332228,0
5.084848079056929,6.706590759099763,8.014328684207122,1
6.507609165054198,1.9170084224932227,8.741911670550266,0
5.786667157118352,9.470344388038402,5.877532105475414,1
8.13499547870091,0.8077720944042732,2.9640430991342637,0
3.671765579916304,8.258694945810419,3.521883190677805,1
0.9225250724928868,5.643465069383949,4.1912155207434765,0
0.9275676024065183,8.908997239393212,0.7380740072524994,1
1.8083261880443435,6.521232312098246,4.673524923492779,0
9.394552744460343,8.005190523568338,3.2976351923211333,1
6.69864969826583,1.0171312012112077,9.532263338093808,0
4.367416709557438,6.417411301075405,5.97377228046029,1
2.6496479707088207,1.6955068814924479,1.9824794654795719,0
9.216082078572017,8.92383172687227,4.605034060161021,1
1.4415962090117485,4.1277843337076785,0.5330789036840888,0
8.424296261911461,7.452230018828216,8.989272036381628,1
3.396161334609454,1.4490407865560995,4.883534904340729,0
4.611932256625706,5.23018169863915,9.001281398131574,1
2.067288479174122,6.746760037611262,9.544555675857515,0
9.91523413275226,9.556127133997139,9.71076470166238,1
0.4777102352863827,8.480690770725879,5.049365021290393,0
5.283143634699545,9.158757938206442,3.65603273944356,1
8.634339428746037,0.041208026399776054,9.908322998695745,0
3.47446792768066,6.499355131901882,6.224913490107528,1
3.8286474294854367,0.4048003194904437,9.126700137797382,0
1.214098799165264,9.479147788980317,1.7824262156176662,1
0.2082891020123745,3.0964831367707712,5.8116739485393465,0
8.739004230538088,0.9440691413578839,7.790492601886497,1
2.0721268286459815,4.276380624762491,8.989399017949616,0
9.969800940023948,2.8493825722388264,9.865534803995043,1
1.3753587629379005,1.5250413031999188,7.278492777890811,0
3.677109031878898,5.346767046118959,8.35259283620717,1
3.1742341535864513,0.6531720353966242,3.31855475322309,0
6.315943034747989,3.1103113910255176,6.398922679944602,1
1.9950838711879415,6.324534162351102,0.10946298355970718,0
6.583110887422804,6.5882423248263855,1.4445364159904928,1
0.4686821062619051,6.353116488113296,1.4898983900083351,0
2.1694535055284234,7.667125382363118,6.641394121352905,1
0.2249521958507794,1.6814868557703366,1.5069019150813145,0
8.433770724224356,6.347646635801436,1.3008566918742626,1
2.244949876693858,1.941814853468351,2.1120624529089884,0
8.931719010635954,5.873521062942765,3.7107370352020586,1
0.24299611352296413,6.950638902511147,7.541145331799303,0
6.568483438621357,6.9718424743646406,6.10621838136216,1
2.3360593500999007,3.522779262195528,3.1163671946149476,0
6.033018310677615,5.046261565528952,9.443158442754623,1
2.0646622722957817,0.8152580375859675,7.629622851741395,0
7.589144660204925,7.659573101351854,3.3499621592764797,1
0.7722913647482088,7.593367699280604,8.237069149614639,0
7.55348699846496,2.5227931111633604,1.3818619856790948,1
1.1234538527073379,5.74155518835564,4.943094101384444,0
8.286229764106528,7.9323591526163515,0.26928376516966335,1
4.531718934105681,0.9939368355080247,7.255065032269168,0
2.753908570194339,8.498797113348282,1.6217932003354463,1
3.491561807747373,4.497919476373018,4.476223228858011,0
6.023016521575254,7.380806824185755,1.9286858994462397,1
1.415656465204368,4.137048189527503,8.52403451490558,0
4.428713228859959,6.246695479772175,5.39635760168065,1
5.4821251265344815,2.685566662237786,9.187396341031583,0
4.5015396041356945,4.859334915878275,4.515671838894222,1
4.373534174018844,0.35398089742267436,0.5208224236242631,0
2.093075944771692,8.032979067184492,8.436609996142066,1
1.5554716641703614,4.30351251490927,0.25458503394020005,0
4.718557771429664,5.421832139851817,0.39889774872201245,1
7.430022229556377,1.4086253900706958,3.915402076784117,0
7.196585939214008,9.98993605430132,5.2727128414716,1
1.607643674175655,7.185007282695924,0.21848481361333438,0
7.803596603458298,2.21153321125393,7.253136218429297,1
1.612646038798209,3.3555560035419285,8.388763323271613,0
4.797928994628719,7.730307525726153,3.136136200925556,1
1.9186498656052364,2.7763856500049098,2.361344082079786,0
7.394811582323383,6.709441952837438,6.815480588054632,1
3.3866903577331033,2.2431914117356824,4.048799555561401,0
9.035480471623655,6.6498868789708885,6.746018960829555,1
4.120684283483489,1.7111468800312468,3.4332805798782893,0
7.5852148733133395,7.784143592021092,5.227613428040959,1
5.925803996386236,1.6160495307318723,8.262240262000052,0
9.068628883370502,8.166384368579338,0.34252475304971663,1
6.774999127707979,0.6686072050032732,8.133785195565382,0
9.470899024742224,3.615937854840894,2.3749026621220337,1
2.157310182246759,5.4452211479710755,4.850183035484274,0
7.299552749811763,7.318708726212008,6.748810621670202,1
1.7573563507408463,0.2825164548080794,9.820267256345073,0
9.869230814457726,6.388667910255159,6.377384085154798,1
7.800550028951819,0.9202480606471231,7.565924969447245,0
2.858018133062777,7.762904133110665,7.861635424832975,1
2.538984862507018,1.8481583638011612,5.575111672994391,0
9.653786783281028,3.1045966339115827,9.24914022630112,1
0.0969430088700074,1.0632219001363163,0.7920532036098449,0
3.751534913175887,5.679758681281046,2.5958374124178976,1
8.547715074521173,0.3866951654188444,0.6024941236950176,0
6.990160014574193,7.037137650100106,5.017290402925228,1
1.0487147350610815,5.646154051940295,4.961554260112742,0
6.0900564906468855,8.542415754743601,8.503849820905927,1
2.4081422229291007,2.16997444748682,1.3984155759402217,0
9.634217605869365,0.7407163368682401,8.094364747605688,1
3.641963899783085,0.7819667274539388,1.5042614016982103,0
7.325625167106471,4.757444519160866,1.9082463868607413,1
1.3739079190775982,0.06576793178652562,8.2189786694369,0
8.844285855885254,4.3705087259743145,4.229850043590366,1
0.5362309135819399,3.327663259125624,0.6328519377948716,0
6.215898242802476,3.053015464002314,2.7334162982233803,1
2.8029914446219495,3.730772777981166,6.41999394073021,0
5.047711088216982,5.031252465458614,8.15202496861392,1
4.565119634100647,0.504895903461009,2.0356682543716467,0
9.328537281324405,3.3093100765666703,0.3790991370025698,1
1.9029856950875745,1.6373924814276586,1.5471377698176625,0
7.659085587699125,4.558778526746129,5.388899437348663,1
1.2864589526172787,6.362806812669238,0.8082187085825498,0
3.474327517584844,8.460226478421312,3.8148284562578305,1
0.19313104570143347,6.246226591227012,8.341363477980826,0
8.630417550515219,3.2184252827923987,0.0952111800612987,1
0.9757054114111452,6.94320509969529,2.9341287392611513,0
9.842801209009517,8.996496861871139,4.295970937331895,1
1.1879800575054034,1.4828600786491464,6.803479163332666,0
6.690172875822382,2.7920310376744384,4.46826677314593,1
2.6037750454429553,4.646563083907665,0.29269191316304455,0
7.696760320453958,2.1308582097489595,3.4421571683749708,1
2.2520132375030277,2.579470594278759,6.5047612500661,0
6.362389082373932,5.302554293551043,7.0800201704423715,1
2.9823502235985435,1.7302470885853627,7.983554374774462,0
5.136736925258063,9.882645059382554,5.4640393646559,1
2.3529534582401714,4.701978572537353,4.872174923923866,0
8.750245057548106,0.7960893008560188,1.7204578096707523,1
3.4816569277787957,5.309929746103807,7.003572444357817,0
9.880014027430574,7.716565801013598,8.755923807456828,1
1.9463916378061163,4.736217697802804,4.597325182587043,0
5.419858981176439,9.944533960422623,4.763974462466042,1
7.609043869218883,1.0172951534259989,8.968277202668812,0
6.036221546294734,7.780685884384758,5.418404872339703,1
0.2721692249593122,6.804232343108948,4.930852552734825,0
8.371526009574033,4.9028903983728345,2.321329289740164,1
4.539801793385864,4.443288333240996,6.383142928268365,0
9.623707835507155,9.267038518385043,4.333927977790893,1
4.993567219553299,0.4737117227008514,6.83504082518162,0
4.571285690291816,4.7786630266830885,2.6263069371959045,1
1.6133366808926008,4.184088675919555,6.222344876860203,0
7.582371191102673,9.729165530803023,5.15146145351598,1
5.826599254572621,2.670319406684567,2.4058307054593087,0
2.5383438683598047,9.257185851804755,0.16198883098013206,1
4.401165848125453,4.271558775906125,8.794522877407882,0
2.4093964528753506,9.843544645858639,0.7598989333594519,1
0.9026823209177359,3.5913799844744663,5.567325486041582,0
8.701162900441956,5.421221718110559,8.837331578303044,1
0.3206712287195068,6.82279120617907,7.519154481691299,0
7.9441320097568955,9.24093530936343,9.672698321163406,1
0.08524422344460603,2.762288236274546,6.707773701831002,0
1.6021263636861893,7.45868787858766,5.82338932518647,1
1.62761130408422,2.237994305299406,2.2808368595155306,0
7.1889940280886355,2.852238690484692,1.9164372116614725,1
7.244383172346472,0.2325835290195477,5.415330399263007,0
6.94530597424338,3.893306942206011,8.468540418527779,1
1.791111521694445,4.402497944635769,3.4955935273592753,0
6.742236189653861,4.6055998458222325,3.1327170390245396,1
6.650860882330857,0.8986805520841701,2.5441351593076975,0
7.9813368992414135,3.411225346176786,7.070835445157072,1
0.9557882712729504,4.534642906801029,5.609001949112445,0
3.053231503452103,9.860528821981324,0.7496518804324903,1
0.13791909398227165,1.248735355869357,0.5578385044874834,0
5.201244736069121,8.870376849715177,5.247555651582864,1
0.40433277380409693,0.9835411347659395,2.6565245991383515,0
5.606193590857296,7.248722555830616,1.966327644285093,1
5.105821746296387,2.189723749597301,2.027415923586747,0
8.840869436512532,1.2719829305500197,9.748240761954918,1
1.2186002990337297,6.431111478076913,6.1837507346167655,0
8.48165948108995,2.232214704077391,8.29961313853757,1
8.304450266906867,0.5069628270598381,1.8022022973415708,0
5.809409047916137,4.043381314068489,4.191656417236067,1
3.8083995466268714,1.4964725401135925,1.665350548338913,0
7.489710067593393,6.860876311960434,7.316553047502494,1
1.2096105284921332,3.003009942710463,9.560891136651565,0
6.1125952777013275,8.835531593048259,8.713539110573643,1
0.3910031688370519,3.383684464797936,2.232998671132105,0
8.556843445801158,6.990350723445845,7.897397581226526,1
0.20998977779783323,0.8768103474948208,0.6858628727609972,0
8.638123454470074,5.206855918850791,1.317954280651793,1
3.355016216530492,1.6370282852800366,8.690267768898652,0
7.319908295695682,4.319477223617824,4.587169770707076,1
5.697634566506455,0.936292824735363,8.304389305408735,0
6.5545623438917495,6.627035981744488,9.31886637997741,1
2.044226711929463,5.695797902151841,0.5618084116995559,0
6.185771536157834,8.536878694676219,7.366856375982072,1
1.6802113034865263,6.615158500470827,0.35666412785077095,0
8.15181436439816,2.218795129091986,3.6734828314951673,1
0.018442111972134523,5.7377195593804675,8.717677105763109,0
0.6493075183833064,8.375353292327137,2.527503938448418,1
1.9406374327482268,4.768339320451753,9.130998817327857,0
2.274474525868838,6.9641571901783506,1.9077244825215478,1
5.030218131089351,2.3721974560537884,5.277133113670925,0
7.875769483185579,6.44902068570023,4.768995540819087,1
4.031005904524992,0.2956122285047358,8.580082187856972,0
5.1929975866344975,7.158464129266782,4.534869449365945,1
2.726305642621498,0.8920198018921144,8.206098775137152,0
8.950312794559048,1.9777636968650103,9.52434748217603,1
1.2670426079425534,7.016394747360523,2.0907361479415965,0
1.4516136724103346,7.637706363155122,5.134047366332542,1
1.792567975018775,6.934734461499168,0.16911175871712536,0
7.938734958315142,5.951288584627625,0.646974848365871,1
5.825173595120628,1.079210585445577,3.449894289813218,0
6.850583772402755,7.614336602927364,8.533143897347685,1
1.1813595711160285,4.073034725541773,4.44240147607562,0
3.6629756992616613,7.47614755065416,9.676232194215196,1
0.11372730040836165,1.7360882399453093,3.943052765706343,0
1.0820387943930987,8.608479116416772,3.225248997977872,1
7.3371877675158315,0.3778774362443271,0.8490879895334047,0
4.435454360778075,8.314096816818925,2.2521362010564294,1
0.42029473397272366,8.097673727630117,2.900968011497894,0
0.33733930431909087,8.796757632176183,4.694510286903011,1
6.263118499965045,1.0100730181901363,3.6428097967354454,0
8.429423509297337,2.804612109618568,8.875222566200376,1
5.473062305966174,3.423175136487836,5.614607836888025,0
6.3727240608736055,6.003303353611891,7.628587630235078,1
5.219298011316489,2.9501287932917233,2.6240633002434977,0
3.3715455514779546,6.74995964825988,4.944708577994131,1
3.703650660582406,2.387103996408162,2.0229390533657368,0
2.585633262320278,8.499119187130441,9.208709694182332,1
0.40633693611261346,7.473746062244934,8.032843972850454,0
8.641653788766357,1.6366908598904328,1.1258276242849685,1
0.12261954640861994,0.2619697382306241,6.412228742069667,0
6.42891891637118,5.506725654845447,7.000598195813469,1
0.9052733400777868,5.925550309554527,3.6056189732136588,0
7.634995645087138,3.8598276601220105,7.994751308065905,1
2.719895821942334,1.1576599243189178,1.5525642245903393,0
0.4441934663767344,9.579855086111156,7.00178018393914,1
1.1243457818378189,2.8205042579162596,5.333663655629076,0
4.220958467162471,5.661323616016762,2.7074982851059657,1
5.809513737993126,2.1981087998696456,3.665968467801072,0
5.106718796483795,9.188869703314742,7.214184136809364,1
2.0028591245092677,5.706664780724218,5.101847702479345,0
5.170745758116081,6.845180623309997,9.660788686038567,1
4.469007770721776,2.9220718560587997,8.195766772849684,0
8.790001237954543,6.0337419078490795,4.55574823575418,1
6.120430859388874,0.351204039915618,4.053840747613861,0
9.98102867998362,5.764242038911924,1.548142890975086,1
0.2532925778141615,3.2440761155060516,3.8538500637427875,0
9.942888755206935,2.408521545063975,5.862397709620439,1
0.4322184872394108,0.30323835351060424,5.360720925310752,0
5.1667125521130295,8.580919498010061,5.730726139664281,1
2.1802252044374617,4.136529648371347,6.612003721440532,0
2.6370480602254953,7.382879014964143,0.18660085291047235,1
5.617944058726741,0.19411900956432193,5.686402209326164,0
8.8881967175335,8.152575722552958,9.795055208694558,1
1.3042271779702208,7.094446714409108,6.569685917729958,0
9.413960845662585,0.9029924099720266,6.721996578023629,1
2.4099398994761545,4.816757698644861,0.35430217553713894,0
5.175533318435664,5.567017527406566,4.39299503736529,1
4.182536879321327,2.8106672378242292,8.339228814038385,0
5.76421194415777,4.586489167441675,7.400777388792406,1
5.895470774481644,1.0877286536971131,2.5347516160737316,0
9.53112211042506,3.6037938802428062,3.5755031989154795,1
0.6158575468001415,0.9037208354607262,6.4461835361401985,0
8.91388200040764,9.794957203767744,2.199108471814375,1
2.106518003666873,2.1205244335815854,2.648952149956801,0
7.689018198751888,1.8591880802783223,1.253220847369586,1
1.3890017099125407,6.5011233921678695,8.767042428106617,0
3.301628596344984,8.088606185916014,3.4211568184963403,1
2.76130308118671,0.017882370813929738,1.3918856565849147,0
9.201166087380196,6.616813620060346,7.313557239659316,1
4.486490781849264,1.167387602527794,1.6616641468838977,0
5.718249018660783,4.126009098985613,3.3209007023716475,1
5.423827340483735,1.8318084611156105,0.6461523019323012,0
9.20533167631563,9.189351220439928,7.852956684442357,1
1.9984707303579896,6.993204744035641,7.562687183554759,0
6.121672659609079,7.772307733298471,7.280029787884646,1
2.914685962489073,2.241017257532072,0.4365506262320473,0
5.5404827881224445,4.937832069933378,9.524477477833841,1
0.9785758510636189,1.5472298243105975,1.3096282769734202,0
7.465689520424239,7.82308841127636,5.261124044601967,1
3.18227831777261,2.7963006758197864,6.5627079156062855,0
8.859752939335475,0.9374173770487604,5.986425907726942,1
3.336173780892077,1.715534431650727,6.566238609719236,0
4.905819773732492,6.588237688439216,8.34564435796195,1
1.6869685724733707,3.308610521236568,5.964883447297286,0
7.572260436828639,7.83143669913283,9.632474567443097,1
0.10771920886075592,2.7117246562370423,6.101714231931986,0
3.488671852128975,8.892449603226883,7.179981658847638,1
5.840339173972834,1.0561069634803755,9.636100353014825,0
8.438286801168402,4.9213935263247155,3.5956255400387005,1
3.949349752966639,4.651202106342518,7.118345560925072,0
4.546976392230481,6.119815997547233,3.9252581035146097,1
0.011251739780908654,1.6553876653800714,9.908136087279498,0
8.731088488444376,2.1249539872069523,4.705964966967626,1
0.3552129877429022,3.518097321035911,7.976773271551463,0
3.7591709277388494,6.613962360367153,3.9984988528894485,1
2.031762782708344,3.589491271333083,7.5810473275947885,0
3.875435846103109,5.194406525034295,2.267683669870123,1
5.131820967989475,3.421188952164065,7.491878342285723,0
7.340922216331975,5.604862832542824,2.316850584162733,1
2.365980995266461,4.151138058827714,3.2747603272177574,0
8.119437468733683,3.861427680477348,7.506642135976196,1
1.0287598047507351,0.11023846735721321,4.04683321729255,0
7.4008151066786265,8.591177470489251,2.2960422947452894,1
0.9464906632599523,2.7237508337960747,5.051729644964958,0
8.949515618618177,9.304216652809407,6.372532538967634,1
4.091210032411792,0.11230397259012093,8.24765102329055,0
1.379800393573154,8.595666689485236,6.414299815927876,1
4.585940683623718,2.332196102303934,7.568512830559938,0
9.288570956984724,5.551264134472104,9.264483555330793,1
5.537456043584371,0.44290942255354904,4.028632411720765,0
3.424839118848053,6.280807225518876,4.697005747446442,1
3.4160582248243623,2.938986627414236,2.773024408070537,0
1.0629660202449087,9.58789191962007,3.127490390283146,1
6.673240433666642,1.6522159434617012,1.409890855923318,0
6.8897417245863934,5.289468230560446,2.2576018541370004,1
0.6658420335724535,2.0425587623050347,6.534411471710133,0
8.854751431179523,9.112711020845266,9.25896902655642,1
0.19181250457715904,6.103509674372175,6.031676968413281,0
0.7295728854441497,9.669467575008667,1.1503014693442548,1
6.152114416234778,1.2743500187935708,3.1742429281175277,0
8.94639793718704,7.860612122518305,6.517452689005049,1
1.7732565873409767,2.5685583365280484,8.64678843921265,0
7.526110053235793,2.3198499777754753,8.754720540033938,1
4.569364864819826,0.30553332509976716,7.9277974668123115,0
0.8656550865929669,8.931670282517523,0.26270130196572317,1
5.6094049337843686,1.6150293597245813,6.673165342975932,0
8.72585694666812,6.159088297942753,8.433133408086658,1
1.6122926413916339,4.354806704169572,8.216188770963576,0
7.87110474754903,8.112609336760618,8.928505148212766,1
0.36221974836862847,8.023659211171626,4.46615487562524,0
7.927123404934333,8.159262094987467,2.66815211295952,1
2.4125280071401924,5.062322420020305,7.397656168650776,0
9.561718214380138,4.932798598941383,1.792079167104379,1
2.3845042479906264,0.9869074156292368,9.506295515972374,0
8.547286366741396,6.596286551315691,2.2429418124542,1
4.847628703049481,1.2722638622457905,0.7543698913091135,0
0.38856164457182096,9.396506610445625,8.962365949702573,1
7.110663032479457,0.018002797159404338,3.6857534960083393,0
2.533629630419103,8.255098584031295,6.629069987862183,1
2.516250421373104,6.27326774099111,3.0268176888628338,0
9.67139868858383,6.473277801893264,7.738992492939632,1
1.9908225171240057,2.179623769193999,9.993167733572637,0
7.138599326026311,6.756295781313517,6.904427897869835,1
0.5935348265275298,5.382674519462957,2.9295517934864646,0
8.400334156356262,9.395582527683949,8.222622166262623,1
2.084912757051256,2.7799758443862954,9.908428292826763,0
7.893191788089209,7.181617756336609,8.253885398102073,1
2.849329174501054,5.203798884227044,0.6953833814277377,0
8.013096979455884,3.5556098924426163,1.2447682030815055,1
2.8282979877668604,4.289564814870102,4.1009746428275555,0
3.7607470279943644,6.340872017405879,7.2635633484693605,1
5.23122837126074,2.3794621570170573,4.008821721195063,0
6.811634222749227,4.253883026893318,0.3787583918737103,1
3.7421704009822907,4.011776003984464,2.7157703172197536,0
8.612101073420991,5.395069841626218,6.618261660346462,1
7.830114892711041,0.919736438611447,9.235908255547788,0
6.709785354875663,6.812938957816649,7.659303887462858,1
3.0294837664707828,3.7570110372980006,5.436417403891945,0
3.1763729584351,9.166001434966068,8.379314418114511,1
0.7114396034176917,6.052460085833685,3.9338601942375195,0
7.730926950707309,6.406508133710393,5.011903670003779,1
0.5972799885561775,3.9017084633065036,1.7683521120561096,0
4.172748695510283,5.537095716414145,4.615946666314183,1
4.449629153035564,3.2695341482327347,2.553112431163634,0
3.2185637871196526,9.05525555277481,6.233762237884503,1
1.7835997977450546,3.0874106920734867,5.30091840801309,0
9.759573955735803,5.941623486286062,4.307688616439533,1
3.928897429756267,0.1406821191018448,2.4436585308807968,0
1.7201422772415897,7.879241866011958,8.840260880001438,1
6.100534765431435,0.10826049021178341,7.894392440767782,0
6.897970717872069,7.313671475388275,0.2817557537342186,1
0.5288767730471344,7.6042372852233555,4.865309546510714,0
9.628615108523563,1.2735860155282908,9.372835474132222,1
5.982244206687495,0.366566725166243,4.356067091107443,0
9.343913863155917,2.591584612773774,1.2313165270000925,1
3.876546933347772,2.235549729887433,9.21347190754241,0
6.027662352768476,5.560512107082026,2.2795816095659194,1
1.4472927571759464,3.918036989376865,6.04285513854184,0
1.7026643225508553,8.051298893322365,8.30581899737954,1
0.30259318550764136,5.772727595589443,3.4631329119715226,0
9.121319741263468,0.13514123455258376,5.150224320722271,1
3.0423935419319226,1.5307396425655206,2.810267726099911,0
8.803433651129373,4.460725633807774,1.724687585510457,1
0.7588580422616764,2.2638569091359906,0.696292706566235,0
9.470170948738216,9.622574210371885,4.515513460905134,1
5.12744313959412,3.349750755111173,4.033168382384151,0
1.935785185415796,8.684744661675339,2.4018175361145975,1
1.63600778399013,1.691070948702924,4.509882801336821,0
2.0788874370246235,9.273111392967582,3.6882609245464604,1
3.011452423143864,0.5105132815313129,3.266428568013997,0
4.949969972779065,9.38546707651463,5.915115116146459,1
0.7002723117775944,6.721560589136457,8.798042560799857,0
4.9519170068357035,4.189606992806767,0.8698778669372575,1
1.9688702309451078,4.194618866863712,2.5541212703521654,0
7.5860883406209725,5.3962869925845425,5.87306113544963,1
0.3944054000235653,1.3881874535482575,6.4071631358279015,0
9.795389666644734,8.226434412078252,7.116475426267494,1
3.3595568675280707,5.065870233573967,7.983325685879769,0
9.809526069721814,6.1560712169501395,9.761120092256137,1
0.03168494868784344,2.5342119089634396,4.301060187187994,0
9.602313613912314,1.459198476029605,0.6029836145037426,1
5.117787400746515,1.881235855615907,7.836812008103332,0
6.512426926734804,9.185986850286849,0.7847493751504353,1
2.3446210192190478,2.9987853511265117,2.4335872224144426,0
8.668526573415715,7.672953394947775,1.3859084868504778,1
2.266085478749412,2.4065027939466765,5.910452176219065,0
4.915440169078591,4.892198218612373,0.024124552072525285,1
5.141194928813669,2.9082209986616214,2.185177874554859,0
3.874273662654809,8.011659023322295,3.207015915941036,1
3.54364405397694,1.0822504995167015,3.3899381113967655,0
9.628657896872467,5.927521450950163,2.574481578973453,1
7.350603782068642,0.048167924290355435,0.5649061427502955,0
9.654347976780711,2.976327364768264,7.8209845317481905,1
0.7637548314363707,1.7367505259091598,2.4561046489730396,0
6.919821412931317,5.6651708369763885,8.396889501970128,1
1.5286387277843116,6.558374979339666,1.5072745468831639,0
4.176642800267104,9.199254503357853,8.633038437039406,1
1.4855920771849351,7.032343279338757,8.23178362473727,0
5.309765901989671,8.133804732827393,8.541238565780603,1
2.1085211115366906,0.5583353799455315,4.69398522865856,0
9.971567991547225,3.8174847752212813,7.4640274173260055,1
2.5800934797839146,4.4027274993690355,1.5888941257305778,0
3.3781658309092144,6.288490628027878,3.056405795667395,1
2.47139487518776,5.97067871550879,1.9720658423533466,0
9.283421572025388,0.7924692832130642,9.816874979224682,1
3.7043590320241373,2.2165356135285466,6.101809098558931,0
5.57529994343839,6.039789357095411,3.793464385677315,1
1.3252996237976566,4.736761918700843,8.516766977421558,0
4.370670380180227,5.714489454221906,3.567942152899717,1
4.078632089024074,1.7116510675212038,0.17874325040043937,0
8.44729561662469,0.9015876365511688,2.789986977654364,1
4.316194054317778,0.2971324543221632,8.992209484557417,0
6.938990094214381,7.09498048563751,0.32161646023016077,1
2.601862452670053,4.313580560375464,0.6138304524265281,0
7.5852763374870396,6.490447099898475,1.6908698268377331,1
3.3153720493873164,5.102988350376697,5.146806573109575,0
8.028990873205164,1.9747700384052136,2.3923294800613624,1
0.6278266993564952,3.6770080044426914,1.3377666401272192,0
3.5884961361108934,7.315913831560264,6.267007755225919,1
6.167513095121287,0.8500504163468781,2.7820325277971527,0
8.071959169452388,8.282804748123805,1.9001459893675832,1
1.8975953300964576,0.483929578745973,8.974182249709584,0
5.059683105216114,5.042989013136935,1.6925508393037214,1
0.8132618210150255,3.138743372742401,6.577641039604906,0
8.024413671444965,2.686965424403259,4.521673519516575,1
2.1551007230084887,5.389956776916382,4.681659708193378,0
9.434982243070122,7.2559721302027445,2.640429089462286,1
8.194761746068709,0.5954430559163748,1.400497595106901,0
9.64849818419232,9.968738045722455,8.14349052143381,1
1.2054212817975485,2.6757361530000967,7.869792526181245,0
3.9927205267937027,6.292389128607746,3.289942488051719,1
5.3887778620185465,2.5584414011280323,2.89866689666162,0
6.465740557123993,3.339725301682872,8.833175528766006,1
1.4919898892241623,3.1804172036114897,9.2093179530849,0
8.142193787883906,7.837014057864604,2.498133888622559,1
0.9212962018869464,1.1482896485992355,5.726959345632949,0
8.133681582286584,9.009715195554307,1.3861099904546237,1
1.9641139428391996,3.1604200347143996,0.5723368294021802,0
9.016033388205068,8.569608766201558,9.550239679365621,1
0.0030370323925610343,2.1967954164861023,7.08531078873097,0
9.982574895252764,5.8582955071858125,7.065590214844616,1
3.0109545656546732,5.904330637202588,4.877083567678157,0
8.020205437340714,6.652795369982868,6.324336617830877,1
3.974162365822762,4.642819416031224,9.579314953821749,0
8.92174934732068,0.46002504957693424,8.774773448449407,1
0.43336757775632617,3.328981348607617,7.499033720520629,0
9.474837943033963,9.704274405766654,3.4494714395228,1
5.330432360883403,0.8290610570919799,1.138014011987416,0
5.305765940884077,7.2027032269901134,3.913475946904649,1
3.5070804534035727,0.04480688901369545,0.8246854859701824,0
6.875638818222076,3.4726180128633386,9.797828072712939,1
6.836105629108093,1.4219935956784724,6.768295543562118,0
0.4068006946610758,8.669972280455026,4.519673582772231,1
3.7066124419445643,3.032034414264179,8.320863734889281,0
8.583471880785908,4.377325555433433,9.044592505194274,1
0.5928007833179305,2.5533249258644086,2.4769961381418195,0
8.963220992733063,2.462230582995785,5.013837573047576,1
1.9000380648506054,3.9884935224953466,0.5654114027099055,0
3.087366815962882,8.82573568465512,8.13901668511934,1
2.297993074858149,2.1218612469626095,0.25074888726077327,0
7.960740649894947,6.595543046965543,2.7774162635338895,1
4.47322490186123,3.1501132446787383,5.667720696714667,0
5.6408274156721365,5.121497152570418,2.8356557348624314,1
1.2917586428423478,4.1074459106140555,4.014092211911649,0
5.677696386198194,6.6107660219832916,2.7267402578132005,1
1.748833226285823,1.1833612009884042,6.642517211730303,0
2.436411134752677,9.946520997981875,5.004085015379079,1
6.0397495091260645,2.269545213515606,4.734742592942488,0
7.2529232481318715,9.16821343070534,1.2662231038526006,1
6.572815639460602,0.00968325630914757,1.7761326534555877,0
5.724569516962116,8.021434552118262,7.61176134627073,1
4.314261393498616,1.6536058684676946,6.9733500678726426,0
1.6388232818039228,8.00526997360721,7.261387531686095,1
6.142544542984989,2.462316312424581,7.090470820627549,0
9.754538616708151,5.915268301518818,8.774228413131457,1
2.465060657708836,0.39342165346250013,5.83125901408729,0
7.333965964171125,7.300605836737263,5.284649446183306,1
0.098490522177197,1.1298782741002944,4.472631244280856,0
1.9780173004348467,8.007286092942758,7.995711697259464,1
3.849696503922716,3.4778407431546485,5.672969551880488,0
9.148803698299908,7.348270151306313,0.2626955335807901,1
3.654895461490393,5.198789860260248,3.1294489616968635,0
9.825992651613126,7.762719725666573,3.370321732686108,1
0.3039019143424293,7.786762566831381,9.958083357120717,0
2.337857415655714,6.81157513567046,0.7291480892799218,1
2.0595594679018356,3.769412160431118,2.2296768115103047,0
7.990629745652377,4.946369560399519,3.8523295594041063,1
2.7640411145922705,6.152349014007773,0.024839834488041834,0
7.9196482697168715,4.28304457804879,2.933252390442732,1
4.0791692717297625,4.148647227881042,8.633586069604673,0
4.773114027791225,6.249940189758082,3.594873158876004,1
2.4577452072373687,2.197097270400298,1.9968502823605927,0
4.204719133488001,6.84141228177289,8.985517378513201,1
0.7860146911154764,4.624014233414537,3.784032575669051,0
7.454199097689869,6.627109081919277,0.9954103073905907,1
1.0339783928769808,0.7401861383713704,9.609508389643596,0
8.807401998134019,2.2512884871912298,2.955312805642054,1
0.17129162828262157,5.513872392850847,2.268624395947201,0
4.688261832884263,6.018173305672021,0.702650107342534,1
5.896979604227868,1.4103158166030039,8.910481304046447,0
5.474312575977062,3.682082640884273,6.2501781007357025,1
5.32679936863322,2.072533683853602,1.542065505906085,0
5.905310046759801,4.262156291206201,9.461767376029409,1
0.24530385250586595,8.104326174621413,3.9522480302690557,0
4.584409380688021,7.774317445091816,8.672809234217908,1
3.9139610514941516,4.124233035428154,3.8137092310432052,0
2.422000385737817,7.344953293020765,6.087872880083126,1
5.367151818171384,4.593482329620345,2.6057181613627844,1
6.1632932843100505,1.7941582980048087,5.095079638503237,0
8.348315150219696,1.0435483184491368,5.0614543840110375,1
2.57269706902116,5.7276761687612545,8.974819481625502,0
4.181055518065715,8.340193022934997,4.441267500382398,1
0.4337654893913223,1.196104532546567,5.281205478848098,0
3.785314971013496,5.250802353579727,4.267085185864778,1
3.907064977279723,1.96345275960509,0.6638387863558004,0
6.79179413765432,7.943567201450213,9.46054201820602,1
0.7826068327969149,6.2281681919484875,8.800361857175854,0
3.3495865002824754,7.510095288795768,0.05812308007425493,1
3.157802106087618,0.5170996479636347,8.309208640975909,0
9.7135671007525,8.537518809919781,9.463457524138304,1
1.9366460671221997,1.4124145447247516,5.205339969821132,0
9.501882719023785,0.051048152090836796,9.865587065065188,1
7.367908402449118,0.738311427561329,0.8941868132576802,0
8.75788082935671,0.47746357717086685,6.503365751650486,1
1.222815720601691,4.889383892744256,7.306496410048538,0
8.50979648657553,0.8469120513691741,9.862016773644386,1
3.232789779382651,3.7388193361010424,1.420887375387444,0
4.766316360622818,7.877916588645791,3.635508443419252,1
1.1264249122719405,5.6700655858522095,9.003456130286803,0
5.86213631315441,3.273981989698105,1.6502306461297156,1
2.4327585184162013,4.447192403040151,9.482186602541043,0
0.4516593437009653,2.851372611224728,5.04316365238512,0
5.7679458548263,3.4723095730470477,1.4394708071138662,1
2.364991099607815,4.214035409718057,9.512831941343498,0
3.0509614038908994,9.233221881320931,4.306870349672743,1
5.156525176448423,1.2246101401958298,7.5877269562117124,0
2.9747977255278513,7.171542399513874,7.692496962325687,1
1.0033549093291882,5.747933828891653,9.774881366985682,0
5.71444019652657,4.805308293192704,6.742819161163913,1
6.625175462431718,0.3791197772980337,2.478983181987866,0
5.532176951162901,9.078036297262988,2.713478095534798,1
7.96901291499022,0.38399827491298444,5.71353529927324,0
5.9579088241251,3.7556434710299036,4.134392107852946,1
2.375963344267069,0.6407653965011151,5.580318210965627,0
4.232663096393939,6.974807544759226,1.47679499616174,1
0.6011586244849632,6.769531530697067,9.186579863967161,0
9.475555666851765,4.417450013704963,6.4523654529501915,1
0.4733418152772606,5.14306647370291,8.517966140922201,0
9.797938018107882,1.8126391895772664,0.17104024170772059,1
1.1413392781089549,7.415772338735275,1.2046047066281684,0
7.7553574716331255,2.5516670798010663,9.256186039744472,1
1.3533479291860373,1.1080320783579134,4.139500275464604,0
6.840706208384608,8.042935157388948,0.5230721540225836,1
1.834251922743717,7.152321251620658,0.1826178226899211,0
7.451452783924452,5.936443853091772,4.004944466840662,1
3.4311958135531873,4.97853322113156,8.299786732039188,0
9.019404037642984,5.405787030395004,9.778600429390217,1
2.479600714692901,1.0287600008887465,3.5549371503613214,0
8.815562651577169,8.835959146336283,9.258744900126871,1
1.9299537942278389,5.487825692274564,6.977939758151541,0
5.388587131358211,7.456000342989774,0.06934017951561566,1
4.38089550574967,2.3520084063443636,2.696607421901449,0
6.280992778348949,7.976538835787572,3.4915043575931626,1
1.1686372522947097,6.171959745189061,5.164342032282171,0
9.138124509921482,0.34275216448382384,2.094056600841936,1
4.08582305609137,1.6057730494972178,4.4206635872564295,0
8.927970074174377,7.126938029592512,4.499918650975562,1
7.339131090094804,0.5437409406236648,9.096602075536644,0
9.498700096752795,6.4002939924545,3.339782883585608,1
3.3577290356365417,1.2238315826929314,2.6767672175863897,0
8.108783587700806,9.332329904049647,3.0297993607806517,1
1.1694260566876091,4.613547318219785,1.2072657950595511,0
4.482998248723399,9.210970484518162,3.8392342423854453,1
3.3919053251626896,3.98756265336609,7.373654882262741,0
9.242484323267487,8.188906800227677,6.255309298888122,1
7.785091481589058,0.2804822443300259,7.803407600959503,0
8.145434548068959,1.390991354786676,9.306781442754195,1
1.4536873014113127,5.247747370452234,5.489140033159092,0
8.22501814840845,6.246740237144128,2.1630111646066763,1
1.9848722334824898,0.48373536814718787,7.407556405913872,0
8.056409212568521,3.7700166155353054,7.749338533092817,1
6.378283288434683,1.877480612686736,8.006293872822873,0
7.049568594921066,7.437077016793917,5.229680061812848,1
2.0617695420404747,2.453287094359079,5.972719492613997,0
4.210127813019517,5.587530428016263,8.163251589450756,1
0.0901425402849021,6.661780696689532,0.5008212030529968,0
9.495923100962308,7.5701413139419484,4.3603027347640575,1
1.948263307837409,1.138644292844625,3.7340285175287513,0
7.668863252373762,1.7239747388038784,7.340939808235728,1
2.030575768229114,6.626762533842455,0.7339158080831787,0
5.727051681850348,8.48838997509556,4.101908698531876,1
4.496586218672572,1.6614411680757812,2.5109331798909693,0
8.974184385484511,7.010329041796518,9.054952484362587,1
0.9436704106357652,7.556312716527426,6.164779202253564,0
5.528940429013941,7.697719322045088,7.5565568901132085,1
0.262586372135738,6.966925389855852,0.5076823265385211,0
6.202706190530167,8.430553418929298,3.075176524907377,1
4.428437481124864,0.7944314700711308,2.3020632537461605,0
9.578776164662791,7.256833566142782,5.707481705499003,1
1.4167538744801988,4.072101867270362,8.753286263346446,0
8.310544646748895,3.0673927918661112,9.702482415507133,1
0.622182698411401,1.5805192643614552,9.810264714861635,0
3.916318508337009,6.54963560527511,8.398367056357563,1
0.9114281637643329,2.439427783951773,3.753949618814282,0
6.233968790137173,8.030371390241545,0.32109914077952606,1
1.4679871556470936,5.731482925175023,9.742362908212636,0
5.439075557792092,7.596209779863225,5.556035108322892,1
3.327484886926466,4.687671673507134,7.029346106043794,0
7.332894498218349,9.47493887893682,7.964308198042637,1
1.0584985747801912,1.082219332533657,6.535307964224501,0
8.967133512911268,2.3644734849968083,1.1826201609795473,1
1.118517400681729,7.113697217815958,1.8049435427201344,0
7.477722573147643,9.412171285966467,4.101546229195697,1
4.036969904380788,1.246688343832295,3.500521255396032,0
5.932731548383795,3.815712439768494,6.387034375977477,1
0.4913554377769336,0.025404543766491816,0.14444803665472072,0
8.200820499887689,9.171713790650093,5.364704345980335,1
1.7406683464200212,6.569557824284534,4.883019440873481,0
7.77424314696022,3.6729444113874186,4.163220002488417,1
0.7148294640077235,0.36412256307111424,8.0731904934662,0
4.365095746163719,6.87982959430509,0.8041907720947339,1
9.685325945362338,8.256109326424411,5.521880079320201,1
0.5280324974797801,6.88682417995314,2.729931630599741,0
8.791575839807377,5.625370633540003,4.082882936611729,1
0.591697045419981,0.7109995968199856,9.0464267291905,0
1.3957419472645904,7.616232080963633,8.910078959307477,1
4.974750196642985,1.5935009505287645,7.226022152397223,0
7.720859978535587,7.779367799628122,6.275721304649046,1
2.9432736108703494,4.928275760905523,1.9210005094080929,0
3.026161960037638,5.995436548636846,9.519374197625334,1
5.153496768018796,2.8019843312085078,8.502870787319555,0
7.843951663938309,4.3534175307782155,0.20268045522413014,1
3.4911331971934256,4.573765730006663,8.818938688877697,0
0.8726536438228982,9.465491964603729,4.8789425712753545,1
3.1448679771129195,3.0636074301314578,2.0612912958951854,0
4.824221487257033,6.567828850935692,3.54995094550849,1
1.4169446252331863,2.382835384985892,0.7634713265131043,0
4.488197205682546,9.884343770698047,4.607910987048286,1
3.9084177880402793,4.972619716635629,9.217948358875702,0
9.411564278431216,2.361643862521489,4.348863538947368,1
4.337519853128974,1.5894034936370316,9.328608143583168,0
6.951650048390739,4.190781949178231,5.4422936038785,1
6.80896218070377,1.2182048210183016,0.6175230499003115,0
8.355426750472311,2.5885273934659345,8.31832931224464,1
6.537536320034093,0.7272463170927557,2.8165031684031003,0
5.30982074231602,5.482036715746879,3.329996657132991,1
1.4136744732888706,4.713995297810064,9.362638899937895,0
9.490398363320958,8.590792539950336,1.2894753237479295,1
2.9262043145909935,3.0529587684026693,2.721917540725667,0
9.816746627364767,0.997765274246315,1.493067307893281,1
0.5396218810591513,1.9261452388714972,6.544990442541854,0
6.835106981472579,5.013566297311655,3.077308798954771,1
1.2538135915368964,3.2194739583182255,5.844009935713465,0
5.23989139455397,4.788410024863782,5.158886049330102,1
0.3465628237081009,8.49832335589667,0.17511497016939215,0
3.8973093705817674,9.58061467579769,6.901632484115311,1
1.6769676147075419,4.435782220503439,6.805262724170942,0
4.470863210278207,7.959297647574665,5.747579949514851,1
8.167095739655485,0.35851390700174623,4.691238240942843,0
8.968096124191792,8.094349121292478,1.144456220452692,1
1.5016800478413228,2.1383217881587937,4.260452921311797,0
8.614837318323831,0.5342329581956717,4.993399669160335,1
5.060035102521544,0.823116109749209,0.5188186663978755,0
9.059037022527365,7.4512336629301235,9.505032947430697,1
5.224236968634041,1.3684885189906582,5.081256099171753,0
7.6610055809268784,3.756187496767666,3.0918875547900693,1
0.2344799698287392,8.437741442439176,7.6306469124636465,0
8.58482058654069,7.7737134679677045,2.9832259156730956,1
3.8426422106511424,2.192307697509761,1.4381622697390994,0
7.005121876302754,8.243702315555073,4.78549333832524,1
1.2680533398984273,4.804563717498019,0.7717432457641016,0
6.9851693680493785,8.487270579918075,8.586815549697452,1
5.093355437384691,1.0529403007085847,3.3220136491961973,0
7.3783901835189845,9.783509167447118,8.981717627239771,1
2.6519005288185205,0.5171152753757768,5.9274454528367,0
6.848479407173441,8.70537750433469,4.600070390961948,1
6.532542507694591,0.13096872504977042,1.4562867590316686,0
2.2693106344845204,7.776066428998707,3.9798400617368768,1
1.2983411148387836,7.294371843338723,6.3675286635120205,0
8.397799842644696,3.846081329526936,6.83982404048662,1
5.079300191219729,2.9272565770929915,9.30798671923222,0
0.8141484038670077,9.416653885130339,0.9959581243019089,1
4.610193485981833,2.2548469259979873,5.868852640509591,0
8.061243311736956,5.42286907761938,9.650104860252442,1
2.244538796688289,0.6311434650620462,1.8873687185497157,0
5.257258628790348,6.987481587752261,0.6070698179156264,1
0.08779994317070772,6.065282398188742,9.491686816491901,0
8.409058878460927,4.042475496346398,9.640176207656632,1
4.1092712578042345,3.6353072300193237,4.170598530595716,0
3.694390303085803,9.33335451446717,3.370552000460533,1
5.924978899617147,1.2247035765953473,4.413201252307077,0
7.133344863419481,9.601309618185656,7.639579441869405,1
2.8370265069921152,4.093946158564225,3.134304173115874,0
6.342053412818887,4.0360859647789535,4.578253111591701,1
0.9819834633618896,7.101695171099481,1.2223287708552555,0
9.445686384392586,6.242011732697534,9.239973755211503,1
0.44638740393263765,6.7919483242947045,7.610195837034186,0
7.500653208980591,2.9879290921823642,1.6527376646277059,1
0.6205777267058243,7.859746055060782,1.6959289380196974,0
9.49255573288922,4.23056790162978,0.18247802154122805,1
4.3733468921281835,3.477675308892133,1.7220717940707753,0
8.754938886663847,8.02239949421135,8.152605231995304,1
3.21195531940122,4.770274397996358,7.5045927710435665,0
0.8985971287654382,9.97000197058709,6.336494733568927,1
0.2757743959620118,5.209515958028939,9.192371650215263,0
9.338548066220488,7.472639193449102,4.191998311710895,1
7.197687244048467,0.013224482384318614,4.6401027538525055,0
7.810369464479585,7.503783055026519,7.146958343610011,1
4.390961360217514,0.7565052104907999,7.222282560225212,0
5.440825858401023,7.577513914473949,3.296626385573702,1
7.3903098164087915,0.6272108666994469,5.101873616290318,0
6.967371392914884,2.9208657152688056,0.04833834252151448,1
3.6640293877921715,3.461742616281016,9.134267850405863,0
6.457268291821956,9.077650909516661,8.647840916144956,1
1.1816276512857693,0.16048513427129651,8.362429136074061,0
2.9824512030393233,7.4680780092491155,3.8547304614822506,1
1.5088482408449355,2.2543437628452354,0.23699416278250118,0
7.650996747295692,6.919392699830586,2.146462727641174,1
3.9777298812648922,2.701898961111949,4.244141640765341,0
1.711974315356034,7.64971461008563,5.941184606666709,1
5.492456641554904,3.468065325060844,9.285139964050934,0
5.7353682673199575,4.934193668370977,0.3718410402554695,1
3.600202511642989,0.37993742501297945,9.510536123587025,0
2.7059755473075597,9.70025774122188,6.541517693733115,1
4.295907201305833,1.7775290167425506,0.039731223328247633,0
9.907466187627659,2.6028074644996257,1.4536692111321414,1
0.6143783531034097,0.2613832558518825,3.9193290053527585,0
8.141386214987357,1.8307921096108304,8.889107975127674,1
1.020358310852847,7.895183565734859,8.827646567760318,0
8.070861048779086,7.123427520122673,6.432797871889572,1
0.7688404853525654,5.962073775642363,4.1584269299634755,0
7.29563355433394,7.550755538158159,9.855597551037228,1
7.544816139993438,1.3350436339927496,9.412085036269684,0
7.808175908901685,5.3274456655247295,3.151324581126036,1
0.9966180160631954,7.769981760308529,1.114677108993335,0
3.2203237640294646,8.25081142274696,3.560670330342898,1
2.0529400710859336,3.585739858902397,5.69029129036207,0
0.8578922650914178,9.004228337216375,3.094920140913613,1
4.111549863883738,3.2105690147799226,1.9182209811736428,0
9.381770371320158,3.7910016871307253,0.7267805024901175,1
4.8717077796611,1.7395392651870167,5.496829601761048,0
2.347249588302327,8.378073551485036,8.911224712902051,1
6.143530713723448,0.4167115550764555,9.686412846653468,0
9.940562419915988,4.26293187719552,8.631260547778707,1
1.396420938391837,1.128384245982309,2.547700912054104,0
8.95442164549725,6.300085901235779,2.5718365437249147,1
2.010402458838847,6.600903320444344,2.787221931992362,0
2.2391827354029834,7.888616005662666,4.368224233946329,1
6.777582410883715,1.7934460410580144,0.2875060798854667,0
8.463909420531273,6.770081259436541,6.435254637312652,1
0.4075996630186407,2.558619829876123,0.21745568545340488,0
5.903303385641729,5.067670501653731,9.464430040990713,1
0.17118266513280522,0.3173874222269657,6.89563523260756,0
1.7368006832537441,1.5759272799672774,0.17184097901992157,0
4.833836432675211,7.171766786059202,4.166859893120983,1
4.362310814910526,4.066547481839578,1.2015273117272585,0
8.531377823264686,4.183051221711713,1.287418234474681,1
4.816595507681839,2.422856549974539,7.404729681517326,0
7.9492105969380695,1.1389122772333293,1.5441248789120932,1
3.065360255225422,1.623727402126176,7.082960905573399,0
4.3975255293958115,8.642336814400226,3.8715225245362306,1
0.4572797694460462,1.5989989391835657,6.3170690073351725,0
9.71813574490022,7.852593964302685,0.10418981786547432,1
2.747967097215205,3.957782171228428,6.495095185269333,0
8.049454470925063,3.2184685297217372,4.375487377878158,1
1.6274574234450578,7.359096210057446,5.686628337085688,0
6.435366794648565,7.997121812751472,1.7028705116773912,1
1.300609025599806,1.05172713579188,8.202914822870579,0
8.423079356384882,6.517641096369536,5.113498585565676,1
1.0092621783277056,3.3520000022935315,9.347203058714019,0
0.8247724715245008,8.227693905799514,3.5690052529488203,1
4.1637019259335615,0.7786416206164615,6.135910629787883,0
1.6937257635014902,9.705867071719602,1.0613892556686144,1
1.293744508657626,2.48840918095346,4.986473612846564,0
5.927545596052145,6.008101668305904,4.574990515536241,1
2.085799985584579,1.7833741099888545,2.856207587080033,0
7.107909118311486,8.255609984820705,2.7160799165357465,1
2.436213855517946,0.1499203061998322,4.180754213699176,0
9.495675032748276,7.542294810717394,3.3846239412471824,1
0.5398753593463945,0.07757126256477731,8.85639414903707,0
8.060434774178479,2.7467475168042355,8.62046925115646,1
0.4219881994651231,2.031707516208374,6.047192996916495,0
6.614549435180051,4.177997891518308,6.551335888413811,1
2.4915150865973326,4.00842385929598,6.335487852968926,0
5.843883629585934,3.3665292354548084,5.690638201213483,1
0.7895238666090532,7.860617070706647,0.2985380990466957,0
5.628067435430861,4.123798579942423,7.715503710157221,1
1.0260905727892533,0.5944952775582135,3.223755542563007,0
8.889187011390119,3.5755286053796143,2.5166809012477787,1
2.8387620460725573,2.2309826779716113,3.1493301819567265,0
8.088999991636841,2.1421984744330103,5.623831232404094,1
0.7471836644831009,3.9101212299328525,7.212831307067833,0
9.500840667901954,3.3736346560888073,4.692392881424336,1
0.42674767477522635,1.5397044494658785,5.325712563529535,0
8.36271154169644,1.8168117217425672,3.880540137889322,1
1.749458302635486,3.4047291385946608,3.1071376936798,0
9.069108030632782,4.482144214147111,6.55847339968142,1
3.895188961480863,2.214675296312513,7.370845380192108,0
7.525146716530323,7.0177093736757925,5.489271658486091,1
1.732603837704334,4.915345673298526,8.889460946491909,0
4.226342854070858,5.620464921128823,7.6923019229326375,1
0.9625854415023993,7.469290269513785,6.8700168728153885,0
9.423234866459605,4.540366951794244,0.6211765755341703,1
1.0144320978961952,5.186187422900987,2.810434368336776,0
8.490378019354559,6.046250747230339,2.9408519801293043,1
1.2273379744530488,6.815057608360346,1.3064214304584743,0
6.317735464010772,5.029573540938257,7.1246698145971035,1
0.47614757522226325,3.2065010710425543,3.4490514383057,0
3.683117290759909,8.2738014211238,3.63566721497783,1
1.695689357005199,5.97437355854375,3.1284829747571874,0
7.1237584176327715,6.445327977760183,9.351649116299324,1
6.633324741215744,8.299280999510493,1.8076199151326344,1
1.277626096410972,4.380274650475061,9.047226093123255,0
9.266485654499744,3.790309767524198,5.551035834216446,1
0.7454575589629431,0.10059984663528643,0.3306278167871257,0
9.835896158078532,0.8116254564701741,4.17776199363993,1
2.7171484252221543,5.710066909491572,2.2076523188915678,0
7.57420751387923,3.3378979229505576,9.79431281570918,1
4.289534053263242,2.8513749986268833,4.497808896065675,0
8.883186244727538,6.728339916636318,5.808252151531407,1
6.861965389346421,1.115028512350268,6.597850885380527,0
2.717516950276134,7.027185714007329,9.089203409017927,1
4.628113679210997,2.260882169416405,5.840188545170256,0
6.2027392134260575,6.493467531228566,2.5939654789618825,1
2.4383418655246136,2.065833151043064,7.070929396910444,0
4.3769148393025334,7.653937148318686,2.830441941975965,1
2.886603024298676,5.476972725512271,6.159896314846796,0
9.676700054382355,6.012767570443071,2.6825989798002747,1
4.020357816535249,2.4701245625885915,1.3831169758768402,0
8.219742702879332,6.042848407661704,7.0265119540162075,1
2.1488979528770114,0.4746775455537988,6.673000152535642,0
6.766820768527992,9.871009583861428,4.778684219308805,1
6.244223708601101,1.5914976732547237,4.585892446146608,0
4.459055925396705,6.425875218297717,0.3457188442162229,1
7.063817079056248,1.7801309295566026,6.468065366389207,0
1.335662300960595,9.819773135001178,8.391067840929281,1
2.754065008707779,0.8633977615438015,6.807223088519146,0
5.133553326092634,5.666404669216388,2.62617911123205,1
1.8745882016066018,5.240771414492452,4.570170555674446,0
6.148471042040649,6.096404400142198,6.698321168316862,1
0.2362844018170318,8.168446766991158,2.8878090665746203,0
4.024731348423297,9.101897212523802,9.91324516159057,1
0.7536427535583679,4.363760620893103,5.064434903559528,0
1.0556512289311326,9.317308978936401,7.5969671568917585,1
3.497411006076626,5.08328618591049,0.8231591001561123,0
7.876241589905514,1.6842151520754622,3.2741514695976415,1
2.4427561480764926,5.414997155832431,0.09052375383157174,0
8.196437820092967,8.492038174351244,6.677638485936786,1
2.9565466856343994,5.065903971649208,0.35100196295733577,0
6.079044137743333,3.098475023297722,2.297296058809387,1
0.8764436361547823,1.8255981180323477,8.183172694624846,0
7.7443967448344715,7.872429684297062,1.851317177165035,1
1.6495026445840588,5.375818472653733,7.4885539680346405,0
5.203623970020276,6.12943206584913,0.2576816956701511,1
1.010251908931783,4.801327209624859,2.5680181370113155,0
4.117832408931924,5.189926286451952,1.3787336004830075,1
0.7001243658327128,7.242090032925752,9.480979378016801,0
7.247921314002948,3.3838506756217965,9.165181761563513,1
3.092334027612017,4.86169863765347,2.985598286096385,0
4.109998730913402,3.1215010915856745,7.406498233009401,0
1.57649230095245,9.229144256648677,3.798080004229453,1
3.6897768123379127,4.649707596746984,3.6908483339063625,0
4.423794937213854,6.012792461992027,3.445515127558937,1
5.186117876540086,3.657109573580224,4.420095670879355,0
6.437097422696012,6.860362917532927,6.890796539768369,1
4.412274972798523,3.0075389425677934,0.3431447250541009,0
4.284856957870225,6.15680854192147,3.8566568652725297,1
1.0179822495793733,4.5430351946914005,3.1124077390132285,0
3.3681278921971067,8.923142243351968,1.748370591419366,1
3.223620861349735,3.5769907743935825,1.6574528248234222,0
9.040955832667448,1.4221926310841881,7.0643525423272155,1
6.308204305714535,1.1994580377548147,9.427312984302251,0
1.5913556924661831,8.831477945719218,6.3006943572579495,1
1.4497629596871076,2.3791249078258128,3.9829023549296014,0
3.202826339726771,7.055802092607351,1.079989660625088,1
6.256758805448519,2.062424777423144,2.1330211320509793,0
9.920238176617957,0.061215229884156175,7.573031256660444,1
7.128518911583538,0.7501369648626122,9.334941838057862,0
7.548468331461623,4.835189307295641,1.9279456230870506,1
4.271282697385271,0.7520653566067781,7.095761647869643,0
1.596639573186317,7.845112230569259,0.28600151688898734,1
4.030438750146644,2.2937842965647413,0.2261164649283609,0
8.38759707998105,7.113268814727277,1.8094109654663215,1
0.19470190401215448,0.7989967100549933,6.861420944030014,0
4.668668203192279,7.9420539199658045,6.386334279167483,1
1.938575450802914,3.884754428941343,3.7693693348189394,0
7.210789663909748,2.952876192624705,9.521071553045678,1
0.4383846436599548,7.066171558327793,6.146399382601288,0
6.721722586972599,5.078620411806233,3.7391864313511256,1
5.96102358424174,0.48439128472282267,9.54100598479085,0
8.618479774671696,5.95774551877221,3.5273462865895597,1
0.020349146215954406,2.150469326675309,1.2148905769465579,0
7.542174184074932,8.010732265158442,5.7998324543964905,1
0.29169365261095703,8.062974380328193,3.2901354157843876,0
8.19137225805828,3.621691420790083,0.9210348904997667,1
5.910203447340844,2.012614368773672,7.316256721934957,0
8.929485159010854,4.2074265886771265,9.410108766626145,1
1.2116620302761583,2.012987580102006,8.986605119319162,0
9.130353304365016,4.607448152242213,7.2947125319536275,1
0.9575633776258252,7.77784421838807,6.469246589057746,0
7.144391563878392,7.5146179896460366,9.093534302711658,1
0.4002309417635741,8.535466868578805,0.12132602176307183,0
3.925487214209941,9.13030919847257,0.4054139014974545,1
7.52553733227532,1.3634366497319805,8.137217690582084,0
4.833797286144824,8.285230079836259,3.366915851152925,1
1.0970594567228054,1.1090857876984428,1.594631064800286,0
3.777277111774734,6.296026706138273,1.2655296003037442,1
3.985801051156208,2.2480756712306027,9.630164398263792,0
5.889039014272298,3.9317923920641173,8.624437000214122,1
4.596978081904428,1.3923915541663223,5.240079654335847,0
4.501543797020907,5.96224232696953,5.138849661212845,1
3.7281483027859155,5.158120464640157,7.368746687520043,0
9.763000096290105,4.126209247138646,7.79639496504486,1
2.6777363803572274,0.967945411382235,9.25026350117305,0
3.537895841417215,6.1680626578726105,4.761452066637018,1
8.053493255789325,5.348253147822403,3.5015799044660256,1
0.8424695620125922,8.086314827711986,0.7463377697495344,0
9.493127317905717,9.248874458535049,4.4286787070923435,1
0.4685333983620943,4.494742983821115,6.378729662823578,0
4.7826803643733555,7.820795460951579,2.967786840141584,1
2.0495931266081024,0.9090253528351044,3.736004854699625,0
2.612888927676967,6.5475576770226045,2.57796484629171,1
4.102433157664969,0.0658174978120063,8.562235721496648,0
6.7359751084974295,3.098872831672177,6.7225518544079135,1
5.056917773415266,2.508939296345829,1.059918398688292,0
2.043324211556766,8.692030257926682,8.604817978435403,1
8.3810804053614,0.41158548817438745,2.442764014327794,0
4.308442467098338,9.862179873670893,6.852641832803995,1
1.8832542149151432,1.301020742861737,6.747531701917224,0
6.050262869359637,8.678777853663801,1.48901136598098,1
2.9884156219457902,5.89795333983999,9.478307887545503,0
1.4047775085010994,6.775493004810732,0.8976626766929041,0
7.852197591496383,5.1083866250810726,4.393676326732157,1
4.102450569770553,1.1031579562057026,8.580068127420876,0
5.9321337180188225,7.6107408552091105,7.00677492654388,1
0.604555444953575,5.969308294202759,2.050132957679299,0
2.423967914428254,9.953034831703217,9.505009469727018,1
1.295527508520522,6.581593805411922,9.135142835741899,0
2.9799981903818518,8.939872949549049,1.7251127985478276,1
1.6447789271319202,3.963173472908028,5.720929557754651,0
9.643458021049767,5.744281545557314,4.934991632142662,1
0.1956671113424302,0.11777623412138838,6.509994410585684,0
3.6407636817547253,7.931799196693589,2.5668654215917943,1
2.2101142823222277,2.4025960919668554,5.506897702686119,0
4.679404804071695,9.669969121443026,0.5487525619960587,1
0.057042583067183905,4.340285827498659,1.9150049035120786,0
5.663493843189111,6.073226277958145,0.14809771107046843,1
4.059840601236148,3.420198681873,5.92302291668545,0
2.0756140578646765,7.129375863330674,7.4925050197892675,1
0.5491446276063383,1.6970351572662934,8.805042335767409,0
8.841341303354366,4.193679714687118,0.08203611074248607,1
1.0977529867773417,0.5862573304663876,0.9464435630597523,0
3.428508866114842,9.691259475410622,4.79761862031165,1
5.337029627980565,1.054376640466077,9.500143518738529,0
9.740268673149258,5.384320888235255,6.4602906756203415,1
0.7692132080772174,1.3032872858944855,0.8349304074291519,0
6.625968949453477,6.0041559164479485,2.057774653089809,1
4.1973559821539075,1.8700071612488023,8.118695498461785,0
5.5866538629835105,7.030563193531645,9.597099752714445,1
2.9131301031739776,0.23676010743546305,9.866109637374096,0
7.986655397962943,9.890070497078028,6.49541781259367,1
9.936165549134236,6.01598955753571,3.581277171495975,1
0.2597400066615352,0.8136477891261595,0.880844402941291,0
8.070349403591122,4.0907490009195255,7.938387582592917,1
4.160630321682305,1.031087300787531,9.035818937821565,0
7.997559728231178,5.5047138422242545,0.0979734831557566,1
2.1588382856872124,6.653467825286411,5.613854921651919,0
3.636590161536628,8.641196539178313,4.72065469477373,1
1.797727352922035,1.9061122493646676,2.558519011891345,0
5.25152859644078,7.878537009014963,6.961092340839654,1
3.4031001727129997,5.3209663310989495,4.880191832197397,0
7.318671860202937,5.477931034146721,3.6554250742460526,1
0.8291176172961912,1.6957730401462234,6.9626363588580595,0
7.904895387297635,3.2175853886078407,6.95987142952693,1
5.702168466219609,2.4534342536607676,9.156174235711253,0
7.183564424204941,9.517906778342194,8.196069263505777,1
0.3839318472948816,7.357860001259117,8.655723203298567,0
0.002540856552022408,9.243365177735503,7.532276936479905,1
4.3961700213638535,1.684472169353315,2.62872215772606,0
9.708019185638255,8.789330418792478,9.719576719021465,1
2.9898834988840886,1.595669441339027,2.4519957150569005,0
5.172266163500181,4.32495048851518,8.166469831204541,1
4.635938181754149,1.8052168989941286,8.648448671289064,0
9.100139084614856,2.755824956540327,5.482717771926071,1
0.9892748237678284,3.1272359745498477,0.9103819132194668,0
6.7909760032027,2.753451725609506,2.228825771947749,1
6.3005230390174916,2.424233364644209,5.161247631303799,0
9.607869585912061,3.3655041168450115,7.358070694869722,1
1.5110896579266897,5.982146989263187,5.0047354491071685,0
5.650312017314,5.899496206563761,8.464302376849963,1
2.4592045285140776,4.083632759376706,6.38821118557667,0
4.682915327595638,9.755850717792555,3.409889318726549,1
5.915187965423029,0.361486905641204,6.075823320314307,0
8.985372679273373,8.542468154628809,8.787804975559187,1
7.160812660748038,0.008373428272999694,8.464051230164323,0
8.86183778390751,1.3322231606308443,1.3948753782738232,1
0.6405786543958158,6.201683401078586,4.027054638218772,0
4.2079652564284125,6.1443164511035855,5.528992652393988,1
0.36926104224464407,3.5352174637197864,5.774076272360338,0
6.708311892501383,3.8517145030679165,9.702170963193943,1
2.091158948599301,4.724471649379285,7.021527165966558,0
5.754535547598555,7.792398746556138,9.772938536932552,1
4.904607200429853,1.5315635550165196,5.973124192208247,0
5.338512308992714,5.300345826211816,6.7717209407384455,1
4.194298956507712,2.053650617257433,0.6158284344764053,0
7.449046674353586,2.5172403403552392,2.733214727355108,1
4.061830060237002,1.3405197437104455,3.2960986226779587,0
4.575402556531399,9.898711837887138,5.090391296676028,1
1.007754047743027,6.436750415139473,6.290095799532642,0
8.05844725680734,5.297197427679992,4.489108178364212,1
0.986023507165531,1.6981741697361707,3.7415430979392883,0
2.214581320805029,2.829689597744908,6.449849716187256,0
5.0215207579886325,9.320154269101907,8.283051839238055,1
4.786107317537576,3.0244881474360352,8.902796709277847,0
5.875048595714131,3.7772671278518,9.994571475538764,1
0.007722966299696932,4.805138873158684,4.030980403398208,0
3.864132891418439,9.615964985900453,4.775520473569767,1
4.6045647599167765,0.6650801316386667,3.130526015572963,0
4.815105206820988,8.816817804634345,3.003038259243478,1
0.20941427501035892,8.759604725272279,7.40542419013127,0
7.666346776930602,3.1925952245768165,8.913522238647426,1
2.6475795092585317,0.8967939854164453,2.9295198604941772,0
4.388307495367195,4.94675973631427,6.319967378315515,1
0.10934761446457664,8.759674502782818,5.602643097391317,0
7.862875913270346,7.874944265875929,0.19658759141802817,1
5.201338321180339,2.5750906288238316,9.266815927867057,0
7.037575247414168,4.395394371822601,7.829562304215791,1
5.6095644400849505,3.1892453684123856,1.146230031605977,0
8.820954505090356,7.940951008447284,1.3503239436408099,1
5.702971388430163,1.3896076724997275,3.694186964256768,0
2.76968744254676,8.82368755359439,2.2596829057224355,1
5.622613266547605,1.5960782803979878,6.831576698444076,0
7.759283121093079,4.356885149618693,8.94944335668036,1
1.0820727564193588,4.608438613768467,4.4410089851337595,0
4.683331115887323,7.492660613970257,5.338064439012681,1
7.138095507705727,7.598771031239817,2.739103042383919,1
0.03161446547294111,3.8100323149611945,0.8041232406189591,0
5.402681816615106,9.840255750835835,4.031202206199888,1
6.444196743492638,1.6615300886926976,9.601599655809881,0
4.612190504708512,5.351229919278263,1.5131057313144214,1
1.12714475328333,4.262692007838398,2.0111709044184067,0
6.5791617487449425,4.343114452584383,9.877478396629845,1
1.7660626975868488,0.8397711114851414,1.1498662799208492,0
2.202523249893069,8.89941206121965,1.8834991586054417,1
2.242872734504915,5.655256464925827,8.078511127975563,0
8.248404772666406,2.6503070554281702,0.7249290024853094,1
7.57950169437607,0.9340157832146323,9.781232771582332,0
4.649824355301238,7.428501968968083,0.18723220811021846,1
3.6503958513932675,1.0704971588098078,3.9944510646439246,0
9.626795844758206,8.08582155866604,5.52448553487872,1
1.5537545441804401,4.221097230792585,7.910683800260802,0
1.310443893615103,4.445705831201892,2.3519160489982105,0
8.664580275122447,0.5624175273802989,8.463013331270915,1
4.180437682347659,0.10681732687966794,3.7812666304136466,0
7.294297354607796,3.4341868268789066,5.6751760842373935,1
1.067033667860281,4.7495201108019245,1.5497898712497582,0
3.6196986846164148,8.101580904230127,9.782093793119811,1
8.576981060452677,0.23365358691496807,5.60624323914487,0
5.560516057969834,7.02623959043018,1.2242176393501736,1
3.057492841848226,3.4023267429215087,8.248050808966017,0
3.7310177756674188,6.447016283667066,2.9281303230800315,1
1.2016587891927522,3.0176210815549434,1.6522964722764577,0
6.157936521420479,3.9819491502550672,0.29196250591116746,1
2.1476926323350396,0.8439856297444159,1.8840522293850492,0
2.1631015734330292,8.083838694329037,3.763432754599032,1
1.7212797208701247,0.9631902861341524,7.964768157199579,0
3.3264588951475527,9.51708282126381,7.646313816992434,1
1.2250211759481278,0.508769609415578,2.78506959038628,0
6.0435712179327625,9.467826772827479,3.6973165070742264,1
3.864649264713127,0.1823577840219226,0.69188457429333,0
3.988132380557392,7.2915886003440775,0.2212446748461805,1
4.612160607405389,2.409666057406178,2.9929198556744296,0
8.740983961271162,4.7938056345772875,5.450504746688191,1
3.7649494750774615,2.3488814874238386,6.251240145302708,0
6.086767326523841,9.349060507249087,8.881235018739119,1
3.1664725816737835,2.9287548171526776,2.463357729687109,0
9.976356561213299,2.281734291401526,6.628029556855532,1
3.064561144371859,0.07045424027220748,7.1437964385041655,0
4.407153767765189,7.2569458290163915,4.101318906085037,1
8.620301170029286,4.282127228521575,1.4858636499071398,1
5.36186530519756,0.035151975275562464,0.5781041854981817,0
9.281354781769377,5.236576695098187,7.043857279673732,1
3.6893837429654885,2.276681194850662,8.066441776302343,0
2.7407308006446596,8.380526742083399,0.24680444357838338,1
2.469892519339303,5.235371631500111,2.8467673141611884,0
8.416854323015855,5.116738387606449,3.713045987068205,1
1.7766059122077993,5.039288679163647,7.8549864526412865,0
2.9734493957854777,4.209420581189956,5.67125022840989,0
0.8129783560325077,8.193163681403929,1.3654280540047548,1
4.849098792810284,2.3304941292665426,7.387630973261055,0
9.73822766791017,3.395375172173777,2.415797888641873,1
5.889191652481097,2.8593711522997447,8.73632578885879,0
6.377986045455081,6.045185512451015,5.657042917904444,1
6.763617681992752,4.105659670082597,9.83976604064075,1
5.005443748289742,0.8312595757682795,7.415944082079669,0
6.592692365120786,9.217234231499475,0.545907104894684,1
0.2380532687965231,6.992011528412771,8.853796935749731,0
8.165503153497442,8.627644959674399,3.093866047445518,1
3.157877957709292,0.4202872592708051,8.963090047247784,0
8.013701390528668,4.006500616384442,2.516803488944921,1
4.503944087953176,4.353598689920681,2.4952275540638045,0
0.3852629738295199,8.805854793088656,8.008718322320412,1
0.0004743125142869786,6.998233452739023,9.0909096200757,0
3.3559665602337,9.338448356467264,0.0003035755737568202,1
0.05588967303987724,6.687077931384291,0.4608653025593723,0
5.694521498248665,4.743186012945636,7.494670871892794,1
3.3320470464073892,5.21372072380866,1.153910296622106,0
8.59187972927417,0.824604417470528,0.2912951006034947,1
1.7030061946782504,1.013208360049458,7.689539829297015,0
3.6409490082132665,8.462241071198024,1.066767316125261,1
0.09652749018723039,2.014617444201492,9.801985905869369,0
9.417716401024833,5.300954190396691,7.82891903081914,1
1.174986202512407,2.1651772000871503,4.415257727424857,0
8.011070947759686,3.445351485241183,8.001190046310802,1
4.5864186620923375,1.7275930612269552,8.262625434161244,0
3.93785453765601,8.577615633458212,0.6110389005278083,1
3.767702722816122,3.337537923008277,0.9126827487967992,0
4.454014854858533,9.785209993352165,8.189818256669469,1
0.37766723043858086,3.9576205459974876,3.9559777003221153,0
5.082848094703025,7.439458044395316,6.65386770148264,1
1.4048660852123163,1.3683785298613083,4.60002278956967,0
4.885521565931866,4.345367493475436,0.4749336288843786,1
8.567771599861583,0.022829046272214715,9.933185104629176,0
8.191103219053348,6.31552457989406,6.389152410037971,1
1.8114507782193667,7.106448543076733,5.8139209412730946,0
0.2770257035024515,9.484367794805198,0.17305178631397133,1
4.3590770992678145,3.6705619450567717,0.5347956861435654,0
5.505049398915282,8.24957114121352,1.0007309450580404,1
1.3670403247749097,4.460572957598037,4.805142269921717,0
7.377845996597331,8.715943784342,2.538848962231489,1
2.3948464133662704,3.832495522425592,6.816864893900451,0
3.270366800591823,6.338228813428165,1.712952906202938,1
1.034162932628363,4.924908267165184,2.0825467507433117,0
1.2101719539092726,8.989972400002586,5.791382690211115,1
2.308269431428057,4.030789792375931,4.998927854507165,0
6.203895190385628,9.187621288092817,2.3793596293179076,1
0.15885867464777603,7.550834479062419,2.755115649818168,0
9.094646927151153,9.822942388692244,7.7620786138123785,1
0.4912746474374019,0.173937733637044,6.2104630200499775,0
8.100784090696884,9.562211760106798,8.41645428145495,1
3.083822911627281,1.713092879116851,9.426752423885338,0
5.231019590915715,9.988738044766457,3.607485237309799,1
6.055004371690561,1.3790713461423776,5.682696867322676,0
9.268385156910629,5.362958585727659,0.8620522697404354,1
2.2542103684367865,5.79578556196172,5.8675966246685345,0
5.375632184438458,9.733415672309429,0.8976500522114061,1
7.292500563311078,0.9155903978957181,6.694621165079649,0
4.297745031839289,5.890984872412571,3.874442692455551,1
4.386463368020726,0.2640726316613362,2.5909269541550675,0
0.4800718506911561,4.644824418926605,3.6787749515070933,0
9.892259269314374,2.2876491352257347,2.006501512497829,1
5.4201788291420705,3.0745147256037155,6.372716023765244,0
6.198074168109424,4.641177962985516,3.7816831720323507,1
1.4826055426147766,4.840319449522371,6.453881311722464,0
6.8107397997844945,4.075180613668334,9.233948599728999,1
0.8120892185599904,0.6152314001234915,2.904502894470533,0
8.5627358682109,8.20508618073564,1.8086929330025159,1
0.7598948996416832,4.882281620916245,7.554044300407437,0
7.684544726591978,2.9194780992451443,3.5131948175755925,1
1.7446005536562958,1.9446780476461478,6.1545791985108185,0
3.292798365412647,5.940124162002114,9.049088784237131,1
1.188354878293102,7.440449066058515,4.645583842345507,0
9.926589753689285,8.907748130977682,7.0255513690403815,1
5.207775605797962,8.132027280778471,1.2739466354190188,1
4.821105713862128,0.0672212666683969,3.4018080768536016,0
7.791258299067428,9.805690128895158,8.94087498380995,1
2.671902517568955,3.8966051221464824,5.717038860169511,0
8.989131143651948,5.513081146598564,5.611155380884483,1
1.8396239141405013,3.008122185823469,0.17817621098173753,0
5.1258532719261405,5.109261297940311,9.392085885711552,1
6.166811810661343,2.2755215722415123,2.8698412269904425,0
7.820621934976727,7.191749318588817,4.204504852183899,1
4.305180164306373,1.9887710580226248,7.854334945588831,0
7.013792126815019,7.36630862566897,9.582407191657845,1
0.7441207479977785,0.9215510592724818,6.914373608230245,0
2.2257924784864223,3.9851110245811308,1.5328165039238184,0
7.823209814217567,8.913670103622223,4.882961071011691,1
2.194160129961802,5.750820105895493,0.35084341044003375,0
4.116062665657508,6.32392308852941,3.885510502869769,1
2.5877189102719123,2.9247629855313817,4.945985425438632,0
4.483100927817011,9.250791748530236,9.08462781932958,1
1.7720210287807936,0.018625117273222136,5.945151253645698,0
2.1510683508558284,8.543651803804613,2.207685123109666,1
0.4122334988753895,3.1200441588052064,1.4761819404128051,0
7.802660516267059,2.2790076184472428,3.4872862959922757,1
1.4821072104498012,5.123781441708877,7.266757802567698,0
4.170957915391551,7.18904959432554,4.340515839609242,1
1.2715225172275835,9.43150017467694,8.299955890200456,1
0.03933365335968553,3.416220626208349,9.256415646054055,0
8.94953567403817,4.887658328922477,7.538776414878765,1
2.135473678723093,2.551182054915132,1.2609309190560414,0
7.279711701617265,6.476467629066787,8.559142399764838,1
3.946528306106203,3.1886782757254926,7.8939995198629855,0
1.4106950927541395,5.951301096139745,7.288140436876429,0
8.661040546083536,1.1458798353138722,4.821251522341444,1
3.7430133892104167,7.166571023705624,3.1470522511890255,1
0.014367347670816155,2.709157796896613,2.126775995269817,0
8.418184017866217,9.041317517269919,3.1668535154965403,1
0.055578122047297285,1.2142411729828162,1.082095056013983,0
4.225012061474949,1.9656652569319755,3.773590050716249,0
9.682126784253631,2.6476703346335917,9.262237278773213,1
0.5071952517265099,0.39160328359970853,0.6256208585670342,0
4.304951335297177,4.979310941517923,4.348761876108056,1
1.340193318593429,6.493267988955474,6.440320595479409,0
9.56966873466818,4.435946254018025,9.241304557108894,1
1.0160165744088245,0.561224658243803,5.71049800766516,0
8.905209483040254,0.5136646884991214,5.1208585048307675,1
6.683963086468187,0.5011573661877722,9.796156709171235,0
8.202640944511803,8.243665062174205,6.735695141039609,1
8.911150394855293,9.404637691979534,9.876828289087406,1
7.9651665945072105,0.12856815830135426,6.770541392716446,0
8.363958160283874,6.210249867473072,3.3715516137619495,1
6.037312913326403,0.6597145660850245,7.744088330542306,0
9.196450439075548,5.86141378089038,7.872723063610398,1
0.9681923912470558,7.107963792957052,2.879141952853418,0
8.367819559744262,2.2465682214143867,7.799269427709415,1
3.880812885658569,4.609354630486325,0.783922710798256,0
2.7863711079700106,6.251236872293131,3.196132200740088,1
3.5301674320472154,4.140319930784338,7.715685411928579,0
7.0956904422755525,9.004869813236493,4.374516921471658,1
2.22949720130323,0.44852581808801584,9.040711786122733,0
5.135453318079708,2.1896012873362656,6.331410853847917,0
1.7235185329650005,9.13944226077734,1.0753651572598444,1
1.443520560057009,5.224255651844297,6.112010619125291,0
8.461403903927158,7.437737966795694,2.237308810505075,1
2.0164843718010648,4.714436499298098,5.36051962100466,0
8.682838972208366,4.034299003265574,7.897037982475537,1
1.5747810500364068,0.0944989636288851,0.7388359798984678,0
7.071551644247598,5.353854631410654,8.112528641052032,1
0.16674046123467345,9.370507702839099,9.370553713006837,1
0.8968558290502249,2.753664872060372,3.456266030868119,0
3.9870843689282975,9.044659000961241,8.667672841543736,1
1.7089953066449792,0.6529557377541129,4.92193462656095,0
6.730695859836098,5.523417936118244,2.1377126209878106,1
1.6922156822925305,0.12398614859268187,9.285831491885702,0
7.0279867879123605,4.644303084723836,0.44617944413102295,1
4.514696921894236,4.044243148656459,1.0028564803707851,0
9.648266521998936,3.6685886545508373,0.6438790435357178,1
6.932986769673432,1.427830640276111,1.5641016561125398,0
1.6016677351460973,7.679736210638896,3.905267425805079,1
2.422147249180239,3.809027032284509,7.288739623229445,0
7.23888695992862,6.739294190073833,4.729582524558662,1
1.720839008091699,6.465161643751144,5.411301774196426,0
7.818104657847859,9.380150583251535,3.633615067007475,1
2.8787938433016,5.308412946008052,6.165007507271518,0
3.703684344692869,9.822611164095244,0.7279316469128849,1
5.957663281250257,0.1290153574569386,3.429317309392795,0
8.200395237859151,8.434012529834714,1.8900581757737966,1
1.2429011594962125,0.7082411780765052,3.013553649031111,0
3.997422817798577,8.242545046013612,6.120230355062929,1
4.341504076520764,3.965062469898891,4.814491676366284,0
9.743968511147251,3.611805037514515,4.458475829874952,1
4.49620070369567,3.6093150710215838,4.820945979580067,0
7.31096499380392,7.832015982517731,7.568091665427144,1
6.873543275565145,1.2598694191681126,0.516016752432803,0
6.679955133552769,4.0425592093713005,2.073050971952788,1
1.0770705339550102,3.6860043502102613,6.456101587167429,0
3.2458842530639176,6.0919651780584525,7.074115777998235,1
0.5997193180165183,1.208226198018063,1.831303095831427,0
7.510427642967689,5.719891531338785,6.475809404589086,1
6.708872362422891,2.0347828760000763,9.654146597324495,0
9.913660132779674,8.468657482831663,5.872044074964078,1
3.102337673875909,3.4706215941642817,4.486119166121741,0
5.761336225571265,5.299190168069475,1.5106413291745202,1
3.6392732783368373,3.0301371006759847,8.305262484037431,0
7.132834678204199,8.77302881842735,6.839918061864838,1
6.328208674934253,0.8112265551205389,0.8332669823474581,0
7.252226242292636,4.011245465657889,4.513231432408048,1
3.9650281819669297,0.708184699980311,4.51610535172367,0
5.7371148459478185,4.644792147824952,3.030499495102137,1
1.108225468882783,1.058226346654647,7.138715389995726,0
8.992243783684128,2.3551599014085687,3.7027283636947406,1
0.2058346749973161,2.173358976579242,7.8402633409358895,0
6.703719173205819,5.065136925465818,6.257310964315831,1
4.1348015007339125,3.4699489151778917,3.503634437661114,0
6.515856349839293,6.788054436819781,8.660172277442527,1
1.9008735530336207,5.641385963430949,3.7975767173969723,0
3.2019713531255145,6.550718184825777,1.1670139666458312,1
2.777924266454912,3.0160227075419144,9.799286419244353,0
5.404764076053894,6.017772768888596,1.9285627980725273,1
4.037200913718653,1.4392092501666187,6.525376011411033,0
4.327514709593916,9.661849375770519,0.7802500808484936,1
1.0070976736010318,6.135257015307158,1.79215717018807,0
2.0830305666775892,7.245523269492876,2.9820133406048654,1
0.49517454932952676,3.8240703074750115,9.480949209909085,0
7.683977319068488,6.651569637512756,8.875980813053353,1
1.1298300230950065,3.337934973462956,2.757465309749809,0
9.735114692997795,4.788394188205789,9.234855290995696,1
2.3865361116872386,2.5760049240259217,6.011970195569588,0
1.795226058866981,0.24943507637838924,3.5093294459220448,0
4.565725395270316,9.689678041234375,6.930126616474563,1
1.2299900577917833,2.0415886152664022,9.46811356621242,0
6.610155203438546,6.354636444973761,1.315691710885739,1
1.3491635771888444,2.9422911181518585,2.809302148009485,0
5.076179036402807,5.811652237461875,4.817854323031961,1
3.222222903294434,2.4433516011090415,2.8584430980037876,0
4.080795548122305,8.9040344811502,7.338935915767427,1
5.292303875172237,0.36716764870484364,8.006869139322607,0
4.5145406085647775,5.64931812425807,1.6247080809933023,1
7.470406011582872,1.2273490315350688,4.108561175188421,0
6.901098253835048,3.3196866807447964,6.380634633269972,1
9.68347411202503,6.877424088615026,9.407072251656665,1
0.40250205847502274,0.5708048027750379,6.923686556006885,0
1.0403131943063715,5.971500718847115,9.127477401487832,0
7.177289754582646,2.9513608745708266,6.949655211049328,1
1.753070139762688,5.748905112849426,3.5407923272562156,0
8.153857142819344,5.002792895062437,6.307702859421122,1
1.2260971892481654,2.6391375591919966,4.737139574097062,0
6.2518695598302685,2.92836889311485,8.921846324231863,1
2.158262036510382,2.394533353719386,3.946647384447127,0
2.2109003252999337,8.078244031784216,2.0293238296762306,1
3.162986357487404,4.372999777063376,0.8715472553824144,0
8.37112771351357,1.0876222445139383,7.8569280995249136,1
2.9985583251406753,4.021254276145668,6.881080497781889,0
9.03795913806215,4.019334159040637,0.20841950668344156,1
1.510652021578075,0.2118006629206537,7.945170937235229,0
9.257492518960216,4.752043579843489,1.695261991857162,1
2.3937676093599256,0.7472599605560271,7.50244739653735,0
2.2999584602505685,8.790563929039655,8.103718341478235,1
1.2898047185697958,5.408707747762862,5.5399531425825055,0
0.16932286006007158,9.841184901597792,0.6150000890458285,1
1.4204190130225347,1.0571771193671053,7.722405553680655,0
9.664785692002305,6.237169548160745,4.3537971625530805,1
1.2959157054326864,1.9204667864281322,8.457572130569485,0
7.852505432267743,7.637522937933866,8.14500683186553,1
3.169182863815129,3.7251094396012387,5.5378543940843485,0
9.513895547066795,3.682863837595325,9.036469646655332,1
7.21107629544044,8.375352550091073,0.17805435324205865,1
3.6025086758266855,4.582902311122719,7.068111641601571,0
7.021539480737512,6.57931143068375,4.297782796356005,1
0.540769653880826,0.4402574838492379,0.9683504870282278,0
3.1500676518717197,8.938155672993503,1.1121390236340545,1
1.5206839344958145,7.153769608399302,1.2225389256571628,0
8.896455389358739,4.17002814590802,1.2695882634868672,1
0.21124376213641716,7.435674077400143,0.13207962619781743,0
6.472509732755519,6.696148282861559,6.571123672518285,1
5.83473322291587,2.585703569352007,6.425304266887787,0
6.608890014637682,4.580627456528443,8.035188168520792,1
1.8882572528361274,0.6499806753467763,0.3565056226693408,0
3.7502204350088295,4.893190337687395,9.865837693874122,0
7.838249600845534,9.953900484933115,1.3075436635033333,1
4.357927421558635,7.386107407844822,1.3531399091083418,1
5.004804515019734,0.7068922825580515,3.2095570854021793,0
7.456423408388582,7.460368916216087,0.7117446878283984,1
0.5656432081258189,4.955123301950368,8.245392678386317,0
9.389243588277058,9.44988894217753,5.074371850050843,1
2.443911377768072,4.76063523502135,6.17191632436365,0
9.818970410521105,8.431365624810987,8.397301187361473,1
0.2803703772949817,7.33951644207726,4.1075741074169,0
8.153265881137674,0.5493142782738658,1.8164489176917797,0
6.903273813092886,9.876098807544935,1.8983865403430844,1
4.958466633094466,1.4301689149427521,6.297592766151409,0
9.968678239051505,4.888810690013818,8.896258471359769,1
7.886491218809796,0.08307383699621917,8.351367033313437,0
7.300042491157446,3.439685187415037,3.4405708541902857,1
8.63335553507762,2.657850126761293,2.580730677370142,1
2.7217171584524635,2.6066658536750498,7.3411002840860125,0
3.9852813949124357,9.936164939346208,0.3554878905609882,1
0.7203745675471995,4.928113823357995,5.866720487208306,0
9.7130883284773,5.653538250066692,5.51814354713311,1
0.14093274553329205,7.887508199178349,0.25829140580587384,0
5.006385740867819,9.32812599056246,0.1330295546951521,1
5.360512460247727,0.15496032962655337,7.34273415548262,0
0.790372176381563,9.396667834806276,3.3097115900115535,1
1.0449301525739108,1.2160036120818085,6.435858118410351,0
9.22618064890624,6.9628085243014,7.431080571828799,1
0.8272684735747193,0.12566696304542324,0.9097745371824772,0
9.29646036222541,4.807013981690299,4.03414085224076,1
0.7982766429183996,7.188166964723871,6.232747652070674,0
3.346450072366207,7.610367391431286,0.6868314854961044,1
2.41967840887928,0.4470310704649283,4.978380066639457,0
6.631030638131978,4.971505003551666,8.008850696787583,1
2.320594806401235,1.016450504606904,4.884728842974787,0
2.200522101769792,2.784269381595963,8.058003110070173,0
8.091624621038552,8.222353024390696,6.1817435720176235,1
0.44975524274982526,3.9592388445032958,7.9321436928569895,0
9.783818945904777,6.758874092318678,8.973073209544921,1
5.19183103648997,8.537131512522533,0.7820699259882291,1
0.25744769942246504,1.663158504757798,9.238811994014469,0
8.897757961562219,0.15147112660828688,6.334319252311533,1
4.049694777945869,4.09053064439644,9.919047748904987,0
1.1796495261426754,3.7198020692586686,8.03761547143257,0
9.060585588184612,3.0585554284301764,2.9799987314770924,1
9.267507146587489,1.1798180673117653,7.505160926866767,1
7.623753662723624,0.3691907849823939,8.255804271372263,0
9.972911961489887,0.7327120826281375,4.3296937733221625,1
4.801904476705046,1.8809599382272524,6.737796244267975,0
1.080360902712293,4.184177017579462,0.7838097965584401,0
8.5563030853908,9.091178043389943,6.831781135911421,1
0.6326705712881542,5.053788340982765,9.853018254686567,0
9.243080817201182,3.9391639392805846,4.944502084836536,1
5.424732256076233,0.3328167304582452,0.5794932056749369,0
7.595209410729415,6.9902683207370195,3.29111380306312,1
5.439968244877606,2.3963641482862954,8.899258067632942,0
6.250910838882408,9.259358614901762,4.64942780736504,1
2.9479844137273514,5.07082018144985,4.4217921467415024,0
5.855709382848097,4.498700324710951,6.282357855413226,1
2.279111951771272,3.960733605744676,9.018508750215851,0
8.078147100253087,7.881766567822018,3.1186023206719526,1
7.339623792553044,9.876882606066937,0.17485141326716303,1
0.3046862519363047,7.59795373292329,9.114437700527194,0
5.927630368686922,8.49977857800462,3.2726295704591712,1
4.55595708038639,1.4568828613760865,2.3543808374692707,0
7.026155671656348,2.50272554782251,5.330515546533004,1
0.12951519227412334,0.7710212710211217,0.5345935413344394,0
2.93443388932772,7.834813633935388,9.126681264318439,1
0.22560904614133848,7.273392534789061,0.9852278013491944,0
1.3700698784626486,2.217846603307543,6.141440713182557,0
8.075128103760061,7.636650891648643,8.932218570282567,1
4.5360535508206326,0.7159601435004104,7.3607670082008125,0
1.7684732595899566,7.891461832444873,4.82625653754936,1
6.255833766222762,9.711135169035144,0.5343310781088795,1
0.8271794005719446,2.1525081816259153,4.095052799372516,0
3.843560168650396,1.9542073752884648,4.13047702781758,0
7.453260854535308,9.184826948387926,3.995155561335001,1
5.691383642474783,3.15763555496119,5.0247218165069265,0
6.8638173934052205,4.538783750144054,0.12891333671325222,1
3.188762821877237,5.436268914598169,9.525568130280158,0
8.702856680087658,5.9088474766999886,5.170234837032598,1
6.718735625035002,1.1027662211286304,8.532691685952207,0
8.190006816987571,3.6587359465006886,6.635722971740645,1
5.133374737277209,0.8616982667685114,4.442237692081374,0
6.867453341283378,9.169845523924236,2.827844938627532,1
0.7871533196231462,4.423272795326156,1.2499074658979015,0
7.443274014218842,2.5009975261953796,2.329149182663138,1
1.050244382486929,7.444900863868046,6.243508479089767,0
3.5835872622667875,8.822307110573375,0.12493600058353205,1
2.4457995020111065,7.454724449569405,6.265136925753047,1
4.523109223240491,2.4328208523807304,6.054991374684416,0
8.20758595344865,6.758348190351009,4.3684758385712,1
1.3987975124473417,6.464279606860124,9.517019774944753,0
9.791416673186179,7.96761733982761,9.237562890930416,1
3.18710757828343,4.038646084794273,2.0828995393936847,0
9.455385134328067,6.431152017593216,9.018659324140705,1
0.34020681609782333,4.177983234397622,2.6782145996753792,0
9.18286115898344,3.974044878643146,5.048389693558482,1
0.4989258162166421,8.289736981650842,8.89399310715421,0
0.26556346784260554,7.549936857072367,5.555657578911152,0
3.504979067660342,9.468345007833953,3.2109766511908653,1
4.946875608435382,3.3796551014076304,4.2686477325862935,0
8.477298719055234,7.627977281080116,0.3171998182404212,1
0.39854813646875265,5.015832135637547,5.379442694169273,0
3.7790870199240634,8.603335915950046,2.363023279818146,1
3.3940057658583465,4.690702990278091,2.7157027895573504,0
4.544728706355268,7.4238855082887945,5.111652149678132,1
2.909058940842156,4.168694864895866,4.204904146492572,0
6.918328463630594,6.649151026307037,4.447928486747288,1
7.6040894748515075,1.3613198269966365,3.745354284077742,0
5.05361825141179,9.18143804084658,6.128599133238452,1
3.538795525360876,5.390201059015872,4.977660790321785,0
8.838071320547035,0.9930113591674727,2.598489545133247,1
4.924758427578007,0.29476066794533407,0.9001913733671973,0
8.076445775619467,5.07392459301284,5.380269409197483,1
9.633723217604922,0.72267072477743,3.8366371866386375,1
2.0335275418550025,4.453402333900942,9.631313505248329,0
8.389045986551793,2.3725198930868685,7.370446258582513,1
2.426283442226016,2.3817744451832166,4.097719839302423,0
0.48398621384238893,8.815491801333978,4.042457933633939,1
1.0146750860245246,2.6222255681047635,4.067942276441699,0
1.7171504001190308,3.7380784572251224,4.09143544946417,0
9.643848783043492,5.181557742562975,6.724484976865938,1
6.634128527411499,0.6978031512915317,1.5324492577829074,0
7.996102335177273,5.3720775795587015,9.129012509175269,1
3.6411162260431906,4.1156959633239225,2.8790354064727772,0
6.04704396155415,6.971679124506853,8.405702616153839,1
5.110582032453638,5.204093935473298,3.7742414790213408,1
2.155518955092103,2.046768814405373,3.0967238446101053,0
9.49352253938677,3.57928521306086,4.386821761566392,1
3.263464073257877,5.2571323360382936,9.86031833910225,0
4.26295683351214,6.622024868461564,8.93207408543087,1
6.62457127460679,1.6570302685478078,4.871050584456718,0
2.891337241719979,1.2869259184298698,8.634656170356607,0
2.510287029102527,8.717647910068623,6.282742155505005,1
4.85351115480146,2.475305877356142,1.2374560769688847,0
3.7727446852694193,9.615396720230992,5.2616064315375475,1
2.2497667708895697,5.854427830686958,3.054707927217998,0
9.552879383085221,2.5143792961575606,5.902937667039763,1
7.247214098917826,2.993451844315891,0.755224835025845,1
3.932153644215032,2.003734377576827,8.254642759003202,0
4.047176705464408,5.447226018899136,0.8283079878240862,0
6.699887131110682,9.758194667146391,5.804150782234338,1
9.892159455028596,2.067891786681085,7.344089497099796,1
0.6391118609615665,0.3729376132615092,3.507982623982099,0
7.287157403490056,2.264206421429722,4.8943114810881605,1
7.13037447241454,1.2435893051819347,7.432835223913923,0
8.029626859123244,4.757903074603451,6.0242134715162,1
6.7756685793728,2.094728756200835,9.058902065072624,0
7.299055007637451,7.210685198392678,0.5205723540984319,1
3.902965388913281,1.1355792794160047,8.573939467442184,0
4.480678527879302,5.996102980333888,9.571127313636287,1
0.9086497481101741,1.167488179548899,2.4990548618792596,0
9.69190222577186,8.90663411583256,6.089750749313632,1
0.15727839052606996,7.246981962664876,1.9538837221761696,0
7.101577128763483,9.312015961668834,3.5518412941762048,1
0.8410529327767347,5.80631134779524,8.514425953300206,0
7.508658148867089,6.640137342089697,5.83587052003868,1
2.2435055964391246,4.903468598925623,8.882166229527028,0
8.079593062535569,6.3923329780384295,5.8554341461707455,1
0.3423235375993472,5.74773260304222,5.204779712901829,0
3.456550206975332,2.6658602038196113,7.065954429041785,0
9.50860499566009,9.361489720473497,0.30128144858105443,1
6.210433327885227,1.2933645053984266,9.858497206140095,0
9.354205923421265,3.2367605943773183,1.712414528385472,1
3.0307044255006135,6.889648516423796,9.243808074897423,1
0.17021324096704094,3.0231532062538857,1.9291540495099258,0
5.868861360138107,1.6739026914174482,3.872611244236027,0
9.115275933973926,0.06422049304660171,1.813660051750452,1
5.168274909808581,1.2616873343273882,3.600563067396209,0
3.608057801092064,8.99884919440403,2.2523656419289373,1
4.132186380393862,7.740362414700979,5.449513572724744,1
2.0505643754467293,4.849443410779721,2.9307784458374817,0
0.08162493515590175,6.471445442698045,7.493167014026866,0
6.589561739677929,8.314343046638026,2.667231599762493,1
6.016143424276482,6.302915526201776,9.120906440144832,1
5.776722199807542,2.553274384734725,8.633288160587302,0
9.54354887470409,5.904805703656808,5.473767844611988,1
0.20728250617512822,7.51744661551732,1.088236530401957,0
0.07911002917233678,4.691367229001058,8.325572313299837,0
3.6458811203725228,8.41330918401143,1.625113450153941,1
3.348914381866787,1.251080156759703,8.264574334808524,0
4.513759777383751,7.401821948905734,9.847228493626325,1
8.682234859604064,7.455643515247649,8.015085234067639,1
5.976356056666044,2.603635374825556,8.698935336385427,0
6.829258459682487,4.327126234184103,0.308303594423448,1
3.9499080744078063,4.833227834296113,1.5020069221026278,0
9.775238704812896,2.01611288037609,9.396458130725517,1
2.4744756245067787,0.1566400408307711,5.413971382316076,0
4.722559470540841,4.32114787956262,7.668708743395883,1
1.8706745172604855,6.36928656067181,4.842044171139812,0
6.1697546596983255,3.8571001685803252,2.24652875431517,1
1.4689306800237067,6.318544938181115,9.724349199977604,0
9.720998485906435,6.29936549258017,4.991412039664116,1
0.32265228524903544,5.46890022925113,7.930466572083194,0
8.873835812201044,8.138254071517652,8.907118195691902,1
2.890208104920694,1.0851088663738018,0.4969432689312925,0
4.183004509521454,4.117228613104689,9.278338546802654,0
4.61164907206971,5.882084535377845,9.757208828315624,1
8.670549786275648,2.2935347978695217,6.930718913341954,1
0.9794640030942636,4.188939363186883,8.934821512547773,0
7.378372818606993,0.7216145897882442,8.294003703221374,0
9.138389148041373,6.813620568459911,5.929122862976053,1
2.3418082062725007,1.7475881132113713,5.526846687056112,0
6.875652655293752,2.324400584726903,7.063725527079656,1
4.140148893734961,8.811397193113976,5.740866290221725,1
1.1050001579993196,7.276212095298899,7.533384975683083,0
7.542881276606272,9.738908137765238,8.969696520657145,1
6.910334595905448,1.3986873310357195,8.02766906106674,0
0.03369372695274597,0.8779827185897537,5.623864523073337,0
2.9102211282261434,6.675127914639121,5.079631904229523,1
2.7231050783224022,9.123560076942324,7.9394446700743355,1
1.0862937832313957,3.982215177789794,7.060912399511271,0
7.407518970304318,8.28293525366734,9.518629320051623,1
2.543847406445109,5.166404220179554,6.46434778613021,0
4.862767739296796,0.9840897381755342,5.949453565511674,0
9.362582376551831,9.486302524543092,1.0937117585751666,1
2.1445142684913074,4.377756560573908,8.863804299693369,0
6.443305701663578,9.975109597646622,8.13164813998097,1
8.141715866354458,2.881821380069619,7.900069983551435,1
2.3298325466836536,3.734125179446809,5.371911195904082,0
9.556451446205559,7.448571164709201,1.7616985678284536,1
2.376672710087383,2.3335715243516852,8.828071212186014,0
7.444359164320212,6.472862590419663,8.25117332142441,1
0.5969893097500423,6.8818289799285886,5.249378922271482,0
1.3075799788715547,2.2544356709152313,9.784986211763044,0
6.042228257617027,5.093701296885056,0.14691982178628882,1
0.06970565949195984,4.2265276064259965,5.5623564420201985,0
5.903579670031384,4.512671974047117,0.34167580903496586,1
2.7981634325511684,4.2757362265299275,9.805680296315346,0
3.1260362429957924,9.017458505311906,9.318918284350103,1
3.0181239897029233,4.864612352733317,4.124053009358684,0
7.581316801509789,9.427452781958037,2.900741814089435,1
3.65545323997606,6.104453243488389,0.12251364023312727,1
5.378897054065019,2.219551521248986,8.802676921652196,0
2.9967676179846925,7.38860088035501,7.028332984722027,1
6.7503952980584305,1.0086731932174475,9.406558269173026,0
7.448842730560567,4.5811242596481705,0.7288861226104093,1
2.5964990834583745,1.0387028455134728,5.598170481700051,0
3.966982240865158,7.594278579130817,7.852402449970213,1
2.93490456250858,0.5307860615063331,9.474995576788457,0
4.40788153831464,1.855742482419509,4.92566040284137,0
5.906861814346886,8.065821074903809,1.2529181081987883,1
2.6317948541298986,9.968660273549773,3.6758172825538593,1
1.1842955645575515,1.5792715563825344,5.297255524454857,0
7.30705729065369,5.727033942930362,2.5110799877216294,1
7.43112219519405,0.8474243942864024,2.5850336773362956,0
0.8953723320675488,8.482340905145385,9.04718888838694,1
4.80611373551605,1.2012713302707179,2.0422611820414627,0
1.0047999082145054,2.6767116186287145,6.008118603511424,0
3.0856672945096375,7.609920564865501,1.5492734950283038,1
0.8124137571476076,2.114386565531643,8.537670600030271,0
8.31204910802791,7.855979961320806,4.615699218875395,1
2.532691695390806,7.536167922931531,6.5126050387666865,1
1.9470220381356873,4.44823524851172,3.928253089523994,0
0.9682003057560817,1.8490749756872182,7.664490774201552,0
8.218029401270465,7.21946929665104,0.7547990301803209,1
4.883892267366251,1.1707988480615428,8.497815624197493,0
6.62050082134088,4.556191528037096,5.224494520729443,1
9.742040436654856,6.66356676010702,6.583071966522337,1
1.8660418589085037,3.080781524553222,8.8552948025915,0
7.067694704164088,2.394689366835977,8.120111536551804,1
3.305119208309847,1.7832340693790927,3.7801911318379853,0
6.287077298827791,7.218400607341824,4.930161106598707,1
3.8133997517127693,2.6568221060558206,1.6719115669570506,0
6.779649670928257,2.492265981042628,7.281667281981354,1
3.2479433166296188,2.1254270133722675,0.9274435550205551,0
6.109230906039912,3.075229988977485,0.06421194871915392,0
7.499574297147561,5.919272242324892,0.18463538544862046,1
1.8658104009467724,0.6382524344037466,3.883935518331416,0
1.468872485155932,9.734705546104545,5.475905076431536,1
2.388262634856307,8.158152355234433,8.832223111904588,1
4.258743486754105,4.233166460193212,6.944697434883428,0
1.7437658338328699,9.41938501501605,5.453387003026837,1
0.6198795838759108,7.608568208937221,7.709529463718578,0
2.745597670508654,5.432324828001636,0.8681360461227805,0
9.371415459009672,3.9118493049634373,9.67439870436656,1
3.037306148483844,1.0464782388236793,5.719001889962741,0
7.807250758228408,7.399578713462418,7.930725779469876,1
7.360605894009052,2.3518877820521276,8.598611671409646,1
2.204966573183035,2.01298002718326,3.185320452227284,0
8.440996158411053,7.565027466034506,3.84384222838438,1
8.747950356656952,0.6798776965948661,8.008054677297782,0
4.053302699639815,7.8210763485777335,3.689264547825888,1
1.8512130798140247,1.8152465990696254,6.460663393029452,0
2.0042232779510782,1.423761110178141,8.278404336279143,0
6.449202293658704,5.677260799577431,2.1063822153408216,1
2.004812786684772,3.9789612471858984,7.733951316905397,0
0.9024387080894136,8.740853401506351,0.44572307357135355,1
9.294900900379675,3.851101791969964,7.192616246895502,1
0.6635966175760288,1.0534357928084292,9.249864923599093,0
0.38993760681998557,0.7037571825036648,5.726608797053286,0
7.90377155676595,3.2233527582301367,5.383554437740072,1
5.09069246396764,8.171463078270003,9.395372025198837,1
5.241357786987316,2.532158714177364,2.3732536365418366,0
4.734692792988344,2.848197457515087,2.9752455261440556,0
7.7272074197803775,7.74544599183317,7.621259160482344,1
2.31545698813496,3.787989648646165,3.9862416610660767,0
6.104078650600732,8.140189511309254,4.773236940606763,1
1.2215975099983034,5.7606916016563385,0.5385899043838616,0
9.79699999248145,1.041267791995284,2.988118939300637,1
1.7571207312395332,7.45096578452576,5.229418702466175,1
1.4910260310068235,3.672636656773883,4.787223949089702,0
9.005420411752697,6.13533493378763,8.050900829778023,1
4.0182898660532205,0.38614648446305133,1.2702986655531712,0
6.999939612802045,2.1659873831692336,6.157180479924579,1
2.2716272685231176,0.7273613732594963,6.822938683372994,0
3.903182042591047,5.441309093774214,6.736389208900259,1
1.3438549759525409,4.795745651874829,7.887460130276327,0
0.435091545399362,4.2385947202072725,3.5266217705819427,0
1.2210487076016974,9.960916798213571,2.564312022824028,1
7.60892185516501,3.820605591845949,0.9185644524173087,1
2.1868318055053972,1.344511942667761,8.723185645535853,0
1.4546398170098884,4.94967694567357,6.015790216829076,0
8.399721261117001,2.2150297943832764,3.9406305719601473,1
0.3127503081683003,0.11231962923567207,8.96670299077068,0
8.064834060055684,2.205102962263151,1.2566640743337454,1
8.89988624538737,4.073063507780706,9.624246261355989,1
3.6045239046114053,2.761829565994407,7.9891092683025295,0
3.5251432152993036,3.258817843688516,3.41783880746523,0
8.597273915278784,0.8769305558102314,2.2965301554914497,1
5.362474923853668,8.620328990636361,9.765245563851783,1
4.769112062659403,3.9940313223170945,9.787606022015172,0
7.268808330081296,2.738998547072958,7.299076333628765,1
1.771642874295416,3.624395820977849,0.022926450042518587,0
0.21587497988888815,9.38435470678539,8.587233710409649,1
3.8644456596592667,4.414581983484944,4.791784950473988,0
8.217892223978575,1.5773634472866194,3.649665913810265,1
2.9930132479065708,0.013014795081387476,7.1370640166271215,0
7.35231683808628,2.0765001015338314,8.190509818680097,0
3.6049512930058345,7.052761976938081,9.922346255894174,1
8.737759704236252,0.19003644108640194,2.5051415627694764,0
0.8075892601012991,8.940047506697224,1.9795654310135202,1
6.390747704085321,1.2811055740825805,9.082171442537243,0
3.9201493622873196,7.710053714938044,9.522718905597063,1
0.7451977376772667,6.503640272254198,7.622391709060143,0
9.607307029820447,0.22516328139898123,8.763546993279977,1
0.7952772172570477,3.201342307389737,8.209514418262344,0
3.5594191209999315,6.633214547094348,5.88582489847063,1
5.20277684353826,7.645644062698126,6.312422867281363,1
0.9916337307407364,2.139549677957419,9.030478192776338,0
5.088519912507538,5.812812438255898,6.385641336641918,1
0.062310744637751325,1.5837576901034167,3.981318734561782,0
0.49881309269289353,9.863843827498055,9.770282545201328,1
6.3412813126385235,0.3073130923214862,1.7056835576274754,0
1.8667007353801734,2.385772788841023,8.44854321725247,0
8.761868617947794,3.824085803074299,4.471363235789537,1
4.2568109989070315,5.163706152410834,0.31169924302275165,0
6.3379746601530575,5.230159732937375,9.144032384075235,1
3.671658640245,2.8342782136137847,7.239873881357385,0
9.29301853815375,2.9806454827184306,1.4629093159403628,1
6.64202715410269,0.9418761405618659,9.063733201029764,0
7.633144558006631,8.162425815161246,4.48077403439931,1
4.511538868350298,6.9136264588062755,9.213057985194984,1
1.1597799717697033,1.7162457563759015,0.9610247932111005,0
1.1658495439024996,7.388333736771596,5.227472888836316,0
9.752907087875972,9.871348803062721,1.9408779669782772,1
7.707727624005589,7.18872552427012,5.882643652901672,1
1.8153642992406127,6.940298449387314,5.181033344398495,0
3.202538433614049,9.857264952900257,9.150587343750583,1
5.995901693679291,0.9932918335331786,3.5795105155676197,0
0.9118804230313593,3.9882032290404568,4.620661314174446,0
1.9321124562650094,9.512213632537515,4.60294050807573,1
8.601213182373007,2.460089093510416,6.839879375509725,1
0.731217349416915,0.9960388472823434,4.662464053232263,0
3.7000402268669164,9.085867082776424,6.666592875529579,1
1.1537972692107612,2.26748447148044,8.418073030870527,0
9.058025082319913,3.5275797763138392,8.407262825538472,1
4.739758492188563,2.5539833418884283,6.713732327302477,0
0.4859292185722408,5.637657195277281,7.813366930415552,0
6.665387558988041,3.1549976315069097,6.870406149190181,1
5.695969600911747,3.645644040292517,0.26426293376445864,0
8.965094207669408,2.9957676655720267,0.6146125067497088,1
4.592375545651109,2.633718001293942,4.042670859858186,0
1.549873546338566,8.733523642767963,0.3881257484119549,1
3.240191295113841,5.26679516953005,4.3304456348065425,0
6.271868362856068,3.456601663284311,7.614606049147891,1
9.194910881473223,1.2032442915993424,8.046582761131566,1
1.9660240020834208,6.543488858275264,8.865606734727683,0
8.849356479213027,8.662929605381755,7.292900373941395,1
7.161799340670269,0.660364015430075,4.8822865571006355,0
0.28895401464715254,3.8716429490124558,1.9093747588627241,0
7.166129591073915,7.059747539465726,2.1092973627646527,1
6.65002365409311,9.252188573333942,5.947978426858737,1
3.0444303290808703,3.142383890406645,6.8746590736205,0
1.2140598325127072,8.306859241435278,1.9108670725991472,1
0.7787277473363907,0.4709926697673139,0.880824287191998,0
4.73921548052275,1.467785252824354,6.782915425873137,0
3.0421888999269497,9.222559912635715,8.622410621399228,1
4.987066957167555,4.064691667142486,7.524662657009743,1
7.46595972284532,2.010847765173226,3.9677580701382063,0
7.870238814390743,9.314573511100438,9.64243719329742,1
2.317600587927627,6.579477802559152,2.362740048839287,0
2.076611813774145,0.6277771425813439,9.136144570790336,0
7.550627890200518,8.550387858026511,1.8307341197460514,1
2.58952409058133,5.090853902556265,7.5638678940781165,0
6.5200420543971696,9.151240009358965,9.40009755813196,1
0.9518686149503408,7.996134789436919,6.4720005042230415,0
5.692645757842866,6.212653363270091,6.56001446747994,1
1.6492079530851145,4.2901767342251516,7.081243463022263,0
9.408593265532057,3.3962585688873306,3.2784478416553897,1
6.86470807953731,1.209525522128131,3.078882865158976,0
7.624330169000252,3.783636059254646,6.768851286074198,1
9.1880670838043,7.876454649666828,8.82195619734765,1
0.2530546378112086,6.236824107035671,8.489383844135606,0
0.04730088416931455,7.160339428892101,5.31257154072472,0
9.816117624015519,5.240751604387709,9.72055161894663,1
5.656655653925354,7.911775557235674,9.010003489172428,1
5.754647041966089,1.1928975225945704,7.195703817524527,0
6.352264037731915,9.044612725560865,0.839776022313975,1
4.317241234081855,1.8572933460185126,4.816709126875671,0
3.599843204316102,7.1138430442219835,2.8268221476705415,1
0.15232498007005213,2.211933683852001,7.639807780627129,0
2.1074231770433616,8.210377756798628,7.743068845342515,1
5.737297850396433,1.2340294210753944,8.687867574589127,0
2.3286511910907484,7.674775448502738,3.3380639169840354,1
0.13424615457978573,0.9318079923722489,1.9964148402124682,0
9.228116780643582,2.2261326940589967,8.488913927541663,1
4.570527794353306,4.79896535638895,9.668652314806192,0
0.5510636491896803,9.436004946552442,5.059018370291817,1
1.0992620274762244,8.165580150240556,1.2696019220070853,0
1.7196607910319495,2.3412039777547156,3.001383832252843,0
8.620851908857553,9.429880775233968,3.7398926962441923,1
1.0635259991952983,4.775640761601064,0.3755799925074732,0
1.9930598633141283,7.2657211630921115,9.092892170028014,1
6.168189524770592,2.4682577984645313,6.508336832608047,0
0.4466647079365238,9.29866580012641,9.494156261919434,1
0.321427992591905,9.462538796981235,2.4511560006963373,1
4.561853423583529,2.1029071176830314,0.5717170827931695,0
0.25137707299925927,3.8142168249226174,8.996180025987776,0
8.721026405276268,1.7171477258764034,4.189350017142153,1
7.62610928408272,1.7351945859242535,1.813335320899474,1
2.989822258182776,2.2106521784455033,6.620609865522136,0
4.20056759247,7.128557119027836,8.461628163966674,1
0.0877791542117412,5.506504472023629,9.68243473852112,0
3.9213459722943655,1.3264820070613237,3.240342668361448,0
1.289405991604089,8.691025861006336,1.8218244008993856,1
9.43722173366088,9.152863266979175,3.80339441094544,1
5.213154029449757,0.014863736304226993,5.262815697047284,0
3.103236495679397,5.603714744895701,9.725625810955854,0
5.195900071059797,9.30230055956513,5.632422412788539,1
2.2624525627482006,4.31188021414718,3.1026405639059487,0
9.978962001027927,9.492851103512706,8.670751485363745,1
1.729332694359823,3.4922371894914916,7.015470559163301,0
6.88374155493355,6.461184087047162,1.1676981565806077,1
3.1818735923569252,0.2357007777760134,0.3362711577277644,0
3.2637165398409076,6.015142655105485,7.943439231072546,1
1.2933833517862692,6.2355770761881715,7.837457889927086,0
9.635812957236785,4.852455662980672,5.046368158966378,1
2.208186889404197,5.286599150319191,8.491346263038738,0
5.90559056076896,9.630919962027551,1.0463393989837477,1
2.7729070378768816,9.064920002205337,4.1091202190651686,1
3.237027835921583,1.4992073820415563,7.00674983865937,0
3.33422395537652,5.989492379862335,4.665298971384591,1
4.779773603078135,3.395252005764066,9.794317241409727,0
8.305394319413468,4.524544796512347,0.9381724394968216,1
4.697955797109352,1.3381885369178914,2.4427326900098056,0
8.789639856854244,3.0052719802351833,2.3757186957901464,1
1.3937451333690976,6.071363068765213,3.534374726558717,0
9.291222178945413,4.900881880300436,2.4127854950356276,1
0.8157827346910884,4.875073736660994,4.111172294392425,0
4.065627854091154,0.45178115772471106,6.965762398276045,0
6.488722111577148,7.880574634995343,4.456586107535712,1
9.22816883943604,9.916408728907461,6.634434027553836,1
3.3455109846084885,4.312606804424685,4.533547083379795,0
3.5631374997452525,5.00430157524657,0.484779551449086,0
7.448766631189655,3.9143190112656323,1.8657243830177606,1
5.400551018789517,8.232452788669196,0.11269295007466318,1
1.3774785897079944,2.828958491111655,4.544580309301986,0
5.541596609734681,6.433174875427734,6.222712190482512,1
8.769053564647045,0.1715366940797336,7.984924217104238,0
4.621597602842215,4.381578026827951,3.5174136918821066,0
9.252474648747112,2.1126324013442965,6.536050182884629,1
8.365780798219438,2.6061982203427894,7.8990283749974575,1
2.36511627722771,2.755963341994322,8.798826484606074,0
0.5018606137913895,7.782098972178586,1.8992336382928143,0
3.9177682556196136,9.718820618530854,3.548304141970112,1
8.049069652035723,7.1705275071116725,9.160466096797137,1
4.982831557262612,0.6552760294517168,2.5959052856017104,0
0.04931332718616788,9.745108222533439,6.24228560730539,1
6.422472085735941,1.8613845882638358,0.21370048112531514,0
0.5485971275332169,6.957153427254914,4.275974114478914,0
7.780826022218637,8.179986289146896,2.463230252860126,1
8.349780946024195,5.936260548471674,1.8739593871607907,1
2.3921529376637563,4.684975906040222,5.061909446691687,0
4.014217890423202,2.314602260404267,9.08640925753206,0
8.230426725658722,5.161284681330828,8.019898878297854,1
2.489147385188557,3.362153275173135,5.326541704223824,0
9.659733947680387,8.558640500182248,4.493496597451654,1
2.1772999007912883,1.5205151364136638,1.7743934909948167,0
9.530774931212568,4.350709482751316,5.83348919164537,1
2.924554062390544,2.5798850436157883,1.5852173684775106,0
3.4973691768507056,7.0359701861278,9.414448854134847,1
1.252152787670785,5.48500997852461,7.628240451293524,0
8.822560785189767,1.7313083695896236,2.217333009994966,1
7.1012883301139045,7.140060106243128,1.4523285071835612,1
1.0113697417552048,1.0849245718525202,8.346389993379178,0
3.9886372731468542,0.8401872545061917,1.2810778922250599,0
2.797873859825737,7.891568870089528,3.692895228690615,1
0.2964103717055022,6.106295064289813,4.128320275913911,0
5.240802053960457,9.272587581608956,6.811486065568738,1
9.437911968222739,7.309518588504503,9.204145279539372,1
0.5587408415405037,2.057898247272795,3.6041121184651925,0
9.689200881905466,5.49839109568954,9.659658461967092,1
4.365388415034267,4.256762051427165,8.17580559614367,0
0.8463459319998246,2.1898940799970057,9.046866028260581,0
3.112899528774409,7.359039325080366,7.621300082164987,1
1.4344085331418532,4.534414878873122,1.2223187867679008,0
9.442985974436773,0.5763629677545767,8.065640658154335,1
7.896064928700824,0.35154495387256235,1.1483988685175217,0
7.882990038236134,1.8367306471209044,8.609481133439402,1
2.788134632092837,9.921136305588199,0.4326145942533932,1
1.256131075052378,5.473276292641206,1.6999686605270992,0
8.765907342293415,7.14723562948624,5.52992256344954,1
7.365069285111453,0.9791179776289682,6.318652605601407,0
2.5252827583921778,3.3492750945437013,0.12854759931409276,0
9.338795534169996,5.47585206925482,5.413357522649289,1
9.936772641337457,7.165683964996581,7.473047048381822,1
4.330486786050928,0.9174768718696757,9.742073617395729,0
0.8567991930255359,1.9665376067568408,3.1300751798071835,0
8.18003143632209,1.3295693703657174,1.1330255720735727,1
3.4301690626945938,6.669614085242014,5.393473477118791,1
3.0856355800070476,5.681309495841031,2.0862364654251655,0
3.534484564745238,0.5900665640682723,8.155772241037582,0
8.795197634867163,6.198502845272343,5.666400002632614,1
9.167154962587386,3.2165707730204063,0.6174593819355412,1
7.659680704490004,0.6291839314611958,5.803885980818198,0
8.956889065385534,9.77687057799147,9.32664575910657,1
2.745147626186364,1.2955304969046277,0.045788837770375235,0
8.034196555461214,0.0693328763969947,9.01805183666435,0
9.668786964319324,3.062811383648407,8.862840942394929,1
3.755682338894699,8.34393093807477,8.787625352361808,1
1.3847000304821055,3.7723039455498917,5.751947369672727,0
6.742443241375704,8.363118281586946,9.237130188633309,1
4.769278441011596,2.486128103583428,0.35711956195505157,0
4.230384507764534,2.549600162840612,3.8736145788495966,0
2.879907006980563,8.387675682524486,5.3603578438422375,1
0.23576097868546864,1.0104866763678844,9.774012914315716,0
6.639598772648,9.855149350538268,1.813071707477455,1
8.309047485191654,3.5517626602925634,4.113719331301189,1
3.8926789460666713,1.6778513686444885,9.964110476460021,0
9.174689904949386,8.508553254771158,0.5778198115213862,1
1.0923387860141576,2.3001631836790426,3.342702110109572,0
8.269210359716375,7.621912005525808,0.6203455030410454,1
4.658850697857155,2.966239414184021,3.1698526619260994,0
4.351544402155626,5.090167628874049,0.6566795735714748,1
1.9580403135270086,0.4869553894143819,7.580292460103321,0
8.17392297059039,6.299841827791078,2.855123947412166,1
3.846931170847745,0.0411660255516233,9.973065572567657,0
9.50273249057824,4.463099209096097,9.18152705724922,1
1.5654720490474294,6.761286349079908,1.959554709693977,0
5.266160433346547,7.428504812525048,4.93855458936355,1
3.0452645314950457,1.6842197300578288,1.1418740911908876,0
2.7981995898090686,3.5624621252126722,7.831522230390401,0
5.757954309622826,5.1840404489464404,3.5923477059004147,1
9.730320493935666,0.9737964157064061,8.832150661933001,1
0.6986839178615256,6.718927768923226,6.710888497881951,0
6.271814937646775,1.1866522409231717,8.884151241610835,0
9.114026185008678,7.885246576144843,6.3557946278839115,1
4.159502282995867,0.3501452526627946,0.2513982323204311,0
6.578573593027494,3.617315709440084,9.290851348176002,1
2.908872374772977,3.761535581371944,2.867281254573469,0
8.336669796706893,2.7341045164737485,7.790163597081518,1
4.073393376491545,3.12204608737542,4.155161600755094,0
7.9527052176544775,6.415925270526363,2.9253025919702513,1
8.037857198330112,6.595676452534995,0.3835725880177143,1
0.9433165833808432,6.097156950227851,0.2691405745541686,0
3.9990588502292788,3.365936823001162,9.385208446748996,0
7.984546545226683,2.555294603461946,7.458359114479086,1
4.148055211387652,8.034338607599768,4.357080841945296,1
5.548813899729219,0.7916334596200814,9.869237671313629,0
4.5667504540316175,7.900537555461161,0.8196808011647072,1
5.483218381747007,0.6116454877098454,1.208711676580383,0
8.177430526655247,8.099942669108513,6.170987618705258,1
0.6475332742934226,1.980859483847811,9.827571458545842,0
0.23612367316933836,1.8593717698698653,2.4229770141003426,0
7.711376543141954,9.74409866188872,3.670436531707002,1
6.90399815760599,5.3468999747098875,5.489108550856104,1
3.0704327380817107,1.6873310630793714,9.001818740556379,0
4.081777751127999,4.2255353749150295,8.267646164963372,0
7.240884927711494,2.2635330600793715,2.2294768132870404,1
9.438440422974734,5.229244860003056,0.45780986083646114,1
1.971401497347316,2.872090428536127,4.16470168292411,0
5.510313547950912,8.185572202111796,7.544320189932934,1
1.4766911563130625,4.229854040586492,5.841892951457069,0
0.4101432624745571,0.3545793601140712,6.410648499237749,0
6.557952800392885,9.623480802960835,5.145112627276035,1
3.3195429926285147,1.5740340320686463,1.7611365548529279,0
5.549519531321624,6.226363376955208,7.066193104785755,1
9.301982831586406,8.600831996216861,5.233270563480952,1
3.563473676965796,1.560826357391264,2.7920839892401794,0
6.568558409955852,7.896055089531224,6.3944243351774315,1
4.259155158565941,0.7326211040457054,8.90809709312115,0
5.71802219540433,4.971180469780768,8.418639575794812,1
0.2916279227663321,0.6804109366840694,7.925505636046911,0
1.603887431131955,6.0514644993523135,2.34027666742346,0
6.82249596155086,3.6737518849747888,8.393700280548993,1
4.450828366884715,2.550587496471687,6.810039507189583,0
1.780187618614022,9.747003730647021,7.599914801231806,1
6.512534760353265,7.889076891213311,5.774585967279289,1
3.8930850528912266,0.7896878901374205,5.993014052988452,0
5.390716899895804,5.696349153066281,3.467743838913042,1
1.4944509893413849,3.4729897580254487,2.4893174333293633,0
7.26817479099426,6.101641608564815,5.104937853785094,1
2.476277893421898,5.067911509757648,9.002754548152277,0
8.783374540850758,3.1151990193242463,4.995794342258324,1
2.8749037415458134,3.7225028190555856,9.302389036892013,0
6.555752718108492,3.2324244655472567,6.84175891510143,1
5.486290782035997,1.8950479886544358,5.383442155691047,0
7.301932768466186,8.945626348812679,9.974757067030481,1
4.298564115270498,1.5419615027493327,5.340986617817769,0
4.8980268974086325,7.893418807668068,4.491771272139581,1
0.8466555611568016,8.075251134891252,4.741614530543041,0
3.5793314017234446,4.881106942682002,2.2659713639364334,0
5.904282407877297,4.794011034377505,9.511569770764511,1
3.9537746705449894,5.536658843124409,6.315078280466815,1
3.408584017961509,1.561758894287616,6.440557713655859,0
5.805720456304309,1.1097542113878667,3.3837559118207103,0
2.8808703517036194,8.691514383587368,0.6966603276882877,1
4.91066572680354,6.8699133191673925,5.162777691334358,1
1.2334595849092478,7.829295840315119,3.394648078767272,0
7.01828612699644,0.680694578690787,5.278692150042824,0
9.577065023183804,1.1740792817594226,8.932260195308766,1
9.375142481285033,7.023851341425804,9.160225453814757,1
3.03070051835597,6.381867745683994,9.771127848085687,0
8.961191224258446,9.527319884250423,6.1334181371527485,1
2.6205379681029592,5.127958414777325,5.786897150131321,0
7.824919606147773,2.562022572099474,1.5875339203377958,1
3.674276109236124,5.046679291872431,6.7303059107907774,0
4.515448829693083,5.1963404498443815,1.6117625264586555,1
2.5765281707390497,6.69275381753434,5.413199096632119,0
2.9864176840241186,8.657396058545798,2.668019831285461,1
0.6466557338822809,2.089690749765103,6.702005882031017,0
7.131125926536307,9.531764830345947,1.0073603757429939,1
0.7887565080301318,7.834196090680521,8.764612352254609,0
8.824365727753936,3.083512674823321,2.279374349168201,1
5.050894643726783,2.069020130056262,3.7957759808286418,0
9.59751840087279,9.856264340587176,4.432533528217285,1
0.31095584243357677,8.867939013597471,4.972113238316673,0
9.11215198766806,5.062601664144273,2.989942265580172,1
5.196994911379806,0.7922012683565938,1.6998694630507294,0
8.736657439194174,0.2306110824517904,3.2991495805802087,0
8.801651599310091,7.432353165831648,3.0995385097226458,1
5.7717568143405495,4.702825900896769,8.917393589268645,1
1.2701401393791378,0.16115498517416338,8.62201158926824,0
9.416075855834157,1.9829179854350876,3.105898583076784,1
1.0861132477137636,0.4019557039395383,8.980464839627562,0
1.9507972245950411,1.3290743781119774,1.2149178088416634,0
0.3028437390909211,9.396569224568502,9.918642017927864,1
8.8351073722182,5.740785238733426,9.03007684148985,1
4.704198621090341,0.7016521550644217,6.570346653199552,0
1.4754081053204915,3.928439734180962,2.8690261808873165,0
7.005663630921895,9.539884026707073,7.160573152405227,1
9.291908266157028,2.6559117734603044,1.1006417725737616,1
0.4023192649342566,4.835674276914458,3.1348899324131416,0
3.0886741577136134,8.429722339072928,9.133861821416067,1
8.665532529145711,0.41831188531355146,9.25001291939272,0
9.824226295117262,8.088830913477032,0.5679101499061812,1
1.378025152435055,4.382904571958224,8.211981812929785,0
9.333091813593537,0.24182527130252485,8.734180803521959,1
5.775236558760579,0.5435572227730401,4.008912177988528,0
5.022223809085743,7.691843675657544,9.283651356646747,1
5.685860196866885,2.516919568591234,5.106333501401722,0
2.2509594863696467,0.9176697405138301,3.274641970855028,0
8.38185139390837,5.543228594479529,5.177816507655706,1
8.401111209985654,1.6404920561672964,6.963140766338141,1
2.614470314567331,5.815239929167847,5.787106914999063,0
6.375478196119811,0.4003823362681458,8.042412804810445,0
6.5038888843085365,5.274287598589779,6.842086772100018,1
9.310343265413973,8.678477461604166,9.53867192358282,1
7.714010268739576,0.3887748694691373,1.575944366062234,0
7.055975088188969,8.7679211987106,7.915629248572779,1
6.384483821997841,0.7780187235754643,4.446672397759692,0
6.965450499641817,4.110928271702469,6.8363746980233895,1
5.725241109509543,2.4158293302256597,1.6709465249788669,0
8.240192171589552,2.0187009103600984,6.311827937694471,1
5.357284945240525,2.5714268750287705,0.42794722113339123,0
0.6135909392255978,6.00040983086423,0.3457733373482652,0
8.981710310986427,3.0422796452423473,0.20696735374521436,1
6.225703424266495,3.2247106634563516,1.383783565261446,0
3.8431468557450508,6.914579953974008,5.457211392661815,1
9.049844622697565,1.7876459197007233,1.3547457295500598,1
6.353249050640537,2.6319688188180757,9.36633104379925,0
1.8005541174984918,0.5016555805478073,5.094256031157984,0
0.9468840072691687,9.072310415817471,9.989675644909111,1
2.4692500029127054,1.8193271316274606,3.56867731804434,0
9.339232659152472,3.303392502606205,4.782954547131134,1
0.1115836201540088,8.008090857912565,4.726584738726636,0
8.374547017720799,5.943953137739704,0.20995865238738642,1
3.8379839090096657,0.5778636253562197,0.9236592397432741,0
5.2901569084639455,9.72506537399765,8.953121336843056,1
9.8808414448876,2.847542214438371,6.463034086365283,1
3.6946896701327625,1.2290511534425452,0.9533011078756004,0
8.893914284047943,2.0516193246260506,9.569966377686628,1
0.3828106807117071,1.1095176995276534,4.9493841789737605,0
6.210983810262448,7.855413280433546,8.883504226776582,1
2.4049076384439925,6.555525283307999,1.406613130451746,0
5.468399105916034,4.7554519357571685,2.26808577234062,1
0.345349113201322,6.026116695875389,0.4698638333189664,0
2.0368891248738255,3.9682545786363645,9.734812633725117,0
9.609418639670773,3.4241850491071633,5.264534160628252,1
2.184747591318348,3.8896615619867383,6.667766716580548,0
9.018307235917758,0.5521900454817497,5.548575839916529,1
7.852190758159087,6.200319761696723,0.359898483390958,1
4.194146287609886,1.4144286522106475,2.992785413228256,0
8.668414225629311,0.3339211974912215,2.158975473905864,0
6.632780444364005,8.59914019383765,2.5531417643097787,1
4.197696815945489,9.837123440401813,7.893752076158914,1
0.4855050298326624,7.469029748589691,0.4822944421899922,0
0.3248961159347774,1.949238382106312,2.8175507265303756,0
1.0457478575533163,8.495152426831801,5.8476000965171195,1
1.3964766696521003,9.612004572368255,2.5771508868012747,1
3.3647049318470046,4.054277204645516,7.098436175529641,0
8.894962330962436,4.81680169670447,6.65110643669033,1
4.348547967619535,5.1452479986565125,7.575572890581195,0
8.719238674389064,7.660078388867399,3.9919384040461137,1
7.682039832912542,1.5904393001392858,7.097925537829372,0
0.47671108372760007,8.099300328091894,4.6955019907520885,0
1.1300302876275825,9.14777767067704,4.06605667813293,1
0.9929843701285612,5.273996015411519,5.0161595603657965,0
6.720853128212061,7.937300335821953,7.110127987175926,1
9.287036058759819,6.890616559769463,2.783992014171944,1
1.9528884433285498,5.511042832494887,2.890093716957404,0
4.203779731340042,0.5262885946340734,9.858909781148956,0
2.969994988016164,9.261160060374648,9.002966599739413,1
2.6619612250464684,4.921600144293223,0.9202579225372431,0
8.539881554948836,1.1576389272541132,2.6408204495060894,1
1.833058251616796,8.871202109001548,7.65751245377973,1
5.103458004290436,1.8217129833831214,9.311580000950086,0
0.2060171724162807,2.337525434506417,7.198229355692835,0
4.629474402198986,8.72099362814003,5.568603322455884,1
1.9150600299331166,7.225803280600113,5.957680221535531,0
9.788783671982909,6.669565725472464,9.478804906144212,1
2.7887512432511175,6.795854504651682,3.970318818612304,1
6.556722138442397,2.850999560078483,1.681879762267775,0
9.17105209701565,2.8687546941856557,9.297084360646302,1
6.3548032625328155,1.7108796531602855,7.649580523131866,0
6.281121543678592,3.1778423218856675,0.33598007795223817,0
8.534225939250256,6.206906358931006,3.6397356639471177,1
9.111737748577712,0.3816913718010406,0.7319384724965128,0
4.891430740973734,7.809056898080405,8.070971011638699,1
3.6006294566382904,3.9928792802303614,6.613786867752815,0
9.782795754281143,5.342495552357052,5.289818518728456,1
4.897002877656477,1.0437422501670046,6.234326901782486,0
2.9358697981558324,9.32442502843858,8.364431038855928,1
9.455682282662691,8.589198959992817,6.530777120025322,1
1.0626650279669214,6.0912551027829895,9.391523760220695,0
6.173545337353069,5.952933363266002,6.267455630970512,1
4.138705694011441,0.36015003188039296,3.2042085566621714,0
6.539776244653264,6.772627934738628,4.768452248168581,1
0.10804245431510373,7.439941332411648,4.0344515485222345,0
5.493109943574402,1.8098814000611962,7.650466008148404,0
6.717428376661121,6.732820308154009,3.810919321873809,1
2.620981842327157,2.8618630156203153,1.70527613264164,0
9.52122204336048,5.894603930372236,8.076673389832893,1
6.423064292296669,2.0009384893811557,4.311135668185707,0
9.595953094980485,1.8357713054786517,9.148404860574336,1
1.613124892004646,4.554651334211125,7.718161061197071,0
3.263289597353858,9.126061940438406,3.708117190203658,1
3.97729001762119,1.2448751925574242,8.428085665182232,0
9.527403169891755,4.128520996510444,2.0650331296068094,1
9.767386570375487,6.083057658413271,0.27531090353155707,1
3.312962244394887,1.3801025865050909,6.477024002229516,0
4.976649415159996,0.42602984322402393,7.516591823994046,0
6.498492902176324,3.970602760580373,3.762378301666102,1
5.098548761279391,5.637597065969827,3.4146256901374974,1
1.5772385092249719,2.737205389639248,4.55976096338106,0
3.2211424798040698,7.728914127229682,1.0165002629763908,1
0.43405621990768695,0.9963035183916091,1.0400879155406717,0
5.522635401725405,0.0524039053347658,4.187572673403231,0
4.566874801556484,8.768625539470726,3.1208769335854116,1
9.518227238459962,2.4915761510530485,1.6572202553577042,1
1.368022339918329,6.934005941191455,4.6155675357428105,0
7.998410985123739,9.493521268621047,6.078080423387501,1
4.727317504000742,3.6197706087148562,1.4238316896121073,0
2.5948813931303336,4.376821986220297,5.532804173503443,0
9.55277690929002,1.3434204139130745,5.162262998871522,1
6.161224768999759,1.8097133321147063,4.133115652643648,0
7.913399545431626,4.435212604503671,9.675845459746661,1
5.335292049196205,1.5020334323750117,7.032962791610818,0
4.602123753759093,8.289056837333481,8.135227125566098,1
0.2075536258725219,3.083137384891741,0.8189361757240199,0
7.8580757103596905,5.837047080036456,6.3004866556851695,1
6.524313324293873,5.908830413198785,1.6510341316674082,1
2.8256052272858567,1.0297572056075877,0.6870492894998292,0
6.322009933119519,6.541091706115957,8.42614089752963,1
2.330722460979775,6.021427470440401,3.9199508909508998,0
9.790768817831148,1.8662907572649867,5.288523851250428,1
1.7976835265706614,5.702123223757757,5.605894940752179,0
5.619113452011847,7.385426046952585,8.334614319746912,1
0.7322650049327328,3.0486755191943216,6.75706409574877,0
0.25695092378066,5.762029156431313,3.3870057454483993,0
9.306463447770488,5.729965659208888,9.154068692609831,1
3.45073738587982,4.472144589191128,1.0398926498141936,0
4.341964454909033,7.6220481125251585,4.047226929958033,1
4.1944087941046595,3.9947727930271046,2.2279837823883075,0
7.793539936323697,5.354502687336477,8.899593252954368,1
0.9625153391757901,4.0904888427194965,3.421685550597051,0
7.864117556388704,3.016300731361964,1.781033504161491,1
0.07706232292949644,7.952898766264362,8.852248637988225,0
7.466508848444727,2.0825520931413166,6.199868903533407,1
9.229542887602612,6.057759264813015,7.618201576175827,1
5.148311737265502,1.4621965374719592,6.087319900224207,0
8.31651996895077,3.0681163930259556,1.4893217734392117,1
5.966031515383677,0.39997254200041077,1.8601804078509332,0
1.2331431142961569,3.2169361893761073,3.5401661757332983,0
8.050833436721215,3.588958374136774,8.386009034142077,1
8.33198696988053,9.347993638090863,2.284078800220711,1
5.927735422865168,0.25094202053022374,6.937344156447258,0
9.738012469357148,0.22385074303730823,6.150360860550065,1
2.9761780516626644,5.813456716694924,9.15204124318522,0
7.538292982376812,7.677868448384931,1.5526688395602484,1
4.401167265046953,4.890387042517322,0.6679022569419968,0
5.10863133041135,7.196161659701962,6.281960781645499,1
0.3902109331947945,2.013867050886522,1.5831518552173585,0
6.6466789265725765,6.526779201171297,9.572592048061667,1
1.1176413253476436,3.8389751886541768,9.163420913551438,0
8.318068314466807,9.92056897591438,4.19006000808757,1
5.410820015183811,0.8860288423886076,5.595398178039554,0
7.6028460244432665,6.103855382081332,5.570398574836656,1
2.4459879123549335,4.45515336962261,0.9208050311094806,0
9.670541334514054,9.335874752075888,1.0718374977786604,1
1.7059968810193193,2.889596597563707,8.902645350607724,0
7.626330665553054,2.6736483077119546,8.319028490243076,1
7.02463973569416,0.9733724239213992,7.320215714740179,0
6.677058652360785,8.329151565028686,4.061901753173583,1
2.65770546156057,1.2252120042504677,5.071573993994266,0
6.940334114465343,2.457031288851399,1.7862525011774144,0
9.878897188628384,6.002002602262639,0.5939924846545985,1
3.681475112846667,2.5672845388186194,3.333438362323311,0
0.6439635040730018,9.328404108775393,3.7374003264352664,1
0.5085555027202482,1.161179078253879,8.678693009224014,0
5.27910391682196,7.6305498137241905,1.9848828358330062,1
3.343317708870525,3.402956466592193,6.924208742948629,0
7.729475162522137,9.107189038612969,6.431085638155468,1
1.6801449608521657,7.3430243761954035,1.7334442542349626,0
6.458327105648825,5.397726218392124,2.5635246036314374,1
1.5045471981032188,7.527670793484866,9.9382244631876,0
9.242604294784014,0.9911531572785603,4.420124745156457,1
5.410498640170451,1.2529855294314785,8.518508209361386,0
3.8552849132311495,7.089862245892866,7.74558754788155,1
2.4589806105502743,6.392408093834064,9.518451677614056,0
8.335677367306571,6.2200888864079324,0.5906730543169192,1
7.976334199753393,7.744856097669731,4.234117390672391,1
0.5929385774096929,0.020341211311207807,5.05596830025938,0
1.7941096447942106,5.097235261789042,1.7171804037302218,0
9.391682450062204,7.127103077837207,8.026226625689198,1
5.855956028762554,0.7253164677672719,0.06688893652807004,0
3.8644489349646447,9.124246419970376,5.340538927811363,1
2.214707372788469,3.9808760463667237,6.871557759281409,0
8.732404274455055,8.512336950058751,6.165311953872221,1
7.8056839645063985,0.7280535809891164,2.2170639728361143,0
9.447005962469254,6.626464527042617,3.798356754956864,1
3.124989592017152,4.854511445201042,9.884009841024856,0
5.170896664201416,8.893950791423837,4.019976741786381,1
6.779081748669933,0.32606612973136384,0.5138426068296897,0
7.727116375065113,2.2445539637152736,0.7228492894741378,1
2.3041960568041473,6.858211638601139,8.015057707346294,0
5.664916775247505,7.388035024807616,2.1297525552491168,1
0.16452318133788335,5.4218910790058725,3.1817728577352056,0
6.218049815532993,9.077545817503578,5.668237630432485,1
1.1837289230895565,8.01665597186198,9.017019083038962,0
9.759961935041568,9.955082208741075,6.512046470945755,1
6.537912075545488,0.9475105821391039,2.4290300958602886,0
3.6573459844409353,9.309049895870318,5.086060783287523,1
2.4490433861006453,4.769584519587497,7.7266252396115265,0
4.131034287165657,7.825441905547007,8.074929564714665,1
2.445502249553342,8.75262734189002,5.902455138432398,1
5.723206215146424,3.14783969540286,5.658456910193596,0
3.2566835629779014,1.9302330568088966,2.7732661607591504,0
6.201976961543851,3.6238853184287914,1.810755205377732,1
0.5709676412029685,7.879864442081831,4.0979281808085535,0
9.940631959966783,9.089634466376726,9.498903533670696,1
4.46156143616702,0.42308384638102714,4.448365756149908,0
9.043296617090377,8.510603967640604,1.3242912559288034,1
3.9139842552854254,1.0973060886226405,4.567529592561867,0
7.468427606564846,5.322990458436095,9.333284623441273,1
4.641159666519404,3.5895550192157177,7.6799832412621996,0
4.107382868384382,8.676379690633016,4.801015920969402,1
2.6315527663835434,2.143750443819814,6.782962114748534,0
5.244165119121524,9.965250362409495,8.243359257186516,1
6.630839849807493,0.4916206058352257,5.536062034802565,0
8.6634756327621,1.100922594905841,4.374177575978575,1
0.21554973358685725,3.4371905971609094,5.688447080386368,0
5.649898315494649,3.9146302516965825,0.4209712298199597,1
0.4580448206310406,8.049241234744343,8.35140887671196,0
1.292237706393593,9.66643218915065,0.20337741780709573,1
9.570462376822688,5.173102759876117,0.888217644532141,1
2.438139141724492,5.17399539112835,0.4355313068699984,0
9.57178646135535,0.5697039515397462,8.31009766803539,1
2.931580271546469,2.871557322503826,8.23535222729387,0
1.026754528569953,9.974455014113337,9.695099589621432,1
6.115367163396547,1.499495216805864,9.126634945527059,0
4.179499417160696,0.06277302343107083,1.7756450350298936,0
6.579584925633672,8.554087325528267,8.171868228950666,1
5.961467291266276,6.003414339784069,8.357796610722884,1
4.508093070275389,0.09085269373622862,9.040938203298861,0
8.746693447718409,5.218106295111084,0.49392440384224523,1
8.257099006972142,0.7768554981610054,3.1794777388514115,0
4.968629512153479,5.551050938593809,9.25204444205053,1
0.1644632695361692,2.405816380410075,2.9247476353627855,0
8.317638317943832,6.7647307695972625,1.5250551219537767,1
0.44409247391126283,3.7268629982336785,3.702671997025757,0
4.257969351976694,5.588300097440521,8.576644235117659,1
1.9697165599668887,4.087963695220424,7.496925468160561,0
9.368315988551197,6.414857497634069,6.954222082106937,1
0.010934860284439463,5.655723140586565,5.685822518513593,0
9.313385343793154,6.247955349037165,2.8098369290322536,1
0.5885960108817723,5.4739521419509485,0.796375220206208,0
8.592919891374557,3.6836219445490546,3.190800050743283,1
8.155921561367295,1.2405718663808263,3.6941379674175256,0
2.266147760972339,7.755650921188025,5.727992578873181,1
2.9518809838003635,2.0223125949743737,3.1405645499184685,0
8.074297928321037,7.795931379920424,6.535707388942461,1
3.2763737679154534,4.208274413940819,8.360872248537296,0
7.801112059571129,4.807962576855465,0.4368758675595985,1
7.153627342680179,1.5407529803449782,7.100380231243624,0
9.389491504806008,8.89495215981842,2.4278101885915495,1
2.1564309434622695,4.960553784999537,7.963395638942677,0
2.9251004209067375,5.536679272345458,1.4725037211240877,0
9.997352247640407,9.115923015022117,5.624177675596618,1
7.017980961859733,2.004911438175342,0.23139729843897228,0
9.842943806749016,8.619873235140483,6.049007957508619,1
2.943728424729899,5.060566497737769,8.684051362368372,0
9.498988151186722,3.071973588620253,2.9501398442248625,1
6.59560423306723,4.433980043278208,1.9363571762958764,1
1.3743239287279274,3.6873755272629385,7.805793327286352,0
2.382416062536179,3.4636523297666066,4.3562349833653915,0
4.28906497948366,9.818941436225169,3.741307927425246,1
0.09279192434315853,3.5879367273742044,5.303576472410715,0
6.5573507019186605,4.863397022740859,9.437492601080411,1
1.5831933292029865,6.4430580999435705,0.9641504332257744,0
8.8822354781646,4.417653179277167,2.1102058394353307,1
7.883339183623491,9.768540196361231,7.132410319534016,1
6.057028519928488,0.26192283435776065,2.1042983001103677,0
7.788129546651181,4.256527977691355,3.3794439507425977,1
0.4848366789220737,5.349874858445776,0.28264320346291893,0
2.8626124911122375,8.682647756575383,4.906872390900054,1
1.1921838371827886,7.426544631947916,5.390046939237324,0
8.757036644106888,4.77154994368459,9.710223423704923,1
2.0127751915633,2.046264928454118,5.952464825956928,0
9.872094396343622,3.49880903197193,1.233384763637968,1
2.065141982906092,5.946969643606661,6.34296251939051,0
6.870719077249,7.631656490377065,2.297426378111963,1
5.972790277922543,2.0799629597437788,3.7591082376503615,0
9.574174859196232,6.332147470184967,2.7486587977677113,1
2.210571643485908,2.377842688530747,5.017501426929737,0
5.0436739976154445,7.644730355782579,2.8016397451056783,1
4.165688864165988,1.8362053548267698,3.9185904873816932,0
6.223453743289142,1.9958197870916405,1.0692699457506216,0
1.3125263135426546,9.254013585685943,7.600019851740018,1
2.0729997660256236,0.573714412140014,8.070240308712576,0
7.506108239266677,9.949472895221318,0.3159277239500924,1
6.474037314962533,2.493980161768272,1.382376160554517,0
8.313938133954915,1.892202731511885,4.08510384544495,1
2.5558135180363184,4.183515356367716,6.530448040972065,0
3.4644812792545556,9.697302911285584,8.097127283079699,1
1.359528071430911,5.784236589653649,5.276131472646595,0
7.084205188502094,6.441072793560724,1.0732173676264711,1
5.082599372799481,1.4627629613224924,6.655415182160938,0
7.378143289222092,9.942016888916509,7.949568124355811,1
1.360487028377707,7.036149600914986,4.544469870993671,0
8.393055240812448,5.888372520254672,6.289184161800851,1
0.7091943079021756,4.8743000202211215,6.933611315174529,0
2.9424735774235633,9.368571234185946,9.369773093637722,1
2.6860464399388597,6.254012643932337,5.951262811811903,0
2.096530656980542,8.844022147956105,7.38853077220841,1
1.3939213389971605,5.802137340346542,2.584530973640018,0
7.723937699592019,2.2247484061212095,0.3004293253160817,1
6.805600562528992,0.10066339300214944,8.59325834872262,0
6.307524824266074,6.058141203243267,9.305341258381713,1
2.5281614048284706,4.665827349895963,6.749448346721137,0
7.175940209607666,2.497338063428316,9.60416822483742,1
3.96298798073357,1.8557041092884097,0.7514076736028419,0
8.59214143302048,6.221325400828526,3.363785284976011,1
2.9491053492216035,6.680077083159457,2.8827353653999954,1
0.2245815606752144,5.3559569935660045,6.603660770957073,0
7.347106108729065,6.035625155515244,5.19371456908842,1
6.562236305482978,2.722620102127368,7.962319665628339,0
1.8828696914966814,9.178320824643349,4.686228640008475,1
0.058955728277568786,1.585008798639297,6.478638574958615,0
2.9719201905006356,8.337477304948967,0.4285628227792171,1
0.07963396260310174,7.217631132797889,7.20256800923126,0
9.075727466857943,0.9002846449324475,1.653489325295624,1
4.506759741435057,0.6455590732723782,1.662348710857856,0
2.4345264893405627,7.805190988553571,2.6910608165857908,1
6.959335564092034,0.33824715979104747,8.916028654038033,0
8.688295952201997,2.3146859601099545,2.951061713654608,1
5.859745450053703,0.7394378578602967,6.455454495620132,0
2.8457346718976426,6.326144494832072,4.829519407764783,0
7.627690660600407,5.772334148282904,9.759830104724177,1
4.306752259681655,3.266768286302504,2.576526532177159,0
8.229262361500489,8.158479510273558,6.457334583308717,1
4.479559779145596,8.10001921438855,9.69739417081358,1
5.58719862730232,0.7887816953711313,5.412586897738754,0
7.076875195308567,8.94594698096282,7.585748907586324,1
1.1298220846953066,7.254120502304886,3.1759303679648507,0
5.41296387815396,6.938826835183481,0.07962711959422442,1
6.123437397600128,1.8288420346499557,7.19703762972503,0
8.708868415350894,2.2656090185425315,2.9671809961216034,1
1.0593847800434864,4.5774317704441,1.9020407787568383,0
5.199341490067061,9.831327800585974,2.518713085342622,1
2.8044017300518584,1.2571010679392258,7.47402908419426,0
5.656825013070463,6.3869661262702255,9.124064592445318,1
0.34641200159185037,2.2802121614343482,4.220685698640818,0
3.604851513016738,3.0000953896788793,2.0289218245973806,0
8.793039672339415,0.8452748651614139,2.943954000910418,1
6.288259815689493,1.7615255027790466,3.922150352260434,0
8.943875856247779,1.0695494345485923,6.156032365859394,1
0.6358696498419036,3.551391525570058,5.9127928056902315,0
6.3382919850195805,8.162968154960389,9.21336036859261,1
7.985104414520862,3.5252290073965664,5.139447201640991,1
1.7126108883972435,6.002249341125957,1.3517866056668137,0
8.91884230943726,8.116895910092303,1.8366301262380924,1
0.8932581026990727,3.0261307186477993,8.887273099701392,0
8.813954473183964,4.501203100598396,9.477497426763726,1
1.8510352351840975,2.6496061832791273,9.59300664943906,0
8.178706498662361,7.0948914020558815,4.210725443367629,1
3.392216613474756,1.6267930751819049,5.282840889092473,0
3.123712933261522,7.514854535567341,3.7313645259910464,1
1.2443591567630596,0.013218248183912706,3.761187982047068,0
8.093622873565009,4.576768579162199,7.443528925299624,1
0.21847080623624837,4.582941363405466,1.32638409179057,0
0.31980168218195826,5.103730445026765,7.395760152002416,0
3.5091825110026473,6.084272218545124,2.3512278785309304,1
3.2714948177518255,7.862833011545231,6.62209354471758,1
1.147187107578126,7.7149054267195165,3.954669205564725,0
3.032326995974283,2.3932046198564283,3.3582154548500776,0
5.907259626320621,4.0485153725598355,6.476808663235404,1
0.10207064215119632,5.04998717926,7.152989205305911,0
7.867838267960884,8.156519302249835,5.2741363071948255,1
6.964830326552277,0.700732446337099,6.182203372723501,0
5.361720301298823,4.459956919770548,2.2522497946415143,1
6.853474178318172,0.10168937647637932,8.49148383357578,0
3.3855751921222774,9.599888901296293,5.155239349768568,1
1.2372323054676093,8.054825431696633,4.541746264612519,0
6.996144773944501,4.177202335173441,3.555873114898336,1
9.205926945899675,0.22547117595239197,5.508768539369337,0
6.564814956066209,5.785821376106543,9.902466290284623,1
3.6176800592548606,3.423285147477555,5.788851374979085,0
6.503086207408715,6.556161239536453,6.879402382913414,1
6.634192770714916,1.6322035610310848,2.790724465142582,0
6.818211025655754,4.963518429955104,2.0572475321826103,1
4.844109597610554,3.1883380614035617,2.8492453889368043,0
8.602822826564276,9.935312195893633,4.458068591530431,1
2.442349623500435,3.812383907997039,7.505714601188991,0
1.898142679350855,7.609575166381612,8.774844362566153,1
3.5952295875581477,4.384710947434281,2.5444870130756883,0
1.4127828312168567,8.777138747173217,1.6102296199020139,1
7.732060681853534,3.7719405440961085,3.9410623164583436,1
2.1935056862818616,6.6554820654679645,3.5017918039396,0
9.787829637646302,4.794381854121949,4.3637095011795815,1
4.719456285177326,4.268550485092472,3.889693712778061,0
1.7701073494727493,4.432216670918944,5.072293508929104,0
8.78228801403081,2.9117059801212353,7.888598075331488,1
0.045368931671264656,8.424068074610583,6.077389768083567,0
7.873283441188849,7.765483104228343,1.5965132596449494,1
6.7486517644738395,3.5192372145023954,3.443259065400248,1
5.128028757507622,2.8155790005376424,5.05108517868503,0
6.917581733207021,1.0987143330890026,0.861750400815785,0
9.27974068668793,9.84125487319549,8.756623842067627,1
0.6020985463626116,0.8149857507164249,8.385616725154408,0
6.636128918468813,8.95738689440109,3.523545584497343,1
7.240965621633038,0.13850818397858622,3.4836927236981152,0
7.466482249213156,7.6340172897755565,4.401063269457942,1
7.555971517681211,0.6178291268654967,2.2369908890896384,0
8.93067815318106,3.454503530390909,4.4972312461361525,1
3.5540260306728055,4.304357078702111,9.96096749459219,0
3.1799172236829687,7.903498605679811,0.4951563060952435,1
0.631506180204241,8.27796947504433,3.9690971937765274,0
7.907778314652911,5.127754667085293,9.213434459415899,1
4.17316040222114,2.334487866319056,4.049951568420044,0
7.302708024595721,7.65190749796356,2.30703235338935,1
7.8078207609723425,1.0551425368789147,2.5482832052866735,0
9.620713021695222,5.02929947175284,5.423579155660444,1
0.5875153563366897,6.0282527409222855,9.697426758346946,0
5.518810860727124,8.69719873670279,8.307149925302806,1
3.1420390055441914,5.505235685346303,2.0367519268596403,0
6.90192842483559,9.416201227898158,4.290823769504785,1
2.9078062771144673,1.1630032410357694,5.773512307882902,0
8.28795504383416,7.718339511222342,0.5340740533863209,1
4.854944143140055,1.5694228018926193,2.710190600767662,0
9.705885930051195,6.662984976255528,5.0325408113221926,1
2.7294999202479664,5.117463907085189,7.43746570290976,0
6.740747518020642,5.773612588784276,0.36488990950798383,1
1.2150633440924996,7.442633429280137,8.858672923503178,0
5.787041611847609,6.425904172283168,0.6734614432635055,1
2.5935003186416763,0.9132571699532055,4.000077707081875,0
1.4882677392324073,8.882042837336448,8.510528045597288,1
4.093143608098649,0.8022235897435348,9.055689340601573,0
3.847653985022056,6.168770854824724,8.239829276258927,1
3.6761156188668718,2.528465153777989,9.495302987881164,0
8.100029021878244,7.960367720725365,0.32199919891874984,1
3.6838094266176116,5.521945967975651,8.571107933341755,0
6.252241327249994,6.305958977599619,5.7211612350590455,1
0.3556734145658613,7.376800992226295,6.517626815621435,0
6.962944808781711,4.55457420966197,3.6341320170941938,1
6.448090551203353,1.575588473771199,9.650261877615097,0
4.749926995041608,6.266703694401574,6.768762810301516,1
0.17342963502006814,8.909737779543413,7.161466923088474,0
7.017955396724062,4.639339716010907,1.877268454773261,1
0.19193020612863432,1.2212351337448324,9.625686251824654,0
8.009658239684537,5.062072889955621,3.5526818578438926,1
1.061692549191522,6.03910104778771,5.6561166194318355,0
1.1495533616546727,9.095120862218938,7.197426495392076,1
5.977301396720885,1.381050340131783,8.170342423911972,0
7.896621958885007,3.2726082116091337,3.5647415280741335,1
2.0521409736492044,2.0687709194566595,5.415077517830777,0
7.6091267462523335,6.00059570178768,3.0402725089257956,1
6.191127798767322,3.2701961293569184,8.88313620446872,0
9.453390287627176,3.957626476468331,5.475592146257743,1
0.13378761228792224,5.156025621613315,5.716316949735127,0
8.2829727599623,8.700474958070641,2.158802379440247,1
0.25770529750456794,4.9344119125499075,9.201044238623586,0
5.178274318295245,9.01012014700875,5.890068625490513,1
2.093486744077028,6.487609088325341,9.504057432987128,0
9.289364037104926,6.910544431134947,6.114395889312997,1
5.166685366149087,3.811499850463501,7.788397662715111,0
9.384026035529628,2.2953243405820034,4.881762460188138,1
2.6006757870680297,3.994599753863073,2.449071295528652,0
3.8654482311278193,7.72337322454311,2.243023904364845,1
1.7790991069338802,0.07230756364600688,5.0500439114834395,0
5.665269168788076,8.248087328851572,4.650288143913695,1
1.4897598611521423,2.185576427149487,7.1936844575755865,0
6.068170786569888,8.564728720836959,4.164209224257719,1
0.9314811607682638,3.020687814035207,8.967371788255708,0
0.9756885520299796,9.016480212829034,1.0315932478944867,1
7.64318123320218,9.029978067745951,5.986888871842879,1
4.631643126569589,4.519708810498894,5.529136785675829,0
2.293602909810196,9.266891089002595,5.3708398984125685,1
0.3436272423339526,1.1654883338179811,1.6121411890854143,0
9.334615612308236,9.257635997299595,8.555391790178787,1
1.4354156122599593,0.6516650668827695,2.1698740531098846,0
5.83487172996789,6.1772583789071795,2.4730959990671164,1
8.367275621792064,0.013299114373320764,6.634441119947738,0
0.09446359426308448,9.95344551138539,6.4317927512531945,1
1.581421826782452,0.42558792612388485,8.751808452642097,0
3.792678751693197,7.771460479687647,7.364196822737936,1
2.099812770908187,2.924506992972804,0.14935954519213257,0
5.526987421540611,4.048413497862761,8.1909089676285,1
1.2872048454923124,4.232881143176521,4.940156667261322,0
9.802510036145817,2.464609675796172,7.084120890284986,1
2.653690908468116,6.185848969256288,4.475914450965389,0
8.419017596010029,2.223620847983838,4.095442468584588,1
2.7926497675268624,1.2440882079781013,9.434031464785939,0
6.777569027008181,3.285726657765263,0.599836892997363,1
4.685464111429937,0.35383760476922266,5.575447708280972,0
8.767533582674382,5.372126571818355,7.650705793800153,1
1.060086838953026,3.990596340111574,3.9287081997820215,0
8.293734432279939,5.184932746883645,8.940996903522535,1
1.8552075699276926,3.5158381712766387,2.32086905517198,0
8.114620024372835,2.4789523048663376,4.012607123374164,1
0.3139157899362244,7.648587631015632,9.93621215065002,0
8.22317008968178,7.329319706239216,3.4807895044257933,1
1.2863584189657995,3.6134727582893813,5.372355143899435,0
9.096432178509355,5.051990448477651,5.242290682633079,1
2.1725550780608516,6.538173026820374,5.337997129924281,0
9.97089550717755,7.029009896836237,6.095985172012214,1
2.211011088293758,4.727706266336009,8.049995870115529,0
4.4814620054764305,6.137355949642387,3.6524860428599393,1
2.4723924593516413,5.511225353274711,7.038733910506848,0
8.804136882961926,5.527157462662159,7.996988591812265,1
1.1824582151575747,0.7420745902461146,2.729037497242377,0
8.095190561703104,9.960033626617674,1.2668930605029383,1
1.5348633419007862,1.4021615483569239,6.690565576917686,0
7.742735181878465,2.5302485388880758,9.314186752414917,1
3.2072767610713737,5.5711418686580885,7.092651256547092,0
7.992471454277876,4.49129332731708,1.0239977586355664,1
3.1450624885027914,2.116932221828712,7.2403322503931555,0
0.1925611317731568,2.0118933780975343,7.944849352046725,0
3.790281774833727,6.753023682253129,3.3802215549032546,1
1.3222654702333525,2.806061870035337,9.149300924624384,0
9.905901563485862,2.894915918487857,4.643368184246022,1
1.049621531371231,6.486789045821553,6.872485044882827,0
8.789057466633992,6.415992416607247,6.174366396269805,1
3.139608395183574,5.923823263067522,3.814395226499221,0
2.7503838897122868,8.431901264059091,7.8185917541348315,1
1.215515177844283,6.117446253509274,8.86218868366958,0
3.312048108088541,6.789893701840893,4.5908458562752035,1
5.162914328386279,9.051213460905375,8.807434566697195,1
5.898285279589928,2.3840256440441543,6.888741483845725,0
0.9443950986249772,9.301214493373225,2.18018439672901,1
1.2861791229422703,0.6913833443663708,5.18889708795474,0
7.676985950165985,5.611870330881682,3.314034733294325,1
3.391894113879811,3.1635487943403593,7.396766726033032,0
5.643151668935272,4.182977030325281,7.585533012153796,1
7.562635545899548,1.0661581277077636,3.7305980929421825,0
9.973556538158965,9.622765336556864,2.6879340464145276,1
1.2281777861368914,7.167954650421352,9.926148908666976,0
5.999874782907413,3.5861255724274854,2.5831490481725616,1
2.3247390460858943,0.6301097865551031,8.619749671254747,0
9.297147920510529,7.501696339186071,2.2458822861269856,1
0.27930479431369837,6.315628706435788,9.708117207519834,0
0.07062738646058886,9.519634334144726,8.213215984256376,1
0.6545367642821032,7.961353202521655,8.357220222192868,0
7.7362981339968115,6.50338780840655,9.380681318684195,1
0.8270349639673513,0.9469698118019354,7.269366208777147,0
8.658702632673052,3.107023341168884,0.7573701057023863,1
0.5532464955346816,8.603295640096684,8.543097054717768,0
7.598675386136126,3.455822689795267,2.065508473160671,1
0.2147061122486471,0.7410452371242582,0.3758766902453947,0
5.459239824576979,7.057510127432492,7.093323997152455,1
0.49255387500313885,4.805737748453062,4.398004632395956,0
2.2148749427409253,8.25277049048557,1.4641288872512848,1
2.9234692147328003,2.037728278508891,1.8355452211784362,0
4.393653323160215,2.2373744572160104,4.382502266744409,0
4.748262624351739,8.62517733971337,9.443726420141688,1
6.2186727134261535,2.0514662166997413,3.514844938658795,0
4.32484941903703,9.509317726570748,4.398764679493143,1
8.035830036913733,0.8410352610515348,3.213735539362715,0
2.4980336580351747,9.610343534131152,2.851032586112312,1
3.993414342367129,2.638190683193633,0.19282407442948735,0
6.135422635819708,9.413790402266715,1.6242008943080921,1
5.019092409739828,3.944931291058392,7.9257498705250296,0
5.819877690234572,9.582099055624756,0.9924582604742849,1
5.7988305192887015,1.7307706424719416,4.405440778883218,0
8.89159383539475,3.514268950516173,0.6461705466405765,1
2.856276963129031,5.1289054176854565,5.09763817722013,0
9.851253964123712,9.539119856854331,1.7596896404912266,1
3.912639076643616,2.4688693755945557,1.6822867465020475,0
4.808745391623229,9.708333095765925,8.163153487209122,1
6.273495285623534,0.5773292169833466,7.129490593345328,0
5.348345600020438,6.315129289183369,9.742507955559374,1
2.6424634338264976,1.697996059711201,6.721180001286787,0
9.229385377533625,0.6605845405071065,3.828830082482134,1
5.652642087390952,2.10455151203338,9.012473224992531,0
2.2523477593058736,9.671600218233126,8.054173073468906,1
3.541535504848433,3.2160542176637854,9.460729443776339,0
4.731057430135518,7.946536792828671,2.1848705451033035,1
4.473497644543382,4.498121107714583,0.43447054665331497,0
4.915014299894343,5.406675543678667,0.9962866993392505,1
5.2088799199115465,9.951745585783542,0.1753764721251705,1
1.0263098562300632,1.9737769771955516,8.587979125257906,0
7.291058881407117,9.131921656519856,5.454638696891166,1
7.702018085469296,1.1398966475392824,1.4105606550733674,0
9.108970431039388,3.3768197512788154,5.955531496575471,1
2.4400851937571835,6.950087596105719,6.721357339146086,0
7.168839575677315,3.448735961095938,5.73229823158266,1
1.1353976126219556,3.895340755394938,5.676394752723969,0
7.383567863776709,5.760288261121975,2.257147395704778,1
0.6822475480890056,5.306304901520187,1.1487514926554998,0
9.507808720434088,1.1175200196707014,3.0255330230261333,1
0.2753990563636177,6.8556752194843105,0.7309092313718646,0
9.330081150769931,1.6499012162698024,1.0143879343455686,1
5.44640879842029,0.09942437364318102,3.0286699815709794,0
7.2358080668909555,9.926256310386993,2.07853347784982,1
5.513437908900275,2.9423663228478167,2.9269253933843586,0
4.581534488691176,5.637233543365693,4.9123594203135355,1
4.489222765006459,1.2298801113327407,7.528299874366235,0
3.403601999289142,8.27966869589443,5.86233562933735,1
0.5575732618926277,0.7487865318360454,6.284464328967476,0
9.890232960017777,0.038585156624793004,6.169429506727242,1
6.949654368322448,2.319216254574612,2.4863998950874375,0
5.802536131150886,5.070132781553813,3.7264249210690625,1
0.41060215427537683,8.99199629994344,7.308436688058926,0
8.328687961084826,1.6907343478274428,6.737068433928216,1
3.0736110251056257,0.3367875230850548,0.4833000766096329,0
7.980600961979061,0.7613159821974302,9.980011145926138,0
5.6680473994810665,5.722063249463351,6.513242965155213,1
0.7936285934284915,7.716390584355097,8.575823329162302,0
4.729947321892784,5.579442207042553,5.6918639979356325,1
0.4293598279282296,5.383204406082227,1.6260155000330057,0
6.180778953922569,8.095095348933006,0.1434383620356583,1
0.44356500366857343,6.206519725278335,4.476773129552213,0
9.522780431454088,5.3577169611475455,2.486790886359038,1
6.721664672187248,2.0578312987054517,1.1596254460196487,0
8.356962156497866,2.7830684103266767,7.229450530601357,1
1.1217242053351362,1.214774464324594,9.97294539456943,0
7.567628692859266,5.529158336105118,9.970483725785602,1
2.0326067632300546,0.8182013067947147,9.965903702231472,0
8.611759696758318,1.455132424825647,4.058046369133244,1
1.4729838200947576,0.6821730833368533,5.268029890369301,0
6.574065244131359,7.603638238532074,2.120732564851341,1
2.6262496841926675,6.563653781542985,5.927990453833381,0
6.803292964244292,6.896449262250637,2.5227987294122487,1
2.0588919938342154,6.237306972864859,2.5254406930979,0
8.884905623536216,6.13290493678185,7.904967345713358,1
2.4261660701313206,0.914981347090813,3.74722543434992,0
0.9841398809835977,8.258967964557225,1.537474872384672,1
3.459099841193959,9.737705863715785,1.5764933199112396,1
1.8142371915868682,1.3581934111215355,3.338934273208655,0
7.764805661905774,2.6053740515493273,2.8162147961771664,1
6.356958361944198,1.0965025948489737,7.523796696383021,0
6.465665303441462,9.678433176409563,4.246099799764052,1
5.518495188495509,1.330955909152457,4.2221452013766,0
5.39781449144281,5.926939480187926,4.3552279848702105,1
0.26335801308790097,4.878153803182458,1.7474643614291119,0
1.8345467827286022,6.1312054206955455,8.362991307530844,0
8.985663070324197,8.137034985335507,0.5295314195778844,1
4.287900244064692,4.0848627729143345,5.3696475065953555,0
2.8899722062442814,9.184070258855071,5.751085426560655,1
2.598854237916568,4.52866479994075,7.44264978791727,0
8.698780531484848,2.933388962722059,4.288761744337407,1
0.450913585283651,0.3346438673289409,0.8064991588277781,0
9.07204780107136,3.362018651847132,1.6774828698680933,1
5.402008761739515,3.4103190707696083,8.361869639818728,0
3.608922376743516,6.159903894360933,0.9356420680538746,1
3.3937073388852443,3.1603011965103187,3.386242377512869,0
4.984849255990669,9.016187305512474,3.200661016969394,1
4.257078090379103,4.340768680157453,2.8909593446597603,0
9.757233918010206,2.9273383669847455,2.1046178261085924,1
0.48103497331067446,8.006201854112891,8.965042282446696,0
8.30656571520427,2.3997369365246723,9.333869862096742,1
0.8680177424474755,2.2369947990520878,0.9332165289729077,0
7.435324205342341,7.518566754636846,1.4831511823211974,1
0.08463247530738682,1.854745978146477,2.4449566474257542,0
6.984589094545617,7.964849301614086,0.29708957175358597,1
3.909829280828542,1.059678957051644,0.13792773554743398,0
7.684792327195044,2.8065256753583876,7.686748748418573,1
7.093962937897928,1.4581057751496784,0.9171199612977377,0
6.703447375249283,9.180643964768297,6.792230627219707,1
4.916941157478924,0.5701730036661512,0.7434206900600326,0
9.579339593736027,2.025285656963577,1.9791487657448958,1
3.9488324768623273,1.8584858823908634,0.05651121881671606,0
4.2481737600537,7.850009243265844,2.876018799037545,1
3.810064011224068,0.2032154240871964,8.655270991843517,0
6.600599873632175,4.055648338495436,3.4203156188868156,1
1.461090284422889,7.200572211360406,3.6003852482300394,0
7.685048231854076,7.586389678869869,6.344458918452051,1
0.5870856338473829,7.336071263927,9.717147293703405,0
7.308731749634703,8.064691498914517,9.790546600268112,1
1.5397442608535028,0.5214680004652483,9.464790903602914,0
8.404362275874947,6.8046354541882,9.642143437231542,1
3.696142381578075,4.642459478846193,9.576519112846869,0
9.389811844123946,1.0311442786149472,0.3466525111260199,1
4.643210479033196,1.2472073152392005,4.574592596221243,0
9.596492449930462,1.355227724858542,0.8297028395931771,1
2.2569500511970597,3.1541405289465265,9.840511229977585,0
8.855369888681913,4.343431874712479,3.5152303643194625,1
3.3736523136301844,3.049803721411836,9.952198682248099,0
4.508505424020433,9.547830927501197,9.289687533772701,1
1.926492568349214,1.6150767235393026,1.1342904943936227,0
8.372078504243762,2.868639709226807,5.776475106828816,1
4.403805991965564,3.86610211786134,8.813107054655788,0
9.85691247707824,5.696634678690473,1.2216746227417818,1
7.433685455179474,1.3097662553657996,2.01620778217516,0
8.446884696197882,3.8281999660952915,3.7484977064761593,1
1.1041962938294592,7.011535108712335,6.657914827997475,0
7.368365871490932,6.71852375891782,1.6562026394108131,1
0.1565168737054201,8.408364934723338,9.24280574008603,0
6.1615024021282405,6.620158319859188,6.948738107403823,1
5.072707700161656,3.274061313552612,5.43115630078808,0
1.3792814283547872,9.652503414579845,1.2913212093736037,1
1.518088643805816,5.029489985884323,6.339170745591596,0
6.290107650606701,6.56695471022773,9.000517717760177,1
2.0459095307861697,0.4258289741732513,8.428129343876373,0
4.5799833997055135,8.296062829176181,7.410848841851079,1
4.137201579446151,3.9175147758124296,1.4117084982251715,0
4.207290308291656,9.569433089698006,1.7105519683323755,1
0.9709170276338153,2.5996481540455427,3.1096762600588015,0
8.890665830361314,8.194100716196102,4.045407833760482,1
0.2795766126142374,6.695961614745313,8.723844342431871,0
9.922359440211368,2.083336807817364,2.3916324709450896,1
3.9074697186606255,4.182096996453781,3.8780264443072165,0
8.918719634370808,8.633569248230812,7.852611002149873,1
2.0181083871199066,1.1230118848466242,8.177017562955902,0
8.630241895763676,6.836711660803283,8.36921292451197,1
0.14343361410504296,4.781991262112522,0.7734165515869984,0
6.458945084008234,5.927910455443483,2.5490964563674634,1
2.467832717719447,0.29886390640237903,3.1676523566293504,0
7.978942047102496,1.6097248958325783,9.849674507430011,1
3.17094310882431,7.11944318565219,0.143823700312522,1
1.769009770015546,2.9260413809588126,6.3496935930769824,0
4.244803234036328,9.544545789185175,7.290268125972554,1
2.9863842449728373,1.8832130363561095,2.65292356853697,0
4.8867299889379225,7.072283131747611,6.377676440291305,1
4.458407601668812,1.3246353053546878,4.87272092200786,0
9.803785470008709,4.0624990331143795,2.6209070568735338,1
1.7172146369917873,6.996836665642368,5.407604494573977,0
4.836422395149223,8.880469659934935,0.46813354407432284,1
5.077602391149774,1.8438420556026158,5.6918709596980825,0
9.699206335280856,8.866881304737221,5.739029706760377,1
0.034398451515363915,8.639623444295891,5.2477049944688705,0
1.116333210099546,9.394533447314812,9.783443836192548,1
2.661086345283149,0.6872227435672196,6.228504603313466,0
5.887100359797754,9.56045127078926,3.0624756344338833,1
1.7755739459477315,2.008495109738119,7.722914731365682,0
3.854288711298781,8.494947625690259,2.1497964255852264,1
7.423473017590979,0.863993091363392,9.915447795537922,0
9.714186307242267,6.2587796365401385,1.4103836326905228,1
6.874486944010787,2.126930038315926,3.8726809924429095,0
8.638824350932989,1.9906446332227457,1.6281021412213437,1
3.574723869722576,4.065673320310238,6.355921813810452,0
7.065533025007213,5.963153174339321,6.233927284615916,1
0.9916321108762549,5.367544706563674,2.2010526838234403,0
5.1274217362442185,5.525283345647779,6.737283347049011,1
0.4319122078145554,8.138803088539555,7.3810215391133935,0
5.024222046320883,4.769487305653365,3.293101642993348,1
5.938435508382214,1.4825475164528445,6.953247753502993,0
8.127330262957658,9.823105813264078,2.624417239006921,1
7.668527708655018,1.6966263639857027,9.957505360500052,0
6.3590526804163305,8.417732312308457,3.1959344776803733,1
0.12365565890351204,8.931676998679752,0.9112339186916352,0
4.525792764967113,9.495787521215208,2.8044830273630508,1
3.0657952852769754,1.4153817070735542,4.403877448237425,0
9.617120660347236,2.4201904484700574,9.123006901471518,1
1.8511570444693048,6.0196402383085434,8.186909233469459,0
6.660643400654416,7.963900969578947,4.8299227823693105,1
7.488495323177155,0.5125452681494425,9.492402646132621,0
3.1324487685333935,6.967969131088631,2.0265959223559395,1
2.4895814091779087,5.023867923203818,8.891528341775425,0
7.633061224463454,6.763719451082572,9.989297989168513,1
3.0859365985613585,1.9781429576612908,6.83595813540191,0
6.805413682838619,8.524757879677926,5.291209465701613,1
3.778957481966999,2.095902978245477,6.90617526607984,0
2.348812469298739,7.781922973185333,7.893063214791793,1
0.9043973296991814,5.157119332539325,6.494114089904311,0
9.574247378376974,5.00411380494603,7.365109946381537,1
0.6222415870880671,2.5731185959557523,6.24432175768575,0
4.887898026755808,5.317533316646764,9.726185752289208,1
0.48399307963533644,3.5544497118847396,9.17733505888524,0
9.342715946659785,2.2979160031444854,7.857302225873637,1
1.7226273002102854,7.469464155469141,3.155837145021211,0
5.45966952501346,4.831735428596381,5.95317850010785,1
2.9532826698094574,5.710382693457227,9.235298396571265,0
4.060345306761709,6.268202903688184,2.46499618233642,1
2.1481373855632,2.201770327121176,7.837158197971594,0
9.681396377288818,8.144813326796832,4.552899221344104,1
0.7919816101367338,2.1455972558704337,5.611222841246876,0
8.113165420324203,6.864216785543267,3.748068100305674,1
6.6358681745665224,0.17095418175388732,0.06368725147767762,0
8.806900465699544,4.346566563362188,5.23757406780927,1
1.0189834314430513,7.7386822211495705,4.463739797159043,0
6.692371986190059,6.457333922752371,0.18644776120752327,1
1.8242121862143057,0.8388689516024517,3.80382240491174,0
9.936502030516545,9.321067268059007,2.8099441313762186,1
2.557439974045325,4.199002532901898,0.553598484909047,0
2.56710767740688,3.027836821540152,5.1195069193666605,0
4.965242553993333,6.81546668889315,1.857103919809101,1
0.5460442232677298,5.075187187877086,6.3975689877900175,0
4.52189298755656,6.376548037948773,5.654758598154489,1
1.1801350386618714,7.541541732598151,6.050803915976953,0
2.4004053170085005,7.4242150994611675,7.616902087298581,1
3.935995623505656,0.644709129420683,9.350564220036828,0
6.03892649213205,8.285598399082186,7.727602002821685,1
3.2687075019417957,0.5168405651111052,0.16061444541727532,0
4.362773309138975,7.330839276707758,0.5989209855375188,1
4.360407939180209,2.475372218553098,7.737664412232581,0
2.909002987646284,9.900454238890855,6.265085798885864,1
2.650775318043037,3.558516346355538,2.7592168795323713,0
6.542327179899593,6.6408074880732375,4.280598888796715,1
3.139083413803476,5.697787022528864,6.1489217635631555,0
0.13893435697718393,9.52814604336138,8.886697670271,1
8.646567147380761,0.7583410599743456,9.928326750781133,0
2.315621420223578,9.29709210352774,3.7813206548318545,1
0.05731815689779873,7.329653280059633,2.8540870030105534,0
2.1403175407450457,8.584937195430303,3.7437952518888604,1
2.4874798312150412,0.5047309634233577,6.8184450893416715,0
9.884868564523826,8.992465365890572,7.4260555168715445,1
0.902486456742656,6.135637399147927,6.453199839521597,0
9.468458438095384,1.70619999551612,3.503273638191712,1
3.2054659085849,4.863748136995315,8.403581157057632,0
8.983837685194251,6.4414670241644885,0.6828582142563144,1
6.436945370641995,3.232853558633254,6.977465829726204,1
0.4911050620294066,0.5171217679842932,0.3419197220490755,0
7.413402801619143,6.9509991843762595,5.664719810734839,1
3.3825416386030236,5.5541011492725145,1.6492685481130487,0
2.9201408330740906,7.64153051693889,2.9682069736857697,1
2.3052089014983554,2.428970715790413,4.158209267166395,0
5.0612007460453565,9.101939725527842,0.2165020965050224,1
2.226863996760856,4.188763848160181,7.619364440010857,0
8.392484194905267,5.31312483801461,8.288116862447545,1
6.149526344356692,0.05003582256566386,1.3627151617023048,0
6.334785789411612,4.185810077681604,5.65212246126655,1
7.7568471882867644,1.2277615481832305,3.9775899947700353,0
3.260679369057977,7.667733517492686,7.528402563718911,1
4.256688773694929,0.7568067335490092,5.684961111446832,0
8.583520742707586,2.3447551671696676,8.928795524862933,1
7.014102236874988,0.7898486078874678,7.132441477052361,0
0.11944302415395902,9.490209471623537,0.87205895443353,1
4.573593437120099,3.0413467796649596,4.9883125584726145,0
5.753510814049755,4.611293178259368,0.9967143730065209,1
1.4482866026318542,0.0058393879082208056,0.1766234113056453,0
3.4937553088050723,9.27999427508624,4.706108755003782,1
1.1328844094006407,5.363817950574335,6.86517877493548,0
8.987561724957965,9.683748566664725,6.620539656655922,1
6.950703416371957,0.7823215316949061,6.797245147125487,0
8.03147589426141,2.4047226076676784,4.9786894612060895,1
1.1469719720627758,3.762804399249664,0.8624556394020588,0
8.206235730489363,4.719383035212772,0.3509351560847207,1
5.273451922402432,1.5501555650881438,5.7221161353874095,0
5.485412494012616,4.734103066325277,7.787597391890781,1
0.6523878252939086,2.380358537381595,6.948170980156917,0
5.11820770534527,9.550222004583517,8.078607423759037,1
3.3861003735060424,1.4769912627950799,7.113195584163627,0
3.6299238043810256,6.494147623437806,3.825081233638964,1
3.6021735814972935,2.545944870927209,4.412167169857987,0
5.514056941698948,8.075465229234304,2.0706608614920627,1
2.7290924529598803,6.349384122244994,9.41924221469526,0
9.600690115647941,0.5787047711291815,1.0912338735793548,1
2.185729519411337,3.2885169359967934,5.361610318529806,0
5.599725828479885,8.183542902151078,4.987404003928391,1
4.24972220829535,1.220919477702458,9.46973727548444,0
4.115671347355393,8.008585682259099,7.929661714372224,1
1.55451038829455,0.3523275622778943,6.588279404227747,0
6.145176114355105,4.917867900415537,6.814255065205429,1
3.9827987269335363,2.8970180555810376,9.484348232785154,0
4.460169079420943,8.686331597013448,5.851792425801521,1
7.5417101976678556,0.11216481803305256,9.133434138038098,0
5.8505908966403775,5.140662043167907,1.580820506138707,1
2.137180491098013,3.542633397995898,7.601046494639544,0
1.8142800980650364,8.09296940268058,1.4662720344009783,1
1.3258123205106331,0.5905385248509809,0.42220338502024557,0
2.54195233514819,7.6915055979888916,7.442976285570814,1
1.254746583822367,6.775373500605836,7.545424676350031,0
6.70339658661499,7.5551433970163275,4.754895428246648,1
1.6014640205478015,0.1202554715673787,2.7943923314028885,0
6.5071908035146855,9.671559516539247,6.50525570544591,1
1.8272074272139227,0.6904613030024576,7.814423723179899,0
3.2092149993089625,7.121126156634157,3.789962907313914,1
4.774473775515997,1.816943895127372,4.417900602431737,0
5.579128646383767,6.252246298158709,0.3118323905197129,1
3.117393675288478,1.0215185481216282,7.446108343160166,0
4.0456240223050175,6.111256586889237,3.7909427661858497,1
2.349831620686639,4.199337099833443,6.862007009013241,0
9.6909363134301,5.922012160446767,0.7426530456390634,1
4.53317954547437,2.6835825762283196,3.995821730974136,0
6.6044335030505845,8.765034262917698,4.382385717505777,1
3.2154868059600394,4.713322086359476,6.011359200553015,0
7.968872810140511,4.129620370812644,9.606837467030765,1
4.325744608655197,1.3081670092386821,4.333589703704851,0
3.673284684928173,6.607993229534941,0.9712851436070646,1
7.028075778945374,1.633717008703327,6.9751869109935685,0
7.3372168031315965,2.7600365156108655,1.0902726791028794,1
3.434634122741401,2.151589121846408,8.4083474941891,0
6.323425601099528,7.094458242848005,2.521572365366229,1
4.846720924478706,1.2658634266412194,0.6679563776079522,0
8.774521215148098,3.738065867746585,7.402312939732372,1
5.872549080808023,2.494821671400407,9.80128723334884,0
5.936616206682073,4.316170115983829,3.7457386321875252,1
1.6945483977898257,6.128784004483715,5.472496092788955,0
7.168416878465217,7.309338799223328,0.607926387729183,1
1.5678358929776004,5.407862684760967,0.3024872795529321,0
4.864573567696478,5.703480861579057,0.7669303040053055,1
4.550882298505341,2.908092854006111,1.847280033678479,0
6.390383661948586,3.578012767822659,1.645520827202872,1
4.9123707944545245,2.4726891277809737,9.797140660356854,0
3.291713620354094,8.453450127506555,6.5888927664499,1
2.180456411373606,4.1268296273315155,1.1067568701416175,0
8.95522029871484,9.07658771634297,9.248885254635875,1
3.1440232642112154,4.687407966058162,8.822003821518972,0
7.987663325546186,8.490550264526384,4.243614519183493,1
0.06814829821832569,3.2150811290345227,0.8394069450849206,0
7.969633858912044,3.0240985163532508,1.9244130424647077,1
0.5841864232478566,7.3860268460752865,2.8454964636694258,0
0.9360714298971018,8.981974750128343,6.023215973663887,1
8.358600949097218,0.1714646954893695,0.8309878246130487,0
5.809950009587733,4.452218540977599,8.67001118896859,1
0.5489116602832378,7.300507183513009,3.9660486434738793,0
9.278763115921599,9.926340416744159,0.6232818657313688,1
1.4217595752407086,1.32233780723496,8.27746232355236,0
6.617059923127383,4.537549694220297,0.4765382601375989,1
3.407562588334806,1.9966147659186229,2.3277829256649705,0
5.5313539209069384,4.0567960633657405,3.4989313959058665,1
2.073169192342983,1.850464672114116,3.3438664227654136,0
9.904237952393705,0.4463772712231262,2.613643239842264,1
3.3977299084251733,1.718684099349479,2.828697842276273,0
6.993081081711723,6.125451704749193,5.6782045585503225,1
2.9153827250415185,1.7354217119775828,4.12208224121353,0
6.415839539031936,8.54990104130972,5.85812913055447,1
6.841102327490178,0.5680464529081075,1.1842902263483523,0
9.974500721952804,8.749116009304332,5.354821150792864,1
8.215679498225372,0.09177749758022546,1.167006489893616,0
9.283560055414487,3.479452785651229,1.8913512628153895,1
3.8986659541360744,2.655185184644362,4.29697521990124,0
6.950504196407465,8.498393004604125,6.090674809362989,1
4.17306132324733,3.368803328700615,0.8601707712363893,0
6.88257575338408,8.193960914505828,8.933797586967486,1
5.240366441819933,0.6795014782764908,2.1203503677583715,0
3.438082435998547,8.044937071128098,3.582158475374342,1
1.5712509588551593,4.068410963484169,7.73182149103346,0
6.450186006210412,3.96581173125101,3.8038229739383267,1
3.807083005491304,1.4291094405003424,0.3970218537672787,0
9.204660437443245,6.583987091598173,4.0567178392447865,1
1.9394306019478358,1.2018714476340597,1.674725136035341,0
6.141498810213118,9.762877818875147,2.20982701391197,1
4.142539368257769,0.1965970880861656,8.575542905648279,0
8.495486802243313,5.965277634288022,2.9755929284964977,1
0.9361684262944991,0.3177515319533919,5.75021123203507,0
9.316658549760238,6.32316670315526,5.493919925988038,1
5.592715570709601,2.501995766289933,6.84634014026428,0
2.935024773947592,2.808636428157306,6.094058031766427,0
4.176825453896499,5.627849508932831,1.6412612721944742,1
1.053066588113285,0.5607852502041255,3.0331742711528453,0
9.528141861888344,7.065037587929716,4.6166935049526305,1
1.833058710825598,6.581908330259715,5.100085458886151,0
5.243310112127142,7.525896291245866,2.159318734864887,1
0.5842128789785406,3.5511193139063826,4.561144398387879,0
9.71632250128494,5.70721882944169,5.4385914573536,1
2.184928096760724,3.962982789929339,7.575523250688205,0
6.337614377208482,3.1781511436348353,6.431815907733616,1
2.151139692549,4.580773918424037,5.935165255222214,0
3.3030835352918153,7.093281695523578,5.089680892707873,1
4.364458756042602,4.679676318039658,4.215720169399436,0
5.25912283207942,9.049038679032684,3.533118112484911,1
0.08295146303307077,4.095048235638451,8.28960566055543,0
6.504430540436066,4.318916891150577,7.966979821164879,1
6.789150353785946,2.331040065560084,4.588493465835445,0
6.154578287487534,6.869356398597005,5.370692123116038,1
7.451461618745902,1.3398447247881928,7.5438170844235595,0
2.668519209427452,9.177150852175233,8.4060481717292,1
1.9762389920153889,3.2563896642487613,8.691720889160896,0
5.691047698386537,4.760503515520008,5.572176136225799,1
3.159993548402075,5.910866393139327,1.9334737715829609,1
1.1282408092766305,1.7994350507899237,9.283223140513405,0
8.55039858394121,9.016722298068851,3.9711194972453736,1
6.341087761535133,0.9255714207611898,2.7542255790611736,0
4.176602534881009,5.571660347635838,9.164401762248534,1
2.48321448431485,0.3519794564352763,4.1980705857236895,0
6.204008716111392,8.359149257134405,0.709502436416517,1
3.208127864214375,5.537458767728195,2.0570860977465477,0
1.4198822571387582,3.9377198693209925,3.3554596821462237,0
9.842486400607234,3.197996991046299,8.800837400971538,1
0.020135613497024307,0.27525601414334244,8.552116111489731,0
9.205909534767304,3.0730039438204493,2.4495540522215675,1
1.2105151478925136,1.2900276731046179,8.133431693665559,0
5.205750163921829,5.966067850426491,5.906305783374871,1
1.8570640399698768,7.051060786405361,8.86158661560856,0
8.33442800102681,1.765440521047581,8.570419970613527,1
6.362387352553545,0.5313089426238071,9.877772714384548,0
9.598580407888685,8.443332309343988,2.5375637769390016,1
0.6620086663237379,1.1265548750019616,9.730065889463976,0
8.687502651425238,2.1408335751679344,8.4763405872865,1
6.223128750550238,1.4800818815771077,9.425901894405504,0
4.902412210134518,7.173563549442717,5.978325743138651,1
4.806968014765043,3.3719902879920793,8.328084403230298,0
2.3533961167249218,8.047852829566294,9.88725824518486,1
2.0081478872024308,0.3648141127092863,8.163446351777651,0
7.7814327435813695,9.634660657582941,7.977148444129795,1
5.377825162283977,1.7252866160745384,6.613033573738307,0
5.413340375507137,5.066783228796008,0.6291351271251977,1
4.4785566611185645,4.8868088088648545,0.48112311305937516,0
1.0795982723389386,9.045872044127949,1.7340303621418773,1
1.843948527724436,5.03695153297841,6.315780164236617,0
5.663876066020147,4.644373892362625,4.188977711952104,1
1.982826041962864,5.551023196173563,6.10242390682895,0
3.3632018143492215,7.120523788948233,4.502247505996484,1
0.8916524007008175,6.048452870876893,3.3276846655852954,0
5.914721048681652,9.961046010752913,5.587176985368707,1
5.5072483651574355,8.248992886067551,9.362268756454103,1
0.05183855971687579,3.9202918738116788,2.641216170823595,0
8.844530854353037,6.672234428282723,6.793664150250124,1
3.1105026617533915,2.2829095404744715,4.084881414369193,0
9.271255346309081,2.3663848006189503,6.4319684079595305,1
2.897973965286349,4.940623091809201,9.675038616737632,0
5.597655719487599,5.4546721831307785,5.186689345349869,1
1.8367186157809023,2.7252148679260726,5.855107807814712,0
2.3347473255084306,8.246551681250935,0.44331989441021347,1
1.0202478888347322,5.2404332622725285,4.494000342657364,0
5.94901559279003,8.032979044791885,3.4450285406233516,1
0.672613337713428,6.107138188898031,1.1450163377063904,0
9.999745464869594,5.174538529222881,5.785542311123039,1
0.22220313283631943,2.5437514602667957,2.0028873631709674,0
1.7345077133828668,9.66634209848434,0.18230985564078983,1
3.688516314426362,2.6209703421876673,5.126729328682723,0
9.430286390432903,5.4176592665760515,8.704238223508705,1
3.4594410500605246,4.006665336749682,0.5145077226291239,0
7.729919883667755,8.395926331374282,5.0569624992816244,1
0.343476811000053,4.781499280838441,1.190972156691218,0
6.779686900083331,7.521296511314137,0.6085246227546648,1
0.94149634570587,1.0687738937669855,7.829145639606248,0
4.027857779288243,5.5466663045156235,8.394099222956662,1
1.082646807085611,2.425145732126417,5.082872977300221,0
6.609064153931547,4.964513796579557,8.892623311599449,1
4.45232136039852,2.505881592743332,5.588517803749714,0
6.457272137133765,3.92789939251542,0.8453120416125792,1
3.952677908550747,4.106788970957682,9.981574438537368,0
8.850425419476963,1.6896925732845158,6.704262904032781,1
4.994903467133058,3.8734645067188223,9.10665219168439,0
6.479333849441542,7.42937803820047,7.768094339190965,1
1.464128546604302,1.369232447624571,4.592970582807444,0
6.131861075856864,6.7947792435525125,7.480548587324183,1
3.4257734295148587,0.9525402381908465,1.185782229648772,0
9.104943458939738,8.357617324909803,9.741822446721299,1
0.5044238862250994,2.7672200599332886,6.094914404761593,0
0.9617289740669677,9.377866664313386,8.056761882531239,1
0.40575893723715506,4.882566379469346,9.94668265916092,0
9.541444230385656,4.203762013737843,6.359679522902143,1
3.018929598162463,5.145958721965304,2.2500403375828117,0
8.767567087877826,2.5608380692926778,2.601650374679841,1
2.728270151656477,0.7081618692793712,4.217084829787298,0
1.8051135371363969,9.618530990665114,6.958038952780573,1
0.16470334040750267,7.89815574374016,1.43820308515071,0
7.342450981234135,6.844830367147239,5.0406812797613645,1
3.4372161452254324,3.0959258091495565,3.260302993747114,0
8.68581224649647,9.703129092464206,7.31839947264228,1
5.031126002231763,2.0593956690009296,9.264982743145417,0
8.797728300112599,9.510106813255396,8.63245983704271,1
1.6627155750165312,1.7083741310016842,1.0557981001919081,0
9.763908448688762,4.976244012380234,9.481632186856974,1
1.4625654962329349,5.005393075753327,8.921960193894861,0
5.517731877064347,8.173308692799777,7.737957748879106,1
0.35467116723817416,3.936847880413943,6.7677815028685036,0
6.813096588560747,5.290087304516317,4.099281811706518,1
2.953735560338493,2.590262824768704,8.913643671334532,0
7.46144648168701,9.448804036652682,5.546370311298277,1
2.333826590130408,4.793071068542698,7.072313718645141,0
8.831929413937148,8.02988222946641,3.930356576359253,1
0.7095105105029298,3.760474082288093,9.428694355633157,0
6.00305905849026,5.719264559952194,9.17997852702728,1
4.833973159504485,1.9828987120195218,5.5035409531409965,0
8.39755745406549,8.041397257051056,5.231811539990316,1
2.4710491086408815,2.11330788984064,9.968318313383225,0
6.362350892626353,5.951569526155805,4.675748838562312,1
7.790105839315322,0.9464463979138993,3.5317668267786138,0
9.10900008447182,7.457532750103146,8.715194479646257,1
0.47002807680852854,8.839642013808488,4.9454442971306145,0
1.5878171246666661,9.401096910559122,4.28724961057677,1
6.029866852637276,1.314099899165715,2.8404340108099535,0
9.34349266704615,7.265781342998342,8.980490043147267,1
3.3565138552481444,3.913173784047949,3.785422197923963,0
7.012495890266267,2.9749417988222593,7.998412266738799,1
1.440834632058936,4.054842355486295,9.137135638194122,0
5.336281534259257,5.14637604171404,2.5415968532288025,1
6.519805934678224,2.955312702150301,5.670093084476708,0
6.4176243083998035,7.885137973819064,4.448946086200626,1
7.787317537420574,0.5760642011871808,1.3102128244753641,0
9.808718359209387,2.3318994859532536,6.396442681977121,1
3.0236814385314412,5.346837991919005,4.225037246207934,0
6.001338811280938,8.918554759659333,5.405312742905089,1
2.559874956870085,4.589652965774232,2.4148742041810225,0
2.4949156069210767,3.7661112003353816,5.206723733824237,0
9.725138382719221,0.1996662900524493,2.590868664162753,1
5.055100803821365,3.8380372651198447,4.921655085787821,0
9.161126782411193,2.4980367737104405,2.9372401068507914,1
2.374912217010171,4.050955893304268,4.232222442574033,0
7.618326618836804,9.93992416568522,1.7573252388566163,1
6.764342668656064,0.20705874778795041,9.289739986486223,0
8.409466130789507,4.481972164275877,0.6630091037271435,1
1.5471587151648092,7.178884101965099,7.1395407188598226,0
9.808632892852946,6.0748519873241555,1.1919828745472372,1
4.363335759015689,4.723856938565685,7.198591093588233,0
8.160447858118573,7.022910023727294,4.123555523943598,1
1.6143756962022071,2.2322982737223915,9.931133426968218,0
7.605630176052209,5.414487174262837,6.030700358558007,1
6.350211120844183,1.333196455197837,0.7771252036341758,0
7.525918478670567,5.211500298076635,1.1457360921958049,1
0.46882463276201713,5.27309935298276,6.572933814768803,0
6.864832199396344,9.641066160467563,2.3898593549322467,1
6.248929070951963,0.6806732608265886,6.7880343555763165,0
9.747835418564314,1.5004285938752315,1.976349722569648,1
7.663970608223894,0.4609471827779832,0.7941454898145806,0
5.829308479212191,7.774550353035075,7.367472368973534,1
1.6899388191959896,0.7434971778276767,8.779126198336014,0
8.175739751365414,7.452280702524855,3.46448585505178,1
4.25912430261005,4.230234249561181,9.227449808440332,0
5.7209176524000345,3.84550042050933,1.1746305300482596,1
2.3158860526579605,0.5514188531200959,2.503170650070894,0
7.851179325488066,8.129783854537903,2.5571366655632852,1
0.3743869781573117,2.3923218913157216,4.053646495366118,0
1.3093340487002936,8.49761378126598,5.581996765891525,1
7.613228918082732,1.7599949408672289,6.896758136812464,0
3.936118548488988,9.44830209125052,9.16593541060662,1
2.811346845802495,1.6306696404720389,4.698484000450319,0
4.826303006879716,7.861882610088027,7.626322946541778,1
0.04499532423316355,4.533610459394612,0.7476516731892746,0
9.94896515481101,8.883945861734775,4.403157424257432,1
1.0276863093789224,1.5254797965788858,0.6792999210851003,0
8.727638812460883,3.171328955440708,9.587056038316298,1
6.32913295871424,2.263888226865378,7.2703699033148395,0
3.8403459309630072,6.991948387786718,0.49242287601018897,1
1.803594486421165,3.185607205123968,4.858638098626642,0
7.1733389008091795,7.774996409937649,5.9980651592917775,1
6.488043128027893,1.2686871805735622,9.32559751236652,0
7.309811403763566,6.006453877544418,8.357651307380886,1
0.8878190342583059,7.51012713533004,4.225518535563148,0
1.6265921735133904,8.461843347998672,8.044355616259395,1
1.7191871487340193,1.810166644308131,8.07324232302707,0
7.289863381025098,3.9888564421153316,6.863056772544899,1
4.991086255620552,0.6867272342284758,7.83608284471736,0
7.424980619837086,5.4134371631855185,9.359441380094447,1
2.8726479484190226,2.5303133985081616,6.857319585408488,0
8.658523326747915,6.990493878049023,0.473933781783078,1
6.839741992809677,1.2084041964882297,9.29626614860483,0
8.031454654991526,7.9707697787297125,0.49653595718100463,1
2.8128840552347825,3.770389998815288,9.601544770508342,0
4.057481130840102,6.459334417367027,1.9781960739134474,1
4.629776333908721,3.341859666759095,7.458057967758736,0
5.720992790256275,9.546313879105817,4.516964156348841,1
0.8368424486829829,3.5082803167659837,3.45059706847945,0
9.568356112088773,0.18408960217129677,2.402266131159551,1
0.5414682978073204,1.6369666381142345,3.6036187213040227,0
5.723995126051618,6.604589267700085,2.7485069026733866,1
1.3621114333970719,7.717912525823247,3.5935236498890264,0
9.62584956840371,7.584598210940974,2.988953550349416,1
1.2303216036372866,2.309684796203617,9.105482987221038,0
9.90466001926313,7.948960128168411,2.9397198484332545,1
1.7395530189816655,2.8040332595580875,7.691332439154549,0
7.398375570667294,7.623413802421463,5.680841596498047,1
1.1504082564301965,2.1566041410799572,6.122247015831965,0
3.687640369668437,7.163731229040264,9.818933036469033,1
2.4958996458431173,5.899308607076818,9.065384273651711,0
5.748399483636448,5.476537482216849,5.810403931124522,1
1.5296337216505185,1.1894585699063531,1.8767555957359539,0
4.659805180171725,6.675099839788671,0.4682082530572762,1
0.7759744769978472,7.961109110185576,4.853481578773936,0
3.339626106278628,9.385667572014318,2.103959370823325,1
7.447347057571286,1.315300163491605,1.3592384776675204,0
6.892254276568673,9.047837719510001,3.883826067576759,1
3.955027162957151,5.360325338272615,7.249536808422935,0
4.494063018867349,9.647251689109076,5.477864493717343,1
4.144200996116131,5.064926871066888,7.8950208051667845,0
8.435956432984588,9.238079641287545,4.171066843500116,1
3.6705301151753367,4.636935779208629,6.153616725912716,0
6.296126190812287,4.348490221224032,3.4223972311188664,1
4.684680775654611,4.247370067672439,8.819541594084265,0
6.067326729054178,4.379621647356381,4.326615718801929,1
2.6617790165807187,4.968254933149437,2.138962237785563,0
8.637390896363723,2.1198348361659933,9.648134341649723,1
5.84588063260282,0.15617746560000478,6.555139576798763,0
8.761739640565008,1.93818351714508,9.257703664000237,1
4.671806684807139,2.9317059619577126,2.377678577703566,0
8.21698608985489,5.808717429777169,7.653020603818636,1
3.671574751428137,2.176501742187531,6.473881960876598,0
8.185907083795792,9.62767377646288,5.491754602223348,1
5.969426456627161,0.7771237336460424,6.649342921939191,0
9.206076063179125,6.873135693401483,7.558256155080758,1
1.0061205003306128,2.3724852013615005,8.142551111296228,0
8.149059932669264,8.252720268531943,7.241291577038602,1
0.7729746289274209,0.7841808537087935,5.79607034591352,0
6.880091354452297,8.63276479392695,4.5541176819781,1
5.869615855955659,1.615233298492501,8.438005038250681,0
9.747294908667374,1.478616852388689,4.675244765210974,1
8.570232959228694,0.4402122413281184,6.126899954434099,0
9.405563737444155,2.4968712539464333,7.540160394758626,1
7.4244654054509205,0.0249224290671457,0.8811989384469288,0
8.24238407232776,3.0319513429404643,2.7042129530523376,1
6.993506008117166,2.178428731812423,9.568775428917121,0
3.344711238541447,6.503301527301043,4.2049863801548995,1
0.3794712793202304,4.707704977368868,3.3717675779491008,0
9.653762588314288,9.210629546276433,8.696642969101726,1
1.5644293896799855,2.20038051066617,5.139445434914122,0
5.414298602950507,5.026179698624457,4.498905308738853,1
4.6480424332334636,2.6009609257941104,0.12904729443023788,0
7.148300123290744,7.754220384014348,9.211847985840619,1
1.4065938143912715,2.5853051814839336,0.289096768452648,0
2.164498021376958,7.413162524299147,6.354112575753076,1
2.1463796209425356,0.39319768160043456,7.922471540384187,0
6.668454923638723,8.769682441961315,4.783488072755003,1
3.3504236695515144,5.2836655798677965,2.0614320597704925,0
6.909132599614228,7.3934988134556265,9.9322175435772,1
0.5413511922112446,8.125302434689965,3.2115123465182394,0
6.40438935389867,4.686881361267772,3.517690039265573,1
1.5973436908786842,4.2630088650867695,1.1642290040297132,0
1.6960476033294036,8.917857146970912,9.239753959286228,1
4.150800784785391,1.0088671273012628,2.0470995866482946,0
9.965317229959803,0.1006339861222072,7.129231222229824,1
0.7641511431199788,5.8696150366832835,1.3577171060892945,0
9.767656866209816,2.2270503245728013,4.610582423428006,1
1.9954078569560874,6.733182197615135,1.7632316932321146,0
6.836313589770905,4.398738405708519,4.542995902335534,1
6.261892664875546,2.6158645541028402,1.2521917275516203,0
7.1865820113652035,8.942087420775167,8.675939824406573,1
0.8716283050266616,1.3616347970462328,6.561057712945927,0
7.693891771600526,9.290543434745755,2.9299669890130176,1
3.3585074190409845,1.499509836216052,7.179925874294151,0
2.669171618599757,7.849965234105798,5.968709905972268,1
6.069096587267023,0.7854754801825015,6.525729840329894,0
9.449270025111412,6.559689546890343,6.585864841696916,1
1.6861986290567055,0.5318409694027337,3.725403638349337,0
5.619317484932964,9.697626868669982,0.33785619430010017,1
0.8471220392935264,6.9445889445903095,8.644884083959418,0
5.366034777788727,9.504591283148903,7.6315783970913875,1
2.22726716919904,2.0411499930938195,8.357576937145291,0
8.863864895723449,0.8438831122349799,5.013159728771493,1
6.335291274294777,1.4892696796239935,8.778574597726887,0
6.70103407930073,9.964192919257108,5.045887859714112,1
1.2140925848052297,7.161167226201161,5.621748141525957,0
6.929507018392437,5.011082047716609,5.7973020760296645,1
1.9688591808688216,3.9834717342684725,8.71217130093617,0
1.7007828639464284,9.028714035243269,1.9100357407135504,1
8.308975606206534,0.47595418691148805,2.110108111328227,0
8.938726174119997,6.91082570003426,0.8421188294471593,1
0.6114713939773442,4.999113706225893,9.4025110739694,0
6.574243665431152,9.396273779801824,2.4929834569977127,1
0.20099121084317217,4.739120877129101,9.296458001453995,0
0.6386772891047099,9.270315771708587,2.110205955335438,1
0.6200082444141575,4.5223272418534695,3.706544324661473,0
8.019101004802033,8.564360888890834,7.416288775316049,1
1.2559181646049766,3.0468196002438166,6.754141837738442,0
6.404158560076243,9.241140418634954,7.59370352897752,1
4.122853208930131,0.12405772231203871,3.0082334082598394,0
9.679291727477086,2.0841600746928277,3.026181769435663,1
5.370634499559557,1.1518379640613408,3.747476296964627,0
2.6513397423779796,9.909643403719027,9.756377118920618,1
0.32534147084983034,7.99289297461501,9.0787320094123,0
4.260710700213146,7.777807749722437,6.613468508666273,1
7.590367969943412,0.6822270615651316,2.125148671085204,0
3.029751957471217,7.250782179202602,1.3810549510327597,1
0.8681747782311633,1.2040068665267756,6.807502654958778,0
7.325815281490718,6.22862031993785,4.06309956864063,1
2.208851524739149,3.2539507009019344,2.279132488709835,0
9.290031492252522,6.417274273159518,1.3894056826246304,1
0.7284430975160394,3.002876205639099,5.198392183876309,0
9.277006591216768,9.012381759615508,8.49271076240061,1
1.1790844591694427,7.191686858305653,1.233409562394533,0
9.901899104408184,8.125463692734995,0.2339150351490471,1
0.20262482714584307,2.127992262319088,4.300016811459067,0
1.096051951705278,8.648928433350552,5.976564322766965,1
5.151933913926298,3.923130554479355,6.939208498437681,0
7.764495953970586,9.657790307540587,4.745600398139026,1
2.7660002153847865,4.2493453958464595,9.17990576159958,0
4.294441628418398,7.532556776323501,5.227084779005663,1
2.8626900703117517,1.5408582369082402,9.862509658625303,0
9.477882104619292,8.414474945292532,0.6658776675809552,1
0.8101236395274125,3.3746639752858396,4.507960118077633,0
7.746631444551139,3.829376230314534,4.761114461597481,1
0.03721652229593864,1.4008647704215549,5.210952044399586,0
6.8084880489893385,7.8056220501237625,8.923437871261262,1
5.574576803087997,3.1741230159234246,6.942875751694938,0
4.952728668961419,6.419608813233632,9.6558024925246,1
1.5557173862518614,4.607254131006654,2.3311671916511933,0
8.677253112836553,7.561217341709426,5.329596371341017,1
2.836311205574953,1.615717778017104,8.100920350441408,0
3.7067954612090084,6.600574372475667,9.202024448795834,1
0.6577495753425555,1.3875738949368444,8.660063414727592,0
8.509686567137095,3.491341820213348,5.499818984085353,1
0.9516081805995114,2.370766677725975,9.534611094909577,0
8.580722172087235,2.2189413133127447,7.270281611972371,1
2.5292103303232505,1.2374056614830364,5.856940809542033,0
6.887152468538251,3.7288839080729486,5.290850704208379,1
4.138588930985119,4.003110767497726,7.812857510854164,0
5.655855367327471,7.466142487400785,8.061052470449457,1
0.09187370136724327,5.610493802186683,0.030276887022133714,0
9.645781809822685,4.002008575618442,0.6752234182891448,1
3.0141350771264372,5.077932610809409,8.39597362433652,0
9.433840278436541,1.9169140274719787,4.294581748795272,1
0.09256766294901464,4.217923602064221,5.480586067952588,0
7.76235821095753,6.30090329848962,7.242485026308271,1
5.271288049113005,2.5819433804846303,3.471950574273468,0
6.066753118505726,8.054254001154744,4.488421098193997,1
3.353874550034078,3.564467230552004,2.8213444974489232,0
6.828472151227772,3.981154927074245,4.94215821335267,1
0.7682449896685306,5.075000828942566,6.0576117791964865,0
7.887161310075122,5.211637260268872,9.120128842863204,1
4.511582808050871,3.395518309749963,8.647487941377264,0
2.963942812572463,7.686721953553529,4.222037897788681,1
2.1890219012058774,5.575015202215932,0.35510375612919476,0
7.007530478626327,7.160927751392872,7.606679214183321,1
6.099313078512321,1.537159615858269,0.38156011410270696,0
8.273350111564058,5.687352996034214,3.2581337261888543,1
4.472448441326474,4.8313258857145955,6.9150739729580915,0
7.3588604619503055,7.252113516138454,0.3011462312705271,1
5.331885782287537,0.7642689576310291,7.776632072011921,0
6.008273585390747,4.299812215839033,8.088241517596176,1
8.202452188791536,1.2007992296288605,1.4409581390088755,0
7.898610146331405,9.185448584715417,3.8084408678010284,1
5.274192692769894,2.8952988909391464,8.722204987568883,0
8.152829417566515,7.151476884648373,6.575699028577383,1
1.753724435218318,0.4754584600674727,5.789859001585596,0
7.674214148310689,7.547815387792157,3.774153544267318,1
5.909086018209379,3.046114388403942,4.362301636927137,0
4.659638820963035,9.22796922540509,3.2479104785449975,1
2.5064262888813147,5.563503982729903,1.043552791165081,0
2.6237913040409646,9.59361985754673,5.139561494108408,1
5.107348582428579,3.9464067019641105,0.12646424347639962,0
2.8689154002778006,7.354276702706387,9.596897575705349,1
3.2263173637742835,1.9660180499050828,4.970503104074141,0
6.542640164820215,7.657800433773145,8.460727158158512,1
0.9794923745959927,4.987850049604195,1.4171443335985667,0
9.531987183543437,5.107180184694647,5.454426334187294,1
3.2387665793778186,3.7400222684291142,8.000406110915044,0
7.188904167563434,9.502138712459795,4.6097679591632925,1
1.6176328598897138,1.6933589835205343,6.14818729761745,0
5.336788797612879,9.60935175788634,2.6194663395020146,1
0.1457951495754195,9.223168201770385,2.6184245033563913,0
8.89170592239897,9.672014392187116,0.33821716997479045,1
2.744926124798729,2.2784002549699034,8.28397857674178,0
9.298260724659226,8.057523678658953,3.6205736665310684,1
0.8146660607627554,8.404138520296144,0.2945572924231621,0
7.927748194809041,2.306963063841062,4.009175444358726,1
0.6960643853711268,1.538224848906471,3.648944269843901,0
6.652154438093772,7.85721401231683,3.1581994719789264,1
2.2053580473335135,3.675940923346147,0.6250441374752935,0
7.428109126410364,7.4903652048702085,4.149719840415499,1
4.1842418695873285,0.7593778954234376,8.314947397999997,0
6.06154904703359,8.531593711060282,7.189286792596516,1
1.000892932855496,5.012846617881367,8.707655316655945,0
9.774887639786083,8.473324448224082,5.070286588623882,1
3.6518995085491266,2.5783608225626073,0.04863671571222361,0
2.011650226173539,8.026645465320723,9.059582662699203,1
2.8583779855532274,3.886676041117979,7.687706723227303,0
8.068496543474703,4.2655011122099475,7.942829779743156,1
1.2348618730585692,7.658095531005257,7.819037502678926,0
9.90986634730234,1.6397842317797529,0.8542722537399472,1
1.2232206032777515,0.48499348623781025,9.627550360152984,0
9.332259436868007,0.6180054910619381,3.1847655363742664,1
5.562344101098192,0.6627068795561231,7.461542075404303,0
1.4679363482468522,9.148128714195225,1.5575978492656029,1
3.819827039163904,5.021480198189099,4.950238750671207,0
8.805327043110886,3.8327443641584455,4.1377095221732665,1
0.21300995152036872,1.5199947620097665,9.634566038237478,0
5.153002610913693,9.508332353059965,7.7383511842675015,1
5.44288368686175,1.9746754399171629,3.8276282824680607,0
6.941587948399843,7.66002387523244,3.1640837323927737,1
3.684164431024622,4.146230046656488,2.5899243540629326,0
7.525364704869316,7.430338028155106,4.938034320089296,1
0.30091216363665185,0.931007144423206,6.291354843708742,0
8.529518021081588,9.820959313322206,8.339885156973125,1
7.20292606619532,1.5870250632381133,2.5341759592606614,0
7.092126576030891,3.159263475160036,0.6631662146830264,1
8.1573374118072,0.6082466324819324,6.580502066175759,0
7.297835417735815,7.001886240284136,1.4879532817862673,1
2.7295419193044532,2.5501968126196237,0.0009800620435174157,0
9.070647281987295,4.400175361196094,8.822694959062467,1
2.8550802197294436,0.9996139098382273,6.917177999810493,0
8.625968481366273,3.10909345203785,9.242396895748811,1
6.999444132065679,1.166295029939961,8.430053096421608,0
9.904610333880239,8.641910108884552,3.1889281984758613,1
1.8776085849163404,1.5655623187034107,1.4704134158637283,0
9.571411831336148,0.7226528187671111,5.24610981741861,1
5.17892930052244,0.5652810243006656,0.3989101503114867,0
5.890584214738649,5.0575774704477,8.003707072198152,1
3.5474720729527034,1.0018339685733268,1.492054760967022,0
3.932301096398244,8.76215044493969,8.75118931643324,1
4.323652252268259,1.2201313142889025,5.773656902385128,0
8.26267596427573,1.57362270928605,2.0148051215104545,1
4.685475354910232,0.1680197046711529,4.154398937665543,0
3.2081705816954664,6.695667486531988,6.135603760207809,1
8.8589750685194,0.40183460141442473,7.348940022230383,0
7.884239825171897,9.590298804128528,4.187121229099077,1
7.230489351721059,2.033558000699026,3.2326761214942756,0
9.581367674244476,8.838758676263737,9.808421732088508,1
2.1600874983831297,4.8913690978476785,5.792315690790737,0
8.768382268784368,4.570287351073908,6.430327818515301,1
5.169620251687855,3.5709877987990977,1.4603748775255898,0
9.295888639485982,6.5792985791528125,2.9791142235243298,1
4.626765953247103,3.8663573560594933,2.2204232179535053,0
7.438905232430329,9.123020759259452,7.293765710288339,1
0.8294292518846635,8.098755998824664,6.6417654297013184,0
7.432465180521196,4.995042002381935,5.142454636185506,1
5.269408750804889,2.75285221837833,1.3629468134386302,0
8.608584048354965,6.069077872717226,5.433801786542295,1
0.5948344655724924,6.404219531354599,8.119323923758518,0
8.082422413488104,1.6332186423344575,4.015867425106899,1
7.686104105614873,1.377879433146284,1.625446176194577,0
8.819821228675085,6.0644595622376265,5.534577901182418,1
6.182832105640702,0.992339129557257,1.4483794415272855,0
7.163116136138048,3.794089323275177,5.505965995246719,1
1.8097438259036547,4.384334093724745,7.117282634916791,0
6.186479445220842,3.359391486285136,9.145952744838219,1
2.816624807537135,5.130646504257596,1.894916197951323,0
8.731269589507919,2.5215484078439063,3.225902075823889,1
5.144772243421758,4.0720164159666785,5.540357173276074,0
8.693032374109798,3.0089967648635008,1.9201212184449312,1
0.40268797136818635,2.2749933469260233,1.8863014635432263,0
8.461256624455054,8.447215024818664,9.563634340306761,1
2.1542423164114943,1.9029538984639904,6.626328573918052,0
7.594714070562602,9.35878907614229,3.6572704370699896,1
0.40338463880328357,7.227246250791691,4.472948000632545,0
9.609366939565096,5.709381020819395,0.9634317825168448,1
6.446801037590873,2.3411022416286853,8.872611739610768,0
5.047480992298246,7.187146708551876,3.5476939678481556,1
3.8381417474488266,0.015979767067124673,9.382929430551343,0
2.802396541276866,9.557183563622843,2.5907822724369045,1
2.262219506316767,0.3063193351050375,4.116690884353109,0
9.38913900803841,7.641889097721158,3.541708103665935,1
6.0072362527655,2.3245946821414787,0.23083269277288654,0
7.266684738115168,9.658430867293266,2.9567592474762616,1
1.2643151819381915,7.176135792839471,6.788321054963937,0
5.665266354919481,5.7492780098479646,3.5879067258411834,1
3.823429252675452,3.220991160517852,0.6434171815202816,0
2.1369715963121583,7.497490950195011,5.897936619254017,1
1.0405626677318747,5.679876275257145,6.419091842168362,0
8.236663221863864,8.60508491619769,1.50353305917593,1
3.5123173678825936,3.068197656476994,2.186956134786704,0
3.266015540108281,9.672851205243656,3.5459496373529955,1
1.5024182804757946,0.49095314945099555,9.04011947754374,0
4.570771145398966,8.261820567556459,3.400701896709669,1
7.520515296149608,0.9077963326324789,3.581192202699639,0
6.352738538145951,3.8937566886013455,0.992004622941044,1
7.467373515130793,0.4730460324168517,0.6569908442974981,0
7.260832338981194,2.3636764697899704,8.547773792459768,1
0.7483834035489689,6.918660668763037,8.119264757992502,0
7.78661628959143,2.2046804340893256,8.392110665537691,1
0.6597889126428091,3.815729272328463,1.8848156808721128,0
3.475980930124094,6.722594777100253,6.545995445525039,1
0.49018341894824347,6.80210358717367,2.215516879092949,0
9.82104431493154,8.551988578481968,0.42527941349115306,1
6.310861656927468,0.2869026092356919,7.817460186599585,0
8.359939733545756,7.158939169234008,3.4226155520056176,1
2.577549360826108,2.1578783784635847,5.234255726643113,0
3.329858460084175,6.70693761501354,5.492858940443378,1
8.025609182810198,1.1833285854196318,7.96607246450383,0
7.432928181615873,5.672331212465144,2.1137700400656847,1
2.854602529115674,2.0364610575849005,2.6003216458485587,0
6.010738081122014,9.919900308093876,1.6437480277719096,1
1.3648526616315981,6.175839744108939,3.9016471337023972,0
4.886402802074684,9.091813062764203,9.333172608588136,1
4.452310292382955,1.3488506204434736,7.3879629874724015,0
7.458684384534936,8.096782079983623,6.320571399496005,1
0.5352081239576967,7.511839629949191,2.5639145820402653,0
7.635351175111637,5.189570248502726,5.872734983965854,1
2.4281212718987852,1.3689332404219234,7.1850664007808795,0
9.46265483177125,4.358512740310076,2.970308901998364,1
3.1773536344297737,2.6211065050593554,9.177752124199177,0
6.064140344820046,5.644181047417579,0.5705563617414555,1
0.04995449138218366,4.714562872233349,0.4286657507825542,0
2.683116132245489,8.30466098189124,8.118270787337577,1
5.552459533827646,0.48403089716885894,4.566806879106836,0
2.250786202785937,9.108587212999161,3.0151919850204987,1
4.216550253593971,4.07024380572119,9.25164038103534,0
3.3053769483215403,6.484536470672179,0.11152162304157165,1
0.1205103225769466,7.218024123874722,9.651067871927953,0
6.42554827775221,4.861674856839446,4.929312269652702,1
0.6279857085473639,6.856661729676912,5.637218607079745,0
8.800699747852189,2.5273263973338524,4.876390127817867,1
3.05558999888476,2.266389496599311,2.1925244628361873,0
7.838855986004067,6.290574133309173,7.675194731804007,1
0.23803754930122767,0.2866282009486887,5.7692704474124135,0
4.722106427267219,9.12364002284467,8.111526075300171,1
1.2174871232283857,0.5019331083110723,2.359331909337703,0
7.548516123984486,5.84383909955621,7.757002153246162,1
7.47887145078225,0.9768753771770933,9.184647916842534,0
7.462170706922256,6.982503655916946,8.53989360091817,1
4.9932678122574,2.5022629952290574,4.663461782716811,0
5.804026807129576,8.65759509963034,8.53522001977175,1
3.253143795377996,5.07486224489059,7.806019600663783,0
3.6620027666216135,9.774398131199192,0.21155066135611134,1
1.0612665395234433,2.4693440232918693,5.5216444451628295,0
5.472199842449303,9.237905602755426,8.972137789743371,1
1.2207998706339152,0.14611837732950828,1.2104740209527987,0
4.532562767558632,9.25946873814123,5.060665900049751,1
2.3877757081525353,0.0205375964454102,9.302829259924119,0
8.454537275678556,9.358638150847087,6.088582444328711,1
0.01463876060174063,3.4979338148713355,1.5353132843351613,0
5.182402043024988,5.198024940897797,2.5924130014785085,1
0.033937550445672926,5.2633077455682,3.9544606426571582,0
6.620795887471171,6.602885332632871,9.993227504166885,1
0.6890854638288313,3.5009283863071095,8.238939392557658,0
9.472088952128765,6.084556237609054,7.301147243805964,1
1.3637539697936452,2.918638739943816,5.436082419083514,0
9.674584840677054,3.9785101919382515,0.8341671846041687,1
2.459555490803089,6.202256750249882,4.367253189413379,0
2.8191747822943714,8.975185929417231,4.055406276654809,1
0.2059353159210009,0.3276556086586979,9.155275587031,0
2.1942460446927314,9.095129661558316,5.479883440719698,1
2.036063115383997,0.8583288167454428,2.384805080170971,0
2.4630247678980277,8.03338185026489,1.760205302746034,1
8.346799409242553,0.10632301315946835,6.58830918825713,0
3.552714711630788,9.63374075439654,2.411714310482095,1
4.805991410857496,1.6388871411436168,1.1200061709972486,0
8.517699025354837,8.955246214288476,8.2634179188534,1
0.4876124344582622,5.72826828741549,0.8144167052688067,0
4.909474333907554,4.862194809076078,1.9437494424327384,1
1.335988086931239,2.110510738137805,4.843731398181259,0
4.829325194518516,6.488674993610587,8.053898603850968,1
3.1724813754633976,3.413877665372127,6.609522334401079,0
9.379909662142538,8.46251015904946,5.27920315161472,1
1.6071673172265444,6.389269205141046,5.14221055222232,0
8.09196364317368,6.178927126354743,2.580321674728899,1
4.508626497690575,2.8421674664683785,1.545575873481655,0
9.118030474153004,7.434495086594436,1.6584199706129499,1
5.627348315309502,0.7438605535223863,7.641434705067933,0
3.2883032236468415,6.996077408653431,4.267646061850846,1
2.054154516487138,5.794456549304448,3.006538907431181,0
9.81552396691,4.700778389349044,2.3347926675561603,1
3.6017836228431053,4.154974968009006,8.943211965348217,0
9.79037828532771,9.435398199010269,1.9267025526445547,1
6.628288357604117,2.3327040803136603,1.335598316743274,0
3.79417667919004,7.356178157699535,7.268447417120951,1
4.356550233863499,4.127722607350361,0.8041569210197441,0
3.611574411580084,9.20320281637625,1.0885462739917806,1
4.715909762330667,1.8437270900743152,2.7933553921146084,0
5.949344381080634,4.223272214548825,4.20203173083165,1
0.8472615372552417,6.408865725042716,6.054162119102968,0
7.026440014090416,9.35395761926631,4.972594027980879,1
1.2526838170732657,6.650780990437602,8.796789736042319,0
1.9185833646778638,8.539742887099496,3.4864328592003346,1
7.267500281038739,1.9062588267847258,6.414618304935299,0
9.276212669825112,3.5384136097693055,6.228040047637101,1
0.5209218748910549,3.284113492905888,7.537979045571477,0
4.980194307554795,9.56163281155152,7.8481455819222665,1
2.7925873433259065,5.3124638040992025,5.4861516313556535,0
1.5672216865063104,9.934162129948179,1.7162109682637283,1
7.305110698753401,1.1780661501479994,7.857871529306443,0
8.39972258400964,8.031926411121745,2.038973449948177,1
1.6612049312802868,2.2485090073767697,2.3417975458121756,0
4.351996976432353,5.169809714178203,7.88381449683005,1
7.164781870627759,0.5676498835730914,9.292106842094919,0
8.21152370724149,1.3818835307494903,0.7479162949777751,1
4.057789426023683,1.787468171591704,5.827462238400692,0
4.996302560131946,6.86988675742186,8.86091295434139,1
0.8651597995947069,2.432226606703357,5.521079041048658,0
4.763927058457835,5.6271982671783025,5.931919930277952,1
3.803448045296147,2.8578944370600254,6.057058629764346,0
8.67946668998519,7.125735408839001,8.649308099476581,1
3.087063732832381,4.580159148602082,0.3308381994091969,0
5.406772828840585,4.55636388614074,4.3058737104791565,1
0.5830866192127804,2.511976504031387,1.2560626085042936,0
8.884982797832855,9.277832760877493,3.628131394438708,1
4.96380880634662,0.2649071714998186,2.489229786892139,0
9.95733718920595,8.366458984605542,1.0926506108347689,1
2.708134669604733,0.7461942400148136,2.1206219062042555,0
7.782021863574663,8.525220581106595,4.956924147083851,1
3.204796700758976,1.9060023960491523,6.383364391299912,0
2.3600252014092806,9.289405726476277,6.217694744160792,1
3.047021844554525,1.7643758161192702,3.9059687073227845,0
8.292846882548924,3.358942699788586,6.191640055165242,1
0.2002523585101612,0.5821472553634521,8.383544244800643,0
3.590743546013262,6.8028798388718865,1.3513310346516405,1
0.9212709842570777,0.42380536519559975,9.306448557145812,0
2.8495880186680624,8.687994862419535,8.91074489757952,1
2.43711529463178,2.2011598007138455,2.633950761311048,0
0.3990443850602876,9.951537504286893,9.394773840019804,1
6.574789729621856,1.4696196872226608,0.5452925304336786,0
8.358423864188676,4.268311397150608,8.526514862195933,1
0.040177822932923046,7.336413447014212,6.073466319104483,0
9.965308865862516,9.183957168888982,4.671022852914613,1
2.4648872221819196,4.095551093216744,1.5263354429806741,0
9.364853293720389,2.7212229864790283,1.6469788255577733,1
0.8681817664190783,5.713368147031531,4.1656325808561245,0
7.727404699495793,2.026604714949789,1.4411664724344264,1
8.470479892658407,0.4101669921566353,0.3143475378613436,0
9.445828318180597,3.1813125205875927,4.4581397654020165,1
6.058889038374286,0.8957774691856624,6.4319010100272305,0
3.6875630075404073,9.884054371698644,0.2671194390811704,1
7.888815978633305,0.3099516751924336,2.9670873708656007,0
8.122168030981543,5.068401386809548,5.332007393218396,1
2.503546164275481,5.147332114975233,5.356838410653403,0
6.846661401423978,2.958614364542126,0.9048744087998539,1
0.4366097049569606,5.238539183571968,8.957004538493145,0
9.657846886286947,3.648695105046229,2.5314951131034915,1
0.8650029039139229,3.5570494926345706,6.896318586764028,0
8.695350831411027,2.7389251061545625,5.317948428732413,1
2.548441137206088,6.01454046799383,1.382885344695941,0
9.666360480711035,9.69239505156597,1.600749518610618,1
1.8344784678226789,4.0086860728027505,5.126174931670787,0
9.023779042659491,5.060964642776521,3.2035199208453644,1
3.803208340419139,1.1785127128137352,0.11639893344332353,0
3.6528285204226405,6.0853153207591335,1.8631080627030916,1
4.6099293749533405,4.681496099184218,9.724354418657562,0
8.315660138410738,1.2747402595657376,1.0325905265732216,1
4.554652500227353,4.852727863034558,4.309817566033892,0
5.246183417675345,8.171089465259598,3.646648058010924,1
3.376325015194835,3.755168583571499,8.155370757473495,0
9.461408455080914,0.6301351016948098,5.350479517233162,1
0.00069964896406427,2.3927091519289734,6.650111957308732,0
7.685950951797842,8.002620386207486,6.429795161552203,1
3.6866992867024475,3.968342867873699,8.785399488593228,0
6.199191856778512,9.916955704688906,6.579281969757023,1
2.700060681476679,4.15103133898835,4.865088797220315,0
8.670868436505446,3.9415464567496494,3.098561848562169,1
4.587384796851277,1.8040397330861557,8.966354247008072,0
4.433820773750029,7.145589024507325,7.3474081941758715,1
6.49152551061052,2.4643080743593773,0.3449645323148376,0
8.318458131842249,1.8894359981604059,0.5803437156694646,1
0.19882344901753335,3.7675279842391776,4.978007300577286,0
7.498892382192745,3.4934200067943397,1.156070037106417,1
0.8273982174375494,3.3758495676276157,3.423384204701022,0
6.196134362296539,4.481377572479316,1.5694827783562104,1
6.491506865494024,1.4303639748250607,2.7682968487225934,0
3.8808797641189274,9.615637562296286,1.4228795506731462,1
1.3901445198548856,7.171745689076649,8.255136338230717,0
4.10408696439964,7.032814594882311,8.156666083645261,1
1.509338230154449,5.022195812122499,7.392602626140148,0
3.3662150825857164,6.194711901164861,2.388192058089115,1
0.06506620867360202,6.206713302212227,7.611998556189734,0
2.0494609263108474,9.077833461506486,1.9629040631214267,1
1.4390343235388625,5.76918556709095,5.188612981076916,0
4.207875280100709,7.778810342844224,6.770788492917879,1
3.3486903607387566,4.544005825052347,7.3980063437520736,0
7.025010243713179,8.012939211371574,2.0115826245483293,1
2.6554274074741633,3.589317835407736,6.397408642928172,0
3.5178100341992646,8.1422549518403,1.9238068058322955,1
6.221090657518862,2.1429969833792883,9.38390438887968,0
5.090528752472848,9.929134492748744,5.261062157675541,1
5.515211478866262,0.9486049541948016,4.42948875827999,0
9.452874167094492,4.219906524646263,4.028344031330141,1
3.6906407676802564,5.442064586031905,5.677559502942021,0
1.632034185828748,8.618649063385247,9.346841627919583,1
0.5161207700353176,6.874091008865493,3.364614432230736,0
4.339489620447771,8.11064565733248,2.171940769342152,1
3.930503446407989,5.389661333086337,9.454506382947343,0
7.1049229426180736,6.5315127514628815,5.325252612533346,1
2.314158902108935,3.4444228803202814,2.491066199064884,0
9.601752090813644,9.178717664527868,0.9784555260550143,1
0.6994665957731827,0.8016074659055572,2.0557419428444246,0
9.043951527923607,6.473892917477172,4.209891060657799,1
2.1906510096772536,1.3240895902889194,9.963297095054951,0
5.2225249006662,7.335334498664611,8.044452883108223,1
2.6873864500055653,1.9929673229305167,5.937292640960753,0
8.342240896819558,8.382228700174126,9.031655095870082,1
4.436181590781435,1.971375489904933,5.179908812189307,0
9.21785246108186,4.30393641714931,2.5221261046329833,1
0.29413518200019806,6.7156655566565915,6.754384157747126,0
7.579195542553413,3.9948424281655304,6.0190243381037,1
6.105035992749488,2.8927186734232277,9.749141083165904,0
8.661186179911546,9.958709809791463,2.615352604709995,1
3.3124560495685595,2.53899310036823,7.401695370155129,0
5.952573108328899,7.280988232917053,1.308734288550979,1
5.217362174908371,1.279200626507363,6.791358637917222,0
8.70632931993119,5.2682031369582925,1.4423822927552155,1
5.555843269007395,0.399099525768114,5.155882966167304,0
5.028400154171868,4.639354809002799,1.0190270614333607,1
3.106579321612717,2.9140133975804794,2.6136332923035344,0
7.815558481134609,9.616278843576502,1.092405600438232,1
1.2292025846406895,7.506497903275598,5.774778218058556,0
8.16153023645345,5.407477067936627,2.500793009875073,1
2.9932784920806332,4.8376879445026475,4.898467503777532,0
8.930368579712015,3.512030362077747,3.599670307274647,1
1.4071130239594953,4.6568939392097946,4.749006482891599,0
7.55708200077324,3.2597728830368955,3.339776591208987,1
3.4688647094735234,3.9506166540552625,2.3984221598977484,0
9.761862161641345,5.436683685027867,9.438002327026663,1
0.923603473012975,4.39691258165277,3.508880810302485,0
5.957923848066082,6.897872197658357,8.43116293526447,1
0.22364090526275304,8.633876806679208,8.659113879157665,0
9.823865027921824,3.732893808164195,8.466874808137222,1
0.5972620569671527,1.099644516746281,9.857704221298551,0
9.347153287423726,7.632068966975628,8.371215680115538,1
3.168752789756062,2.8578620402130115,1.1014710383482529,0
4.82142005137554,6.100508056297892,8.33939301858438,1
4.819277399970193,0.0658780848594831,0.4114988151617782,0
3.669116814729767,6.1142333895149195,2.9406640879144175,1
3.4954972296104057,5.578566952208446,8.863382984634319,0
8.927682271930307,2.925329457942846,2.227313104586793,1
5.9119658416220275,1.3594298884954836,5.03767399707371,0
8.154794663534206,3.8055331982573772,9.465852170288203,1
2.6566407096396594,5.8864310438431025,1.249859447709164,0
3.8352082475617824,6.286745844004753,5.194348240872982,1
1.8859131828173425,7.381315063967378,9.260905577372116,0
0.24924899451579163,9.442993198342533,2.6043764361255253,1
0.6818046035212311,5.284026273060668,9.653116289838673,0
7.60213536715216,6.148874770036042,9.10762631829579,1
4.07889406116464,4.579186837623411,5.530518733159571,0
6.193537153172417,3.677970428326318,2.8932931752490654,1
4.773039970558317,1.6861692460606148,4.1385672727056955,0
8.48525278059186,1.338978482804859,5.274429048792667,1
0.7880123841747932,0.404899010202745,0.6926975934713564,0
7.329885203171617,7.419036598758721,8.481271050714174,1
8.368825395200602,1.0070032630510428,0.5912723197988734,0
8.771215684119815,8.41852529885857,3.092507841454175,1
0.2553253165150693,5.551679280645581,8.911497168498157,0
7.29421337657813,5.757712379182122,6.45774806216105,1
0.5021044706890432,7.530395828415695,2.4240335053883943,0
7.974916510888677,5.252188128743862,6.348680226735461,1
0.37264407152288515,2.454487581116237,8.65927236908899,0
6.535804638881978,4.417365592158436,9.10709110386667,1
3.485785625353653,1.2343773027146254,8.206559842906904,0
7.725073276701817,6.260014002940676,1.1798639130896893,1
0.9944731700724363,5.112311984642942,6.168545743710755,0
2.69024129102283,9.121549386167274,2.819712180364257,1
4.998540206787668,3.5739581436979293,1.7401355327474355,0
8.983688790623102,7.086414726605047,8.895620240720959,1
1.5034496556295607,0.19594617149902405,3.310514807642927,0
6.065965641250415,9.5314556971762,9.30404662101435,1
3.8518069421761156,4.874625807913886,7.762749204768783,0
9.863840231120822,8.912774343855132,1.4752477296307576,1
7.0142602444552455,2.0264164836624046,9.030760759844492,0
9.297941159693462,6.281265163087307,8.058445911427594,1
4.680665394637028,4.722347038288971,1.8876272504647928,0
8.512389317706784,4.532362418794756,1.042222229110088,1
1.4240557238753448,5.828267080798785,4.382708098258305,0
5.774050646608583,4.980783342125923,7.592391048538921,1
0.020959304643064502,6.874605942769801,8.270258898821009,0
6.893582427116587,5.74710207369792,0.5930703897005352,1
5.221013626869886,4.053393562270793,6.366577455978035,0
7.285487166970515,2.9349999401122973,8.403919346889111,1
2.3453741227144653,1.2093070716594057,2.94055577377741,0
9.513793889088145,0.9033217550705086,1.3874547525316938,1
6.603027359610517,0.377780928962157,9.037709546468859,0
9.709717585511964,4.152590134879429,5.836476212491818,1
4.8453990409717695,3.5016133870963397,7.3637048829376806,0
1.4353737601001426,9.993888017953205,5.21762991574399,1
4.434883215073936,1.6145081538165729,3.3481397292349513,0
7.640481785905921,6.838247846047631,3.028021164501633,1
0.908056782816945,6.29613570383475,4.525843689171105,0
7.631578815254373,2.2013174338907304,5.491791358730671,1
1.1049751946178066,8.114972394095476,5.364561385529854,0
5.020551064467017,8.982470781899123,7.110789142392726,1
0.3164489676695137,3.122045648668521,4.822070023610294,0
7.098939598588695,6.619751653396165,9.874598832262729,1
0.5781798837895569,6.0616122076904135,4.0845624252976895,0
7.747958906703058,2.684807579036803,7.567933406099651,1
2.767868661742404,0.19942793797953717,1.3661641897246024,0
5.75152069467875,9.620839849461264,7.045587328752674,1
5.595273679100598,2.692424461081094,7.882842262549852,0
9.728373408779559,9.760830683958654,6.055815470126559,1
0.05622386688616032,7.2458873139163895,4.435248432252817,0
6.90513750820849,4.37284735745314,3.7065190091793365,1
8.168090853607314,0.9738608749334243,8.053616400217706,0
6.310966759755603,4.314924311015157,3.771186980351592,1
2.2234850450277213,5.304133543865311,2.3022031532460363,0
3.715466439582337,9.084375298834393,3.8255179661366325,1
0.9217717085511445,7.372898686336137,0.9919156375097371,0
8.946769672635567,5.593849554138782,0.41560344399887206,1
3.545062392176624,4.596746758711314,3.5341592164874935,0
6.667257161429186,4.567799335682125,2.8440767563473046,1
2.64848933523273,4.419196695465458,7.648332841576423,0
6.367762049476186,7.208788477150593,2.014905769989931,1
0.6985095262296959,0.885439461371389,2.060835894575316,0
2.2990799136388116,8.007978503343734,3.2414502294359204,1
2.2676688275848655,0.3753615435176161,2.1248755000598396,0
7.8633508559552965,2.908589810342339,2.5079720588216867,1
9.35438418273048,0.08647971276649513,8.174538316976236,0
6.949092884907726,7.201265909152984,1.8666182580228607,1
3.00949021143626,1.3882135957293407,2.827660423805768,0
7.760870590023611,4.89900253703179,0.5993079675635782,1
0.03481474371229809,7.521905402924216,5.677799365099175,0
6.3758977760443925,4.384311496214401,7.05882770627205,1
6.044724575092745,1.7480587428785777,9.905980359705644,0
0.5936511323535765,9.936264956423951,6.642561031124121,1
0.4202703595477242,1.732231289088071,0.6963264001351577,0
6.3530494487598475,7.439730331056266,5.159238062914696,1
2.41119653604017,5.287050206422289,7.6825818532539145,0
9.266510004501058,9.636537337350942,3.5598414589229446,1
1.8095754583568757,1.1966382308095247,9.671604914330052,0
6.615430273591435,9.673218455051522,3.8673814278582053,1
2.878746050995992,6.45001382635165,7.504704791755543,0
9.206336142763016,8.715724360253617,0.9371258332372756,1
0.013976802337876126,6.432576157133805,8.799756641529799,0
8.361845802503503,7.9150464461349905,0.22716156806418475,1
4.971404919506057,0.37338770002289245,5.194235397036248,0
7.3616142289261886,4.515557488696105,2.968257204311746,1
0.16547029725954232,5.189301067414821,1.3315636250165552,0
8.586349153480482,4.89339448297298,5.990231459311555,1
2.980624499609097,1.329367932776172,8.371952620058284,0
8.228408932583466,8.031692327039723,6.758940247152622,1
1.1633633401704857,1.2609085982417378,4.413409309621077,0
4.534702669344375,7.6762134320180975,7.831768923157401,1
7.7693058216928845,0.35450552152497705,2.1380037804209717,0
2.1929050824650975,8.8877016831656,0.9966470134539596,1
1.8363428257509051,1.6491887910789704,4.974629853426478,0
7.47892500720921,2.09630707974667,5.51440770477609,1
7.527626076491133,0.4487379494151966,6.677714903470919,0
9.180692009953134,8.088803540469337,1.5858620407906687,1
2.2181597084405524,2.5525916606838384,5.728124965291956,0
8.30274195324651,4.738734100648612,3.9949000797764542,1
2.4588440263459055,0.1418102362110063,3.221036679351814,0
3.4727836536584586,7.412250515666337,0.13672984078780814,1
4.3222638976036585,0.5733256668038533,0.4635850214212034,0
6.569618040123087,6.467384106610503,3.8051836206945233,1
4.956108719669369,3.165987408862513,5.692432818371499,0
5.229332161192724,6.653331316780581,6.092307713036114,1
0.22803994794339588,2.4751540936866903,2.0758403800530334,0
6.496749796026463,6.449940006768847,0.8493412142452728,1
4.9348487427848955,1.0285779447024568,8.176475454621116,0
1.3271911692905813,8.539610586452982,2.0603452325800156,1
3.0291466834018985,0.7967307738405538,6.425575019895956,0
7.128353155064799,6.081719827968991,1.6961295559443457,1
0.10327961843810463,4.727253550953273,8.86735589932778,0
7.771804000679729,3.411191861868461,7.545218463239531,1
5.453994057902644,2.139544135088598,2.975559251277927,0
8.967248156559348,9.966761961334766,7.038093312596376,1
2.2549537501248973,4.2133269781851235,1.9274863773266693,0
7.095394726487272,9.852845752201258,3.339689788599717,1
4.185314050118181,0.6361858884492266,2.945033353038271,0
0.7201153216146716,8.882470402430826,5.388798976650005,1
3.7290914547399323,1.0849150548842768,8.139007669640488,0
6.408379621788837,7.293880360060394,2.113523936175837,1
1.9480962577107197,4.239326782936984,4.493885622310728,0
0.03922582723775769,9.749344198293914,6.957556578508547,1
4.24315950492502,3.1579812935330533,8.879235802896966,0
7.715704837533643,8.615261729918407,0.389884477518897,1
3.3537032758255645,5.196404777662266,1.9541886322545576,0
4.437394154842465,7.738915729591813,6.1448573380555604,1
5.512822929513662,3.882700474029922,4.076055303967455,0
7.950728738922646,5.815060792375419,3.1760299842416773,1
1.4102979029359086,0.13653088237687183,4.290197473860227,0
8.152590929313368,7.689598725498135,8.3343733406399,1
1.8730406886876494,2.099074725232073,5.731396322576115,0
8.47212903516453,6.299852969015001,7.472767851762422,1
0.5601043461521382,6.413724863944416,5.641332205676887,0
1.7657790852941735,8.707423577496519,2.615683320953578,1
7.528224031260207,0.5491054559037745,9.119581680316571,0
7.447199287873756,6.668139042236802,6.471537845743308,1
7.332148882229972,0.6488435642841572,5.793854187979983,0
8.930894974567225,7.781285843654166,6.806396028277806,1
2.3294212097955302,4.6306485019948465,9.6733288027805,0
7.87044523014221,6.529854169839555,4.593302930610586,1
0.613871207478347,6.803048511483736,2.3498753253380666,0
4.148760403292439,9.493605234186639,3.1420142559128337,1
3.021956587709197,4.7640192797355105,0.38715567482065283,0
9.144762419668544,7.9633683115983,1.1884588375803773,1
2.5047985709075125,4.379393432555947,9.058547252572941,0
8.458423062638929,9.217421460803706,9.72275729440224,1
0.9959947472524844,7.0096491391354725,2.9391756510584797,0
9.592682925772259,9.25846262511795,1.5198290325935448,1
2.4338804835757344,4.459801698345645,4.941057711361925,0
2.851153925844121,7.960884946382199,3.4367334825425666,1
3.672623675785258,1.750458178023997,7.837803630279144,0
0.2035054695564409,9.420331490846607,6.345824910098576,1
6.238500634813603,2.2748505190339294,0.7046340703713616,0
5.343967701774988,5.814643709600861,9.801677130575472,1
0.008050295331952784,5.41259535924238,0.02118785856178751,0
5.155980999133934,7.702805807275913,9.316732041380014,1
1.27987959363974,6.138810100332325,7.03895460521705,0
7.053133028737141,8.136412176010872,9.914303456679534,1
2.8020515973847115,5.076882390728037,5.202846939951817,0
8.361626103521791,2.4125319961344136,1.9958181216177306,1
2.5987674752804333,4.883972120002458,5.170929597254091,0
7.702541341954654,3.8102958887275893,4.5222782727391255,1
1.2959910274911612,1.6153576539857906,5.931880070278171,0
3.1070799474530553,9.63291726290416,5.455584720609659,1
2.709485124971296,0.24943219269750183,4.448782260718803,0
8.861990521192892,7.511417139576069,0.5956403545210143,1
2.77730725132449,4.493611961700986,8.999107828221293,0
4.002056812375621,6.034694083149952,0.3606274005331567,1
6.0836951770070735,1.8310024181358175,0.6300959968303388,0
8.169185236278405,2.8897973443006606,6.242306828088519,1
7.592813489183986,1.2314324709869462,0.28563516099440966,0
8.993869471918126,2.0208122337282863,3.190660563062997,1
0.6982434574291996,7.306818511144099,6.058285303431415,0
5.571829367124685,4.646663618321881,9.300105381841673,1
0.5195281821230135,1.127341021613667,4.6426234165178535,0
5.899171736950036,7.235281266190406,2.839381298660457,1
5.662842283347422,0.8486199030145858,3.8712925555042945,0
5.787057369209743,7.825503903204552,0.23792327517432432,1
1.6339627875566531,0.23918149442411774,4.0302804505233585,0
8.310385294882614,4.716586860937885,7.645889947233599,1
3.1793427985269,4.830098893535052,8.973599190731262,0
8.74642471508256,7.314741820525939,7.754651259759582,1
5.250801137555769,2.096182250168519,9.886085004888102,0
8.587108798514189,3.220426203153437,7.8485689783798875,1
0.2823680455780453,4.317022540916284,4.273834076718103,0
9.708538495980868,9.972382390233012,0.06493299827162402,1
5.927757676539968,2.4960815989909477,5.982708361046207,0
7.675980555466938,3.9715471629687435,2.5212326460427645,1
3.143516638857633,2.433385296951168,8.172843600087026,0
4.126327602410966,8.626498826266431,4.818567805900923,1
5.166215801676369,2.306761187205094,7.130554572553663,0
8.742860977545241,2.153413002605814,6.982558692272747,1
1.6363463603694062,6.722958185554326,4.7763757075123925,0
7.807626047018791,5.165917860910843,6.450320280470231,1
0.807496280793526,2.8699343122458942,9.576630410076843,0
5.591176536309388,6.256670163996917,7.768936618734862,1
7.120065190332494,0.8111375729907222,0.8092196376720329,0
4.304514814248805,9.284406559570638,5.120199982418066,1
0.2639788711094626,8.763517832128606,8.36712861929273,0
7.562053823062743,2.2722167304321097,9.596800869342974,1
4.164354587924613,0.5171579388874781,6.003543387138791,0
8.269552091510686,3.7868213895332903,9.214455301306685,1
5.430165270033206,0.10147636359445045,5.674744808908122,0
8.553048414972995,3.596584273415566,3.9612103636495064,1
7.160749444652569,2.037473184742913,3.852169298835891,0
9.987239849615689,4.255032550112131,1.2994275856702286,1
6.068730466841334,2.21437577583826,9.562697953897324,0
9.915770805472231,1.949419376600603,5.17428683787469,1
5.217278466021157,0.09135500899392635,0.9421303626860178,0
8.75418326286595,2.4568776031629302,4.306983951860809,1
6.829504225833286,0.030380706780422928,5.254056038121874,0
3.3884933011450427,8.537001567622296,5.368031282199501,1
1.1596998906050027,6.968455755941468,9.302074059887763,0
9.03494083809634,1.449862129252223,2.5500225265906207,1
3.419707749201862,4.597429351796148,3.8966387188643328,0
9.873354364649519,2.5407219645616586,2.224216112591766,1
4.36308130415342,0.1703385864112983,9.37408379703697,0
2.47874023479799,8.10785680879978,9.662158257054305,1
0.6667613717291265,5.107345027369061,9.278273418912903,0
4.75338513112801,6.767740739279623,6.132752239833259,1
1.005439034858312,7.078351346626803,9.044450382960555,0
8.34637889705916,6.345265802274107,8.125422777653515,1
4.827830413427861,0.6665281404883483,1.656396272062779,0
6.7018682338152455,8.752888420060055,5.044692632274238,1
3.5313601783146886,1.3638538478117712,1.2089114925234046,0
8.870461679364984,3.959189316846994,2.763583527087903,1
1.7415532765952135,1.3370317948474364,7.819969560914273,0
6.439799234929236,4.346539571360273,5.192127140645849,1
1.9876062046414034,6.862952829488504,8.903015025706718,0
6.969828213419387,7.188999304296208,9.327334915374237,1
5.048123557806492,2.322816477297347,8.930714090692382,0
6.88600044922516,3.641084572292673,7.754262418887445,1
1.4007030551991217,3.357166236682839,5.45563111772596,0
8.079752508442748,2.7378087161815765,7.810422266325265,1
2.06404465361983,3.09535563857398,3.0052647613916994,0
6.8253656722937075,8.173581521389146,8.495980813971562,1
7.817879756343519,0.7984231742107184,3.089495946577503,0
3.1888699593402836,9.021389301394397,7.580480271898874,1
4.351537672029147,3.1348947617265956,2.9221217315786574,0
2.3889332251570616,9.60943707913767,0.2475047047224177,1
4.906923547105524,2.0843512161733724,4.045853200193571,0
5.736533182146763,5.705728486961137,0.7806673942844355,1
1.7300841805320655,4.939211880314648,6.89968191219293,0
6.6639665005699324,2.909617688242776,3.2670620350060764,1
6.313741435947478,0.7236932304906829,8.13839333410551,0
3.967296695450747,9.400106383147335,8.935667868634754,1
2.4616409025689565,3.866911431323431,1.9997253897470402,0
5.261557523075071,6.278906705242515,1.647944952913999,1
2.7109539489244874,0.5996651696898214,9.27114650660831,0
1.5863287517896452,8.725292054378372,2.6197272249880053,1
4.6053375063262525,3.76364258201923,3.162620664526974,0
1.6217601072382715,8.976349803903252,6.60888909512116,1
4.917133952916185,0.23249621183011326,0.7777457045021074,0
6.315189256005819,6.4632407709436945,3.138312452095641,1
3.3790355321014087,5.7114332345652254,8.882322676365018,0
6.044575039891942,6.047009332281201,6.29076784521679,1
1.8333692755844733,5.250675915256321,8.553967680755722,0
3.153647666650058,6.8235779073853635,8.346911012432514,1
1.067762233541515,1.0434797411420649,2.1661121662398255,0
9.758287283247677,4.413334586103723,3.668794627185268,1
4.596413997086555,0.7211009003830515,5.591998830103386,0
6.781495471095456,9.067124353198068,9.169406733293286,1
2.7111051168616918,4.438857428027978,6.152988347612966,0
9.084648976694895,0.8193370797592392,0.5549966828675634,1
4.288128477052453,1.6558526878193192,4.97282742292536,0
9.867042381878147,7.312991481467291,9.771405185512016,1
5.242808075894489,0.20651630501779206,8.802209262466441,0
5.8587632965792436,4.0753728126606,8.563972314190666,1
3.0429580305952006,3.133514763849108,2.5735194267463877,0
9.748473670982476,8.052386561989408,0.8466239555087562,1
0.581651247387569,5.228784339520386,5.0963027118432525,0
8.797405237285691,6.889633879920721,9.587857916758036,1
4.999039241520054,3.7423771591366872,7.788857467130393,0
2.578441210079492,7.721763370952788,1.2922672988898987,1
0.7508844800803227,2.9605103093473897,5.253284694338717,0
5.783836415343212,4.182625291310995,4.28339556115831,1
4.508361906017305,1.9372056420702333,0.39890380655700497,0
2.842185633543779,9.891334778972643,6.187120163887272,1
6.845261030722314,2.4238507723978575,8.654744151138086,0
9.629736050393813,1.1311161542917914,7.9521908007428355,1
4.492727593273279,2.11994585604986,1.3081808801396155,0
8.863754383350663,6.232208913196883,5.633796246698822,1
5.680848485885789,0.49327526242361364,0.7482024196785875,0
8.026471869783867,7.283747858418277,4.796993568154619,1
4.16783099522092,5.12797289567815,7.104384786721349,0
3.804066474646073,7.7150996628638415,9.952126759278071,1
4.80938169633461,0.5567226149453408,0.1732529730981025,0
3.7404415849048034,6.729246177760775,9.83723162854577,1
0.6756102806701703,4.881743362399233,0.7636439816135854,0
9.840090789216319,8.901250210289488,1.1408415869043087,1
5.89605027833532,1.5714537275245577,1.680018890713919,0
8.948591570425483,6.5192537985858205,7.803783685482243,1
1.820879000886364,6.054484599583932,7.567992676187586,0
9.938931895013084,6.007368104890023,2.7633337866765153,1
2.784635617910012,1.8519758936941721,4.837532964858299,0
1.6050191560507043,9.186841228282855,5.128851904564921,1
3.6738184888694003,2.2004943113431774,2.1704020820228243,0
8.2773432527992,2.1289397357787543,3.459739683786246,1
2.574962461382271,1.4573259717659903,1.165770846215397,0
9.929333833528716,3.263128598225461,3.1272073441067008,1
1.4685029164262209,5.722250250519533,8.066167318650315,0
9.967075131451129,5.132137355847385,5.091292469864216,1
0.4522765049679811,8.359719853828555,9.884748972595599,0
5.390036375515297,6.31858847471408,2.863295564780708,1
2.383960423696979,6.6659464470490075,0.8847620434385295,0
0.6912358025705079,8.986541886173201,6.97693516277592,1
7.317023884255345,0.2809105847116633,9.189445965959207,0
1.457158604591069,9.134952903257847,3.111254723633178,1
2.905867728562881,1.063301868214438,4.083263511673363,0
6.586767673460461,4.254473558596567,5.189267578226943,1
1.8474777295010714,0.005751082101691507,8.720452669175113,0
7.435042852572238,5.23915651998204,9.542256973204646,1
6.276854258154858,1.971094140238373,6.711631137872978,0
1.169842335586485,9.674066079996877,6.013805454290831,1
2.0964254924655004,1.715236537281647,9.948807063235236,0
1.750047563806979,9.93556542047102,6.529357578784051,1
1.7888103290043689,0.6671716362953428,4.898381123014449,0
7.163300169046185,3.5846643653462653,8.171747392560775,1
4.149251207274513,0.9658343070765396,8.19387427381579,0
8.783118956724213,6.083028135532561,0.3178257886381941,1
1.4261079210914251,3.6398627809551396,5.269757439858095,0
6.7658164494328865,4.879367309900959,6.278630152076804,1
0.9140131997314593,1.8483990612423717,6.533640632743568,0
8.073776978896438,4.562006664842878,0.6549757889109942,1
2.048814242060615,7.053213164978621,7.250400476926525,0
9.925098495541055,5.445759244616919,8.658063620830053,1
0.7829618601778421,8.25969818653916,1.8896346814152787,0
4.046090347940433,8.840713181965931,4.575140026239629,1
1.2676911338463825,4.060496578686937,8.727168250255188,0
6.653249134235174,9.379917876051573,8.659928492158002,1
5.323884937574571,4.015338756830893,0.09283370479353015,0
0.8159975555104737,9.553675942886642,6.3370801291627235,1
8.25118686024774,0.9334686870977649,8.646443061342403,0
8.328060093984648,8.783904182862575,1.0526451526797642,1
0.28461461181775727,1.0617773312350154,6.694748137033728,0
7.740129071743319,8.065040639138108,7.882130717778145,1
6.289762895382113,2.695677583509437,1.004837537743668,0
1.1646940146553886,9.597990068957236,8.998883031044748,1
1.09498237244682,5.1010086946607345,8.355467332019812,0
5.820444158105298,7.839783209897554,7.254102462531686,1
1.2262744559486127,3.0374176364088346,0.22389042352826793,0
9.81820379677987,4.906375141654275,1.775612563683513,1
1.686142875375568,6.074740498353789,0.5152534269045805,0
7.241518233503562,8.412591810070557,4.1712839451176285,1
7.064573748887027,1.745760442223343,6.740828386519259,0
8.651436899595714,6.83101885737313,5.6196667571354455,1
6.284555337316436,2.1527457948279247,6.950063990031111,0
6.308997054900855,4.189951200255067,7.425759654185451,1
5.026371322382818,3.839274894230967,8.999356698096781,0
9.234696083431398,2.0421390326777713,5.948440102455436,1
7.708613461521944,1.779589113145661,3.0935047104062816,0
4.733139625196575,5.544676833784056,9.325707727696292,1
1.792708371929661,6.5235053706227095,7.197923485749579,0
5.78788297882142,5.694556865936312,9.723784187598532,1
0.42473414239211915,6.374264922462139,2.1931701056590978,0
6.496334150914289,6.024305929321941,7.237324566160776,1
3.3549720002935857,3.8484832232116153,5.039016385094181,0
9.352738685540055,9.194117742888723,5.4788403018909735,1
0.2403007666671353,8.526289849391606,5.2165055127832005,0
4.705808886382772,6.396922111164779,9.356778929823998,1
7.719679091076723,0.34849989308783136,8.782164664002497,0
5.87575565771094,6.169815638605023,3.9359629117181347,1
2.893840890840169,0.20038033471994954,8.73728645319303,0
9.400454941230127,1.6896164461615926,7.799166640087016,1
0.15054607942079468,3.21094450454001,6.230626347637539,0
7.806103838450266,3.948596608132129,5.69870329990771,1
8.68692213808658,0.3253668873650206,3.5531731704769953,0
8.549446755429036,5.848474244714666,1.2413713236390345,1
3.932243168115922,5.043553457451512,1.9991657321519951,0
5.472103489610357,5.967433679606521,9.197979814091958,1
6.5236710570454015,1.2707978248354834,9.667793579558227,0
0.31416409780821386,9.539380143619098,3.8706941855236043,1
0.358053086038026,0.29758416074784577,7.0274364950288515,0
7.925620628431441,1.8835852931571495,7.384262354784715,1
2.15783371102248,6.070899889399888,9.418592668105264,0
7.035827863118853,7.184436216601195,5.7900026499753015,1
6.242644592876426,0.3861027523335392,1.8096784427127188,0
4.590012447275628,7.3850822646868695,6.454755606363644,1
4.694129301844452,4.6536846188297805,0.7472558158268272,0
9.64623077802354,7.956880314085638,6.503563022334761,1
3.0722964003105857,0.49443402540967796,0.2875552079267618,0
3.2663802989492985,8.707417409078898,7.597578921711017,1
5.132754575755651,3.2217138036082504,5.371152570526695,0
9.1361542757489,7.24809041747461,2.3395884246527645,1
0.8934134091611801,0.5366496518083164,4.628428933173292,0
9.982576315866304,4.350414142260725,2.7590760400147674,1
4.901050146098917,1.5733092996476972,0.03350820287310263,0
9.485034935798938,4.944894629295771,3.187501242509759,1
1.7622883095574016,3.437336101081745,4.474858270197927,0
6.85423270797059,5.3803761608710685,8.724670769364524,1
0.21316012524223327,6.618236842449154,0.5797464668705588,0
7.602122211632619,3.8691639780052345,0.6825537498544965,1
0.3715107139724083,5.174881330245368,5.921610847470311,0
8.274021004114418,5.824764787898769,6.694855692597287,1
3.252682562960747,2.6722105434157575,3.802522194330711,0
6.0206220222726134,3.801657217794655,4.343391521460722,1
3.019104259023929,2.6845140256374203,3.35830994487617,0
8.15052257882339,8.6995922381601,7.796092213670991,1
0.9223747092048207,0.5831827907136333,9.370840759465088,0
2.3764057471625977,9.54241403078542,0.7934381134836221,1
4.7430325704094765,4.239619220446301,6.205792110285323,0
9.001730750908942,3.5139098630617074,2.987259700353012,1
0.9759548089150427,0.5382458718904537,3.727898999454815,0
6.022263883056528,7.630691138377709,4.727543458593875,1
5.372749648764441,1.6286749402358558,8.696344919796314,0
8.934594969805115,3.565159025536766,6.81849991649411,1
0.9038007337256981,8.231103804696865,1.8498736863455356,0
7.04279770477825,3.7968621947862804,8.856732734268038,1
1.3311567891731346,3.726820914241349,5.057833131614901,0
6.927868800224656,7.8479188554652834,4.9491804347029165,1
5.8230006484329255,2.5734127396325213,9.953419167915587,0
4.902597910422029,6.2727938005951955,1.3011408906872035,1
5.7973626019032976,2.7360980823908743,3.2781192177819527,0
4.016219281952257,6.2065488860649785,4.987517085466391,1
2.8776699736728153,1.7514005802705135,5.980441741219603,0
6.185397406710278,3.6593887882611575,2.006308217622772,1
1.3816056357316886,5.551311445226378,6.394910249779011,0
5.406539790742574,7.702454489578409,4.8458423606252605,1
9.155070963082473,0.03474061385546068,2.3644391413302213,0
6.740202279532792,6.766675785976597,6.949226627508556,1
1.7707884786331851,2.59335517869527,7.61291079962251,0
4.240316000721868,7.666496255074669,5.393956324240889,1
8.807821730974542,0.059954909355969255,6.4553204669674695,0
9.95563886918209,6.413243355703809,0.3137383865121979,1
5.4883419668465425,0.30419737267990743,0.2329140314242384,0
7.483719540460607,2.5159618402270887,1.1416963024106364,1
3.6723874602918594,0.4817354573159527,4.112210608470754,0
5.823289948279882,7.825164830045125,0.8689953391552041,1
3.907607786619188,0.441552745586119,2.0494956033798073,0
6.848411855941433,8.051748231940008,0.5884322254361418,1
0.497266838007393,6.345908170319937,3.0591385193286125,0
7.62143467630163,4.097850497371458,2.4298248587409086,1
0.1822430371059247,8.092530649350499,2.7325395251253304,0
4.8414316663798225,8.212810980380187,1.2946337321319512,1
5.892550094447117,1.5991766080511316,1.3828968905755235,0
3.996310846691966,6.901873777556329,2.834032178483703,1
0.4260904974959645,1.786251112526882,3.5121235145300336,0
8.982734785335518,5.401184344154992,6.490369616346973,1
4.598243741973183,4.038529944273726,6.83838421930151,0
6.5329117683738325,7.216100784391256,4.207048556310403,1
0.5790979383711581,2.9720890800149236,9.176164390467012,0
8.238078135582116,3.8917316719339867,2.545168801048728,1
2.3423268862994737,3.9667551854613095,9.387777622471372,0
7.0299961386327015,3.5725385326765657,5.928108961681221,1
0.763527372261964,2.4198828805806825,3.2159180827646616,0
5.144123763502976,7.886802476018212,6.984850936257409,1
5.094149770500808,3.7991656890891754,5.707196481969473,0
0.8526993144774087,9.352489415344415,0.14025509455125929,1
0.6657719048437594,1.6548450914157076,4.269547249775547,0
3.2523144854448627,8.773029097442457,1.3055565395457547,1
4.034778527186148,5.093480303858757,1.6409556158628047,0
9.375443303110977,9.884670932230451,8.494308679919449,1
2.639162977067305,4.861091020268922,1.1908641160064015,0
9.603789535084717,0.2867339716975925,9.07406625226358,1
5.451698878003453,3.0237613837523956,0.9850065930027829,0
7.466334512427974,9.93601551623324,8.183069300918524,1
5.319624267920833,1.749915874241884,6.480662448512437,0
7.017931506335032,6.146523067100812,7.788087628101631,1
2.9503478439651443,3.1498028311441475,4.197183872557009,0
7.147944346653686,5.240203071628557,6.02344035668691,1
1.539156799508753,4.724568342685577,7.179791719942791,0
5.781815145811468,5.23599295148936,7.897417782786492,1
5.469739134312941,0.8358518807040105,7.86185494273798,0
8.309601066613336,7.309343636746538,0.9914187395042395,1
7.248644784426316,1.8183814803918497,2.07166961990115,0
5.322947315874131,8.079068921378237,3.1350747803948344,1
2.5644007446549253,0.9570734000416037,0.1178085203159418,0
7.871397759101876,3.0096972807711806,4.859644496193926,1
2.590540256587479,3.307892881633192,6.330513290538997,0
1.9484822993507467,9.900098093035128,9.24884205157719,1
0.02269555847673632,2.6375610388067248,9.978452204841313,0
7.907899047241026,7.659929360029121,9.0022336941929,1
6.965754139450952,1.0208926042013589,7.398879019867142,0
7.447138227509962,7.225665847679412,6.3001358563673096,1
1.2606873793161277,2.356244072508341,8.171853345601113,0
7.051323007067828,9.797829523762232,4.287491232022757,1
3.3707303944341085,0.6732440313805044,3.9798718115829557,0
6.481268237577109,5.058222106998108,8.161806551349093,1
0.33083929301894743,3.593593370162964,8.322733255399967,0
9.794988856344254,8.043686919585475,3.0531887282443604,1
7.724665653767312,0.8212233567958649,2.0680663848123713,0
4.586542650964934,5.067390194814362,6.776420506635472,1
4.46338555987343,4.369188619291638,6.5711290593487925,0
3.8997948881472135,5.9249709749080814,1.7038459318533616,1
8.341921132105059,0.38870983667399384,4.610482285164665,0
6.6538903822316895,6.621024353529044,2.5906514712306383,1
0.8083640797944447,5.451441487083359,1.1358579837590488,0
5.201779745260642,6.908712658771261,2.360603901486237,1
6.91422820622758,0.11504492421338774,5.658404242598626,0
7.724262019863738,4.629450093049776,9.594280072504786,1
6.093686932742145,3.3883635567943915,9.057234792748357,0
6.959398642269168,8.440577680324951,7.556129253629607,1
3.180226759069905,3.7375612203052366,9.339264799561182,0
9.309619845148326,6.883833502607387,2.7712709968113614,1
4.619776881594841,0.4446520473171034,5.531213658959729,0
5.67873221196442,6.011008869694368,5.182619800183051,1
0.4141137379514881,6.543499259984782,8.420586408823784,0
1.5248805633620344,8.30045259794055,5.222864419769114,1
0.11135411290385533,7.431440660991873,2.5443856350654146,0
6.885480723268578,8.461386095863379,8.577224117960972,1
2.4721261270065265,2.3450984698745856,4.011634561977189,0
7.934697521707924,3.079968055706047,8.823262452485922,1
5.971509992744681,2.3843568414134166,9.412990235544376,0
9.051217109277763,1.247726091092154,3.003470913467763,1
0.18750823900387403,4.136610504523489,5.398111360744332,0
9.443696317032673,3.325336740108331,1.7137140121776717,1
3.778807570076922,3.354123783189775,9.172390059310876,0
9.367966405557654,0.7233710956778017,4.82003779077866,1
3.6819970825738313,3.972165480809726,5.578332211398891,0
8.726294086679362,1.1693390468835163,5.488058519473618,1
1.6929570000176897,0.7066758810432405,1.735757964483462,0
5.841375945454713,6.9062987539614795,8.41051319173161,1
4.003195072402454,3.1123275469781997,0.05504329105617267,0
8.320310292229609,5.406540609794549,8.940566455103582,1
0.8370241395211786,4.4543514883282125,6.303182393904944,0
3.1557401345787914,7.835019987717029,0.23667021394794596,1
1.2880331248820776,2.5516784978096183,3.0170153130233777,0
7.211347656178484,6.096317576289078,5.892318524848631,1
2.338835397870601,6.2629804347750815,0.17980055284744112,0
7.976087619720689,2.5080115811373105,1.5072120683354662,1
1.7676525555310951,0.6986441687721634,9.948407169708712,0
9.57170094367137,8.853441024779643,8.651337572970853,1
5.172891415050627,2.567620660847342,1.5135020909240093,0
6.806921063927715,8.590257912036362,2.442742654163701,1
3.5567199052124443,3.9466643111830857,9.516253858153293,0
9.66293082969471,8.746515052932896,0.024474257370581398,1
2.355199348386212,1.599325027591767,5.428758115041857,0
7.265961071755635,9.545962987632867,6.163208549020998,1
2.309752120995434,4.672387378240827,4.021360935495563,0
5.389269886404435,6.637377678553333,4.399581338391902,1
1.451380168717361,4.1892516400349225,8.256922959547044,0
8.49719405221646,1.1210560312730333,5.7448613166234175,1
1.4937774631602774,1.1712997594987085,9.52061735635664,0
8.095550094588344,6.9175532607903865,5.221198685757333,1
0.7905224133524036,6.425270387413856,0.7448003859949215,0
3.503697463414194,6.570173792342243,4.112430372341179,1
3.105129262260683,3.92587995487524,9.70993314309657,0
9.101560021416184,9.40154694791993,4.758816944624273,1
2.0355031132439514,3.8874543247702253,5.025914195741955,0
1.048873809381401,9.86883700448249,3.2453813519135,1
2.781557059470643,6.158278135639451,0.68803226082783,0
9.950202263220476,9.374863114567406,0.119953182642063,1
0.5677057802912744,0.5777247686596421,5.995539057205505,0
3.587601760779874,6.771940011977052,1.7093596552759727,1
0.8603870894454713,2.9812847594006864,5.586171568522529,0
8.044214194447129,2.256334692607088,6.565413412687866,1
1.2879362367928193,0.21230696275730598,4.841898591751131,0
9.161216943976388,3.0521337933647597,2.0506778459448407,1
3.1643438024424784,3.5291533902858907,8.78529964144072,0
6.9075094605249525,5.5780180904712795,9.334749444921055,1
5.7747303948927104,2.693972710695215,8.565233922986184,0
6.880777222032525,5.347763106962134,3.3955938131751386,1
1.969342309651052,4.510217560314713,6.406019145004757,0
4.404969221815,6.329344636263622,5.3924015529378755,1
2.2547826084091662,0.39905837125619126,9.135331636549521,0
2.966602915726444,7.324240259904191,4.637446129399516,1
7.382089531461599,0.8304003660124237,9.512498404469218,0
5.046885846973849,7.263427140291363,7.8061327453705855,1
5.826876254365664,1.593206517756095,1.0907672193012397,0
4.351328945555673,9.773236314313742,7.830657192297354,1
3.15449966394562,2.6925760430896784,8.935566757393042,0
3.3920640501572255,8.884296101363825,0.7085666055725393,1
2.7397688563115317,0.19791892781366505,8.794911334420606,0
3.1165162171184466,7.333380233057721,7.423317292984777,1
3.1748346852185305,4.344565494420759,7.623229510040473,0
4.545159161266232,9.722647004118016,3.3076611255030866,1
0.5046261575454491,1.6445965522365003,9.403285017517804,0
5.503289804611537,4.479510855824675,1.4777765374715535,1
0.7518047238678705,6.029509677020477,4.2532981961883305,0
5.553304303544763,4.719339188866995,5.521730643382386,1
5.061274690537539,2.715712169648116,4.975592342326443,0
8.834699603818692,9.691641273310111,9.110034739567716,1
1.9137066932453306,0.9916191818847209,2.445360748381533,0
6.150477681611121,9.769474902898628,8.624206153438953,1
7.701508784757603,1.7964104261164093,9.328643925292115,0
5.986092964914105,4.2689601635815535,5.121898915333905,1
1.198482388830927,2.6244009335635954,0.19935119339285934,0
9.23544014536047,3.7053026270861333,0.5184654991043547,1
1.9612223018278874,2.850166451986956,8.239950391684495,0
6.3088937919417365,4.527706304827613,6.227140559037916,1
4.284627239324893,2.4854167220273213,7.3393547392877245,0
9.861503201681906,6.723472846895538,4.029672568928865,1
5.108799159582239,3.9928869322722105,2.3108736742806624,0
6.104549432463862,9.419666637394462,5.818685151166555,1
3.427399801972734,2.7421982624345542,0.6808980124264552,0
1.2059326296532524,9.846497483850843,7.860870789878418,1
1.3849322618097493,7.017024116351641,1.7030785434883988,0
8.295141641464493,9.768734965108832,1.1884185311064688,1
3.979379787265552,1.547168836933448,3.6668918644835538,0
4.6920887054394536,6.484483634061533,1.3321237398147234,1
1.89571269019984,5.180885196856019,0.27271766108312057,0
2.702636172947428,7.82211688119479,0.6032157091256563,1
1.8536920815774105,0.49498336035723955,0.36095103733854605,0
8.567991798157744,6.957057646818483,7.377297438609467,1
5.036486006780442,0.41303889348650147,1.8005878031315448,0
6.81001716247653,5.036975978885704,9.939854438132475,1
1.372792553024047,5.553308197539993,8.427087190170703,0
2.837772327683851,9.862706314617238,4.880095340703804,1
1.7691453293359383,6.261735787742401,8.445316302161562,0
8.177569926294563,7.458990739520398,5.905496993289803,1
0.7275862551599299,4.97135888617162,3.040357703136687,0
8.428861586586114,4.8546273723548286,9.343893223045345,1
0.2805708375911209,0.5915344599036221,7.9456136279180445,0
2.4557270343612103,8.461501367980851,7.209732696859436,1
6.939773927681764,0.5829936190576634,6.099431418723782,0
5.709158806342528,8.462569713450147,2.058978803783873,1
2.086580248558904,4.870215263244269,8.231665068867283,0
8.42809346533809,8.027510402240738,4.750155999520609,1
6.84448603178283,0.051503902417550096,8.039443228105204,0
2.5340413243471573,9.107232198438735,0.3226622583768668,1
5.387207859786624,3.6655277682167253,5.236402383759128,0
5.165202416677245,7.577709777148286,7.064962832493027,1
2.8516239494564477,2.1793929824242673,8.382820251383002,0
8.63207357191125,2.9103908458586347,9.246621008622753,1
1.9908274310116736,0.9677526707063799,7.395985626063823,0
5.27089702024946,9.376777201641497,2.0287631676535076,1
5.018173577031247,3.2990545762386514,0.693561671060996,0
8.819736082174844,2.9484833621063613,7.1032400727750336,1
1.348170324446063,1.087975520932657,7.869342842627606,0
9.2924944992132,4.876022668541408,1.0662934956820458,1
1.3300615177837083,5.582968593149219,0.13333595570940826,0
8.264466556151328,4.581880858572203,9.384861489274957,1
5.5129860871067295,3.163133083762167,5.8171255446989125,0
7.693533829388811,2.838994658502184,6.126026539388975,1
4.96709434691327,3.1007550180624333,2.876906582815529,0
6.32318768176943,9.105766389640857,2.8477685657849183,1
0.565307636387441,7.5962413674483376,8.319144027263427,0
6.58893738888953,6.38851427456078,7.480899364652983,1
0.16996462976727744,8.272379206206674,1.7130867287353624,0
9.99327756066556,6.927684575288847,5.306751781008565,1
3.138831765639618,0.8945423082162041,2.4447782601879906,0
4.978861905278289,7.637273918061672,7.64784436767129,1
7.878488986759012,1.4606874005856796,1.3663908401003455,0
8.768285982933985,7.487623226889144,1.7899183976408406,1
5.051258288677097,3.2206100455476783,2.972126915004565,0
9.860961532592347,5.798320824691966,6.450234065787784,1
2.9279984991593833,4.1228682470287605,1.8020392232270288,0
8.812309644247934,2.4245446835025897,4.313592442037089,1
2.683018139357886,3.202206680861499,0.05909907918531743,0
1.8287577716684178,8.309082704762655,2.816206733830162,1
2.9565638271994787,4.94525639466728,1.8567050399271712,0
4.707513745425853,9.021062730663516,7.86909397685601,1
4.121967473415358,2.2689067791321884,7.974020056416146,0
7.729057737397463,8.472279970386671,8.951812678177745,1
5.339400286959646,1.2566049538695434,1.280140566625917,0
3.335173803857372,6.6762430612516965,8.49244329026576,1
0.9104127116002225,1.04019208819783,8.669779035466158,0
2.8040827072543992,9.958840652574638,0.5312420861665745,1
1.0560407753203915,4.140993561412865,4.196728165155088,0
7.699882544816992,5.417671666335059,1.123690352623351,1
6.34046925512348,1.4152386953197582,6.847794859707502,0
9.098545462453425,6.46729603300858,3.6797321629574196,1
0.804102744853703,7.899795072693163,4.116962425464521,0
9.044405113400847,0.5569091674752413,7.344795121813643,1
0.6340166113408552,2.4290024718597234,0.36048890555308244,0
3.0697809399239517,6.930093350886931,5.907212151247103,1
1.9068038731764914,6.975229420665826,1.42531388186938,0
7.591941628368355,4.006814137733251,8.21973976952102,1
1.2159347046829494,5.938767048113829,9.04875876735892,0
5.797582966033553,8.939343443139254,9.79172479247152,1
4.856245158810212,3.9605552686517944,6.136361705858625,0
9.126943030307604,3.0469977253243394,6.163108613960623,1
1.7503472351190574,0.7355516598839307,4.768786067485232,0
6.193043563657046,3.8439955374474453,2.768768812489817,1
7.513966677864408,1.6299677352028896,5.358638222127157,0
6.6158271503850745,9.02508977813856,0.602965595259698,1
2.9834783331051917,3.59588448494208,1.108532813190145,0
9.64386456882489,2.2117779126138637,1.8938043283297534,1
2.6434953232615586,2.6076871573404157,0.9014585152149313,0
1.7118256198623572,8.687657838508997,3.6428959692705476,1
5.002569100557006,4.494162196463421,9.12019155202622,0
5.142419404681892,7.168859857717264,7.988995125976603,1
3.189487730201579,2.6189798915843587,3.041938882317509,0
7.298401687959421,2.4903218895556636,9.41073207074173,1
2.3602974566263866,3.8023472323568255,7.3391541511702325,0
5.723565183684718,9.426399112850167,1.20325018457905,1
0.11260105728039815,7.850991031202708,6.0956691070490665,0
5.242659686050539,6.582969415667454,2.51312295053017,1
1.464100997277381,4.759251703275195,0.10832515332463877,0
8.976026343935859,9.365384819530442,2.354131539090435,1
0.9139479709001408,1.1006391493238699,1.7453288015462365,0
3.892279078096071,6.306480231548283,6.41520348478858,1
3.6363351247331375,0.9802777443308142,2.549188142156913,0
4.054347068243047,8.833451519435306,1.0365912803904198,1
2.877513060821315,1.5266079551888345,7.537694024396052,0
5.331307130497134,7.104101329864917,9.577450164648344,1
6.947229819830179,2.3131048668457757,0.6396642502336014,0
6.210632986860936,8.734012234949383,0.7361833371888549,1
5.107724914350721,3.1184694023874107,2.8944834798357757,0
5.673361152858593,5.95526225319329,4.412261963820096,1
1.5859332585012487,1.1061855931232767,4.235733253430714,0
9.57590255308252,3.2597873655612264,1.4880518857206038,1
4.241541695287658,3.4403901126483536,1.6332948277518988,0
6.695320278967696,9.78450419973355,8.452107296552485,1
8.543769794785213,0.11877868292519134,6.106081373123922,0
3.937078996076063,6.328220423202904,9.66542720995969,1
0.8696685956542904,6.706992183287742,9.386554866691663,0
9.534927036921115,3.1731238192270164,5.153196810007957,1
4.796333201505865,0.26556043280520414,4.132566476323829,0
6.175308524924908,4.489395253517702,6.2874073528022265,1
2.3360956938289434,0.637391259610165,7.565943215163363,0
6.073012613125962,8.448090024642802,2.643203656484637,1
6.895529618997564,2.384883065414547,4.1750322682776,0
4.8507576040870255,5.536882715503715,8.493255218876175,1
2.3693209491437264,0.4622419677319811,6.22651704815718,0
8.783963856904785,6.411638924905718,8.88156450385914,1
4.641012038154072,2.5166246745833853,8.132292354905509,0
6.609033041445244,4.998725927416268,6.382574040562873,1
4.7140018753207364,0.6320189911823582,6.18266343654498,0
6.631410932320325,3.791157124085994,9.271976620199059,1
0.371655584286128,2.1525282644452925,5.7178250030943385,0
3.4817659742981477,8.570354950411932,9.723734525925739,1
1.9016111808124658,1.670348831555608,8.458686337142353,0
0.40810702787037134,9.847938070642016,7.331786504132809,1
4.354719575771432,3.191823839786098,8.804861529846558,0
4.894347080438161,9.426261200271458,4.263947925311712,1
1.7030009301946192,4.2566855660209875,0.6269101448077397,0
3.712724146593349,7.745275928279388,9.4670652933886,1
0.29419283610226277,7.355589403738324,5.613971741515797,0
7.725953165775236,7.457708273192484,7.657188586025693,1
3.1057076169219533,3.724828733462602,7.693859046039517,0
9.114012128255506,6.791791664919665,2.832703661848126,1
5.502244137863959,0.8680257099231992,7.583151851077678,0
0.11576164425542546,9.588803261243227,5.733965022431966,1
3.877046661319029,0.8103550610411314,0.4176816951977036,0
7.100173684762804,5.477814879259862,1.080501495488606,1
0.8776907131009171,3.720470245787787,1.1547877278445617,0
9.571427367305027,3.827161804683452,8.502758207649983,1
3.566410262478473,3.9564624290566908,1.2905630219744524,0
8.723786315865876,7.26854336316025,9.137835401011934,1
4.307866062251421,1.4848540598265547,6.030133498634314,0
3.26608851070483,7.482582739148064,1.30859633013801,1
7.071984060827678,1.0483331475479762,5.3322903946859235,0
7.279336225866395,8.106000578857106,4.00967328950855,1
3.8738100829000413,4.183707854450953,9.116824484746601,0
9.513095161392148,1.3127026975637213,2.8812367821956753,1
8.111572953156468,0.5845372244219693,9.687754762450888,0
6.178808196264103,5.626421339340456,9.17761440517904,1
1.8385715778500245,5.29147855988053,9.874934821768935,0
1.4166256445578385,9.492414202242273,0.02921168953560982,1
3.1752226611343417,3.0020632443872595,4.181979105747049,0
8.763410332172567,3.0522494865129723,3.868567634702722,1
2.094642956650138,2.191188732890541,9.394469561175319,0
8.800760058246626,9.688671720847639,5.499970391542624,1
1.1951420744949826,4.095426963342868,6.895438966430898,0
7.058002292882378,6.772641731258333,1.9990390306103334,1
1.8853018886042372,3.301764374763186,5.592566140635451,0
3.4667296069766076,6.45164887492752,4.038822420023493,1
1.3880336587932074,1.1082332111797732,0.18923148485224028,0
4.2276253862412405,6.814461489661065,0.810803893443216,1
6.79312669447723,0.062363323891567735,5.424282505945634,0
6.802539686673078,9.602478692449681,3.9310552578801006,1
4.345408640700078,0.32621428542449427,3.0673565426351157,0
9.385952844698046,3.6422491343431442,0.9944207905072222,1
1.648204545416565,2.8735754482769704,6.313379801977424,0
3.441706792689889,6.818051868570526,0.2617868140006918,1
0.6053749931947727,3.2543050448463773,6.694865827389515,0
3.2785234862293477,6.845164190422314,0.8496204377645866,1
5.984754922135716,1.454348603332557,0.16907425018679478,0
7.361286904843849,3.199283744211414,6.2131506410198565,1
0.9505447211751838,6.7731461383983955,9.85990135036274,0
8.36063499116404,7.995761081937571,7.305844177445708,1
1.112827434739232,3.5834976902227678,8.66084475716373,0
3.2059396981487955,6.347746565504693,9.76325257304326,1
7.124627614559401,1.6218232507836439,4.986136123755507,0
2.8091811159605373,9.625409818933262,8.9432768019106,1
2.9319242000381482,1.119969049388705,0.1775772128221209,0
4.711090497044074,6.6398977799436985,7.115936006709768,1
5.905665308005133,2.6024637423159414,2.4719336402974665,0
9.882423166997889,6.631898707035314,9.885774977706888,1
1.8150183382989593,6.592573488095711,9.926804600772966,0
6.252556300883459,7.073328979679811,6.109267189512121,1
2.521752950672994,1.4400644136230412,6.842059505438013,0
4.135729045544645,6.032983132987338,6.259903959439988,1
0.5544898369905427,4.028259119727473,9.133557413285088,0
8.22974492488901,5.598985432069182,8.604637650064827,1
5.115541616365434,2.0908464081214015,8.835126835532465,0
9.202522736128255,4.679194201172049,8.926036624580366,1
3.550071195605625,4.825290708403824,4.888414892517538,0
0.2285981281968097,9.6094838298299,4.353385213118106,1
4.709112137964471,3.5493784998229474,2.532986483606987,0
7.996101949774456,4.008630584180596,6.5040873414987574,1
2.6726529087207496,5.364086943451003,7.9594754832841295,0
6.841898050509698,7.365045582098544,7.873131733426105,1
0.2111254372074145,1.8121070243916304,7.982018606630636,0
5.237018805581539,9.378295726363692,3.4067129857710365,1
5.755994612802437,2.6318727922625573,6.862534769643425,0
7.010366703838706,8.245390137315319,4.056059353176112,1
0.2939643645175283,0.08814023141114569,0.06195512668198622,0
7.283331641383921,4.675784532515226,4.275977020017655,1
5.093952708309793,3.587487529303426,9.677962242007098,0
8.452648940684888,8.948866632506107,8.264984511393031,1
2.968426161325528,1.2269717872272035,5.875657115638846,0
6.4129063704411005,4.838930179701314,2.0262494878557358,1
1.7839896673736089,0.8499656880963891,4.125583551408802,0
9.383286710571673,3.257154095702094,6.454599939480659,1
5.045798383168538,2.1865681116310265,8.33915484381063,0
6.331183857279479,6.154712907593005,0.9985073318610826,1
0.8930361404621057,7.623922981007324,1.1448079657031396,0
9.804135971074095,2.1583357756657273,7.773146215858491,1
0.4321496962121518,2.1923042548698835,8.163488463201627,0
3.1686526536046653,6.9083552483413,0.49163083161009147,1
1.6278500376881377,5.1867244264232095,6.954749904626989,0
9.176775668743664,5.936373674874192,3.2529441514068926,1
7.873112499467184,1.1808670022971035,4.452627421766789,0
9.370725517406031,4.172466916622311,1.0847867961504198,1
8.049211988180499,1.3269688280313807,4.317120356442485,0
3.9416739288156952,6.40760760930473,1.6694354355262464,1
4.417751986120049,1.2284022506941228,8.718818035800059,0
8.776015598564017,2.2218135886341828,8.1000983505826,1
6.426967609843121,2.3051040782466625,3.489905189454773,0
9.691040747110248,9.55823984142311,9.635942791666576,1
0.659397967123847,7.652412909946525,4.642331115885608,0
9.469891086179235,4.649684140350935,8.660748603928104,1
0.5285243367264458,7.953946912817194,6.244078857714954,0
6.72277277818512,5.637002390983984,8.153316774060087,1
0.3197826903137524,8.485894550962648,9.72114252258061,0
3.400355391233431,7.281301351790878,3.2924662225865586,1
8.299971169252453,0.627907769940993,5.205674891395825,0
6.734329738961739,6.022955338737019,3.9885082193433408,1
1.8392045398312606,4.091154367259842,6.92260379397152,0
6.532672325700099,7.395663875033662,4.110562407439456,1
0.5097959712836309,8.480964184084641,6.163154468539378,0
8.643827186791432,3.0872633616415923,3.0542742849741944,1
5.7548346337881275,0.9349440548027466,5.5692112964765,0
4.260066382852385,8.518450351091213,6.889032686676159,1
0.7292829077698171,6.898614156374089,2.4927589309422524,0
7.119177349305682,4.628448940745669,6.669249747296427,1
7.133860041099778,0.2092011642605096,0.4064806505058971,0
3.9541452919993434,8.659929663479916,8.885139812607644,1
4.765274877295285,2.2367114092688825,6.110093226170843,0
9.958457539133207,6.571964803715429,4.103851774982558,1
2.847951670610759,4.313195029230068,4.66928265789154,0
4.577402859390459,9.891064908131993,8.722103475313553,1
1.4117661282945382,0.7117026280232741,0.9271835537349382,0
7.507730407431593,3.872712288333916,7.40998862064544,1
4.8256731984841945,4.247644796839588,6.982636575550543,0
3.8487762564453467,6.598427945619138,7.018150940330139,1
0.9642761384490794,3.429764655864483,4.340918610935819,0
9.920002809882549,8.413644954675076,6.883287775781694,1
5.751536959832997,2.4064332538319952,8.508915717223045,0
5.722188753537697,4.626085336011792,3.9534320492677244,1
0.5066297185252278,8.275007997088032,8.356922336954058,0
8.752630822653298,3.796837381088305,4.1400310972627175,1
3.0202898628232147,1.7381433101968746,5.620941692769158,0
9.948322413083826,7.666103398163651,2.622952414223112,1
7.531064050664929,0.11368414908065061,4.6697449697454285,0
6.964422557202354,6.626628090468213,4.521631985513856,1
1.3187592354679056,0.5958048764385993,9.96332340357873,0
5.139064717303564,7.438731883408462,6.203845642426181,1
0.8768268523832867,2.2621354315828404,8.177505734711847,0
8.119796608642119,3.3940824407432393,7.525920240800702,1
2.7386420611523645,2.710452086213606,1.4142683337456563,0
7.0560613342480805,8.95226235837155,6.23653763761043,1
5.352936874184313,0.05959981448503515,1.2776796295870996,0
5.19383970297841,4.7320760632433965,6.510565753943954,1
0.6713844604753327,3.7775606626460636,6.5432828519252855,0
6.08587698267927,5.537928085310066,1.9658743868596629,1
7.555612900866033,1.5409265557084806,8.596526918211381,0
6.669032085554289,5.665911254757395,0.40311273969573347,1
6.2114390670361175,0.8579965997696415,7.351040935818509,0
6.712472673794884,5.164633994195792,5.6912744701513045,1
2.7130539344742957,5.314437232604229,6.660247974734661,0
9.332822353380516,8.086226407862128,6.0056288354527805,1
9.13594731669833,0.35238082091263223,9.044787749928103,0
4.097191123331131,9.419867000536588,9.257644540185343,1
6.312608185061819,0.3773330451105217,8.479450481585069,0
4.6081789592093365,6.187444352895834,4.509273012093842,1
3.55512323057107,3.032516118001425,9.482223383651487,0
7.831288946546343,3.127706473123766,7.658120853363704,1
0.9027276484275648,2.9044063151654944,9.786998933304385,0
5.381427977029495,6.309514552510274,5.863887477500574,1
1.2008708336178853,1.6862293982462107,5.793379389211399,0
3.9558066624996946,8.800165693492357,7.459481668490199,1
4.162113034659826,3.0916822230690855,9.467737544413303,0
4.94963158151995,9.292927687271797,4.569897614267489,1
8.216018445970656,0.8595416025366587,3.67131218126742,0
8.526295373608564,6.069886052586579,3.5720983989954433,1
1.7374641616740771,6.529455900978148,2.6710750780505754,0
8.760513213400406,6.2650458303637135,5.570279062946806,1
4.737940992083393,4.680763976879556,2.285272109395825,0
7.448688900747822,5.748137637363624,5.341071653894007,1
3.6763576504351403,5.207088572641064,0.817860510421764,0
3.941354216899372,5.752082875587861,0.526567765914081,1
2.1905829105652606,2.6239896162136445,6.5297559455044105,0
5.297256365255625,7.139506543186069,6.916968227375772,1
6.69300710707851,2.4339335524811254,1.5105529589542743,0
4.597133205789325,6.195474531455062,2.468699572048897,1
3.2918517108915557,1.9535290650655268,9.01658048723791,0
4.870352624307048,8.954595707667508,9.489209709678697,1
1.7313071533273283,5.974139337701412,0.33380535643285913,0
5.015030389954558,5.159474854340525,7.1356735936980344,1
4.364830196417494,0.6459763715183509,8.135181563620163,0
1.621512083006591,9.721742846822991,7.703004529389281,1
3.687937665151342,2.26808650159108,4.399795447160128,0
8.5037472011739,2.680200491294414,3.3057941235956023,1
1.2802771683439296,6.8640735531288355,2.291549837276199,0
3.5282417616322768,9.485939026937077,9.483953400232444,1
5.401764219879147,1.5721144768868534,7.263720960998653,0
6.0271637923287145,8.772534831805284,9.484913510328203,1
5.4267064232838855,0.8680070410215279,6.773412295466622,0
5.0013026459109176,5.050484347949542,6.996766047808677,1
4.880778847033725,4.346255917517935,6.819170510172501,0
5.455379844562035,9.784555666210041,6.152660930087127,1
2.1903314289762745,7.1979572524053115,8.529306533700519,0
9.460146572053024,9.166118313288862,1.1582723135953377,1
0.6420937710153563,2.6069803981025217,4.594475469838728,0
8.365456789185252,5.192068615023152,4.544453427485722,1
3.411525116440337,3.314057517566953,0.400085589264666,0
6.201079547257795,5.256695037281859,5.8594904297643655,1
2.4693680419260158,0.910785784479512,6.128368167549649,0
0.21671671288102656,9.38933654841562,7.2764582530719455,1
1.0437812599394025,0.44609863974933384,4.888978415744944,0
8.053176903118723,7.888036246105869,0.17044393506206568,1
4.163582781842667,2.0167874533049126,7.218465415065202,0
1.5950910769844107,8.371034810678873,5.361843255642561,1
2.3048374702542995,0.4949575665596928,4.838964245962619,0
7.253010266554762,3.323535704264576,0.03494549815290071,1
0.27002686407144094,1.803999961905861,2.906642490060962,0
5.471805891387613,4.814525762611893,3.2524612097005825,1
3.2200471550810192,5.1128980117925895,9.529660478350623,0
9.435964998405865,0.7885962714976913,2.6716369924384917,1
0.6496705897593713,1.6194541955580066,4.242283049582307,0
5.083608859449043,4.879608968318024,4.1515961989388925,1
0.3393564026625584,2.8158960709197336,4.901955366179841,0
5.11106382085077,8.979377312399915,7.260682983813832,1
4.6936937799540726,1.0898651374385238,2.1177594361006835,0
8.641206257905226,6.382592838964307,7.466489864338632,1
1.6704332185886683,6.474455985273993,6.374612077409356,0
7.63447872639444,4.779890042332887,7.572881125463127,1
0.25529226642252767,8.797954151599399,5.837463660617007,0
6.180968420590023,7.325264852164375,5.6325115828741135,1
4.36681094710289,2.829275642050124,4.91960531562433,0
8.201873654282172,7.67988666260262,6.602440076791857,1
1.1577375940430046,5.696300860913031,4.8348649258213685,0
7.347873038161649,3.0258711575198682,6.5838204526978465,1
5.349610145321502,3.3516409353677847,0.05057864987166094,0
7.236876416840795,8.274944640015782,5.6060891769591645,1
1.7381912330412952,5.492340893087185,6.865104626960406,0
5.182194109180687,8.902690720174082,6.301530979187796,1
5.01261665686129,0.8784137286825533,6.835842793141139,0
6.099114072143346,7.361823802021398,6.7941451884632675,1
0.1871174635530093,4.189958584222141,5.607553884257667,0
9.3899051544072,1.2836671322456883,0.5025190867344309,1
4.981890545321771,3.007376338536508,6.289778739340802,0
7.690790247974196,7.6251674154579066,3.974861657951383,1
0.35730846581141895,4.95311514111227,9.26711630631056,0
2.391843673601569,7.766115534241188,7.16110097675138,1
1.69304398372629,6.954322670162165,2.662117952727999,0
1.724073857105215,8.77521361023121,0.18595749798605898,1
1.1805686314650332,4.995746146449815,4.930263496054305,0
3.7840567988666542,8.655890927808539,8.666494107514875,1
1.5522484086858646,1.0126652436722372,3.0449437924898404,0
8.143029480776361,4.883096163546517,5.143931259609072,1
6.571683291022531,1.2106707680557438,2.0970262691733312,0
8.057356759600395,3.476876866866574,0.7630391033998374,1
4.902375379817471,2.7608406598433275,1.1157369759766411,0
5.746281312711398,9.244307196889089,4.2556766754913475,1
1.4452110220700154,0.7068589810652315,9.407644371177996,0
0.9212248138386858,9.699012087368983,4.4268265592532,1
1.282729336032814,7.952043114786825,5.435816988541,0
6.451456714202209,8.909451642727758,5.653710225828034,1
1.521568210496237,3.087619043568469,5.3858614116770385,0
7.988668170481281,3.675773246321037,0.716571263757726,1
1.293790384604524,3.975653818648425,9.21284209411565,0
4.121620877491647,9.883766806539196,8.96892681734948,1
7.017471140191814,0.27006269795149307,7.569001132636687,0
6.304993446866865,5.238237081731095,6.134410018946003,1
0.324025095777537,4.638687152712483,1.3222385068306897,0
8.305696839693383,7.390680110225922,4.760784097937039,1
1.6137122055340636,0.6808435023505,4.828027614564329,0
4.775969862518144,6.8637519425394355,9.074979325585645,1
1.2326406162360526,7.879738547886185,8.435821920115966,0
9.883200290479921,0.803328226810619,7.27741654169888,1
3.513411964888528,5.604648814781981,2.734354520590717,0
4.5100092746438225,8.893479093441195,6.674478326576558,1
4.98250213142563,2.223790889881261,1.1839658919620966,0
9.216316395724062,3.235715360790837,1.3700736009345882,1
2.062194428104225,4.009285302601697,6.913070633539063,0
0.44949868532666915,9.4020647383325,5.770042932419257,1
1.671811151060818,1.9453161913977157,8.655150079921725,0
9.751921111156786,8.628511959929039,7.171819111967574,1
2.4465972632931776,3.187253601984904,0.7453475170160739,0
5.435872975453395,4.864037946051011,7.320209588163015,1
1.9026596077703462,7.071344795254534,5.3937824244709764,0
8.319307758453908,5.140838115660134,9.994079532561054,1
1.9653858656173084,3.1584764907740706,8.03780738515896,0
7.3085506619849605,6.0460843418671395,5.080498044308959,1
5.350243038074033,2.319790049261793,9.006833627318487,0
7.375032218883763,5.865669462864069,1.251877686026719,1
5.500587025615524,2.8842508274224343,7.689119225052763,0
4.06750584845541,8.304369327882755,0.3784183032760269,1
2.880200416231572,5.030684395239636,8.960359663443457,0
7.3721340026997755,8.667466805540684,9.2886501776737,1
2.4529605431037727,2.4765066332610775,5.32910417617114,0
6.4159800486176986,9.350356951822125,9.832401585426087,1
0.18324223628668035,9.195141126949665,3.773530558920135,0
8.256241662615807,7.342002774834395,8.775758082399276,1
6.686638185501781,1.4150895986605783,8.115641839443208,0
8.387975159580407,1.149207511851984,5.835400252197901,1
4.8134547590095655,2.967548436600892,9.364664347433378,0
4.058693753129182,7.812201723763975,3.293852168447522,1
1.0995348264545501,2.823055868272395,3.900146526303918,0
8.455150513353168,9.62927545343716,6.9427143414798635,1
5.157751751207105,2.4974665162463294,6.941503017481951,0
4.593147386735343,4.907407820281007,1.4793044730935845,1
5.461589284090101,1.4872593832630943,5.414462448019373,0
5.036092908299544,9.931480401302913,2.3137761042579763,1
4.453855726384361,3.8013821157207985,8.10636366420037,0
7.620736069562904,7.028673498467219,5.482721122801578,1
2.508090032790631,4.313652551800934,4.202443694569786,0
6.508028583247135,6.0468299331010575,0.4360355879396627,1
4.502954356066033,2.37566413344228,2.3995226180849283,0
8.911018050968158,1.1658423233726756,8.706495213576398,1
0.6101033129963029,5.022872129726293,3.291128019580487,0
2.029616768827612,9.698701320026757,7.604567170129901,1
5.740367745181163,1.180856184692921,3.0551273486924426,0
4.448991801205111,9.023337785095999,3.9558722953188497,1
6.044591851946488,1.0904576032843605,3.85291933655025,0
4.206678852820089,7.851519291309311,7.849479511407209,1
2.5639639706372543,1.4923953516226074,3.8366042807351697,0
3.5023034519978125,7.701375402980091,0.9701659596095458,1
0.09367214454373607,8.03125487321111,7.781852274487235,0
8.271551803744307,8.751958847827858,0.3476055227120922,1
0.02624556307612269,3.6126348961407837,5.155635434857335,0
9.674033686697243,6.2257245082102,3.928951315832875,1
4.132185769137978,0.22998763144302825,2.075140157701474,0
4.951868228675539,5.876297343901288,5.527826260493532,1
0.054191449891872745,1.3227640245517813,4.4186311297905405,0
6.557232140198714,3.653762626068926,9.686782216636793,1
6.2413258937809415,1.9922637052502479,0.9372637834790709,0
5.4018073175830805,4.604031682830463,6.564450492910247,1
0.3977879761155778,5.734911970512795,7.2357559593174425,0
8.698995364804757,3.123260925276262,3.0336190487923376,1
0.11737753604035062,7.559385897651518,9.081147813835413,0
6.713854818281831,4.185595756651399,9.614018875842907,1
6.723067209042423,1.223116777130664,0.6304638234885562,0
5.1620300614140096,5.294085486400018,9.042824996176194,1
2.9037137889029307,3.6281486765836157,2.0407701879919893,0
9.113515018251633,7.76078780982878,0.9204182424756491,1
0.6491165222907125,0.47696134544942037,2.8110988056133355,0
9.133707925018484,9.773924440816256,0.3771773604945283,1
5.2341382915970955,4.2074979319204555,4.8523044280260255,0
6.662398846814524,6.543593691100119,0.06570813659091068,1
3.3414535153270664,5.674702175744443,3.0817227406008643,0
8.123487997100636,8.773420401803909,3.9586173774962874,1
0.5754535962775531,5.775017476841942,9.152121546988125,0
4.424081381705205,9.642451476737156,0.481546606982044,1
7.28353755534457,1.6307768006436785,7.777549170603054,0
4.47833232565383,8.861437561118052,1.4651762649888667,1
1.5097465372514651,7.40158961678735,7.091008893317218,0
9.17585849828164,2.469943716295452,9.067248113829464,1
6.099861082774377,1.4565035913778313,7.898764200434558,0
2.7847126979137506,8.845849819919104,7.975475985081677,1
3.288402897364713,0.6670732699699877,6.0802806204953095,0
9.17005484535464,9.73729745390794,9.382648644648542,1
3.8329282414502375,4.160371559875545,9.385001925470075,0
4.638253281558437,7.725590833012047,3.8660173040889303,1
0.04774182679180394,2.4563688344671295,0.7669451152583406,0
8.72385318383054,6.407268569826872,8.957198783130245,1
1.7122383368407657,6.957449309001731,0.42902795842394537,0
2.3376806017714404,8.715318362996204,9.703821177034392,1
0.6456706285120539,6.654422873888642,7.890352757958327,0
5.924781600259701,6.722253631551096,5.665584866178347,1
7.825191409500425,1.0880168212006869,7.210202555321138,0
6.991368277381485,8.234479550247059,9.11030787986152,1
1.135527178273441,4.277555163295971,4.998489335897656,0
1.5374327273446031,8.418351636994096,3.1783371626580204,1
2.5269110618029647,5.627046469947599,7.7263300798942804,0
5.505577389911894,8.059997165686916,8.279104906776677,1
1.312951318205754,2.5129302564459035,0.2350156840622497,0
3.461721482866401,6.751893763764148,1.3335888415497676,1
3.2924096187687226,0.3764738205973417,6.154546949124079,0
9.753514057115456,3.9851470310354484,0.6728231549209218,1
1.8598550114790091,0.9761555907049113,6.804270005912518,0
7.418973367289342,5.960024308748447,3.3232094721172367,1
0.5241942769572694,3.0809450541413286,2.0764185220721476,0
8.347332743940166,8.844546470035269,5.301525247996129,1
5.027530932981782,1.1996178987811268,9.250893277584444,0
9.685586707573087,5.811750443853553,2.391947440945322,1
0.05406524862650475,1.5778261231608015,0.6024180213080288,0
8.989841145544798,5.505722141743197,2.8703164283796956,1
1.2545006891201216,2.3289285782630254,1.1893936500329505,0
5.790960203886123,5.938164786259554,7.359276186432283,1
0.12975330555923814,9.151474119035377,5.139076654297574,0
5.0447891084643315,6.212815822985327,8.568414510924677,1
5.642533472570208,1.98507515396795,7.9177235837591855,0
8.958197242627698,0.560760649143508,8.43464596986476,1
3.496370761945371,0.7412899623682179,4.44902179323447,0
3.346821172351564,8.844234124186872,9.909066313668088,1
0.6942960646216256,3.837470427681955,9.467879310696027,0
7.330930681460211,8.417762603548287,8.682213481799383,1
2.406532100077674,4.662048610582791,8.089913191524879,0
9.12091829553252,7.245906632099941,3.7392882295859953,1
1.568779247593346,4.533424941335163,5.048147962905953,0
7.57549576864953,9.632529661228231,2.313537465942579,1
0.9977393954637082,5.824042691101603,9.104583609661635,0
9.838520860825525,2.1638905779927153,1.4083825480042433,1
4.869728322350548,4.4346183875679515,9.19863208285356,0
1.5853124933397378,9.308040295705947,2.6210544026947113,1
2.064156220056741,4.061583473942603,4.0708441654622085,0
7.651759500345367,7.190389318590959,9.805832023882383,1
4.178364505900686,4.870945899543269,8.422779565370488,0
2.0852254705809417,9.791050495984098,3.545282427726254,1
0.2822309079017937,2.573749322174166,8.559786384505482,0
6.845375723662226,9.791672315537207,9.905899421089309,1
4.684042822744651,1.723287157532033,4.664355318780276,0
7.324548103276673,6.026157570651266,2.881657149967812,1
2.1919408125870765,3.9740459905637526,7.496629056112141,0
6.137701704347039,6.159524248042314,3.1681334088660815,1
3.965030060550566,2.234927655998481,2.824535612829844,0
7.3761350127100975,9.372055721208879,6.520059325966335,1
7.752993353365605,1.4724451281871775,5.548609284495461,0
8.562703028509342,4.922365741759966,4.658878868191779,1
2.9004865013443917,0.46263482522261756,5.8805126316240734,0
8.985811300395666,8.475035283161054,0.04878375424136383,1
2.5256965032431014,0.35095437493339987,9.64554521919447,0
8.301236358787849,4.129414299022917,1.4676925625434023,1
6.960583432051488,0.22939340203990133,6.97588140582782,0
5.485384394044638,6.784382063802591,8.396926607429103,1
0.45547846721216034,4.084865786931717,1.5664373830396972,0
8.924190238655402,0.67786449654338,0.21700499111032223,1
2.1130568003537564,7.365337789711189,3.053390870150421,0
6.315522693059611,5.416653228249403,4.594924240910682,1
1.3053464094017664,4.004887097420816,8.232556175079718,0
4.2603611109826725,6.793834112189973,8.155035762624834,1
0.9613104044165188,8.241341703438732,1.2817330734283816,0
6.058266369099683,9.12243991827386,0.9530472363506481,1
1.3136926157832074,5.295819892322303,8.62089830823123,0
3.813592114318932,7.128931806875924,2.8778351886246236,1
4.11673159408135,2.138836280581271,2.732916347570884,0
2.658584979713509,8.281893359707702,4.530550613006246,1
3.154215864414719,5.879693346751904,3.508081101602978,0
8.881740850693552,1.3997904182598597,6.047584700702188,1
2.1894770190426573,1.9051844291926423,4.402652585554552,0
6.788790810564248,8.533338255036657,9.71602810051255,1
2.6502620955393197,3.0950905197354386,2.617740633992822,0
4.0038002263397345,6.545393090562282,4.258436619555034,1
1.610380728386288,4.048176284248743,2.680315453700425,0
3.5331188545470384,7.6915011882331275,6.465852636998395,1
0.5446008926893031,1.756090283096312,5.635924072455687,0
0.7418771467125906,9.902182719948273,4.790522817376722,1
1.6034784210318387,6.364260897286098,3.9424380271679427,0
9.916988770003922,4.710909498378314,2.288444584323288,1
5.919358069636336,3.494763176703181,9.753699450109426,0
9.736127665573918,4.4549788306885585,0.2762291297661379,1
1.2039562215017363,1.6702437115452262,6.892163233002541,0
6.5052555980215985,9.132884013316842,1.3907391522986479,1
1.7393482157924112,0.05578407152366238,6.806107409133518,0
5.432472757780004,4.548552971717927,8.796022588046949,1
4.674418871347025,0.4855699435639227,9.901890715670197,0
7.877292763658911,2.6330902470069684,8.256348914697275,1
3.071555997622344,1.7972848586649115,0.12231969042959978,0
3.04324871354022,7.186118016241587,2.3720367487412486,1
1.0450400841647722,5.961666229113259,1.6198389071462416,0
5.160335030770878,4.437591608348235,5.35727185479108,1
4.800465421988531,1.3626108825099004,0.8075970025787482,0
8.935150283907106,8.089619995003424,0.17076430377369167,1
5.443177378296847,1.8310170584523222,4.774331996663287,0
5.034623497606871,9.526374282109881,9.083340165184984,1
0.17697890101930014,0.05812004966741946,6.185617644344468,0
3.3096896419185082,8.3159723921924,4.898764825753059,1
2.490114387988184,2.429158702966956,0.08860268632505997,0
5.156881782051532,4.795799893675953,1.3439846461149374,1
3.361539639024125,1.7716311793237693,4.673868082466744,0
2.7520237490237953,7.10477905123915,6.926691543927319,1
2.5240422203591217,6.88510739492042,0.22832817741764933,0
3.6590084754555585,9.00378051147846,7.26644195486847,1
4.2342421077354855,4.831075673372678,3.625555093615315,0
3.525272037724838,8.171356433072912,0.3632484126672797,1
0.6197777736008603,0.4011116033364648,2.7898402901889163,0
6.83304930939005,6.008545951227015,9.758075499724047,1
4.2574157553681395,3.5802992976944124,3.026747123192115,0
3.485931745911869,9.61578258220824,5.243554029871094,1
0.08835007278031215,7.118340844948125,4.436940617029483,0
5.248715403337161,8.535361105583826,9.109519910169011,1
3.1355500408427863,0.39028985554802165,7.5725296730161284,0
7.808166917350641,7.764654738855175,7.69400389583377,1
6.906384896094142,0.6432962834283229,6.55920789075631,0
4.871544859909901,9.054109673910206,5.727570688102875,1
4.475812550720537,3.5107108123548194,4.922614007523169,0
6.847832482530432,4.170710965588398,4.612977070689137,1
2.0355470766107278,5.8193601811122875,8.332615707813725,0
4.874392833254616,8.833825772949929,8.86275243456306,1
5.246221007192541,3.93506860114077,5.288582374265466,0
9.525612702014929,3.8930876456338206,9.401913581901182,1
4.9521204220890835,1.5494762827632913,4.845706569877444,0
7.917233344135984,3.7600693852195812,3.0293990554939954,1
0.5640206538880232,7.9940675702915645,1.370142389253386,0
9.67825935590072,7.811372983655946,5.207547093504211,1
3.442670294893376,0.6781156560176516,5.104173808800031,0
6.158730064842537,7.9725475362196265,0.4424717374908149,1
0.5304106264625241,4.341688580985656,8.810393266229632,0
6.121791845164688,9.810953140648586,4.872342482741171,1
4.050883854759931,2.9082071591158476,2.7198239957510193,0
6.133670541219272,8.33795916799595,0.6102793503614412,1
1.608199724604955,3.318442262700454,4.33148108641543,0
3.8004998983796403,8.06555393324033,8.43410013360684,1
2.0706722105175865,4.282676979763077,7.932007635952836,0
6.9616794771236545,6.898264740884922,6.526239903337999,1
1.648298759224045,5.84131929527588,6.3209939307024055,0
9.956139880977656,6.225081191924307,0.13584649735104315,1
4.12097587346819,0.6653957191751603,2.3142607668419037,0
6.2473345307105355,3.7525103919382774,2.1822070308340202,1
3.793247050847465,1.258349761835602,3.4137499599997323,0
5.041495599473704,8.96605828225901,3.7381860059972305,1
0.8264750099623674,3.295549108753175,8.13754693002833,0
6.72008515953525,4.080096084317671,0.6351444483397373,1
3.963814970205889,4.911759711859856,9.655053221079683,0
6.117762043935828,6.147363914499771,5.214284338810562,1
0.5571359725547864,5.338547412465202,8.465716264997925,0
5.335957318913459,4.637613266770338,7.905401585746986,1
1.0935762786104763,3.3324993629671718,8.466967108186243,0
9.179084883675701,4.647147463255679,3.972054191220462,1
6.886338635890167,1.5546257177909761,6.109966653306801,0
8.065465573128414,5.466982205135613,2.9391109067227728,1
3.177534032055985,2.7449725987626463,7.1487632518990285,0
5.992901925653413,4.6685094555638145,5.027326829693082,1
0.9584659000908713,3.2232214239820367,7.939134175245012,0
6.760032008399985,6.674357787695241,5.3467425734133025,1
3.874698007827467,5.085927493159361,5.55285768049152,0
4.1410748648899265,6.450662246785688,6.902177036916176,1
7.664316023528852,1.2436205013816526,8.788336274248344,0
9.496149576689561,5.580604515528989,9.500917438419938,1
2.6094279605562365,4.706259214792081,1.2026777189865612,0
7.780685947692943,8.630473130245038,9.630387382217014,1
0.1389865495513165,5.200097215600201,6.57448520966109,0
7.662099961567648,1.8499592843645152,8.794754587578687,1
0.6786170077968556,4.377208212786825,4.54437412675171,0
9.527132880267132,3.7751616936493084,7.617467410193318,1
0.5006247969973043,6.412443338597086,7.012018154040529,0
8.054492534204572,9.272559563413026,7.996273722983986,1
4.574605148202483,2.617266796024862,7.278500897749831,0
8.378355796717285,9.385014504308128,5.28375813665332,1
0.5966449569299892,0.5821173409856939,9.56724872531796,0
6.8258886639956575,9.05624026300796,4.899975587012784,1
2.0855418955817004,3.660860470176941,8.043159547833952,0
9.379527486996729,4.092497034320008,2.484643005853239,1
3.3646115627893627,4.2081569753901915,3.443746073367504,0
3.168741601996816,6.817066886640215,6.921032505584499,1
1.0883422321748293,3.2268005148842627,9.1621404119232,0
8.206381857774762,7.019872325996336,3.4908435643190017,1
1.2948393246701406,2.5058181565984015,5.591917192164053,0
7.524107031067331,5.997696931277559,4.950575239947086,1
5.396965683441524,1.0320078203761196,3.0054925504723107,0
9.359068615751868,8.98499784924622,4.885003378250938,1
7.437000156827564,1.4397003739787417,1.9775240773152847,0
5.254074957887113,4.695889255321928,4.753647557444384,1
5.086211843242139,2.0952345153630594,0.6501098443341802,0
5.074578391975839,7.806769701426484,3.1968254560026024,1
1.8795262207149677,6.136284334693151,9.565436411361283,0
8.647611147005293,2.889252604434309,6.677275481710061,1
6.250113719093342,2.707443191127925,4.753354002067903,0
7.199183760819988,8.667306405424656,7.786714218658254,1
1.9408120219258729,1.8389384397968689,4.716939170580639,0
7.106241207630742,3.050115026198913,4.52351804810439,1
1.9688599189816247,1.6625832198008672,1.95657271804076,0
0.8958372634340439,9.55033197017363,6.249484571969813,1
4.394689414034303,2.7962024267652863,6.247120955836562,0
8.317919361531338,2.3467329259318626,4.618438741734242,1
3.170205401213294,2.004266832186902,3.465091398692003,0
4.798936764079799,7.435205422221878,3.7614792798887855,1
0.5027433468643383,1.5870124864532043,1.3862460578868852,0
5.227709799766157,9.154524724959842,5.02195027974704,1
5.198770320633763,4.182812866594393,3.7431237324069966,0
7.6640447031964865,2.0009423384281733,8.49210885795331,1
5.16949502131266,4.188430670958676,3.4308027159397305,0
1.4771701495403589,9.138653837546162,5.38884501123979,1
4.417543740272702,0.7613589333794402,4.572441200637333,0
3.2971578144235494,7.468060576139064,8.9589430630813,1
0.36176785917177545,3.698487402450572,1.4987418460957291,0
9.099624703537758,2.2925525389469827,9.338416393839292,1
4.949938965036077,1.922824136280884,8.190166511433638,0
8.65842399900842,8.855073314346349,1.0600639567700343,1
0.7136698099092087,5.486459106287227,8.53724634620111,0
7.12799665863657,7.537815554444625,3.129043896666727,1
0.6411741727586384,1.6178503912965125,8.914740995510225,0
5.800872168150823,8.605893326858947,6.714434611476742,1
1.2496168844708722,3.5870421385197346,0.8004036497947187,0
8.174609280058702,8.23370085780335,7.960189705536954,1
5.208916658821724,3.7470855225445177,2.1917908564251487,0
9.36097061489104,0.3018073666622223,5.390658447025631,1
3.889029592868878,4.990163550934153,0.7308131393624229,0
6.440085023237763,7.1265231559791005,3.8608108228287596,1
5.292362122405166,2.6011641509393026,8.913672349218043,0
8.944514065867128,6.615093626468338,3.2820111238025262,1
2.8338602816284597,2.153671275400215,5.500850165834724,0
6.4902365797804755,3.969907411060709,7.785924766840296,1
3.945913822786445,0.14279160943289737,9.379369372451512,0
9.262364558582718,4.507747436430281,3.7365751015291124,1
0.28176757811007036,8.20329873272441,9.806298917600142,0
9.547691876032845,8.010904075049272,3.2013405203990697,1
1.0956025295331728,5.0589015688497465,3.203328131284051,0
6.461309385064132,9.720757492410758,2.840734931069828,1
5.766466790130387,3.49866377690375,3.5701369275905503,0
2.8516433312452727,7.512215476336141,6.7444582094477745,1
1.3601736272080533,3.923794683221322,2.2289707117619892,0
6.529269083117399,5.041285908366264,2.574303784148546,1
4.403950980997305,4.142600992557281,8.709877363560427,0
6.349628612914962,3.7975159880565803,7.98197355032134,1
0.31831971264485226,1.3032737788429205,2.1997033277384115,0
8.658381308014446,7.982003369264275,7.0616208407164285,1
3.32452617959352,1.4402455093917454,3.700976891840938,0
3.8451631865287004,6.180708496740291,0.8275968855324023,1
4.075366879793324,4.1433383960723615,4.892694857929928,0
8.74172995295743,7.953705417492998,3.571914685481433,1
4.134665534104349,2.0499067953910077,2.7910769334189056,0
9.842010161487071,3.353167863756722,7.970805324235888,1
2.873840210526082,4.153540887286785,6.768632245907131,0
4.915167900152162,5.714041691340324,0.9246614268887743,1
3.661656011537672,1.3424387068614008,7.582148782992802,0
9.953388619885171,4.158342069377526,7.721589125186123,1
5.908572544137645,2.975500285433056,4.279493516501489,0
9.69777834799813,3.617484108169559,5.285370559031564,1
0.3950646364467214,9.049018808106414,8.337317023760406,0
9.791708918130169,4.670119596787381,8.060690428145135,1
0.9840569339793537,3.6855563877106867,5.643838060014071,0
8.249734882513005,6.122437329940692,4.331995313176868,1
2.138490761159051,1.2894013903595325,0.7110108505536517,0
4.0496380541466195,6.8533161370437,6.743275573722287,1
1.389010054728873,6.394503109299966,4.162062376064074,0
8.019083625602407,7.529282998452297,3.636143597563166,1
4.7674660577704095,0.9783639575451508,4.337623425439889,0
8.219212417206867,6.318061304153982,8.487164933053377,1
6.860866925979404,2.011681353074515,8.175334943145554,0
5.912150208310961,6.581310870678384,3.5564903024541614,1
7.714240231669166,1.0919565797747743,8.035170846458486,0
8.112586351710249,3.441077957435288,2.6989963597936937,1
5.161867051593861,1.4513728364041145,7.770202994304569,0
3.65457106026136,7.259761395191301,6.96384264333057,1
2.291273529969561,0.5443861696329144,7.71365569751095,0
9.155295609671809,5.272701399013211,9.412950326699793,1
6.123014469849491,1.2963276630230836,2.43463418637048,0
3.772936250875624,8.447055894025233,6.300698463463348,1
7.503186058557427,0.23666607260249606,2.180205327000846,0
5.814551352994155,5.151294175291495,5.444230089165489,1
4.375782896352764,1.06430297333737,3.9133449328513503,0
6.007199853143029,7.903952725657856,2.752701433359912,1
3.9566592440003303,4.598906468152814,8.153166680304949,0
6.100169086022779,9.798205168381726,4.463487877989795,1
3.944991766768564,1.787682642721633,9.939472104752905,0
2.132087629250312,9.816145507279087,4.285608400808114,1
1.8203763198715661,2.824422789616854,3.3581234684206143,0
6.011511399633927,9.289494431959017,8.190136865831887,1
1.0065081219378635,6.6794068120341095,4.058082686447358,0
7.409507123122756,9.435814437780127,2.565673209514898,1
1.9352444050106765,6.639818327772159,7.418909000407734,0
8.387415311786334,5.198476446772466,1.9754934760824039,1
1.571360690142799,7.897267009076953,2.69396439328373,0
5.945860222664413,7.644396874897581,0.49561389316280735,1
0.9706520438654354,4.500192674959038,3.5210260436273066,0
7.713464938413041,2.6276902928279924,6.012034636483888,1
0.5344137398401161,0.17983035719101204,1.60915621117519,0
7.437445980084604,9.99205798103305,8.74996338622972,1
5.120662585808158,2.8297177901215367,5.570053343240295,0
5.8580829686152915,8.826927037746458,4.755502615732339,1
1.6893568879538023,1.7310828705697745,7.989839492897745,0
6.045674675568843,4.04495581232907,4.90565103625999,1
1.531208349664438,3.3121129919780525,1.1362957403912721,0
9.445099999436232,6.62676830351245,5.771397727359467,1
3.180966782273218,4.422507763937963,6.264454389187829,0
9.484524321994735,8.357684837060816,9.103469349183872,1
5.598014709913706,1.3346208945803195,9.161110295137442,0
6.2858378395319345,9.712149931210583,0.43145386887932125,1
0.5584287327255588,2.5625760709821566,3.4309769554624223,0
7.9176449303727345,5.255028194610683,6.172167166956239,1
2.786034864053754,0.22640511404863894,9.102859462539918,0
7.681886257078854,8.091039594512694,4.334214089061482,1
0.4419349840478892,8.105636884205143,9.18621650072985,0
7.4398633992057235,7.729880375763115,0.44835212678066116,1
2.308672109060499,6.523889935295931,6.704031115116232,0
7.116642138379596,5.4415253629598395,3.8570254823600725,1
1.3219970901773326,2.3184597556849083,8.025284954678803,0
4.835280928985516,5.749527850992047,7.167480743352698,1
6.0440970217876835,2.938154694188635,4.236881349831316,0
6.598995674451854,3.3738777043904387,4.2331414620957855,1
1.8027609607964612,0.20323150050692185,2.1163287505340564,0
9.679300360782808,2.927182382209396,9.578038453246101,1
0.1954629317618517,3.010542413796573,6.406867701516878,0
7.557282124636856,4.478305171839551,9.044129753571962,1
1.532290777181008,6.8744392522021425,9.167628394851434,0
4.326485650103908,5.873451306909883,6.128054120763214,1
2.5928860701401812,3.7981715495671766,6.220597415280259,0
5.331479988767557,5.813654859957249,8.91801456518968,1
3.8664660002438653,2.0535080005693396,7.268229480570651,0
1.6993757936207454,9.09620304829367,7.155806757600818,1
1.9891396701855346,1.170688653102514,4.978784461964777,0
7.2613282686824165,5.950206686834001,5.901918380196337,1
0.9304783494535052,7.698847285459204,0.6904547150420559,0
6.251076738693667,3.4841026720061774,1.4400058418725314,1
0.7524393759435288,5.1621337083450305,1.6999385311895476,0
9.680435790164033,3.579828707430097,5.708795717059858,1
3.946529414385304,1.4241843683320665,4.905557188633298,0
6.250021189419163,3.4662218712741,0.5967614323839443,1
1.8567259498303934,2.21705965795457,7.852264063652675,0
8.431208508508577,9.163858997743779,3.368600291940471,1
2.2125977979368097,2.9743117222860316,6.932492136029912,0
8.18661419068124,9.773019280272123,9.891852439368654,1
3.922116226390079,2.1965858028858722,6.62164028860925,0
7.737713434160036,7.784759096767119,2.73246669952849,1
7.2604403337717525,1.8546954706095387,4.516313065620134,0
7.914769861975786,8.26510291486677,4.040906858311911,1
6.265573417521637,2.430282420965457,3.7474974244172534,0
5.430340281800847,7.134745788270092,4.888890837055086,1
0.9508053867627486,6.703430963466921,3.090832028012108,0
8.387537180242575,2.04096473213059,6.090080096660512,1
0.764987532775705,7.899718691568658,5.26810751508471,0
9.344220871681514,9.349082833874606,4.126670835365125,1
2.771911145575696,1.0807174138879305,2.5145529957017256,0
6.088296288728163,4.019045001453092,3.271367774040048,1
4.8107194017520545,0.40229862525810733,5.379731528541999,0
1.1602312267214498,8.480244416639565,5.97898025134103,1
0.38234738466202844,6.94817979248176,2.0879689226042353,0
5.30386242453041,4.670893984512993,1.1615337364172562,1
3.348226077720613,5.555492679392803,7.980628368728938,0
9.000489125038232,8.01967748710194,5.93848839459072,1
0.30544595434450983,3.1359719955538656,3.0108398476181,0
7.1792662636340365,2.9973172679865723,6.66325822914572,1
4.009402851093822,1.8737003378482153,0.3586001484161494,0
6.393045400534213,3.244448095960306,9.746519941856556,1
3.8065927611843153,4.815120193179304,4.280325558065886,0
9.328611810766716,1.3867377094876387,2.790301375644164,1
4.601480928424885,3.5030569019845426,9.016345277050352,0
2.632479728609204,8.208940333610478,9.421311238755564,1
5.496723863939331,2.012230780117217,1.7760644674772963,0
8.645843276717574,2.750928389199918,6.122401257867859,1
3.0344337688281495,5.638268513533849,0.2294069905868823,0
8.249671495094503,9.165524858885478,2.5503834297227646,1
0.3966174186321658,4.0593807987140975,6.407099838662412,0
2.3112485641890257,8.467707253523049,0.6464625395499068,1
1.5019342897488774,7.125662980483757,0.8545197108676228,0
5.801947738308966,4.283602844900438,3.5748984687190397,1
3.6158622573808064,1.5113339501871514,3.9297665934991333,0
9.043535841691751,4.544377358747043,9.792516435093281,1
2.210444553303814,5.607884774589461,5.431364940470582,0
9.88374101560558,5.059247432492037,5.781939315796944,1
3.2680239981172177,1.2997640184134795,9.310761538168643,0
9.162456343408858,4.426583452091442,8.749041628996046,1
1.4181394620452514,4.403967202950387,2.720177731700634,0
4.179145413625464,5.910906333578265,9.995929767283387,1
4.750766764024597,0.2559749260680555,5.701746539205681,0
7.077385225137541,6.76766727660584,3.028044892064068,1
4.430164013269142,1.9567608533177727,6.690902406391411,0
9.060596988981551,9.34954175195251,8.796879381113481,1
2.103811401176193,4.449749240112,9.460854764054819,0
5.995159141013166,5.127685825558066,5.569828036952272,1
1.5993525086718152,6.525035902799353,5.09633507277051,0
7.194150186029677,7.834504170461644,9.177721683270386,1
3.1414002315460463,1.9218316417072057,8.498188728216554,0
8.180054162643751,8.808497173935622,0.7017000179759714,1
1.115133511211932,4.679229080752592,1.594472342892641,0
7.790350781994354,5.983537038400179,7.585975213295539,1
1.8603573429175546,4.315624973411135,6.054799957086071,0
9.86657472552298,3.9159316050659996,3.1268567194606014,1
5.093542386733498,2.531963673019604,8.321024044865075,0
1.9275467948952807,9.18923901884238,6.204018207250992,1
2.2926338027483615,4.372220835903521,9.99614169009549,0
8.033597691839969,7.469488502561045,1.0031064904012676,1
5.791745688612156,1.6628577485951546,1.4514015285856952,0
6.9901310071902545,4.255449361562043,2.7162101194285713,1
4.439079764829029,4.935562761674421,3.9308652202478056,0
9.86905495828617,3.0338990612244467,6.256204055124821,1
0.7856090561041873,5.432036505868608,9.166817457088353,0
5.216040744417789,5.654256507255287,1.4213224933885804,1
0.061487521700639425,9.106074599173946,7.905641068511578,0
8.562879509210713,4.480339465154497,9.310524782808079,1
2.441564174316586,0.2517428008338696,6.550310574259887,0
6.913077104045724,4.23044813924255,3.8324562875630597,1
3.726842170736294,1.425172264882577,8.766271700106133,0
5.037045046160495,8.002359968018897,3.9961599484429957,1
0.7023112270137477,2.801961138219312,5.301659201605249,0
5.726266979784855,8.673697363993568,4.796266289304839,1
2.0968870000285103,5.542470624854044,2.089779553850769,0
7.242552493571086,5.326233137417655,4.432212852888676,1
1.4647618386675587,4.510986454417829,3.128125537412132,0
8.479651350107101,4.44923354763037,0.3576735917819529,1
2.4166203666273978,4.501596451206434,0.22315463828663784,0
4.564208335470694,8.232066774779497,7.326447555409472,1
0.016608424950400602,7.898839973591082,7.340607186187775,0
2.122506481877977,7.8659120871713775,7.448394186386795,1
7.736353884719583,0.9101924575835674,9.504400889828972,0
3.829000181160933,7.770868405000187,8.404358904881402,1
1.7165604616168395,5.8318588507399145,0.06226964616942832,0
5.843223327477965,6.8496864231196595,1.5697602790700838,1
5.75850113511788,2.6848192309538863,8.935417597980141,0
5.888626292150323,8.150935062006626,2.2125891424795805,1
2.406776326594513,4.640014844785176,8.959746509940247,0
8.882677396167818,3.495875817421684,5.113299693854372,1
3.3013731139726743,4.116806913002754,1.2049572908333006,0
9.063849558928265,5.300221075623154,7.367455316546197,1
0.9291859725807394,2.1036291884693448,4.863637252272522,0
7.979872246406025,9.427872316569491,0.4722399190845894,1
3.494218501964088,2.2636330290023867,8.524621275482447,0
7.242245623067709,3.09331593566852,1.2333223043061248,1
5.960225425605742,0.3152373968505495,3.218492675167719,0
6.347019443719246,3.8786934352518276,9.813535366704365,1
1.663085720706834,5.946025550786011,7.518673117971961,0
8.280051465121211,2.3040800009563025,5.255861025358294,1
1.314773812552843,0.5252039917339701,6.666873093073359,0
1.7501921965068223,9.866024504176359,0.2441523637173615,1
4.615261350361916,1.57860624698696,5.299490563952575,0
9.206293397724552,9.406170111252562,3.279884951264571,1
1.8191437637206098,2.753364882175081,5.987715039989531,0
5.850507031310565,8.842686117297209,5.887026425395487,1
1.5681990529224232,6.96011556128917,1.190101031175107,0
5.308158177070938,6.061648470495352,8.401399423967323,1
1.371102195595335,4.8613899406137655,7.674961904257912,0
3.4293372571640357,7.585896182994508,8.88935189739117,1
3.7841385818092443,1.7070915257101782,1.5540246236651456,0
9.567438773631917,7.905763391455586,4.354398797701404,1
2.9593722103992004,4.617136343963734,5.7865202477792375,0
6.541842659789592,8.042723536162788,8.650061554857231,1
1.114736760046875,4.054582349848246,5.649975502414337,0
9.135359267124404,1.6077149491640785,5.515525124411531,1
1.68020037940401,0.5948566363256225,9.230237305748663,0
1.7755852189174381,8.831482186296414,6.0524932344265,1
0.6669674842849826,2.666655376495778,2.9670126817960583,0
4.873173141241761,9.339500829828042,0.3570389749265701,1
3.2494489422452535,2.245157223073815,7.284786920906469,0
6.9618981917214695,7.218525922243568,1.4451502952483375,1
0.7705447179036395,0.7717653304773453,9.26356630943241,0
5.449934154071924,9.158898754800674,4.455110816577661,1
3.2139817312613097,0.4435441773384552,5.808959516894603,0
4.760031304173156,7.006371882107017,6.8393833670466195,1
0.6167467265642179,3.502277338302089,9.972871912334005,0
7.863850218215972,5.174201279686741,8.82499609514442,1
7.517060718541532,0.1099973326574133,8.731380505154245,0
7.329901939332267,5.243266541129541,2.214531867201006,1
1.592535840855458,6.5679622626048335,4.979053138303813,0
4.862987359036682,6.573673199541183,6.481283258275672,1
6.5056548115518495,1.2862086224479918,2.5802303080054676,0
6.379804834363382,9.701274412795227,3.006523199309483,1
0.7926482723686168,6.518452170170162,6.91584389030769,0
8.401506658378434,7.786649274735153,1.0697208870852137,1
4.86974795347369,1.1422943980362232,1.802266728762788,0
9.979705157027354,8.913185879801716,6.060376786950547,1
2.077051420306255,4.1170404921720465,4.948297350152857,0
3.9874636741710745,6.044222833171999,9.298919629777734,1
4.8287835482171015,0.3629761990282909,0.06987961734544745,0
8.832235795157235,5.628636705176078,0.5052521136550425,1
1.9342518069667214,3.9519810287683743,7.5002778918640525,0
9.84325330841129,3.0988390370833563,0.7146690634074138,1
0.23195438506084076,3.573322776163109,3.153702890127581,0
6.027919221717939,4.090738685269027,1.704156758225045,1
2.350401454566371,5.306764339531201,2.3236084585431427,0
3.326605103316912,9.41404986044981,4.059621227366975,1
5.685824599636663,1.5858440336704693,0.9498096414914903,0
6.366860460736861,4.469174577360937,4.389857218536976,1
4.4626387738522215,4.424712075019167,0.6164377902621865,0
6.70560009175886,6.354567298317745,7.816269663107816,1
1.1817578596683587,2.7413106213199923,6.054525903389564,0
7.816468838212172,6.761500369867369,5.1841471024753885,1
0.7128748563210374,5.056997231641841,3.6029904064297034,0
2.666374317311675,7.976895619945844,8.045476282334787,1
0.9065137974573356,8.236693586494761,2.6447746962569108,0
9.983342390779107,4.517700949061185,6.335538187025697,1
1.8833378301025372,7.485566713639535,0.5747350580744914,0
3.9345808303881347,6.678073391293843,2.203006082682839,1
2.1370894457906795,4.231665531971457,7.965439136535284,0
9.42182459862254,7.329544268849509,3.9419968051185537,1
1.580005781731485,1.0830613111631893,2.239174101041023,0
5.356500711097145,9.458178939482485,3.7770892033042545,1
7.220264916578367,2.0150515977977204,2.1784981451228127,0
4.496619833442227,8.490237859423441,2.238371195635762,1
2.111519373751242,6.363334735458038,6.775654953872824,0
2.292251908188888,8.314364640061436,4.314108205528628,1
7.71899554106972,0.69573151700693,9.359694127981943,0
5.253665657516517,5.2210253836668175,0.018170200753490073,1
2.766533134256691,1.6004752585259252,0.21478368417333749,0
5.047069098959389,8.416538966542776,2.5702223119010403,1
3.4085932488268824,1.9263458528502853,0.6008264096479266,0
6.343179213626641,6.893007688922649,8.327271264954248,1
2.815545403443749,5.21313443299431,4.206576260366562,0
8.726044919562293,2.4441977135180637,8.393359033523666,1
2.312185486537781,5.266640499934807,0.2945129280643166,0
0.43008421952969056,9.885826821722212,8.155508006792804,1
0.4078201867714415,7.617955972429089,2.692484185428259,0
6.220639940748805,9.128027882078714,5.0062561441526885,1
0.9185173482491538,4.124848370072077,2.0114581507475715,0
7.971062209397196,2.5401967645417525,1.1256771937095988,1
2.14729602163243,6.783872699996481,7.624389908639985,0
9.248710855148799,8.409052510691385,3.8296874430019203,1
4.602403286532329,3.000913678497721,4.537718050270313,0
3.1465439619664592,7.852902888155592,8.592866347819022,1
2.6877133623074556,0.4946503737846142,7.679700190457646,0
5.756483407530052,4.670394271440492,9.103989650664213,1
2.613340019165411,0.9330919464273146,3.2753020267184985,0
2.9598405664388725,8.399900804307464,4.539156996059367,1
2.545763619378305,2.996280070511659,0.5079600766166681,0
8.174413249072947,5.945462973271712,8.841588208900012,1
3.0689158056611388,1.3798488096925832,9.846778125634362,0
6.317304795119845,6.037047415008599,4.161181715950678,1
3.3046812688591976,2.380726346449044,5.486646161109821,0
8.061908871196197,3.2414801412199177,6.918046756900381,1
5.37800511121346,2.02493887930159,9.622488398341673,0
9.667586727410178,7.73309626292238,6.904856811710407,1
0.7619673323337506,1.4573899088467723,1.2916126947115902,0
1.0868375217077852,9.826559885337076,0.5357352260569237,1
5.088056288939814,2.4390223548397483,4.577042271602845,0
8.467162360548212,5.394608815793569,3.813719690739669,1
1.4846432797114517,7.657605926776839,1.5830709660577658,0
3.5165569993754806,9.381580190097527,1.8626900335271501,1
8.080425962294273,0.1485259624793367,5.083208133054786,0
5.9917429621710365,6.178812596087945,2.3351882478736408,1
8.067443602454343,1.1884837644651691,9.962521312533578,0
5.4588516868498775,4.275060617986549,3.9419992395369996,1
0.18195082287809083,4.199631729028306,3.833694419743743,0
6.600680876419158,4.980907549680382,5.234967067390461,1
1.2788070040379618,5.49163527687134,0.5670533627443664,0
2.2618080112730556,9.19674316425727,7.420721397548037,1
8.893541738898833,0.5396867443219955,7.549129688671046,0
9.063813210688362,2.5086480437670025,8.780511382522032,1
1.4371159920688115,5.921943205165988,9.061942707152369,0
3.294070185277117,7.984666956486546,6.542870944017962,1
2.6438252552218566,5.722845991282927,4.512978346464902,0
7.9113924720451045,3.464636538476511,7.708040432804796,1
1.7493969849847635,3.118654329217966,3.9446236776236674,0
9.101745021124675,3.704120958291072,3.7460446794253235,1
4.810653127745789,1.0408551022183055,7.547989799313207,0
9.347785252291755,6.064591963213122,2.598007120926847,1
7.406531473623739,1.960519041361355,4.19132789426302,0
4.679443633916779,4.991345813529726,8.683454556742737,1
1.7498534061518778,5.680500667643101,9.940059928788111,0
8.907141960518347,9.614138563036509,8.124775586162698,1
6.64585814888923,1.0999533239003012,2.5202539525171663,0
7.441364431743475,4.252104474419648,1.6324693210110597,1
4.790073473830171,4.1630216631391646,1.819840637021366,0
7.04676645882809,6.3411025110207895,8.836611691745832,1
6.399168154983508,2.684301897074426,9.82514055626279,0
6.717686585951705,6.682165450601623,2.619833645716634,1
2.7184220852932786,5.723485277603231,3.18136346330284,0
9.801305510249277,1.6584214849104884,6.876268727353482,1
2.668520155037161,4.022577808551507,5.366889301380863,0
7.915063740748364,8.854254645151629,7.827444425654387,1
3.2466866711851408,1.0529684919978455,6.555952503989554,0
6.411647175690462,5.142339817023011,0.16281303756851884,1
3.598940432495241,0.019624703130698418,3.652819452475644,0
9.156485423886217,6.3441548870952715,9.823677875314305,1
0.23340526594755162,2.677368661184356,7.929577748193756,0
5.69760998866373,4.199852813008049,8.67840348019252,1
0.8738043831183051,0.6051683427123067,2.6885553991509106,0
7.37337333146585,6.1435622843862605,9.80699377458124,1
3.1793122471808974,1.0755896577434731,5.145981734367755,0
8.495459602628781,2.754581594203561,1.7750893732791528,1
1.1607000830495084,1.5071533429330752,5.52873810425747,0
6.180153926737212,8.024504243060107,7.134641334829007,1
3.268787249021355,3.0410714000233954,2.0571800009365324,0
7.888556944762587,2.149696819089575,3.9908523437276577,1
1.5692542139394294,0.1461414439041353,9.555944397405089,0
5.075905741460645,9.681135115712626,6.404670696896141,1
3.5309944948584504,5.204544365666993,8.174011501955473,0
7.789052548592243,2.679393074337204,5.653404631526842,1
0.18888373770950206,7.869565968915252,1.8523579410758884,0
0.5327377980163384,9.758313876201676,5.243753216427345,1
4.734621358633479,0.9644957870304061,9.08753320619757,0
9.429996095996847,4.837821775214671,2.187684638148154,1
0.6952900188474553,8.218294202104708,7.200182502807082,0
4.053220371775145,7.37509017599363,9.301532095111517,1
6.124115509736444,1.015597164426032,6.828700253496582,0
9.031794216212338,5.145829976708129,4.5008897729799315,1
1.5062294363748296,4.532532677535066,0.9383903532485061,0
6.850813390452759,4.902427748224856,5.373627524851061,1
1.5514237388540575,6.975302711823954,0.20327834206583684,0
7.285003626169467,7.197260753136428,3.020162105155726,1
6.299761802576432,2.2316862203657664,4.828255967678725,0
2.0125410119485068,9.418011768367784,1.7139328164867629,1
5.31427754901395,2.236486735365072,7.803434565901696,0
4.492403452925785,6.976721713237097,9.12609577969199,1
2.865500077038087,1.64603275687203,3.4451073717905825,0
8.942652907045753,2.1225131837815105,8.475970746502384,1
2.208465074769151,6.108176279891042,3.616686533834602,0
7.092800366128866,5.086536257574111,8.260393967915384,1
3.798365906091694,3.4029866189788818,7.367677612310119,0
7.871519067039552,7.646682194088744,9.789847027189838,1
3.899489970818455,3.42613357740039,0.4233390465402542,0
4.2969768653735425,8.608971261242528,5.125582126033102,1
5.179102705482488,3.024462344778651,8.808587936963873,0
6.930876599840834,4.480037964033222,0.06687769195955595,1
2.9481038886426614,4.751001837548978,8.298777336743209,0
5.582978778989016,7.224496005978889,8.74816717529274,1
3.434526905458527,2.7869281358378406,2.3683135896394,0
3.8046784171087067,5.992523411631011,6.415704449223583,1
0.027671140769092162,3.9641550552478764,4.714319221117929,0
9.529428005682714,9.724988475495373,5.190417973356888,1
1.825549566246577,7.169614211057425,5.370526918987344,0
4.24383263889189,8.786537530049863,7.354230312044027,1
4.527219615015937,1.2056275024307561,5.224353044546063,0
9.349919210844353,2.400137443826634,8.058266925843311,1
0.787228149469803,3.686658082892791,1.5733250699255474,0
7.960296797760607,6.088838765122731,3.771435456939247,1
0.2452481883734825,1.7816677770548106,9.045211300853483,0
4.84542560790611,5.089224287278213,2.3366888444244296,1
3.920951765219284,0.7883797350263066,8.972960058588571,0
5.880084673187552,4.003075060446721,8.620501872463498,1
2.6556006749872174,3.7929284346895633,5.343791699199047,0
4.510052985841279,7.563748578068448,8.484304729178136,1
3.6654479580734076,5.2084102494351665,8.659512263410384,0
8.967971806415175,5.842274201743514,5.781914327946702,1
3.9876107667695457,0.5030891123639536,7.286101837385893,0
8.91012910766092,8.817208599245564,9.73186880658248,1
4.158600612000489,3.2689733932744955,2.3536352053084864,0
8.976994688549917,3.211921607105841,5.0105889842845865,1
4.776999142377411,2.500693863028036,8.776644476465746,0
7.944272310857013,3.4169658467373787,9.939242762362195,1
1.9503523675328005,1.9092134475111722,5.726109324333818,0
8.322596128129806,2.061867174656288,6.862063648911247,1
0.24267004425981842,7.9553356956662755,3.34531486742089,0
2.2149321529555968,8.30550991289,5.373599482657907,1
4.164519203897489,4.534988240967102,5.203472937549575,0
8.39577831754332,7.637481035514674,5.773868135921322,1
5.533095586335026,2.03917906607459,3.7791302303676675,0
3.063912730756778,8.314829717173652,3.4072408291460823,1
1.2765310453743484,6.161499876584329,9.782669920668798,0
9.96830847346764,7.281482553441597,8.485547471248973,1
8.86903674225238,0.2341028423213043,4.710582913497952,0
4.700000703338617,8.087294601322178,9.967505590791758,1
5.113332761052182,3.667326348627328,0.5991082855334506,0
7.988804803610435,8.25508973580124,3.534298567919354,1
3.3960248298323528,4.335911393118195,6.896411288560849,0
4.775172644785845,5.005160543988689,5.57971320883543,1
0.1054948393720101,4.0253089844697065,6.400348040692841,0
6.79128463781168,2.9496094861932667,3.930957744937642,1
5.127182300603497,3.0307649622856903,6.550047515822357,0
6.395976850452917,4.119049310790034,0.9205720393356687,1
4.08802650678056,0.38688807361843547,2.2707623228390164,0
9.965601917381024,0.2661519811195934,3.747212808877838,1
7.749313209372284,0.5594635209686072,6.641719293300978,0
7.525112562999366,7.2095384848799355,4.367595654892548,1
0.683709353133205,0.22744053717119184,4.53400212836064,0
9.547557563022742,3.305719886207028,4.440601311172813,1
2.011619740418573,1.063041184615211,2.4374438288846676,0
0.25468969691357257,9.666078495273474,4.712364913507081,1
5.444513733581603,0.572197749922897,5.531162401731783,0
7.321175641631691,2.9857961692655675,5.290399579983571,1
6.4686975234431,0.5077219100594765,5.709407607040515,0
2.7362753828948536,9.824213224346419,9.31695780406884,1
6.706661348412581,2.2410690573441903,1.6901780125953703,0
9.459947316579836,5.138370007596867,7.3743630391923185,1
6.3246577662788885,1.8324342312429098,3.189621427286152,0
7.624574798687641,5.884908894979849,7.569560800997088,1
2.327661612746886,2.4214954957127297,9.646078950232148,0
7.424470434594204,7.285943771907206,7.033017974260751,1
2.6229068815413017,1.6801903327772227,7.772317684055335,0
9.96200374944234,7.968207226269753,3.2374547346953797,1
3.9171340086380257,3.780332199210017,9.177870193305717,0
8.901774935457606,4.36955016282783,4.874593032523528,1
2.868064447812142,5.1393165983595255,6.740778818782851,0
8.995592372514743,2.355850285570459,6.774357595955106,1
2.888336371130525,5.170352005884186,9.890407881931845,0
9.582823549410003,8.5800486552854,9.538796949721773,1
5.5877817003996775,1.827309563556807,6.0390715626737945,0
9.349655879384377,9.944025500242685,7.018688071441494,1
0.9178859199494871,7.576494782476269,6.8476442663632735,0
4.946396126192054,5.169716278631448,3.2642049271594678,1
4.289341986245045,2.4104811728127085,6.976866543394679,0
8.224866141776598,9.210344290906983,8.915629889157062,1
1.4882302658237412,3.0228951608857724,3.7448771251816684,0
7.088595019547897,6.358838885916919,8.26643960967776,1
2.6601321791996666,1.6403980068617197,1.692276793038695,0
9.672449592623785,2.341030207945108,9.659665950218193,1
0.3033075053073664,1.2484589552953484,1.2716074114091458,0
9.46220358590547,6.567241937259562,1.025880205745262,1
6.352264100428426,1.9560101732679724,0.8668096423431948,0
6.037465862669301,4.953122025438636,7.573171398073692,1
6.358365180960125,2.1043175297182284,0.6378502102488726,0
7.029233924862469,8.526849868282888,9.256717531261435,1
1.2445335308469618,4.1209280573530975,6.059729465635602,0
3.0900542601606795,9.08126295611294,1.815337468745315,1
5.912979949478948,1.5247964119944268,9.463547500116558,0
6.269001357905177,7.359604406890822,1.71317706371931,1
0.2131558026054392,3.776331534450077,8.99488761700347,0
4.781721381823055,9.822567334520887,6.379009649712495,1
6.200193680301393,0.5322622420735645,5.9718347244597645,0
7.594093516025887,2.2736852167907626,3.256632553360274,1
3.334587613124178,2.9049240381695385,6.122563997493215,0
7.363659675325913,9.887124929074485,1.9085740110150073,1
1.3995720885773555,6.284456544385844,3.35094157903824,0
7.158168476574403,8.061299119090409,1.248275591592185,1
3.353703783321204,3.3800321381688416,0.15382795568332552,0
9.416315525322496,6.481314266304055,2.6022465582099286,1
3.6945906584034036,3.3103669526994928,2.6749365560556218,0
3.088222641132954,9.410257916055928,3.8716502530471586,1
0.052110428416618504,4.588008386878972,2.309702234685304,0
5.544017755670385,9.580785190807553,0.5090924148582887,1
0.9807443395464199,0.37938679124914554,3.146840578729102,0
9.053823623578609,5.125792043361347,5.592488710062307,1
6.106887762594397,2.1536199831708167,6.251952359415016,0
8.855994332247398,6.333254985708643,6.630688020968611,1
2.502787929936071,4.196311660512354,5.657422963973431,0
8.392758785118211,8.833971189336252,7.886884423194466,1
0.28011666164421856,5.0795602598891145,0.5092834835724624,0
6.421201329720388,8.43055338681474,4.707471273155787,1
2.0864118324991496,3.4652817895602905,8.030061659569117,0
9.206898483133289,6.855204142745882,7.8325708249341535,1
4.125059586969357,4.711943797181038,1.16949961976195,0
9.31202670599315,4.928684202164934,8.749878203438294,1
5.604795618487751,0.668335111677445,2.611672040181393,0
6.711322937187307,9.279401111671685,6.137592048947082,1
1.3279007280566602,0.36561383329518193,1.9641753401137518,0
5.548622320620648,4.482693118584308,0.1400163081201533,1
8.30094007219824,0.5852642090458038,0.044193006698619586,0
4.627848761419969,6.475772400112847,8.81959033034041,1
6.993017377496794,0.48434789930414834,8.253346259435423,0
4.082628436149306,9.038500628046869,8.140401656414292,1
3.789797380888993,0.32700056702843927,1.676254264873962,0
2.091443875032658,9.936835005774414,8.255864777035487,1
2.6693438148339377,5.344862917566944,8.772010739549064,0
3.7404541310298955,8.932758685650693,9.267442182228175,1
3.1567639237359435,0.17238403436657945,7.64603299244103,0
9.15987087499676,6.570111533934524,5.908204527774067,1
0.647501933900626,6.339526203818373,0.7122937036880295,0
8.975892339541591,3.051707514558901,0.09893190603330271,1
1.677930760734816,6.8304821448016995,4.420801699468134,0
3.095061966725279,9.079324834352985,7.372460428724636,1
4.340111578249965,0.37504751872565745,1.7436133998355674,0
9.481886035214822,7.970012782316152,1.5308961945371413,1
3.311815031090053,5.357548879247405,7.534296831096187,0
4.1139511294701725,9.523445739486615,6.840470008361324,1
0.8182060049078765,3.2304916648260704,9.021024159303995,0
3.7362195087894023,9.963449940426075,1.8089123911689908,1
0.410025029551101,0.1099898337649663,8.809364285280992,0
9.790795828001281,2.072287497760331,6.332592271911476,1
3.1635913553473483,0.16298136725716117,8.81928762118426,0
2.707926384104132,9.859202246387765,6.166283392742365,1
8.207733440419164,0.6649713918741329,9.417603419330781,0
7.241786300821599,7.307484872171913,1.6817711474557795,1
4.263099572417404,4.16596718260277,7.510612897867821,0
9.540541749183259,0.8826072931905082,5.164772521566202,1
5.622635411295352,0.7533822454954853,5.025039759253777,0
9.978598332984244,3.793785480861045,4.4626965476936595,1
5.984749226622867,0.6760515936575029,4.160384444853417,0
8.454088682640664,7.163538348968691,0.9028305068002007,1
1.6328116656203995,4.6898997466124515,7.505436670244765,0
1.8402761373934529,8.79297261820139,0.38298075913998697,1
0.12540158645986677,5.353138150883151,4.022003826805603,0
1.2212673664440477,8.89636725810718,9.524713046803265,1
6.5062743338779105,0.6808382751807363,5.7450252525478955,0
8.075812300508234,9.680745042619577,9.208286100539496,1
7.01071757425639,1.0436259212863963,2.9566528545573934,0
8.48058383077701,5.140109073354921,4.607114289159765,1
4.7338030073531,0.012684726828129378,8.510855570378395,0
8.935639189922684,4.339083884026809,0.9559071464703717,1
2.2417020608712015,1.602255360248086,6.100019885957682,0
2.6752378107837673,7.7753534726652305,6.756091688155353,1
2.716238438081622,4.071015208809792,0.4567569961312279,0
5.697438497035722,5.802869826519671,4.399319866916982,1
1.679190681943169,0.7106320766608998,4.115492013026982,0
8.728129993077586,4.565306834548205,6.088725042433102,1
1.8375788346913557,2.3025319615570874,6.859568977277251,0
6.407266064013923,4.955947790836203,8.279877591785683,1
0.046440165169955305,7.120469986487397,1.1939755044225964,0
7.427030234380473,6.1112353720435975,3.661786326101838,1
4.681107439025094,1.8201709958933288,1.6011388685109462,0
9.9326007072331,1.563243156899935,4.724409109608459,1
2.8918072710841747,2.7659688236628357,9.900705934824419,0
8.006867759631112,6.400188943544865,2.314736559557624,1
3.815905512684391,1.9631991205457433,5.529442385299268,0
5.608212145728776,9.41757916474697,7.609853059936179,1
0.6319665254591311,0.21008039169169268,7.830443481869704,0
8.669400046724665,1.5378493692083806,2.7836491322236734,1
7.474485458690633,1.5319695263912092,6.061152181583797,0
5.727944888225325,3.7737173711937055,7.95626501879404,1
5.323742063468874,0.05185371213041523,3.6026234225513964,0
3.3411755946235013,9.557904518126144,2.394312174498401,1
0.7770318072791704,4.481159691500366,5.423713686517047,0
4.424640345970921,5.9104539879683085,6.842514378143555,1
4.176858862460965,2.7094465300129777,6.230361409494151,0
7.03168763352794,4.933183510183225,1.8429791892408998,1
1.2892193978916888,7.583742542768068,7.173073992636518,0
7.704956706605551,8.922864424222556,0.9607842090742613,1
5.068990383343181,2.6846418080365653,4.347329457157913,0
8.762306050331105,2.0152886566610495,3.7062145701369262,1
2.551107160855466,6.6352775817842815,2.432134971058754,0
9.05866825342754,1.4816434933538902,2.705586290856725,1
3.431512959576366,5.509731195532831,8.158040315608712,0
1.791472254657619,9.426528555261125,8.10218564652685,1
1.917367093627631,4.677501719977243,5.7151552082739565,0
8.111024207587937,9.744203092519063,8.934909722764417,1
4.894689793691618,1.662060911341393,4.99843655049752,0
6.1809156339796,4.408599218344444,6.249352045716197,1
8.542782414723263,0.7386807966637909,5.516728612322198,0
5.391806539050038,9.281498736568125,8.3980609206349,1
2.8485195074581817,6.556157298184874,8.704947952093264,0
7.904434157707331,9.301371258371343,4.730146218977769,1
4.295330416416706,3.2040338269233706,9.764780766454454,0
7.13677262076251,4.377842383744792,2.829478722698547,1
0.7984457990583682,2.9731001182925345,6.036755203483732,0
1.0570973299620068,8.643044445383484,1.7311806018679277,1
0.6517584137032828,0.22962944965418952,9.526354592824397,0
8.956982840806274,4.598436132823954,1.3427345965943427,1
2.7780392539829357,5.711649022234147,0.28595286318582325,0
6.482091093767267,5.968330714032519,8.998698934942215,1
3.8099473470901044,3.029102008989333,2.706233597150608,0
6.126401372972651,4.672163878793375,0.02059077856566338,1
3.405924676656167,1.5753494660919087,2.973499991851222,0
0.04340746307411436,9.982426400305627,8.247043736957691,1
0.7978314583355495,1.8927678724161412,6.009167305744865,0
5.2642963722543366,8.309068306124605,4.124363337974749,1
8.16103742132016,1.1533826111679357,2.2245290223727276,0
8.807698198569085,2.922595247008819,4.581278007827715,1
4.693780212770475,3.8751554828814525,4.1939977380543,0
5.446605811172511,6.483018722127473,1.7206341426185157,1
3.7236190266504265,4.820514125013439,0.5130252207937236,0
5.3042282702903805,8.43023723624736,5.341852375987352,1
4.413284806555241,0.2822091130011495,2.4247313080638966,0
3.992535258378973,8.59529376786805,8.64999170772699,1
2.4574569910206345,2.1504237516894644,8.382856921931186,0
5.4332010787985965,5.201597659954167,8.261788992915111,1
5.637135363818871,2.2317783692598225,7.496533926544902,0
4.139455756827366,9.823702682122445,4.332043990236637,1
3.5262868323346708,2.121323451001577,2.6433999691922185,0
7.612841639545017,5.79101167570062,4.664852161498945,1
6.856202522872713,2.171794102530492,6.603036590207322,0
5.443137001560671,4.3891240968076914,1.3783405324031361,1
2.436782503415774,2.9602604631957528,8.737722693622363,0
5.252448321847111,7.90508856854728,3.660796041109319,1
1.4892268658512553,1.5996481284573738,3.955153718559462,0
7.160615406036613,8.01874016590158,3.4847755147053414,1
2.0401009884135766,0.39681876257263715,3.193928025204036,0
9.278232365451755,2.688583737754829,3.918648854369483,1
2.357845591831987,5.462796762358934,2.3430335223206944,0
9.972254777067288,2.371674151404174,3.8187187140045484,1
4.349121688228694,4.8523122479519545,0.8965694929903789,0
6.238341884377899,3.5545009191664,7.532392139439368,1
0.5177412288859129,4.963658167526797,1.0471723757844509,0
8.032001868252483,5.107363202957501,1.202257337242305,1
3.255609152941399,1.8110406211493912,2.7870457171830854,0
4.580327592948227,8.849125674261456,1.6860831347157912,1
1.0440289091720134,7.985072864514594,9.290905079070505,0
7.676249315143618,8.51524960172641,9.693917482311345,1
3.20685044105393,5.411443811500806,5.746062929296127,0
2.9691510495353004,9.886180277710308,7.178317133595604,1
1.9986473657181925,3.524313036631165,6.126665068690467,0
5.129686580674193,9.707380170388127,4.917989793874962,1
0.4858026525041015,6.270351001829124,1.1734988141390323,0
3.995211086948914,8.573295093798269,4.781345150031264,1
7.19783746165079,1.3266988870672936,6.625597933157296,0
7.677517871943806,4.69807898136385,6.857538452885029,1
5.514891075234175,2.678571914738618,9.057973148787413,0
4.8003056176330885,8.69183275311232,2.8683505511070395,1
3.925054606510284,0.4241613253031984,6.5787055330929824,0
2.003463245306257,7.910223711098677,1.291428302318609,1
4.034420860561413,1.183889580676537,6.2113536935405635,0
5.008783870424274,7.49961107432707,3.7683161104397342,1
8.580278949487495,0.6514380073342274,4.973314504181786,0
1.980054050023995,9.009423787676923,6.466863542275441,1
3.5263138805993375,3.1463770602603436,9.468653222775965,0
6.171322144138028,7.471774428686155,0.4506467956017357,1
0.6230008377244922,5.352204519402385,9.338034274151598,0
8.807790908634976,3.0199770948311935,5.50238932044027,1
1.9808780368095957,4.7853042245039035,7.682917051887922,0
8.941242193978715,4.882320993618881,6.844093942542116,1
1.6842252303526795,4.484882518539184,2.5356727652331204,0
5.1337283637877,4.722900998667805,4.7684249088227535,1
5.350544188254828,0.756392101415877,0.29659430409053944,0
8.998263576135743,0.837049389817327,3.007604471369245,1
2.0959061136089274,2.976755012255431,2.479822852924638,0
6.971125851861673,7.164957078125639,3.296365674391163,1
2.172074698630455,0.8742175841358513,8.025033832404791,0
5.527263458209138,7.807798792267605,5.397732033826765,1
3.4737376145312227,3.702312682043668,6.25634793842679,0
9.599341707695624,2.6985470254067954,8.288670252543731,1
7.1142162870884675,0.425257110686329,2.8607564767828553,0
5.366368639434298,5.985152728030508,1.8349278109953815,1
4.245128857643693,2.6573924703251484,4.000314559228554,0
7.849775503847055,7.443107392017735,4.829689234920397,1
3.891665948147296,4.516662154152441,4.959180405560096,0
4.584583626095496,7.894970485624451,0.4813250786660328,1
8.221592772472391,0.47761728172915685,9.41037028748511,0
7.6912344872052145,5.742886840365037,9.981909722094699,1
1.6892403627037589,5.7325493265271295,0.3517991055633518,0
2.32493348025947,7.299148654620127,3.1285199829014254,1
3.300128623099492,1.5957228192226258,8.996274982278287,0
6.177863322135301,4.23186393735786,6.505840818841505,1
5.889690295685099,0.06412610905464522,0.8539626785290022,0
7.106616769671017,9.650566678651446,5.876809812915001,1
4.855421893857882,3.15825825003082,7.461346399287368,0
8.568972545990338,9.014681867941496,1.6655809798007903,1
5.974108722770726,1.281647066615157,0.937507520611992,0
7.9806654393462795,7.279069317642147,0.00434156030239774,1
1.4524866130589187,7.248077475173904,1.621838529284717,0
2.1453080712918338,7.7755758558597785,0.19040406260397713,1
0.008851051371322471,2.8691832315752572,8.16245603549903,0
0.8422757099417411,9.931679516286426,9.23681603744275,1
1.2977600682905244,4.412073480178336,0.07317528730910183,0
8.564001923801243,5.47672739942252,8.790136014444766,1
0.8554413043466613,7.409904226934824,3.880282404608745,0
9.4810099689239,3.633737610411999,9.429571771686335,1
0.8159622944260791,8.143297867545453,1.596622636149232,0
8.172622791699867,5.624341467678057,4.215778233076666,1
4.412940206181801,3.683970869604869,2.073716692921556,0
8.243137550137128,1.4937133105952327,3.909841700959089,1
1.0410261310986257,2.9412100129831997,2.399804348230904,0
6.3314302667222035,8.32053348606786,4.204963652264301,1
4.4339441031719655,0.6571604870960679,4.8978403125629635,0
7.66880702575544,6.402880503044125,8.359826857224878,1
1.4963038843592635,0.06462050380084072,9.740125312870479,0
6.247987535178298,8.53629364568386,1.8607168051470402,1
3.6782254081615537,4.567659550078721,3.3862974848781158,0
5.613226070356364,6.106952019462092,9.36335943952037,1
4.753200500848644,4.147992469828972,3.5330700347660438,0
7.498986127789674,8.372549963,7.585268835762023,1
2.255236109369414,2.731402051989853,4.712290906758964,0
7.440801338838034,2.330627485361857,5.8428385516284385,1
1.1918856326521676,7.3910453656705375,4.390786175347516,0
4.163679597977455,8.24916342948608,2.9902834412889003,1
1.1134421842973374,5.274564794063499,5.486060259049372,0
8.706885647391333,8.65086012429073,6.831853294100539,1
1.84117971548582,3.542230838919399,5.223326026716276,0
7.09563924398192,3.1431360118204155,4.641888541680185,1
1.9673223753754288,5.505028036441234,5.871270304291408,0
8.920708564336083,1.751966781735106,6.937652982969617,1
3.9501013290877696,3.1266028200260623,7.197258687456342,0
6.803497543201342,4.391422288130784,5.834510449620209,1
1.7459315049147262,1.8573088502837876,8.081795987822279,0
4.148254442940498,8.413118058208662,4.309357090295394,1
1.0295583880690462,0.42567887087132106,3.0587386624926074,0
4.564643006674546,6.244758077919626,1.7172239459186023,1
2.204842564983159,0.8136683717723203,9.100115922085935,0
8.426755394375352,9.094139759195041,3.602549331020221,1
2.8131835611151046,0.8779396730903566,3.967385595131364,0
7.431772467753803,8.406978933534916,0.7644546010855602,1
8.260905486527207,0.055395972742041666,3.972749110375041,0
7.967685477531954,2.799206526427186,6.514951237065207,1
5.742325600052891,2.0801867800217435,8.425530402094644,0
9.407311800394144,1.3914436030341915,4.175601347865072,1
3.6983724809739584,5.583814011539121,6.264730031923619,0
8.668358299602898,6.122222228179934,6.69125503607334,1
5.1767024815450995,3.219209102320393,9.880952925037853,0
9.336447271879049,6.361678832907244,0.621906627743104,1
4.17633111867107,4.679851036618641,0.9250893252585968,0
8.742469324370234,7.733836165828119,0.21015849445579216,1
6.0525481636184,3.1729701132003973,2.9687770485957543,0
6.015966114682635,3.5890351657640016,4.098508502262898,1
1.947865888798599,3.167479503498014,6.961578927655678,0
5.670470615461214,8.027868442201164,3.3888365437594095,1
0.36258018365213696,0.7633777391087448,6.780523711339094,0
9.721771194331284,7.298219835520868,8.711458164697671,1
8.127052320624541,0.561474494182026,5.09995641184778,0
3.683400220326569,7.932851251507972,8.719114058526339,1
6.988714427420572,2.2942133314164614,8.825549334183243,0
8.198955411148138,7.336616043306101,2.0516827091357293,1
0.44912701452350157,0.842966726825547,7.351217102840849,0
7.572222786917997,4.392016246154009,9.316744851575017,1
5.516463254217056,3.370450368410979,5.299889478020842,0
8.980784404859554,0.9585290870180618,1.895535403166122,1
0.08167773721004634,2.484515665453524,4.049224933085798,0
3.2520941178917138,6.888517092271415,0.6933810307974064,1
6.358676727126752,2.0083208496734164,0.11834576438076838,0
6.567176403314864,8.56586072093999,6.8913086688949,1
2.8519485289351,3.0388840345948687,0.9204813417143576,0
9.90916813376862,0.29375772739528183,8.683214749858422,1
1.4706875826313381,0.8292851869103168,7.948384372550378,0
8.963191053102493,5.004901735826831,9.007504325459612,1
1.7814270518205688,6.41134795971927,2.3051180483633305,0
9.72599563525505,5.763148212904078,4.6786382366377826,1
4.706840574303261,4.433080456496996,6.1378786870913515,0
3.2698713893881393,8.139783309103233,5.416944422241036,1
0.37268039017206767,3.580294887286224,3.536709754834649,0
7.29805753077701,9.63843211141045,3.2946304308763885,1
0.7986330036882594,8.422575978575793,4.266265098228277,0
9.91058559632338,8.973892178745377,2.5681487042371853,1
1.633086126579253,0.6796407430585716,9.101278434416354,0
4.813619328387002,5.444458396517046,4.016347334504112,1
7.13962407488549,0.845218516582944,2.6179441648202086,0
5.215212632202983,5.414064340758857,2.7147366845921272,1
3.1314778544781543,5.085895164222542,2.3170878130313044,0
2.5339090662129915,9.915955153019846,1.9777892551435883,1
7.720789131644211,1.773561958508847,8.927066784038045,0
9.268083341937603,5.494306252343634,4.383959074986677,1
4.241205686863092,3.050028280749041,5.1545266896851425,0
8.407480925115516,5.355619939273054,0.06323548894651032,1
4.470591944902905,0.17290417244406497,5.627256990632357,0
9.030070955693182,6.77610948676867,1.815226971699203,1
2.1127135254564946,6.842763863117146,7.170662644658349,0
5.89804631219594,9.73738222878481,7.367543881580626,1
3.013241202869149,5.704084637741317,3.9168366600717928,0
7.6126420910443935,3.8782534451231667,2.019585358514794,1
7.850770692294012,1.4045140326098338,5.693579594259116,0
7.763499932383318,1.9894228275343295,5.576333064895303,1
8.951106177635474,0.3084340210555647,1.569887875935193,0
7.173687900585861,6.552549520584636,2.792543871940035,1
5.2649549659503325,2.282560499002871,2.7370910361014666,0
2.24248269652887,7.444865968355121,5.593831881552074,1
2.7814501438406234,1.6621052259873537,8.338870319507778,0
7.281428145784483,6.608514666180758,7.066160975259127,1
1.8610977672684736,3.4541039442765973,4.097395597860834,0
6.929800319692943,6.971830165487924,9.892403555802606,1
3.1413169321864953,1.1408165270625281,1.5923771336536474,0
8.813251144928733,6.44952336223095,8.218488239492018,1
2.4755738660320614,0.5680513816139454,3.3799135592564733,0
6.537092769901123,7.777832207863391,7.0505689145225166,1
4.378169669334197,4.029734868928017,9.01371153380238,0
6.803108823476399,3.756333269631087,1.5167980545385573,1
6.2718843583870765,0.3769637661770042,0.2486952419328936,0
5.821466010536502,6.638940293366397,6.692051763357715,1
6.562608367507272,1.840612189584705,4.685155074611052,0
9.268442244844564,4.958906699647908,9.579278649233423,1
3.1654145223773678,1.6706265621349847,8.552095499109779,0
0.9836716436520532,8.82565206175444,2.669381184614983,1
8.03321645352751,0.1978891608314648,1.6874758019218217,0
5.984830940879241,8.733576930733607,3.3695274626302583,1
3.0256029099588924,3.47741498026339,5.6347813537574485,0
7.327397115363321,7.515448866741506,4.094371377251344,1
4.012315330837253,0.5693187907957731,2.1070312628861156,0
7.073143121226774,9.594630167547768,1.6950963655182671,1
0.9593152313819864,2.927864276163051,0.15672142040937698,0
7.740453762060654,7.743525777858906,0.002280882005246676,1
3.4983511117387645,4.683498069459576,5.132043116210902,0
2.8913751776073204,7.913053479607274,7.11142183834413,1
7.49935598940422,1.6287090365849055,8.618897010970969,0
9.175633412778538,9.91632718334572,5.008067084515803,1
1.7712014949555321,4.102774006238622,1.7517832564560398,0
2.7503324423825104,7.2041508233891065,8.194104659370447,1
0.7290199385498419,5.557925622004063,8.637523947380062,0
4.238546836021825,9.14961647968266,8.98858438869377,1
7.857257643858753,0.27874714604623985,4.912715177931846,0
6.122211448335398,4.39726977082934,9.856861341455609,1
0.71007537494719,4.127884554592214,6.488781037222776,0
1.8395330229839102,7.836620689653115,7.636803893320517,1
2.53039501423257,0.5357582184397736,0.5703204560977437,0
7.823811096472629,8.271275202309985,7.623479636369522,1
5.158250560940841,0.9688611986007001,6.418695961652987,0
5.101027551037928,9.699670634701361,4.707354030804744,1
2.4117760049279067,2.5320473258124743,4.602616236306803,0
8.777813741941388,1.9545879671802224,4.449602181332612,1
2.1231241824251166,3.785131466421554,3.4531323503506894,0
3.0323245674207246,9.110012777966046,0.6696158556205323,1
3.5338791583645532,1.8721333629906767,5.454239959691817,0
