feature_0,feature_1,feature_2,label
5.4881350392732475,7.151893663724195,6.027633760716439,1
0.18789800436355142,6.176354970758771,6.120957227224214,0
9.437480785146242,6.818202991034834,3.59507900573786,1
3.1542835092418384,3.637107709426226,5.701967704178797,0
9.883738380592263,1.0204481074802807,2.088767560948347,1
2.4442559200160274,1.5896958364551972,1.1037514116430513,0
8.209932298479352,0.9710127579306127,8.379449074988038,1
2.828069625764096,1.201965612131689,2.9614019752214493,0
3.1798317939397602,4.1426299451467,0.6414749634878436,1
0.9394051075844168,5.759464955561793,9.292961975762141,0
6.674103799636817,1.3179786240439217,7.163272041185655,1
6.063932141279244,0.19193198309333526,3.0157481667454933,0
2.9007760721044407,6.180154289988415,4.287687009457661,1
0.11714084185001972,3.599780644783639,7.29990562424058,0
0.18521794460613972,7.936977033574206,2.239246880603801,1
0.5802916032387562,4.344166255581207,3.117958819941026,0
0.6724963146324858,6.793927734985673,4.536968445560453,1
2.5394164259502583,2.13311977367482,5.1820071393066325,0
4.6357542436481065,2.7762870629473193,5.8678434645816875,1
1.1753185596203308,5.1737910715411415,1.3206810634515331,0
3.9605970280729377,5.65421311858509,1.8327983621407862,1
0.8342243544201855,5.521924699224066,5.844760689557688,0
0.16429629591474204,9.295293167921905,6.6991654659091004,1
3.4723351793221955,1.4814086094816503,9.818293898182532,0
4.973913654986627,6.394725163987236,3.685846061296175,1
2.2431702897473924,0.9784448449403405,8.621915174216833,0
9.608346580630002,9.065554992211789,7.740473326986388,1
0.8110138998799676,4.072411714138074,2.322341421709427,0
0.5342718178682526,7.2559436421057875,0.11427458625031028,1
1.4694664540037505,0.7952208258675575,0.8960303423860538,0
8.605511738287937,7.270442627113283,2.7032790523871464,1
0.5537432042119794,3.015986344809425,2.6211814923967824,0
6.832813355476804,6.956254456388572,2.835188465821666,1
2.5942256434535493,3.7381313793256146,5.87599635196389,0
0.44612301254114084,7.99795884570618,0.7695644698663273,1
6.455702444560039,0.3536243575549092,4.304024395080612,0
5.36177494703452,6.813925106038379,2.775960977317661,1
4.240322518898419,2.586840668894077,8.490383084285108,0
9.589827218634735,3.553688484719296,3.5670689040254286,1
1.8523232523618394,4.0125950080360875,9.292914173027139,0
9.453015334790795,8.694885305466322,4.541623969075518,1
0.15606064446828216,4.287957224982378,0.6807407397472021,0
9.742562128180502,9.90345001560894,4.090540953730616,1
2.7243689546596253,3.7905689607742854,3.7429618332091605,0
3.044684073773195,8.391891222586525,2.3774182601563876,1
0.7086977818420837,2.9279403144051885,1.5235470568773046,0
1.3128932847325603,6.04117804020882,3.8280805915785407,1
4.017135353795986,2.48413465082971,5.058663838253084,0
3.7303486388074747,5.249704422542642,7.5059502292898745,1
2.5364252425682277,4.46135512659202,1.0462788874247408,0
7.4009752561768245,6.805144811428258,6.223844285660048,1
2.0492368695970176,3.416981148647321,6.762424822774628,0
5.436780538280952,2.826996509455366,0.3023525800598259,1
0.07884103508440377,3.726790698209955,5.305372145627818,0
3.426109843415903,6.222310588397949,2.7906794822859835,1
1.1570323332709365,5.771402440203418,6.95270005904686,0
9.488610207205074,0.027032138935026984,6.47196653894036,1
0.9088573203240946,2.2775950153786093,4.103015626901256,0
8.869607812174175,6.188261682413765,1.3346147093493443,1
1.7477200416093996,3.8913467710118574,9.521426972954208,0
1.6046764388760104,8.8630466608656,4.4639441548320296,1
0.39615522579517726,0.5994429824957326,0.6107853706678734,0
7.39883917829101,8.98062357213735,6.725823112965213,1
1.7465838539500578,3.279880009080797,6.803486660150016,0
6.07249374011541,4.776465028764161,2.839999767621011,1
0.968039531783742,3.4339172879091606,5.910269008704913,0
3.9725674716804207,9.99277993922171,3.518929961930426,1
3.3549816967589963,1.4768557820670736,0.6263600305980976,0
4.322814811812986,5.219962736299824,7.730835540548716,1
1.1732048038481102,1.0700414019379156,5.896947230135508,0
8.481503803469849,9.358320802167885,9.83426242260642,1
3.8033518352757314,1.4780867669727238,6.849344386835594,0
8.620625958512072,0.9725799478764063,4.977769078253418,1
2.415570400399184,1.6902540612916128,8.595808364196214,0
9.799623263423094,4.2370635345547285,8.571249175045674,1
2.712520767618641,4.0379274066733455,3.998121400093307,0
3.447181273755077,7.137668684100164,6.391868992253925,1
5.369230010823904,1.1047711099174473,4.050356132969499,0
1.097844580625007,6.063081330450851,7.032174964672158,1
0.29190234848913255,5.349168549270839,4.042436179392588,0
5.181498137911743,8.427768626848422,3.7321595574479414,1
0.8053200347184408,0.8531092311870336,2.213964462927722,0
8.56276179622782,1.6212026070883323,5.59682405823448,1
4.564095653390666,1.5336887785934572,1.9959614212011434,0
5.282340891785358,3.494402920485349,7.814796002346613,1
1.598452868541913,0.46806354712188747,9.70731442770633,0
1.785799680576563,6.128667531169923,0.813695988533053,1
3.719187485124613,0.013833499989991394,2.4768502249231594,0
8.587774682319022,4.58503167066445,4.445872878113008,1
1.5638334886796301,3.0419869159940784,0.7535906908334034,0
5.964330653496227,1.1752564290363765,9.758838684185333,1
3.917969385646658,2.4217859412608544,2.5039821285357275,0
3.7740657258888732,8.093649714891985,7.0903546018329,1
1.8303329207992114,4.030260024042887,7.452329600321291,0
2.153982043432382,8.583376386342625,8.028933715613341,1
4.835181274274587,1.4031601792341941,3.5899527833963205,0
9.233053075587083,2.828368521760829,3.3963104416619916,1
3.481919427465201,2.1145479578241355,0.5938318800578923,0
9.185464511903499,1.2012018216347597,3.3447374149611484,1
0.9973294723475401,4.755891170848438,8.200224358697518,0
7.057100439896077,3.952332435363368,3.1083997714331604,1
2.9084090665674256,1.7979529083354162,3.4550565635633443,0
5.221758690021191,8.53606042296272,8.894479088158665,1
3.2233353804661813,3.165007454536064,4.82584241712101,0
0.691826587923895,8.791733376874046,7.348137746305611,1
0.12171156943258765,3.228295375480875,2.295674446919498,0
7.368531616807855,0.9767636744772412,5.149222019367684,1
0.1006369565609333,4.758261958572227,7.087703909410487,0
8.7952148302373,5.20081416635673,0.3066104832571792,1
4.714573193542654,0.680930992421066,9.438508573508194,0
7.193890620039736,3.499928436301689,2.5438240111762433,1
1.2729402542007473,5.258089530767229,1.418172757014775,0
6.267064759591049,7.275436095907498,0.24272704622061214,1
2.327726721811121,3.106292182913063,7.912274310191123,0
5.580512366572625,7.0494806192275945,4.186368635700265,1
0.11355128512192558,5.112217875736866,0.8329097971899924,0
9.655166391374733,8.590026396580585,1.5202722720956952,1
0.6607426385167192,4.72413789171073,4.382559469717036,0
4.235876367143044,3.577578840803387,1.6368426115164847,1
0.020646355744217137,1.9891133466685962,9.5612315955996,0
6.383901057769485,2.808594946322427,9.478218871115896,1
3.923189400654594,2.2121812773159233,6.837264472760463,0
3.4989768050387893,7.06410577667011,0.24577024306966067,1
2.3057128969382,2.687090287568493,8.002556035835235,0
3.1655021002708663,8.268052703690756,1.039908379712331,1
1.98990939925484,3.6747532225192723,7.068718094201221,0
9.279761665983578,8.66860913659375,8.161507522663683,1
2.763371527370494,3.695235401396495,3.798939037860174,0
6.68218229542771,2.867166830403943,0.19462467309300346,1
5.024530743128972,1.6981950317171468,1.4837893767737564,0
5.676927488368441,9.829991349165324,9.822477772883442,1
1.1655861242959853,3.576390348482188,0.04654836837183485,0
6.64197105081149,4.016881850039887,0.8579460051983512,1
2.781165127648617,1.6931269054360076,9.650949732179694,0
8.054624374049965,5.861079417411448,5.692869199842944,1
6.751259138207569,0.21358682938348306,1.0231681588759423,0
9.829901099578397,1.3974577886495498,3.305963007592103,1
3.312688802927263,3.203262865108316,9.468071709445221,0
6.605361771445402,1.5236448365130972,9.960712710101872,1
3.9622274466174403,1.6743581945953923,8.21903908407869,0
8.830775973191352,9.66575106924164,7.747476141924986,1
6.147698861442988,0.37129603891447815,0.1425151515029588,0
8.234717190675372,8.66134706324731,9.608125288226779,1
1.6892611586456563,3.740626250073257,4.13780219858266,0
8.103020815432323,5.775900900433487,0.7527727983273447,1
2.1986077664160697,2.742957038427515,7.0184048294441626,0
8.733194279019036,4.4447895535227,5.023932939071011,1
3.183789366661766,1.681421180228203,5.561331794504739,0
9.580671779934349,9.657342779802807,6.201258805682414,1
3.135906117427012,3.6553902811807637,2.012667657608654,0
9.903685221395795,9.121509530115887,1.1834943401946907,1
2.596002334976195,0.6007796431325796,2.0986047387014195,0
1.932362924745561,6.85467145913117,0.49499744261067735,1
1.3417363807828764,3.1654112095813405,2.9875031085194093,0
7.505366534324162,9.980227877581006,5.339779236287958,1
3.966101121260647,1.0668244680271344,4.087738294698373,0
4.934069622891782,6.570436769164232,4.610502191524082,1
1.3168728181445688,3.970136667776334,7.044015394011737,0
1.0398807754342043,9.078984575106281,7.090508098155446,1
0.16252788677369678,6.428033753085121,4.428730246222124,0
3.2147293085420525,4.741848122636218,5.147671040351863,1
2.9138882053690276,0.3804468153505791,9.565441046882423,0
9.642004194547816,5.314942783313078,8.020685238956139,1
0.3042651533700591,1.9362329040249648,1.12249992587386,0
2.218240305099961,4.939452556622013,9.296187394467545,1
5.886621546814742,0.4551071396259154,1.9798279993979484,0
6.012771725737763,7.719308674089599,4.130861259038863,1
4.144565348056797,1.2749888176998847,8.406409082004778,0
3.5027120734485417,9.197379807712737,9.607664734451006,1
2.2890759972439403,3.5798393686119634,4.3514198651632965,0
7.223915186982364,3.1763187327394613,3.2895375991898312,1
0.40874860094018306,2.578216943085364,7.402449976749566,0
7.6978902067783475,7.689194362148218,8.565674676693012,1
5.881576704911717,0.34267040352229494,9.985265777083542,0
7.403471966315919,8.21015195124309,3.730545293052032,1
1.816223946456883,1.1222431582828851,1.9333464076691398,0
5.065316826226239,6.2946122700915215,7.321422191397015,1
0.42763137947798846,0.0036734375145786036,2.7373262938846423,0
6.3836289500067736,1.017702665445448,6.730101338348399,1
1.853129195793668,4.151252548317938,5.199849899533097,0
7.9982993088847065,9.605223981193308,7.9895316400817995,1
1.530968968357228,1.9751910684608542,5.283151270573506,0
4.70321282336041,9.596956390292435,2.4029232003016663,1
0.9285121306796795,1.6654207272882082,8.511984717150039,0
8.180772251738613,6.143462999796308,2.2149017880295774,1
3.3909458847740304,1.8873221095938586,8.029753783638379,0
5.1683304038097075,9.829264779958555,1.4405854109084226,1
1.1646325416191616,1.631817055141207,6.962192002506188,0
5.658450954187108,4.202335364726536,7.2847396554101485,1
2.3125495297968843,3.0787409796002327,9.454309703916056,0
8.846220568448427,2.064514112463147,7.975263608679399,1
1.6674158011136264,1.726966861550493,4.815533546282057,0
3.216976184636222,4.26593909598879,0.24548116523977592,1
0.9412243608551696,4.935785311461767,8.257381885570963,0
2.3797254293463532,7.619265114495991,8.907643464500932,1
1.0730103151550452,0.09059999522384898,1.9172410992184563,0
6.1618299061595945,3.842731752423184,7.034070306614735,1
1.544254246546003,3.126898434860351,8.84324226389135,0
2.075127340673685,7.884683870244413,2.733487365398707,1
1.7820095493926813,1.7117204815515852,4.318426506497062,0
0.741245179130241,8.444704924187343,7.7160280669434975,1
2.6637039160909683,3.6859891994357543,2.1927938520306753,0
1.44240102021566,8.40016697735278,6.6157764822983385,1
0.1331611324646731,6.062619062265414,9.890880753568537,0
7.439378206317415,9.67046791979323,8.748423619393389,1
1.0128424696474214,4.835006583839601,3.13695054022317,0
3.017015746396532,8.618229919755958,8.443270139828222,1
1.7527551956309018,2.0196642842420323,6.937233386722279,0
4.905490547939327,6.096864651471213,2.126824088118288,1
1.1207188087491515,3.214219252756647,2.847797050309543,0
9.30126362243697,1.812676621478424,4.013882466247205,1
0.8105378863406154,4.807413971602644,4.545898672304828,0
3.474596681158475,4.541652683483981,8.652114629106292,1
3.4908734198767544,1.9419420761346906,4.131347717827648,0
2.2500159467716205,8.373263760812975,3.269422497741906,1
0.6833637743884757,5.008281900016218,2.8648634831524236,0
6.836015003535571,2.6874938707673546,1.2976262256838134,1
0.4248960823815817,1.175459407560635,3.8165374664543217,0
1.4803867927776204,8.239900940026955,0.14976260219019433,1
0.09284450505927078,5.320924091720286,9.427794095611935,0
7.142998462937436,4.938654869205371,5.818889426345698,1
2.9772294755562134,2.2701777179605784,1.2516165796134293,0
7.808851846280236,1.663246137196387,5.526864711082139,1
1.5148600780619281,1.6207298502996548,9.634699947451857,0
9.414392916839432,0.756106730650844,4.608030422931906,1
0.04787385241172171,5.537660737060765,1.1389410481136342,0
6.9811637570689955,1.7633290746448915,9.417421432655166,1
1.3159685036669,0.39210539213897055,0.25231827287816144,0
4.618534421619371,7.26243281306127,4.7487170071400895,1
0.35219804575407077,1.8066062154063434,3.3851449277014267,0
8.527361578939423,3.5020195195657644,2.6798868250442007,1
6.019436981131124,0.6336900454884831,4.098574499073387,0
2.387388407706993,9.438275890731484,6.867833676432891,1
3.920217173051701,1.439765340953817,8.048229649897223,0
4.086773974546853,5.1843230994266944,6.6518284441188875,1
0.2719779440792025,3.175036991866854,5.955850196361631,0
6.925546268631271,8.196898055745352,4.884424667302759,1
2.305946366587215,3.4401017565085388,9.482967516582631,0
2.459906059565867,5.831379784738219,2.5803595674175464,1
1.8420430651882713,2.3718963205167585,1.835044670713385,0
5.358829812761117,6.6763380145846725,8.204621608393737,1
0.2927094010104414,4.3495521902687795,9.082730864154144,0
3.32248916442747,9.895250829450271,6.444155642370132,1
0.4585035510228097,4.638946746593172,6.839796113664752,0
5.724502181565559,2.247773283926646,8.477393315953481,1
2.779353572089586,3.1840293461058753,7.289476961434229,0
7.890359725593335,8.301965798350519,8.42934859301282,1
0.8046718397913877,5.421869540924683,3.5600725963490696,0
2.889067713573552,9.73641518256532,8.595366270217113,1
0.1923205935154848,5.698721513148089,2.946502419545467,0
6.328496569149625,5.388770043211098,1.145881696756057,1
0.28256682971756764,1.1380819802357156,1.0207172911915185,0
3.3965102385253476,6.3796854474070095,6.037829038425656,1
0.5029106314738907,4.20910135737091,2.569754591527016,0
7.914537299609295,6.238667252688535,4.39745311842848,1
0.4134637231655669,5.301993630119021,9.514108146164075,0
5.846628638893966,3.035488506537072,3.2996088376919595,1
4.91784035635577,1.3111622896714559,2.484254759736073,0
6.68782542992261,0.7247392424885613,0.05494817809162722,1
5.165559410991961,1.3307599018416627,7.7345467152191265,0
9.630938902119272,2.835137822930344,2.630787802965846,1
2.3454990206703084,3.3714911366495146,1.9026050892333246,0
5.7149744646245555,7.328151240366955,0.9824991345203671,1
4.274614056932559,0.009032855212496305,0.6981430295969493,0
4.811019640158118,2.5152273816861284,8.766818922230481,1
2.2712881689932365,2.916661334230033,7.763336816594462,0
3.805828679202846,4.785758584818498,5.751111164699841,1
2.322097551635923,3.5342370324816885,2.62891177010511,0
7.283789963268682,5.167387148180484,7.771927284034406,1
4.644903532208423,1.182361287358663,2.3361814501958,0
3.6180123916913933,3.8163932039592585,9.47308581833241,1
1.8621159518672326,1.8839952278280425,4.358412131383109,0
5.265842599978379,8.866832208474523,8.309087977775759,1
0.2323662670886173,5.311037709686289,2.047813619358524,0
5.874885247317233,7.726041436328025,7.7486544922518785,1
4.069464002715893,0.445096271486205,2.478386469907697,0
9.622799113275983,3.5240712000938212,8.941725152929719,1
4.09295312234762,0.9671126219202164,6.56938961900144,0
4.849052751990373,6.831918502525339,8.21237600949111,1
5.84644597787864,0.9127072085677812,6.004710432403803,0
8.67580851341647,3.130988817359902,5.765950773635247,1
6.238679005772775,0.17029842112618043,3.779764739828766,0
6.813303587402347,1.6098786131341913,4.605967486545007,1
5.3470817441659335,0.24614528029824556,6.197720842759777,0
7.939083830987601,4.235498168153971,5.534504296698862,1
2.602465772917608,1.5427777765800355,3.1212101528169987,0
7.568327604735129,7.331093038467983,6.696849008553338,1
2.861476039966042,3.1342052273491317,1.9085000416415399,0
8.583981340466858,4.616393613188368,3.6725141256017046,1
0.8964247609873699,4.211107588880808,2.6121895270342166,0
4.54386298099938,9.762733967391181,9.442598201028373,1
1.6390990010976536,3.6589214535693406,7.433402256486646,0
8.069512875713338,7.1881571103754185,9.428394462110163,1
5.1909893933186355,0.9680321926902558,8.89762135819764,0
4.496944303093088,2.846940663904305,1.548694156544791,1
0.1434914774035012,6.114853239164696,9.958300034113988,0
6.172379466181479,9.14398886797885,8.13581681651062,1
1.5851485058039905,4.095268315182661,0.7687299375237977,0
9.537061819630834,7.95252812224187,3.897864227871187,1
0.7614516220153023,1.580597336011924,6.650816241420333,0
5.882017770788353,9.828033489679264,4.994614891065746,1
0.7319729852497836,1.5411716937731978,2.4499020990495044,0
6.1242524909673435,2.3260187745708425,4.8922549931093755,1
3.361230863654765,1.1680700716264036,4.325966430678648,0
6.461810255983273,2.063730118576239,1.6090979579308917,1
2.8702022134098435,1.795001688986303,9.999640185426024,0
9.26802475830331,1.3420494747630474,0.9113640612930685,1
3.861383798498257,2.7363831030002284,2.107106425777696,0
3.691611951062197,6.325089742882501,5.146255360086313,1
1.0409193213346701,3.056953793966788,6.942914872263741,0
7.340756777304886,8.57978579001121,4.533040523767575,1
2.78468962069366,0.05051870005087333,1.8630351666635603,0
8.672860771213566,2.665046387489214,9.637488571210465,1
2.9758537475118008,1.5280763544988518,9.01611069510674,0
3.2741140405268245,7.034304233584269,3.3530340980955464,1
3.01768552165938,1.649889392381687,4.576847759296237,0
7.015059521248777,8.463315580765876,2.2848165567358047,1
4.006574116898545,2.902266451589226,9.696234687543495,0
7.522108254992379,9.499142669470027,8.170569837942127,1
0.6958710851901795,3.6547352532599353,6.979152283282977,0
8.61405895641521,7.907728499829019,1.9404254918460295,1
0.737869831214143,5.784515481629375,3.9711199099606667,0
2.664612761793829,9.095826774815608,7.609418871744561,1
0.41436131732719317,4.008401541544574,7.903403526216723,0
9.621707754778747,1.0620186761913764,9.115463022293834,1
1.3388777438627453,0.25210168791350074,8.573880573235492,0
1.6992866211855884,7.687722230537536,9.668005974515538,1
1.536665427726126,4.444937233583467,4.950963271763734,0
6.596954981260428,8.26683031845896,6.602909185597778,1
4.929217499970573,2.048776928975975,8.100038608372,0
1.3950519378682968,8.04894026870866,9.585859103625783,1
2.935122520864435,0.8177517820756608,6.644912264494156,0
3.375705361260297,8.757651744100993,1.170530991510319,1
0.3801823254250791,1.2838991014788892,0.5579081250085316,0
1.3479496387094703,8.496728266087546,3.5103469937245313,1
3.650435474567474,2.676840396928765,0.9366070118905723,0
4.714797167172799,8.175087988967956,4.525149547686978,1
5.416330108548229,0.24945629811443437,4.153673001912725,0
2.342916462498248,6.986299508481587,5.0369730518151625,1
0.7017356786490447,5.0075875292196095,9.635994443948874,0
3.000318716171253,9.561498341240192,3.8923725195222736,1
1.4800405635003122,0.8568587472942246,8.096423277988297,0
4.929736039228994,6.90761273833775,0.697882801784182,1
0.5984631555085063,3.022072827360107,6.772124291139527,0
3.307249654946358,8.334788758433763,2.762691080120896,1
1.5578561895406717,5.0464619163299105,2.5901891727544424,0
7.335704476706063,9.368628255593556,7.738629651893243,1
3.602481588123011,1.3524329595586326,7.362608014758756,0
3.1658441102995285,7.835077656425353,6.102130583369875,1
0.887579854194529,5.50578918134944,4.543287263886456,0
8.921133349667691,3.828533055360012,0.39126111432281396,1
3.41934148164293,0.7681845397749132,0.5535631313436384,0
9.23341084521733,4.930168542378287,8.440937119585831,1
3.995204466363517,0.7679747022711503,2.1435952961809965,0
2.484852881360492,9.97857983023348,6.939881399885445,1
1.6174119463151948,2.723958026607546,7.095910479712436,0
8.712971622020502,3.465341756581186,1.808393999158191,1
1.4977640928588787,1.640043891105587,3.792357544563909,0
8.313036590972589,1.6284904601703887,7.519060360067699,1
1.7763229007560877,4.1295045442400635,7.057804229844352,0
9.648820793397025,6.4645591136572245,1.4131404979592044,1
0.9306714007783212,1.91173764997013,5.9795090067912104,0
8.938676520674573,4.0004388668504856,5.5858302858723174,1
4.765403405180947,1.7307226036346834,4.624263902991456,0
7.16975072981546,5.844829937642723,0.9133379816877518,1
0.7923702594059778,0.18173019276237823,3.5259611513765576,0
5.946476814330426,9.286424880696137,7.19852027771192,1
0.1368841098409168,2.0991999008691997,6.999887646268611,0
2.745946998202861,4.343024714010239,6.611487655814131,1
0.6722903999121377,0.35538472534346055,4.202593395983754,0
7.873648145968252,9.109833531625064,0.3129252790977377,1
1.5570077014486672,4.7660392304326,9.372935385658476,0
0.09247106979528796,7.524914090061574,0.06237766446710369,1
2.931872905734214,3.162919638346049,7.306790666385901,0
8.640576917926508,5.905726936267424,9.699110259492697,1
1.4724767267198968,4.424158153889981,4.940925279881824,0
6.27917243196169,7.745664242016154,4.850968454312909,1
0.9990807373006061,3.6366044110441598,0.611974471035418,0
3.8956684847219227,9.202335372777398,5.670718548946909,1
3.515095811182211,2.939912529790484,9.245052110687334,0
6.522451880766583,2.8030923505056338,0.979187987907415,1
1.895738658444951,4.837735463096444,1.658536536758377,0
8.865051551042045,6.356772638808419,4.344416552185302,1
3.6640990030282525,0.9538035199349248,9.666819873735141,0
9.567513987490006,9.866223213334914,2.9612672735239554,1
5.11806560066037,0.08187288629735945,1.7483656324410912,0
7.314502491590121,2.6887823039034853,3.0596559055389094,1
0.9625672462431201,3.7292509626159465,5.425058428622357,0
6.492693259871776,5.544287273924114,7.17185240298106,1
0.8688029011205078,4.7131720071073255,8.60143500304649,0
9.4168310582509,2.621785212940809,0.9630180211077544,1
2.7879141669105545,3.024312445516868,7.436427238772701,0
8.603830798416068,8.035044982271469,7.465108599826601,1
0.2699029143169318,3.114649593908826,4.744532722181333,0
9.146942995496945,7.3863871146225,8.566662819793105,1
1.256644453137924,5.4407113368889295,6.9737082571724995,0
3.715344084564789,3.465568522036966,5.158542979015847,1
2.8779760927296074,1.8710434243329277,3.0073256395315373,0
0.027709566256819418,7.558082877570287,2.2567745243280193,1
0.04768377764269971,3.011878083654256,9.204871188372717,0
5.034788381179114,4.0722984435770435,2.942492583320867,1
2.5875067487854917,1.9815949993946502,2.4375179333158528,0
7.685456376763616,4.271068084560682,0.13781904624582508,1
2.319140434141694,3.776908204064149,2.0308717051667458,0
8.265186324941105,6.46438892397248,1.8609273130910209,1
0.12210519663421904,1.5453962047570513,6.844190447515897,0
8.359645694289803,4.288980925565181,7.129966963549856,1
1.1571815121321471,5.61911457807729,3.3565001754871835,0
6.475524325933526,5.6302383671516605,1.7164081662818076,1
1.4141411188129605,1.3479789472306425,7.950350443033543,0
3.405875997076052,6.963676936065396,2.402622011512725,1
1.0511822946280702,5.415846607086229,6.277788742244063,0
8.280003729268973,7.820788107571781,5.753067067202899,1
1.4217288071323342,3.7737711316979707,8.76636080004911,0
7.836425237658834,6.481414711893314,0.1734274680649217,1
4.088315803843413,1.1619479623427964,9.63093605444955,0
4.450016890894074,2.5746647808027467,9.585944465253112,1
3.776210926357868,1.670891885098651,2.4204390002353557,0
7.28557743534167,6.55271247322768,0.08199140586074072,1
2.131564667521073,4.492342848107873,8.67423061801781,0
6.859723899252312,4.382812327828011,0.961552543014883,1
1.6222839077355067,3.4550929844908462,8.311881586067502,0
7.761857971144082,7.777832666167901,0.710879006301196,1
4.230319829312198,0.9566592748691505,4.045422868803818,0
9.043971913990314,2.9487926714121704,3.0886414566898734,1
0.29113797832714394,1.1528118273788834,3.760173349715031,0
6.265352105571295,9.293998221452583,8.238822097031292,1
5.772967114245704,0.42783809166633713,3.349545405035974,0
6.881138813839268,6.325319473789155,6.725046423160782,1
4.014495569196899,2.0921049112192747,3.218889624998843,0
3.2552763392261075,3.905830929331291,0.9338409764882383,1
2.4954174744284097,2.274702082086888,3.5022170152394927,0
7.315013568444494,3.4265485531775317,1.2236523402169797,1
1.796481751174227,0.5805632067769373,1.6329214202474285,0
6.935089719274358,6.415008847712601,0.052059793598251414,1
3.9378824337231078,0.19610501319103024,8.163455351451152,0
6.745479075190918,2.770661627261115,1.3535111433764768,1
2.941513523211804,1.9752500637671,5.27871920546133,0
7.417886351237007,1.7038321256296285,5.358879925710621,1
0.6558209567040296,2.2654553229584695,9.943748347169384,0
1.6030521702543288,8.058308258054888,0.45069827390500805,1
2.975187794543661,0.4740097463539672,9.957126838923056,0
5.195864408573572,8.051663899562637,6.624868006119336,1
2.7823138966714334,4.069139083269768,1.9264976227164798,0
6.534914117970338,9.44689043192468,6.634571998860077,1
4.163672224981614,1.0554968426098033,4.770742969319903,0
5.821871830790901,7.30247077610584,9.464956116881924,1
3.96905538757533,1.8295193952533229,8.779405098804325,0
7.749598946732359,0.5729003854990133,5.5671944197492165,1
4.922611663223822,0.5281989759999695,0.00072449638492178,0
4.155887020861522,9.074197989533555,4.9630735972825955,1
2.959121406586073,0.8168893759303875,3.0969464926452184,0
7.627863472229892,5.408255176538437,7.582558436964188,1
2.480463296940992,3.315698041877778,6.317694004506118,0
6.240109701292528,4.964300320967251,7.73651309078725,1
4.496468988194058,0.2761404496330544,2.9918021946326245,0
4.377852488597531,8.494852489826142,5.968020177048212,1
1.8800797177707496,2.6195314970279426,1.6313215297289452,0
2.8031301298749254,5.623263097012292,1.4112861301900848,1
3.4758336321601746,3.303531580600173,3.2885323381140785,0
3.1599015604044443,7.687358689747713,0.9067076824664133,1
1.522379385630518,0.15355936564545813,8.61300356312702,0
3.3378340489470295,5.162306440186114,7.008722190433495,1
4.261522750261127,0.8500262931736602,3.220544273636916,0
8.573542571210433,2.3645571315893896,3.759624313127088,1
1.525427686133508,5.406034186244121,1.4215650226214827,0
5.398906106106404,1.749153048569262,7.206425469169075,1
5.187278381595512,1.2025713907388602,1.7567656948828547,0
3.6225882073221696,5.581380068713328,0.7634397475720878,1
5.111030866900542,0.28501380929072284,0.595519540101761,0
3.496393671192708,4.348736293666029,8.300029469601379,1
3.0833843446623255,2.926420497404363,5.665182742712181,0
9.870915366766958,1.9513866225943999,2.072021488024639,1
3.422413082046126,3.0379159085703735,2.1450668516253235,0
6.257109065192587,5.056936381437552,2.3484841075284613,1
2.6664361938950663,0.1411219378059636,1.5063905483217888,0
2.4206083474245776,9.53958198483072,1.6434683840013897,1
0.41810601153301374,6.065293910758234,6.976368815154709,0
9.928201077976171,6.503917479374362,1.2021666718785995,1
4.315377211815841,0.8370020921444421,5.998245833260225,0
4.167817473795294,3.182942498743513,6.4285394750723945,1
1.0398209321647645,2.156755661320542,5.004452736380616,0
6.0404942376816955,8.36807635478249,2.28482966476935,1
0.9516824671698387,1.3559688458288466,9.739029580424036,0
7.116193374491492,9.436815284210033,1.2925954724058308,1
3.0245659798031066,2.3696501831116388,8.526226082130755,0
3.4705050939238014,6.326475367092675,1.759376343344612,1
1.911012006151671,2.8417205727033834,9.322198320783206,0
4.493309969752122,7.347733972292893,4.133851232096328,1
1.5641675422411383,5.220482465927828,2.6266441418502784,0
3.9860618283936455,8.537210327292984,7.713625911305236,1
1.1394728199082904,5.032473941239354,4.328989896562977,0
5.825355715461468,3.2487233298764098,2.3555668700529053,1
2.557198042079394,1.608262682766265,9.166268292838645,0
4.970037308830659,4.334315511718458,4.352155204563573,1
0.3492009594121803,5.669151712722334,0.28033767108961993,0
5.994131178177925,6.348797056291805,9.268786686877112,1
0.576669963120644,6.164026934321674,4.952245577019206,0
8.544654418738471,1.4097241256290083,3.2535218674087174,1
1.988127961986741,0.7924659002326262,4.676570677191002,0
0.9055108338518902,6.587254975151682,4.202231604535025,1
1.3488744756620685,5.290970608690452,1.3226864238439728,0
7.479506202532099,9.832713188441309,5.954032831362801,1
0.6172797891165704,3.1454736366780933,3.8088406042836223,0
8.426829031324989,4.6857976638278025,9.957076820805172,1
3.0335610441348617,1.3020496221070255,5.4540021635523015,0
4.468596592284388,3.2172441992697687,7.905333354077369,1
0.6273651131791269,4.175462198682908,8.87136203107771,0
7.436305616542056,1.1338257123155238,8.669166269037822,1
3.667081396093276,0.42525087525908667,4.325457091579801,0
8.230622576375538,1.8925270619796941,7.426448519538486,1
2.6550772213402007,1.8440104009534442,5.85645135679011,0
7.430228925332476,9.067745514875638,2.956515460524055,1
4.227221924900907,0.4273899302080575,6.154326729856577,0
6.281696577304558,5.264963654092995,5.003487431628697,1
2.523693137024965,0.08162767446609265,1.1963474024441834,0
1.9672784590885373,5.700038224788883,5.349498174948405,1
5.026752474435031,0.43445229423661136,4.280277290752524,0
9.205473826612222,0.2944028336602822,0.13741593071443292,1
5.429862373083882,0.15706348512828594,1.0306875067440213,0
6.114227359945645,3.28665994778778,0.25705232049547777,1
0.32352926052939046,1.1027994849288891,1.5876824849159765,0
7.6156294634243205,0.934454558835478,1.486415913275414,1
5.107830381944564,0.23694076380668339,7.291389103622584,0
9.166167425100259,6.617870457098052,2.8361914553097165,1
5.342036691279171,1.6148162818349876,8.534523470310466,0
0.6398226218648662,6.412538606417007,8.921982110925352,1
3.5546852734595125,2.018161374633567,4.571760830790651,0
5.545083973033133,1.8726652626029783,3.2560219913276156,1
2.4977089352473847,2.4066889673321867,1.2914135191368392,0
7.810436077246345,3.236119729431979,4.092966507907204,1
0.16303199466307539,3.3283095496479485,3.0759438411770046,0
8.948692396828983,0.4051673614469664,8.427713553455266,1
2.766435649769482,2.300518096949531,4.68839957890701,0
7.278629745496702,0.5303920645675886,4.261294201663096,1
3.2950361604644494,2.6597330504456207,3.1304547218650813,0
9.596729314494372,0.9883059664712424,7.354138828691462,1
6.309686654041579,0.32843345703707283,2.7345391561770005,0
8.478048808856727,8.784202538807586,8.986259549179076,1
1.1208119285020302,2.7528778539056553,5.377509775277578,0
4.84139728190661,5.927082440735193,0.5553643537566688,1
4.924272227573304,1.6027042870417663,3.3897097235409337,0
8.725525901719886,1.2230210793411844,2.789979054025671,1
2.5975364773136134,0.020838787635798495,7.0121456662282124,0
7.268508833172903,9.400753783706342,5.715399303238873,1
1.6392685014813946,4.833562954578343,4.933985104124673,0
5.28439483527963,1.9485034627852338,8.14190702784407,1
5.289140108012512,0.4246919770645574,3.691809440992293,0
9.09355112464279,4.666293736999204,0.7835088424931014,1
6.094292917812019,0.7838168970193882,2.021454195864542,0
0.9813875382961756,7.155425901754682,4.491002025717519,1
1.2950937628619286,4.793720557585281,6.088362892110891,0
5.570674938278416,7.035988520793303,8.590815047297518,1
3.401669339305281,0.2957385115650779,5.542618128654196,0
7.361026993008667,9.925855204972937,4.5435207635731985,1
1.6120827226217105,4.220064644911017,6.436138727174525,0
3.951937205791538,4.484049445863276,8.56179176233806,1
2.387236664455151,0.5108977065763043,2.7682779033352545,0
6.5031897860978995,3.7789523296801897,2.0428292239636137,1
2.877463221161809,2.9336891585600755,0.11813637171465441,0
8.518839291320733,7.7581484776281915,7.3799347946379745,1
0.7453008397307914,2.9865743427986704,0.06573277650610443,0
0.5631100467902717,9.845492343178497,6.575832364081544,1
5.056632576911053,1.7725524555031191,2.3064852320499507,0
4.09918041247717,9.625122942927632,5.528223556900267,1
0.6917107239102072,2.571603093695294,4.837717724502756,0
8.776126475866896,0.7811174585382918,2.9282457597048817,1
4.721312932373857,0.5101303307194649,4.083630031615427,0
9.641902975068014,7.621837999945748,3.392923295762893,1
1.5681302089280846,5.336810764982988,4.937339634706303,0
6.798874898642921,8.610194418145973,2.2996724673665705,1
0.5718278798614373,6.2418127988774135,9.34759914336219,0
9.717510813438395,5.978752446681308,2.112467092930197,1
1.8961396933845598,2.083105865383229,2.414630508415975,0
4.993545241525672,6.712555744068802,7.993634104207149,1
2.228928469779945,2.499618346489212,2.2038212825704253,0
6.212299033326748,8.18596144504603,7.448249549157927,1
5.328660587046653,0.9523193310604094,7.4527327977779,0
7.778802532570951,7.286998756944413,4.8502589249959716,1
0.29564740126206024,2.157244497097106,5.206856333138149,0
1.0426473414343551,6.978639818667118,4.480628571218936,1
0.6837524051873833,1.5579670440750393,1.9456826181614306,0
3.9868721969112197,9.585931029863481,3.667802195520107,1
0.6859959090399603,3.525275316392329,2.3219604629767487,0
2.8802682933530512,8.46304936696113,7.912836564504873,1
2.885886788600466,3.188783532109923,5.9221827498264465,0
3.840980551084494,5.095620286443752,8.88033136532694,1
5.355501320419,0.7122246114189124,1.7601521177791102,0
6.231482924522947,1.0811275170455004,0.2899486998162648,1
1.2374332841471625,5.651473386031348,0.9774871319355161,0
9.110253128309068,5.9808731745244215,2.5015872220213895,1
5.361814185121025,1.448029708768086,7.784029344045007,0
7.264488848573398,3.9572659882014207,7.023227446203606,1
1.4524213873473746,2.651252371212048,3.066818621698084,0
6.955108338077768,2.872024621277156,1.3576599558889135,1
1.1187205183646587,0.02125394816527737,7.477844646111228,0
6.908741279616568,7.535250348263977,4.935065517758362,1
0.5560046476925895,3.0793625267536595,0.46258477566618716,0
2.257999118904803,7.036476082919895,2.2017852655650105,1
2.7827343657115255,0.014690061423702216,4.828677288415157,0
9.053631703226673,1.2529698305349435,8.60676967358689,1
0.7078389665272089,4.704553543535214,0.4613701973475881,0
5.617502294358646,2.1120621979509666,6.219125897882663,1
0.6197714607419669,2.788366202003293,2.517000559002116,0
3.5567423120074624,8.05165180779569,0.5978443594780192,1
1.73429713261673,3.6861677296582416,6.420205167694868,0
2.8910851993044275,6.7918233270350985,8.445445475971349,1
5.229846652790235,1.0960901226998943,1.4654046155326628,0
2.6039715770152805,8.787512510661756,9.251561800722323,1
0.08636591717047004,6.289255677324158,2.321118679805992,0
1.838039549041236,5.724114284565913,4.467186559534975,1
0.246909002536293,1.834801085039569,8.188660675130985,0
6.461075337502055,4.288983913728056,4.356321296905305,1
5.801252461787159,0.4517657994964286,9.18081190338648,0
9.111923814169858,4.184069335740222,5.7730500012804375,1
4.608309328740219,1.79531403193542,4.25064913413416,0
7.3086306469885445,8.40733626571271,0.11332262308606733,1
2.6726703927930853,1.644326896777859,6.657056675713746,0
5.444057539893283,1.9379415706109637,7.512853270023069,1
3.1900209544614655,2.820795090493476,6.909864666521672,0
2.8581895410133673,4.6227821566441865,5.763309264619611,1
2.240343969920071,2.1169364161314275,6.842730451542361,0
8.863647883097013,4.48313688960427,7.162960923749075,1
2.39427394038327,4.084273005629803,7.210925516817865,0
9.06586317718425,1.4028929790049471,8.717895851144974,1
1.1355310707342303,4.1680330673072365,1.8532113872958167,0
3.304022373824873,6.645962662177829,6.052555559952118,1
1.7801758545621216,5.1900755377796735,3.0726313050546397,0
7.354714682019439,2.0795985807265884,1.6476490315500458,1
0.6184087559631579,5.086682574346568,6.817658642516381,0
7.427384671441736,9.905517338292045,4.63072623691111,1
3.466668410446121,0.919310791981881,4.501132322637529,0
6.6568642865838425,5.0202452840010094,9.448792994203108,1
2.3307662621872693,2.6450203141016915,4.228028654787654,0
2.3233768146807767,7.916177877945543,7.860856998841623,1
0.2881875534567513,6.374190342166811,7.375992951678767,0
3.90916248130311,8.611660005168904,3.565085103885969,1
0.8462076875400237,4.591125232267155,7.322159326873107,0
9.065309185714046,9.407964010550062,1.6776558081439097,1
1.0611794902967975,3.1148371881176407,6.869457399805178,0
1.0834973446285923,6.096531986075768,6.7812892585784335,1
0.004909638000434313,5.027379168011387,2.634359551967086,0
8.808814535788626,1.986649848355725,5.673197885761176,1
2.957260786883503,0.4725511839745611,8.572716479467147,0
8.862247187814873,0.8261004866359389,7.851361948225405,1
3.6731861557505674,2.0623020019896545,5.187951836942048,0
1.299248666153754,9.867344571607257,4.671117103789836,1
1.8167326150400886,1.487804745516349,8.68849903679928,0
0.6327988410322205,9.19405988910597,2.5155543032465877,1
3.0109945732901333,2.925254167003489,3.7002272709882877,0
8.002511926974083,8.931135181516046,0.6118888421400459,1
2.0087805194596364,4.4734224722613405,7.188972518081808,0
5.0228905653598535,6.698734051908288,0.5053289068985545,1
2.162729676680384,0.817930757153571,2.076891353187653,0
8.962794072271127,5.331062449547115,4.8439513852347185,1
0.9499174929295195,0.5438317079697519,3.5766335219883603,0
2.4767574408395996,9.202250725598798,8.371540042881199,1
3.50367111892548,1.2326822327950848,7.436223991939167,0
9.867807625065831,4.809574840886492,2.510225380451314,1
1.6278764942333757,3.7154547043351425,9.179064455809042,0
5.122234455782525,4.7191161877427,3.8471526286056115,1
3.9969647160267052,0.4982754879289264,2.602528047561462,0
4.2277839289433325,4.5813251100300025,0.3031092932806112,1
4.50965581916813,0.16788717539566234,9.392133419198853,0
1.6958959459097844,7.550940452057819,3.486631545579384,1
0.05966140818971066,4.314338935964921,0.24834011636247877,0
1.9471741385123165,9.709267592269814,3.024130864849103,1
0.07092424504005601,1.116002251388818,0.31345006853426227,0
2.203140698441196,7.855826878141747,7.336806308500963,1
5.648157586952375,1.150280632258407,9.940547264647432,0
9.152712849542887,1.5298271232517446,9.903061733476891,1
2.479367890394144,2.4684592050718743,4.7265508002614975,0
6.258865252974882,8.3252965742245,8.67103421643768,1
1.197161046812203,4.044393011192855,7.5296056180775075,0
8.78653066661659,1.0214669075144611,5.425125613300262,1
6.043249058245652,0.07852729347862963,6.890290240813922,0
6.47088366463697,5.058960465114159,9.54059718836718,1
2.855572160788001,2.026831541573314,3.5899052869808656,0
1.5975718713646014,9.374075729287451,8.876249722927216,1
0.9185868065826786,3.869199915771737,7.840746259144714,0
8.408727234633307,4.514682647866573,1.2427198034602849,1
0.39490009784763136,4.308684180710993,2.014168609502891,0
8.453850946993839,5.6162470306814125,4.74954644495594,1
2.789112105308523,0.005696174167706403,0.38004487981462276,0
3.2953028925891683,6.991276180280982,3.6845606233299866,1
0.013694093405861585,3.831142751656631,4.067203069274563,0
8.024040447137512,0.9555528063360996,1.1490222417943807,1
2.6709483525022994,1.277993516828676,5.092144995565676,0
9.844920388544546,0.3984251236828018,1.9089503111390738,1
0.6424465693991199,0.977992667178742,6.075489452973411,0
9.957141910034085,8.20659020038398,9.264784449316783,1
6.2473029163660145,0.2787741540551636,7.351423202400316,0
6.740795417269506,2.123688453512896,5.9119098840833395,1
0.5426639464873428,1.4384704566014284,7.8441325743594525,0
8.438238909215372,5.899425367026359,7.923490214866913,1
1.1688770194339293,5.590259315099929,3.170222825992334,0
4.391232897305251,9.884214329976068,6.3267755845643014,1
2.584306324083787,3.51475059441982,7.488048209052919,0
3.93169803189385,3.6432472307178063,8.06427721142235,1
2.0522530623364323,3.6407301226489217,1.5631314954288356,0
5.541931862447058,3.194922423549149,5.136892165261489,1
1.6212318310708873,1.4790494742126536,5.294293084233084,0
5.946018436715242,9.26769289859267,2.3801514139715154,1
1.0423286586503788,1.395280512590752,6.965228727169696,0
3.3955073095110375,3.747935310826417,4.286859808129494,1
6.009477895248134,0.7048297949781201,1.5747785907740697,0
0.3459012575426679,7.760049179450404,8.509589076629858,1
3.549474799949155,1.7298567725737901,4.72094057017978,0
9.076491013983336,6.746038509929627,2.2193415638011005,1
0.24738988659156913,1.9111722710395351,9.663717444251192,0
5.7941424188561435,9.994782500995681,5.900994975210713,1
3.277266127280789,2.370325456028098,5.081565720401193,0
6.211793059939906,8.39958026208015,4.490439126266183,1
3.766069869311608,1.5055137165084354,0.848992142108389,0
6.256985496114686,2.628353360875504,9.156841594691944,1
0.37098496526235536,2.348844452006275,7.7353311674188685,0
2.334774429383618,7.733489997148366,0.2894669307941611,1
3.9300921838654257,1.479111457346507,1.661385686436888,0
8.581642688718121,7.789672417730515,3.364938083574237,1
0.5846241865712687,1.5052506965642853,0.8541319952824689,0
6.766384962322588,6.187820104468493,8.72885243630802,1
1.4471228678176329,3.687144441173573,8.322245014132777,0
7.338399809392106,0.6320482121691595,3.7905444622391107,1
1.9184457474798877,3.4026240812561515,5.194405063277148,0
6.668048227723276,8.213445631683516,4.263969157830795,1
1.0916772410022535,1.8720330880440683,6.837175752899485,0
1.6459054620342062,8.864937449328572,0.6840084648216127,1
0.23768132196100522,3.867855037467396,4.7709440152749405,0
4.147201867834484,9.104776860613233,4.68634224195022,1
5.323350610316762,0.6084243458387784,2.942685427636743,0
2.17340080443442,9.757498158285774,7.8368699569345335,1
1.3322338813487433,2.834628391543551,9.84110227654783,0
8.102440844424843,6.193006073063304,5.396956570693589,1
3.030692892057736,2.546159351015198,4.857307866628775,0
8.053259580175688,7.905697006854675,8.856452506740252,1
1.1573037457541713,2.99666145536622,6.928043451973245,0
6.294862004857275,5.862597572348029,9.236578068800451,1
0.5449016214043634,1.5319920756241112,6.567808884737264,0
8.469377416298872,1.0625274999099044,8.29516640558441,1
1.080015844823825,2.664468110210094,6.388649039268323,0
7.652449460248011,5.3604244080762555,8.569970748307679,1
2.8404556212217456,2.6906315368261193,1.8980381538838287,0
4.474142824826589,6.78122332613122,3.7414815850767913,1
0.9403114050354289,3.3889943307925674,4.818278608750904,0
7.732245299699479,7.195559442230915,9.135789182968011,1
0.10686520253527898,3.48738914166999,7.9046226428267055,0
5.093794997730306,3.4663207969126386,1.9923790748845183,1
1.2555170305093377,2.1269615262495822,6.053378112295556,0
3.9830332365240295,7.564237829340677,7.374839894934233,1
5.61102776070519,1.1197138032779375,2.8572014839159046,0
7.615941474726534,8.065034273644851,9.204805994112247,1
2.328529091533614,2.212985990015477,4.849868131360374,0
5.763797049856364,9.148236739390743,3.3311808303924515,1
2.0651868878957647,3.065370579122182,8.63470095953098,0
9.95082066501174,2.850320159405059,0.6872681611886899,1
2.2915645237479176,3.9711403403281453,2.9338780701944165,0
4.180097259576758,9.571082083445226,9.674200787195868,1
2.3106325649730475,1.2739389279891733,3.0788685458383913,0
6.300224972868235,3.329088828900948,9.937111994613984,1
2.4521756260971372,4.491175442063304,5.730199230654361,0
5.592316137890512,6.233731362154567,2.303523796379018,1
0.4142908746895546,0.4025668760753387,3.0946285838805343,0
6.929740181623135,7.5867346501462185,4.017809800459199,1
6.362155333877388,0.36304373004461765,8.174179501988373,0
3.989347229262198,5.720458128324683,3.4209539076707562,1
4.758612739283277,2.0414819045005306,6.155111211329035,0
5.89100485042104,6.523451545540388,2.8848916593554605,1
0.276363215541926,3.596488810184315,6.257735997273613,0
5.5091262918773065,6.644993180338094,3.6081475701099497,1
0.05224430408054204,1.8344699904381656,1.0006356442883158,0
1.676260797433069,5.813675516899609,3.7787741497387417,1
3.1306391292095395,1.0409745447219276,8.252565367774768,0
8.73131132451127,1.0649753914801685,1.257009545485852,1
1.6946798656708961,1.1251762066662319,5.724806300854771,0
7.141902159345912,7.172595751999199,2.0721322897390593,1
0.9641737841206155,5.04932263892491,5.040966585100231,0
3.5160764473265385,8.914633385597075,6.9021492620364056,1
0.9653872253725138,5.7754873185332,5.3414807634265635,0
7.307033740886183,4.406032328429152,9.67588680957023,1
2.391274979525689,4.482257909973008,8.337804667900105,0
9.140927931572634,0.6473980874783591,0.8935708417997279,1
0.21056995789309751,1.5264309961344469,4.598882785460592,0
2.9335934341376357,9.802962659686754,0.4422048482604102,1
0.6189333649021944,1.8871960155232548,2.2562127335349302,0
0.3171206699919382,7.17658926584083,1.619519462716279,1
1.2038835836937334,3.6551811087718122,3.9746762521546373,0
7.053167555469795,9.061421735797124,4.890963315369998,1
3.4955124236813195,0.7163112281980244,8.162301680574803,0
2.987968142454498,9.256329124393535,5.594096846025053,1
1.1720874437914053,1.3438719368540553,9.752272371620451,0
2.9762656768340956,6.178936933811638,3.512464366663688,1
0.9106373723041306,5.6719497450858745,0.07471774647274665,0
8.368037913632785,4.1970707582608435,2.0399236903377993,1
4.564680006332097,0.7094386771243155,7.949861451032598,0
7.219775071655561,9.96550749923612,9.921171349526544,1
0.040872947231479495,5.685810818928002,7.236890661029202,0
8.67918274172993,4.850678073045951,2.825513558389674,1
0.6095109448514902,5.221851640992806,2.1524867124101754,0
0.4564115892748999,7.876128168390945,1.1176505924864388,1
2.8198659144402383,0.6302582462809381,2.1810833583510183,0
6.983387337955906,4.044290853520165,3.776682871885745,1
2.6129461457766077,3.603335923014055,5.909656718148829,0
4.6196794717871095,5.749226512792159,1.3809399720366822,1
4.897895520777182,0.5141086529764349,5.213075950418605,0
8.914130029311119,3.4039178720378285,7.574921665765722,1
1.977700297842594,2.453408817155971,7.4279644662197954,0
4.253227592930294,6.641924370487135,3.899317599690394,1
0.9630330550022281,5.7115775982920125,2.1733853020286964,0
1.2313781425888948,6.613553841992168,8.604208332925896,1
1.5739584912275373,4.6733265241922854,8.945636570261328,0
8.6638637848033,3.868930123267446,4.99012664343811,1
0.6766175696875143,1.8761356341794,3.1812229308302618,0
2.285550257603659,5.650945727783936,1.1776113047139714,1
1.0684190956922368,5.418418404493104,6.370701534375911,0
2.2257752087383142,6.907030954530314,0.6521464721662573,1
4.054284736618601,1.4295372332381318,9.823291732815804,0
6.124562312920831,2.4577291188754256,5.692414509599115,1
0.44454427415527076,4.131662619022364,3.5662028771018583,0
5.28971831559372,3.896228243222045,9.499454677980209,1
3.5815414292870407,2.1433669344558237,6.651238586443668,0
6.271131107238482,8.293922426438064,6.842286710979711,1
0.49491467155628355,0.1326224025357714,4.251234650248072,0
8.632725373864258,0.32623159725967077,9.418441013255288,1
6.123818288046527,0.7805252034992338,4.718949858560406,0
9.391026716959802,9.212721990958961,6.074574544884097,1
2.443588789959519,3.304225120641303,2.876483753828909,0
5.830337897602355,8.426515038424412,7.703126534981695,1
3.534799231044307,0.36596951071783623,8.87275812020253,0
4.763882338380981,3.303001411894396,5.156704514975921,1
0.8783704982779417,5.929351375771147,3.9825927800455627,0
1.2406502085485194,7.861775563450255,5.1195604643250405,1
0.7568570568769728,3.1371767053148614,9.826849075363608,0
4.197470517935571,9.156914153497794,3.612846182579472,1
4.246292414977139,2.3160918076596184,9.874558514466669,0
9.35324474203187,9.103813907255212,4.381927803188038,1
0.39825376734111906,0.7228576139578391,1.7113460410957881,0
3.679860824570241,9.173000411235398,7.932735643458988,1
3.4424347216454008,2.7258379648439135,3.499613429124586,0
8.268074735048398,7.1093605077044515,8.268423644400448,1
1.7131443072996289,3.132872290615926,9.624750040550563,0
9.602512377161883,4.771072314160162,4.359612531948302,1
0.4867645966913714,6.357439833950753,8.876696096443666,0
3.8870913598374313,7.599238559888622,9.966129432217729,1
2.3704086020441117,2.018204046609119,8.09598136696598,0
8.112204908685797,7.573401366239354,0.9586204588877312,1
3.7761754897409414,2.1966451309804045,5.67566961199128,0
7.09869774356372,6.946186119788744,8.50107453234751,1
1.6073298083378662,1.7305194118042166,0.5759950627300581,0
7.439484279843109,8.567286077597107,7.0414313004914275,1
4.196412197940792,2.3792410321097455,0.9760052569801925,0
9.667530778577012,0.14040632123223706,4.793612869850442,1
0.07449577630151638,5.855655117472684,0.23491401158192926,0
5.07532541522545,2.787995061250137,1.106995141332282,1
2.1023699873390966,2.769433347845424,7.660041259559528,0
8.94397341183052,2.18986997005574,7.180275967729452,1
1.3117372655215542,3.5872452862265436,9.404893510638985,0
3.1516395203246073,8.072783417082807,2.4997869257854353,1
5.44245748733179,1.448563753287675,1.187358627430375,0
6.725528206034685,4.767644427890656,5.976627863227764,1
0.19789430833063282,4.284011694565088,1.832707471881192,0
7.148299959022736,9.530194928093334,0.4332054824784537,1
0.8100079496575419,2.4822925918601,0.7812567561224593,0
8.22684554489393,0.6675554834442066,1.6535719938920312,1
1.3720967479296886,1.6496779055647837,9.21973413885523,0
1.3791411041737967,6.531136838100272,2.2433741140043484,1
1.5125457180975566,0.5604314037767222,3.42547995787465,0
2.2032209319154274,7.422047933730615,1.0872581326500796,1
0.0167499407382099,5.337097117512868,1.5072507218414544,0
0.6788143433830562,6.769077928446383,9.136999730901167,1
2.054858026225105,4.097135997466685,1.2291964328588456,0
7.774135601794166,8.809419204310185,4.414519606716867,1
0.001503810808555217,1.1502807960773354,3.683432643678146,0
8.337578807060012,5.097824983290283,9.179645340523743,1
0.6696385261630333,4.579620447204654,4.110087837148637,0
4.770436210737763,5.733787248278139,7.492823555021944,1
3.7510141299823307,0.8924627034682198,4.985858788649463,0
7.594638594043187,1.511504764453302,1.711952773615818,1
3.5126349593570296,0.7965966509987554,0.3217089088584668,0
4.595357416106378,3.861852432416449,0.2992301438932965,1
1.3651449970910867,0.12738601599584398,6.1913356412323,0
8.833784034832107,1.1879402978137432,6.156649333921375,1
1.47165443003356,0.32474577933690907,1.2562224175887826,0
8.122675819649324,4.465948502605501,0.05486695265095598,1
0.019200277026085733,0.38529194501316644,2.255220330886887,0
3.9901918545961013,5.0536251058397195,8.725087754752455,1
0.0833765821962984,4.632150465449535,2.0554669993922934,0
3.1658394868727635,6.394583400919815,4.052280525104782,1
0.8267089712495146,5.6537908849742315,0.8692011440846348,0
3.9465231216070285,8.129989571441046,7.801788184163113,1
2.991702727527082,1.7507879576399221,1.8531823838407757,0
3.345441510782494,9.068548298993514,0.7935625069645547,1
2.025564228449653,3.425546179070398,8.993739525756794,0
5.888892858237462,3.9610151560139526,4.236921256217084,1
1.928084747221367,4.6447313744580505,3.755530284544059,0
9.878965440788878,8.85364217460648,5.175672725256517,1
0.10184999111731652,2.4078077846325376,8.474353888201575,0
7.010542416851191,6.038542081976763,6.062341315908942,1
0.017891186466393316,3.699584038350557,3.2927882211506745,0
0.007266990280656582,7.363447169766438,4.05286911723989,1
3.6095286079373134,1.2784881016904182,0.3735996350614057,0
1.0227735303949215,6.397071759897132,6.497221862985755,1
6.230921783639061,0.7107512099836855,0.5765929484178456,0
3.9677235182614723,7.3543133135016925,6.280621845770293,1
0.4266565437241543,5.331711001256049,1.1670404555174552,0
4.675788186125023,3.147689857552386,8.813176805938523,1
0.5432902461921196,2.628833546030487,0.24886569354063526,0
7.146926466686184,3.782784278212116,8.202853381328062,1
5.8598657389661994,0.9447532514937307,9.819994092904569,0
2.60179284890805,6.02134638525865,7.067798196054845,1
0.9920899455986665,0.6065919135061715,6.160162356561035,0
9.966290408968451,5.682174775507112,2.2949734716671344,1
1.0663964979177842,4.138706689763509,8.401672799469234,0
6.912255146949214,1.9804174958288956,8.10141542177507,1
5.40159557107785,1.538031869501718,5.112201367466628,0
4.130536160650608,5.968648886858996,5.46438929059197,1
4.781171345106578,1.670319648584453,2.4161426951295875,0
7.382064873596962,9.828658385565364,0.541300762443897,1
0.5831259847690784,5.379628914919071,5.526377842181322,0
7.504242255351292,8.961768162502533,9.790679995575177,1
2.2805642055749087,3.0034418781363947,1.9453842922889464,0
5.043460496663599,8.992269707006962,7.707543804378596,1
2.5880760500718267,1.946872590241575,2.2789727877967048,0
4.305466815459446,3.8071487966791837,3.3704676264489986,1
2.027374145751648,1.6365367219373272,0.7600289463660703,0
1.9434630454148905,5.722679850530409,3.737178193367133,1
3.2724071153938583,1.8107992370685477,6.06817021438821,0
8.55807152306629,0.27789487979944516,8.452998423285717,1
3.440260592129478,2.615788478540556,3.900690741103329,0
1.5973980365010065,9.417303183978337,4.292788343518219,1
0.129402772629591,6.434368864569616,1.7210531223439973,0
9.337709367297483,1.4847859879073877,5.200493316392439,1
0.4474059783233686,3.143537687618483,3.5047038665549133,0
7.067345745006033,9.999779517807228,5.1857127004864845,1
3.0627564914549543,0.28751621937363137,2.440465801236763,0
9.095154269922682,6.1036284902688465,8.77507924654258,1
4.9735061846741235,0.9631765224583888,6.874972146658489,0
0.17022276385247337,7.260556872527095,1.293070124737269,1
1.7687017865102783,4.390373499219647,8.19037667600363,0
0.025131063050649605,7.579900174323452,5.830129087841192,1
2.352247481879938,4.639174423486503,3.3439049598119643,0
6.752730014334624,3.1147037642672415,9.510892379357337,1
3.9773119362984657,0.6096895710827221,1.478211423998027,0
5.1713320429589205,4.375234420524791,7.169623896698697,1
2.0767491859763765,2.1715976367492287,7.542459125940582,0
8.329879457801033,4.563776588479357,1.2708861207970024,1
3.231677929228034,0.7610170408872008,8.232915357311603,0
4.355620985088634,7.015428561830826,3.3870940871345345,1
5.007817163687025,1.1120292457453174,4.751819342843438,0
2.5964936538413133,7.240027708123328,1.5413984555745996,1
2.9649097016052184,0.14614720515555124,4.836453641618805,0
2.815309114449155,6.698275620640938,8.442811144113628,1
3.6126682956680733,1.9919071480051598,8.327631978128611,0
5.544115854659109,7.813413968149891,0.2579448099906001,1
4.0221835433898265,0.7278304989232875,8.187243585789759,0
3.7270270813625572,6.7341684255503695,4.434763728476478,1
1.6624515731612033,0.3504399745847253,0.9175484460432448,0
7.706258117670909,7.596322224024387,4.1675662449265305,1
1.7478877130070403,4.514840763957358,3.69975733398444,0
8.18632561350647,5.567887460799094,5.029166929179038,1
0.6945752761946133,2.6787333275535707,9.732639930325714,0
5.3799037226251745,9.208591927772872,0.7685647915872529,1
6.2098822393963635,0.1383137246168087,9.262517964239802,0
9.410637475902469,4.790749157929634,5.352699095170208,1
5.84320546851955,0.7600243310729549,8.026081067644807,0
0.48076096154417436,7.7041587194755845,9.808588710857736,1
4.138357899758281,1.5416755408644356,4.210430439060491,0
6.778617515894295,2.845136955685824,6.456507764029658,1
5.926549038633429,0.880500269296034,9.691243185508291,0
6.509428121267114,7.310060859393762,8.592659733128382,1
3.0944953629927117,3.5775974250095723,9.744728953406346,0
4.047058662834764,9.253606319140601,1.8730232982211725,1
6.1814095827087545,0.47430530757854195,3.386036750262292,0
5.367829916339966,6.0321585656161965,9.894057680301243,1
3.5491781715736384,2.0093125183025027,5.260453870306901,0
9.100716390471304,0.05736247522081794,8.555514527618717,1
0.1968475821641391,5.547901377629766,5.073313911533351,0
4.281466618894747,2.968920253769294,6.704098416639245,1
3.0600903805229516,1.4756650864257181,6.345490613013687,0
2.915334893053786,6.281707217233396,7.143518740441027,1
1.1664084046240897,5.103051171476589,2.829793171046294,0
4.9396892209741114,7.312004656425184,0.14959980176729504,1
4.040034344609759,0.4742344874946969,1.4914278580668794,0
3.600353092902223,8.106878069171877,5.757784452359002,1
3.44000885990569,1.1429768112828564,7.422027566274956,0
4.697313237038166,8.37110039698832,4.9290612729697925,1
2.087347894616437,1.0338732384796467,8.015755960684137,0
3.832131853984496,7.2498446884468315,9.612457768037281,1
0.03418289490308424,3.926967668741066,4.610278491530294,0
8.800938929819454,7.181977236280051,7.752522499295468,1
1.4650819130172266,1.3672180725388472,8.858398626534033,0
6.797638790481367,8.047853385485435,7.1791303820904435,1
3.838588355861746,1.4406019030878947,9.87500201173341,0
4.5506949219874215,4.929177354348944,0.002538427120237774,1
4.743149315909991,1.7541996596965548,2.345775913424153,0
8.72275252160261,3.634138753985953,4.85819898266525,1
3.3313122503113233,2.329414172355244,8.677729268257634,0
7.421213218529115,6.129686757191167,8.62721484258292,1
0.12254802849643642,2.5356409269701077,6.8434765229728605,0
8.964826252185293,9.255180551897967,8.003155673310133,1
0.5110927893571748,0.14322947414984855,0.09938385230199076,0
4.621620120672052,6.020297225214872,1.4132073720942229,1
5.18803383866771,1.526434429682969,4.58026691832544,0
5.751978860245204,1.8595334755385184,9.553213956530467,1
1.162821254650872,1.0954564537564748,5.538631814657798,0
9.39352552826076,9.012276238851848,5.978344286727952,1
1.1229353621667482,4.938824657129352,1.489808967677504,0
6.140071031041105,9.772403349001436,1.4102452756707529,1
4.683137245681564,0.9284703510753611,6.36930253844748,0
9.788579058458184,0.6334502512893636,1.605119793977191,1
4.86992568587834,1.9313545091651974,3.126668642147765,0
6.339111208117176,9.200805449433547,5.7019802469063405,1
0.4637189464627711,2.1728083986877786,9.36628874769595,0
5.204124310685608,2.2144732280894273,8.477247108436787,1
0.7141436966438719,4.009127323084788,0.5944802088975709,0
4.5638101251302,6.18082118444323,1.809676264338217,1
5.51227556101778,0.3132319197314837,7.539965308580378,0
4.575515688396411,7.918391920933697,9.104708302046571,1
4.682269112657101,2.0939432142865435,2.780863407769709,0
3.2543872713100166,7.24296305407186,6.2441045046341435,1
1.6761829619601543,3.1975308560166518,3.6522975808848113,0
0.6182213086310062,8.661150078234247,6.253002047869388,1
2.514558620791316,1.5060628937270004,5.818405664085198,0
3.6420697127574044,7.59776958731249,0.6177216209946756,1
0.6791203905463561,2.468934740806125,8.508865941513848,0
7.092088774562483,6.81345447228896,4.440115694019077,1
3.8562012959709415,1.4802934624802033,9.44954368666915,0
9.394692397340764,3.799676475420992,2.2881284672866107,1
0.19226256345041937,0.6559892271922085,0.9211699400236217,0
2.7671982901377303,6.774882008561461,6.503286467185433,1
2.9442591652592576,2.644339828630371,7.822771643733395,0
4.403896416664402,3.7660283164702193,7.6933089506852435,1
2.4890540953586546,0.806164382353517,4.858194004183264,0
6.855068058840487,2.4008313521328803,5.3699121050248335,1
2.134259636279049,0.6022496117089426,7.522174496771509,0
1.2067743538888176,8.352319054893485,5.37065033051735,1
2.7151720492568865,0.5383401391495157,0.47317375603935896,0
2.2387709040603045,6.667890038534903,1.6962090227893978,1
1.7063443142709944,2.6717506448700723,8.75977988128965,0
9.662970930929832,2.626456515920524,1.758215997013448,1
0.6090085137125756,3.245996628318654,7.432129406113913,0
7.654908105186317,6.723394293308978,9.411588278738627,1
1.1142240670621806,3.649154523290039,6.960233142540155,0
1.8081523617243356,6.252403777532134,1.595664825969223,1
0.7222201323094601,0.6915139007142301,7.580639783549939,0
6.366954067608843,9.00045570113815,7.739527407318965,1
3.760083972612792,0.33794317335105295,2.3682702366773567,0
8.769433979156693,3.137977171002909,7.014227841198686,1
1.7936689149066876,1.085705844184266,9.865377746695222,0
2.8100706487069904,8.693397812757619,2.7542025436413153,1
1.3384950842568977,4.803191682350397,7.614111231660892,0
9.277803906599386,1.1200466588415847,5.405448864929129,1
1.060636121594688,2.1825413429688236,3.8090955055738296,0
6.242267978904175,9.24500794219179,3.152938469612392,1
2.8307566634520933,1.1659723707897873,9.609691424883493,0
4.727738072861688,5.700101217245139,7.002072639956227,1
1.20507503961639,4.036816062633286,0.03524075779978264,0
0.5326454152523263,7.654020627688601,8.893977289762242,1
0.08123047091950553,6.541857888305913,2.8642515889235676,0
8.394109332879724,0.22550746693250412,4.952573505399806,1
1.4595279476685596,4.652939636618951,2.0689791613047848,0
3.789830413110945,7.844797386810023,6.578946323998183,1
4.220816967300554,2.390568969408884,0.06677226361860855,0
8.641966211531821,5.89539109371334,0.046501901375032295,1
3.7580221866405585,1.8587828536626294,3.511910058118878,0
8.343923273733484,5.685903492360286,2.4858238970139523,1
4.608855367383945,0.1087947120886179,1.532967531102648,0
0.776113591112898,6.433494928125858,1.9732636111238067,1
0.09417367750834682,1.448006684225307,3.259312601244091,0
9.835321958202988,2.3201727152805827,8.98685133602342,1
3.2402863635140235,2.3882995115274186,7.837604758050785,0
4.6966250970668675,2.354887536638363,4.770041487988435,1
1.2872332908919626,0.012970503169400516,3.986190209512187,0
5.938182545143235,5.472262325117234,0.025362271463302832,1
5.666231231848809,0.10389553165235488,9.042885346449085,0
1.2775927092939299,9.982946962907086,3.914949511059418,1
1.0119690363929223,5.345372807416643,1.6427566725969467,0
7.2750814939563915,0.668606748700058,7.131517980840856,1
3.9431357103232925,1.249385149191179,9.846587069805864,0
9.222684176785776,4.826585416889703,7.421331710376631,1
2.8238925163972217,0.9859926508683425,9.698988339325522,0
8.736130074936066,6.19696441987892,6.782125115007157,1
0.7872360668151168,4.759333573110235,4.36388290533235,0
9.687863178111645,9.53626237748492,0.5492979486887994,1
1.4331545883766539,0.4419551194957827,3.9384645471780075,0
6.727148113303551,1.61645048831348,7.969778795863464,1
2.431181226616246,2.85315599955133,4.276825940320801,0
7.008001318215836,1.0474023097394747,8.41625539993721,1
0.2557655975117079,4.0319571650848545,7.750602624758775,0
8.50288131594316,6.633700347689979,7.088992140956821,1
1.1753796251998272,4.812834393847634,8.164096260062703,0
8.943867029384467,9.16124221689426,5.046331627690696,1
3.7659474600821707,1.722492974052292,8.551797148374833,0
3.2823640556413847,7.246758006355264,1.0817724738699208,1
0.7296841220548733,2.109193464676048,6.195663622431564,0
7.0704971024183125,5.322478029088877,0.541739911356306,1
1.8206680053493607,4.202805567020816,2.053617584267019,0
5.422228349102486,4.088525386922606,1.416661472026417,1
0.41827756993647824,3.777971872924477,3.7203767252657216,0
5.138191723765521,4.8920296630460385,1.4198408321098854,1
2.9541856777847144,1.3323043071569052,0.5122786488890974,0
4.575363080723182,7.511383511597314,7.683539357930849,1
5.762870315572597,0.3828261947910072,7.128841963106377,0
9.169990681458955,2.467383875067788,4.1330767238155754,1
4.6539673248444755,1.9199301758067777,8.33920428556008,0
6.568977456075188,4.188172297958825,0.19377383377478852,1
0.20672162768216262,0.2992853784415561,9.85128432791089,0
4.50996888647021,8.387194910662528,4.215503877734813,1
4.887778270884723,1.935059698474656,0.6026932943057672,0
1.7288373272634172,8.994566543551436,4.086805774228694,1
0.31468363242337705,6.616459697257192,2.3776663077013014,0
8.209371403156027,5.042414087765526,4.4792975630626515,1
1.3174401805704705,5.654416888696837,4.585333472605315,0
5.776242920288147,9.315711630704225,4.726306180364911,1
2.0072014024813267,3.339272763631298,0.980365916611744,0
1.8751931673001931,5.2351554393459265,1.4924498962236055,1
1.4121565405818193,3.6152989581654307,3.4555542685736054,0
7.366154636363081,8.394719841694712,5.7047337922255,1
1.68798873482096,4.970171181447759,4.22956118263508,0
1.2978723100204281,6.157404304327131,9.665260483367275,1
5.693634277517539,0.8963013452683499,3.3705664843728123,0
6.85368027887296,0.5568777710805783,4.8322899686923755,1
4.651061128997912,0.5412884710175236,1.5548873237384886,0
9.946183206154915,4.594364587546642,6.25191603084883,1
2.985061790203092,0.8866340669486428,8.784021515976098,0
4.405775696586853,9.835385428494224,4.088426856465449,1
3.0873911332899704,0.08721297411568796,3.8483271245229056,0
4.013404660341733,7.590149199406028,0.573870488084387,1
0.9659279424515754,5.363772461611648,5.488759774796172,0
4.431222394345613,5.5915756001608505,5.509464412690468,1
0.12811502166593325,5.331242784872043,0.9427316043540801,0
7.3977542653088655,8.457750811776574,3.228133707817784,1
0.5713014855543663,6.156214350579001,3.495697438086828,0
7.975938339584237,8.543268876387856,4.783879695010156,1
0.3812224927679875,4.885061669686367,5.251461378133656,0
6.602003727372155,9.880344432696582,3.840843014848203,1
2.814257838550728,1.8677080268554014,6.546466232037855,0
7.119115609530448,9.274745110157554,2.61712602005053,1
1.4924816818462905,0.394105054556555,8.577318496670825,0
1.2615388580056153,8.64392661010607,8.640674683261427,1
1.6656580256443787,2.636296425790957,1.9230422411680637,0
2.7851061212292114,9.741305594883062,0.3169086549665512,1
4.554984278002555,2.2113880177724985,3.3852585967144666,0
7.08900274575165,8.712535814827824,4.093165833287484,1
3.8902314453248277,0.37600181564812596,0.11787739180724288,0
4.881966580554369,3.7202476397192,1.9617209456397833,1
4.511027753265111,0.04980905673753422,8.243926884444718,0
5.56446876169447,9.266007970596743,1.5622238321556359,1
4.429800306590889,0.8871177071474401,0.3019745488202563,0
4.742849174583688,6.636949079277516,8.816484142088525,1
2.8837833206850427,3.1808901905133222,3.698442246014255,0
6.740625171413107,9.722298357062035,9.265160634970615,1
0.46238779499110927,5.453076203927011,4.03640221272776,0
0.40176373259916964,9.957622074271772,0.5695837041960083,1
0.7212402893799752,5.476111060042706,3.518182965541563,0
7.891675208579389,9.040201155693188,1.6569698311586423,1
4.727286201965848,1.1288167014198824,3.8653808205160267,0
9.219763370334327,1.9853412043549779,7.212113980733807,1
2.931057833084715,1.2380605950108436,8.51592980892542,0
5.788292635102961,5.453347372646765,1.8446810682017512,1
1.891511169716894,2.9421779709416485,2.7893121765987905,0
5.04858728623104,9.713470716842647,7.919904418762828,1
2.7309257611294324,3.8977614848977926,8.384785896604685,0
2.455059727184039,8.362738906161136,9.457570719536152,1
6.108018899406755,0.5446111574894696,2.971473995618096,0
3.870145742968444,7.382295862478772,2.6054112777298357,1
2.4449777185584276,2.5236590180242082,4.1617988774031485,0
5.614816808370014,5.773359468594568,9.781573156377867,1
1.6794023736286134,1.6892214839901831,4.154485609508135,0
3.028025250340949,4.97519204116432,9.867572743319002,1
3.425209707870845,2.456842284332131,6.085511222654155,0
2.9242481057170986,5.461474994188221,7.870796431637085,1
2.7378431309125038,2.30750588282429,2.7093727915368273,0
4.709404165379548,2.292614425692263,3.499634952917753,1
1.3462690752126572,2.1572405999137567,0.6069269294271096,0
5.294107137711553,4.7432034069650495,0.34415175744971216,1
0.011111083906129027,4.85861769413738,5.948034725372361,0
7.50956222267262,3.400703295083458,6.623602526909737,1
0.37992654423874894,1.6863832443644011,7.7071102651781,0
5.588140493097895,6.149784861967431,1.5663633699489654,1
0.5659176286659251,0.1481571707718976,7.435701342636417,0
1.5109276843213792,8.715369970883696,6.377717255629628,1
1.4493369165586734,3.4620823595630403,1.6635220075314339,0
9.987316107537687,3.3416302086294802,4.851863481415576,1
1.9446411390135465,2.290605055437748,3.874829141486218,0
3.992102720217571,7.414286095348003,5.285898866187809,1
1.9722377566761684,0.38811808464215947,2.466704612419851,0
7.026681875838543,5.692255212116644,7.936884473973375,1
4.08902201139031,2.5744457837839763,1.3270751948521942,0
9.21342132035472,6.488023089252271,6.638604235179918,1
0.7816848478173499,2.5290603154927482,7.10766504792036,0
9.708185530551564,8.735181808358993,9.305531886761768,1
1.7187788311155716,2.3432594967155627,8.966115447755378,0
6.49398613444927,7.129018174647477,9.702856425844043,1
4.219154655882688,2.4553951559255993,5.3463876650617355,0
4.192473201956427,6.671744174011098,0.09143627034455704,1
2.908746747999996,3.3501550417679207,4.3322994586122885,0
4.933593696988014,3.865567828620823,9.967016778714635,1
4.547791531454384,0.44377326698751607,4.229389412275808,0
6.8766859614929,8.194054977033032,6.275247142943806,1
2.3141096112489015,1.019611346101612,1.8132699208515557,0
4.606828555330688,8.893870374642448,5.9262553125363295,1
0.8360247939173282,1.226039210992509,5.749056458422663,0
4.53055568559307,8.99060937541974,5.826390739708502,1
3.3133468495821203,0.08953537205015905,9.90225518444119,0
1.0947499725924048,7.360274673920656,3.250594958087054,1
4.209615093650169,0.4893394060473544,4.094289543725393,0
9.522416439578135,4.093882080492288,5.7924018732900056,1
1.8793987038940296,1.2814614351959597,3.6245143775401276,0
9.77372506107182,5.5405491324397405,8.0584060154573,1
4.022262474078787,0.7464923662461886,1.197312298877219,0
8.599452631081675,3.457182603146849,8.32780283433857,1
5.9751899302433795,0.3702137397206162,0.3145577950307288,0
2.910563673787394,8.072142585685947,7.035041231296615,1
1.049609344753134,0.660424040819303,3.839814891538432,0
9.184076745125074,5.99694298183382,5.804126831646309,1
1.2944330891824107,4.394670610097167,7.089532174596769,0
0.7180491753233631,7.119403565098224,6.262284592042896,1
3.0410859917370594,0.2900934969501934,3.9198981463884905,0
4.315013711681532,7.08745616442597,1.4548190795486304,1
0.9887047839964258,4.484910108432332,3.0457161899335414,0
6.65845822271557,2.705305792044096,3.569586223448029,1
2.4968804449624624,3.187714004104494,6.419483445457923,0
6.771836994261349,1.1764935576897761,8.941261106953348,1
1.840430103530969,3.061624135269647,3.5155843381263487,0
6.844074816689519,9.500027803711994,5.0391016333273715,1
4.55517322130162,0.0020694848206426197,8.621964596942178,0
8.815506099024752,8.228177450450284,9.36699107864331,1
1.7970699970607862,0.5428652624087216,6.877426969251496,0
2.135965842129748,6.074172352363396,5.111159433664953,1
2.3467118483048086,3.278369850634232,0.6357574166648028,0
8.813100604706113,0.16985109504285556,6.524424151409901,1
1.0054438859707404,5.18508446121122,6.978297710269637,0
7.289528194653327,0.23668167711880073,6.989406234191203,1
4.567668606389849,0.6589075736609695,2.826820586764746,0
4.195658040628518,3.8734118690611155,0.6416408661772721,1
1.2430332264519284,2.6174146526004005,2.9913924848913065,0
8.300138387275057,1.1052901054953346,4.83005031188643,1
2.365445657608447,2.232958529063269,6.698643759763494,0
4.089133583478487,3.185283033819344,7.310356112838111,1
2.8355720014750654,2.7235939034747547,9.433494900386794,0
8.31646595930298,4.515219621667268,4.9006596729291365,1
4.608295373992604,1.4150384940175609,2.7098446255382944,0
8.80906155390773,6.899731640641824,1.333347578550118,1
3.2564261788916737,0.1494289387648684,7.394275136686482,0
2.716390141047752,5.077763447855582,2.503933499023442,1
2.7865464446321675,3.2737425101497553,6.446749197651433,0
7.9806961737710305,3.290118106423238,0.14750071098551865,1
4.732539148883953,1.0481257685084733,8.143355705533162,0
0.33013476917785334,7.884910597940069,3.9333942674422193,1
0.26017773083640616,3.0467152323725455,0.4044490094577091,0
7.035378091267209,2.7057021830747283,7.693841607607119,1
1.6852335984611877,3.479612466900152,1.0586803445028325,0
7.7176216912397635,9.743897847722247,6.427701974472181,1
1.2160651693961144,5.063493563373049,9.087721168803684,0
9.467119294012923,3.817710225786487,5.2415357540927765,1
0.6570908448214907,2.2305683305739166,1.2336388872627269,0
9.908174778378676,8.375544043314482,4.888351103925786,1
5.882220402148953,0.3170774604767168,3.448411499719465,0
2.85710402788955,8.987288418592565,2.1184696844819317,1
1.198274882796303,0.46872819214749395,3.7276736532227184,0
4.882032580205965,2.429920351178374,0.3887371238887327,1
3.338002905273141,1.7230199067157148,9.479735253585467,0
5.62958496165657,9.622235482895821,1.1815440044175285,1
1.121550331554787,5.839600845279777,4.414453761029052,0
3.0042170686599468,4.025100569661316,3.0801641967442994,1
3.1967975644496507,0.06227204998506264,5.194662135381733,0
4.187363869724136,4.173402893437681,8.772788135202104,1
2.6350231376397337,3.196459134456673,2.0082463175551624,0
6.701622107681499,6.377639240989349,2.6164667977969924,1
1.2155265842127538,1.7372424894954164,7.063085882114198,0
7.830704694619101,1.790887670004172,2.958403662256137,1
2.2779127608785488,2.182884920253856,8.32779154687269,0
9.757787580634243,1.6022486765399202,9.234454318202008,1
1.825387900339538,3.7666865536411853,0.23677019088988005,0
1.9000372373062624,5.970923155990244,7.461865252807881,1
1.3373120360895874,1.197435687233589,2.5473670251566616,0
5.694768885174323,7.795808337367227,6.95514524824469,1
0.07439828640510848,0.2342707135716826,4.888273186595318,0
9.253392899626608,1.9396061097362405,8.093460419391567,1
2.2151697416532445,2.4558338126439927,9.647857506962398,0
5.507324685894167,6.364034635274743,3.3384856707468993,1
2.3198686894714617,3.997393351769282,1.5672587178064512,0
1.782747419358578,5.515196778665552,4.524197456707688,1
2.6540702205610858,1.9743279199130959,7.768312448004555,0
1.1359702115882353,8.737175401284995,3.9569732100773902,1
0.5848812332782094,0.2318130985007183,7.5361726800695354,0
8.118856657503054,3.944667825224614,9.515194868375293,1
5.411429935998462,0.06285611084429932,2.102206541390015,0
3.461686127110476,8.631708268399336,2.859004172280699,1
3.9587402164141636,0.651396836628465,7.9691400302613715,0
4.224560351089098,5.982991855889276,8.37106258979141,1
2.18081075833255,0.21875885223377023,7.584950295903025,0
7.585915289622269,1.3022964601050546,6.722167706445454,1
5.937575313360357,0.2578002812953384,6.973644833190856,0
4.123934993119523,3.561121145075358,2.3211579415902586,1
1.4578796481049339,1.7014208046699264,2.6223898164066686,0
3.2394000854343297,8.889400600889747,6.297693894947852,1
2.8048035717505737,0.4819273084596276,4.538918238849266,0
3.3522998627454434,9.527243252256573,6.387968850537305,1
0.22997023187061982,5.532858272052183,4.517487165337809,0
7.400599084121319,3.6383514851694034,8.397298080478013,1
2.232579788869622,2.859716668086325,8.290184204583348,0
2.459390012306737,8.691214310911814,9.041344296464084,1
0.9954960284190839,1.5513417579888833,6.334520118095288,0
5.269841858401602,4.188704962553866,1.7694274963944978,1
3.3304647598836477,2.849489068592491,3.677280065772969,0
2.260192083335447,5.153166830303935,9.91613087726831,1
4.130920523330706,2.8412207432484005,5.577209679548359,0
6.6938569293860155,9.98683684778947,9.452764163901138,1
1.0450827333614876,5.813399709956638,4.585724103225069,0
9.369734994912823,1.8620379405585497,0.9760491947706329,1
0.1915172456861025,4.969633606718483,7.38442577928883,0
9.63238158390045,9.168780092264965,9.139448365943615,1
1.5056139340424635,4.542686271778572,3.699197071704843,0
3.504130506373382,9.592206129214125,9.264741227056945,1
5.716827725028567,1.058950588343771,2.2698835058532607,0
1.8865358487002248,8.883428866520635,2.040177055618692,1
0.9306691119780186,0.3650798842486036,9.478507456937834,0
4.341632651105103,5.445539084643315,0.7542379761193785,1
2.6233393229045756,1.3902396817352136,8.941843962172221,0
0.30802590513064443,9.858597970824256,9.39573570632062,1
0.9528787303329411,3.6527262542777486,0.1315773292702016,0
7.283704043466166,2.7260454642023157,1.596203893395357,1
5.0863271580753535,0.9020505270287082,6.483601865107412,0
8.158320844374963,0.4916908122774344,1.8777359038727948,1
0.028745122595924544,2.7098764924068597,9.16632863162582,0
4.630384651486594,4.030737838210728,7.394691347566064,1
5.1099585201814275,0.6342721104729387,7.132956444139,0
9.73568213042448,8.711270453663174,3.4544556136822937,1
1.3026561850456453,4.739271096448543,7.288710977197912,0
5.14490798111866,4.748157201045174,0.5361307361250212,1
4.132735428480096,1.338979465850394,4.825971011312484,0
4.194844279064248,8.807517735309032,2.758876836826195,1
0.3095835215174936,2.702071102175041,1.0770604491084124,0
3.489379936511554,3.99165583597767,2.9722276407847326,1
1.554304097683663,0.9617729867497304,1.6263060973877275,0
8.27031226477372,8.010966280216822,0.23823824301848706,1
0.6733397717042799,1.5748973386597054,6.471246695797035,0
4.787675865181757,9.175899818695243,6.774914693891773,1
2.001591446810375,0.18795099960825845,8.686856802136063,0
7.369357186087344,2.1760226988180866,1.2465768075652872,1
1.8864442687836525,2.385836164708607,2.450218883132711,0
6.680148555493654,2.3219350212070653,1.6556308947331477,1
2.8301190268891387,3.3670675143295403,2.8069548934066955,0
3.105420691566587,7.413600512687556,4.889692634539919,1
0.9646863970054942,2.8060764718789164,4.006535196363624,0
6.3767506852853915,1.1515021910832524,1.12606480143989,1
1.6573329767216627,1.7575938503769428,0.05225104737947461,0
5.656911521909892,9.921918303058195,4.1106785481653185,1
0.2713321039274186,3.6206880106757975,8.753153593364594,0
0.3513457647588991,8.403504101381378,1.621811791126887,1
2.2071530299201916,1.4234669834163216,1.4309682147184521,0
4.170836585730189,3.62676640315179,2.4546360731870887,1
3.8292015171797864,2.0453524085891575,2.069321219351515,0
9.742569982662092,4.998767506118408,2.5713978671150617,1
1.5065854919740274,0.976725733378766,9.262833240031522,0
9.937020524022987,2.5776616510332087,3.608601912017618,1
3.1054869874682978,1.1897136602890068,0.39770638013072124,0
0.0745303332822489,7.3790499512033225,4.51767616860829,1
4.977441541320688,0.14894228579371616,8.721261000315243,0
6.010596761860061,6.991662938719361,0.6067062355983632,1
0.8400041300985661,3.2078786656129346,2.985307667580661,0
4.443607319806937,9.474922671099291,2.4132214039695112,1
1.0678139869347059,1.8928365535568692,7.662478754334211,0
0.6947609200180005,7.030884165474005,1.3572027699326261,1
0.4094974081257019,4.100015694473987,5.10034877121263,0
7.775825705808222,7.18320131335464,0.1675490413653069,1
4.147200724090529,0.10588025444859261,1.9921798780977096,0
3.6018628301653512,8.46376922386884,3.882089593322565,1
2.30668656204963,2.4765199396114426,0.9103178832250736,0
6.441999684714963,7.134490800447902,4.166037946884245,1
2.3937605476025805,1.9464861424666624,1.6761308673152364,0
3.894246488042331,6.081381887643951,4.323695757512357,1
1.1098966587297632,3.382780848820647,8.141704495913135,0
7.667563579854878,7.596107191910933,0.669200347356651,1
2.121241136945021,1.9590593045527194,0.772263544147439,0
7.8460243052268295,6.504411755201984,9.920434740415676,1
1.2251640228727967,5.313550078372126,6.074475579025003,0
7.663105859832143,5.079029043805741,5.871376712685768,1
2.1579014842248725,4.404688517663523,1.0408862858587398,0
2.5310153230527224,8.490541600987214,5.335168440091273,1
2.0758765357731224,1.9617801879767494,5.838266839648564,0
0.88180677737423,8.889768774649768,8.705535407397617,1
0.7227453339988943,1.4377107202164963,4.413958707066089,0
2.695136551154488,5.9883651556289745,1.3162891996552806,1
4.011865799120756,1.0312033743059446,6.528411296965876,0
6.404768667600277,8.189259644234188,8.58543053591017,1
0.15195031449017016,5.59249921523088,6.976543134432122,0
6.429243453773302,3.249952105037072,3.529096867093741,1
2.995139185377301,0.2197287162501571,8.075780196418098,0
9.490273364031784,5.966948048343728,2.624225791856846,1
4.2031088274226915,1.043123653430017,0.33740132753912744,0
5.7530016757397915,3.5186904938754724,4.880064067813896,1
0.9755396225968727,2.302175293842766,2.992275729189615,0
7.235878482164932,2.5401098136638813,8.765327511090858,1
2.602991635532592,1.5257177961588897,2.89963673480917,0
6.287166810400713,3.1371608200871437,1.046418162713303,1
0.9674867167396473,4.933524867371605,2.6470999531732833,0
6.940014087168161,4.174329784023827,9.195136768058841,1
0.05456305627060232,0.7165411743209404,7.240185645858443,0
5.8515814999320614,4.3962180793212005,2.3213762917250524,1
0.8351470976824393,2.7950349258871854,9.239592194829513,0
5.832568780129574,7.738345533275385,8.553119436501056,1
1.6275173734242099,3.2282351168966583,7.148912345476058,0
6.3300601545037765,3.655394575511094,9.354498840017847,1
4.338643836110423,1.6321501073538602,5.108801923753742,0
9.69200146158423,4.216546086013782,8.337875946464688,1
0.7353678125744711,0.8972260800999454,2.8235826436041767,0
0.41772614925599694,8.317884078025997,5.68750251102078,1
4.363940064419641,0.2907051110959957,0.7051961284634201,0
1.8295291419839488,9.582088279443221,3.0624153447410563,1
3.259893485871108,1.7438154535031036,7.817700436347414,0
8.369886906491535,5.281725853553622,9.500065668416902,1
2.2158279925018265,3.018893632281525,8.335173166632599,0
5.8733907526031395,8.854785918697251,0.8201489960477992,1
1.034967309683854,1.0653580599403523,8.024177537413381,0
6.985539682869186,3.585875512608178,3.5963757001119436,1
1.6256404111280254,0.4196278330026637,6.201737861431975,0
2.8296628924444835,4.4842195753081295,0.9490371314804957,1
2.455516422114472,4.447821938579971,2.149656299075453,0
9.30779363291043,0.523679564227777,7.474127124670543,1
2.9807046973715634,1.1471917502824447,5.549743211412421,0
4.72355480058802,3.854070165562363,5.520239339115908,1
3.329563103863853,2.9032020744534757,7.558030065616265,0
0.06085295259144807,8.511936632136756,4.470189560778123,1
2.5326200820346365,2.8760346250551416,9.838301929668756,0
7.446073179416608,7.450180145087636,2.0940968940252045,1
2.0156383049194337,3.078913600855573,8.744769718648643,0
3.3650376149451597,9.884519677871914,9.46911459694922,1
2.059158053162559,2.3141814894619683,4.771105425159683,0
8.980717178056626,4.08223692504723,3.5704086483185025,1
1.6904787388706821,0.0991493794397369,7.557864589910295,0
3.1041679870109693,6.6967243347199235,9.637777175819336,1
4.09155080827325,2.339895934695555,9.566749679371654,0
8.572719021399987,2.20763413296594,5.391071494651437,1
6.3042675183675865,0.6352224830965991,2.295569711115648,0
5.626247232617692,2.4154730783093803,0.929656023825236,1
0.4843169136839587,0.5263604941735223,8.126723586821264,0
9.333941334386662,2.457122630182126,1.3883838000724047,1
4.0860404917122715,1.1973326326706157,1.4746842773947588,0
8.740028079269859,8.757348295194102,9.186432507877972,1
0.9917118259099256,3.6349754945442916,8.491201301923535,0
7.639221231111064,5.853704185406644,9.757602077156045,1
2.702796113824345,2.5365619766929592,5.530285926768189,0
5.332003173047277,5.83223756354398,5.491201046414588,1
2.639228700540188,0.6897289750038871,0.14767382925551353,0
0.5214644549144754,9.251087731108887,8.841839735825415,1
6.48244764640422,0.31026045766954446,5.618435804395194,0
5.288356999933583,5.668743925899159,7.7687555776506105,1
3.297785957902893,3.5008627482882106,7.084772088084601,0
3.7121874531906816,4.471199704487696,0.7639928695276033,1
3.026497662407576,3.659743525303485,1.1852943574891284,0
0.7767499370541742,6.962567781880516,2.359391149577771,1
0.5035693347516557,3.00734221860305,1.2222782837004864,0
5.3399558925180965,8.819540269889794,1.5604059634335676,1
5.827247062822513,0.8096962086778992,8.922531114313696,0
5.381835342439754,8.27911042601539,4.916840276458344,1
1.3527872444700284,4.40230661538127,6.956518971373466,0
5.008407519620471,8.228805309340057,7.777013136599874,1
3.09455827362127,1.3288596937588437,8.83373484316668,0
6.184689927857417,6.954831775962455,7.449371303723659,1
3.613499910471152,0.5458695077951514,8.159452934815238,0
4.591055943556778,9.802937300876446,6.761970645143904,1
1.5353796692817334,2.6352789649707042,0.4728418130307299,0
1.6144194713721471,9.765247126508422,4.314327519214979,1
1.506704037946014,1.4867378114284735,2.904599964724502,0
5.843115889690908,3.4604956190112635,8.009648518752586,1
2.4472739077553607,1.1960666338946646,0.34164048146521075,0
5.968195271016069,8.76715766041968,1.233763815485437,1
2.8327157889053947,2.832216929904694,5.2761038201410795,0
9.146766246824814,8.94149765674911,6.056327640020043,1
2.7163157576691677,3.6562928270563178,8.429051883557424,0
0.4526159318495948,9.957130483793144,9.927985609496327,1
2.7097608817364502,3.70974913566803,8.843665879313885,0
8.64214919447782,2.869729875525419,0.7337050015664559,1
0.4760201384429008,5.468287750449415,4.093799687140115,0
1.5491620104888937,8.237148836069906,1.3041882210993883,1
1.3008394579635507,3.123157422287787,1.7324134763848764,0
5.27912745971141,9.900196236907217,7.688971682851124,1
3.7432825277113224,1.5900690861608435,3.7929768663536603,0
1.7780969945592595,8.999140504347686,6.391171534896679,1
0.1892309439865958,3.9508427266120947,5.587939688017649,0
6.698147912215074,9.611087810472137,0.8091771680255622,1
3.459342095802479,3.516350738548144,8.385384513740911,0
7.961896159322565,1.4169654715350966,8.208002022185863,1
2.6160065913574893,2.800169598903942,7.660889087526323,0
8.981899387070975,3.9436700703993144,7.530025176680164,1
1.680804640787752,0.004235700601437076,7.851876027755884,0
2.84430621746783,5.314971897222569,4.925604182740647,1
0.042124791203456136,3.6486536893182953,9.74582121964023,0
4.0067223976100745,4.043834050247563,4.215284643567795,1
5.279000740864237,0.6482289186784873,1.7956225399329384,0
0.4350310088370135,8.1013718016138,3.923521620285139,1
0.6049778785416948,4.826274288313134,4.198834539551753,0
4.4742934530067675,7.103074873487156,3.503984040879713,1
5.068537387009609,0.6828588789263579,6.875126711572285,0
5.991637822378176,8.86955741593656,2.6223226871454464,1
3.590887615835455,0.6832994101955492,3.4227889198241446,0
8.226203907524472,9.889343721195566,8.127905630056311,1
4.053233405689381,1.7330187548825826,6.5285085050366884,0
3.564367123074784,4.271189253411922,5.733420437603863,1
2.627907371729882,2.3001616066462462,8.863284404143695,0
1.8589367347562347,8.383494958466146,4.927272041653675,1
2.861343361244052,1.7427630317672937,0.8922054965852266,0
4.447467703371362,7.130231982265197,9.528704147434837,1
0.9059604140081523,3.9586395719449885,7.36336023487616,0
7.018267450355834,4.482858313001588,0.01319024833384086,1
4.091177400656312,0.30863860986016567,9.322902939022411,0
7.285284415925882,3.4240670492670864,8.416149685591654,1
2.930167043993844,1.3654249940921948,1.6336343789152485,0
7.580085253550257,6.271655563022158,5.2082659915709515,1
4.555517212561272,1.0618403625165995,8.316637339924267,0
6.448671435846213,4.969060358872193,8.232657270599365,1
1.534219594202747,2.404565250787294,3.4966568331903867,0
9.880076654045274,1.2649077866436464,6.9837826930971145,1
1.5322023708046628,1.8676002924793744,1.4755938663724333,0
8.060767288291345,8.425952998168947,6.609045325798055,1
0.3559157676969438,4.825810648964515,3.827010518540064,0
0.7344523641126077,9.851693173680264,6.899461350386473,1
2.9581502848000287,0.8136459054186451,7.689336065847417,0
6.9437650124066455,8.63808700998441,8.6866189179398,1
0.6494655155532347,2.5796549805418634,1.364067360093495,0
7.156334638513078,3.7687542128523632,4.589672611218568,1
5.470655762928628,0.37078266597236675,4.934154192944137,0
5.617904307041535,5.786566453292627,3.9578362890584193,1
3.488737826768915,2.2962039407454036,6.2707034837215145,0
3.1210308310126744,4.006438781115276,0.7563890363703973,1
1.1232001213680753,0.889438649648947,2.6103191703333426,0
2.4828568425389728,7.587279512950651,0.5949829320276967,1
1.7912088433166673,0.4344724109150988,5.986304097586412,0
8.92388733952331,6.6106984504575745,2.413687344562624,1
0.6922173449077385,2.3776902345274467,8.5682720140232,0
6.139983436028304,5.784485965492127,0.2488626326382315,1
5.160443842998772,0.21745449338140377,2.910644707937602,0
0.7528678627832552,6.7370612345873235,4.289656207062066,1
1.5707870002154078,5.12779696526313,8.276313768320557,0
8.233579335389638,4.799861277223569,3.4847535776834593,1
0.12787094104480534,3.530924892172753,8.220555985387533,0
8.189751806185347,6.900665313005746,4.393221355962403,1
0.2115272250771949,6.0579578184569,0.31033654929023213,0
6.429923140243128,5.487717767120953,0.39947289794796004,1
3.018983931884789,2.8271120391549562,6.081167278058752,0
1.754625346085239,8.897817710320066,2.9772521176735167,1
0.2332249037765899,5.941194683730417,5.470827239496151,0
2.4525304593641515,4.56609413190324,7.299474839585582,1
0.6915870456104567,1.8580979381369,8.344613638769115,0
1.187323177123698,9.576831490294305,1.365064616356808,1
0.37195925603640156,6.247817020201869,5.427557811602874,0
5.545566446370729,3.2720514725881267,8.104086763389505,1
1.3568898286979791,4.704634398234121,7.231144035165434,0
6.0454915781969945,7.974203581181253,0.08278616110938386,1
3.203789537906453,3.3453052494424282,7.962924967834828,0
4.961490564729603,6.614772033374676,8.664708462385276,1
2.2592649026523457,3.665033081119252,2.37277221392596,0
6.061125970608121,8.15386049739218,8.640917959212091,1
1.1284746001259771,5.120862684196474,5.243599459376701,0
9.372386100288917,2.1125119329092046,8.783796719738593,1
2.0467409340876106,0.17091252958985836,3.378675966045188,0
5.2352663783533515,7.796124762342274,3.208974062434783,1
2.367904450642433,2.6564564081642383,3.588211102113328,0
8.282257182974336,0.834513917780495,1.4453892806782431,1
4.503939908833281,0.18593363243784022,7.356737467901512,0
8.984915593472238,0.2488777917197016,3.8728972094018776,1
0.13802487129565,5.3866700491706,4.16016765517543,0
4.930256325892111,8.860646887466245,8.759414928180455,1
2.780154121984675,0.6586298914187683,2.6162728669004487,0
9.299806402782133,8.069732007959905,9.392779210680061,1
1.5924071708241105,2.179793515153363,9.421374009833706,0
5.286553283137758,9.681470056740974,7.608106844888659,1
4.397556047496817,1.8559421735098791,2.2103275641765983,0
9.91429889436814,9.857451928593784,2.9678577250252456,1
0.4041296778198511,1.6420331562435564,4.320457171821596,0
0.215417117859239,7.717597696242601,2.0375498295746466,1
0.6054839398188494,5.583595942408916,5.170376587698964,0
5.891370445409818,7.065858155260711,4.075743369127245,1
0.21720139738790722,6.696379620875338,9.902486728037438,0
6.40883818529378,4.5844897005126,8.107306521110672,1
1.2290065043449783,3.6619738220988216,0.149962096116234,0
5.247678871519808,3.8006694053982724,9.408966978145163,1
4.092881071277645,0.05784635748944389,8.613790875848178,0
7.106690541715514,6.032760905056909,1.881039288832026,1
5.956723711958078,0.9696702449667494,2.8592708097084762,0
0.7089144529386304,9.768003361221316,7.349642762766467,1
1.2656880513447621,5.122692152133805,0.6335899034937098,0
5.864677639604561,6.560437341966311,9.436534061231818,1
3.195170883431113,3.802100356130792,9.062013303876803,0
9.810131260829095,9.550146546949904,5.981549207994378,1
4.723851294518029,0.9004393656578813,9.072373467113785,0
5.0711648693734865,6.279652645686338,9.563702031609328,1
4.214090891431706,2.1767386065344727,8.773188259647437,0
0.10248610456101259,9.648148567213466,4.332743395518036,1
1.0245610421905005,3.2059505602204252,2.4986687113797466,0
8.539227359375053,0.7426079107201211,1.362982789011753,1
0.9063385467675267,2.950018089636579,7.910830528994609,0
4.266303276021233,9.919061864308654,4.1198284951804665,1
3.5817710610326534,0.9327576427075845,4.110646586183111,0
8.862804822765302,5.219258253333036,4.419810217857459,1
0.5381746915657559,1.0703024162960673,3.5532496856533404,0
9.737041177941647,8.76466487637467,7.955176195244543,1
2.71469223422757,2.729302987805452,7.092597825622118,0
8.495977678805312,8.410396730737515,5.290410692859348,1
2.6898366808352323,1.4282821999226536,1.6899495686744537,0
7.940810408383966,3.686016775452947,2.030247013231079,1
1.8910954878355668,2.6767935276571233,3.0978290462320732,0
6.2408285934858725,4.035354422566552,7.111983691433997,1
4.536817229053053,2.2806944940484986,5.119601687998499,0
9.790812928656491,2.701225969201576,8.858286031353618,1
0.05935057952418665,5.418630366692918,8.49123691470037,0
2.1960902136977243,8.769430510166123,1.5461808224127571,1
4.605055579813328,0.314678304902285,5.250974071230563,0
3.9227100860703,4.240113420840387,9.133955226352885,1
5.87684065482014,0.1399592662567417,6.330099749126077,0
3.8077541974116325,9.040274891141186,9.409761468323746,1
5.322388163671824,0.8949601299004706,5.322328334140901,0
8.749212155476991,3.325081533181006,9.01560409963862,1
6.274963450126077,0.5273957771693005,8.866081812860056,0
4.009951572277717,7.579862109842054,1.0254432243790201,1
0.006331753085918601,1.029358263262521,3.573990420739337,0
6.85772758910542,4.162737171439579,7.044614482551602,1
4.4283667272052805,1.7147483589674095,2.1115014464883695,0
8.514252421506962,4.851016528811023,0.15071276500546293,1
3.6454174984415175,0.3438906014664844,9.604338459120651,0
4.613989318809701,5.0715323734287185,3.3622348281353496,1
2.482748895422878,1.0745735561559966,2.293978476310289,0
4.859145870822017,2.8590470744823024,8.738656819833473,1
1.4007811082917698,2.167374756087969,0.49709545036529135,0
8.20439123176545,9.051090877555666,3.009464013021544,1
2.5682077897793407,1.3410318960072753,0.22390470107642613,0
8.391829466054858,3.1234802565847652,4.845615763189631,1
4.11005184353175,1.5075383364920603,6.823788338065087,0
1.7386793467109651,7.511156770133141,7.943850609457658,1
2.6394946805039465,1.9674333388165133,0.5381410985839463,0
8.968084198553377,3.2301686425378486,2.415152762499042,1
1.7476979986199481,4.038132925807883,4.911597294223396,0
6.932414385036367,5.766490589464669,7.343396950516041,1
4.039750981396725,0.43209367210529703,2.472740912456067,0
9.175475401730269,7.97551218553285,0.22690588450829274,1
2.604980082292622,4.341480268178897,6.231906366638182,0
0.4061529259704133,9.239881865765295,0.32420991497835727,1
0.253144606698521,6.473676295877101,0.755413642146836,0
9.935332165577611,6.793371155974585,6.600757037103845,1
0.6256385521425434,5.384075547273341,2.8170009840199395,0
0.01808831288221957,8.34281385639017,0.8662279627194014,1
3.349776732516996,3.396895709479396,7.21737551432436,0
8.96053768790637,1.550311412521499,6.771912032194693,1
5.942832637891388,0.17084190339937244,6.618529290655538,0
6.162776250381164,8.269439644451126,4.941752706691198,1
0.926580739290398,2.2278070548619064,6.428472179760995,0
3.101580231184191,6.458829188239985,8.035511740294597,1
0.09750227748583806,3.0447714346951695,5.511128406346623,0
0.7506780477126185,9.391499059852954,2.6292130491049805,1
2.7073878901080803,1.3182467670539566,3.0155395363360804,0
1.278682600092973,7.042064736518492,4.401372652862134,1
2.324472481464924,2.2904240557391455,1.5017956727892823,0
8.998898578536181,5.2216288172517515,6.182678513823177,1
1.033408509290159,0.9840529831930989,9.597770216776176,0
0.012928730020729251,9.151542917536991,9.59772217562082,1
5.035427244704777,1.7811521339543124,8.500844633193914,0
9.621508449009665,5.187469412273691,2.9042721501176674,1
0.1236961129875358,4.7257932479007225,5.866066439207048,0
3.3780934119515296,3.806514615595792,3.518328166832746,1
0.2490306496213257,2.2453636153883396,5.192823783118451,0
3.0919368183125906,7.663227900912197,1.1326313517804543,1
0.8705916306973016,1.1712620280318853,1.8071775620897212,0
2.8386963466596726,6.3882417793594835,4.79960891487713,1
0.2355043400050827,5.670140341190654,4.741310335233723,0
5.691847522582496,9.58619692238387,2.5158537383162773,1
3.1875333813388265,0.6970841645800452,4.512504803891375,0
5.675821057248038,8.657052549063287,1.9837263799413574,1
1.3185543077651807,4.868112036209026,4.682235542306675,0
9.879736686704673,0.23348009405006476,3.4967957661201368,1
3.279339702209838,2.8836673281099157,7.515750714600463,0
7.460390470223319,6.5833089414608645,5.978009504538254,1
0.8452742181841022,4.308478684512477,3.852370517834575,0
2.4688916899071236,5.959887094575026,6.334746940449496,1
1.227006804473455,0.6777611188130528,3.288692751919652,0
7.088711855128365,8.016851123672303,6.459190134985975,1
5.387080642267852,1.5628035232268012,9.378948926502762,0
8.237561735163322,2.0321840616640365,3.134651719752488,1
1.6951064558368778,4.884871270813135,8.219180207309781,0
5.246145110341392,6.1378409617931915,2.294152706213992,1
0.6940205342550665,1.05978633461559,3.112087189813021,0
8.644241645735516,9.319102409675544,1.5612787250243043,1
0.8851485840118567,1.625356515114753,3.409321217625113,0
0.6565686498253132,9.326728202232022,2.191523569430184,1
1.4764750265217141,4.505910674819442,9.899207483384064,0
9.904741061546156,1.1300111125973744,1.522039161788562,1
0.5057691711039181,2.2276604742393857,4.422348547226198,0
4.554366332354683,5.329542905219005,4.177554438457031,1
2.7610558837785493,3.394643479080858,9.743776084033628,0
0.7449038950474829,8.404789954907198,8.447395175130454,1
1.2092097113635347,4.520222540036803,1.793786500900082,0
3.229482364851669,7.19544502158349,7.8753686498175925,1
2.480484400558718,3.018778890234125,0.4467750115442415,0
5.05236999027113,2.991780275540852,6.7580571078604725,1
1.928131719632773,3.1834615372759734,8.974681613605206,0
3.619336605074338,8.034689222903626,8.46918426663904,1
2.4630086605557344,0.22009609699198296,4.3702605523155835,0
2.160409533630715,8.045518431280668,7.289539351451216,1
0.9164815907699553,0.8733553160492413,0.8857830168943404,0
5.616723761860738,1.8389972709079838,6.684460211497743,1
5.754224345205801,0.23554439652240022,9.644491550266025,0
7.124765922837871,5.809853400836347,4.631377396742021,1
1.5405245835742076,2.068702576904997,0.6607917061388091,0
4.93937991924578,9.89760676515336,9.04019166901161,1
2.370331820874678,2.885457263794289,6.15746020445455,0
7.197211357893983,2.9835303896341845,2.104210290331582,1
1.8156717180405568,3.2826970952083667,5.176431810208654,0
7.078186840820702,8.106955247117604,4.016355674273462,1
1.5534106853462504,1.4216233201626582,0.7721587636009242,0
7.508821271104582,1.5521203719332788,0.505958034109032,1
0.48752528141438045,3.310919196135841,9.633018522916808,0
0.6014761355215015,9.010588654288373,8.893517073904333,1
0.5101221930553401,0.6246318378192373,1.9412597171983548,0
4.754426730733053,6.620874301377012,3.088832293922037,1
3.9305549243440154,2.443766585387791,3.4944341737745246,0
9.383937768780017,3.0905845886202767,2.8667766364877223,1
1.3625264916967494,4.0126138514043745,5.658130951791897,0
3.45942787642377,9.03602689616643,9.508354097895241,1
1.3066022287445256,1.6431073447184152,3.1765482971583325,0
9.976027499916041,7.722180787773404,6.480297223260489,1
1.250469801638412,4.8323694130621,4.4529433317105624,0
9.925547321810212,9.164018863980864,1.0513749355370983,1
1.8114004688467866,0.25297373856752126,1.10443629302712,0
2.4603116602744644,7.140047947313553,0.7497208536056343,1
1.4773771607306485,4.6099990299218145,9.861684550730152,0
9.100173559062553,9.063950602355664,5.962205834076775,1
2.2759431910326633,4.676661463991767,9.396616041503696,0
9.895865210353106,5.726918181141961,2.8600536643728782,1
3.227039590972922,2.8878037561282266,6.416507441722819,0
4.765879268131112,4.509593477928542,9.523270631995965,1
3.365258657706219,2.9475289205307273,1.2838614386841407,0
8.960872772683393,6.6640729266245575,4.38163274396487,1
3.239078077626316,2.9828052852264717,8.727671179539033,0
6.628163826763048,7.825166594662695,0.049429674477777796,1
0.918465119354569,4.191848464959335,5.622619532806205,0
4.30346955220803,6.561273604740032,8.490459024833777,1
2.151689589679254,2.254488554384657,3.9427648107412336,0
7.891644265550685,5.666982614786114,9.683449578460294,1
0.053632761427050424,1.1904661267627192,7.9072293325926815,0
7.188538989533189,7.261072693976994,7.215446563728837,1
2.664244659614259,2.9749935479421885,1.084606378158608,0
9.161784125698295,0.9292052639984161,1.9999079549724408,1
5.620281042079417,0.2087219278591157,9.776503185919289,0
3.2647064842870996,9.67310819297959,5.557995381096776,1
0.6488996923821011,4.497942184886807,8.440227025203054,0
7.817897903881885,3.440309409839457,6.91407622047194,1
1.9053815516032724,4.679706269666527,4.850406074415145,0
5.733099332042782,8.535182884087817,4.272611488643511,1
2.906343584162858,0.4351123243060284,5.27927310000479,0
5.996938506466981,5.0919791573742,4.2554846437812515,1
3.0765677574331884,3.083187452384053,4.085579435828846,0
5.032873231325624,4.6005705779281545,4.292100640482946,1
0.6076141937467339,5.979030234769302,4.993711533041363,0
7.2836030056064995,6.537942618709064,5.240724016899062,1
1.82396423779828,4.401544623991175,8.296597578605287,0
4.2902571851748,3.141481360735223,6.502810628691295,1
3.461449394182462,2.532462573545379,9.34873349302298,0
8.935049166584015,3.4474149011344037,5.080158305161082,1
0.7483134447375117,4.010302394042764,8.586255241253674,0
6.028967875805774,0.9795489899061749,5.049771624536397,1
0.8653568416195623,4.537834183103014,5.423073881051861,0
5.763836679929532,5.863469352951418,3.177784414244954,1
2.9882719739792862,0.471555567076114,2.8301202842448436,0
7.931631959912448,7.443527879805913,6.423085708990665,1
2.55455869837066,4.098265350163608,4.797008501643422,0
7.690167948310811,9.531942368204101,2.229124384178438,1
3.261642529201383,3.1145436246708194,4.931837730226314,0
8.468781718995004,5.207779961540844,9.819423368641777,1
1.5096500769655274,4.491658675579091,4.531257981686329,0
8.118456635058692,8.20545058290917,6.9308458189442765,1
0.2973333652488708,5.418518574910878,6.6581726680672855,0
8.886723073235371,3.2600582786672816,3.9380529737222956,1
2.380629100310241,1.6514506064924384,5.80576791069424,0
4.468762258804676,2.674736162527378,9.774277811793922,1
2.7697735918316257,3.1403168117385905,4.188078307328579,0
7.646531495028456,2.776226851143422,7.884323054347522,1
2.342271318034986,4.219332424105604,3.435251842825333,0
3.712286651797739,8.25103915085288,1.8388638112275046,1
0.9957892885632702,4.100121246718047,9.554397798773573,0
8.343700939010969,0.6844718086676915,7.323455072848898,1
1.3145937212966863,0.6599488604289017,9.297590825913412,0
2.0943529169672317,9.623305679713338,9.364653265056837,1
1.915828444991805,1.2555313885528963,4.09120819321405,0
8.60132528654767,9.880349199660033,5.775492403417305,1
3.7945056672188304,0.988906031271668,4.41184132968695,0
6.282104751259658,9.560388003441808,1.9718933588230236,1
4.7047738121191385,0.8639705119030094,1.7395667320149888,0
5.877103683534552,9.961115105691668,3.6768405711493237,1
0.5682157854472836,1.18497167385899,1.8851860435154433,0
9.575753649438273,1.3021489360400018,7.141646837090677,1
2.8678303527219406,3.9238509195260507,3.4366779898269426,0
4.302144598124569,4.644999398732964,6.426768526462028,1
3.1129569626561726,0.4367497924468289,3.5467575205335846,0
7.455299460416781,0.09071132100033963,5.715673810977378,1
2.174722516766001,3.888976481145905,4.711848511905746,0
0.6033308117413794,7.3661144708466235,2.8760610292837785,1
2.0867287795238942,1.8576915906463454,5.083976837972331,0
7.378171950105671,1.3404259276773944,1.177964063058592,1
5.742435616121407,0.45331563972020317,7.722263818895558,0
7.8461041151894575,5.256672951052883,3.0390764242229737,1
3.784781411194542,1.0095756295311253,9.286691721126566,0
8.81936695101299,0.4165785290111035,0.7912625366922477,1
0.08185871043086546,1.776322926751167,3.0066958475919336,0
6.281744083450873,3.852493948615634,2.301038659068838,1
0.9050730972284826,4.0274578001754815,1.3284232469282842,0
5.496881270310058,6.0053129824828835,7.264378311057264,1
0.8215143539498648,0.5222015004896119,3.1633379487007787,0
2.5827530459939743,9.919591718672844,4.825896115748213,1
3.685303812780283,2.1859448049999406,7.764602899622163,0
9.233114821835638,2.950058236752089,7.662241950140328,1
1.6991301253009783,3.084901246466758,2.7806915210010175,0
0.6529483370882472,8.245719367514079,4.666082272260979,1
3.4420128303239084,1.0911952013786885,2.208551524666278,0
2.7904463345916994,9.32345236241767,2.4546480992961426,1
5.46335670524509,1.0870056294507735,2.003479483445809,0
6.397955584177632,8.393411735736333,3.85257655352762,1
0.31692906684898325,0.26044877484202145,0.8450761726643818,0
5.5240954615310836,9.080907027590948,8.411576371777747,1
0.7928452393846386,5.173543969306078,2.9180281935327557,0
8.286251047880121,1.85275355216036,2.169814703668097,1
0.37358176811850496,2.2248573902383786,8.563756615977296,0
1.7360929946741244,6.771021953666807,1.7038694634089602,1
2.651071642417515,0.16463682894388598,7.520508171424378,0
6.7369147451147615,5.933775926289851,1.014793906100434,1
3.206444016365401,3.3337051456658373,5.361156701786035,0
4.041757462703638,5.923581945686347,9.931051038174775,1
1.8771437516208278,3.8938909225268237,9.327200039841248,0
3.955373771022632,8.440174901091268,1.5044175049306974,1
0.9457023284285582,3.5147751472783617,0.09799245367924869,0
9.775354585797634,9.51673204535411,4.690600128778531,1
2.074130754419783,1.5997532142058135,4.528677346573705,0
0.23764205952006567,7.973611714827468,1.5092913889841553,1
1.8931160887373355,3.5906097716224994,3.7858094569690626,0
5.018525420584673,8.327103922576114,4.228184820242004,1
1.3916122480801696,4.469947986632312,1.7997632331927838,0
5.236589402431985,7.808858623639918,2.8586588074362353,1
2.0184996328575977,0.610883976794151,7.6765397962181625,0
2.014192489915895,8.483146295444854,5.572909557924777,1
0.8028142149539652,2.5909064057593003,9.142850388527947,0
9.130629091602199,5.156739030415426,8.91458507158017,1
3.9987630099131675,0.8736641498549369,9.836826057569873,0
3.7005122998628726,6.324423497429255,1.2567925544214642,1
0.4307890158317562,3.0909318532666017,1.0963419591784263,0
7.975177162212067,9.568743636021606,4.69982045277133,1
2.6304561594654494,1.752661309820338,1.715791234608458,0
7.287373337460908,6.764179985157522,8.331383600936684,1
0.7827209428357618,4.5517579732159135,8.403638384781754,0
9.788224237620797,9.566750143792742,4.161340397638364,1
2.7003770160860796,3.7172427810170117,8.455685191200748,0
6.443644647087357,9.01770725631907,6.923848972346755,1
4.665335015972224,0.28587869517106124,4.426467044478192,0
6.952689887273222,5.611670455873775,6.773903746515053,1
2.764579127681306,2.7178326824969243,4.127162425039507,0
7.451974485660133,1.9250094034630716,3.5199940670094043,1
1.135119848000239,2.8243607719932884,0.9792665550884816,0
3.318166016841623,9.79355768621287,9.834397228781306,1
3.0684120353274946,1.5736151017735422,5.993996789479702,0
7.915472244460817,3.2159426334957675,7.728068783149834,1
5.636466694926481,1.2858802364247146,8.643766422699521,0
9.92500399614766,8.346634482733364,5.370183789467097,1
0.5125430528338282,5.390089412397948,4.023324457238328,0
9.55056306181299,0.5313428636176831,4.568161186720761,1
0.7254656066691989,2.4534730585209283,4.474987008242691,0
6.9865659841282355,6.670274756083688,9.424000432710034,1
1.4883168507899858,4.837877403980916,9.231270541736592,0
8.966126660656073,9.862713323770668,0.18199774795820578,1
2.5194594084729927,2.0027681469278646,7.026335318609597,0
0.48373137939464295,7.293971241183738,1.2626052025844237,1
3.0025450830129987,0.5461208908249648,9.546303611233725,0
5.011080417334512,5.588664547213989,1.7481741166922071,1
0.5964039701453183,4.430964245152044,2.7781949557471997,0
9.106925705422107,1.7506280673451124,2.603184588948957,1
3.318831839957314,1.5921357819947635,4.710871095288626,0
8.895077858612089,7.335482427675773,7.587158065135063,1
0.14401674920330731,4.0081735003545536,1.9786829262166827,0
7.031042738679554,6.621229019276722,8.835823896699123,1
0.3467285772476558,3.2668143401639926,2.5651358926276933,0
3.2555010335425596,9.720613477061125,1.2338210916297454,1
0.6472821048174837,1.3308152840288467,3.4674942668709385,0
4.887016835841894,3.848974547014584,7.789641449549022,1
2.710829514670978,0.4513162677620286,5.9633297551123405,0
9.347647085989102,8.356171858366038,0.6186669001703382,1
1.3424103427542733,0.8769040205854473,6.607997883666661,0
5.445902328275476,5.00296126643002,7.974505822153511,1
0.8585748781859315,2.353300321096876,6.8212357256277345,0
9.1095359899098,8.373414030450618,7.172164676179373,1
0.979303665974437,4.159030710846462,5.489743441715106,0
0.6032478076926928,8.047667466621078,9.35207407279371,1
5.298198835678896,1.350156863135329,1.0702768602060475,0
8.505548427749236,4.1934278593337115,4.967672998784815,1
1.974400876982354,3.7500061926856976,8.524479981282804,0
7.646417805171231,5.8758605494702865,2.3982715287123257,1
2.1007806338304613,0.4489255103242207,0.12914011866892783,0
7.284951589216354,0.538320032395937,0.6058843103417733,1
1.6803446665927446,0.8900832332708863,9.515397401212137,0
1.351643053459668,7.891950443478539,0.8740751363734967,1
1.075134119508333,1.4128292009552723,7.682875106318178,0
9.946133691142562,6.583859581571296,6.6048987289611025,1
3.807452730430696,0.6288325666973449,3.309202723571837,0
3.5605773451653433,9.090499802769969,3.1270885326115314,1
0.8967890909219489,1.2724655554966147,1.2555295416311318,0
4.507828937602588,7.546745090559135,9.053202940488562,1
2.06337893231886,1.7664178101390782,5.212251026979997,0
2.9065838721373782,9.800334491231625,8.062672108213645,1
0.2245036754077645,6.676388127558014,9.58643866147211,0
2.5636976050986515,4.492640214867532,3.2215510459891217,1
0.8990214114247919,0.8640669406996204,2.9135447308809037,0
8.669355365848602,6.254171637483593,4.858144299436643,1
5.445497192820962,1.43401648686725,3.734295058365328,0
1.8001835021038437,9.262256327237452,3.562968554509945,1
0.22810174322478893,1.9693275757314088,6.159824080962565,0
4.248577720690726,2.834053490337962,9.101669999996806,1
0.6868602108551458,0.8425059633002896,3.634390495973858,0
1.6166879885928287,6.100762849414521,3.383436756120819,1
0.5617550595655529,1.5046728225068284,2.9878532845069596,0
4.517821992286275,8.07927453782989,1.3803654898005457,1
4.30379459393094,0.6110598910985088,8.394219913878512,0
6.441713535972003,1.7938658211597314,1.2279276324570498,1
1.3513052390152347,2.4240159683366116,6.78916958522386,0
6.170683852827478,1.5551793639503386,1.698130195038916,1
2.907309634491979,0.42133338494223516,2.5151601649696262,0
7.996354275826909,1.9432240569666537,1.9145229489745519,1
0.6487109101069444,3.922111162955556,8.060645948616111,0
9.653792704574078,6.8404158677981926,7.2415269334764245,1
4.932359739510316,0.22578665963196132,8.841868392971145,0
4.64662455266151,8.824338438912683,9.005799104106963,1
0.31733714655089895,0.9352013599639541,3.0070416769625554,0
8.67578102752599,8.651975010673121,9.579911554269938,1
0.3468624671972165,0.853656543431276,2.4721719845076686,0
5.247874175325151,3.9342634976710364,0.5309349476371017,1
0.5807819915665458,3.3208486001185635,6.2796293540073576,0
9.166733293469516,3.0555488718549717,4.1941338311074965,1
3.994264893381665,1.4028390903338095,9.369740008017299,0
3.3291767142990905,6.17957446379671,1.354419000864635,1
2.296109105050234,3.0344055888030894,0.5404476609731601,0
3.3854002809861683,7.849555857749064,8.037771129055605,1
2.5297031110964396,0.3269367980937532,9.084479857105821,0
8.045454248915076,9.954863717212612,0.8765033150675161,1
4.417271468579749,1.130445111749917,7.4400146907196945,0
0.35405616989745203,8.858708977793524,4.060941780057206,1
0.21793444191108624,2.385383781496959,5.465889497273383,0
5.408946657301561,3.92395406900492,1.732092698562644,1
3.2365693788645986,2.58862287503666,6.519277413041252,0
4.911717886703536,6.467925704981266,9.287847349615713,1
0.5135363007594607,1.8111677843498186,3.6506412842198355,0
2.958968714163391,5.0744340055572055,8.036826662107465,1
1.1857330522942777,3.439371128174309,5.275203284043888,0
6.010351355728448,8.987206257145884,2.5720410937472638,1
2.9551448462256458,1.7813248524025538,7.215095510146977,0
8.278621146419528,2.322858476871621,5.202253846657418,1
1.4293729146098033,3.4353453473510753,7.340488918332686,0
9.727142659169512,0.7132327608726552,0.10224158494378743,1
3.2238119789134956,0.8852162141950615,1.1870341709703724,0
4.416521751693997,2.9817155719156805,3.506015355857195,1
2.8372019528702843,2.8903963754742557,6.498351981479872,0
7.323057856466035,7.633747475623746,4.211989127578681,1
2.680013507716983,2.969222195422226,7.622685209547359,0
5.601746357903177,8.923111339304198,2.858150378812503,1
3.786670519944595,0.45752737651417075,4.7074002597922515,0
2.168691710616719,7.286236443660102,5.1455488166757535,1
1.8491153455803389,5.045681070802905,8.602140822781152,0
0.6786262814866262,8.32232152891671,6.255334013790169,1
0.33794647889106355,5.841092333492024,0.7777803032351427,0
8.825256887368415,9.958051334446932,1.0593209635829104,1
2.8220215489307843,2.1981569806742662,5.889366788280675,0
8.537831301884463,5.374536136111438,6.306085159336683,1
3.431550209106989,0.08413185433876702,6.513461197375299,0
6.161797658082842,5.446083200300492,2.531401939415635,1
1.3367238901593759,4.693094599182679,9.630907881691364,0
9.862072872420999,6.229280238945605,5.404113875006946,1
5.590642775869714,0.2644120291469565,6.008888943735927,0
1.312507014728288,6.4677210091711546,1.6077999543715182,1
1.3786058448855987,5.226869055841635,1.1436814276046225,0
5.73464700699188,4.595252465306817,2.2006762450115946,1
2.991754307238944,0.8036434569393158,2.9941763559263013,0
5.0668051931141935,9.30940793573883,9.11092169556719,1
0.6601135823534832,1.8895640415855874,3.9899730777228704,0
6.734704199096516,4.0137196149571075,3.156549974868348,1
1.0479931401508236,5.014043151577331,5.723206186152864,0
7.201450678192412,9.308875796631645,2.589268669475561,1
0.0820075125155817,1.7780702862844988,4.783591131397626,0
7.315110437907418,1.3128518881264495,4.9864637787953425,1
3.6797403399779807,3.088107183134543,5.925112575118735,0
6.15405858674094,7.551772677200672,4.961940606147397,1
3.0545994643820062,3.3839224318951633,2.8976150688399063,0
9.514942327257783,3.411327564151627,9.715107756972387,1
2.0865726742310207,0.7002611782099277,7.004109493921158,0
3.95889981640026,5.981372548804524,8.59435832529515,1
2.248615298989182,2.365306942539952,5.980969516461179,0
9.497079231424603,4.418958508833906,9.302194109147369,1
6.323345906369454,0.6180190372106498,1.3614296939397552,0
7.639654865308236,4.533209200307228,0.47563271728359613,1
3.1080290168142986,1.815184434657412,8.024872248374768,0
8.84370077275693,6.093539768740492,1.7209174319347675,1
0.6367568447560878,2.809387379899315,8.426354791281343,0
2.8156055759458187,7.427101889391688,6.738473051343416,1
0.9854663163784083,2.768985553163591,8.329060017449493,0
5.154262271641587,1.9424887276887381,5.626700328196019,1
2.840360435250777,0.706197552670168,6.459877714785501,0
3.5659837027307706,5.787145814995474,2.2435983078252186,1
3.4572004528230718,2.5839744045772104,3.8747076673552208,0
4.212498336852794,6.55267370372525,7.890994179066251,1
1.902258985973856,0.21860670682239514,5.700043967076171,0
7.691314696862413,7.830848759498034,7.359731606445706,1
1.881435723645506,0.09833331651590616,9.902525878972009,0
5.191753873198701,2.2467987602525152,5.959597329271412,1
1.5034249644376407,3.9233352616944406,9.231697902649419,0
7.553184598773315,3.976794013297753,7.882389312958865,1
4.8832215221350515,0.9453741577766095,5.35554784161175,0
9.348230789990051,9.040226468953175,1.3968861422298795,1
5.459031217318378,0.4261075823091276,6.034159110537333,0
9.427452549209972,3.683261554821425,7.180757824831393,1
0.3723709980061052,1.4497966236680304,4.027227127269351,0
8.461643637115566,7.129615248716043,1.3307558895393334,1
1.1418988263135255,2.1789738869621478,4.999088877652683,0
1.8552050433145062,9.508402992439715,9.740313183230535,1
4.905948461763364,0.4432688456961853,5.023269775623413,0
8.962175825349238,4.3783603496503245,2.3085485790779736,1
1.1345799506988141,4.915950323448669,3.141078051479025,0
0.19726677183054098,7.248986168178807,7.934577985960754,1
0.6184445494269819,3.9543483553944725,5.7491421916904075,0
6.72182838608769,4.990131039333122,3.0108279568226592,1
0.7609786764699211,2.98040589582948,4.738663597775259,0
7.372516642411524,3.759722178841629,8.3689064672803,1
6.6110642561159665,0.3633408703350638,5.212701975646947,0
5.418990807711333,4.064628715037354,7.157890319241993,1
3.8881348965392224,1.5570141190996378,0.701809308787581,0
1.1675833484843168,8.67319592570787,5.449734780218716,1
3.3000397992174966,1.0356359552309224,9.694854843450543,0
9.400903995739784,8.07981396291981,6.0101020690577345,1
1.2600602364133129,3.138672197179355,0.8847530046722374,0
4.352182899007452,9.521749327775273,3.727457413429618,1
0.5098135792882075,2.4220095148541807,9.19278767945795,0
9.546824922182955,1.5930001406356409,4.902693778586885,1
4.57123033299407,1.5075489406972564,5.511906060397999,0
3.4570371086332994,4.219309610874986,5.742297393229072,1
0.6605799013399971,0.24670531227168002,2.8968022825053676,0
0.13159522299689308,8.869228736665915,5.765383227657075,1
4.782655916107594,0.7749478176465785,0.6047963388260957,0
6.7612460348769785,8.586502548691822,8.490040920956366,1
0.25874560915784217,1.1031914214785077,8.276926340098429,0
8.237691478682951,6.7364649550092235,3.4179749732154763,1
0.6006276989926962,5.967938631630933,3.3751019147099317,0
6.1746992116798625,4.041251102449255,3.080727584783849,1
3.2481231078779604,0.493607450911,7.469114317388852,0
9.543482922661724,5.917955459155349,5.8520200196779975,1
0.18864365962462437,1.075580434699026,0.07624467244879973,0
9.78832447399794,6.308572265191586,8.59788377225339,1
1.6551566340135715,3.7240158425445036,0.10662191498027385,0
0.9112208165850777,7.344293841325077,4.938078487324179,1
2.7578785856044608,0.5680532952857476,1.3392014484319337,0
8.016617911393082,4.787293605466596,1.8437902159402175,1
6.041799505419704,0.7312525431623795,7.057818110996555,0
7.546090577147141,9.176897011112784,0.39603844936390686,1
1.5375831999759737,3.677883049990002,2.834584649391829,0
1.0208523813942183,8.410032759469466,6.459684356457863,1
3.4941330773731516,2.680197942330025,0.5855812694502105,0
5.856677518516435,6.53096150933754,1.4862035297832688,1
1.4138053663995853,3.310214321104241,0.8297369348660966,0
7.475056754974628,9.94844407585672,0.9431283065103813,1
5.851945486954833,0.4899300780346605,2.27131910410188,0
1.0742860625591877,8.229325502185532,6.0570249306085095,1
5.602559364610555,0.5136094288365844,6.474500424601822,0
5.996247450863539,1.1861510303491152,1.0230444071783873,1
1.8710655348177907,5.011890896793757,1.3999704124155954,0
9.753205650238355,8.691324214540307,7.334340515431226,1
1.7227678383372202,1.036623705420272,2.098000635957238,0
8.075667563643805,8.347132211499707,8.012981711105153,1
0.09241772667372694,2.297707028647359,2.273687695287574,0
8.198175283649412,5.538464649315373,1.5618626240680256,1
3.052608343118534,1.737201487456126,0.12743719801931674,0
6.040684652416078,1.311843254960362,3.6647022898838975,1
1.4145297138814616,1.802370196062083,5.828932353256815,0
4.576481836970827,4.717360954808773,2.788063744736642,1
2.2538104220245794,4.522775390072925,8.926595136483177,0
8.361675278835612,1.743976154127147,6.967688381792075,1
2.2929134284058525,1.1811399709099457,0.9065680013040311,0
2.2012836018420288,7.4245649357460985,3.945751618515423,1
0.14739468191611538,2.015882565315621,7.17318784044355,0
5.330385919565575,5.573066366317435,3.750447762149162,1
5.03900305454895,1.6208821988986277,2.480558419881537,0
5.779425331051762,6.748246884635188,7.055332307489182,1
2.519407370770863,3.077958492831534,6.056825148225331,0
0.40713916866601085,8.10495980193202,8.595688691429254,1
1.9250074507228887,0.4159769012154657,7.533502204335343,0
6.072408923064354,5.172048601402304,6.951597535327344,1
2.861015871239484,2.4251483551642092,9.344072263609927,0
4.603681468849996,3.0466093131982586,8.87065325617688,1
0.18336638311006292,5.614300662641279,0.902630741469308,0
4.3299239122709565,4.203772573557988,6.665932245153679,1
1.4178650232235768,4.650935336968116,0.028268445745950332,0
4.444372050085683,9.850653695121748,1.6011534498338476,1
0.18639006163226335,1.7142201871372464,9.66044676435844,0
0.16555442103573292,8.079123253089756,4.346527211757877,1
2.4491893433209255,2.7613210698126913,9.11640615426992,0
9.533847404850968,6.3102228645037055,8.657580506729364,1
1.4320819800276363,2.3838466669598732,9.484324360325644,0
7.376250486083387,8.957255180464719,5.275355624003343,1
3.9248257607345782,2.4855469396119334,9.634670531586089,0
2.4053387411572915,7.60412055785597,8.95851215161808,1
0.354934099508889,2.1841267686586052,2.932490660452057,0
9.59758636007735,7.567473659018464,1.5548725944268271,1
2.737642431716063,1.2589736525387918,5.260116169060761,0
9.902790948988084,0.7258491282404045,9.50482258541847,1
1.4839224141900176,4.804113667987538,1.3588878175149843,0
6.918772127137781,9.149090651913527,9.429200195371749,1
2.120197843049416,3.6364023360132283,2.938157281560867,0
1.3178249997356761,9.620753886323074,9.048083309741035,1
3.1770014585836326,0.22199633042698452,9.686094854284073,0
6.821700192223183,9.626362484316173,9.844671237292427,1
0.7584081488842498,2.4695587331774926,5.119331029876739,0
0.3818312811892455,8.976541913512776,1.7139875945452387,1
4.0144328951568555,2.793076745166385,6.632426010476045,0
5.69545055132198,2.419541330685732,1.724525106825019,1
2.791720020901951,2.408832678051641,3.5170446738458336,0
6.174986889607677,9.312593744056965,2.0122621267596097,1
1.0689677242524942,5.891081867260457,9.616870232254314,0
3.7619374562690364,5.890097924914752,9.970285544209498,1
0.038732828111507356,1.3349040661587985,5.862639652734986,0
1.908397695719456,8.90377994839315,1.1815057626698644,1
0.7253623589956115,3.7568799394030696,9.495315234262549,0
7.362392625660438,8.081418951744508,6.078325123925742,1
0.4695884824657792,2.1984537312181427,9.064558958841548,0
6.370299649770173,4.017286291761486,6.114486866137675,1
0.3544510121926747,0.2309560780535702,8.45394958990246,0
9.977123232906866,5.471159943456078,1.2419022744457042,1
5.428050358309582,0.9015552245499925,9.265089397608197,0
7.37612173469643,7.428376658095272,1.7500528747370925,1
2.387616503686064,4.320583148759588,6.457717255071225,0
7.2557884604955225,2.3335720073405253,4.950779790484089,1
0.9217701763720909,5.081982167149838,5.923112571850796,0
8.091205060395158,1.6049506830049964,9.435837292821631,1
1.5386756466503748,0.31088690159913335,5.609569312213198,0
5.214351265540981,9.20415570594758,2.701506423914396,1
3.239893478896141,0.17729796236833018,1.825139540232129,0
8.087818543115633,7.254179809328216,2.694073679969512,1
1.9180954704085273,4.892168136294252,9.248798262312096,0
9.640583119989696,3.325378221625731,0.5255619042520887,1
3.6559504688545386,2.789238276520866,5.819213318951132,0
8.110592666426511,8.88801479202636,8.43329338579721,1
6.4649988079500105,0.14565344851057205,9.117343510725055,0
8.27386459671599,8.058085478071739,3.921592336516083,1
5.114387344216023,0.637111231890809,8.059660077816819,0
4.039091302581015,4.605990009919876,0.735909077408412,1
2.255884396226117,3.4263217805236144,3.6872716411314754,0
4.251151100461469,3.5176877283354724,5.771800947913016,1
2.0851746296870974,4.634659501494714,4.0385130372128675,0
7.844630117136752,9.21400272154875,7.288146861282963,1
1.248717735868461,3.104330832474581,9.967295286370385,0
8.75107679184222,0.017154278516616772,7.321733772218677,1
1.89440586164916,2.082963733203359,7.672750354826005,0
7.495561777910723,8.020918985521465,1.7813485045210709,1
2.5018909087387176,2.90822373679543,0.42222963210864606,0
9.516070984526504,5.242738584118735,0.80236652593078,1
1.6206875788152153,3.5036422855956695,7.659372591427342,0
8.086292378301518,2.413414634374922,3.934233143723549,1
2.109514440608611,3.382529244660548,1.1244173685891068,0
5.751339251453419,4.598916283724206,7.325292711960129,1
0.2171980802783524,5.316345294205981,8.628466737680212,0
7.995855857140782,7.243258499718572,4.8285863288764865,1
0.5537278055786943,2.964559709814054,3.282406175346282,0
6.931223835464895,8.56941368318217,1.5355273423673133,1
3.077136913011138,2.8775691700326,9.488216986889963,0
8.48127931382367,0.918708663200174,7.357914049607316,1
0.6276253711346169,1.680845074202253,2.518601367042473,0
7.071980153059587,7.795623231690241,9.94145748154191,1
5.4314022530991215,1.3583601373160137,7.829389478765325,0
0.17208026179125202,9.74044500133163,1.2880997711162534,1
0.9646969098800384,3.247908245913693,4.7725882667051405,0
3.8013430266008696,7.970845541514898,0.27486681478902764,1
3.2031745149207156,0.07498242463000793,3.885245626582833,0
6.6978511541039785,3.0547373260156463,0.2798963409488864,1
2.1106009970843234,1.4869232603460458,9.351919170577982,0
7.441268331344249,9.017883213111437,9.810821721771205,1
1.5589027798109611,1.0451833439683222,0.7219875020587696,0
5.971043013194851,8.380737879848706,1.9015193254520824,1
0.6449492585641958,5.937337171704159,0.4909108251250538,0
2.9960312247440646,7.769354355382577,2.900476469107537,1
4.881715915062987,1.7787183522763472,0.07209024151803911,0
4.073767557065234,4.283536088258236,2.162597917456223,1
2.4417732076563348,4.223193852868267,1.3952304151656503,0
1.7424272828766263,5.601878937467947,9.31255610516426,1
3.610438665736664,0.3394886169069167,5.5909930285484135,0
1.5780011918712078,6.495805920365934,4.490383541716003,1
1.5545115722775538,5.411576646982164,5.607803140425097,0
4.5011576597594605,2.783805828628142,0.22446606088927346,1
0.05451563959181782,1.9503353059398598,4.480491442623741,0
7.210124028976388,3.784712833303784,4.475215614019309,1
2.0901511147580623,0.08129727281539822,6.498067336721727,0
2.998122873918283,5.345012360174289,8.595083216180669,1
3.1494518744366506,3.5601753806520553,6.865022847057754,0
6.680945228869102,3.362769481528315,7.868080121235046,1
2.2427588320012926,1.147092381620196,8.392731912965765,0
5.802817207626677,6.722366342681932,0.0023058531517183845,1
1.9641480676722145,3.55823769761769,2.6662015847719056,0
7.31067993366116,1.13902951052555,7.3989883992589665,1
1.8666765890134651,1.2087056481486291,4.907083460292472,0
4.290555115732594,4.018693750125416,1.395734232466871,1
0.037614751064272145,3.9820818414043755,9.613990129827844,0
7.33690427067512,9.97257030675548,9.760503399844325,1
0.434666942080546,4.384566677057432,1.6837358123527146,0
3.646974265420766,8.251703888537909,5.343783442440161,1
3.887290383229791,1.974867921511101,7.565609962451646,0
5.798415536982267,7.884837529409076,3.167583034379554,1
1.1736806960413182,2.7291741528306854,8.493297734715465,0
4.6859980300557496,9.997224972279925,5.270479163031658,1
0.07174033517728384,5.248912560794336,2.045218904721543,0
1.8249010242395147,6.052088930662159,1.1520438506920117,1
0.6941751164701682,4.068405981483931,5.986439305759145,0
9.424030549027142,0.2470640916718403,0.527337870692387,1
0.029230711208823035,5.928149302012805,9.864728315096125,0
9.959126271198526,1.581883216955594,0.5121155600635574,1
6.132088710353361,0.5547522710943964,8.83905806324923,0
7.137324788233376,0.03826083935613123,3.8671772904009236,1
2.869456501256976,0.4889895354087881,6.470064323151402,0
6.430388501896875,9.514233755949409,3.443469952596768,1
1.4446172469026275,0.6264022263370639,3.3753918247524597,0
9.181530609537266,3.8486588378488773,8.166095621320972,1
1.1869126999292279,1.4466701284400407,6.631394693186433,0
1.1893219744449113,5.887218140090177,3.732658420331292,1
5.6622694309236685,0.894180703834867,7.711597837447611,0
9.126183496578149,6.685641861833859,8.072916142320764,1
2.3621271194654083,0.9825934012884152,4.559819151711311,0
1.8215432819629906,8.960555998555112,6.555811216745023,1
3.6003313377470745,1.2806291360371702,5.0389614744702484,0
7.726564126684302,3.6112119322605762,2.1165809550029646,1
0.25629707141323066,0.6327646898515704,5.531743469076212,0
5.324580817225,9.664894778400694,3.8684410332731547,1
0.6166499404254377,4.501670893590922,8.75140843210114,0
9.424193262670865,0.2828843969180683,3.7136520300537743,1
5.205621889326273,0.6642158888346661,6.979010067235951,0
0.1702092948564038,8.370391916225703,1.99349959511539,1
2.629735881890963,2.4215606896916144,0.4884604508293955,0
7.223931743846427,9.755924403715449,8.703054477586424,1
3.871757941149591,0.5700135089491531,7.925209276005564,0
5.654726445730402,6.709489921167378,1.1209386843490132,1
4.735651670679437,1.5897313586912298,6.801444295125338,0
5.06619002515107,8.644156274000412,6.271985676462636,1
2.187736994599807,1.9705846671470473,8.278174352092794,0
7.279892946213913,3.0220770445882095,8.444833205750594,1
1.6056167355079554,0.739896165628291,8.158378494625413,0
7.248680613719008,4.722219872914684,7.619928894419027,1
0.6431028154254015,3.8863073504103465,4.356235048279402,0
9.341433484411608,9.92644523436065,4.632955744277778,1
0.8777353784047381,5.188799807260981,3.599323740294679,0
7.03772217967251,4.4599407007986605,1.922087476199562,1
4.662864167784724,0.09142555666212138,2.572154105700256,0
3.810214358763936,4.240383256565562,2.6753055649547375,1
3.4485436263283518,1.4278639119063463,2.6005780252049004,0
1.9473965632406731,6.621605117285676,3.8492732552269517,1
0.535227689541361,5.657529108913387,8.572352566232345,0
3.9213230851942384,8.32559671921339,7.7465329752174705,1
1.0672227431248027,3.850975124562056,1.9796269100710862,0
9.488829788509364,4.99066733019594,8.348180618866332,1
5.0067142074156,1.4532720277214817,4.932496754649146,0
9.063469935732002,2.5862332881848547,2.6697948276595005,1
3.6245153945457,2.884330133117122,7.159989309951178,0
8.317469310244618,9.586017122210208,4.16491429714089,1
2.8949195472839993,2.4432815112178474,5.350678868678772,0
7.81868844333697,3.919122643086169,9.081351670355865,1
0.2571705880078867,5.897773162317108,8.941063950881308,0
7.9965986078164555,4.793346881152866,4.339567159488618,1
0.35677715887555084,1.9869722895671416,5.304941461593488,0
6.825926322394219,8.41594748459207,3.1764886830097874,1
3.999015139352735,0.8867601101971412,4.042700650033914,0
5.094418343577911,4.981078635548238,8.749482672324069,1
1.5482412608673535,2.11444791523393,9.100380780162796,0
0.9565288721333931,9.267084386020217,9.993610708310921,1
1.4621316655834748,2.2192197777129676,1.3120094527502746,0
8.434933874117387,4.642157730054711,6.691162963022589,1
5.039311634662187,1.1699168505407775,6.820721840619754,0
3.1261931039457425,6.650779818751698,3.01245481423972,1
3.7215191506165803,0.441106339124715,3.0909581866322897,0
2.714445752776833,5.54819768632353,5.955250034890454,1
1.0571433272738817,4.680523565037596,6.46426300809957,0
2.0180298706431077,8.3801593874931,5.610600750935618,1
1.792427523562855,1.8534099041474328,3.407799599104584,0
7.2996490261490905,3.102108612619868,9.853958110463797,1
2.750633113499891,2.9828978376694106,3.529674894553386,0
5.64390803391896,8.383709878259209,2.5203304939687934,1
0.04363388161384485,5.4908164667367645,8.765688397737478,0
4.641230574158108,8.262606229520417,0.275799796349776,1
5.792355640727883,0.5616592173539703,9.867022093681765,0
4.691661143072147,4.5931351864519225,8.603406167873196,1
1.4166826812870725,4.712771059553181,1.1082450172151748,0
4.927498977050366,5.699985580037357,2.25874054470642,1
4.196247210502156,2.647057909518246,9.983920746642081,0
7.297913711102476,7.417203094254808,5.621017261879206,1
2.3156576189390297,0.35083618321948284,0.9276589613803421,0
6.329555614706988,3.2665385761536903,4.162369856537021,1
2.4403756551962665,3.231026877014427,5.553959921252264,0
4.389129324007733,9.293272573810189,1.3445695232133825,1
0.02595413523669876,2.201499543551466,5.928534432586712,0
2.802574683723744,6.822013474835062,5.228929075484578,1
2.0207339675865708,0.9236132728419089,7.9710598261394585,0
4.259986469852707,9.317942828694305,2.0526396905306274,1
3.694320043922267,0.036895542970897255,6.846233925315591,0
6.704874582659132,4.567783416781161,6.21626893169772,1
0.5429210493356162,4.634921600822982,0.06181843749472837,0
4.1125739634408385,3.5253242521413886,0.6270458425324554,1
2.0768614474423797,0.04658610763797033,4.7308834498657575,0
0.13718200395866242,6.89838407287898,5.905696149167763,1
3.8899593512951314,1.4160872259540547,5.128044442184527,0
5.364763591242556,9.196299658951197,6.7003146976210015,1
0.035865685136041714,2.0890651612682487,8.5450731534454,0
8.315813154408866,2.93337090961282,6.998075756670175,1
1.9215123280540314,0.1701861191857923,9.820322262615914,0
2.486556202394814,6.167159215583682,8.441978791768863,1
1.6262700049343293,1.3480263095792988,1.4434332398078942,0
7.116810614333139,7.497108765393262,1.6183515723714204,1
6.340239921210291,0.24494830362007947,8.856809678029748,0
7.224984578227687,6.783994803314934,5.649682857865351,1
5.347989136675641,0.1531795133068814,7.535641387527643,0
9.486691687416448,1.5958518232639551,3.698102035431284,1
0.49518416718137614,1.4736330677983045,9.588605053141476,0
9.854753531814827,2.6463651074312686,2.262089780508789,1
0.8433303373520484,1.0708737628326848,6.98318243677747,0
8.776278946590175,9.024113881023785,3.0646382798487792,1
5.136517381496828,1.492162007709834,0.15228611830635286,0
8.827939894242503,2.1067990256163394,0.08240431198173526,1
0.17740683018994674,1.4338659810036325,4.907635357953883,0
5.713100803333165,5.89775622904985,4.418208694417388,1
2.9436186206649495,3.406069086492206,6.012546732388133,0
7.5346556355448815,1.115599750467735,2.7304249347540566,1
0.4932139141254366,4.366676756953867,7.9610222430805075,0
5.912426951962985,3.151333733181608,5.896943718144931,1
1.4011803335317152,0.7528624258880923,1.2147574304259656,0
8.975036090130612,7.785259720735756,2.687644049680058,1
0.13609344207744623,6.680471304114875,6.684935930616018,0
9.8858456748733,9.546735515840345,5.445291531841815,1
2.9499057273860996,0.44213034004375706,7.677333249951877,0
5.299555107379923,8.117032588490718,5.0931865005033785,1
2.848747000201115,1.482239296737664,9.921060582779695,0
9.885379367539683,5.090330853394308,8.052305227053747,1
0.2363532880943009,3.2958053109616694,5.110422729585427,0
7.354458948704314,8.305156411724173,9.118489551069288,1
0.7905783508084985,1.554811029728137,0.21877316395545687,0
9.452719264027749,1.8149885840197821,8.74776489319051,1
1.1997123977389679,1.525647197576493,9.45481835415637,0
7.605620565482898,9.03508547340552,1.624746046561848,1
0.49550143089880705,1.6442061664604113,3.180705672590345,0
7.8916924704599865,6.131799307031378,1.637379450214368,1
4.559214906292034,0.6563037101563496,3.981642339377335,0
9.193678988319386,7.402678355206207,1.2249321919060197,1
1.3191814557978787,3.5759895069427183,4.065520940913956,0
1.136116031694665,9.124128478562554,9.118448521643385,1
1.4428274218564763,3.086491776616096,2.647759852554643,0
8.382094610424666,9.352475438364593,3.377902310674694,1
3.3043627089803076,2.7831297613917396,1.2296279955908274,0
5.029594013901347,5.176957367192356,8.132163185252747,1
5.711828303240737,1.0648447117255222,4.128272505420837,0
5.04818979543222,9.045109843866273,8.411772396287692,1
0.8101243456533636,2.340766728121112,2.749189523080168,0
8.410613298734116,9.435988727372585,5.928310116236345,1
0.10394935801710026,1.6331881257252312,6.861387195785879,0
9.422999747340949,2.1340183641483135,2.98290279004662,1
0.9499342157071222,3.5756956108760063,5.73969558073093,0
6.691054370119449,5.790157214963168,3.2727592334397193,1
1.6902284262081724,1.4309483212847252,2.071169870542442,0
9.774338795489909,4.106533817584193,0.9752151657319064,1
1.1315476931339963,1.9342698951450044,3.820362826474476,0
8.259693592843236,8.967654392521201,8.825783798622984,1
2.0885512757148517,3.474099399699284,7.020690949852435,0
4.561534104347455,8.135536591381747,7.3825209198389015,1
0.08099849001385828,6.601649937650525,7.283525055995694,0
9.618517510902505,7.582647951876477,5.121773929719086,1
0.8599677735260114,6.0920822694405805,3.0784281545800605,0
3.6716828036872196,6.916946171356516,3.011595525149163,1
5.003396383778801,0.7583045410787725,9.969634163822208,0
0.48159766631629464,8.878326691595632,3.23549510130042,1
3.322860826140994,2.256789307137331,2.8830700856103295,0
5.582718358883682,5.327794051682826,0.6797240993182352,1
2.7732627902312776,0.642718222689439,2.699824168570233,0
8.428969057773447,3.309717290351598,6.042380086375574,1
3.8322832573574193,0.6915703960107777,1.3075880812647966,0
6.3910270979622394,2.3593161954171595,2.6467822246472728,1
0.7754288854790592,0.39329260121973797,6.4911741555959654,0
7.302129840318862,9.445272408293715,9.774585749913276,1
2.6404169325063154,1.8839095705369902,0.39623237394951216,0
4.011356931045444,6.32109293520834,4.048612822301283,1
5.566227074759017,1.260733976449484,6.790791273237241,0
7.855108884798174,6.234232228104202,7.320942899866889,1
1.0885893430165228,4.447376235035662,6.430827904391007,0
5.233260520151784,9.486005465196753,6.22694174289254,1
2.3354604226848963,2.9965805058212402,9.822541972293697,0
7.692171432350444,3.6570668171075607,8.714933565966367,1
1.9934430557651495,0.48715623785064,9.568956530946922,0
8.190777773896318,7.546455532925779,9.32088841341747,1
5.495482105876296,1.429979838434462,9.216942893272588,0
7.0288191719141455,0.2123511511227405,9.589132765463123,1
2.9558698759303215,2.833296756187024,0.9586965391469993,0
7.327375856469629,8.38749249252311,3.049188995218567,1
1.6929006317873208,0.9815058843601687,5.293648553994275,0
2.3197152871593096,8.730501697425868,5.8140427327247854,1
6.045894403601783,0.2152642181150599,6.3377477123114705,0
3.0990276808905772,5.833327776320305,8.331549801749796,1
1.5046441162667412,2.0749708601953043,4.923742832646053,0
8.00049488638567,5.717685969324905,3.8627381265282503,1
1.6778400139568028,2.802896732948015,7.682933155943785,0
6.347824388415617,6.918746273549624,4.027681559002934,1
0.5670393779029359,2.3168410317598056,1.2612557722140494,0
4.631033603585263,5.904912457443526,0.9599712272076999,1
5.685690258350837,0.919176043786476,0.2807837541813685,0
3.4238771084635222,7.961357123047432,6.089919771828139,1
1.5038187418305993,1.6125237861419994,7.625995293913409,0
6.904620886910385,6.99673353369737,2.4874614600294764,1
0.48149255821016146,6.033402674140954,8.310053251558246,0
6.151606140223622,2.2246208179395532,9.898630417328109,1
3.748847822193798,2.1098311233283287,8.246467068568471,0
8.723674159365467,1.5289227699677221,8.203304489902774,1
2.825131507506451,3.934737855127085,1.4162282994340336,0
3.7856774596872125,6.5855316023809465,3.7893684979442943,1
2.7876610930569234,2.7101152204795973,9.842627804919474,0
9.154466383868257,2.4541293639785,4.001367708143696,1
2.009802238001943,2.6153728132631917,9.357390047013578,0
8.181794863617402,0.6634540151041279,3.587460569256552,1
2.932324056018738,0.39069668489960296,3.151266995876454,0
6.0450557254171,4.7734365157585135,9.744341504031558,1
1.4157004138589502,2.4877249558427126,7.687849804781619,0
4.795512247278627,8.441962278442082,3.980614828097738,1
0.3266287699545467,3.323471822668477,7.282006093053242,0
9.908569345399204,8.762418189139058,2.372749344242319,1
4.383481738067848,2.1105325517110254,5.176860454473866,0
3.705248655683598,6.1563798254959226,4.2600226779461545,1
0.8066780073443958,0.12746009469915331,8.38987476687671,0
4.37699546385428,4.942169870305833,7.003965339991139,1
4.29118936625822,0.20725880656551676,7.040905488201568,0
1.7818472962775567,9.34474521504096,2.1443752525075066,1
2.820694823679263,1.648946442537197,2.853490298039776,0
8.064237570716138,4.277030639620127,3.5292761563503436,1
4.250843836541013,2.1261192462987655,5.776933861260529,0
7.286193120562027,9.077446631368192,0.8917703012389278,1
5.935351030916597,1.0470042541753966,0.9125928300262109,0
0.9131911388188296,7.719896350414927,8.326343762928923,1
3.6316637695406717,0.46335734161900066,7.934817996962461,0
2.403828313509969,8.344622763711468,9.732217641606761,1
0.07274749684474946,4.315933477804014,6.847638071385054,0
7.994014754561537,4.190407319063995,7.439972237190721,1
1.4623322175405584,2.1398911278499897,3.1703180108683027,0
6.976579916843173,1.8642869329270895,5.6408170190250875,1
5.95509864907663,0.726775604524037,2.5857724189937015,0
8.59940013177941,9.403766619126044,9.50810987938478,1
0.33588270125452624,2.1639194000211646,3.0454573655343586,0
3.83168187401296,5.467249403763121,3.1818208261437073,1
1.449795179549862,1.3209836290438304,4.485674954815112,0
5.339382682468855,4.450124401035786,9.33390269475345,1
0.8598806844808193,3.498002270675822,7.467154903624369,0
9.24677375979427,9.926950421589801,9.235710954186686,1
0.42839515794457106,2.114030806213578,0.12499602029225176,0
4.350296530844452,7.826727928979737,5.909961649118366,1
0.7176461933061262,1.5801586613329721,7.106946573876289,0
8.97075089492554,5.905274319464915,2.6828062334507785,1
3.8469535681280123,2.523466851480949,9.444472527525553,0
8.29300506427318,6.6705859483405145,8.786426686592929,1
5.879659963014332,0.1804703018271514,0.7535418186212173,0
5.474908868797346,3.3305524257645347,2.6005405758408475,1
2.480387880462339,3.693901396660273,4.912089819854356,0
4.036185056285181,3.724940428657714,5.98673521433083,1
2.79623338506919,3.1475286231909405,8.316662142952708,0
2.434890744168383,5.302360494141819,0.32303257039952293,1
1.5148852408192193,2.2076376106824602,3.387616115887686,0
9.382292082321698,9.01044568819989,5.66566291407201,1
0.5740221634110898,5.923057718785935,0.35219598140892594,0
6.207546490517771,9.31987145101465,4.503906428822148,1
1.7171712990536692,4.735299006593263,4.194313106613735,0
6.088315955343495,4.132489359341579,4.061624035267485,1
2.7349986858276143,3.8343117848647745,3.733607480293988,0
3.137075188821922,5.877718857289604,6.736370418940735,1
0.2222006526835285,2.6837269318948254,9.575869311683155,0
3.213377390585915,6.4810269401462115,2.7193759083687405,1
1.777874898705949,3.677807516829904,1.9926160438628027,0
9.387469521996929,1.6179568321409543,3.8461362007365842,1
1.6065760229690418,2.626542278870013,3.477365823963001,0
2.792381897927434,7.420140579783149,9.885720622213249,1
3.07336135639979,2.8531495119508152,3.8030460645561392,0
5.951061680957182,8.759122484786793,7.35411275673329,1
1.9580206227285946,3.698885377169777,9.353347384685854,0
1.08864671337913,8.486943907829858,4.092626183832614,1
1.7652347768731569,1.6380489505587004,8.29162578918004,0
7.774660261714384,7.679760297512081,9.452536601359512,1
3.527712901661124,2.967863100795878,4.281184829668767,0
9.087391484263796,2.9081050627487546,2.129419091138909,1
4.493410153845475,1.4273544896733337,9.923949180546707,0
1.3236973552771103,5.7115653981648675,2.422613537537753,1
0.9029403031801297,0.508789738820935,2.6045801349986784,0
0.5259365315762643,9.858572475565804,3.681420631316208,1
2.6455744924415914,2.474794393411676,2.0356765292831733,0
5.1108697581943385,3.0187148990725587,7.152810641269403,1
2.997821921461974,0.33727035769736013,2.951482580206722,0
8.696134377759156,1.2774527591904272,3.0077574068883726,1
3.4991994901639245,1.5456285483923715,9.335010609633715,0
9.024579263379929,1.233823355825433,3.5773785444186523,1
4.607678021725054,2.189908954591967,1.9141238475440503,0
4.972983962130976,5.585655241909116,8.614788261199811,1
2.4960628787799424,2.7969845553334025,5.670201595613555,0
7.250269948919236,2.39844367022626,9.30835160332359,1
0.9289845923169038,0.9651953017048565,7.04926226432921,0
7.383834339644899,7.490739415287448,0.6113563460537585,1
3.071911338997051,0.6443238773608562,8.162342110822124,0
0.10047886528066874,7.634513154923702,4.1558521463356035,1
4.014676207255274,0.7928108938494804,3.4892707683513926,0
2.0753857378493104,7.601878848543839,2.404665522545363,1
2.5716462752223723,1.0545756087545466,5.435223613601412,0
4.895004780149962,8.139795449292928,7.5811943238876625,1
0.5911140734600839,1.928818601207315,9.245416170622194,0
7.802478557332716,5.495734782312831,1.0878917993726978,1
2.8796827401261806,2.5415989631110447,4.4736226734950035,0
3.2013398080755637,9.894682667819993,1.1556170172733349,1
5.985922492221498,0.2749875622136133,1.9076449427617292,0
5.414869924207228,6.787711548196417,8.361669441740846,1
0.013045629588908092,5.718939740936855,1.8530840367487167,0
9.890173567026427,3.4582433885407395,7.276809836377428,1
1.5775600312677585,1.9646860341651429,2.57257497292231,0
2.4099823173212522,7.20332598085649,8.368987102325327,1
2.0040532996119764,1.2792342576974047,6.880905680978083,0
9.572958727765359,7.423145031554416,8.095964235614591,1
4.441725539851586,0.667072481466161,2.4646569876037185,0
8.735945437853601,7.942244773606982,5.915510605008617,1
2.61070869247243,3.9542699980112097,3.6477790684179014,0
6.647923024646646,2.7401556185793465,9.271510709962662,1
4.82045522794777,2.0535639838593225,1.5788208025084416,0
2.487194704061886,9.393947477632516,3.3754972515911854,1
2.6767067454118774,2.2157034276443186,7.820868682871653,0
1.8139610096412218,5.223421730470136,4.864410235995025,1
0.8194436053718612,3.692571869330604,2.5068671299523206,0
8.892275496557602,9.88903339824212,3.6302374324962683,1
1.141392982795344,1.5289199254156738,0.015714659796161046,0
5.524334826466475,6.156715801607808,2.7825860856869946,1
2.9125175698928283,1.2336878148325559,1.606688912432197,0
8.033235991195063,3.539796902517911,8.8856563949308,1
0.37238232834610363,1.6759165382786578,6.141237938380434,0
0.7777050867703084,8.014333832378368,2.70553764558362,1
5.15802053668782,1.4835430007389627,2.8473812645354704,0
5.243208237123227,7.7409768557951955,5.8198133317785485,1
2.299949036069846,1.5590395191886852,7.652658224273166,0
4.121921004580401,3.515365553783817,1.684186524118766,1
1.2660188853709953,5.587149165975469,2.69547977832455,0
6.92524130696345,1.2867895964270493,5.9918216785496545,1
5.1284013428867326,0.067038456875268,3.547637177686153,0
4.457766905759655,8.76481177590781,1.5939279630860659,1
3.363719191653928,0.6004206252751088,6.465972750630043,0
2.341478024232768,7.588667814268174,1.377635996736748,1
1.417047945845854,3.747901618962337,5.4765759206204665,0
0.6843869246869005,7.234840627777599,7.77733767318097,1
4.03690120090115,2.807495477539729,6.4631659443135945,0
5.825520269028389,5.816180083645034,8.181881643814263,1
0.26073800883905873,6.025996245374622,0.8009715352269353,0
8.394072163485141,2.6103176720169117,7.3862906460759925,1
1.4975947243698562,2.036570814232989,4.320356507211486,0
7.4735597636521724,3.0676973536162375,3.599101829433311,1
3.557066701850072,2.9215171863172937,0.984754217896946,0
6.10362149478131,9.869244315842632,6.25359236591576,1
4.7403255307677705,0.2971017190552694,3.269255977042368,0
9.532351163995795,0.20924298835060862,9.672814129627099,1
5.640606736065728,0.009968026025612975,8.278845722634511,0
2.7132310990313444,5.959255090515358,1.1761451753448515,1
3.53783858023926,3.0354126252466607,1.4518190599428171,0
0.18896310680722062,8.767923469200216,6.850400685186109,1
2.77866700246633,3.428464037899216,7.094322747982308,0
7.532375179564205,0.9308262511398491,4.982185436186032,1
0.1800429516871982,1.6542009727955753,0.9123716660031667,0
7.182625964640927,6.454775387028294,6.028731191936948,1
0.8614291743008096,5.478313517893685,2.145618644438685,0
2.090218032667013,8.266720749229918,5.607422931026137,1
0.4107926970735043,4.19749278633608,5.893589345211785,0
7.3647255611835245,5.203173474339817,2.8294218305952423,1
3.8931650535706384,1.1724420713132133,7.894119269875601,0
0.981469578844264,6.50552536345158,7.504795059649949,1
1.3979998926740445,2.6900527533481275,5.326207978342197,0
3.900029123855895,9.351780096452329,1.8459906722550279,1
2.0832996369322867,3.602768471347116,9.047808678837878,0
3.265486058454318,5.288465870240727,5.683474575289408,1
1.9969460701692876,0.12049081340476331,5.845925997242397,0
8.107209965713096,5.496946712594904,3.94558793514682,1
2.4443326083735295,0.393242557768283,2.3183790450943196,0
6.965710420429371,8.950902479695525,2.5087834292691236,1
2.2718150140503934,3.1303996472544715,8.776802284297405,0
1.61807772299981,9.173311708747317,6.188442383981338,1
4.159111325347533,2.7832179108750044,2.4817005196052544,0
5.143186435345754,6.855156918587323,6.382071020051393,1
0.4467759566100282,3.358080293193919,9.355635197613061,0
7.9802470784203985,4.466508866161401,2.037276021792571,1
5.010566664465561,1.5270819716523543,8.355384817045753,0
2.4348442429416117,5.066327668722762,5.344883322628821,1
1.2070875192659936,4.551803891377971,8.865305095898746,0
3.5838354029986466,7.157621409076086,0.1548042640660896,1
0.8771184084216554,1.395048712822915,8.648000686868475,0
0.12840429618016458,9.910307124261227,3.4454326159266833,1
1.1565962092585236,5.519943485034931,2.99240975133975,0
1.362282350286329,8.003140311373823,5.722442131743145,1
3.261717157682461,0.3894719897172727,4.131672852968751,0
4.928884420271827,2.701176588028015,1.6181342712447777,1
3.1796051161117633,3.7280722099297368,2.348784534617674,0
3.8591562986821115,6.6386239742372775,6.46187584509573,1
5.2909927779683175,0.030447562930762118,5.52468718817291,0
3.7654030972468977,5.251045967923095,6.295046992550829,1
1.055518641290385,1.0724024688296863,0.02008320093122129,0
8.01867030833746,6.682908761954361,8.184139766724762,1
4.696246818345423,0.23173201761805928,2.1030491681457897,0
1.2687043378612861,8.625573128346385,8.823526524900677,1
1.7653681723033865,2.341912416805373,4.678452952294777,0
8.679839311905122,1.2377312206174285,5.741660811217354,1
1.1749151035548644,2.217884680591,6.164455739907636,0
6.073398024909659,5.765994191400104,4.551674636933777,1
5.028257952778433,1.4834229049553604,7.91624780499774,0
8.390152201352484,2.7703163407434084,7.71209630137672,1
0.19873612422435905,2.7710320969149826,0.11751072256620532,0
3.444479882720154,5.510458861070637,7.969464745109307,1
3.033262562340151,3.5342538717327865,0.1524278181917782,0
7.420825398325048,2.4232793814013895,4.628163773169876,1
5.89039321819921,0.14868630482833156,4.5409676634617115,0
5.923278392182371,2.539318655380681,0.577867193775693,1
0.17526774345228757,1.8708238989857406,7.137117417872949,0
7.905569719569066,2.0782528124629263,6.522151935921095,1
5.295726707798563,0.057242952255572854,7.065163783088714,0
8.357272181454668,6.926366706753892,2.9505406604309092,1
1.8758296821884501,0.742062139458135,5.767788502660584,0
7.759687228223245,2.7167857953981898,3.9524146028426657,1
0.17770039460300757,3.409624567712377,5.138727068908383,0
5.586828485437275,7.478724507367854,5.722008952622247,1
0.3311098118949618,4.205042096144299,0.07015636303167816,0
1.487203174044227,9.30059434084131,6.312325667953483,1
3.0286295131003262,1.8005223635488021,0.025037859125159878,0
9.826775945328317,1.1792122551802386,6.879193118235164,1
1.7323478429028683,0.478171901379143,8.167137227576792,0
4.9310877424433635,7.911481282729883,8.43898229185088,1
0.09643706798226348,3.0359545594306727,5.135760300863533,0
7.527077906086013,6.3796218465395675,1.1116014464522417,1
4.01511784977936,1.3351070200919257,4.0520820082301725,0
4.055847767682511,3.246703645369057,6.0858824727024015,1
3.28723480295644,2.8650727819403663,5.918870049078034,0
5.249204552168713,1.7997399424552518,3.662654823090147,1
3.099744788038268,1.3578044495709274,0.5743100336666662,0
2.1472778344167756,6.216735596317388,5.559330750784338,1
3.444077603253083,0.06814248141527313,6.58233521769482,0
2.3219058900383205,9.157734169265103,0.5405110407025349,1
0.6482315248881165,6.244952643081652,5.115380266428486,0
3.4960506813625427,4.0885953377676385,5.018687136739928,1
1.2762942743679917,1.9060155503149545,1.6154855796385592,0
1.9843330840508089,8.168352081091165,5.885281497332368,1
2.9388309686157346,0.3483141623577757,5.221167161909256,0
3.265028227973051,8.717747637810998,7.788323874764501,1
0.7694683171952488,6.049498329643122,9.022629659403227,0
8.921018405848063,2.032009071454147,7.699774343962539,1
2.4922701059299435,2.5614412640470863,3.6114608352838093,0
7.522498546808768,6.705518345198962,5.803069804800556,1
1.129008591363767,4.551401946835242,6.018120429782688,0
8.423203221300096,5.24405776798389,7.826421058225021,1
1.0573564506269406,3.4880116552162885,9.926707679054806,0
5.0005744648462835,3.152861468228928,9.559020136679964,1
1.995701124620225,1.493092012871965,1.9997854464791753,0
5.013907750916395,6.206680708223776,5.2612542895105605,1
0.9215406578439223,3.01032200674626,7.914417807957611,0
1.8189841330506085,9.020124782727198,4.68545074715221,1
3.3883922917705522,0.20981042810259365,2.334413463542103,0
2.048125795160134,5.313609172036746,7.06253056190241,1
1.044750739310002,2.032833014167539,6.530460999796971,0
5.83224781291451,8.287871972135733,3.8305037952360843,1
3.1677442246140073,0.6430731672541956,4.906642953192421,0
5.282027003910848,4.865315840768742,4.52279949644259,1
3.3917511722628966,0.3347919333009297,8.741932459584984,0
2.160327293633344,7.543715056976,1.5397187223546072,1
4.527238494614373,0.3049839195953985,5.763268856449574,0
3.5867951035600933,5.714897492815718,1.0156851371688835,1
0.8586938060027804,0.4414078643913666,3.763145658638246,0
4.699025567300916,3.224800635209225,8.807420879452796,1
1.8337049546465567,0.9878105771453005,6.140570260036654,0
0.7583427581610691,9.399335397937667,0.7227262930686351,1
0.2782837280877215,1.4294636380882875,9.39988516572781,0
2.7312775441376678,7.179942782261875,2.830706380286443,1
1.726261178918338,4.075098897466648,2.520819432382778,0
4.811923378879186,6.062752522724743,9.074391620174422,1
1.7577766192774469,1.30652629057048,3.451073504144604,0
8.843408331003882,8.016683386774977,2.229415563914805,1
0.5905681998094292,1.8331535936256527,4.094494723158424,0
7.313324258823649,0.09465426971910551,3.3303829234788775,1
6.361746926351573,0.033494973177549126,6.984782776394015,0
7.370328078334375,0.1037399303903741,9.53469838293479,1
0.18127180776838836,0.6705578586675176,0.5762841661262297,0
5.956073741303408,8.97784493378563,0.5067826622360139,1
3.5803068261876025,3.095109186846167,7.201476350662485,0
7.453608956773533,1.859714565773386,9.766999213028619,1
0.6703082785011361,0.9709095053581829,9.742628097135977,0
7.894374038861578,7.147327078743144,1.1042452013631687,1
2.5770151119404883,0.8018742921413902,1.7391393058800442,0
4.017702891287054,5.107174202386396,6.321293619080848,1
4.404796397843244,1.0632740292512677,4.7404547747037595,0
4.206343516365859,5.214889426966089,4.825206457836723,1
6.6391678958682485,0.21547446538995763,0.02429013552048498,0
5.2620368934227555,8.592873155851636,5.450406772257315,1
2.41445058083288,0.44557115352923615,9.424274356635241,0
3.637724539444811,9.838959868475259,5.612953134145139,1
1.3287264103191931,0.8171775398479841,6.969968043074777,0
8.660466224847319,1.2343058705804533,8.942123695733198,1
1.0019517066918282,3.4102482732865633,5.473207330260132,0
0.845455309935671,6.756014474342344,8.466528624539153,1
5.124418163369388,0.44423808123380204,7.802907216447598,0
3.5998198799960237,6.633042621778539,6.116906986956825,1
6.06164907160384,0.4842877832553705,2.745431021926507,0
2.797186441851375,4.943727386327334,0.7041765347031326,1
0.3696782923746045,4.157377697368832,5.3166550267678065,0
5.226034017606795,4.748014200161518,9.610674055111174,1
2.3869531375948427,3.247180531582101,2.7923457265125617,0
9.450497300372836,5.47075048407244,6.6061968385190175,1
0.10484738128990423,1.5319618503407406,0.32811600875769176,0
4.9924638137371495,2.9538936853915185,6.477148132428128,1
1.4501530394718687,2.244824182040354,7.472350785619998,0
7.400790616712668,6.61527131808346,9.672529488614515,1
2.06244843361026,1.037585623448658,9.882929933290303,0
2.377265894765903,5.8940139613483264,4.457841823388078,1
2.3136107454185337,0.25743709429943085,0.5109452760441535,0
8.734162569040022,9.920054269725288,7.521587913058853,1
4.32872441948418,2.3587420252348066,6.925128222006447,0
5.228210136130879,7.875846737452292,4.499235797229543,1
3.176202424487369,3.6046488834743617,4.6409479744620725,0
6.219230564493664,6.205784447436794,0.8127177430769172,1
0.21224763684304482,6.43902791746085,7.4663730469665115,0
7.535392489467371,4.797022251512338,7.612987739772973,1
1.7803851628082934,3.6907607139234875,6.681234681719559,0
0.0034494409119278924,9.610306195449036,4.461638120702819,1
3.4593255683665456,1.8097697245903388,4.318017806695401,0
5.642000477910235,2.7550111487830806,4.740518613735963,1
1.0801941797961279,2.771905722040069,4.8266330671916045,0
3.6220722346537,8.480587444756203,3.69766943343109,1
1.193876803371624,0.7912352932090005,8.983693920360151,0
7.388112623960783,8.849856857055078,2.469563296763071,1
0.9817161244802086,5.067603405114971,2.834399907116979,0
5.713108160447287,9.817326420206818,9.30614487302942,1
1.364103581252345,4.961307038114533,8.066930872748147,0
8.449866953069078,3.4379990497247146,3.0270669629663347,1
1.8068449283184762,2.1640099719762143,2.0515427129332373,0
3.9999602705793356,8.298308080565587,9.531291761977764,1
1.3948214715433405,3.030499487144256,5.8894763268736,0
8.024044537170854,2.833493867342857,5.708730368363736,1
0.6647325831539441,2.47765660415737,9.590628153803495,0
3.3365657568249016,7.4054855932656585,8.329962918667963,1
1.9592247666871365,4.030012761778444,5.663963747271852,0
9.165076148000942,6.478296578022114,3.514123700625303,1
4.114554907243875,1.4895170636719324,7.751322125937081,0
7.9390699796492665,8.57531703261284,7.382472821216968,1
2.2803037474604846,2.998415078193198,6.216569637228124,0
8.06739287304172,8.257410890505929,0.10417986719260752,1
4.310900381036419,1.7379015659383246,0.023137203074590218,0
8.304250978553265,9.304536321318471,5.31616180005741,1
4.058539912070009,0.37820955810635937,0.5240806528133746,0
8.58260278003411,7.812795383563381,5.967215731133118,1
1.24563929780937,0.5465686337812425,7.103168415319285,0
9.56272478464441,7.410922135884217,5.833056709813888,1
1.024921579678033,3.12856849719111,2.9647758714414643,0
7.791964251795134,4.08760236774598,7.500197879682606,1
0.4786773543966272,6.216655429984295,7.9929937513441915,0
4.997314313406909,4.965495454672677,0.380799701807234,1
2.1853964416534355,1.2827530980322233,5.938878378160438,0
4.482916716131204,9.86649925803453,9.760129741265777,1
3.000000858688874,3.680490467231574,5.109398506242709,0
9.555153303647945,2.1618987775688394,7.595242707412035,1
0.34068176945092454,2.099629840034396,6.998675122406855,0
0.004663181067602329,8.32162023209645,1.2123684148548364,1
3.021538829176623,0.22235233094199947,0.16046061241856147,0
5.517027771744459,9.544514835734857,9.528828994323064,1
4.940456287418627,0.3559233517485416,0.2728664835382366,0
9.68661216916986,8.918773773388956,9.044581247371804,1
3.8869982642668512,3.0456886604033686,8.555021414573215,0
5.19178669099174,2.000474831486331,3.1689362599135693,1
2.1954839833185966,0.15181175940229386,6.859155425142527,0
9.856393841307673,5.489121935161393,8.29899823043259,1
3.6702210255581633,0.6760301427187565,6.341566955255887,0
5.11791011912814,7.773980534898933,5.687087779933555,1
0.9845142304984067,3.1893945251515343,4.173972791140157,0
8.585798309882163,7.188509024365088,1.0579356037047372,1
1.157548899985733,0.022204635816017726,4.661026582016822,0
9.685936872115095,3.6372284811096223,0.5134471522735196,1
0.7290760625120185,2.4323591095463195,0.40669243520958354,0
8.839135208544267,6.321146118222342,8.617085363599282,1
3.9066157488891573,0.07013911283755059,6.907819577779801,0
5.992069376179438,5.037769238238402,3.899691667641373,1
0.278213428389954,0.8654582006541867,4.305126932980619,0
5.92452610965424,7.645220360384808,6.484618888584867,1
4.248029813456019,1.085298228456053,8.629959852331591,0
4.730488432947332,2.3268938334324893,2.02017062501592,1
5.83425825998487,0.46243515198011287,5.29135221135409,0
4.480504138997193,3.0692492585575835,3.0919223786917174,1
0.8221003766978607,0.46156819508142655,0.058422053270029695,0
6.889588760535635,0.5398446623421316,8.72451157686698,1
2.278682715543703,3.005989865227323,9.082339172551778,0
4.050736346206393,9.818618351740529,1.473932804624194,1
0.5255455550722443,2.131781288220992,8.08107822612394,0
5.089304737432483,8.054317253272504,9.839202891174363,1
2.4355316915977845,1.6259186147901972,4.7090786475487025,0
8.162581660133652,3.5642501653039735,2.9337715927553476,1
3.2733688220523205,2.1435726968491386,4.223679682831673,0
4.63605185747735,4.371835104834809,1.8276707855262198,1
5.423568914349527,0.3903668439096397,1.7059521060636385,0
6.031490493587961,8.168833367570645,1.6994811026050927,1
4.697852489445676,0.4995751689229089,1.6411056261399515,0
6.203642497457298,8.60735640406787,0.6556875950694097,1
6.496672995249236,0.13718915628250117,1.1916722990916673,0
8.53852795083095,6.725203357727719,9.982731631597808,1
2.82638949507514,3.8408852763570787,8.320935456955837,0
4.16222736780146,7.389862501887682,3.017595702150009,1
5.799640161226364,0.28563379941137224,6.882841124353705,0
1.4278145391254315,6.664061113311279,3.670894133111565,1
0.029915119371932697,6.063197509980853,7.9011011614613915,0
3.6391856024004343,7.560303684981733,0.06326701543176827,1
1.4631303424329622,2.934197980022205,6.138373272231918,0
1.470803325469563,6.602915928172593,4.084758099753952,1
2.8335573768298437,0.14195420986951146,4.234917157474677,0
9.471385915019347,4.4958175651277985,8.024392554271465,1
0.08990925257994387,0.8461473166627331,6.269180481149834,0
0.9712116357034628,9.684985824393255,2.8348086399763215,1
1.3863019328889514,5.495910003431044,2.7350094446856996,0
9.441855880623292,5.7645985085558396,2.270098731004527,1
0.050987994575526496,0.5102509714056469,5.487026574016472,0
8.398738835635998,8.319069119302648,6.318303837422077,1
0.2075989132841538,0.053464952732600324,0.0201084967588816,0
7.854683628871411,4.094362200463083,8.652212153165479,1
2.786895406280774,2.6353771308931897,9.390524877164427,0
5.336026366051953,2.5982907929612056,3.2623758677348356,1
0.8183923110014268,2.0594909920450233,8.756535234756896,0
2.23826731086214,8.49499368523427,2.945772165436585,1
0.2618100372770016,4.036567454142189,6.444710429083203,0
3.876321477012824,6.653456363846609,8.618204681456534,1
5.070303939936055,0.15728186191931948,5.094221585555197,0
9.496883845560113,5.518618018328492,7.66005333961469,1
0.6999502349166209,4.73370725978172,2.4702798735214837,0
7.568929546129832,0.5001871383734446,8.693333019352728,1
4.018737416364136,2.7379900065397766,6.887046048134108,0
6.792380222332934,1.617657344437614,5.85198866315488,1
3.2585614515158703,2.8742152762703888,0.9870459761133221,0
0.8165988770066357,6.942229382586587,8.161021881058774,1
1.8527289552557258,3.6134812045260167,8.540108435810847,0
6.658975415417414,5.105538032558991,6.025740640502856,1
1.6210747632566136,3.3152586184169373,7.719262750733662,0
8.06119985930484,6.566866248175299,2.433889559043687,1
0.176681316372842,3.440952773300795,7.130242562727698,0
8.738170319017788,6.8128747451992595,9.68113985192662,1
2.630798481791683,3.035504768967253,7.3068650917959035,0
1.9007650743879012,9.110650088178826,1.0726526651567048,1
4.309890111256878,0.4587901219363344,7.403698153536602,0
2.076471807694502,8.655769628483753,5.658942669637238,1
1.4672129300157821,3.652767048634382,3.9585172911546196,0
9.879889895510974,4.88404784188139,4.147987155742307,1
0.9840586264925111,0.899661353818586,7.990964008150244,0
7.287564075286316,7.208844834732517,5.581440882222556,1
4.644381402230007,1.03710272423443,4.270642084799813,0
2.7036100589567047,5.319076254295881,6.38194371299221,1
1.1437414670799573,2.2978045056904195,1.156587866991079,0
2.747033466858728,4.618911325260672,5.766776258298332,1
5.138002983519188,1.6888322393727528,8.495648065729807,0
7.135209595902278,6.710141986535172,8.580231004068237,1
0.888189438193292,3.2992981616413495,3.206179764805137,0
2.034512706949184,5.411829879059304,3.6381687956294764,1
0.7469875405134174,5.337089438991413,6.405247634389388,0
9.671912174756397,3.4278051420941678,1.9289847392446935,1
2.9011695984860078,3.776961589678386,4.268841190044503,0
6.493320470692858,1.949131794771084,4.647246838989894,1
0.5755044452927671,3.590189849266375,2.3401049982313147,0
4.575342665757439,8.276547566580625,8.442235732490728,1
1.8130715686765941,2.4454742831659027,5.7522187560102855,0
3.461597123186216,9.15514783574152,4.495364780458636,1
0.526243276688948,5.973611480456519,1.486449283720559,0
0.3896705638303699,8.851597495317003,2.6903344132403695,1
0.8668229637014335,1.8297490865457688,3.818024929446069,0
7.312400772502041,6.644573148011771,9.14359300824356,1
1.8009887158762627,4.31520933529033,1.4183451977404038,0
3.089613299148024,9.858948980503133,2.9630050210165826,1
3.132584901040172,3.321833089070573,5.775940791907155,0
2.8970692254972907,5.300683241191883,4.26213129204614,1
2.7073516395624972,3.156621644421702,5.093811270395793,0
5.2101871817284,5.622607731946328,9.620518096803435,1
1.1000713824652997,4.1477750122383,5.538899029911105,0
3.961882574499116,4.146834841463005,0.9533639446678677,1
2.9279194770716224,0.5939214635918455,9.791700436289243,0
4.01733299293859,8.890061037047458,8.285439390119334,1
1.676255830075002,0.5805799184083138,1.8832160824190847,0
6.518613384002282,0.7911592054846162,8.444081016417961,1
1.4850214920275884,4.992923950450654,9.865669029451817,0
8.579423003172499,5.049940856154623,3.962084184035283,1
4.2806858639810965,0.940895032993897,2.3705735525109652,0
7.301414480152823,3.1714659620079333,4.069523936707437,1
2.6392835573810824,3.4788508580404853,1.2778830924088713,0
6.793293826415983,0.9906151264060215,8.053539364300722,1
0.050649886488958185,1.822116060415312,2.426951153026221,0
6.151197900331703,4.0848716166358585,4.311082799859323,1
0.4339663676001837,3.89433987006101,9.556692052529732,0
5.54931393880147,8.788097969475697,9.124261051540442,1
1.2747203112910654,2.7030710415625503,8.987314148361818,0
5.484307562078579,5.991332737810511,5.466622154564505,1
2.051109678366816,4.435866555949984,8.925958799908866,0
5.653553814764715,5.340386583970458,8.540300816515106,1
3.819997266100433,2.4667338470164135,3.0007609173747083,0
3.665863867541026,6.503982917298611,3.674575011083597,1
3.886234003510294,0.24498111319057547,5.971413845860722,0
3.6749003342058053,5.066566297872933,3.5331573221546755,1
2.0710489838322843,3.2440562746191404,2.0178407148397257,0
5.137340681536795,8.26003850041332,4.431374556312488,1
2.026804646382918,1.1977704444772508,6.899061219775819,0
7.731174990427229,8.181405056677969,5.1415670310679324,1
3.581654918478614,1.4639423733069656,0.9976750318687122,0
7.207400146113248,6.673923603662288,6.661662313780125,1
3.5860665729158416,2.5060844567683747,8.242594401083565,0
9.4099513421381,6.780379867974724,1.1886909409415791,1
2.9968699851766423,1.5491823159406015,9.787560267191505,0
7.261689243029638,6.684511603051508,2.606977177884998,1
3.530721598416837,1.3454600971319008,3.7139065494778034,0
1.3947546782311937,7.417461718270322,8.487772269103122,1
0.024846163394675047,3.3291754632238835,2.6953730219459047,0
5.265902303287668,4.691754877159138,6.4488785281661904,1
2.360222505905454,3.5293837060267377,4.4848581593252295,0
0.9765010126947893,6.98088320984935,6.971153388064644,1
1.6577271231340296,5.307708210310795,7.286135126723927,0
8.84107449912754,5.140061533690961,0.05700467482335325,1
3.5083934673158765,1.6617139948045423,4.539452173880289,0
5.438425598392654,8.806147338401635,1.28937337230155,1
0.048711544764941106,2.6515488435166743,2.648545198124835,0
7.872354545321565,8.691156461105038,4.794852348393624,1
3.4150256186694516,0.99364615746102,6.34035075573435,0
8.189094943966724,5.3866226263002615,9.761859142041148,1
5.22593864605787,0.9542382614527956,6.571107935596439,0
9.565916274380523,9.047091588500859,6.64794206690082,1
0.43669949815766107,5.009278628606162,5.795326764014,0
5.053010444779183,9.285567813404901,3.2874207083325824,1
2.9231223652065697,1.5589071682746836,6.343606831834638,0
3.918097784405413,8.176665178171328,4.427406705746053,1
3.4496171281465857,0.6663145274539473,0.6716179131661093,0
1.829055120966645,7.524445904308842,9.151932086569714,1
0.06672921775606522,6.932540422379248,7.015352214529525,0
6.572947926550335,5.134432910979561,7.852769673620784,1
1.404460841987567,4.479187675934067,9.80576803986997,0
9.318692822021294,7.489411767388087,1.1574155645476158,1
1.104098270244478,2.0686842826862737,1.604478565830254,0
9.330551914304392,0.5619217633080642,9.201694505635041,1
2.6937292902446153,1.8192445637549726,8.962818123809436,0
7.280642717705504,2.5549263806967315,6.05823273994619,1
2.7631922488202862,1.9128973529106252,7.151433274200323,0
1.508756762102813,7.8060651726145105,4.948293085404146,1
0.7725569030348922,0.07287515258405541,7.64002135334996,0
9.697040890999405,3.3053308482302435,3.207820821386621,1
1.3880376810900952,1.036950813552635,6.188306643801989,0
7.398804755076593,1.509264039397411,0.022164610687180897,1
1.3624706570193745,0.07444144040856693,4.9732590357232445,0
2.036233663280045,5.550027716119114,0.4446265130741689,1
0.13574110145383567,5.3338288607560465,1.265700490644811,0
3.684830104482181,7.159566484006854,8.617159873377846,1
2.426675491165734,4.217833105253533,6.928225387152196,0
9.96702085328651,6.248503319072494,1.1227590722494185,1
0.6199489039869333,5.46331551410932,2.172352693896451,0
9.211029886709198,9.134059471575371,4.57278485460432,1
1.4387293161090908,3.1803137362591616,5.197646407050735,0
5.1074308382082245,5.341770767890783,7.275868646138442,1
4.52199463783043,2.1636262218539217,8.401745249689608,0
3.933566388046845,5.73831421651774,5.972044974686009,1
1.1035496545050816,0.7929169277731829,5.073998877038342,0
4.450048949933636,5.240406373416659,8.397157243611183,1
2.0028942856090195,1.8290250397249541,1.395222414019236,0
9.454423058043693,1.6167070509987647,7.757713439702147,1
0.35229959195677174,3.105241437320092,1.0172817057190686,0
1.9843806987169488,8.113060559241536,6.864907914179716,1
0.20039641046252776,5.111833974847903,0.4289105028020901,0
3.9161079482950747,5.685866218137578,5.401586236794099,1
1.1351725065442975,0.934654997444847,3.641741220084367,0
4.706297829572897,5.557662544699397,7.315588663901179,1
1.3314039382275977,3.5264973377592757,7.601948395659202,0
6.512835841536776,3.328249666914822,9.131032587140393,1
6.201373426855752,0.3721045992467642,3.812589553114302,0
8.193882285912267,4.614763577590212,1.2192515997863562,1
3.592503194746519,0.6512203977173248,9.651342788716553,0
4.5130763767407505,7.831986181718169,9.256608217452584,1
0.17686783189799882,2.802238582082266,7.207252166096005,0
7.3914180035270505,3.92883291557144,6.7851753359808695,1
2.221163880367647,1.163546466636629,2.1368422847718884,0
4.820299486611235,8.426789443121471,4.850999124633754,1
0.017721425871179974,2.4503083047915277,8.406622858473504,0
7.463205296343127,6.714266348743596,6.579690597609811,1
1.792144474976901,1.7977000374715812,8.740999515660619,0
9.718754119829454,2.710407005777898,5.395046977054664,1
5.014019522265979,0.8509340750933114,8.61212553343665,0
6.987808247899517,6.720969792403508,5.30547063993019,1
0.6567748333459966,4.797340865019898,5.8122582147924575,0
4.729936742268256,3.9912216537586866,0.8573151859544204,1
3.650132336108628,2.8842204581047373,9.304228487577026,0
1.504767236667408,6.563644127446072,0.6613212203392893,1
3.766341429395524,1.4012597256423953,3.1245434181874456,0
7.069467213709759,6.033385783125487,7.063945472101492,1
0.5507014619859596,2.653371109475444,1.7662070719777,0
8.040202022055524,9.9500686386822,6.472995633702459,1
1.1800297537086302,4.838469118352887,6.96870297642341,0
2.66103849917531,6.106286451954382,9.877755680186905,1
3.7761653711208765,3.1263341195513252,6.761539195472009,0
8.526056864269353,7.034529870008646,9.468012873243898,1
0.7736711757146109,2.8377934366840316,3.590691813353588,0
3.5194040343268873,8.426458701502058,1.453713929440733,1
3.913207470416861,0.3542326017554809,5.873281997270556,0
3.4961982055913623,5.283933998611959,3.5212477387688734,1
4.200415635399777,2.4848029056017973,7.762947846573278,0
5.821002572557175,3.377179624320342,7.2226121277579125,1
2.217254932380013,2.947488475163511,0.6306117807896927,0
6.398009227800668,6.874601893993559,5.560370778304367,1
3.0959827040871133,3.4207980031719885,8.31242537103665,0
7.177385408055912,0.037141327207030894,9.286592427496556,1
0.6413266730972145,0.014404664877875062,7.137358370591835,0
4.537721003306478,8.011855486522204,9.989026405029856,1
0.3374024378242091,1.1094135892055146,9.52206980136676,0
7.312000145228636,0.04041369415468066,4.462065487535732,1
4.057830836061152,0.7374777741762573,1.8145157967694525,0
9.55271721390864,5.679618147527085,1.114049736909375,1
2.58653877794751,2.2064924650415474,1.5034401765756689,0
5.098065719562541,9.666781594905128,8.288511364916264,1
3.812854957294387,2.786745586746683,5.831113599906315,0
7.643874143027515,1.5773649628759023,2.0664976055386486,1
3.159664492566485,3.719058415233424,5.835724775560857,0
7.1937715864434235,8.531050413405284,7.598575014064004,1
0.044310661593115475,1.7546982673890654,6.189240712426734,0
0.5581810003457499,7.567473425185143,7.451612533362507,1
1.8559465071434833,0.21061963103692238,0.5510541200060581,0
6.976668303703151,3.6214366003007195,6.052010712168855,1
0.4042614237378672,2.2052454194361593,9.5402442733628,0
8.840979796973143,1.0359321644475272,8.924878827358233,1
5.515439736690024,0.3103650525700352,7.435607802661729,0
5.744298784981886,8.06364371226837,5.5236058758037645,1
3.1078277137513686,0.33808100513376127,5.056061056938955,0
7.274859517525308,9.365853485829462,7.447542387514093,1
0.2225853310140291,5.416549649064767,4.288203701259825,0
7.776518334858446,4.857841543827548,8.788936048708472,1
3.4452055532269856,3.311720901111739,5.5876921019460255,0
4.1517775532256564,4.508664558273586,0.6699949534826699,1
2.1699700027821702,0.3448965504194712,3.3504950556727775,0
9.596950354814787,0.36631950336749375,0.42950431017868995,1
0.5294816191815266,1.721042549094759,0.244928422387094,0
9.357620134652331,9.060874185413622,0.984569046174375,1
3.282074491554663,0.04936613223253228,1.021684352033062,0
6.5205232934064,9.418026945825611,7.148390387174027,1
2.3432569184315035,1.3501161120524918,3.8368197426112802,0
7.794660026238454,3.5960676804895053,7.282489610071306,1
0.4452330370109825,1.2692825000516594,4.60732371275835,0
6.666019798869822,1.4880266256435937,1.5123478336081841,1
1.1521689587325212,4.263985316608304,4.311963344331411,0
5.675869521763357,2.1613820283829535,2.169681509104625,1
1.5648545735287855,2.580908065160341,4.568520836581968,0
5.82386533429832,6.075151982850958,8.32988851456253,1
4.898252774573063,1.2462762994363852,5.5261719742862585,0
6.538378386649892,0.6389339215257517,3.63288737639466,1
0.4104081458187725,1.7640719907019375,9.425046636525,0
5.828251328800205,4.125871731602945,2.644103997102245,1
1.1830030397973224,2.6437333000981136,6.064601301817499,0
1.250280713814863,8.626421872366477,8.526185633182404,1
0.3874496702766683,5.683468827544859,6.69612205703252,0
8.374836451888797,3.591623214032178,6.57155463191324,1
3.6477181166410197,0.08446534294119679,6.9544440815681705,0
5.50064637174396,3.4925603228487114,7.936660978150086,1
0.47711849098060477,2.2746138535109726,3.2544037525689062,0
7.795463244799887,2.1024447684851353,4.583765453619511,1
6.101096576522517,0.7819222074682075,5.237811481706029,0
9.40655838572159,9.594570491826062,7.911901934069191,1
1.2617843466063405,2.1360292613576757,4.556700635535172,0
6.868057717175136,4.969252297418319,3.313095987386502,1
2.8660146741863226,1.3650224752943363,4.192313972987587,0
9.720015461108058,8.617944953040947,7.9708235532841085,1
5.357737508127435,0.40445561291060916,1.7278197923361627,0
7.330660438515326,5.1302474255492445,2.433646293462197,1
0.0783182467304222,1.3702185446606174,3.3118513988799725,0
8.594895793285012,3.521174524973676,9.968420319042199,1
2.475236066603006,1.933671016721692,5.561520776585281,0
7.640451599017482,2.1125229747243655,5.1419991706901875,1
0.2033660994513009,4.274106830660949,8.667906712703731,0
8.13416222029121,8.476067582302665,1.4580974226738597,1
0.29044709046203154,3.073366315690018,4.350142130530373,0
7.634182541026179,8.99456159021864,2.8278508565161564,1
0.6223128509136533,3.0957876524716497,3.8126913977245747,0
3.5414942340776747,6.796241246670217,9.628169650434161,1
1.084772553354837,2.2373403092225077,9.812039957243412,0
6.358568713159629,2.2197843158912645,0.5085136747213004,1
3.837519612249273,2.425576241755661,0.7518650097233492,0
4.419134951713419,9.81984707432305,5.667715954038678,1
0.7690086549732766,1.048021341236317,4.192370032248766,0
5.458599035986184,8.929207847802628,0.7646716613304905,1
4.211588871728306,0.8041378628784102,5.992336717421917,0
5.0290315434712625,3.263257550720261,1.9328099944171506,1
0.4208362039714353,4.368678234644078,8.692822495463773,0
3.321304814690589,7.46622939849154,3.1835458312847322,1
0.7314085545931881,5.618560905643487,3.2453037901766093,0
6.182242040170686,3.5265315121002585,9.512985086145838,1
2.8512186459302225,2.4547738490712225,8.40255639864373,0
0.5575432472490793,7.851594803955765,6.2638175364878625,1
1.323042280383867,3.9986807510325706,5.035349144323278,0
6.188908913669024,3.8947000805666034,2.3242264900724496,1
1.7208207950396837,4.586804260717546,6.382129577812138,0
3.3170584376559145,5.4638505838797,4.013576603515636,1
1.4512952317600791,4.553429514704233,7.722521883458072,0
6.4010319359001535,9.674480518234441,4.441745288294553,1
4.0053759743681585,1.771225635794822,6.177730660008024,0
3.285901281353473,8.776378444598118,5.802418769791005,1
3.6671130699931953,1.1941307682572466,4.5292014446417195,0
9.998556266062902,9.582605892411927,3.347744628125006,1
5.289353762273709,1.6497922378049412,3.0668785668857037,0
2.48713440952687,5.82465173055163,6.168162064566355,1
1.0518314315598876,0.25700373204277094,7.164554068622236,0
8.277162909409986,5.697909634455086,9.95356795869584,1
1.7385300046925667,1.3584865482926178,1.3676177642289777,0
9.206546078783758,8.13443363795492,8.068202505857146,1
1.3154976351520853,3.7824822457224894,1.0466792951544401,0
7.263487291802057,2.827477698634564,0.6224861737768816,1
1.0388891133436373,3.1996290490446655,4.036414945618193,0
0.4247062602629659,6.696302182604081,1.8015212393686086,1
3.9188365546148884,0.3914587520603674,4.628946998435812,0
5.097995376419993,6.640267860119383,2.010264844841687,1
4.299997952153934,0.057098907111728936,6.025001688404901,0
2.8555826424665263,7.759950934077613,4.852087371611475,1
2.60007889883044,4.222941170150577,6.963319390120015,0
9.677810339494007,8.19718130303955,4.815025155352902,1
0.2627839237664831,1.8993806887410913,6.74215797201107,0
5.754434271490931,5.831683476747898,2.605808543304935,1
1.2022905822853347,4.222563752792404,6.502481130571577,0
3.6883243511945754,4.460187938421822,5.048614551074332,1
1.0622777527029437,0.6269103738907389,5.314526122320085,0
7.545267259132929,5.764394144464448,1.128414288179188,1
1.2365736154001084,0.6876163128199198,3.241571919512436,0
8.283297727737494,0.867953535456466,9.109871483348142,1
2.672466524360919,2.139514579499644,7.823400314026396,0
2.6976919859491053,6.287887103590708,2.7533684948912587,1
0.27653075923549486,4.505947261517379,7.713801872233467,0
3.088265993794097,8.01999372499561,8.424280303741558,1
2.761302208867665,0.5129930841853159,4.160031761662997,0
8.317846133332056,1.6857442849329451,5.060131598330414,1
1.7565353869982914,4.276288198002939,3.5696565226827683,0
7.086639222845984,9.4200438039685,7.801932130818865,1
0.6492865338268672,2.197815801586801,0.16253698573633235,0
8.249665641519545,2.2763570573978997,5.315122052426627,1
0.570562586282759,5.9648252395589285,6.386906459688331,0
5.82352457676354,6.0033416077551305,9.84404797574831,1
2.3168449728368437,0.8577721141781403,7.936360456942121,0
5.300644588148405,9.176152892483337,3.951666074568505,1
3.5121482602995147,1.392242887258961,9.730354086273326,0
9.00492660948444,3.9783084716977,4.7458024093662,1
4.737154743611959,1.0019940125138083,6.799939452200425,0
8.290439928474344,2.1563814727408848,7.0976661898873985,1
3.889686405892827,1.2546090233235208,1.5462961447968582,0
7.959263791353813,0.8452397621013086,9.201314594535603,1
0.06766370717575465,0.49438163325543183,7.49353575611588,0
9.666342887437203,3.2280607497103175,4.275780876781163,1
4.367371236381513,0.6062422291068181,0.7919481352502944,0
3.6128768267843703,7.227229493385343,8.73592191743355,1
5.446830876290464,0.9583066032477672,2.179962233053221,0
7.72874205078959,8.137788040533039,0.5769225110837872,1
0.7573192541850771,3.058509615838253,6.141638667561092,0
2.1960871185256217,8.508555667170931,7.8445602177918206,1
0.946516572232462,5.266498844521939,7.621664005562576,0
3.6396278198501095,9.036086009915095,1.0383976664532724,1
3.2304687572747257,0.14168940088341242,2.4206528609381914,0
7.834056769417577,3.1523241924232948,3.928474469050811,1
1.818907393465643,3.880040729915626,1.5176484620108543,0
8.492230198343329,7.898412696149915,4.588917320628139,1
0.34282772612856727,5.146777608309417,0.8957196692763592,0
7.109071799089273,0.7334148585960976,4.6028469058097246,1
1.790203974350808,5.180865121793348,3.375017188979097,0
8.114698577713046,2.5381575532266054,9.107993833833438,1
1.8378957855076539,3.471149813068044,4.133469502182728,0
8.074805979648712,9.870519673946355,7.92266132679169,1
5.086652886649103,0.3615655596780798,2.8360197512511776,0
8.562307801454756,4.767084963193612,1.7700994038593332,1
1.429894641763929,0.452390146333127,2.978848720753653,0
6.483074181042245,2.5188315461019406,2.678286456983836,1
2.381114364492405,2.819285801334024,0.7294063492239944,0
1.035349658825112,8.392788812614512,3.574694211320335,1
1.2812898779410786,5.096168757269231,4.801857281500132,0
7.254193285155086,2.0943843880730597,2.766622487265047,1
0.3418614716458812,0.4479844366480701,4.437100904463849,0
6.536019189544204,7.509699386026818,5.6410710533339445,1
2.3819441964341284,3.949885599179015,4.254232953275374,0
0.6889853829343706,7.575717400703689,8.292497373024725,1
4.974761471771519,0.039896018724153715,0.8447072457077287,0
9.301313547524055,9.14847081771107,5.638786227643818,1
4.280910558668209,0.007747161357632981,8.874374541757858,0
8.808978324144633,1.0481102937547493,9.525353428137354,1
0.7932516479940266,5.311340138584081,0.9020936691716075,0
9.51604792738854,6.286707460080363,5.933176238163293,1
2.043381821466901,4.878634489811074,0.2192577246719607,0
2.9934706256136137,5.487514887199403,9.567686482016429,1
4.394450169465658,1.7441200800458478,9.170118506524236,0
1.0832247377735815,6.81871586560767,8.227808244441551,1
2.042374197038579,4.811194614040396,5.986106259890006,0
7.081385447758235,6.659744784103846,7.7075399993615985,1
3.7996919401179827,3.1945758056722937,2.0158839462299594,0
7.046641222766354,8.432468417770101,7.969476427954154,1
1.4462705106080331,0.8342326743543205,5.2972024750219475,0
5.903813371943244,4.894965549742366,1.0332297071598762,1
4.9404753344477665,1.757897863952631,3.1033184676502956,0
5.271646861529266,8.033029389572627,7.482131513327674,1
1.1248092896254847,1.5466407007546468,6.3751394046586025,0
9.536179297269978,4.329741985979708,5.097426515276857,1
1.2428466610588107,5.390241453658275,1.4486073078969308,0
6.2304894248543805,2.7398284079581083,0.7593031612695722,1
0.4194836797198376,3.279568012542886,4.87290799129147,0
7.681922851058401,4.896807342989509,6.973373809542302,1
2.1818166093788327,4.47618919420214,5.6061191355248186,0
1.3415924554235004,6.556583453572332,1.505399410380981,1
3.0134980385449897,3.6772429027031626,2.1455760301541895,0
9.562287800935062,4.196189839570968,4.856832790465483,1
4.467893513627878,1.5145026551767193,9.361656304397517,0
6.565368178175532,4.1092966182293855,5.218332308629526,1
0.3213020465701111,3.2081537015512165,3.0829205077249444,0
1.450448480952129,7.745506977547095,8.683051627836406,1
0.634922673548417,3.861672170861911,0.890732698599771,0
9.86636487383226,3.711807464669681,2.068475888704542,1
3.21057114178687,1.5972402636664729,5.1614179148221115,0
6.940169308993988,7.9241106072036605,3.436666621143761,1
3.092128627227677,3.690726796353542,8.638505464433461,0
7.017199319723417,2.2831656395848365,5.213471572133446,1
4.38796945067386,0.7067158737632295,5.8192568870039265,0
5.099219578841133,7.698656428028818,5.262699236018699,1
0.9524886082393758,5.141068928544584,3.802172087218103,0
3.1502919705314247,5.415945548060109,2.797210529198898,1
2.0327809746547265,2.603842470869134,3.4259477488038326,0
6.963206749204166,0.4870254220601222,7.741967207600501,1
0.027924134991970107,0.035882733374371645,5.15682108513603,0
4.9666100666022475,6.399647652554151,8.899018679263571,1
0.9558462371031984,2.7276309958697365,3.69613827874266,0
6.47274254340595,4.756729896064119,5.817064138985425,1
1.4471888339667238,0.923026367505646,4.600316802572751,0
2.3164096740604223,4.980170245787714,8.19377161603213,1
0.9965815811234935,3.9751682904796692,5.209045538652192,0
5.094869789677188,9.010313105425926,7.005336765887082,1
4.450194355167731,0.7112174292164541,4.523781471673875,0
4.61244530611113,9.03807103092956,5.52728976435858,1
2.115699303590403,2.7201346649412894,1.5108611068255173,0
1.5321247484118494,7.9231229203031495,7.134831393010065,1
0.9655946252419234,0.5042722967557245,2.2223794089008866,0
4.252373188374115,9.610042643836001,1.0527515428875112,1
2.148892790363388,3.3813927823959222,1.6174579011342427,0
7.737090062812506,6.420656439539742,2.6089484338283873,1
0.38639873730075047,3.3667594634677522,5.669102689038423,0
3.114133134989878,8.78691634485418,8.132942177808825,1
0.6546090450540232,1.0823862907598913,5.368462874387157,0
7.043498274578273,5.74491763186908,4.147724822302284,1
0.3908265656002041,0.2654397845504197,5.161987787834391,0
4.522527848809798,2.8039523166138025,8.2610925452859,1
5.825832964806857,0.4783925281432344,0.9484099040765193,0
1.5652671296691945,9.619728684040613,4.596244191110984,1
2.0929406202341494,3.2157236215444653,0.7124811138188858,0
6.424730830803656,5.7253991422059825,7.872114696341683,1
0.8148968595283046,3.0859221516757076,9.616906284035494,0
6.267954614222312,1.8476810701308177,6.515594081668942,1
0.9870037231499018,0.9209664405239704,5.930728699834548,0
6.759135507432167,8.423385301404497,8.17596918180261,1
3.8379026100467364,2.507655176652974,5.315839814045972,0
2.5721278688848805,8.129135442231632,1.3162742612550726,1
0.48988624169964634,3.379828467711233,9.084288646780625,0
5.685675323502569,2.141688929169546,3.5413624336116802,1
0.26576141371101647,2.579780568517002,8.54785771800904,0
5.829993721691814,7.788605331049773,9.49640844263161,1
2.817618180730527,1.5511310147828372,2.9189817263413955,0
2.4082885903593887,8.348441282204591,8.937102002490532,1
3.1596478152460072,2.507800103244926,4.440198152405372,0
5.276852805187002,2.648665443621474,7.89230070384594,1
2.7223901444868703,0.823405345687126,5.73552852183974,0
3.598715882633172,7.797964108284708,1.114224839340634,1
3.8247158525264124,2.385879810665421,6.4155816712709,0
0.08562052903988482,9.3410732618464,2.477405590137315,1
4.496048246642797,1.4035390656461777,1.5239858637258108,0
8.554214755214435,9.129893395753498,7.597689145270872,1
0.9944286653518875,5.570848682139533,1.7423948812707235,0
4.118258822477818,9.89324930690607,0.5624460819517019,1
3.5013131686612065,3.433278894378715,5.851835189413531,0
0.8667926717418695,7.165533271489133,6.2126151726673,1
5.1557051517694985,0.8859249015766624,6.594845896621657,0
3.9736741185756905,8.99784872773116,1.934218061040578,1
2.978203820623712,1.4215185441039535,6.952569679265412,0
6.715796346631984,2.2149023496163975,2.0207982697653417,1
3.172994100268456,0.7012065524106059,2.115669819906344,0
6.62066858404743,9.468537695541162,1.023363210201721,1
2.847448878679991,2.2153145323526635,9.266021723403849,0
9.102294668257047,9.06180824568217,8.819886708027944,1
0.9412344622297597,6.051304218773547,7.164898293533287,0
7.587636390949752,4.907122774999985,6.959798935080313,1
2.761159334986888,2.3432887521031356,7.9309363787967975,0
2.6650662633050226,5.404465729406933,2.704663908208784,1
0.9282628105075308,1.0991105054213335,2.3277597544050654,0
5.239479440336474,5.104637188053537,4.440330072044648,1
1.4538537284860586,3.5847451130088857,8.619418580532187,0
2.4636751213949126,8.46534199661274,8.314868419311875,1
0.1548386579621952,0.4504042097338967,4.388545151455273,0
4.697695346812456,5.782582634498742,5.359127326001017,1
0.2578851777308522,0.33791733737220664,9.645835480475299,0
8.09907288483579,1.3363062760361466,9.484464911815628,1
0.07999752778197089,3.170893978512057,4.566764584795271,0
3.2652415414386002,9.902110159196237,3.468981801508446,1
1.6969662741175617,2.9768860031167432,9.637190503182145,0
5.651278369697563,5.124642603440655,8.344599697737351,1
1.573794493999453,5.376527001397939,5.482742630085703,0
8.900911092477815,5.900660265977963,2.892778299757529,1
0.28391634377303854,2.9269007112515832,5.87407451226698,0
5.211008310389758,9.003243318301895,8.00265995898517,1
0.15061058630218338,3.042501568455813,1.0742172515264026,0
7.481385551799667,2.8348799018106585,6.941208847200862,1
0.7431150366754535,5.608921234069131,9.94767143231825,0
5.385478863221852,3.2198349674161952,2.6417662582981674,1
2.1916912515676024,0.7289058947995575,2.921712802577149,0
9.52778138150179,6.77690807918896,3.8440888690112773,1
0.23830229420500837,5.482009288284782,7.665020075424042,0
6.344667150462157,1.8829095026870335,4.610518929059016,1
5.396269580959414,0.7523172262060407,9.310365012104088,0
6.035068952867658,7.908136920635693,0.7646354604411199,1
0.5549442736846688,1.443944982706168,0.9256256539120089,0
0.27583023775854976,7.815523370198976,9.951176210836884,1
3.7297223694883854,2.4708334703215,2.4526501016335778,0
8.423044121570488,9.768009280826401,2.0334946039500013,1
1.544645949132717,1.9698168227248247,8.258996058510329,0
1.4600621822541815,9.6406512260143,2.211344890280289,1
1.6755265918894757,0.038911174739132415,4.343060816503076,0
3.1048730168786784,6.349096130898496,7.948711560418764,1
1.7821885411598648,2.1944160982306284,9.16242595575546,0
8.614100614897088,3.0455122156289494,1.7434517677611838,1
0.6989101589485402,3.1155966770063745,8.135812215352782,0
1.266617419520908,7.007056778546418,3.1826851442617365,1
2.4727402193328896,0.30264093392708524,5.053069970625614,0
9.949658502500498,4.964757451166139,9.20997516559329,1
1.6874478520149627,4.8324434233868,0.2259902326253349,0
8.14244407447665,2.8486221617478513,1.2786357347058541,1
0.8962680652778143,4.213387347866158,8.763700188361728,0
6.083216820351716,7.364006881821287,4.093675967863578,1
0.5244319162171462,6.123920303082109,8.124815778307369,0
8.28914251767168,5.534688839802935,7.346890841056915,1
1.4631597629997117,0.11155833613863075,3.184223002162976,0
8.364043330536887,7.05074592415134,0.5088096852173962,1
0.24948342312877458,1.5416846431375542,0.4228384198814328,0
8.826778165703793,9.99478744122957,0.05986485617698434,1
4.039378671636465,0.5740911669815452,3.183175303042934,0
8.822895835708158,5.112056338057687,6.31989341615173,1
5.527129639571177,1.390675548274255,3.5245718362320257,0
9.640729769362732,6.106077896638191,4.972646614707678,1
4.367675032757498,1.6720941391908795,4.160234793508186,0
8.860046548520065,5.281491540827972,7.1957598719464935,1
4.594195619358711,1.8132106807649706,8.272219215184862,0
3.297826239654996,6.234740410699321,0.06854301742671098,1
3.3541328089343914,1.628830509437521,6.964124935871244,0
9.222089910673393,1.7004499986893096,1.0421959948653836,1
4.6842565082200185,2.0848595246823054,8.233889227588078,0
4.092628543028417,8.076611506574432,4.405382624677609,1
1.7802744740011878,4.935730864743083,3.8303585928916695,0
7.599752296672108,1.672086227166143,8.460594746450493,1
2.2631843232770956,1.0510926800708875,1.378024387601231,0
4.6999466497987,3.594748037014226,0.1707141402817336,1
0.5622607561037463,4.633751275759926,7.324951883765429,0
4.00980438614603,7.456417748820544,3.407204188335867,1
3.7486288657664746,0.544280915188321,8.312069926496031,0
8.483095371860053,2.1641686955761266,1.7355199793458176,1
4.849008494553927,0.5998133058908628,8.402803006085568,0
9.149038637630799,3.7330821475576537,0.3012418765179192,1
1.4561126381313694,0.8723869289262176,3.133826157142118,0
7.889003684616991,1.4597190619977218,2.5720775615500227,1
0.14984641846898183,4.899139095638185,1.2312764353459538,0
7.122657439317436,0.9008239737429291,2.578967658840372,1
1.0292214956764434,4.557586296957106,9.283328572143022,0
5.490662109056893,3.8267887081670526,6.32042996496073,1
0.5595591003229317,5.659282686351023,3.5526659742238786,0
4.690042984871521,7.442558039061938,8.330021134918088,1
6.3191115710217405,0.09823639460113553,9.090950170159836,0
6.287924989143013,6.691687718951812,7.103570420501926,1
1.1327181145653098,2.937587273526767,7.134730229601053,0
7.684833144602607,5.873737506385249,8.626468583646718,1
0.3431345902145422,4.2432012115148465,0.7581836864655767,0
9.379373141421135,1.2478670062091168,5.232545124681643,1
2.362642360183904,2.3962462851612756,7.22538485145623,0
4.228937840528502,9.95723760918789,9.739882864698531,1
0.6445133401452985,3.2693975829093813,3.410417575614736,0
2.804639517321875,5.315945905853122,2.3962466576250305,1
2.6675849429718457,1.6943125064378994,6.321735756807892,0
8.474818315963066,0.6448499866933144,8.68982071360656,1
5.538340218497697,0.09922384872685153,5.48436758215125,0
7.86090954303876,8.25600310992335,0.7968135249775188,1
4.188331767602046,2.143740032549335,5.897934823999424,0
4.903170477482969,2.744506648397831,5.3885767889303775,1
3.9692047759280036,1.2453687326344764,6.529170239064079,0
2.5397736965322837,8.398235855699838,2.7538406643056126,1
2.2651433396638545,4.2720142560561944,7.694291295187573,0
7.4238391978104445,3.681347429580425,9.998015900117673,1
1.06873296101748,4.224361260932987,7.201540965098964,0
6.670484441408901,5.406404463434674,7.624952186458355,1
0.02150954409290806,3.5168222057901524,9.080891626309132,0
1.409298631340078,6.914901013514861,6.373633735396048,1
1.8433257906221057,1.944914387381067,8.715165941658089,0
6.4194804393687654,8.168414430119448,5.745600118345714,1
2.091207866776678,3.1518821841422815,1.598278382213012,0
3.134423169089857,6.061407299990518,2.6286783663525535,1
1.8809093772398056,4.995466983629388,0.7394172201794313,0
5.050659919242049,6.568684231993509,7.230120119770994,1
2.166461605798199,3.1928369422781833,9.735248083957153,0
4.309347837838434,6.821425501472275,8.69730996978494,1
2.948085932544516,1.8029475912107462,8.137326567098313,0
0.1725675660064696,9.528834831191546,5.498070287138677,1
6.2150292443672095,0.4401056599961728,5.508326623888358,0
2.671872467499864,4.475670661308388,7.104200933662986,1
0.18016986701739568,2.2478131766745193,3.444769461439745,0
4.778587357555226,8.764598626477591,8.81428082944655,1
1.2758693441757751,0.024798835890935678,8.782430983638847,0
0.9124917650519726,6.899063893629562,5.807889171082682,1
6.418744877715156,0.44242723212528756,3.3354038988616064,0
6.048229253368534,2.067459580035419,9.307257842260348,1
4.832745598743536,2.039114579930006,2.727583326768169,0
9.01647477071386,1.6839920905048555,4.140286961641223,1
1.5492313417679493,0.9070672591339057,2.196916824306813,0
5.754845368654255,1.959535554804861,1.2249339834285733,1
0.9690725391636656,4.245381044796469,2.081409883585763,0
9.805808098905043,5.394355542504058,1.8956139827669771,1
2.708432921848231,3.8936020641373603,4.186240909693671,0
9.640625072162003,8.394057558298936,7.044442659801843,1
3.8555648784239374,0.3648371512269355,2.4843726532484025,0
9.339707675818687,4.839909145476921,4.386534586547434,1
2.0220157447936438,2.8767650955012347,4.621904614516272,0
9.391021245477647,6.1836551888033595,9.808572071684742,1
3.2402953086247543,1.5523341591496764,6.587617435128723,0
1.4121750398567123,9.520778268311357,4.883644496064557,1
0.4088770385368745,5.93242784295958,9.45566223853575,0
5.251949738144036,7.9424623826619225,4.3601336195166365,1
0.8905528845909894,0.8079585891793462,2.0466644598172956,0
5.941763746977557,6.757023590100683,3.59977166604724,1
5.0532313856669875,0.2967135090676065,7.312988714430175,0
5.6603771392137965,7.049877626407206,6.385803531661694,1
2.0717963325144595,2.044876224939661,2.0551368346489074,0
8.53536304403322,4.359164384428925,5.600643161894249,1
1.0315240071055576,3.9708496116707237,9.444380646467206,0
6.651357368882924,1.048867251008998,9.713996168656578,1
1.1188139147347587,2.3172108476746045,7.484130672770548,0
2.01003331738156,5.046796961409417,5.9033207472826295,1
0.5038791460373804,2.948160785521469,7.824326909538547,0
9.293626507322543,7.682034183668845,1.942127708550322,1
2.4430844509569285,3.600616956710617,3.0549298796294533,0
4.052534629734969,8.865574390946842,7.284255265379346,1
2.316643544954683,4.341091948150865,2.3204563171327584,0
8.71136054507723,3.913860360295888,6.731268972383453,1
2.4172387416906083,1.2113818137234245,7.285843915444394,0
9.94930387634818,5.867592033085749,9.19819242590149,1
1.7105938268888843,0.8345574386951848,7.786277982667396,0
7.25895895341243,4.964176291340873,1.89130919919413,1
0.927660323518773,2.0372612086027395,3.081413677787612,0
7.456299762755418,3.2309502789657127,8.950156249540989,1
5.798735193760949,1.0434632956970435,5.053206194656177,0
9.559717653117929,5.63147392835659,6.064632102747728,1
2.301598937541552,1.9728787841224937,9.74339805244104,0
5.405015753712451,2.4621377275697496,5.912791875183197,1
3.2301715109216103,0.8221819807103026,6.614717134805427,0
7.804694938663111,6.2005073577305,0.5805149971022006,1
2.7374215367899355,1.4054662279725705,4.114723158146928,0
4.967674935390022,4.307425669243463,8.202904428945669,1
0.7923085043662415,0.47035188460308963,3.18841910631091,0
4.2532430867638755,7.693483699674691,5.319582881421262,1
2.884606160297217,2.5799170050449205,1.9432049192093226,0
4.945861757156478,8.962547922655517,2.931559497621803,1
2.3177585370125353,2.5290251592566437,1.9265684714469933,0
2.480441500645165,6.305337000132624,5.7147983846715755,1
1.4795730346364266,1.3533285975445963,8.352937123476837,0
2.345977397323147,8.39239241317355,6.465528961971736,1
1.4353212647281521,0.37778422560896585,2.858669120865706,0
8.138013840814809,1.6744603396735425,7.974735933024327,1
2.8090329417166093,0.40724553610439806,0.5951528884914792,0
7.0904734748627,9.413576480543593,2.736076317986169,1
3.5268689146005783,3.1191288792401006,0.7019601423920208,0
7.562108694805579,4.424977463764081,9.205460188751495,1
2.4256229574673425,2.8812418314639645,7.63815078867255,0
9.436332676510187,9.738458641924579,5.521437148494708,1
0.11136961443330984,4.7832321476974835,2.745474240178006,0
0.9368715696354724,7.040064548045214,3.30450323213362,1
0.7809722341704983,3.819817120511071,6.493161574159022,0
6.665407361187855,6.358746605355162,1.7095181569951645,1
0.10275675281459451,2.061673638299025,1.81715272613851,0
1.8960302750653668,9.541841733597725,4.784180154502583,1
0.08876605045409103,2.801508991455428,6.16425578257208,0
2.913686863051325,8.97285272580829,0.4526019200191622,1
3.241894483455172,2.9928500353679857,4.661393353673391,0
6.622003216225087,6.652361684238781,2.6106226671672728,1
1.485695750335072,4.33010116051198,6.868022924278613,0
8.918998225069299,0.4063785067107706,4.33607834818858,1
4.494306640291041,0.8728143985727899,3.1616464741156545,0
6.645015705667021,6.001113520209431,5.711133055665867,1
0.7967328393030138,5.94261386047819,6.3509469860873216,0
4.600993403407418,6.346096222807914,3.486722465364963,1
2.8405536511390173,1.7322772702318479,2.4563137026654616,0
6.497776610149027,5.4556829234311675,1.0432706574816342,1
3.2927492297802443,3.3109766643865637,8.695069825520997,0
6.370724376920699,7.210330745120695,6.953484514190539,1
2.3135149435843716,3.348486042052751,9.077415347320617,0
9.37400276110104,0.08577815753063822,1.757537788379857,1
2.742371348895827,3.8043519844363862,9.533125291593704,0
6.054662992640721,6.300245595074443,2.402749194492022,1
0.3771913789834369,1.0308690277811716,1.4633403826166569,0
8.730573613210073,3.722185268563721,8.504070531165077,1
2.142703025000662,4.840687652657236,0.5316438837007476,0
8.606079081248287,9.422347561995835,7.346204350925544,1
2.94501557052933,1.1081085287831816,5.456406759710242,0
1.4337973435828832,6.380430158781355,0.7255204705630458,1
2.033826058875048,4.468259446927574,3.1153780108570572,0
5.285342203247398,3.092751143553211,0.7595846429128106,1
1.196465374249004,1.1830642264414337,6.493321446167853,0
9.442386625798209,1.4063094859248537,6.364939276142515,1
2.4093103571298524,3.6417901260804153,0.17325444599970652,0
4.051469957193175,8.807372336892026,4.793985345845454,1
0.7329322866508559,5.57496240983228,0.5145221718711279,0
3.1300726210397425,5.846076341769521,3.4487871160421237,1
1.7936668797873967,3.882103792418153,5.238180648952504,0
9.29514956586745,8.561787277315624,6.1267522618236185,1
0.15749313930081388,3.8283152653383046,7.648637719191392,0
4.004385489506256,6.353933648719432,1.9470340307592837,1
0.6296605306691061,3.7574453982443745,9.55746003861642,0
8.127025509860765,9.907708085725014,9.900818599398427,1
1.167729866598215,0.721139599874332,8.60362585691778,0
9.902241399657047,1.1923780283312035,3.075420726953718,1
4.456232581764254,2.236338311722715,9.17759573147921,0
3.3122018405525697,4.981718118073552,2.2315681716959848,1
1.5617679825950104,0.7394323346826459,6.234323168206664,0
4.966932211363833,7.991914526160865,4.088079067569113,1
2.2389371697490446,2.7998002563720013,8.865786876242781,0
7.42766640140518,6.976084202601321,1.6449832195654113,1
1.664257523431939,2.0027223212430934,2.1955545799139955,0
0.6156081057457063,8.032874061433905,3.5890311271935813,1
3.6106180216282224,0.21838366720550062,6.928791520579204,0
5.671601346372387,2.657235906561759,1.763154054402093,1
3.477100646323362,0.8309755727749357,5.084822015110749,0
4.219701441960919,7.468010830284627,3.5637511234229855,1
3.5529167672994277,3.3923152260091447,2.412685213019495,0
4.828972730235062,3.8499371644515037,1.375270991898625,1
0.3393349413415647,5.781791272514614,2.7618837908208302,0
9.299049022005713,9.14007693072768,6.977164924018439,1
0.45059774012030207,5.809398386595045,5.063609485305685,0
3.0818491529500647,8.278056830480168,1.9531665405759269,1
3.9005127397552695,0.244029985805998,3.3469388421795756,0
9.358545500291632,4.223694434130019,0.9385079786618378,1
0.9058572964570677,5.5239589897591435,4.473707716774371,0
3.1733363646506962,4.728208243743843,2.9958941525856817,1
0.352745725185577,3.54277860524384,2.5066253631485247,0
5.4695192606914125,5.906650967996237,8.006284625343982,1
2.388018086518453,0.7886676872667564,1.8614371698008303,0
8.136113193166242,2.4189993475427194,3.1222650842263056,1
2.0255973415152217,4.673006683199127,0.8622380464877455,0
3.744438331887542,9.421493153517986,8.216497600305736,1
1.445757322486787,5.306315540006249,4.357030821609172,0
8.044549240279895,9.815406462250657,3.740017721966492,1
1.929859884360634,1.797241622870227,4.5203984825793055,0
4.581032997030002,6.6206745309253945,3.9545542634793875,1
0.18307236907255997,3.3410324601698225,4.844436196646999,0
9.597994442486408,6.300232103928445,1.402182736015768,1
0.2773683125959425,1.5027039552893617,8.763687776194157,0
5.095506558256217,4.648547647245835,2.582978781146683,1
3.288938403940218,2.159180876056921,4.340742573994002,0
8.896806267456617,2.5124315292427113,5.52254555662482,1
1.3387415022515514,5.640773536001915,8.122821024956902,0
3.6333833388422043,5.630190476708105,1.938162732642632,1
4.191331423066048,0.6351827060222315,1.0512774817451653,0
6.627558358893682,1.3519661508372516,6.667623912890965,1
4.475998989712729,1.6800186256857808,1.6422238398729017,0
7.838573221358466,1.577127149841212,4.803356088352563,1
4.0721053765386594,0.8248711835905664,8.777783018146827,0
5.998558098993759,3.551288942420495,8.446111237887834,1
0.3517583179617245,5.535738848276091,0.18280923779674385,0
6.012850266553117,6.181911010343859,3.5609943266275854,1
1.4799230820986042,4.644952056628928,9.645149699800193,0
7.806043610752756,8.980136909833,4.328666782199603,1
3.27238376774297,0.029624461605943786,7.45892328118826,0
5.487540077642867,1.670855812676526,8.112637596693602,1
2.576244296784267,1.4869743157771087,0.5952471238417067,0
9.466712153770256,7.970643561257989,7.378235274984802,1
1.659575887934659,3.9852827985191572,4.7230366456268245,0
9.089161827668427,2.6318736305975055,8.142795758435973,1
2.080070914331489,3.458268234615236,6.319527595415213,0
3.8885910041703764,6.665679389057635,2.5263618261709544,1
0.04111391126303876,0.4084995171172201,0.4719786083831867,0
5.215988795485522,3.3233529410704543,3.658565644812186,1
4.283127224565777,2.497102071346525,7.3079773652187,0
5.588647626447315,7.992260239959341,4.5301249876540215,1
5.411785090335201,0.4169962512230485,5.060481474391346,0
6.221957578777348,7.4295616984306125,4.10771607265359,1
2.867835483632324,1.5587247276136718,9.527357877093504,0
9.372463569443072,7.3215049751272945,5.912579650601528,1
1.7831379726186491,4.610353385760334,2.7585714839008943,0
5.4467825576813755,9.760322796287737,7.632371223264967,1
0.27421044839094244,4.676107979066372,1.425148371455629,0
3.2974106901928324,4.022544406730784,4.360712063088466,1
2.3571548623125684,1.569498482100039,8.88467374901463,0
9.904665625690415,4.369619845224499,5.056875476877596,1
0.6690453337221625,1.3848902707578425,2.940344397459768,0
7.689649737272158,4.44882659350408,1.5383348378647055,1
3.178825692616466,3.6917958002396336,1.6857235673398585,0
8.550237976081482,3.027543055881509,4.603213311426878,1
0.165908566393278,5.467302344322253,6.799305994629301,0
4.633535633478003,8.588155526737063,4.503918142364023,1
3.293729035917038,0.05559682112294517,2.9650650494030995,0
6.756966178011082,0.38272654287015206,1.7050985520146977,1
2.5504583293064376,2.206441155163068,2.035723998457597,0
8.728326538624652,1.1093095398772745,1.888704847341477,1
3.661064844111359,2.4992645250327303,3.224880985981997,0
3.044376998251602,9.581745564081473,3.6076945093728794,1
1.8071138252778562,4.624673833764397,7.466986861025335,0
3.1578774264403666,4.536975369916662,4.738445816894429,1
2.894635789122002,3.321707380554333,7.303383067720246,0
8.511337695783503,6.710146590543275,4.385437594815478,1
3.415035451969395,2.4421706336253433,8.372050072474696,0
8.251785323723414,3.817045726315693,2.9111672553895405,1
5.40637413969594,1.4366673342456893,2.713052574809922,0
9.49141435922548,8.993972205492845,5.425891067730549,1
5.688249938413174,0.7359572550793059,8.95465817973385,0
5.9393227935949895,7.795584487175291,5.935482733840276,1
0.6065750906261547,3.5026731775936657,6.096711635500238,0
8.885071840202196,6.566551366823794,4.99415159948618,1
1.1939846748186533,3.659901097596677,0.6236635493977616,0
2.1132834277563606,6.843070145636938,2.5835629037095673,1
2.3714666196559584,4.379337163293934,8.49065102576301,0
4.087536361116544,9.24889080007116,5.107002686947025,1
4.69799487573721,1.146408073236025,3.963042793023156,0
7.0856287869084875,6.675952173703976,4.619814845715812,1
1.0329993895827838,3.3492788370882765,1.7899518367503386,0
8.437199048515625,7.726206851340378,8.318903745805782,1
0.8592001957411544,5.956684227155322,6.492133251048841,0
6.919851315606457,7.822587070930716,4.2026264064427785,1
3.4047137989809153,0.8737054311019676,8.590638186629032,0
7.562230389679688,3.833860187935202,9.810435983066183,1
3.797507588583484,1.7036422687750008,2.6736994485863996,0
4.768963764024649,8.396527196165401,7.000324106219472,1
0.40546285173826857,1.783295717121629,9.524556643440587,0
0.8460368623521985,8.46850699309049,7.477835661095443,1
2.7909744934091885,0.44287289799346263,7.018470079117469,0
8.44685261312581,6.3801427159450395,7.554285818513163,1
0.7767905644817108,3.60635301063272,9.52840445007032,0
2.907163919858214,6.939434145574694,0.7121110752030357,1
3.861814769947902,1.6759806301220193,7.860178647002833,0
6.844189929924211,0.681708584912214,9.841464959457637,1
2.4924077234791833,0.9327849574794755,9.489992899403484,0
9.798346969514208,2.6365780568401,7.578564999524165,1
3.320861797340017,1.3129999318717411,5.643218930361538,0
5.551428180206038,3.7210330030911343,7.483663781300974,1
4.689205534314312,2.0760979345622532,8.51994307640655,0
9.46946140116659,1.1188932528348239,2.27018522232144,1
1.467105490286118,4.315582170053874,4.1217319979507465,0
2.9392556932754808,5.38588744653714,1.6760802374363737,1
2.512804226617411,1.5714112831423477,3.6149994838836452,0
5.253983610659361,6.643705361254058,8.549140590962628,1
3.090705854515737,0.3146499528096358,4.030913255673392,0
5.862780655955099,8.549776961157718,8.283438379556467,1
5.44211149608156,0.50694500053163,6.198913519611727,0
1.9267533835936468,7.672572875411823,5.394407412942837,1
1.9787717972967755,4.213113894712459,9.501107743857979,0
2.6743416539451004,5.337256518709042,5.295532894844195,1
2.6911681950573776,3.603663769329082,6.78527237995214,0
2.8590358905535593,8.759229777617573,4.299994214387988,1
1.3269182618347664,0.7871741446890423,2.6062556071702634,0
8.96128021658269,7.242907815472818,9.56227946961194,1
3.547701576742673,0.25572474624347863,5.138545746019969,0
6.819539320560155,1.945613602884677,1.8830530328859751,1
2.8403841631199986,1.8568998163676698,7.913236001249986,0
8.381059084378155,2.5671732819304105,8.104093544567581,1
3.0364046301753502,1.2789308320733428,4.15886418928031,0
5.0150462080282505,6.949905004273314,6.705561156210422,1
4.130892613987195,1.7155977263340116,8.296900263743263,0
1.7681175588874132,5.499659141138378,4.350193660505868,1
1.2613424656096495,4.94693856009734,8.815249970547061,0
4.569545925701926,8.896050358367464,9.921700054831211,1
2.8944564746245014,3.166798634684853,5.242701907134562,0
9.843354965694704,2.832547012733424,8.281814928085174,1
1.8443857441017086,0.36188138467994735,3.368273974392718,0
9.353363315417983,0.6961720940626548,6.141406156646891,1
0.5529670027162237,2.015201356861037,6.096679195825947,0
3.6588761472427778,7.701989374120739,0.42726544339177885,1
2.465462780801675,4.322054000286526,6.72672690657869,0
9.094748514956493,8.565987391202341,4.20908863886524,1
2.1676280525728906,3.1085205648454495,9.751377522391873,0
7.928642730471792,2.8347852528494464,0.7663478899725251,1
1.51528492208169,1.6911807912485666,9.773404155054669,0
4.003841571336245,6.155604012186826,6.683406198678435,1
4.690628827136486,0.2288784476826311,3.1167915614326303,0
4.47171093245449,8.694819575167951,3.51718151974471,1
3.853433436508036,2.8597903278545935,0.21742188995999445,0
5.5706239762365755,7.253684975828513,5.74702135316919,1
5.072466509267382,1.6963960820643975,0.465099195984614,0
8.44797541718817,2.218179664854266,0.5435695867548618,1
2.0851037240351875,3.8881952800924924,8.286562282677362,0
1.5755188767276374,5.830527569806678,3.2086708935547015,1
1.8665744025495967,0.8870961964591884,4.04871327415605,0
6.090340924148378,6.919205664223258,6.211502647395502,1
0.4317924929101702,4.448348766649989,7.5355312861648605,0
5.364263092476743,5.972100091547549,9.538459631148212,1
2.0611461965170284,4.350066693250904,5.6400822977462575,0
9.280288874755463,4.157121432146365,5.747199819844474,1
2.8690816590504298,2.006258394310093,5.168012014557392,0
9.751932300145626,6.90225249360091,4.837185884013577,1
0.7495255980816329,5.059130537726338,0.827718004092024,0
0.41852925937812535,9.733657370070693,4.743805056513219,1
2.753528171253412,3.59558993181749,5.234281489377189,0
8.064405028105234,9.979277469914843,5.067882622740231,1
2.321251132062423,3.9040505985252674,2.315755362652615,0
2.4729017066969505,7.6432344267717935,4.062382828775839,1
1.5783893145753691,1.1532302914085746,4.348638487176536,0
7.552657364208718,3.591000374869248,9.545346800071515,1
1.1710778650836484,2.078589648439164,2.6238193399470333,0
5.209895350259794,1.8163554980705165,4.659913324628838,1
1.979612771746928,4.822439824361261,8.150695221109785,0
8.91251278714212,9.3973674955378,3.834359308269498,1
0.2640483023814466,6.687569864957695,6.465470219024968,0
2.4933817086388785,6.8752523753930515,0.6140775994189596,1
3.4707376978827575,1.0678733443977806,6.5134473800851564,0
9.765039086417994,8.752492113162237,2.281372232404993,1
1.2701981718900168,2.632260661427319,3.6579215894229633,0
6.862331614063723,3.4793324577189653,4.876138036209077,1
3.162901588153626,2.8032461949309484,3.664145292120092,0
4.887660012240847,5.232835242975647,1.3368090566212931,1
6.58257778552691,0.37179033221872104,3.4418646177738332,0
8.867779108934798,1.4053079401965451,7.256981541643092,1
2.193481113874889,1.5681730432672691,5.489331137054699,0
5.073043130075007,8.204785655095177,7.933013561187656,1
1.3619176383854525,0.3733314873252669,3.353387996448194,0
8.392205377607457,9.779552860493268,9.707012066286492,1
1.389740310934241,2.8051358610462396,1.125569160506985,0
7.966295479596555,6.211175141818187,0.03918251823730068,1
1.036510172444326,4.250537921186161,7.626991692120406,0
5.006148150032423,5.626192907300323,3.6707505744305413,1
3.673804021968241,0.32311112408197173,4.860021163077242,0
3.7282965768971033,7.956169142911582,0.18108117835334836,1
5.743960515847327,0.856315365110748,8.917420891434833,0
4.687965292588628,7.451605565862362,3.0324222164613177,1
1.2251417874239456,2.155077209688685,8.828550588317608,0
9.402844280605864,1.8433435031201784,6.903119011178795,1
1.0190500211721165,1.3270830429317138,7.177829880576879,0
4.659282634316505,9.099217065891063,9.440078998664125,1
3.314451134591365,3.0764381490517834,6.4391062877227965,0
5.512029661456096,2.6133752066596694,3.3266491229480852,1
1.7187180276138936,2.2546790444515175,0.8918887813954091,0
4.329484575562238,4.425003308825433,6.220826579612017,1
0.5371053909074064,0.6158344374558844,5.887250139443402,0
8.392213191373937,4.60105975382179,6.130878615063148,1
0.21367833784186385,6.260200415524012,5.378247208687025,0
6.190267461383155,1.3455769670992446,2.303768603620341,1
2.97391645514994,3.1415760711946286,5.044941251837542,0
6.937718942065409,4.3939427291482405,2.8254281247549553,1
0.08237245005537797,3.3413496296234424,4.084801677584997,0
7.175537163322577,8.775375943491126,3.749230978671627,1
3.3176872203202157,2.130954511989543,1.09800617196121,0
0.930887197634217,7.887618552505113,3.8677164019650623,1
0.2989599272424204,3.2903130769078537,6.0673107637051675,0
5.1689830295127415,7.555147192688264,1.8265340804479124,1
2.594680318084502,0.637048258274916,0.04810859485004482,0
5.533039098315586,4.158601564451506,2.1479547996222346,1
0.12004601526923175,5.60854403109687,2.883229823128647,0
7.514244138191967,5.768526350923536,2.260508004788525,1
4.942541642511314,1.302968049358606,5.299705630481727,0
1.8492631096191503,9.879820631088462,2.2345386658044717,1
5.505506931173292,1.138657776765809,4.693471697890843,0
1.8226953882034003,5.846171557330684,4.350010447378162,1
5.026923096291405,0.9096375600082418,0.41991862344833764,0
8.019581377216005,6.834711611593337,0.8210988721341506,1
2.3439896101468936,0.6838385861636853,2.8538100037755276,0
8.201735187167456,6.750156002600431,3.464479249916664,1
1.1749673892010415,5.772360649298559,1.2435898833930425,0
9.22047595715241,8.273149253370494,4.8338612512855805,1
5.833280925771066,0.22407411809433286,7.891930120210927,0
0.7539683344730774,8.652409904938121,4.115954078857157,1
1.5390042792864145,0.617117303819017,5.102342074578386,0
6.995457507985119,4.963917858103018,1.2438720435171868,1
4.9502455538763925,0.6202788560166916,7.716228020228568,0
0.30283962660246355,9.78968104666906,3.8749149105402214,1
4.324090197164539,0.144469969705171,1.2578329455182857,0
3.990635644953974,8.212718412583573,6.948668246286541,1
0.6591559979329831,4.676990072700299,9.572541819614948,0
3.2583296392198626,9.231908798378491,1.9338858439062656,1
1.2727038358288,5.219476462759468,3.5504512416125844,0
7.580524586187915,7.549289726268799,9.226387277708843,1
1.5235740316196889,2.168221350317563,7.86687449360743,0
0.9268113350100304,6.511336243003644,0.943204069829312,1
0.5940638008911414,2.556704381122308,0.7564752098705485,0
5.629931469052987,3.8908269009941474,5.875943625121636,1
0.199160808444242,1.909936778120237,4.558379184117925,0
1.3716496644214393,7.650505655119972,4.110166038656527,1
4.809177472938378,1.980226813497048,3.314065315232698,0
5.25685911758181,5.80196358957381,6.242821304385857,1
2.1529466510100037,4.132119958868837,2.0254756608592297,0
8.741389036744051,7.660529606755935,3.5761687069670476,1
1.13967914042843,0.3340442997355564,5.119074750536146,0
7.292893212526922,5.219594399718214,4.699994011967975,1
3.855939282198527,2.0740768661549227,7.937162513117125,0
8.774267660310516,2.0005202543542833,2.605381110785782,1
2.0427521194286125,0.37766949460915633,1.218624341570258,0
8.067608887695188,9.997177917812186,4.947202015298301,1
2.043171067176077,1.1273819578529287,2.0814430822658005,0
8.183982071855212,6.567687251637575,7.064382439061005,1
2.4342531084658936,1.6886025948537797,1.8928104560122716,0
6.926096134841652,5.55181974241375,9.229447896467232,1
2.4869984535924727,1.2375502066923427,0.7389868639935893,0
0.8323968047782326,8.56452704042285,7.588342434259135,1
3.086647592068894,2.0173394952411314,7.842769910802688,0
9.677367872497321,5.626154126998834,9.000253115376294,1
2.6569601505470644,3.3453833940114075,0.7664662908817588,0
2.5259848897394277,5.766169532550394,8.610025502415304,1
3.0097255408295687,3.598185124175738,1.2433895861230748,0
8.652832084345802,9.411300412265033,2.3456482495935838,1
1.7900270389713613,3.704239037317174,0.17049684762259432,0
6.554930365924471,3.5117143447856405,7.929205077174305,1
5.281462415939034,0.7448137519785181,2.4019574156500267,0
5.7082477653676325,7.448725633962092,8.639930420812513,1
0.865534150455558,3.0089321953049186,8.586465203151334,0
7.688152581295472,1.8147256755511065,6.800382734217338,1
0.40061049780601765,1.6187250314414803,6.095942156921805,0
8.616821170843284,9.522031257017279,2.882667651703855,1
4.940562500358192,0.6824899182172828,2.6582599393739805,0
7.298491973155542,7.206457710027659,0.26916460924460983,1
0.4367019493087754,4.783476548340491,4.11580140874746,0
5.353348273993444,4.1988389952523395,0.6224490165581609,1
0.6760904140659252,6.03388985789597,7.4820807524446025,0
9.1813212966656,5.924206574696369,4.2787836819996,1
3.2907409816972377,2.3493877836165336,7.626954168796009,0
3.507914503686199,5.815893628557104,7.448917859437295,1
4.038317746539892,0.29539474752685035,8.58512853134451,0
0.07215811025606644,7.721875444555536,2.6127943633784936,1
2.0369232477872434,0.15299848483318002,9.645749811064675,0
5.215143031219116,3.3748169594047415,0.8022060643614526,1
4.562804329906819,1.8750941726343096,6.133575419971901,0
9.276498916468972,6.611350005144921,3.0849425982496657,1
2.0980042779010146,4.856909748630212,4.015208394201213,0
2.731645535910384,5.0674963077865565,6.611962079325929,1
1.0048592060919148,1.8398515725838704,7.934337955381242,0
3.104518892154138,8.399545373190259,6.4024133735740305,1
5.719792044172616,0.8447385244450822,1.291922108184833,0
4.938148213006311,4.8496513205386735,1.8610931788554463,1
3.182455839936794,0.6887006628656234,0.6187158501642243,0
9.418945852908424,3.306208692037955,3.8371347943185796,1
1.9678875071721136,3.448718369936418,8.884839662465808,0
2.6362825386405877,7.661088865374005,4.5306257299241635,1
0.6820160164367728,6.309375993749833,4.019245160361212,0
5.1441619339360365,5.911712393862666,7.482169252161004,1
1.4596778994978898,4.834303766040698,9.328068281856435,0
8.122560842626468,6.539364623424536,9.230412169734256,1
1.7793066972431626,4.347883134329286,4.178255585720426,0
6.088282941150226,6.503401590501079,9.760496110138323,1
1.832614201922791,4.662157196471576,6.507035969107613,0
7.317441039560397,0.05063784678971617,8.770296968095789,1
5.623194435370457,0.554634513715937,8.550068844412047,0
7.9450501594071845,7.2946590482813525,8.502251066848816,1
0.27306869957058666,1.8710294118729787,0.28859064488084507,0
8.081910740209775,7.170866835068157,6.166516515021584,1
2.5966872878420544,4.248039263688563,9.900584298296739,0
1.7548808079677858,7.792134995803213,2.4417480110232717,1
0.28560389453434976,5.2460920386269,9.810439936736636,0
7.552612658449895,7.577023375244297,6.827469923628426,1
1.7969748621938197,2.2119535398171166,4.893684815769447,0
5.796472388811683,1.6155654906903516,4.379391064069447,1
0.10213783839647439,6.253342468321322,8.012097627596548,0
4.3817505200368085,5.27019482216311,4.113291512775358,1
5.743790156692031,0.4149316029627903,5.616623922013102,0
4.815649169059944,9.340685630191455,4.743550711732377,1
3.9908236773115835,0.6816226633607281,7.585418835160173,0
6.571671323378912,9.451259565801987,6.926871562817679,1
3.7230552528828453,1.6461866769548783,9.743486638057375,0
9.576115798411847,7.644954132677824,7.312731873058516,1
4.285239844353748,0.5912885672974622,8.056711355967066,0
8.081396436939087,0.27649793340824513,7.783339753234611,1
2.565020533916631,3.4963522538101524,6.048914859614517,0
2.9910237644360596,9.104598672924048,2.27533582677373,1
3.9869792537401736,0.13122222228768465,8.412843229629829,0
2.166077814333236,6.456369398257058,4.715348886653419,1
1.282268583647126,2.4582153143790277,7.662410750008925,0
6.460963214102662,2.2911217368520234,5.316314403926196,1
1.0060570270340674,2.1209306299221717,0.775460916864823,0
6.3549956553790565,9.434193539580239,5.604770349045544,1
2.2625053743640287,1.938993932318912,1.9624222528933488,0
5.864164905318337,5.814348361078782,3.522692759828714,1
3.0871224380857964,2.4124085855056476,7.6608554545841825,0
1.5788910033777714,8.894533160205471,7.153401678030654,1
1.0342294261254437,4.842199891337539,9.210168748690833,0
6.430960656757682,6.960803828110223,4.7337836875237365,1
4.6442668778373895,0.35168729586732117,6.707913145636861,0
5.087598881808089,4.338987268366937,2.2068837355060955,1
2.1536309092037778,3.578182875439424,7.776524564087717,0
4.750675634774915,8.9421973989538,3.552138731884793,1
0.8772065719833533,0.8291593762382421,1.392627969971747,0
5.595927923986867,8.764632879012286,7.905398577758626,1
1.6872480266431122,0.7281533320652511,3.6468325107137813,0
9.778118229681844,9.151230963572708,6.460383612199695,1
5.490467816256881,0.2779513615809992,6.528870211467639,0
4.00809440845003,4.736257656658007,2.7478049143589613,1
1.783153875159087,3.172977368597497,6.1260346765711535,0
5.358846959003467,3.1015134759656124,9.970640397899666,1
4.741260971564349,0.19351387260066355,5.706998070081221,0
4.512730349999934,2.682675177785944,8.239708622204319,1
3.9264227967809315,1.3539804655376309,9.772217530488929,0
3.8887562406241525,5.673603182790097,0.6002928833264554,1
1.305347051784782,3.537328109528998,5.189836791496319,0
0.40641476859824777,7.269943969254411,6.105264118073216,1
3.395777707979252,1.4702213211058668,8.523241968123589,0
1.466620782737058,9.299030886644013,6.906258252583324,1
0.6353678306495791,3.6274778543892183,9.579062096601604,0
4.5665525676871574,3.3635908765008917,3.919142904327435,1
2.2777972029284688,1.3971417295172384,2.8426157226278512,0
6.146052459064489,8.236334715390832,7.800721102790837,1
2.96122911676701,2.8698211582091693,2.5470981499520065,0
6.593245737466949,5.371927457049138,0.9552329371291701,1
1.1059720648397986,4.312229666922571,8.429280779427868,0
1.7229150290757966,9.706831719850346,8.787854203311783,1
1.3744679824568462,5.318715241329049,6.775391449263375,0
8.988599785466153,2.5332551553399907,4.809594800759621,1
1.5841749548987583,5.190749475227471,5.831530458764039,0
3.6284237462885702,5.729163097492322,9.012790644567772,1
0.7827964069647086,2.1110684177187067,1.1438598981871073,0
8.520341354973173,1.0087616015381573,8.55807653001844,1
4.695559408223381,1.4902616530533364,3.3611743836022887,0
2.2531392419316565,7.017033958688419,9.397680520626702,1
0.336163580745098,2.2793021001597413,9.183949850087776,0
2.283773369970766,9.763607092823358,1.0946810164883591,1
2.825014449976193,0.27796456141563786,1.454971585100383,0
7.375344495818955,8.876452259774014,5.4307337394803525,1
0.5837095470624676,6.134623085190519,2.6880183322429883,0
4.456201384471505,6.465114966967159,9.16400230117296,1
1.5606174285695185,2.2452929420151935,9.551222639563399,0
6.602473768434987,6.9125228244509485,4.7497624050816505,1
3.4922491466545456,0.47216671673330435,8.972737619678815,0
6.201433906857391,2.270306663127144,4.12997607816753,1
0.6691655625319515,3.902905046092484,6.1885613824718515,0
4.031284441916371,7.980066186495607,9.229272412007672,1
1.434300629160592,4.53704140981018,6.7739116281851794,0
0.2837505848791333,9.791553545626044,2.384383937559585,1
5.748905415767264,0.3366906312587403,5.265128096037849,0
5.624454603047482,3.126037167831605,8.501587359912806,1
1.3637157477752526,4.19147743967398,2.1934169329096576,0
8.238181103721995,8.594992999132986,3.5782977367718862,1
2.2370489749726774,3.059238544709566,5.2671995670488645,0
4.709565757309784,2.6931758372883174,4.881075190700942,1
0.45970284292212615,3.6369281795194763,3.0486302839141253,0
0.5752484251312096,9.747920619545374,3.513814233624645,1
1.110566560106797,4.5095316896360735,4.3863352787496614,0
8.374528534468691,3.306689974114707,0.2775528013155948,1
2.0244948169038657,2.49462727368033,9.7859545026757,0
7.728587790440057,0.7023816616133538,6.850183161980096,1
2.244908146259268,1.3487328670394383,0.5865419300643837,0
9.561245127202358,5.048284657771402,8.14528206618185,1
2.8941114360757902,1.5280218413294544,1.7837872270272248,0
3.223233057196894,8.23488443243959,1.9292905306761199,1
5.503960259362268,0.3898373928731347,1.6665371757146652,0
7.122490361149513,7.581835729964479,1.0302173800495795,1
2.0041754781847585,0.7200511988991543,8.567171230028942,0
6.101991091680218,7.325410769437824,9.547851880931166,1
1.5657720248328477,1.545004358280655,1.0270659832538453,0
8.506642369501781,3.427757484395139,0.20905665881736923,1
4.356664262242393,1.3836456550734721,3.79520854485629,0
5.560337691033621,8.508441011029632,4.161003059425373,1
2.422812469716389,1.07401130751405,3.698338375170922,0
6.221432708518702,8.533602862299217,9.583242096232622,1
0.8254629359195631,4.897170343144564,7.583656470114555,0
8.724347451954694,6.807962669567644,6.484055089290215,1
2.878550240239186,4.051986398282212,7.332073641883902,0
2.2178527551042517,9.094658621650755,6.069887654338771,1
2.17794854934255,4.710849529866864,0.6061868093580858,0
6.363940908330217,9.460202142384224,2.5416772218508985,1
3.985481433259359,0.21729996499580073,7.04305380121736,0
9.748380034538771,9.254844088018292,8.171064103792775,1
4.219216488083527,2.033631564180811,5.461285230561533,0
5.297156190016187,1.9367287073495432,7.093638438020334,1
2.4818968852527457,1.0192818663152936,4.971119548273737,0
9.958404511946519,9.692369306444661,0.3323949844500984,1
3.159247405729979,1.5929389466991428,6.530336896905286,0
5.054755201782121,3.3213313829933258,8.248403630122427,1
0.36016221500368095,3.1206705334959963,6.429810616922951,0
2.761545582269942,5.4222550191450845,4.602447978507646,1
0.867297558242357,1.4826581205546574,5.825450646671909,0
0.495449640800536,8.607338907896755,9.145440561352927,1
1.9242884332416044,4.219866538129202,2.953446283379415,0
3.409167167418917,5.502747693379516,0.9594754349505596,1
3.1856831525771714,2.574405938673495,6.546704724272962,0
3.6721831074996802,4.217187259830945,5.421187787748107,1
1.6571566307177354,0.1641359421344779,0.048670132863776194,0
6.918538303559466,0.7467363699026841,5.704336701234084,1
2.6650688634250397,3.725822787584072,1.26262022123527,0
3.680643040323992,3.54274531948771,6.868459466688677,1
1.6688784126645617,4.657621563926315,3.0695730788068842,0
1.6146485490828455,8.2128198585013,2.152641458118162,1
2.0047612951576985,1.0624937191219885,3.0065755954554865,0
2.400622728455366,8.660959651540722,8.853452716694742,1
1.1488542237030708,5.743015955698119,9.129047867105196,0
8.515482295328148,1.0038470311926007,6.144212405310827,1
3.5382753926646693,1.9266123704817106,9.7769455841033,0
7.822683219609619,0.7327667846689678,8.104362762170954,1
4.4327018371758005,2.043645501736858,1.8899481671426965,0
6.670111088552647,6.576050006451709,5.291329141955801,1
5.212371098040926,0.07795261885544136,3.289558443966336,0
5.482382421211059,4.893831732474654,1.7794971382546376,1
0.9762019520073151,1.2790973890528023,7.9320504420122475,0
2.5217251314566846,5.94023989288298,1.155236302081173,1
3.2342347926776194,0.11260142570572951,9.793131843488819,0
7.539273684668258,9.958073443180817,3.3492751345327765,1
3.9401673391813343,0.9060298445096937,4.0834681660290695,0
1.2310322724649725,9.893635999933341,4.8507966221097885,1
0.5175390862291618,1.32907043134049,4.530266789438178,0
4.135994494485241,5.3414738639062795,8.914841496226837,1
3.9437652309840097,0.1868777235763064,8.814081236883986,0
6.69805996274214,6.6067510823834645,0.06354857375630907,1
0.6188919984644514,1.6031385680199262,2.604199123215208,0
8.1655132657601,5.411645100128142,7.64206320612135,1
5.216828901639067,1.6252324569853838,3.314713963394189,0
9.596948406296915,2.097054238990923,8.819555030597027,1
2.800274997227059,2.170192069049918,9.69096458397997,0
4.7367320925735115,7.060878020005742,1.793906403282729,1
0.8239026883074829,0.8541994095764383,5.572183328316721,0
8.184641012937643,5.670547126621576,3.44534729100706,1
2.323456003591505,2.1129537120957442,8.930378156194438,0
0.950016324392785,7.25140417981899,9.42716294627579,1
0.03904362004153894,0.8498645817782335,8.487595784155966,0
5.060537388839135,4.8112288907853396,3.902683348643461,1
0.530459883933434,3.0017215185289627,4.516866884258355,0
0.604108310774969,7.598781019447656,7.094382802560444,1
0.422953813885385,1.9297768724842157,4.7904636996638015,0
9.18432335504604,8.334771791669521,5.88137357746138,1
1.6205720914043242,2.39902957017991,4.880867020633729,0
6.802999965249281,3.438196877805977,2.576240454472518,1
2.044479784003017,0.7352894323889059,3.672491904758587,0
8.780847787600766,4.0502217587922615,7.864565103086595,1
4.412839691769338,2.4390636989289494,9.235241740920044,0
4.461614454716107,7.186032159191309,7.912368790104773,1
0.7085108773699433,5.364230051952392,8.151370686347848,0
6.4548989498866804,5.2849476215032904,1.7326913558299328,1
5.437372236745192,2.169091874908683,7.522301243478417,0
6.824531322665579,2.2026308547871376,2.1825284607644466,1
0.6572703103244903,3.026568388529205,9.04742830060868,0
8.783561182769903,4.178549610142538,8.091319752242876,1
0.9178694231588891,1.3442967593543298,9.556883091616928,0
1.3086031468631099,8.423908357997677,1.733460370972637,1
1.7897270254260855,0.1863734747384238,1.450034811480776,0
1.192658631140594,7.981745077987007,7.62711627895751,1
0.8299874712499145,4.949925305172711,5.189290640169971,0
0.27493965109419816,9.23726217376105,2.893757896536128,1
1.0103611711298155,0.233958612762164,3.721354325682836,0
6.224040152387137,2.47830002572776,3.3300196164604055,1
4.809784596281254,2.7160877814210926,9.643037154088566,0
1.2022031221871565,9.76114680893893,4.713563449403068,1
0.8651388843275731,6.51719532279972,6.024036638887775,0
5.834812758725574,4.9486667511144375,7.714143209110408,1
4.270146519609312,1.485937434077832,4.575694224570856,0
9.278271788128569,2.9115416928242652,5.3263095408493175,1
0.5791300020030787,0.4358867446800674,4.549760646395705,0
7.019852649170939,2.797763874548388,8.462832278779066,1
2.3670275890012373,4.943613082175554,0.9992053691427427,0
4.0380596346370865,4.772288019916636,4.464209171518524,1
2.942088462894147,2.245973821442384,2.113717375357347,0
6.197833013099205,3.932212966503551,5.874115079124433,1
2.2810480927438768,1.6310400154175264,7.509392245802534,0
3.4340135388504267,6.165716608533478,6.823527928860758,1
1.2374244642556542,4.3240641223152405,8.335039440150705,0
8.602910108091686,0.8722599402206865,6.478223049998667,1
0.6044763939839881,5.645597572933712,6.397839760796749,0
7.950191889649653,6.833282125095628,2.1553384673960565,1
1.0650841887982454,2.836664916759446,9.474346620572224,0
1.5404949520452704,6.605622632909057,3.4291048847420216,1
4.300066404986021,0.5439553322847568,9.791922421509469,0
5.975817116218291,3.7426104142951635,5.715640857525216,1
2.232118987353784,0.926401974331249,1.1708271458145447,0
2.7596852847640196,9.725357229776156,3.6908623276139494,1
5.595296940660761,1.035218281082242,2.324025866280647,0
5.442726581671024,5.396465982137691,8.660100801570225,1
3.0808857473280096,1.6400732227296422,5.526386826548261,0
6.717143960131339,6.7173313439136155,7.5950365205309955,1
3.0236557177767462,1.0795532886321457,9.789642836967182,0
2.807992068823549,9.367918673634799,9.223510435045108,1
5.847434982498145,0.1587314476678603,7.312319923450282,0
5.8457132178950015,5.28133178379817,7.746124423241168,1
0.6857402156747072,6.401372736420333,6.578277548477284,0
5.192927862593079,7.15882976433655,7.0266935427181885,1
3.6271363211195142,0.9879259907134619,9.524820521690891,0
3.2346107257613688,5.0406160484338836,8.660760177750028,1
4.717229999832338,0.252429466483155,9.978894494871144,0
8.874464113485828,9.826043269432217,0.18050895426740543,1
7.606844741111654,0.11388117324806601,1.7581221913689604,0
7.2620799007976755,6.7909110597815445,1.1231543415209888,1
0.1951407446044895,5.10671818577793,8.585499144203201,0
8.787101050104074,3.4255639245288383,2.917766710726797,1
1.2621734258044892,1.9334142414221567,8.578230089712035,0
9.015830524532305,4.023403921354788,2.6088705944138555,1
1.9046779610927134,3.18277278494153,9.459575299660308,0
8.5029023653861,7.265130783975118,6.341661448401254,1
2.4868398146766446,3.7341739969131726,1.1536133444799157,0
2.717656232714628,5.847751691344726,0.8199268484340427,1
3.7742986576577287,2.6299348495775874,6.8927959547980855,0
8.352064274580727,4.418448100227917,5.2877144080508955,1
4.9605024494546885,2.5706757917970666,6.281887612704747,0
2.48866013563942,6.370841169360137,4.044466599019598,1
2.7003070566906717,1.1127801649751679,8.406535027243159,0
8.603038501614485,9.768384807807669,7.154741460457745,1
3.329012439489957,3.4129355505015657,1.5140116412818705,0
5.331397158070116,8.180104481455476,3.0002919778701145,1
2.6608908460776206,0.9676399118528078,8.630834352165106,0
9.787732301412905,1.286988501909524,2.0200353536829576,1
4.651372222374527,2.669083566603824,1.98157843730152,0
6.660584841834619,5.617247758787993,3.5234020619077846,1
1.5034692260375437,1.127033544663839,6.1896163971860645,0
9.677720301946474,9.197820898749068,3.6221065851708967,1
0.803447683983004,0.7660655800749239,5.491860068626014,0
4.060225042565263,7.841495320983234,1.089174448055168,1
6.272582230592488,1.0894238170781922,2.3039581780483473,0
6.436854219184331,8.124576477332596,5.268489392162828,1
0.9911279980677778,5.432381336347421,3.2170049287276203,0
7.987741591595054,3.4943515051733467,1.229210936485472,1
1.4686967443354737,2.2209008142620656,4.705287764651405,0
4.980461152015695,7.82270092359472,2.54244948169689,1
3.6142419874280174,1.9039513133760078,9.015244430534741,0
4.775019679985647,5.004078745841932,2.85053383046578,1
4.068498029072954,1.5624000859920362,2.398295478807454,0
4.9338890233250865,8.527638245696917,8.797952552266162,1
5.238326793922418,2.1586836429608236,8.328844421492263,0
8.042106892370604,5.380046995847852,9.991246094838782,1
6.248397563612487,0.007152772851242162,9.895250086053908,0
3.0212799917629907,5.37325467465291,9.16491569009376,1
1.106168603927593,1.5347506028251623,6.363443886684848,0
5.2002308198641165,9.635648614765804,9.535638373972297,1
2.0538393327101447,2.8723046811119612,7.028009313090244,0
1.8903451211475297,9.27588147881649,4.096786561974227,1
0.24042417358450807,6.5895921806733,0.8612228315127435,0
3.812771227157538,9.724331889186526,6.267413784323631,1
4.3104131228484155,3.627977637150095,6.514747114239206,0
6.901652257285674,8.159523254768072,0.11207313063852142,1
3.3028454855981515,3.7189092562454884,8.867149673265763,0
7.345773344028913,3.197523226062402,9.1021093891745,1
6.129645537653592,0.4874892632233663,5.152622185030113,0
8.556856513939323,0.28713521324072455,4.676304666287841,1
3.792025748031728,0.7507312329697469,3.1987830084326543,0
6.209153851625063,4.974537501230607,4.0327690869967565,1
0.061146989861795564,3.403726365942731,0.5106165293967468,0
5.767326689746357,7.861724773482745,6.357550533023134,1
0.8075536383345827,0.6775110267894779,3.191009386716458,0
3.53137132468339,9.061536577026422,7.75845239546844,1
5.705569526554236,2.2474459916544975,4.485828877936484,0
3.282266989936613,5.335875214795146,0.6065293258038551,1
0.4709972964960685,1.0277701277475082,3.329533242489818,0
7.999623258502244,9.802007565495177,0.7421476935617533,1
0.4023419806257056,6.475018209583769,1.2800303672782642,0
9.739916220615521,3.0706369782299703,3.3504000361587027,1
1.331075836560014,2.540789504633514,8.108226004541248,0
2.0229354899528373,7.867226278686496,7.900350338050716,1
1.3796554475329281,2.3242264532619816,6.589752381387549,0
8.34167628827884,6.814357432369047,3.7448656749028117,1
4.385682479945197,3.2383580501194187,8.012911151149392,0
7.686593016706614,1.2126073177445973,1.5419979873590772,1
2.2472873241128744,2.5098118578633377,7.012378557024971,0
8.726460150289265,5.351686789491991,3.140374823097376,1
5.7667299816534605,2.1149203167431816,6.089146127801483,0
3.400216745249355,9.369074150653333,8.317208704585042,1
1.853741199492731,5.760661288509966,4.569189589437456,0
1.8340675263102935,8.230807083547177,3.3964700428994874,1
4.853961836303311,2.4172197082879467,1.7504406260437078,0
9.197709888877213,5.589343623852077,7.507413551921563,1
1.2200918325389365,0.5552220592673651,0.5001646667317217,0
8.319401443589799,2.1028759533224783,6.140472833645436,1
1.003526933111506,6.834374327323589,1.9113111715935471,0
6.569578042008118,9.228296985491479,5.208543686433577,1
6.577535225362322,0.8461280879051303,7.8739538754309315,0
9.268006033047502,6.371919545431072,2.5505528257396737,1
0.593003687225877,1.2999844407243444,7.48835089071008,0
1.1120212213619751,9.317068369274365,5.188701044975684,1
1.79898580762896,2.8163307495912715,4.4750593771972795,0
5.220602746941967,6.779454567582517,4.466549088306686,1
2.9525770794573636,0.16126518202809526,6.030176887166855,0
6.253918249473017,9.216594881471021,4.761204348243199,1
1.3969464952618016,3.0068233172864067,9.769815924187105,0
3.2960943136159235,4.947838177378433,8.431679377649212,1
3.3305845004304535,3.9367682782267477,9.169128815334263,0
6.955455151391466,9.009716292664443,7.4924108797469655,1
0.1269527320278674,2.523892855652954,1.8352497424307423,0
5.020454642136865,5.971820085283003,4.431863150233854,1
1.3506049771901107,2.1204472488875616,1.9889296334637518,0
3.631983165201249,7.643955884233648,7.613854635532662,1
1.6979841054424794,2.0048713477914317,8.786236353925808,0
5.684883250795442,6.806426501235934,7.493460826091011,1
1.735065163517231,5.652370324042357,0.3207509992508606,0
2.5713981217796436,5.83327752029938,4.220669876069227,1
1.986681462831359,4.826185866896196,4.797518955887359,0
4.481707717594155,7.231271536016779,9.421491541054642,1
0.10377304910864193,4.711421692912019,0.7758882836012848,0
1.9463166633861173,8.715518313134682,8.363743564208985,1
0.7892694100677933,5.090500455795921,0.13521505263604183,0
5.795798199042885,8.559017704688184,9.851360305268248,1
0.03432066334660977,7.863947583368425,8.191438950256178,0
7.1423658978620495,3.657005357167975,2.1950413661136405,1
0.5894058104182442,4.252404244718875,6.831202622217446,0
7.265258586073675,9.457181499894286,5.701295090755172,1
0.48849055680503906,5.666044183910424,1.5548470713444806,0
7.136327572242516,5.812846921440855,8.426429863087856,1
2.7465375465508837,4.035381939693169,2.556844035768535,0
4.805914069521474,5.51017216752311,9.341866556762572,1
1.7623399486335167,1.2454663564023605,9.09538873848954,0
2.680133377169387,9.774242828889411,8.039603160059283,1
0.4971484034242102,0.4812157448490362,8.234342204153704,0
7.247031775564966,8.295615468398974,1.0181544947713739,1
0.5188610498588897,2.5555205123162903,0.21340958456481984,0
5.2838018282382,2.932763828397994,5.038837340659522,1
3.170894242826013,1.6318478364441258,5.524194542894656,0
1.5893147005967412,9.159480380851207,9.030384601939046,1
2.8346470961827173,0.04241975363750372,8.398965366367175,0
1.9338502887523457,9.239795303840257,4.885030761006428,1
4.004378526492563,2.1177653543774455,5.174732879495005,0
1.694403235541283,7.476932272280057,3.0436644762287965,1
2.8128714097521756,3.569571566496851,8.27826821649926,0
5.045659801863588,6.954151932293629,8.5191740925979,1
0.8506134018012279,7.1030583919344785,5.320448231897261,0
3.6518102365591156,4.625166034234076,4.202560124587292,1
1.2277116823577772,0.13149660682285513,7.137248003880725,0
7.91738899056635,0.47477653963925337,3.0368303278122144,1
3.534433340868064,2.049170981959202,0.304179126308044,0
9.329834955622404,0.27008822786339315,4.600676148176275,1
0.3139261542201832,4.695917395687613,0.1593197426637427,0
2.7367563004437487,6.402815947147849,5.684755534891428,1
4.090091904535561,1.9809039302967546,2.9859084184080587,0
0.5502653208129427,9.223182400990275,0.19896819908912677,1
0.993947485161355,5.455443234941608,6.1851170577643515,0
7.6389053040618276,7.640641457350657,7.720743169535781,1
2.748809586921086,0.5188553498805404,4.782819030529561,0
5.136752691958933,8.441971117525558,2.6341922285940376,1
5.516366691035659,2.239692300056957,3.445225499775516,0
7.518446437421264,5.427772181109676,5.398822823427612,1
0.6656770256011391,5.7762427113373445,9.027141106781102,0
2.7472710686159454,6.605948141173453,6.968460434893824,1
2.3313412391727804,2.5983237184125505,2.9230727418329225,0
2.767417141293614,7.707509925184474,8.7054443656481,1
1.7172257253229828,5.825112273711336,5.20167651556438,0
9.809727012406729,4.5490475925243965,0.9564552469307752,1
3.4630542725069393,3.06476756647411,0.631931045500358,0
4.040927601786988,6.72948187097135,2.77479344898645,1
2.654119505760988,1.203387716911316,9.917997436270685,0
4.92598649981384,9.180068496074217,3.1889300542455024,1
2.789288493366465,4.365076293842086,9.807659261940497,0
5.174513321807539,4.457405710986404,9.740573225644782,1
0.15109477391099913,1.0396074434550784,7.155171444408893,0
6.833626957060432,7.282680763208441,1.2877911438013778,1
1.6760699505737997,6.306802017249295,6.763672374794289,0
7.700232265721557,4.143943924017762,0.6547943713644511,1
2.12141443742913,1.6015647634019892,0.7558947852302278,0
9.283654277008939,0.07891328830706423,8.620600069226276,1
1.0056451512031694,5.0093491684192255,0.19894350831301755,0
3.8657587359555112,9.686745069761539,1.0167385717916455,1
0.961678548810101,6.302785196472835,4.161676086901367,0
1.141344217310809,8.809385825638648,5.506387639645617,1
0.15188300683858902,2.3404044954490444,2.7689211989280493,0
9.522846306015033,3.1684563387680766,9.797457818623531,1
0.7716616897519535,2.319553463666323,3.3987812539983664,0
5.268662500127302,7.53099017541913,3.953829721089778,1
2.6153788484750216,3.0623299334296528,1.2857372856970295,0
0.9715714111713436,7.940096685819732,6.362550132883361,1
0.49225739456123296,1.5322322645561748,9.049595975128154,0
2.472022155056882,5.648391354773272,0.9454098521520049,1
1.9751809927680064,5.6420978879187835,6.633717316608299,0
9.726824081874172,1.8273023010520484,8.562751950358296,1
1.1490968069620788,1.6146012291106193,8.00933289716003,0
8.175758197927559,6.106675494704685,7.9954981804055505,1
5.579657100758569,0.08455007777498413,1.7296770601910316,0
9.098756654563626,3.9733056202931403,1.0904996538077993,1
0.17768190520588423,5.689970520931694,0.6492588079767747,0
7.695312132867497,5.483792529957813,1.2582333312608474,1
4.268554251213388,1.049898746015353,8.600117227468427,0
1.5142487242842262,6.882913384799492,6.287296411450406,1
4.60217918994479,0.05633127410278882,7.731145396623163,0
4.632888861803341,5.159218671340885,2.161436898855311,1
1.5577561995887512,1.2949173718988238,3.457829049593395,0
8.325785834313518,1.9248493482409768,3.553042326551555,1
6.089375394112776,0.9747538908048592,8.199997625783034,0
9.923347437239617,4.298529458997339,1.6371911429104824,1
5.26262347292429,1.5635910828197341,6.764369897411074,0
4.459169517747351,4.553954321432432,5.201680148236623,1
3.543285497030879,3.699010935077217,0.27185750792024344,0
8.53969467119584,2.188299089778841,6.1497869072865186,1
0.17858540725766314,2.3139604362699595,2.535738532841326,0
6.66600949693401,7.8437464911431345,0.08263173996912565,1
4.27962065166567,3.6248411955181883,7.0996811882579784,0
7.193624041584287,8.577231989666258,8.965070457173146,1
3.173382468763404,0.4991431501485033,0.937695274500725,0
6.031498731869292,5.1268172873137665,9.921616623319611,1
3.8378931616726994,2.174778040117946,5.247764433047508,0
7.627812810661153,0.7900388194884678,5.607748087449547,1
5.760199669224746,1.0645361526912112,7.934758706649153,0
4.36102311062325,9.116157317080605,2.241405595494955,1
4.361989727610168,1.6474869827161942,5.527640563376764,0
8.570043141260614,2.742710938271796,6.626515236102425,1
0.24116372031440791,4.38173297715894,2.58913716310175,0
5.14018833397064,3.985425565179579,4.1221305172184906,1
1.433194479456742,2.8651050572010206,4.371041392216877,0
6.390932069181522,2.586619853932982,3.663787925045663,1
5.920291806293881,0.8603924430107834,7.504728748733427,0
6.82924683188066,1.636832294713364,6.80503867749307,1
4.227831300626006,2.9216623857359334,9.216325521097806,0
0.5491451068921405,7.760966796067342,5.872593005583077,1
5.237407426237702,2.364490962184128,6.494124998106559,0
7.370331630469535,7.821070377525981,0.7979007126639714,1
4.527806490563498,3.2168382466271095,4.54862420228209,0
8.030375491375707,3.2836446638183636,7.231357242369629,1
1.7055031811787258,0.00375155520435988,3.530072374304872,0
9.367003027305238,4.173930577812738,3.4207720324314863,1
0.4756780067833444,5.908875529950441,4.444769805373463,0
7.77477528430771,0.45410069104632855,1.6866163391748334,1
2.3193639063190363,3.5385729440663836,3.5176624285394142,0
9.913281889909356,2.176225757433655,4.35673124297748,1
2.0467406401389865,2.596547932907647,1.0443323559553386,0
4.762112022653811,5.4627181346677816,6.3464933525451315,1
2.4084668227050585,4.576386147423844,5.36394842051536,0
9.764256246290483,8.839581956028299,2.9159549870278534,1
0.9284702527078947,6.536937597301982,8.88509967829622,0
7.39403212025724,1.9762105247418127,1.713095254660767,1
5.339446162031613,2.1911795594894135,9.287973182569381,0
7.085618374672857,3.5518537910953607,5.557879165771688,1
3.1516909488965528,3.8282469851590384,1.8853237841889359,0
8.38379822847147,0.957980399916667,1.3389175206711823,1
3.122613741715181,2.3753269638401053,6.384648397150286,0
2.6700136452492176,7.164443617861442,9.845297082167276,1
0.9606179378341695,2.83077766516018,9.760617529696086,0
6.554023633670248,6.908578436810505,0.6645482908022649,1
2.01519482222285,2.9586884849730657,7.703636329662542,0
3.6229878641436972,6.182760180184182,8.685668037334358,1
0.21363055768063854,3.645103892790024,1.7470600151683269,0
6.104283057377998,3.01393760038036,2.120692844256622,1
2.463131449456423,5.08807737555363,8.647918361549163,0
3.9621542314665548,8.731163034909592,8.066789989845581,1
5.080778224906686,2.2994121727770356,1.1938810838863179,0
9.8288931635123,5.869948396940137,5.6982895450612805,1
5.253427679471113,0.7425235657361784,5.65989514670711,0
8.654512082037321,2.5822222457034094,4.063379218327325,1
2.6150688064289374,2.3394894651038545,5.13991392755867,0
4.058265554456943,9.920688234869088,4.152606920803848,1
6.495937540872184,0.5492108589386524,1.7246029944511154,0
9.073674041854316,5.636727306800137,7.280095114725887,1
5.62371043294462,2.2434457332693936,4.762609033430277,0
4.295648158010391,4.53089688767501,4.93522186133868,1
0.20491953630113136,5.707844727213515,3.839249295662006,0
5.705540059592227,6.001286881236952,1.1767562202411963,1
2.856297445680317,4.587727269844941,1.0104706819954556,0
8.376044654619069,3.3814703365337295,7.770862075102459,1
0.40624040246078463,6.843620962124238,1.1868009687884906,0
8.916508899600569,5.396002816639024,9.9582515431291,1
2.8662136694676965,1.7698663672529968,8.589524804521535,0
8.746056715578014,5.909402051564127,7.153686079191753,1
0.7377198489424497,1.835828529606509,0.8370528606679362,0
8.363813460044057,7.777887398253549,0.7284116099587268,1
0.14847425600096997,6.484830729180145,5.112947972600217,0
3.6663855531601843,6.819071893596381,1.1567324089206332,1
2.8324509770680795,0.9978723172113779,5.280755120483505,0
1.3787716976050624,7.559785105571574,5.136776281375823,1
1.934554812109086,3.2867138450427302,7.12277654035005,0
3.115785943947391,9.352258713727553,9.974382000342455,1
2.3357640070684536,0.2703015659954444,6.503798539694499,0
4.192558538959979,8.911852895031926,3.7011030775511378,1
0.7119009450522118,4.989574610973838,9.055831261424142,0
9.498210319136614,9.221426123462864,0.06639648166113843,1
1.8026913496430064,3.462345659428406,3.6506732278277463,0
5.794575063153561,5.969647951165038,4.862079682298901,1
2.949747699099566,2.0501837596331574,4.630403671398088,0
8.945424209479963,4.027423008886518,1.5104120990316394,1
0.7466815858550047,1.6388106353445053,9.828417812758461,0
5.262949324766636,4.9406248950016804,3.77873037191904,1
1.7931965760427715,3.816124549069321,7.071022361817771,0
8.210714958030191,6.861603190499375,7.621883626387866,1
5.820620866407117,0.5141193480020223,8.576034944636728,0
4.886024306881906,5.529593072848531,3.0109374611479334,1
2.5832579685742463,3.6405572620289672,7.141020191256747,0
5.112593820761501,8.881370009611008,9.072537979490324,1
1.8890248660218079,1.7948657756380515,4.4491346703873305,0
9.904410481718767,0.5890449244867391,9.558425485363358,1
0.4905379057287773,0.8394108403967993,2.663533528479527,0
5.786982282999041,6.865208876081354,3.0883594088249944,1
3.9176207565613197,0.16590538873995753,3.699018712720151,0
8.613928826696359,8.075210473883258,1.1222515087190177,1
4.489874066777823,1.7751843275636026,6.210652259055934,0
7.190832024699535,5.054055526339426,4.404688395007885,1
4.4967368638023135,2.909910527594488,8.327064862974712,0
3.2590400681155174,5.252429215236375,1.3131243186541253,1
4.9470588032488845,2.0988177422633933,9.898510765249164,0
2.559382648324624,7.973486377970579,6.982322636937669,1
4.990586756934463,0.3617213809799047,2.606189753607514,0
9.311156535216316,0.7946783732182661,7.829380414512271,1
0.16293396696346218,5.8151254628217135,9.081625820061687,0
6.695842917423396,3.476402903515168,1.4903663720879812,1
3.3362440579843566,4.1458489718413905,4.236972433115644,0
6.383260788333901,9.448749025875467,8.450752417361018,1
1.0394536287837886,6.111412761164681,0.49598722671310713,0
6.500191213096654,9.060877521079904,1.9571446132295955,1
0.7856895952997822,5.582697875852968,0.320025155630419,0
7.219443371794403,1.4722200757394244,9.83693494694942,1
3.022710370504935,0.5878692115265105,8.196714670288822,0
9.077626561670805,4.436003684234926,5.12597034972781,1
3.543853544829939,1.1384052435090486,3.5188840549649747,0
6.437226283694006,6.422762140488426,2.444015016759067,1
1.8588283609102063,1.9246516585750217,6.423791475789033,0
5.091941819209228,2.9189329371891812,2.6426101234022283,1
0.08794355266556919,1.6236336113099625,7.296427544388249,0
3.6837969313448693,8.414258985295946,8.294994377628997,1
2.2719855298935645,1.149445055476438,9.518648405531811,0
3.6073079671897954,6.638500697604599,6.004785443364131,1
2.522977299526742,5.44332859571774,1.3474356276163402,0
3.594701290426231,6.001983668472459,2.443433099843033,1
1.108289847848759,1.3491318725526513,5.958438762449011,0
2.870596353563556,9.417712816766707,6.960740760203834,1
2.3863488433560356,4.425821456517199,4.56939106393579,0
3.4620664819171045,9.16519955121845,6.385580876951113,1
4.563024903242303,1.0999462657945103,4.68866496056536,0
3.3527120856603263,9.543477676258066,8.287925928143437,1
3.6717026835789635,3.3772281714390138,7.062205603856063,0
4.424083373233179,5.505966209039257,3.6265945323514357,1
2.851568959384194,3.5571426763186578,0.7583760723763233,0
9.964076645176364,9.028306841509774,7.25110056460629,1
4.969913452598945,0.5204560792373658,8.567910697193756,0
9.7026763450345,3.6601524575034503,0.9647288532436893,1
0.5007655804359368,3.275997058014876,6.138793349456673,0
6.324972403648498,9.806785155295145,6.502915100395468,1
2.0927222889467636,1.1078084075672645,4.804124071200552,0
7.3482700138037504,5.542190224865151,6.12841797938783,1
4.902225255714008,2.33946595933216,9.691135256272382,0
3.545182430967273,8.466067191680857,0.15005461949249121,1
3.860783328969571,2.023692097276515,1.8133386055906597,0
2.453210332616207,7.2941111040813045,7.354079701856233,1
4.839401134528833,2.7420627061011746,7.671097853449429,0
6.950760060539013,4.91787672393163,9.530753224976229,1
6.250258876019213,0.6867492439028222,5.807721966350879,0
7.9507006728122995,9.151793597345497,9.336063361659413,1
4.974540345221459,2.5269881483058665,6.204573774409161,0
9.243098947252221,9.133512139027584,1.8240447092496859,1
2.2724382062017656,0.5848864204438542,5.400096724785113,0
6.290508721028445,2.8181353709496024,2.5610048904294445,1
3.3570304930281303,1.6201226082035503,5.209147890422816,0
8.293250918520775,0.29731831945421394,4.834840531682727,1
2.175321626428551,0.12108785200874994,4.731722477168873,0
4.966270547616082,9.9463887319518,4.651402800610591,1
2.743792381132798,4.6681115570638205,4.5300558155209405,0
4.6438294626567265,6.229521855636877,6.569365486246225,1
0.2962986218050956,6.431315310347301,2.5930802886432227,0
5.135906762844766,5.361740132905176,8.882874856465785,1
6.627255087945381,0.7562662153831801,1.78186427269593,0
4.9110820470175405,3.515026766859579,2.490362667796586,1
0.17719549700154547,1.1217478714320483,1.3215136682933781,0
4.068551329773674,4.3348272081563355,5.8535328186330124,1
5.678282610059596,0.6666664636367248,6.149469628752749,0
8.992099658449202,0.5805691784915645,7.093583138082231,1
2.052723342632347,2.8047898236111357,0.6656619029774757,0
9.473714915568474,6.278148560400999,3.443014446274356,1
3.1666272989707798,4.703485912263358,5.54693502763698,0
7.559447498482652,7.002880890893179,4.4812422765096045,1
2.6669312486723373,3.208472484426488,7.577694191734345,0
7.626593972760247,8.18967259340278,5.032022107735337,1
0.3558834506779718,5.6838933899285795,9.457779380181327,0
6.337924126774799,5.537767303054019,5.2437216546079215,1
0.19557821954980792,6.4538332060550765,2.1607014070773864,0
0.49066726706025077,8.235053665202365,6.913620316824271,1
0.36036617922987957,4.56336988055266,5.996930029946367,0
3.415991981906031,7.484475374876519,5.009597881354767,1
0.44700993267896894,5.164084876458523,9.07437172720871,0
9.46172658550815,8.211488553107637,8.754576270448908,1
3.214056730298176,2.2846160433608875,3.075629546248951,0
6.820421421813956,7.042301098492142,6.546980081519742,1
2.181168229867183,2.4599962285039667,8.954324284433358,0
5.977346884057298,7.050164803270259,1.36907098468957,1
3.963272419829474,3.4189834838823963,8.286847035052991,0
4.22093756821325,6.721650487630653,9.46915676283967,1
2.4608625193800435,4.941776162700182,4.71829044240806,0
3.045381595711717,6.199932618490324,8.466841118250025,1
0.9667623476529474,5.633502363342636,5.740575189655855,0
5.587664288417615,5.9571518250220965,4.110769259597195,1
3.3958442179009274,1.1057702261181457,4.275289231742861,0
9.738382044519314,5.228131241504853,7.2050738026910155,1
0.6540420131142144,1.4361444712975224,8.68098400518729,0
6.560085416237865,6.162960962686519,0.9955446071512242,1
1.0077421296417177,4.145053839533485,3.115171037809039,0
9.260960923445523,6.5747111569860595,4.619101935129483,1
0.24827127887976919,5.572796446625192,1.6417398013926277,0
2.8403000405400736,5.786536203188724,9.106543646069529,1
4.243704694768002,2.5466602191860597,8.878942710486871,0
3.286823400585398,4.798726549468661,5.6337128485270025,1
2.7888404941658718,5.210856786007218,7.693401581331324,0
4.881872041826614,5.477066210872804,1.736214448079768,1
5.109943148840184,0.24227376188573957,1.6068760418621153,0
7.146876377921545,9.290447846584192,6.051944551648799,1
3.9582446013304597,2.4792468631970097,6.653487263331033,0
3.4420019314935546,9.367466625087312,8.647985500312029,1
0.08376790282371926,1.0973891521983592,0.8824727568267143,0
4.534871500956664,7.767754695404357,0.7919399507264857,1
2.016797306038539,2.631224455289015,6.911473407773809,0
7.088574978678322,4.160530684243425,6.993300382891739,1
2.361772128923725,2.2224302052016434,8.309830375853261,0
3.2380045741777606,9.804352914524511,7.2627347919824805,1
2.9903331563254043,3.622314178746857,5.4279761441026375,0
4.21034136333855,6.444468057595872,7.52645298233087,1
6.221474222609934,0.5528449458957285,1.8906363307135943,0
9.044431237893637,0.9560369009849934,8.822876079034485,1
1.7041289415236205,4.37538458621373,8.449881271985479,0
4.867525469923826,8.921069663328387,5.8244028308860685,1
1.0570865497609438,1.0487945990672032,6.004614076856737,0
7.320469404139056,4.7346031588208595,7.038283312500293,1
6.0215369047183245,0.12092727678460813,4.965933459085335,0
9.812095140366997,5.658733747532895,4.943305568848317,1
4.170171666810727,2.0054849990216828,9.423523341965245,0
3.084324812704058,9.82130705848256,1.8957500202335542,1
1.2032109193733243,6.599797643054975,4.940212718028886,0
2.989919184555143,5.709507320053473,5.890432685529174,1
6.243812145674596,0.6836516500088385,0.7179210788186152,0
9.599876986467828,5.458663631142739,3.455594646568745,1
3.693857907467203,2.90901029272967,4.5685641608109995,0
7.586001556722712,8.640302963644466,3.4375532648340554,1
0.9590498841151773,5.601272212944074,7.861044841307191,0
5.9177820561931185,5.392739952604442,0.9268259934210021,1
0.7670230387485566,2.5412911460524645,4.14785832164967,0
9.680479969431921,7.497765019154134,3.605019502305936,1
1.553539020077599,0.2376764997873193,0.817391807775466,0
6.536743854753073,5.954227104014764,0.2613208800196398,1
2.630379416689167,2.0873464763662253,2.4313950905443846,0
9.924750308223274,2.940729506290889,7.2371408403842405,1
5.239323108547319,2.339688401914958,8.635694636049804,0
6.909830874449661,3.5938763969126053,2.273296436181252,1
4.562935055176198,3.4161083708337547,7.853459036778531,0
1.4819941646695411,8.099990414301331,5.6317757983849495,1
0.5871629150999613,0.7626963212737226,4.564719580848239,0
7.949355800662944,7.748467623562828,2.5169471424853596,1
3.74960487702804,0.4869818590677488,3.709501215297477,0
0.6718048846849645,7.371036550003457,0.16066027383277115,1
2.6389180210254928,2.823944822694772,5.144049208796694,0
0.8115033037515307,9.816167409781292,8.933370197177302,1
0.8062618080188733,2.686106294433932,1.5302477830715555,0
5.246675445692021,8.301762003878185,7.083331562634219,1
3.386247829554768,0.8471541099033653,4.250607423354067,0
6.565785361122858,6.558323158934,7.253874899382567,1
5.873901847024804,0.7800658639945091,2.974735945378172,0
3.997390765110037,7.769644535202999,8.850659387374384,1
3.3423706953443553,0.5086114070435555,3.020455000254272,0
5.11233784048849,9.246110872122134,2.367842861844105,1
2.8928620430067165,1.0827953807518342,7.562136411500577,0
9.835598477991798,6.146658362052174,7.9462275049542725,1
1.9359361776715445,3.1031375631488958,8.050636865313514,0
8.136040043607188,9.534003310521042,4.2991943104186365,1
3.4766538458803655,2.570569119007491,1.0682652905588186,0
4.321142866079393,4.009557354893893,8.969582016837512,1
3.5661914942293906,3.5435409792632067,7.239823913512109,0
1.7059428351133976,8.271967394305078,9.065765305663724,1
3.2296017387587694,0.3547182334983823,2.8143588743588888,0
7.167140594537235,5.90724245367236,3.3245347409591695,1
3.962960901093221,3.2062817443461533,6.742378484671,0
0.2521551055591642,8.73244351959435,4.916325157802804,1
1.470659100805527,6.384319511604879,0.3507476258691944,0
6.807959010870038,9.393044966872035,5.666310437468435,1
5.9188928950246265,0.4524117089662705,7.245776553021104,0
0.4918967733053259,8.841767264284776,9.095082971485638,1
1.7000736365672486,4.300944191573346,0.5171166369229807,0
2.7516355271968687,6.020019816824961,8.919801246480283,1
2.1132600327883697,4.769047686131113,0.8223435656083267,0
8.992340515782049,1.7243879419243069,5.860606325964866,1
1.3981351665146313,1.2554288210716225,4.710199221773418,0
6.532882254056225,5.601941613662945,0.781692358735101,1
0.4724933752496885,2.199575683101953,1.6778753827956505,0
6.579682133561756,3.1172048427924115,4.75998777775097,1
3.9902568958084963,1.1828575015793197,1.087271321565616,0
5.242457489442311,5.29254805132126,4.7481743888081525,1
1.6041394873912174,2.4738988530710038,9.132432498820041,0
6.611525289761547,8.734173619299273,7.9429178052287055,1
0.6051035143939432,6.531199013039467,4.0377282248241055,0
8.336900472950902,3.3694763174898865,0.6736980163709694,1
3.378606802643125,2.50441436758131,1.7196442468150852,0
9.901331250918183,8.348185987939154,5.926091477302357,1
1.0962521100409284,6.393857596534177,8.345192268204332,0
2.0101406740679395,9.328027882684035,5.228833954969919,1
4.080577119383455,2.3290700265753914,2.210529518616272,0
6.581636683425145,2.611500800016311,5.816563563864369,1
0.8490479507815785,0.19092139757824422,7.105662714061493,0
7.664599011606183,8.103508730923053,8.22593107515646,1
2.778240662848602,2.9125227327344048,5.679785206419923,0
9.622751307426347,7.4341128037141155,1.584205136660346,1
2.7143215107923258,5.0433926059331,5.890590769575427,0
6.986973479167168,3.2566412642244935,5.742091638809116,1
2.820190690949811,1.1296970443627485,1.8231783054216366,0
3.1051831722210146,9.35563668619483,7.680773815451374,1
2.1418601493279565,4.25592803207297,2.087457351160001,0
3.5501064048444233,8.737575692213198,9.986773729162513,1
5.234557905659396,2.2728888790370663,6.984983154652403,0
8.850212829419625,2.359749155730113,8.203671134134343,1
0.3879492734279921,6.688739175931794,6.566171485178842,0
9.203486738671206,7.783873409665329,5.3927195677106585,1
0.4021106601642699,3.456117090112648,9.459310346181656,0
7.830012295103809,6.9672329911499356,4.308052800124801,1
2.8315211475552458,4.528765173382738,8.63223566301215,0
2.2593720925347993,6.208899801006838,4.977347811928104,1
0.26598149975590624,1.2859951673708914,3.401918132427629,0
9.791060980636628,3.849594138697264,5.694603741628358,1
2.072875688281246,3.392554375935992,8.993073778641987,0
6.918748629467415,1.8358764611917844,0.8694108287578239,1
6.617246285452594,0.4613678118018594,4.059151722167559,0
3.982476496225147,9.829218040411224,3.0609824007489514,1
3.2893303139330756,0.7536312248054933,4.182051161024307,0
9.682850046473204,5.527080340515451,9.729608647858228,1
0.0028311652439949597,1.9004012293576944,1.605668421133648,0
8.08988167277714,1.3362362579828524,5.800534298840495,1
4.879549703981132,1.6773252931921956,9.82734591577661,0
9.34938841512681,7.748824024015092,0.6470728853497554,1
3.189915081967235,3.7138522011414867,4.995706539474799,0
8.035005669506809,9.361340202279504,6.834341236390503,1
0.3343544229870643,1.37275054900867,4.103366087205535,0
9.56658444490444,4.837842024740388,3.4852045940668708,1
4.879741632212063,1.2916956398122248,7.052131142383972,0
6.293394784112378,3.0424196642604895,8.946331745747877,1
6.073156232176565,1.4545303226070772,9.700360472462474,0
7.5313091914634995,4.160788756009604,4.236785021990905,1
4.963077883495793,2.555289268924601,7.563619689310411,0
0.3004834667846046,8.534796522432853,6.281406674784353,1
2.267916760118842,2.218653532245256,6.660373667516875,0
3.796848836561282,8.777249576670862,2.949160471553948,1
2.1892829177103055,2.9565202720489325,9.144068424529909,0
9.457540990791768,3.41756867328582,3.812289851628936,1
6.622898955313914,0.29157302061605384,0.4169600865692291,0
3.4776776392112643,9.074009567368865,5.7064826147610646,1
0.6012685749705882,5.7673574370989025,3.039648620594002,0
9.056172418823895,9.4035466305535,7.3869797647202375,1
2.896923494099145,3.4611387062536503,2.0321704357627643,0
4.344525462414963,6.364920736868744,6.438398752023273,1
0.11564065582503003,5.704960482743013,9.93834435669565,0
7.734477506111125,3.1803640215331317,0.9483918937718527,1
1.8582246155615412,0.08021779787163563,7.668680668772133,0
7.400405467247902,4.921576128976889,9.03108165063761,1
4.343386523501451,2.4056869815146475,6.187064730462696,0
4.2629950086527515,7.525070411136616,5.92475544906828,1
1.192962249551428,6.46014966672627,6.707162280009152,0
9.117824614476467,9.309064498073017,9.009585255377772,1
1.3552079477612622,0.5179902334365993,8.747478234839432,0
0.1871696522607713,7.919958840106538,4.445027709018116,1
2.4164648307439682,4.836156282412074,2.211447053474002,0
6.512847605299861,8.527031211628922,1.7057159209383665,1
0.6489387790626677,3.5552686744587456,7.370998015080986,0
6.5747767991246135,2.397416437762997,4.6812834559228245,1
6.102427946018817,0.8231964289808436,3.517316151991714,0
7.698108725295926,2.4903833213449103,4.579531216191313,1
4.256686552680286,0.236685429958714,9.405662994891044,0
8.261477633042558,7.7074183972364265,8.934020834945413,1
2.655717175512722,1.0344996718056887,2.0400712302090076,0
4.227447211455447,8.876197029094792,9.181740116190047,1
2.6730675485518542,4.549432429681025,8.408352686431364,0
7.1898018311982295,8.19895786407234,9.405785012217123,1
1.553481915882654,6.3232750787127765,4.22622845613354,0
9.170306944829692,2.4344425929361835,0.20129510294922603,1
1.8912178056109163,1.1371722223216352,5.075975584839581,0
8.666859891587118,6.003218495424853,8.709448465683229,1
3.22826441865244,3.448560513164032,7.640907816971685,0
5.243371238709037,3.6620804960443487,4.648931976713508,1
0.7490971734075891,5.495243256949789,4.309828766875436,0
9.925979655385131,0.7070223697155364,1.3093612304041469,1
6.388233159487867,0.12722401747082945,0.5670648750266416,0
5.4750614911838955,5.1597120933640355,0.8818368877805471,1
3.1985407637133365,4.689971279752436,6.003454839309221,0
0.5444028681078572,9.245249628439492,0.2058846751326293,1
0.30769789807627346,7.463253200950113,2.437993030059337,0
9.18534066638699,7.196557979501081,5.913200744038679,1
4.495431761565505,2.7888689139305,7.281910655164162,0
5.5932344195199715,6.421108907608348,7.65358995864677,1
4.719642439719117,0.5358288839439473,4.492131517878381,0
8.907614421760936,1.4802145789871801,9.328041670577518,1
2.7492754404423025,1.1386075623518022,3.8546631518205885,0
9.302862965702346,2.8522780223881394,1.9867541805861788,1
0.846914222827333,3.8687207214911643,9.280269328549197,0
7.290041699934019,6.781139759356456,2.809100091493333,1
2.2106602323781885,2.448223030565474,2.308131210236284,0
1.7368785880462645,7.275892806335646,1.107905439859287,1
5.941963566619542,1.3322818124003466,6.985284113554432,0
5.406637710257733,8.412392716675052,5.457122011989137,1
3.606092869104416,2.2486943320539723,3.35478582072003,0
4.47585201557289,8.978465488633097,9.032551818420462,1
0.4795960825439649,2.129377654163782,1.837438520801502,0
5.4600661235822345,2.648020784119037,7.0793871947412566,1
0.6612672885558613,6.366400782855669,4.4078346006115146,0
1.8961145274040714,8.758175357636233,9.482712604830368,1
0.6469008285350064,4.924264080093376,2.447436479742411,0
8.77324416870296,4.180381769717125,7.715629206264769,1
2.1415691388291647,2.3548707969924063,8.140440228558628,0
5.146426105459515,8.593645534544132,0.09830302151002668,1
0.05078953356315696,6.658224950032969,2.7212241591643416,0
8.05181745863789,4.661953235009474,3.2063207196356136,1
2.704167836026122,3.303967952645077,8.035767483649096,0
9.070336761049102,0.32440921264982214,0.44330211119234186,1
1.383724992246842,1.3983036566920226,3.6395417531640994,0
9.964567188556401,4.636107058082476,2.3004438514362304,1
0.09495773829756748,5.0533707852574565,8.597203940186036,0
6.5319480244911565,6.9328430538696475,6.192370921339294,1
4.2447559940286705,3.1648075349460294,5.204487317624262,0
4.938159820291505,9.742106222692495,7.790427314523764,1
0.25606478863956394,6.836278748757389,6.677562257622881,0
7.570872325912838,9.226323640210865,6.590133835881421,1
1.5298461808036867,4.229477171488955,9.61913704597129,0
7.247624848729793,5.960439232420547,4.925404428117869,1
6.438014424111202,0.4436051805251895,9.164511485883901,0
9.80595270380961,7.696658025619463,8.739908195063682,1
2.499450112099326,5.102842902195549,6.365883717828506,0
4.987640556972136,9.123789983929356,0.8910484324924883,1
4.101949042852225,3.1959036537556385,4.165070954614237,0
7.05923789154143,4.849200414255974,1.5689090387437887,1
5.196966718865843,2.7320323715606065,7.3349308854254724,0
8.716558604612212,5.027756544866115,0.26672507108031374,1
3.3965801864868563,3.8258359517887817,5.894076021808459,0
8.307486086842195,8.345563179607256,0.8785835948205445,1
6.349051310564126,1.0603462786623308,5.082411551386973,0
6.549886208162109,2.608815610011419,2.248634559006306,1
1.131966457860255,4.401214702972952,4.654647541645405,0
0.9633981504898537,9.164482345153461,5.31216926085645,1
0.1744737017825937,3.7163282212891047,5.541206457760719,0
6.784964398118697,4.35569837856543,8.857159009822862,1
2.884786591397086,2.8994858205146756,2.4616410748021202,0
9.623229277877211,4.30778161126645,8.064176009171058,1
1.883043168826185,1.0910126459121405,0.8273340547297126,0
6.301772328187934,5.953355581880672,7.938276472075492,1
3.514597595399953,3.102201657041763,5.330974547849191,0
1.3738484509041116,6.67078664807418,4.847248046272794,1
0.9819263437842229,5.39529890429468,9.293193983991232,0
1.9972830510722395,8.961252753906638,2.6068345268500357,1
3.970260297012893,3.034474714958458,4.754143439403798,0
8.912380956098888,3.139102346282898,6.469437671307302,1
5.040971038994177,1.9978437444490993,3.6706255608397043,0
6.359936996780754,5.95963404329483,4.333722525960275,1
0.9746139193364134,1.2640784936951155,0.6539554848703588,0
9.7217005302742,3.750300279921701,4.602396040828507,1
2.987187869938861,2.994757089311204,7.703560977799947,0
8.250343781536046,3.2330656360553323,3.2551701593813753,1
3.9919289960173545,2.74787697502461,0.37126284953770794,0
9.493374192626971,8.56247264113475,7.710331506999956,1
1.4388632422584025,3.600501184838778,4.05583958799567,0
7.479555565629137,5.379052417988653,4.664371126124519,1
3.75864279809572,3.2498540351532377,9.998337916654954,0
3.350738252325537,9.331482999926251,6.515379071410004,1
0.7119266074745534,6.140197937000275,5.29711718766969,0
2.8640403826405745,8.568562536131187,6.605042980529379,1
0.47659749536105855,4.66854152412728,1.2672220296913883,0
2.781691863513286,9.224640178147768,8.495801334828666,1
0.7178916984161909,2.409294420046474,7.292158627482811,0
7.108401953205585,3.6788456805333167,3.1459739085535556,1
1.2825441886015643,1.7253252118319218,0.95394844280279,0
0.7912621497975647,8.159167164003357,7.131286143297279,1
6.28858541633094,0.7652908051091345,4.317927461337609,0
6.053461864395651,2.126179078923477,3.5516473253929295,1
1.507247222450051,1.1940734201010106,7.798411624944118,0
3.3863976551031327,8.318567751359618,4.214269139084859,1
5.740761450024264,1.3490402822477077,5.37297540253319,0
7.568874109156552,2.8550528061186595,8.345978045718807,1
6.366256147039896,1.1929361433513097,6.774309239603358,0
1.767672731720279,7.61437554254726,6.662646398741496,1
0.024488944732485862,0.5364712620720002,1.41110252662343,0
8.242090665755876,4.981521761807443,4.9359823198067065,1
1.4180915404445527,0.619862993784509,2.6965465337835237,0
4.691419156293155,6.1219584126395565,4.308803331914533,1
0.15695655435187805,5.470825693338921,3.4093990840321253,0
1.73973768958805,7.400827667966721,2.8970385400922583,1
5.527521158201679,0.6425606156631203,4.25864963558813,0
7.027851827964796,2.735253719058143,6.490938494663662,1
3.667292406662578,2.9102038796998597,5.03114592353556,0
8.97055671645867,9.562001314103988,2.082334472596691,1
1.145958001469195,0.5770108225532244,8.075294927141728,0
7.215969903588572,0.9459583185238307,9.512083217037388,1
0.3375957598806334,6.719456064803005,9.182360823087901,0
9.82220736320273,5.707906526260887,9.814565900296394,1
0.6938771140832101,3.563544318265406,8.295359490349082,0
4.877976678507718,4.960648699713501,6.373777807007853,1
6.770290568713503,0.35386977265763564,9.335312050852036,0
2.955771377958334,5.884159645366164,6.9164895316241655,1
2.843493247015383,3.0797077273546614,5.021908800187623,0
7.913522889316158,2.3099915614658673,4.029084691952636,1
0.4029123642309973,0.4686197605734421,7.2557270740856055,0
5.088158248971471,4.022068510020386,5.7175138123831655,1
4.2337218421964975,2.7337985502457904,3.036161270785087,0
8.981734710019545,5.308697059546093,4.926930065229111,1
3.1014995863427206,0.20889126922476242,9.824423623106885,0
9.352199851272333,0.3754069685861505,6.2431700865324435,1
3.235747888124746,2.874333988107444,8.231375022635984,0
9.507617160887902,6.459345783439854,1.6584166559780622,1
5.3876463941222275,1.9405707995767485,5.722274217199267,0
4.68943554959044,8.001776544754028,8.012583983705815,1
4.281280516261672,2.4846252802240287,7.997335285741091,0
3.457816304537994,5.653783115900381,5.9269873502074075,1
4.222879347883777,1.0358813311339388,1.6094854612914677,0
7.944251091709936,3.307225213277593,2.264635355586698,1
4.158410684119138,1.2701080356330408,2.0963115681667133,0
5.385767759855486,6.5100292185440924,6.811601261252106,1
1.302207300220941,5.613075068692092,5.366170293398617,0
5.648182206548146,9.235382171258465,4.215450739594358,1
5.71285520180448,1.5713389721766202,1.297361662666111,0
8.86849373562367,9.676122064703595,9.18487279035752,1
3.838945964424897,0.3698363358560419,0.07852942609702485,0
7.808133299891132,6.682314962838025,5.792501079211676,1
0.5714155724353742,1.6507870051638407,3.2870244387249103,0
4.96464428244361,6.56852398528188,4.259642121696585,1
1.1215132604263112,5.915400494177431,3.404380825952501,0
0.02369211659090209,8.254627342962298,6.326346276269575,1
0.030236360082489533,0.631390971534338,1.1108322970418827,0
8.63007008493553,4.775787262761758,5.2212907148704,1
2.790585539660225,3.8732434809818104,9.565691523744206,0
6.90492351094627,2.8152435972055967,5.270371382454448,1
4.414150024511501,0.46491828187228856,9.199462819292192,0
2.556255295922052,8.020875348133607,4.204976426828408,1
3.7068019683745956,3.0707106053027466,4.847121514393801,0
9.056863393961589,1.5116209899595612,2.481033839348493,1
2.249956492825511,0.2579993185707319,6.856445135867696,0
5.335915224261387,2.9247656322994464,5.6450647133524035,1
7.543139986895859,0.0020009521859265522,2.356729503375873,0
0.3403411865771522,7.808005784742566,1.7197539544948315,1
0.5695636235771662,3.7459044113783433,3.068282333709468,0
2.566181034517847,9.410783219651785,3.495905739737244,1
6.633181902864788,0.6115592788454338,8.755851734608393,0
8.763907736622674,3.2184397968244847,3.291019983193839,1
1.2266090201443702,0.15549003868296496,1.5369024045168922,0
8.727530161150302,0.41438913325755444,2.4016786707286295,1
0.9889511182001354,6.456375152881616,1.4775486507213698,0
3.3164444312065475,5.877095062659279,0.9568779172533126,1
0.7787662449092592,2.675258591245717,9.407435429630922,0
5.6079397495066825,4.605303126646943,1.3583500844808571,1
0.8500024793210048,2.437789664004457,2.0031384449344323,0
2.155450831012838,7.1878709095000275,5.098686362965853,1
7.1613006884648645,0.0454025903236821,7.5197457270904335,0
9.734038528514844,9.837598458578334,4.0029864857344135,1
0.06287719913816159,0.1567695179097317,0.024983478351390254,0
8.246253815505737,1.870824421922237,8.419807936685395,1
0.8902772161732941,4.006127206484441,0.24999217488884562,0
5.882122638416524,9.535074323745139,9.566989222994968,1
6.581942346267241,0.523251398777469,5.738995045613068,0
6.320696754754069,2.3932346797395434,6.319543587171879,1
3.8038823828721124,4.044506271886306,7.932238166895558,0
7.862195803945698,2.7735786694381046,5.085117498727487,1
0.22305774173018933,5.3860471150494575,6.254471841469865,0
8.597413381331977,0.38704788641351295,9.73913750968716,1
5.802789752606735,0.4001218639452908,5.482810292769766,0
9.025337339027612,4.866669817211075,0.6373804207196254,1
1.4413261853183357,4.9440621685289425,0.022670821883010728,0
5.369868922864179,5.201651009983652,5.154584409139096,1
3.597829485001575,0.8901736813924843,4.17486309588806,0
5.664029783543722,9.078217679103101,7.7029414959835805,1
2.0864566847081822,3.728873015685638,6.97526084731043,0
8.955971646213621,1.2484199251203276,9.28489318358994,1
0.8783299020840996,5.531177052463253,7.926009699522082,0
5.628597643438004,6.4020437827671195,0.8553105220581092,1
4.703142290769739,2.591222726221063,8.681118605479186,0
5.9044844549014375,8.104337696545127,6.542755220033274,1
0.7579259976556885,2.964076137527898,3.51842173815222,0
9.464299595568109,0.43544580428566126,7.703421067802414,1
0.8719355317103394,5.230872400889792,0.1582078366408335,0
7.3688136791638055,5.985213750748724,6.585286414239702,1
0.39109407957523157,5.2069655811817,8.266854668055103,0
6.0058832415386485,3.9271732940719306,4.756849717736056,1
2.218517135005764,5.6609847953886385,2.98382465692705,0
6.9756082197304305,6.490249702322865,9.081399901230453,1
7.476009758695476,0.27561034450782507,4.311897848334509,0
7.8226763082880515,0.8180049284812141,0.7553054391627834,1
0.130131385151524,1.532895412349654,6.492190608226033,0
8.066584665402099,6.571114807887584,8.367723279179533,1
5.1012395690691275,0.8587522641314194,3.0251998027777027,0
8.818983313770104,3.3736966600349474,0.9195545452590304,1
0.8898124271507535,3.280878565030765,7.492362362824922,0
6.685972424450625,7.023463773575966,1.442019283824515,1
3.1899656495452833,2.103502263983026,0.9549941839619858,0
8.242942346912546,6.546319064069449,4.722500348618056,1
2.4599851939209705,0.9157313284585633,6.840514443094192,0
1.5243060187792068,9.292296776026895,3.205474863899458,1
2.075591246003002,3.6336546703193906,5.674082458300846,0
1.048923850725808,7.62177112519855,4.54520692200801,1
2.6872209871012984,1.2915932751047787,8.821441341020329,0
0.930313521148477,9.582698847031214,0.3002558011734757,1
3.987958328637392,1.1978323036133876,7.798815506992927,0
1.789606068430567,9.741555897554816,3.3775842753884,1
1.531351143266635,0.14122447021401974,5.763588680463777,0
4.250956738729588,5.154707999412777,4.357851310969075,1
5.319607956626152,1.5998176713608314,5.622266183963513,0
6.467577297077927,6.081061641720025,0.2664729832161339,1
5.123234875972326,0.9576036342263994,0.9683171499669951,0
7.5165765616190505,6.810544961815496,4.133898456869044,1
5.565311419064751,0.47446828279394837,1.0739229138069095,0
1.226532865453619,7.728976761203018,7.609503074413198,1
1.83769519468451,1.8940317799938788,2.4957534323614294,0
7.793142636349711,0.3979951980740548,9.853847405688438,1
2.2815063246007528,4.26009942138943,8.600955668528984,0
4.37100794467309,7.406530775126522,6.774863774158197,1
3.9283890197585514,1.7754130466665952,5.233995672568881,0
5.44880352108216,7.851125711871565,1.153724776857774,1
0.506034899726695,2.4801570867816514,2.06244295085639,0
4.43940289879825,8.573341221685878,8.76452275591415,1
1.1196239913149875,1.67749037530175,5.535374093137879,0
7.677637542063264,2.915469247393483,7.23371762680971,1
0.9743775502761887,4.885883855845487,9.499118398310832,0
3.0601033162467006,7.975562969432689,1.38187349029674,1
3.535924373224726,3.5992020608824573,0.5094603984838408,0
7.364938638374268,1.6658983494766344,1.5600963252785927,1
0.3329801826840606,0.5765582551992532,1.0776382826043673,0
9.083078919247388,4.868301370384817,2.536363069346038,1
3.1951239953394373,3.4040848585565655,1.3904083543289325,0
9.272879366614964,9.397217643138319,7.71627037287387,1
2.3964291117195002,5.306707858350018,0.1061937874938712,0
6.6389887103274265,6.409501262310328,8.291511411061679,1
1.1056726213380275,3.0463762751490675,9.830086681586073,0
6.436862500955275,7.964223872835521,5.985653233842829,1
0.9082518450880395,2.9983854283693945,2.562462235390839,0
4.74384385028901,7.79177066188256,7.7028547897956745,1
1.9766644621177354,5.664499652121242,4.223478967297195,0
6.230490467727573,6.48570346616702,3.227142198947428,1
2.476916234100821,3.9920737401064867,0.8506844048763718,0
9.654444213626402,6.576298337152108,3.955804688601946,1
1.9744650998050195,3.9221138723847284,2.9937253307967615,0
0.23035261230800796,9.746969453987507,3.3433105887613324,1
1.0712298528017572,1.723645328567397,4.783902339973613,0
7.945178599958247,9.135310072818136,4.602902463038547,1
1.4754842967910664,5.550220816476451,1.752435984267714,0
7.781132303039543,2.2222420126056983,8.726374496814879,1
4.31286879500905,1.4453631827767521,8.861735148290403,0
3.209785813717325,7.50804425116101,5.222401057140652,1
5.265418642575908,2.6665034852114564,6.639399955019308,0
4.064859460163467,9.258933235180292,4.962699191832225,1
1.5780264664488763,1.152592196570772,5.989600176213992,0
2.717358838357067,6.466815172623903,7.708113187430029,1
4.162416295069321,3.0025896085267645,5.164244815819988,0
5.925870941580968,2.6882197248424164,1.2917537382485156,1
1.854921099412249,5.457290768673993,2.6047112440398603,0
6.164412399581197,5.272158025782101,8.743849344570556,1
3.260976857662862,0.36357333344094744,7.481784925839833,0
2.2659310374719857,7.759763983217796,2.200076247890866,1
6.339217171611144,1.0769534914911338,2.3916796777663,0
9.68119130522075,1.238614950861363,5.369138786275256,1
4.862036263013174,3.1061119592090893,6.658823158148243,0
7.67017113632555,8.606845680994734,4.9033795479594495,1
1.804107722129269,4.612697331512128,1.16045953683783,0
8.253177360238508,7.507398618756685,7.331135025646861,1
0.4738387757707252,4.000238310141686,4.505456180074359,0
5.541880714897069,4.464210657579133,3.3586332003731014,1
0.22286649355394372,3.7789542767324944,3.001713064061007,0
8.59356275898528,9.98706342817814,8.895253328237468,1
0.4522795824148429,5.056285653636224,7.785236929281604,0
5.324020708763786,9.885533145231905,7.037219078143809,1
2.1186825032748837,4.3074220834021855,0.7268120661775723,0
6.63491952625273,9.84637799729561,3.2525458279423103,1
0.5082401994993069,2.3684774494383296,6.388456690550697,0
8.458001005137195,1.4824971445252821,1.409640181834756,1
3.3867981325100924,0.23530776887549565,4.591376574362589,0
9.001341917146329,6.452859826541758,1.662026972404056,1
0.8748500493309719,6.914766459332283,3.0193495179720973,0
9.643343770953441,3.787740049525463,2.9368241171042153,1
0.765135523074606,4.29370888730293,5.496510541500861,0
7.107533477249644,8.67903480729741,2.1954718787642733,1
3.157318884149717,4.73647376138632,6.912019494031359,0
8.673668116694392,1.5493071377786882,0.935724576478616,1
0.14605254407544122,1.646336143994237,8.273626296652628,0
8.522594751615912,5.719825497730959,3.5865740610409738,1
1.3640243385825213,6.562097217871905,9.24099045963275,0
6.184297996563769,8.760015139256897,9.244756453828302,1
2.15841258979287,2.953370085963052,8.550865867735249,0
3.8251451669954486,5.869442827218984,1.8076223248195877,1
3.363610154571688,1.980034606934743,0.06255291756867898,0
8.075731318058988,6.046530677607195,7.831599369967691,1
6.561879475837086,1.242745080073241,0.0589581937454009,0
8.097847604997758,1.7557573010981131,3.084293717166313,1
0.9594706645826601,5.581026320053856,0.5780583682660234,0
8.363817886808686,1.4023861348501998,9.206479030352067,1
2.1485287041436782,1.0578690434850235,0.9278639851867854,0
2.4104284637626208,7.063316711866484,7.007750362797449,1
0.63526953262383,2.7239931444341012,9.556111575090625,0
3.584614012938979,5.1970997139185435,1.282922781838084,1
1.4984850757256207,1.6746972500074608,6.366069838421071,0
9.417465401977534,8.021910536230397,7.21757292480293,1
1.736279828487196,0.054168214456028485,2.1794019068049044,0
9.70954877789284,9.303693272029845,3.6793242776367183,1
1.2887960775180773,5.928965632812427,9.416404252053713,0
9.767640237725253,1.9741512046367582,9.004746429692641,1
2.0144662987581254,3.786453897686335,6.0299221620536905,0
8.773584694722105,3.0783765857125855,9.986930093612706,1
5.969269013332452,1.593166870577939,0.12648378097671387,0
1.2497513354052048,9.379138114004402,0.5509759978731854,1
5.87793904292286,1.1445747219905134,5.580623056930818,0
9.52743258544802,3.1219886716953305,5.674950959049104,1
0.9921275311073741,6.513524628920939,0.7202218320147347,0
9.8135468354263,9.809999626837932,9.616626667222024,1
3.3734007577261393,4.464587943118362,1.3233024788975878,0
1.5744992447956596,8.294057861364976,3.7612451460512664,1
0.19496300730940885,6.4123332561965976,3.4780248927397626,0
4.248565749082455,4.585631152599589,6.932869171107942,1
4.6245362664047445,2.556991756629844,7.582580019170639,0
5.044987095187943,4.287159433540372,5.240911264341275,1
0.5968738443111399,5.613218724090067,0.45629482017670364,0
8.629042508813335,9.571733162176727,2.6956061441780923,1
0.5313152315960223,2.3134388137963846,8.618155070620091,0
4.666570877939328,3.5937868918835667,7.04461113913763,1
1.822888002747266,3.1102772925138855,3.081934432420227,0
3.4665038374395616,9.333234337667278,1.0572634006810988,1
0.67638986094671,4.777944706198049,9.501098451581587,0
5.6329416937098,5.3168877693299335,8.504543258930394,1
1.0150913847134857,3.351646116291649,3.9187263833722175,0
8.30018921715884,3.06662945393004,0.22961153005064516,1
2.046078424340203,5.667745145347439,5.225426352239633,0
9.546974695444595,4.83666464410293,9.245119711296068,1
3.8619437689299554,2.9081646865019737,7.847402616403066,0
8.648553480594453,1.4224208900202073,5.194101791228095,1
1.5017589429430256,3.2504463044958953,7.7951453203471015,0
6.403987574102877,7.967589899745996,4.523913092490681,1
4.478205805524569,1.9226095568399482,7.027654879524925,0
3.9036395132168678,6.875440270511137,8.504842073771922,1
2.877226928714208,0.2334594710603899,6.126623915333521,0
7.756659698005775,7.617184459976859,7.19539336141403,1
5.000265574997753,0.31651081682681603,8.659517515794445,0
9.835613999556156,8.757429379387741,9.59737620450908,1
3.6396266351595363,2.2446341267163405,5.436663719959086,0
7.80524106403488,5.431869667697084,1.3239293851334633,1
5.472657450268415,2.180019216099469,0.5841334723537328,0
8.502919378301227,3.288161508454699,0.7942255799162612,1
0.7674755557851176,1.4524863524732368,8.093930507683691,0
6.433079022754669,8.22852788891256,1.7077771166565348,1
5.0785952005649815,1.7000668944908204,7.147279857831446,0
3.5597746045992427,6.213382265420117,7.565750498268951,1
0.4011760898509342,2.8838697583894346,8.706267970413636,0
6.946555159727544,4.341565748849813,8.608160038738642,1
0.879219441159308,6.274592552228517,0.3727071310371477,0
9.92864331715518,6.49213637181424,1.342169558849512,1
6.418161191151167,0.99130412217734,3.1229793489693103,0
9.144679745895195,8.141412240073624,0.7540459606517302,1
5.498810572902886,0.7642758455631948,6.864451435440657,0
1.708444694559702,6.308081528130002,1.9239811947464536,1
1.504857415786215,4.884454459996777,4.170031576416786,0
3.2953097246644814,6.8117956451532224,3.128217960536185,1
2.0939590705973132,5.41859574932277,4.683164861359187,0
6.2530914918160825,9.709615373637725,9.294532859853042,1
0.43377085633459433,0.09152093020716068,5.003935088872998,0
3.2049412840620297,9.016784744340681,3.6813338518473717,1
1.3648737137256184,5.151816555416522,9.337621288401568,0
3.3001601642799816,9.51952482268189,4.765907615572253,1
2.216342674574834,0.4611470630905057,0.8750797565306945,0
5.127006942747336,7.552344587121444,7.721788449379256,1
2.3825290733163906,4.309770347709355,7.9428055253799865,0
4.11452262127227,8.90759348004655,1.9366785877603376,1
0.7217047528477782,2.523062519106575,8.286243369405282,0
8.58527888710816,7.593977358744326,3.0224528028103794,1
3.807091636640231,2.7218696939315334,3.1030200478242964,0
6.809455599547379,6.844557975008651,4.516227682000063,1
0.8402420349063755,0.14050224489316476,4.07160694395706,0
8.777112761543215,7.762687818549535,2.36661429141488,1
2.3759813401044894,1.1864052143232018,1.7536021189977546,0
0.3958451680841957,8.416410342293783,9.132127345240754,1
3.3971529502767304,0.6833613179531972,8.105049573374602,0
6.277112184137552,3.057721495468085,9.038228173984193,1
5.179524735303078,2.0101402592846593,5.226893597054221,0
4.601578810775321,6.55912204100359,5.40257976804999,1
3.015348998222389,2.3434934636858875,9.208812086239554,0
4.660226577568967,7.956859156879363,3.8343839625226126,1
0.6688746361572995,1.8089448454012413,8.289824615069222,0
5.557425898679263,4.73957767737062,3.1965721029584504,1
2.315868691078995,3.00167616756747,2.9896718689832893,0
4.5409549052881895,6.9901604957590635,1.9151663409819497,1
2.037685272830526,1.0982189120387431,9.857147542205526,0
1.4412315545796683,6.600244814272668,6.09919966574604,1
1.239850668008018,5.58376052792693,9.319669691963018,0
0.6191986565520979,9.606005519623508,3.2391415817723255,1
5.066939203259283,0.24707684071250013,1.3502853968621653,0
6.37054045462091,2.5240840688152497,8.080296677168871,1
2.0466448435284503,5.814563417962867,8.865773902054828,0
7.037675654147456,9.980563540020746,6.0907048515124504,1
2.0146562704141435,2.2195457183752367,6.57102236639198,0
2.4919696634946362,6.9077035474042905,7.819305424898955,1
0.12545650900841587,3.3615681145476772,5.054940949345406,0
8.263903767724726,7.441733204667487,1.4113319699275706,1
4.283889683362387,0.7993911193792447,2.7077197506862904,0
7.570464063387929,7.015983830386549,6.726468519270858,1
2.3430236739419916,1.2979683700437517,8.03332328403081,0
3.88523556038038,5.536139250377233,9.527230095199114,1
4.4542289045287395,0.5113136780787331,2.0531474978281827,0
6.420930395079826,6.428314585710549,7.7017190551843004,1
4.010802946214156,1.884630826889313,8.453545085437922,0
9.767421920933698,3.3207630618471464,8.918239245050943,1
0.4346461645302424,0.7384395768984497,2.064055484206808,0
3.569793502469599,8.142441908477155,5.086790733659368,1
1.9534886591953726,1.4015556598402878,2.8910172993102536,0
5.6081484079821475,6.725066489422654,1.9545283296507376,1
6.386809547248494,0.08745891678278217,7.83474651933009,0
5.177684661469025,7.514889438470913,0.28605026138666667,1
4.715435211415277,2.736629537709492,1.1581589347198162,0
6.183109974229239,5.722920816413351,9.263626045238816,1
4.977236257817137,2.755636788132966,9.428872707118083,0
9.666143682451295,2.4586233823635864,4.945090522095374,1
1.1356089501135558,4.365319188676276,7.174618628736331,0
5.531601566634129,8.373629026495555,1.9874956529640841,1
0.40362165828981555,7.497841361374849,7.4377730017114,0
8.185455771865836,0.3649551909568882,2.1551180393484106,1
2.169861519545595,4.606220346492375,4.172619583771732,0
9.277555142926243,2.3202494012291366,9.463964634301655,1
1.4862180803743807,5.602628183760472,5.271725290819055,0
0.6111975290781424,9.223686092016914,5.440354805688631,1
4.176379829162318,0.3261106698253069,4.150216813374855,0
2.0136677590284457,9.50367631854659,1.0314495617148722,1
5.042958826186391,1.4370939466398824,1.2592661100888847,0
5.175394630953782,9.483270028738602,1.5791164760087995,1
1.5993866317813432,6.055397769605266,0.40532874706842636,0
5.541937053379897,8.976248032561358,3.5289847226479165,1
1.2357303502446382,5.646933299773925,6.669361157447748,0
4.818436204539363,6.67697949667962,7.563834049800322,1
0.1202782828847937,3.7220988261444434,9.750250296838606,0
9.549080931174789,0.5607098873578453,0.5874240835896627,1
2.5336037753471388,4.112475121827096,7.475242010248342,0
8.145175251579387,7.32263426442528,5.618986458922556,1
4.93644056781437,2.961287197521875,0.047022401550149695,0
9.49925544528789,1.3257531307293002,0.5475024302146059,1
2.819307142182843,2.9598040765771625,7.823837398791388,0
7.8578973495479065,5.794860160330471,4.061012401403699,1
1.4914419868940154,2.29638015527313,1.0219578352235703,0
9.287725507702117,0.2808683405214929,6.737924557757752,1
0.04138665187822799,1.6152204009896187,6.1156199306156385,0
7.366275491491341,6.493523754927141,6.159626390087024,1
1.1328799632713649,0.9663915292984426,7.980383506591941,0
6.243485001908118,9.066803991384248,0.030049711638187038,1
2.4696447295568333,0.32120135741406486,3.0341865472144445,0
5.231943358894919,3.9734711316368667,3.710771994779476,1
2.2313195456942525,4.145192475964208,0.07728333598960635,0
5.071222838104119,5.717065490577901,1.5092621883140322,1
6.20103035561404,0.0039030031621356542,9.543248761149627,0
2.122802104180356,8.788071935150384,3.542700716012103,1
4.39578687302177,0.9840205005541036,1.1358514577938406,0
5.22945301385814,6.067348653389883,2.670162586739393,1
0.11728677456829928,4.827832792861867,0.5861381368177476,0
1.2945729799973649,9.33166227638541,2.0989276501855683,1
0.5807077702671448,1.8562125234726046,3.7721093711998934,0
7.591236011478651,3.7517269271556986,4.916830233611176,1
4.536554266890729,2.552837736023256,5.542770061795638,0
8.640425928264209,4.52278875569821,5.459217841323855,1
0.6948833873850924,3.3165738948693892,9.663181288710282,0
0.9750283105299951,9.86106675709105,6.273704803576123,1
0.5732309181070527,6.506985958052737,4.158919069756565,0
7.515106826154684,5.05998695404426,2.917623002512425,1
0.20712681671609556,7.224077323151211,4.687479892374022,0
8.936182133532258,2.9927668379600805,0.0805745649790035,1
2.384440816904542,1.3656065977032417,0.07838048029474298,0
7.374367123334126,6.767351040604468,6.821373110434344,1
0.9129594485569814,5.404438811263467,7.539969720391257,0
3.9524037697829115,6.214856140146435,5.175706250449572,1
4.052148648531137,0.11733869177521505,7.872190084912537,0
6.937238514650938,2.9107383918935623,7.459948175037251,1
0.535872115516951,2.4547160274511706,2.456014415243939,0
6.2546090690923215,6.445185127520297,3.4996181398908996,1
0.011629746333591262,3.3113274112102777,2.931295430281091,0
4.617368112368666,4.814145754561378,3.370864065920257,1
5.165145019674025,2.1147536604770645,8.233996082512666,0
3.0790716863830014,8.412545471066691,8.024999447339981,1
0.16694529095047872,1.3842052975939212,6.379147960064024,0
0.07751243663481122,8.148837902044647,6.483646361565533,1
0.9675057665476716,5.804571658408396,2.9326591637788657,0
4.48950827317523,6.835859907716417,0.13513325863759196,1
4.414165610618705,1.357790946935148,3.5166571482886964,0
6.914180722395621,1.1205450087221336,5.036623758866816,1
2.212895532765825,1.307161933280817,8.246532287553242,0
4.907602131289376,8.7535122362371,9.624235832176694,1
0.7537475713936015,5.064129923257806,8.202540567949113,0
6.016010073841135,5.5482788116637325,0.7234180416657177,1
1.811589675204911,2.162285441024596,0.21503016443237377,0
1.2679884834879762,9.925507078706179,1.5002308244725893,1
2.2826349239941948,1.649300172938587,8.53006433889211,0
6.314115470566595,8.396673033585587,5.040943820101199,1
7.470135556696603,0.16446835373373658,8.201187541084783,0
4.264210880412309,8.81772951219601,7.811458864303774,1
4.905957398142899,0.9748519952073176,6.5263489209566465,0
5.717608298015159,4.383335482366212,5.367818606148567,1
1.2642735496530577,0.7877764938886589,2.8198556114128226,0
5.675523842223518,9.820852068405658,1.8832613028427114,1
0.2934128609390818,4.820873158611427,5.233759969376377,0
7.956611165950587,3.5986957629271075,8.067038750804333,1
1.1390436950895322,4.116574490528206,7.3604933244310935,0
2.8340811427203194,8.268726157034788,9.734807180798272,1
3.332292760892772,4.124975232761359,2.5237076195140853,0
7.5712848929868235,1.4547492478839297,6.2313806499752475,1
5.942884102336866,1.0635952702659301,4.568272104002502,0
8.31702752407691,3.378948862361143,1.8111768220844349,1
2.407901525304623,0.9911689313498107,0.2862695553950567,0
4.082326627699095,8.306894494203165,6.135522166920927,1
1.815846487744941,0.34311510000534784,1.921748775322617,0
5.197004415878653,6.512137372683836,6.930489068142659,1
3.133148511295667,0.7374337700281042,5.962711601089078,0
5.690479118951078,7.549224764972893,0.8908976954196979,1
1.8095240714322236,5.7223611386440005,1.5979678255487406,0
5.298618669451146,3.0894144738890397,7.950033644534211,1
7.185260264324942,0.37901053136110474,8.768709101287147,0
9.227826125594822,4.049992757244201,8.493765571112208,1
0.34112991716041874,3.314588341006445,6.501229014115837,0
5.555209900022313,5.993334251557557,9.422120843199798,1
0.9179334571382836,3.4581230097825335,4.196794913346324,0
4.270068429934472,4.08499491539709,1.5563328020102296,1
0.734731335238068,5.984083441122897,9.759036302521721,0
7.3162614664305,6.86145954540172,7.5938982138992115,1
3.565029065273362,0.6311000569737546,4.509971493511134,0
9.589620098851286,1.6631637964123092,9.301718581861971,1
5.870859946678534,1.357556612210572,3.019588519706866,0
7.921410474703303,9.01674288748848,9.0319122371031,1
3.779067212310597,1.2421551720491708,8.23145716642989,0
7.60106299623661,3.319770032117199,1.2417385053659924,1
2.7307276132690683,4.679477799769343,0.02468896117136632,0
4.053014211972159,7.497479830658165,5.7805844615393545,1
7.1485234391735855,0.25241091827234885,4.51247107152145,0
8.828234420379765,9.488224121544759,4.828324448318092,1
0.8105894556609383,7.177150383238584,6.762577126890115,0
8.972091313538469,4.319976255782141,9.306234690942127,1
3.3301502325357593,3.131941826269522,9.778832405812981,0
6.172789124234558,9.744180332158258,8.661162204273731,1
0.42014029763118743,6.626463278578827,4.618157259971182,0
8.6511909428944,4.7250736262814765,5.742083641435656,1
2.282453452897475,2.9811481012551355,1.158724906124221,0
5.0189092279175975,4.41310380679552,9.869423127381376,1
4.854458186387678,1.5962758024718504,1.0118978737564688,0
2.093925021786899,8.725304836207004,0.23434621716495907,1
3.233510962405969,4.116191725877525,3.9707341819730333,0
8.425953999236034,5.7318750754112004,7.970848712842889,1
1.8428778584805316,0.2695815967945292,6.378087786075904,0
8.832383476860072,2.2142172424995943,0.817477997140893,1
0.5662664047369337,3.0855537366993446,8.748150918089392,0
6.6069022745781965,3.7838178358936982,3.1388990469653533,1
2.147157354820793,5.113726487401303,1.140746405662274,0
4.71888979647916,8.182332666986893,9.073704266606722,1
0.786465712328156,1.2637664430455942,5.782748896875582,0
8.462198915300457,6.508074435922774,7.522412012789453,1
1.9670203929058283,5.101131713586444,5.333225067678771,0
7.893611186887456,8.506872412392152,3.882034442843217,1
0.44602503787438463,5.499501132288044,4.901478462614016,0
1.7442439217108408,6.491392342700863,4.128136018115413,1
5.106794439705581,0.6265922911653599,6.9294265302482,0
7.391597894152618,6.708699356016678,3.9601474443999707,1
0.15877254770676363,7.4662194224837535,6.571149728623889,0
3.282513323084376,4.829640665360704,3.830082372277671,1
2.6704984400348755,2.771233428512142,1.8147509464496836,0
9.97800211464684,8.272249230595358,0.4403021413353214,1
0.1420575153993986,2.9292662416534485,7.0060367216266375,0
6.999146672978474,1.51573092207554,1.8759668825422526,1
7.066956108647845,0.8090437951266816,6.318986603567107,0
4.969649546603108,4.269449489050317,2.869729800358148,1
4.531605592522737,1.673065107742292,9.004420725713363,0
4.596947170950738,6.808915209256265,3.848248526610487,1
1.3138376913827998,2.297643400980516,1.3494567314540273,0
3.982455212704894,8.745505465000177,6.643973755916328,1
5.4221445094067136,2.2174059075983465,6.546925084393332,0
1.6658214223806,7.0294263786936115,7.866321121763048,1
5.852543947328119,2.072693556248063,9.123546818473304,0
8.44642411742026,2.8550648516064125,8.927638664331592,1
2.3000691214691784,5.543191843608817,5.253582606513119,0
9.500681411357128,9.456282186735706,8.60882035939369,1
3.305416663566553,0.763744604531611,3.1512735821873106,0
7.9266435047805555,9.535905074337936,0.0026422037075335414,1
3.964470350808548,1.2700114854150346,5.383317130193861,0
9.057791652475766,9.03940676004402,8.092774435341852,1
0.5173116435463299,7.205964491194596,2.2635879325941333,0
3.376237653469989,7.059566020255889,4.8382579993736154,1
1.6273869715627376,4.671208789536358,6.661460736321051,0
8.837352055297735,6.353149356560991,0.7939864388781548,1
2.518833632517005,0.003981789898264143,9.079670542110097,0
7.16478356830358,4.895979185209464,5.592185296412959,1
4.437110830840497,0.8913354145443175,1.9993666242289754,0
5.17389953033663,8.867375747364166,4.961404398063161,1
4.750342854979626,0.23731128514725253,9.67038299483193,0
4.542937776696312,7.372513025044343,7.331885474865559,1
4.0762105059629565,0.4721784374048732,4.580456036103828,0
7.898204511269978,4.907083528163706,9.384173494194853,1
2.8689322715833674,2.7446165951024684,0.8917218306561336,0
9.338298683652773,0.48755068372681176,7.987997327234203,1
1.4923335794944648,5.660805005919023,7.801887028148603,0
8.697100976284275,6.597836639680567,7.29740570829689,1
3.6222340237559116,1.3457906855734059,9.198129055428325,0
8.605285428668298,3.5707728611084475,0.4148905383301338,1
0.7702147423974193,1.8231115344882354,8.256966100121282,0
7.820191811788078,9.924532627054433,8.07544962243529,1
1.6670739760875453,1.7683875777789526,4.4531490472645485,0
8.111052970217617,1.8154040171673513,2.360736200923237,1
5.366802371201632,1.7001777012249042,9.319427624233892,0
5.653795994399998,8.53641690875646,5.24306615161036,1
0.8804378608526786,4.064105005535726,2.4792611800080913,0
6.039317435577006,6.189408886761316,5.5697486487802585,1
1.2752418247619124,3.1563865826119972,7.50236896338895,0
0.5901898620849721,8.148954859916392,2.4655792197098703,1
2.381052412273993,0.6310884341790002,9.308720754769684,0
3.860384771721651,5.5977954534692635,8.296282730291622,1
0.31406292447533124,7.480110344427042,7.376145806433467,0
7.17109449551357,4.574334946928737,8.417520707254653,1
2.280514369644253,2.095530843154001,9.010375094691293,0
9.952986993301234,2.0808581186703714,7.080746827148912,1
0.3976265553852576,0.9405619472886306,6.950398930629211,0
0.966108799947244,8.175851111747534,6.655516357094186,1
1.5288324316805324,4.882103580916185,4.861150984596074,0
4.7426789851353,5.6147898113043055,6.517749908831229,1
6.070272236727645,1.1509078360035463,4.816972941659573,0
7.75621198300967,3.905253736536559,4.3358682935275485,1
7.7739804851224275,0.09166129836128967,0.5808909871451817,0
7.8293926563967,8.028015431839666,9.694698479694054,1
4.672798020398501,1.1501509464752169,6.344222212802556,0
9.735007744309552,2.1651792012941176,1.5672366708314123,1
3.6196157929932826,2.767529781960869,3.460495754661527,0
9.475135489139939,0.1714670287014719,2.4363524382516557,1
2.1995653955585603,0.9725884999984946,4.89509397442766,0
3.9119932375411057,9.642923861966986,5.466484745354342,1
5.07549289379698,2.600770739676671,9.309537635944462,0
5.380143718948941,2.761605946187501,3.630322677333313,1
1.3609976608917063,3.55894682427234,2.170467396163971,0
4.562202084346128,6.736269824425245,6.570509732128141,1
4.803124577319132,2.555436947048105,4.580111666305541,0
8.844155890292866,3.715114522352602,7.6944091760638,1
3.3644340315549472,1.2034067530372528,9.36307250164344,0
5.278262973977056,3.5146434452026165,6.80409029880304,1
2.9301370500840584,2.604861383418698,7.864274504793239,0
0.8477420423794835,7.605395675944385,8.36866977829726,1
0.5332315915498942,7.278476909019137,3.139394588370863,0
5.889382267070387,3.675685770728431,8.701238745116877,1
1.8429770547118818,1.9910306648022502,2.236383128105315,0
9.494025776433974,3.4294865346699566,3.6123736963059683,1
2.03211782608678,5.281445290507456,0.4525269008303634,0
8.025961776142703,6.5858535648092165,0.9899894843525336,1
2.8779846414837253,3.5474131312059365,6.041012709834296,0
7.782059090193631,9.360049617962702,9.07508629008857,1
0.48095190435934576,5.777274963840819,1.4898766669749008,0
9.352101263002478,3.45427716840196,3.6336160782984894,1
5.427292747927616,0.8258055579980106,5.12952116564672,0
9.94841537458041,3.526558136966116,9.60392852204195,1
6.100756704716613,1.4894302662803693,2.452480561795606,0
2.9961638465473914,9.78572826660965,2.153315444551769,1
1.8288235643442297,2.9912469458022906,7.003333883675081,0
6.334417635382196,4.434098019094529,2.168902247079009,1
0.033112451558333644,4.612008620980506,3.144671295063386,0
0.7232999837809018,7.539512352816175,7.205858061871887,1
3.883092412027543,2.9289602940785544,9.477582617375631,0
5.2784184524706665,6.3181225539611185,2.3372941357219346,1
0.30954784677991065,2.1830594626163946,4.535011147134061,0
9.07270790972427,2.2669138825368575,0.902693527689078,1
0.7146020203554027,3.9012778496829172,3.665128555852497,0
5.04164485614279,4.1570669833384555,5.685150683182318,1
0.9313735543351231,1.1798371775486616,5.206757388284329,0
0.8642785501612238,8.771639526236758,6.544383951869117,1
1.5532713032386603,5.831193797212828,2.4545918547441605,0
8.57329766383933,6.1857092796393385,1.9052157789016644,1
1.7585051612433489,3.8328385904955242,0.23029639608375674,0
7.079542220867431,2.092753396698235,1.599489647800455,1
3.6030771241240322,2.7448306983443915,9.611980525955666,0
4.251235771013699,4.146280447781745,9.487144772531746,1
0.7785466488831294,6.903188187163897,2.1793955449535405,0
7.3552718463577405,2.6970481701176228,7.147693132826404,1
3.9361313293119196,4.00850993459907,9.954623418357874,0
9.837540747284573,4.0205187024034625,2.9977509549770143,1
1.0325556689197757,0.2448293951791336,0.895343438448486,0
9.75038639634651,7.911054793968941,4.59637971231646,1
3.5085029529995815,2.3416290099438775,4.210205830014784,0
2.003229641291756,8.531176309283614,8.861053262057938,1
3.3179970252124114,1.341080526792725,0.3178328576199063,0
2.0657661572848793,7.323645122421157,6.366013202973861,1
3.4492343162331194,0.06491438194689003,5.9879350507591775,0
9.115466732741822,1.5484822197273906,0.43464672680481153,1
1.5824636133137238,4.062400618956644,6.791034857856911,0
9.147149064068598,8.28617172924734,0.06659344228284181,1
2.597703314359905,4.8133066261603785,4.058331496853952,0
3.0259906646399806,7.164535176994006,1.0497039873622993,1
0.6940049823611394,7.23582108952659,0.7335667828255865,0
7.576401217311272,5.300496429492455,4.276229292001426,1
5.21809398691337,1.4712093852994446,6.048755241774497,0
8.890496497709446,0.546795004626619,9.374518510847867,1
6.668892296174668,0.4304143078002598,9.458644841331918,0
6.419724156004508,4.366507421348514,5.101032790052424,1
1.343809658554178,1.1745946377808913,9.558627753322387,0
5.7891187063906,7.113190463514227,4.633303123774297,1
5.362555358228116,1.9630676549886517,5.311348996963159,0
2.914597588302197,9.759152729880496,9.16796601873848,1
1.9219289418274654,4.1396644264642335,5.13997582420492,0
9.295737750947463,2.3747278196473456,6.01893672470902,1
0.12448633280890076,4.176134959516313,3.3052242961911285,0
6.562528137292208,4.5028391055490165,6.793885572690889,1
3.911704790463575,3.5573389367482067,0.13106514064107233,0
6.051666776441003,6.263927041624777,6.078211494174383,1
3.6284698995325657,1.162382338766057,2.7391236380017228,0
4.226121379666905,8.61764542121906,9.88029202403807,1
5.235355014378785,1.4156793486310515,9.534510127311455,0
8.400463419077292,1.3496903197965215,5.659244444535643,1
4.322105973218861,3.6138051872707875,3.131169933577347,0
8.089699434889717,1.6661820768748958,4.129442296463281,1
6.6555011254125755,0.3421978958891658,2.531042094044791,0
2.6606860997633266,8.418980076746372,6.569069179278854,1
0.37264531417456226,3.2779473698421437,5.012670765418691,0
4.7652839512883896,6.219730983158126,2.830390314100657,1
0.45529287657440465,2.923041714554464,1.808370792803815,0
4.973361548737229,3.3996483533021458,1.6343592055895728,1
0.8878874021265148,5.9438980788745175,7.059156320533363,0
6.221002237947397,9.024498021813937,8.677485896060716,1
0.975067241095533,5.697174220617319,9.232792596033901,0
2.2032964107508235,9.989686836914746,1.0246955160424942,1
2.7955350929855727,3.8870674174414424,4.537342896502806,0
3.034501557050613,7.459916473889985,8.398165716787478,1
0.02907925453028426,0.8699525717233536,8.821814083746213,0
8.476519310950872,8.67521276663103,3.803795538026237,1
6.3756915443152415,0.6075680044840182,5.983144561816535,0
7.297641126073341,3.408317452211543,9.546570618051101,1
0.9589006662834776,5.976439057851229,9.255018812522245,0
7.393845645165619,3.586174976825327,0.4547945051083446,1
1.481230364667322,2.6046225206449023,0.05709203614268632,0
6.289304587064423,9.129761401296138,5.665496795236649,1
1.053631237388194,1.3227584759797029,5.564750416360963,0
4.652033320372578,5.241313019911935,2.3591233111585383,1
1.2413170938570761,6.360627098305239,9.335657697531609,0
8.500716992846574,3.919721961979783,0.6652713492315765,1
3.8873019985348445,3.6276996248394964,8.824964459153087,0
8.221423656790606,6.239688172955859,4.971537040621829,1
3.1281119627649447,1.3839313926411223,3.691966844503616,0
3.7266327293753343,9.000069893350577,5.084147671110969,1
4.630026592745646,0.6349425889032223,1.063174748211132,0
7.393755594491158,2.467123189070881,7.671920506276516,1
2.9132386695852572,4.449413478412955,0.8038823541860463,0
8.766170241896646,9.951076309865236,7.54900744957451,1
0.8998882161098021,1.3954239849039907,0.9487382571885516,0
9.572994346406867,5.040828802813748,1.9532257025300048,1
7.273132635942221,0.5480335817914295,3.52686867154008,0
4.770082833320263,9.58337660272725,1.17463388393369,1
0.4764461672468445,6.000905430510227,2.5943956236351626,0
7.980865656316888,1.2629457331575755,7.2001533319288304,1
0.32160974260122877,2.5694939243120007,6.227246869763277,0
4.375303244930729,3.977878558339164,1.3513424861171142,1
0.740995018846935,2.523018620731717,4.458728182661966,0
3.330050254253102,8.234476062293721,6.559407535580146,1
4.197930154264881,3.6330286032182713,4.403684407168832,0
4.981077596989408,4.120270479106315,3.949938130295627,1
1.1306120257937025,5.410000408148285,8.681342384941784,0
8.164781982974688,2.172933362079774,1.971767162192083,1
1.3783501974420254,1.4008841693402396,5.484933724113881,0
8.536378109300376,2.825907645655156,7.863886050837409,1
3.083440565094304,4.786946129830416,8.220010210089233,0
2.5359259591244907,8.04794890927078,2.8182294852408796,1
5.257398643966327,2.648229646504694,8.692473321070898,0
2.2979210254536264,7.753362978980926,1.136602647778746,1
6.410739229875759,0.22236691857628,1.3821036837876566,0
4.746507146111778,9.324411529726866,8.603833096458057,1
0.12376345050375548,7.36231143574074,1.5083540377946203,0
4.370015371720704,4.776546573000689,6.028249304899187,1
0.041967806607307034,0.9487184497317447,8.496206708865643,0
3.487658456768977,8.693810252693858,7.512408134348036,1
4.009620404695094,0.578535251175778,9.04565439902967,0
7.129458833175313,3.4593753062189525,7.5017308417882465,1
6.573752905893372,0.7521532480649462,7.0168002167195995,0
6.042488615063139,5.81611751211128,1.5851874083973283,1
0.10696992353624868,0.8941174020930109,6.442023266312884,0
3.0685825415255996,6.338657311104217,1.4320862437764792,1
3.3696429214546586,1.153843502996701,1.6848362436037734,0
7.70921792079241,0.6510496788011733,1.675183071386206,1
4.468217012190488,3.4875139378764475,4.61225610198384,0
7.342295099473843,9.307109615320975,5.8676743344399345,1
2.6471776492207546,1.3316268888790583,1.778392903306113,0
2.0931553025430008,9.888753766324589,6.6076420701215,1
0.6659151159280974,0.5489565005112151,0.8508622985270153,0
8.187038490730979,1.7732369811218185,6.429671439877994,1
3.77640970002226,3.314623818843341,5.7242731254862385,0
1.3123792616302676,7.0359881616122415,1.34655627286014,1
5.380710313610548,2.525822640647555,2.0491413500084796,0
9.789327216937021,4.91916527665037,0.42854289525536493,1
0.9868370517472802,5.773985502553856,7.515123823317386,0
6.4654186021106845,2.680018601662505,2.2232873686792565,1
1.7063052480042729,1.3125683832083546,9.091119818579674,0
0.8773625025100662,7.583508708848006,2.129969655982089,1
2.8362463679809338,0.9220638511614532,8.561237056692029,0
3.3252273255653018,5.884861331593015,6.327068232578982,1
3.75509677555135,2.4706165147644974,3.2025574570861473,0
9.814813828517003,6.093130601050561,4.110574177402758,1
1.469177689788006,5.726674015168561,8.365117278792017,0
2.027751514895476,8.713603965979393,7.593555795007535,1
0.5334484303436426,4.969749896547373,7.249849922979655,0
9.65788838291587,7.760337150861013,8.24408008208142,1
6.48803241485224,0.7804988295568793,8.455897209414852,0
7.8814635759084215,0.43131246586826655,0.010195951966388561,1
3.61216035259192,3.609909815484582,2.716728297535602,0
6.19215193210122,5.465530504265237,9.425736531034016,1
1.7437345921070746,3.05773869046593,4.8211412230119555,0
9.084333351192683,6.740742489159292,7.200896345226769,1
4.9156151950335145,2.0807742073948408,9.261388445738486,0
6.047163682110048,2.7205693976271297,8.724927526494563,1
0.915065667412045,3.5187106810727165,8.605098559057547,0
9.706104772430203,1.133527948245,9.581644934960329,1
1.1662738389061622,0.4020273760981896,2.334805752277187,0
8.145275935240972,9.070602810846992,4.363186769896949,1
0.37218934886181443,0.3778051145992112,4.302019330695314,0
1.7353123491794697,9.942380924917138,3.872099148543083,1
1.1405438792369982,0.011290312482625797,2.558332090257424,0
2.722311780156077,7.927744823591091,9.4223237684662,1
4.3596887335357115,3.4993807380485,8.334012813452123,0
4.459656405358579,8.240403852021162,4.694304041276078,1
0.46510605324467047,2.3860991034252654,7.382292307069051,0
3.8174141838279505,8.443450410794672,5.9984634964075445,1
4.924223582064256,0.02078458001753658,4.2173366350918045,0
5.217560193158147,7.496991978831025,4.181072422088583,1
0.8623848206192364,4.164019901928048,4.778649482670067,0
5.434791557653359,9.373281218944134,5.019492256546373,1
0.631839957826793,5.106664059402095,9.907420931065698,0
1.8568110081541433,7.4153355786181265,0.9325459388661494,1
6.073763677450871,1.774469100903876,6.430018662335679,0
1.7314213522055355,6.776470441749927,1.0122562011912561,1
0.7703742129013569,2.2985495516215937,8.55339945308765,0
8.421141186796145,2.8547070460506663,1.4902550464090691,1
2.983401521952368,3.1100694842209586,7.990418276596919,0
4.876023410107587,8.852559171195203,3.2960546617741473,1
1.9289724875102465,4.904920792900528,5.867023724623246,0
9.084910443071513,3.833299431375319,7.232862888627121,1
1.6681968453407303,5.325340788183402,9.712765017731273,0
7.874367637011861,3.360262295523122,7.301609293485925,1
3.4348858079273725,2.282788567481443,3.537549329259928,0
8.46637669744068,6.4246140906221765,0.5668837620176714,1
2.8235385705249505,0.23849163164403553,3.5807832688743924,0
5.938905596741764,8.868310880069354,2.304877954977637,1
3.3395526414620393,0.5968974875347566,7.872024938572637,0
7.745153336577914,2.625032513605211,3.4771762568354525,1
6.741672792752457,0.07133830113275508,2.2241944925225443,0
8.220778293668149,9.961816441494003,8.604942264620739,1
0.7513474326967384,1.9763865514282408,4.3708305586942044,0
5.188168303907927,3.063916382067007,8.153353874686557,1
1.189230234225117,1.639151820639897,5.288019421680087,0
5.988430523264247,8.82447406691188,7.29068814240513,1
4.274640758786095,0.4331762637315939,4.337279529292926,0
6.856299857973162,8.891261854949912,4.950773648316583,1
1.0132582895210551,6.759910694099501,6.299071514394749,0
5.500184222930557,7.414987541736638,2.7391415925395313,1
3.913263238532659,2.1096434189563116,0.6621890663180374,0
8.598971174561104,3.1583264609302097,1.351854999568447,1
2.4583902206807293,4.874706295247787,1.5754482650808055,0
5.4294860588114116,6.384871279767751,6.888383886149423,1
2.213873056082405,1.5528956876203936,0.3774075346308903,0
7.659925093680904,1.8657963887875018,4.697461055736158,1
3.762160495771832,3.2347503706343685,0.06503676362093813,0
3.9974411416375,4.07533355422685,9.442349186640635,1
5.469902665039264,2.418782572181506,1.3600490541168009,0
9.918495782993336,4.147297082641737,4.247603833016881,1
5.078608430274465,0.21627935457373737,1.3284402218165903,0
1.433554948646879,8.082185831861606,1.6772388010292527,1
1.39995384905788,4.272611591675267,0.8775356013323099,0
6.474646534034031,9.353743923447736,5.8837571821370815,1
2.1902180818516346,4.024443527948637,9.027350016305615,0
1.960043257420142,8.97595921545155,7.303565018740735,1
0.21291977014247676,4.984166865235831,4.21243008809255,0
3.09699427114189,8.145532230959171,0.37826913855704025,1
4.092452950118926,1.1446935600144559,3.3389125892004,0
4.793473613395883,5.851963431933788,0.02862126435127288,1
0.29671838361510994,2.13031421775687,9.416596876235051,0
6.968992278230056,2.566207222786593,7.351735078690368,1
2.8347330032833398,3.8724813363662625,2.9106838169499207,0
2.606070160249411,6.986114127711315,4.956177668078523,1
4.219553322029482,2.972482515972211,0.7318646768519188,0
4.111493890580354,9.337500305297556,8.481178355147424,1
5.634251403286231,0.8198684463359618,5.852986388197493,0
3.7875645409387304,8.68604386290031,1.812809320491976,1
1.6023380818152488,2.332984548335293,1.0040056701617772,0
5.186093325110921,7.95180243904621,8.927240419635066,1
2.5478270883716614,3.860341241553299,1.9237002871214859,0
9.471321044301938,2.622949789550839,5.945002047992931,1
0.7420068897184096,2.2744417288505216,6.380860086679401,0
7.804002728287003,1.6018162692729354,8.59989561409581,1
5.508437920501987,0.03476289842984759,7.463276019867738,0
2.9058290119630845,5.143518556179568,1.3103906615194982,1
2.6867478964145173,2.663691221109492,1.7266589993911463,0
9.216071637072098,0.00994868390040815,6.577667167903741,1
5.409685773004238,0.5848565179251364,3.916096504671469,0
9.034307124206356,9.401667180376684,8.095665628253974,1
0.35471275210262054,1.7636965320072007,8.523910880636663,0
6.349381810572828,5.8777876753412786,9.570497032762798,1
0.6694259430867155,5.748472739187099,4.958527466825861,0
8.028530451010239,3.5091756315970803,4.406134644962036,1
4.246738701169614,1.9380431623815686,1.1690429396288449,0
6.18346672131656,5.804429594824747,6.297881104328282,1
2.2782148967679348,3.372347879724921,7.729639460302163,0
1.9749031691871277,7.189332197549887,1.2347483181364893,1
4.977441208526487,1.4675894463068528,8.793475589076618,0
2.5393040767209865,9.891188620498552,0.9331666841890296,1
2.5877860004097686,2.4267375047214834,4.048318236524741,0
5.448281512636282,6.139003918663884,0.7293498980406321,1
2.817652731485598,0.7485854981196349,7.870001525216498,0
8.270067443724225,3.0733156104953885,2.4068518348223114,1
7.460226723154766,0.3038969815236603,6.811310707992536,0
8.06126398372548,6.162334997469012,9.488064343132175,1
1.3328076631654728,0.28310316773205835,2.364194882179913,0
8.891737772239244,6.100796282849701,0.7920196286970982,1
2.8421314721042013,1.4907441576370073,5.900315541923424,0
5.827027107961575,6.738424965190411,2.2918211775895623,1
0.8392732397100355,3.2857302226212495,7.946441238242087,0
3.8490869586051257,4.2945619143598215,2.544524526516984,1
1.1160837456545247,2.2793155805611787,2.601280556690202,0
6.504913856883917,2.9678101977432303,9.39802381223468,1
0.8730804478607301,6.860319126766786,5.424283787703872,0
4.747726629274384,8.948780816797786,5.821913883114963,1
3.7323281958107124,0.4956778621154978,3.1855469177019433,0
3.166072990718681,5.8269758157294955,5.02146553093477,1
2.9562380721097137,3.0944079228963406,7.2532359091341885,0
6.468235181260674,7.765664207659697,6.7777642914761085,1
2.6486237006719717,4.273659720341227,8.7863898091741,0
6.037117043749961,4.196437194190915,9.241902933642175,1
1.994762016417132,0.14550140151588176,0.3802373337630327,0
7.916565073736901,0.9031950660268018,5.599850964355615,1
5.802997059932888,1.9314705431354062,6.333271280261716,0
7.249026397168047,5.592961606202516,0.2489563432602382,1
2.88047928274667,0.07500067578000369,8.91763174355902,0
7.424478569788581,5.532037061597235,1.854879805735028,1
1.2018060741053116,2.172627396484992,3.6100759648477574,0
9.295342821596991,2.146111970958622,2.768646396423299,1
3.060379116496663,1.6511854872699083,5.67092947464194,0
6.337172003605929,3.822316624947616,6.481700850969858,1
0.10948688838111065,3.114481284671763,8.657129079201471,0
5.531812965105036,6.227281016470274,1.8211119011653398,1
5.098795379564648,1.6464341313622832,4.138288073923243,0
8.438212686546846,8.431046552443373,9.143078112473919,1
2.14667199283034,2.1188736175385,5.112188470043586,0
8.423408570389658,7.343977812920553,4.10273315952637,1
3.3886961009774206,3.2260443223188573,7.832342188805815,0
5.053856807265653,7.0542345468896706,8.360402993283852,1
3.086301223482768,3.296926904922559,1.8342345086468548,0
9.17073514845946,0.3161789483367472,6.576952619974765,1
1.8959684297263046,5.305695359007458,2.0969703793121077,0
2.3160707992652494,7.7173556189125865,6.005888677480677,1
3.595312100056778,1.023114334896743,0.5730457319129123,0
5.595499738972375,6.175409118078305,4.3437140191638015,1
1.8320138352864124,5.062834326462397,5.778005438454454,0
6.362463186610585,2.2253478565520934,6.11742981650953,1
6.23035823088817,1.2254829929556232,8.235796980423075,0
8.94905173405784,1.0173671039153087,8.487973319928464,1
1.7689490083986525,0.6518059158867684,7.4252705170523114,0
3.1452879142022736,7.941536155656821,3.3122980431908777,1
4.8322123952932925,1.2820830985610243,3.9724938010782065,0
5.215339444867784,5.6301511251084815,5.474710416036503,1
3.30661621181041,0.9651601311332703,2.347913891345137,0
4.261393882031623,9.946952519881236,7.168461415155637,1
1.667230755529916,3.8779493744275175,3.4260129647673976,0
9.820922528747651,3.925517548930154,5.052490636010814,1
0.40784204071368957,6.706792486454018,5.7271382584879404,0
0.5827538755913664,8.472455776735847,8.225753558019512,1
2.7710671126269206,4.67617550229021,9.689844410268392,0
7.805236195175219,2.378321283995095,4.4535940463955175,1
3.288820988164453,0.14262387299254886,5.062728843457016,0
7.4043566562142,7.557116203877236,9.540625280440052,1
1.505799078765837,4.289999133809656,5.0371258528171206,0
9.254541040473264,6.721883697827159,3.962105139037143,1
0.5681152611342244,0.19778811284443476,9.025251780444854,0
3.353266167283435,5.901251103259834,1.0800626929292179,1
4.686484446028506,1.5423148025124178,4.669825461123302,0
8.177684738663116,8.748960955271613,3.202078232317249,1
0.7151878834859926,3.707134024549962,6.220190187823707,0
5.12781646190682,6.337671129189443,4.413776306032337,1
1.8413743956866169,5.532834118778734,9.830299474762745,0
8.20834716991332,1.1365015372756826,4.771020403141897,1
5.733752453607445,1.3528692802231923,0.5947916672374576,0
5.925316316984482,6.79871998072569,8.543617818216305,1
4.228405513653556,0.020504012670861105,1.1179186052453016,0
6.534015871408147,6.260157994133511,2.069100542974549,1
2.408539699207158,0.5275396536372179,8.574571544445922,0
9.080210074150827,0.5307537866334211,0.49204925758580154,1
0.4492352884443951,1.8457073106431732,4.531893445712378,0
9.249433116760702,9.740155107609676,1.9290344828280614,1
2.9337769523589707,3.535078919620005,0.9490713710977017,0
6.173343769782741,3.4874777754373243,0.41023768928560633,1
6.230649918298084,0.02162948897367234,2.8568659468894833,0
9.336629532986548,4.879918642377563,1.7397547583685802,1
1.043989276341084,2.1146246479334376,1.99381533895846,0
7.073057217165878,3.712304763458456,0.6659860776588544,1
3.3808258181673656,0.2858168339542544,6.111929749330049,0
8.733508199822472,5.59364048004078,7.5149932212779,1
6.397345775158872,1.2376917372591134,6.696439789019596,0
3.7014807023537033,5.966708059772506,2.965121289532384,1
3.6545195477446377,0.8015423502943675,4.07898214212673,0
8.620310571337548,0.5995537854265187,8.014380074217426,1
3.5452902472577277,1.2634970594677575,6.147331964182432,0
4.325867728826546,7.290129413730218,3.4501420164256356,1
1.252861283039477,4.9856917165442605,2.399956581430348,0
1.105627657965128,7.24598624919088,3.8520964475277353,1
0.8511600051532608,1.4866245428611435,3.6042160134366217,0
9.775211375869183,6.34348246076328,6.016060036547733,1
1.46478078390482,3.927058909016383,3.037684719226923,0
8.714562242432173,6.886099230930135,6.998314965984502,1
4.114944456825674,1.7624569179448557,6.268485541067715,0
5.41639088388036,7.095452742055851,5.900464793537097,1
1.5761225411939916,5.5544583596465955,0.7612699651385091,0
2.0997161503886774,7.273703962932659,3.828252868471388,1
5.513116082436669,1.7459308198186663,7.858838760872439,0
7.086692102453023,0.9333920339657131,5.944681353238793,1
4.016985604463393,1.721926621544324,1.9965630840797521,0
0.5123947336466772,8.55474952493356,9.556765408672215,1
0.006890448518209746,1.9669136004120036,4.509409082976358,0
7.993808688855992,7.946572917266474,8.165542744811535,1
3.442778555962941,1.5133658530673477,6.847627669895179,0
5.613452337856439,5.849630842790475,8.53106842201764,1
4.072301128921177,1.209774136677284,3.8065049833235456,0
5.933079800034426,7.427793520127091,8.03721493014923,1
0.6485616337880773,3.9741605042445793,7.790575056776936,0
7.983907429886177,6.215434179306238,2.869044629790002,1
2.911853322215933,5.028073574099973,3.5750301649103724,0
6.185347999728162,4.53010176679998,6.693552717504893,1
3.3424853359069995,1.2685706066417368,6.861735446693579,0
7.558347336742043,7.046809612637631,1.6189102254313947,1
4.589122601679234,0.5657013548150236,0.6608574568015846,0
5.859573383077183,8.800660518095421,7.989040238618845,1
1.1169487276311096,3.8624591237116546,1.700698282650972,0
9.209896683027853,0.9732917688398479,3.2130110389630717,1
5.257182474864663,0.9026246481346045,2.4077878015503416,0
4.754480748083867,4.295430510413145,8.811158645783095,1
1.9300963012922057,4.105475542792196,8.711195765467734,0
9.634448516777685,1.8953715401437987,1.1393545505677538,1
1.1700694548749024,1.2556716517435385,9.237199033440259,0
9.396104103631082,8.002176738070021,7.837195338494409,1
5.7497402296932645,1.5174376604328443,7.960678746432231,0
8.04654661780972,3.106758095886816,6.465684094195765,1
1.02896589422093,6.33075485829055,3.0147995424351572,0
8.241799322282722,2.4097290378327294,2.48921347799791,1
2.9244423304650224,4.9579231345548935,0.43446777363080447,0
4.432019279257235,8.16557538930957,4.044452883233979,1
2.9887107887971123,2.5101479534395086,1.04439636667088,0
9.35045704858707,6.349399299018015,4.234622359824826,1
1.4080518682766408,2.3348121924215115,8.675455678645594,0
9.193714861390061,6.405980285726001,1.3673501829552503,1
1.3173322315013059,2.7523845266082123,7.784824449625541,0
6.523664073898882,9.316979159310971,3.3847726168932333,1
0.47607603296346834,6.648917661470208,4.772444895006335,0
5.843545745237893,8.849608041468768,8.858703181828613,1
0.13011862149522768,1.6507858149423782,3.756512406780929,0
3.233466300850003,9.92608085344752,4.265041140519688,1
1.5246770196390569,1.2066040264259181,6.076095765922221,0
4.656453315211223,7.42238467011867,2.851960592463725,1
2.176961576151463,3.0489401462157706,4.2466059634602695,0
3.75463673315628,8.49360809848051,3.687662333749422,1
0.3340215377044986,6.628375657118784,2.2035806391075594,0
8.50507364506206,2.2155326377413918,0.5727875609992117,1
0.23635880464946912,7.031954459193287,1.7893589891882133,0
8.017346769087595,7.916023795884105,9.050048134917464,1
6.565620762483569,0.6234100156867528,0.6472975172685291,0
7.821296584613635,6.220998736822867,2.797952487492934,1
3.925860869493688,0.042154036416977014,6.087039091377849,0
1.3053428288482372,7.357800379915824,7.8960332691693145,1
4.2232614603300185,0.972169060314757,8.324347090504538,0
3.645070193895319,4.499563910576877,2.419569644117663,1
5.622647068681424,0.5046844966566155,4.509379883833557,0
9.705119732005436,2.102029829751034,1.105492950128929,1
3.0973204771325213,1.3622762450214487,3.6106507986397407,0
7.672376782015553,9.463629464503349,4.674746844853919,1
4.009133311007284,0.3543501046918107,1.5736936318699046,0
8.329792523842954,0.1713970918987584,7.061761954167007,1
0.13322028757181248,4.558812516881198,9.039154392572772,0
9.577787717040383,4.28724211103288,4.92740849633961,1
2.764168917574229,2.247061293328907,6.0050747924423975,0
7.496315169839399,8.29156647533485,9.710234527563998,1
1.0420194232988944,1.3492782658169011,9.562759949451943,0
6.9447899274085865,8.390932604354727,2.314451074734958,1
5.003498595919057,1.0901203035119023,0.2036782797302683,0
8.9165992677341,4.049020399563639,7.322365318920875,1
0.9947461284894188,0.10576315603661679,0.5954224666068619,0
8.565045923799172,5.170126367365857,3.4437638684521477,1
2.800684899291098,4.967045948667874,8.934474507814675,0
7.344784402349893,5.9305505018967475,2.4317270053170583,1
0.2582042269391238,3.2711096093974366,5.858948143082739,0
8.404718334594083,4.791685393590175,6.672312915302205,1
0.8137496321380133,5.135506522804033,2.7949643448905324,0
7.798005583289289,9.66694762211946,6.3203522868490545,1
0.740510281752087,6.97165741653216,3.711002627563448,0
4.207374925247267,8.91339332644056,7.9682829458065205,1
2.1511567789303765,0.63889806998642,5.055259255410078,0
4.475522389590032,4.457202973692357,5.450327988410298,1
0.326822364880075,2.191868981174471,5.352061054712793,0
7.9214356557790655,6.605779585449175,7.567947140771701,1
3.284025939235651,1.4496906736330728,9.785600113422927,0
4.352124047115089,8.64358199566986,8.224136883167708,1
1.0194468532346368,1.3499590431158637,3.9341560246891083,0
6.787412715526213,4.0234017456912525,0.03402112726737516,1
2.7775076730660544,2.5358263632587486,5.669440387352357,0
6.565837402424569,5.381405865266392,3.9741889967897306,1
1.070327172715555,0.3912565786513611,6.870819307494277,0
3.1889166837578853,9.709867078792326,4.582674300731329,1
3.076453492925133,0.6200521110738044,9.887850843401795,0
7.5756963957823125,2.637581053377472,8.142321190834158,1
4.5944771891396705,1.3070624162475841,3.1822655605530903,0
0.4941394387361342,9.63845246684889,9.647506180847104,1
0.44882383323862407,6.737292728446037,4.164338180782048,0
5.106175213687947,3.799014819142669,0.17947643838429728,1
4.124682511324622,2.8481925529009544,8.954274616140825,0
9.83350936358233,4.5601610367963366,7.113112576426422,1
1.462092777341223,4.076212817053378,1.4763071059878585,0
7.737047530969274,6.859344378431318,2.1998571805287517,1
2.3340491177274405,0.7392330752751097,7.952453623000425,0
7.394408722949663,7.233637516407666,3.3114453590577497,1
0.08364456190849356,1.951962873030929,7.592629739611969,0
8.488474699358502,5.921688492059671,8.421439270178332,1
2.806749190228257,3.4726770292565723,6.822523051193778,0
1.0787960861369317,7.103340833499372,2.6058564728788025,1
0.8915073365981041,1.217263347209534,2.05055907009966,0
8.964064568531478,1.9363493572468582,3.1571280199635954,1
5.838309830224366,1.5887267204703637,2.7947865231903632,0
2.5053727750670984,5.91985112765493,7.3044081378279015,1
2.823700205768395,1.081595919195043,9.81619638068347,0
5.381711103295296,8.614012216371064,6.718653900245393,1
0.6937899241561762,0.2593211322025768,6.946556537925961,0
9.797680095694037,0.6285202156135283,3.394982461915003,1
1.9283875968194952,0.6834565371851753,7.014547074711199,0
9.27046239693915,7.794812692635153,1.3826844166895202,1
1.516602494794016,1.4092638562469773,8.04501674944621,0
9.668379970905804,7.418507024299851,0.8723352916801874,1
0.8399383105867875,2.0147168038913987,1.3166775979779932,0
2.0734016518443186,7.299397333609372,2.09055729924562,1
2.7314931222112593,4.184805624556067,2.494276784105197,0
3.451864277857192,5.531013518519545,1.845117555198712,1
1.5604193557352208,3.1537044359089594,6.415251739595062,0
9.541097272301087,9.284427894965456,5.071586055619076,1
2.349502921551262,1.02190417391259,6.025477323423213,0
1.9276098531734032,9.583870053523551,9.261467202437291,1
1.1176794182863992,6.262706337145689,0.05635851701815686,0
8.321705528294123,5.971460579273501,2.969042724624067,1
1.876512440520065,3.4790861615746405,9.127919908178782,0
9.020586464871611,5.77072129301452,1.8752259477930489,1
2.498778260101291,5.4555903261733825,6.142241533670273,0
5.026516047242719,6.333563754689127,3.3853712645276657,1
4.7905418807593,1.2313114042037665,5.140443603933448,0
6.4733438730020705,2.6748334134047127,7.607636999589525,1
7.807783809571694,0.1509936947707391,2.8699371221306293,0
5.479659801359752,4.427398256707466,9.996573182964163,1
3.0728031667255573,1.939464165721072,4.50082290309841,0
9.629608496965432,9.421578204773919,3.864394509653155,1
2.9995208651206875,2.8687550054352675,9.942461924544393,0
8.762605296712383,0.03119457152384264,5.146269971780758,1
0.3266068787426779,3.8550139388897167,8.239408688148691,0
8.437724468002552,6.314515878466642,1.6172752327543727,1
3.437843026948463,3.185894562336622,3.955338729498179,0
8.96740916543429,9.389092289967191,6.481234573733973,1
3.327965891076717,0.8514193854292529,8.200118251089759,0
6.527712076852006,5.267254105615647,9.361594807334626,1
5.118723531425876,1.2813927790583723,3.5634590659524057,0
2.12433804081385,9.733875122593735,2.436568319599215,1
1.1130704643734923,3.6530184377045316,8.848757823841169,0
9.459541717812455,6.697975237831331,8.14343032761272,1
0.5034703442007926,2.097585890597488,7.882931443688696,0
7.224476919927326,9.776395770960859,6.368424683521633,1
1.1947679525409682,1.718415072164945,6.06029838076241,0
1.1465633779267814,8.763190435085258,2.877495597210432,1
2.887125195638517,2.4113566074304336,1.355625394462736,0
6.923458876048361,9.165355606069614,7.1564561936580615,1
1.4450371827392627,4.620481935401224,2.1707486826495828,0
3.9736890485232323,7.8067005834237495,8.747190708922911,1
2.914420026875908,1.920573974317803,1.918138249789294,0
6.149144163863792,8.21086724229761,1.1808806318517118,1
1.931470330329157,3.873640251602666,7.203832747719845,0
9.99770603556524,8.172477704023269,2.7932056405629755,1
3.587792089751689,2.4343088880549004,1.3883989141099673,0
6.528559515209884,6.06582223946294,5.187446138144438,1
2.9698106098395582,1.08284398422956,8.11803896922521,0
5.983110788243548,5.250561014839463,8.171213552263593,1
3.9387268649791327,3.4414023005237215,8.01380683639469,0
6.461242653105797,6.063368093830936,0.24857201361516812,1
0.06288769303044894,5.283499657941441,1.9197394365459508,0
4.477564141915815,8.962979438524956,1.4815040713706373,1
2.9958610905270557,0.42495336742700784,7.245282012281951,0
7.7574955098207345,0.9475779589171385,6.340589412746061,1
0.9973690848642802,2.46548150283875,6.049625550452523,0
4.97052006757832,4.054870222233076,8.00864190725587,1
0.22923576287338543,5.853781866513237,5.380897516098133,0
7.067159113289393,5.929422373675917,1.1633317297948043,1
4.06076075182079,3.2121603189895973,4.665168536055723,0
9.417346621358005,5.330838071583321,6.08768369702641,1
2.238474742426985,3.217643632772025,4.845540940339522,0
8.020943590317257,0.4633104098140839,1.3297554455123173,1
0.935618768308526,4.782355596233496,2.9891145803747077,0
7.913895554548392,8.162567502965722,2.6904289725525956,1
1.5550017613536637,6.399195561786838,6.503598464436612,0
6.927946257559308,1.1889324684213765,1.5383242367915795,1
3.5324204707202664,2.6081758844947824,3.6368715419158217,0
4.466579071847006,9.67337211409355,3.313331821684753,1
6.895407282801353,0.9057588017141027,6.828211862023531,0
9.5661615373527,8.995035126763074,6.548578757051676,1
6.2554464881596346,1.3470521202040564,1.364576320620996,0
5.7692034498635305,6.848693516840014,9.078236890544723,1
2.2379917333250763,0.4831578266451464,9.3082222952381,0
9.135543278387054,5.315094426592916,9.980864944783004,1
2.525630398818336,2.4230419153706553,7.595511297126013,0
8.672493525498902,8.962258364016026,0.546630869213024,1
2.9004060627680275,1.5995414959196852,5.300003051663587,0
9.594026981854109,1.7992322498156876,8.413512534856531,1
6.17714616187964,0.4182877911211047,5.34988691599957,0
6.307257783674171,5.693181931781245,2.926338476869673,1
2.0503294603430655,4.145622577482606,7.3381290847090845,0
7.402483602798493,5.666233527920718,7.114373105115945,1
3.7143737910453654,1.0900333822929653,0.044880022550078946,0
4.772420207284407,3.60800686600332,8.717467416352383,1
0.08349917215097591,2.014992377408836,9.791030812535528,0
9.556725387191868,0.5748972787563966,2.5043150821067064,1
5.682018446858584,1.6413746878484836,5.548554829824004,0
3.408317085891511,8.167564529892182,9.612633899302711,1
3.6761233913387015,1.9345019180747858,9.446478724042027,0
0.7309793696750111,9.752989130950908,2.240971586756296,1
1.0707410956193808,1.8459022627838484,1.840117438725839,0
5.994042321351341,6.683497086040404,9.197578796792406,1
5.529455415331903,1.695351306719356,5.048638761692279,0
7.971803893064402,7.3825573447718815,6.064887253729424,1
5.068027523387992,2.1002037642477402,9.805862211418926,0
7.392215947569653,6.65543129708303,8.484779335869224,1
2.89080283876043,1.910067342646925,7.979114647732603,0
8.647973495326383,8.997311730435136,1.6825692362225098,1
0.8553359444186048,5.614178478125938,8.051551250101449,0
5.49498434885744,2.533333350366961,6.266262917158814,1
2.497934754899085,4.1505248671983965,5.812709621225462,0
9.151375341631864,8.93640429531968,7.76230005646782,1
2.4400720607413593,4.837920386335419,6.090125816222619,0
3.9984389142206647,6.179323123899652,3.921372565680359,1
3.1364237606268963,3.170722366946801,0.3597541822414685,0
7.10704205987645,7.983140669027705,0.8516405334033539,1
4.720463429040345,1.157307093289165,6.329926158587944,0
9.80791911321712,9.902374193345455,3.391425309340664,1
4.698984013991996,0.3699740879921021,4.814442275251264,0
2.8099856086327812,6.079641234107679,6.832448316840617,1
0.8628564759097523,3.282743181927451,1.7780457881303113,0
9.695211967071986,9.939984486647957,0.4779572625169404,1
0.029607176991749418,4.003922484475036,2.269191262435667,0
5.058584769418055,8.890516323470603,5.472705862860861,1
5.001918275572955,2.8348250565294917,0.246176045318226,0
4.790921263089894,9.608360544118513,0.7567339551045849,1
0.3639421918278063,0.4744406863442985,7.985910008303887,0
6.663463666784253,5.318230864583655,4.612019761607434,1
0.47278095251522156,1.74457384818401,3.3121590336197815,0
0.7690724697423235,7.85334990270851,0.9296683104762493,1
1.294600566634132,4.739342901943605,2.5570361549449805,0
2.5482381119980566,9.716563094872377,4.054619715630498,1
0.7660134558948384,3.028627300271057,9.863903304644687,0
6.306681673487712,3.0189752136488046,2.2404729822601235,1
0.20817289451781185,0.663901639556187,6.362687208463814,0
7.31983316838058,2.67948444372018,9.665579239604092,1
3.302799926883785,4.106551614142628,3.513790223530515,0
5.624766766244824,5.769843909027576,2.5869018144803677,1
2.067147560105046,0.09368448752861802,2.642277201017552,0
3.896852992775864,5.564247317227528,8.53142357488461,1
4.972225603972341,1.9943206593867968,4.828708198855493,0
7.014772143485813,4.32398603035436,9.70997301199166,1
4.409733075630865,2.3129474200130753,1.4996471990566795,0
7.4396751524010005,8.907802108183589,2.897226544935246,1
0.6311367266190304,5.2277026961457,1.371721129168073,0
9.87514475181152,5.711949281348131,5.6142616461988855,1
0.7345789166814032,3.9492258903280364,3.260946687194708,0
2.471806329625613,9.484773667777816,8.645538762408572,1
1.4469331261644625,2.0138513654004333,3.9372828878559254,0
8.446742330646126,1.0957443533736477,2.4306178106283216,1
3.6659551127320555,2.7438642427506754,3.825264620209625,0
4.440961492176594,8.46340448158056,6.522713529959498,1
6.465426255136489,0.7999004465709814,7.548595395124098,0
0.057655878319062825,9.610898504733258,9.988551023748022,1
4.685339509444743,1.402045258553155,2.458518400908746,0
3.927487614998225,8.731788787757695,8.329287378054213,1
0.6945824493687136,6.524930004540755,7.917082915064224,0
7.3761186451687,5.303780828865685,4.50187879069664,1
1.8694545607323432,3.9209196641542823,7.387374176406246,0
8.402116046040542,2.283610784276294,9.536095017059615,1
1.0356458553500958,1.9025227654463717,5.513836106854834,0
5.4137228588247766,6.892464711835608,1.8105090004339253,1
0.9230872147899116,5.3442679223068,5.509087565556894,0
3.3930173680894935,5.726231750111164,2.368850146263204,1
0.13081036225043197,4.748878334735015,1.8752732010748674,0
7.34633837973603,6.063598549814316,2.4347029025963107,1
6.369052215932988,0.5117289169352202,8.643703252965683,0
1.2457423214071994,8.4060816464849,4.257432974335291,1
6.307915739797823,1.4814081778659183,6.973394950824897,0
8.165349118940188,0.6227610016334906,8.464335989726532,1
1.1066530405858266,1.1698323264161847,6.027211999027799,0
7.404239139066318,7.175058593361029,0.5434376998880575,1
3.570493208002553,1.5126171162272328,0.03161386020466783,0
1.7652344156979616,6.256604010423343,6.188084565541022,1
3.217246034267255,4.190580681678725,8.249944212848524,0
9.413968944962752,8.305161234160442,2.6365463154703628,1
7.143879070398227,0.35295241745797123,2.266064486268081,0
1.7259009788869206,9.063366283907785,9.892470091533728,1
0.14128482378368612,6.011573898955421,7.571035663698967,0
5.308345906512752,6.764336964407266,1.5917534263041933,1
6.855224098530229,0.6967389271943314,2.7231680927861857,0
3.6020887932926584,7.682223577249844,3.028701659619956,1
2.1585231280646155,3.925511460135481,4.577307618950597,0
4.840474271751141,4.021778112077965,1.7968958443281013,1
4.563265140598726,0.7912951054043404,8.844679472603877,0
9.56707715291752,7.71901308267684,1.4593803007048367,1
4.6935589434578615,2.391082807593119,5.054122487478667,0
7.679812068281954,7.094150060509876,0.0909617308569266,1
5.905609039282159,1.823650465854435,6.3876842682390125,0
9.443541953646683,4.940086276070955,1.7738966126732891,1
0.12251597235699685,1.4228151029476044,7.106128223197636,0
8.945525139919031,6.286334490811153,8.205711389977296,1
2.6668416351753663,2.9307280435049323,2.816183116089064,0
8.120817550339051,1.4346695938984944,0.983927872045296,1
0.0050508578430308315,3.0311029489056374,4.50029925075794,0
7.026531158612298,4.469076795068048,6.498474270502604,1
2.3732375162635835,3.084932548733997,9.354379822957835,0
7.819601977054386,7.004221277654398,7.393097188934123,1
5.949972666734919,1.8798225645166333,2.5000090584216386,0
8.675297678501746,3.284967193922017,8.414260944272083,1
3.0283890614613873,4.454110773167146,2.3852792413001933,0
8.503064837550143,0.01875772051608271,1.2681413681500642,1
0.067049268931344,4.179028919488488,5.022625828516603,0
7.313032823479113,3.7725846064027078,6.940620263506344,1
3.94118154107077,0.5657289142471722,2.81298025165765,0
9.677869015065149,2.0596015698815027,6.491155409743566,1
2.170061040696468,5.376582789999896,8.74522817583382,0
8.255705217003758,5.609582916347495,1.2105056378972279,1
4.897324295607889,0.8231408382516403,9.22747869754114,0
3.174259747491276,7.708344391705682,0.8915133287715526,1
0.19312355469790266,4.295889666899795,2.625886821904179,0
8.955198943376235,2.8512039056804763,0.2674996357981174,1
1.7862386342580983,5.1546437824574145,0.4559822019251125,0
7.598990586779417,5.304861623991222,4.047327937508661,1
3.8170619633940084,2.509130965015971,5.517032350773402,0
2.7294578754936136,8.443692049014354,2.3488151631857868,1
1.0785266457510512,6.7539400769484015,4.962380897655633,0
3.1954313774755203,7.508235161005223,3.169984777445376,1
4.993271105107004,1.503245134170269,9.204693556598952,0
8.396543305331736,9.206764029490417,8.790624313479293,1
1.100155967677059,4.602228079780584,1.0465325285424254,0
7.286031702098301,0.7160161587820824,4.6737042025512885,1
2.380150009204589,2.3719967136033695,6.015997961907255,0
9.999484968692297,6.186871583141025,1.7406064519418152,1
0.8689077482654006,4.846072816262988,5.329634379898519,0
5.56578469016624,3.1962903256714603,8.299413494335273,1
5.8846828712845785,0.9766861634343038,6.986845618439145,0
5.109504261720682,7.878986748844001,4.862315695294351,1
1.3234187430757993,3.136174048352429,0.5579520217271394,0
5.4268020456807236,6.785880504740682,7.4111835789871225,1
2.5824228736516597,0.257446965822965,0.8123364032166014,0
8.368630911704098,6.212305409128627,2.822304194950785,1
1.3805554561277023,1.6127073823384885,2.4167167932283373,0
9.576620930155565,7.124252868082247,8.008185596861534,1
3.384027949010744,0.7305033812397488,7.609887513280196,0
7.824177634068011,4.686148212528741,0.358811014814594,1
0.10683758887447548,7.585547017269097,5.210712266984655,0
1.916165387152431,7.120281617730714,4.6693569813909965,1
1.0419278840365864,5.526675848105973,2.242080677959848,0
7.2025301006015585,9.44424395126598,6.50075494687278,1
0.7268527883405163,3.1948420005447034,8.518034173286756,0
6.857141596732502,9.264044851049725,1.6799439909033376,1
7.115074780945739,0.23732440000555743,8.793040280240543,0
6.665452482788062,3.6392375518304054,3.809251332520308,1
1.3774162723346173,0.2100540784598992,8.723475084680356,0
7.155159518341413,6.539946510777025,1.5989787753286577,1
0.7990623246942552,5.320046478993641,6.505584657298434,0
1.144585207698282,6.956351569706843,0.265857742804243,1
4.374254505534464,1.6825650483890298,2.7625745572809146,0
7.055699949624696,3.9466093526506016,5.926540144681953,1
0.23639641254216803,3.396050228756151,3.9247648456953144,0
6.8157507560267385,6.8750488203531965,8.384704666026794,1
5.208120362883993,0.4538185329920452,2.6540205988665955,0
1.3611294739815927,8.087167318124623,1.4877090378366686,1
6.41087953972264,1.2899549666850807,8.397495371620087,0
7.182568001271017,8.015933562242344,0.16336933374842433,1
0.6178589095028875,0.009176011494351766,3.926868770517463,0
6.508277292766086,9.139396637537484,4.4258350955432535,1
3.5521401942827313,2.869764040477202,7.825146301417826,0
4.079967957515848,4.401688615476466,4.457191683129605,1
2.1808137318600163,1.1551726123478623,4.407295309460096,0
9.846307116864677,4.7158993307139765,7.743012565173842,1
5.557959091160192,0.23728356743747847,0.8830898770374573,0
2.8911134860114274,7.49210737343115,8.789529444579939,1
1.2481695255037983,2.5433752451441247,2.5279001391593003,0
8.847232267776318,6.085905585449129,0.40381382718392533,1
1.2799112486672892,1.767172110473474,3.1612277092866483,0
7.680690124802253,4.218680781193079,3.0933653881549663,1
2.7162802003288267,2.7845436001100743,9.177716764599541,0
7.8147957703708215,8.474040107744244,9.624590117412565,1
2.847269292384996,1.2809395367013032,1.2403424381085626,0
3.740293970886397,8.332574953224993,6.872493053212954,1
0.9990675110357616,0.6204948643668629,3.874867639697581,0
9.1646305412105,0.3415550506275966,7.493771428031001,1
4.977390563785821,1.7932162961645937,1.8593719013222842,0
6.698892093328279,7.2922753075928695,5.506954467407117,1
5.889156478469851,0.9413943379337131,1.1698780095649697,0
8.929149469975577,3.069056307848075,1.6761411100232393,1
0.6039965102843592,6.75440498949012,1.7704520283831637,0
7.008697430180796,1.2529702160092893,0.574532763092418,1
6.026260336191549,1.2362271515246526,6.134070067465852,0
7.3917020211709605,5.594460924900551,5.783653248260516,1
0.5843719978698481,5.027859396057158,7.876557440236559,0
2.9729150745880437,9.115494865010643,2.177714122372744,1
7.2686565126396685,0.1284961140883889,0.6867288592099341,0
5.706902308481835,6.280952525338838,3.227071128224892,1
1.3191506799375308,5.446518501120767,2.0526889541724316,0
9.829261885102724,9.787558516648877,9.678777743170597,1
1.7484396237289401,0.5438620815587192,2.6902066025516036,0
9.358496508300401,6.387935072701872,6.359759323893984,1
2.6122830775717185,3.4054679163518253,1.5841027306915656,0
5.091386002959427,9.890937247174081,5.243516339160199,1
2.616472543407118,5.0577702662853605,3.5814853118378673,0
9.66676015987195,1.3226871541231144,1.060205937000197,1
3.2064355523757406,1.4965918061910877,4.230563109455052,0
7.419148725736923,0.661777921436747,5.989836801745808,1
5.749099189951369,1.658550033448658,9.052304170025765,0
7.482042104753431,9.998577131613823,1.0914536237089245,1
0.27755494038679274,6.7342440049313215,7.738691295310632,0
8.792335904006286,1.7036897733028467,4.8678535507713105,1
0.02520238968062527,7.60820284078621,4.42456115815157,0
0.9729080999611195,7.651044255172977,0.6439217450905355,1
0.66855125127248,2.5807306410769257,8.778524053232058,0
8.113563889026022,5.5813319168831965,1.0923366571023496,1
0.16339585656854227,1.7032062558004224,1.1109653985128387,0
9.092230795617027,2.219129595461722,6.244356335221573,1
1.9553909186971985,2.1137730568546607,8.332280946311787,0
4.5788562094410326,8.902475090085256,3.460207791393409,1
3.1994068701099887,1.3655060123539842,9.471140816652959,0
7.397364765564582,4.104219858273009,6.943438573940545,1
1.0197714271454572,5.162509678058155,9.365724377638857,0
5.458383744590545,8.264355563293106,2.223988642787913,1
1.1052618235975764,4.121579164093437,4.6058400907520225,0
6.653449331350143,7.2295307661524415,0.2972720931034023,1
2.7451859718283913,0.4284602872552923,6.0388173613517395,0
6.515491556885315,3.745423385144883,2.035853783787387,1
3.0957517728279726,1.5700110789697908,9.973667067872752,0
6.114527211251132,9.835138538957494,7.185602375145779,1
2.7914859930584432,0.13525712803394652,3.7494035419524128,0
2.7140605468277945,8.812690747912676,6.9680377026952005,1
0.862579825423474,6.182230544918864,6.922150053580758,0
7.309220725481488,3.1675450228250734,9.309749759759962,1
1.6673775780074784,3.9479540037058705,4.73948124166157,0
5.101045625625476,8.934704028860413,4.578108583476659,1
0.47265437151313816,6.876745780554413,3.8536195955728325,0
8.873291957821358,1.4714943776750766,7.391567804786461,1
1.7221221735941727,5.5603638357971565,3.4293662127735947,0
2.5140672848278123,8.085378097357246,6.319970148707203,1
3.8587053163686824,2.522795129076514,3.6925074331823895,0
7.810660861302155,3.5764437867106134,0.5649457121728441,1
1.427918409370329,1.8089213090674228,9.653323708542313,0
9.123613056528336,3.5716594111246804,8.16352314443489,1
0.6327452989879045,0.8331614414671273,2.7376428001907582,0
5.297698506078643,5.188015200176917,1.2018250754327298,1
4.340142303664793,1.8532487437291534,7.487759440672663,0
9.982859334985193,3.51922777582839,6.899162427875046,1
2.6931238889995948,3.0424929213156213,9.25758174739727,0
9.46068068330322,6.5187205436089855,8.124700088697525,1
2.5990893548853466,4.960753235243854,2.2822881294479624,0
9.239900218351007,2.066414735003237,8.643180925545149,1
1.5796337591362475,4.925736037692742,4.521165810759248,0
2.9857027672596645,8.954750094779156,0.3062387509231512,1
1.576482423173824,2.558953107754325,9.433802215830179,0
4.510314308425966,7.619434046384458,9.505620511864931,1
2.7111784767184655,2.622722695689909,6.971877638884708,0
4.925377569663953,5.112755705129526,5.314516748453842,1
1.165909319395113,3.6659796816971735,4.482294675970748,0
7.399289400509867,9.263762775461652,9.46644116023641,1
2.0909074337210787,0.4904901608245993,3.119019589660014,0
3.725696752331454,8.247021714429417,8.797727753703168,1
4.927796186622828,2.492649323766466,4.638600358934559,0
6.057719805461554,8.688946243047791,1.4105523816596544,1
1.5403756551518177,3.3861045635225198,1.4836469895533078,0
6.737491338969916,5.566774492020178,3.094409864069929,1
3.027939144419727,3.3619375947825434,7.428257345400859,0
5.3180080207314715,4.225919374618789,4.10908493932533,1
1.1146192150794598,0.6591356811026716,3.57311949996281,0
9.502024009980417,7.7527680436415345,3.689857610278242,1
2.2290523535136355,1.176059373233358,6.362817699428669,0
6.0894535333451705,2.1487777241981587,5.122928300975839,1
0.5419621921145779,5.410514869930002,9.47677792864141,0
8.904215576424715,9.584123517973467,3.7755471069354742,1
2.193477149916092,1.0330624748130013,3.4375518530454374,0
9.600967364797825,6.549709665036234,1.8920891759548308,1
0.0983425975558605,1.4204206708672384,0.224478026130287,0
7.3682748954950315,7.012263282833527,5.600701961175448,1
4.856638759336818,2.0921889595389978,0.44031970180583024,0
7.632773980329821,0.8401603738836028,2.2728371169646344,1
4.275185699367512,0.34997037135725995,1.456932061902938,0
2.456638841243486,7.773106831303257,0.5373772495813167,1
0.030459596836517333,0.2990094524015785,4.543536899304616,0
7.423428854561718,3.449887620591703,3.0764860438040618,1
4.8008196249848245,0.6903869334436441,6.8503810415254565,0
9.279036005747992,2.0327927686022216,3.3380100310616525,1
1.490010392254797,4.954561505786554,8.88947772169412,0
6.9227876484046655,9.946999053514844,9.851091522457043,1
6.208827731932245,0.6462228397879488,5.409915708510682,0
3.898978815661721,8.683510512199701,7.212265472453248,1
1.0010953577275883,4.53832598664424,8.359529440495809,0
7.746991471076202,7.3180890862668955,2.304990637495675,1
3.8864935863472105,0.1844635820780982,5.039232705391846,0
9.795303882230572,6.607059095091804,1.8222367486495838,1
2.504534013675821,3.1980011929147656,4.86478566906864,0
2.8798362796662547,5.676656837172928,9.825540344906724,1
2.9454712486878765,4.476723677585554,0.45149476166726377,0
5.509672997351639,2.5285705224998223,2.6195959729383347,1
2.819526079705039,2.6943977673999573,5.401616384239009,0
6.571870541870833,9.187845486948511,9.734837316863793,1
0.5215990178925856,6.00909913935717,9.619512852803005,0
1.862374456169834,7.73089167193807,9.744709745487214,1
6.849119269512557,0.2207472296913704,3.457809617955816,0
4.93190280305866,3.3467161267425127,3.4227712107104438,1
1.164646677078801,2.2901704777779477,3.3511425006240945,0
8.177815580112659,9.533649792423283,1.6786510542891153,1
0.1354582524453607,3.3090386836794217,9.908950274574615,0
1.5587716296896992,8.830908817992482,1.9449850809964653,1
4.719877130726556,0.6003574565024627,2.1177928483258435,0
3.905947283274296,9.543889173059233,6.070163162370694,1
0.9853018707043149,1.6642441462017554,4.895328742419579,0
2.402178284178053,8.199618922023069,3.178953513066034,1
2.6557421711266302,2.252501143250565,8.271096321449503,0
8.165998496318325,5.105084820569235,1.8772270197035579,1
1.523627341021272,0.7111636782550401,8.586495714900947,0
8.201777798800135,5.5268392264004245,1.419172934264098,1
3.0164465424723117,1.3936711913864819,2.0858809405369083,0
6.154889191890146,3.3606906816808904,9.16822901547198,1
1.8370202343730235,1.1336714142349613,4.2171312344379706,0
3.4870701687710106,9.768939317568883,7.115797046349506,1
1.7253492962141548,4.478331236900244,6.614408112664983,0
4.395176050920449,7.7506859687654375,9.236813590461741,1
5.656977658262861,1.5465110413559369,0.050553387531124816,0
7.702376604218396,9.608042146719395,3.8396026096984226,1
6.5234992167448,0.025601960831923565,1.5955874746347676,0
2.361179620644589,7.948179599771827,4.658275360865876,1
1.7975978618364308,0.05654410878977001,9.13775559668553,0
5.87329220289496,6.328795426674754,5.65998652928023,1
0.29390593916396535,3.0263080491489425,9.004899803252735,0
7.135096611635224,5.829348693467945,6.301309392067295,1
5.190865091064579,2.702925555703727,3.9838289159928264,0
6.29814435009979,2.6010102098932086,8.424347954920659,1
5.658137177802148,1.118177641575776,6.0914418106212675,0
1.3778287364916586,7.86647380992426,7.3628384551413575,1
4.358664983496892,3.312943450488084,5.636064927686885,0
6.217826626914057,8.565129189026013,8.216102477112452,1
4.464327266587302,1.4045063358404053,1.2707815266171296,0
0.9306569730938008,8.546345060905773,5.080664879424086,1
3.47934015595341,3.0702544154915676,1.2518975042853153,0
9.198141155661135,0.36758760889930575,3.698993311141592,1
0.48355447697333465,6.562299238817748,7.921658696336294,0
6.386170144983425,5.207166460914607,7.571092059786022,1
0.4660762617299463,4.355863983977629,9.377300891576532,0
8.107615764019114,5.951569909893824,8.073124378096857,1
5.783531942637379,1.977680376612615,7.797063106039576,0
9.255023404418083,8.230319585317682,1.8525369987274476,1
4.343643101038866,0.13973051997281938,8.270724118164226,0
6.81549368045555,2.768008924012629,2.263037951687749,1
5.234164059052259,2.253147182980333,9.18892789453167,0
6.111778397504095,8.597856778294524,8.146214422811486,1
2.3836335138723594,4.221039834274877,2.4923379288403003,0
4.08000070809323,9.313505858166433,3.270710957461903,1
2.463053282645671,1.1754415546526287,2.258534272745254,0
3.701086661456946,7.263357244468685,7.3667056020324555,1
1.4248596398005364,1.4384008340995458,6.667045966668899,0
5.956120084545016,9.069791344499993,6.82880611357265,1
2.0472139923905717,2.2973448084711876,3.1594158073918486,0
7.31208924195219,3.083781810543816,3.6505193492852728,1
0.28114169697401326,4.7741277750163045,7.288554555775666,0
3.2528787247183932,5.790435850448491,2.8132780252340717,1
2.1014840715672953,4.428738516455191,5.309958717404832,0
6.8609453371761155,3.5838155942695304,8.323594678486621,1
2.84105225797365,1.1688553142643132,9.80367833567787,0
7.979476329556547,5.706329097972351,6.207422317194132,1
3.2838675358138314,0.4063361714578684,7.817294126814392,0
6.94011497400637,1.306093209354785,2.368249993754332,1
1.721097358697723,2.5604137784959846,9.715812859199682,0
9.438381164477356,3.7033240005089576,2.383317139391382,1
3.672535533286807,2.7886086072706684,6.647850298332091,0
4.428848807383114,9.663226319412338,2.8957115537696207,1
6.273955488315054,0.7663613653743473,2.725132360495224,0
8.551708506111353,4.2460386783138215,4.815507287908233,1
3.870456277758494,2.529355739087258,8.631858831449335,0
4.850251915657374,6.635159886888124,2.1043447801306847,1
1.109675813946902,3.890617300013113,1.1927638456016776,0
5.739482076282501,9.571728711427049,1.6117320284993764,1
1.400059385596094,2.6601375971680485,6.543776993591559,0
4.071730850169855,9.187114865455921,2.1043108976389235,1
0.737341838416925,6.03286987882494,3.2799665743097925,0
8.093370258105299,1.2573561005417622,8.03444849622388,1
2.6009557929213614,5.145091648566403,9.55511273783263,0
5.8364897803934115,3.882845934503872,2.237109588970249,1
3.0862471869709927,1.446393060127581,1.9288260737182783,0
4.673563016435097,5.833800671677489,3.9878897466788987,1
1.3231981441515583,3.14280486198133,5.474339281777598,0
6.724798122191507,6.196854170270903,6.180121473029456,1
5.6745642344660805,1.870924668886621,6.235563935655541,0
5.130997895279769,2.9296867085553258,3.0481202239122096,1
3.5340590096615276,3.308383824119127,3.4429200904252455,0
8.291049623831249,6.29628783804019,1.8223546716813488,1
0.5049850054539906,6.689581979006255,8.169079005458354,0
0.8893761946571577,7.69047276064221,2.3490052405269415,1
5.441906034816629,2.165228050097033,9.159104237397287,0
3.4191296451484563,8.720141492351116,5.296726869740239,1
2.7045454909800535,1.8638505042253783,2.7276153690371996,0
8.46524168078888,6.287890903159122,7.7047687438836725,1
1.2545848741226207,3.8509276404727597,3.9842267396335727,0
7.718585996114356,7.107160285103443,5.475174985750132,1
1.178350607577363,1.5882155502264639,6.522219561097242,0
3.0275571024156154,7.733919960372685,5.645769060694386,1
6.357178974360599,0.7190948626348093,9.214318343177876,0
2.2831071847890416,6.930894420478715,4.126758195878518,1
2.62809609072764,0.2760022321926281,0.5080036003767208,0
8.57879293645951,7.400000128268557,8.013950451612686,1
0.8569937143614104,6.1659608292509995,6.728756894218173,0
7.832656676715963,8.354572882501547,7.543508595025394,1
1.0890782615336092,4.984052369360368,9.178298530793619,0
4.364665088492429,9.912638451409405,0.7353861819948981,1
0.04139648601700796,4.600265988125672,8.044248768669215,0
5.12218072590758,5.9314766240688055,4.006342638524101,1
4.0991777160743625,0.08900967658988734,9.48334787354373,0
6.548680568832246,5.609003656428053,0.9699225438616654,1
3.813770316172327,0.5208149298647791,2.201281199300291,0
6.135053168151522,2.4220451758464034,5.811431449770213,1
1.6190925319681704,2.701688030145546,9.166124939837974,0
2.2734419330104516,6.52348142198798,7.3634667944688195,1
4.899082976976297,1.082382771217646,1.693381635991218,0
7.803622715753495,3.21577108783091,5.219498406412849,1
2.802889320221724,3.3871353979921457,5.1912630707798035,0
8.97453117884686,0.9097840569340354,0.46013602748413596,1
1.13055456397815,0.8931683901129339,1.8327304718792559,0
4.604775284841594,6.815610653944956,1.7775457708959497,1
2.9126086345751965,2.049620333565115,7.743919014259565,0
1.0971959942160903,9.85083356435789,5.152298177198544,1
1.3208218402750893,6.017331200642351,1.8286222060709623,0
4.627053920238583,9.593950819766551,1.4023702279564154,1
3.962546923293683,1.9557836277749996,8.630520447378391,0
5.691447760528026,4.347292942520737,8.316678771869348,1
1.4022964511836256,6.155953771462551,6.914962997239995,0
7.529854430776882,1.6941493918382378,0.36804220059735493,1
5.929030430240689,0.6425339533513252,8.959062250955313,0
7.469953880954661,1.195991693233085,0.7980768637151026,1
0.3618175391913836,2.9138445964767143,3.7840777407929984,0
2.6509731138498447,5.497290830765198,0.14868047992027456,1
0.932847161036171,4.336755113749148,0.5323250252001976,0
9.45129913785779,7.820074135470763,5.233747834041448,1
4.655148045858203,2.9703957443410376,8.068000338704536,0
1.2049467306137307,9.117491211316231,2.022093825523279,1
0.43049169197442283,6.310203258044699,2.002182533997323,0
9.975495619979789,9.118332042425468,7.671556363603522,1
0.06734090677719573,7.815011713462612,4.982062730005454,0
7.1033166055067,8.752121786999137,8.963583357963282,1
1.3580646872182567,5.9331212419455515,6.0354606751635576,0
6.134331276607115,8.571265131609252,5.6022606781649555,1
2.7507840403567596,1.6145308653249169,0.33686760748240396,0
3.06842649239095,8.26599110226173,3.102278515572742,1
5.658244874084644,1.7198551181225197,3.2760726478874505,0
9.776259969097032,3.106717361049763,0.01491677749447029,1
6.214482777705431,0.8245025448393639,7.4975321901307765,0
7.782388563440982,3.1582732700329084,5.570280244491963,1
3.3078041664111977,2.8656316022959216,7.454949974640613,0
7.54538171880371,2.3199153212390478,1.8916738459218818,1
0.9908226240726048,0.7141975837973902,1.3682906155505858,0
5.917547571803028,2.2136206558620275,6.886630101348075,1
3.6940194980766208,4.2062993717300525,4.178847141962439,0
1.2966006205078628,9.884866039595899,6.692967218974703,1
5.458362495367947,2.1765952837685,5.493910846453565,0
5.9971333671872875,5.16905908676919,2.4391997737095727,1
1.0730479777611635,1.0755795618306663,5.742045266321925,0
3.4236047552128532,4.7839290517549475,4.312017645768399,1
2.180930218046091,0.38799443137019773,8.307166075709189,0
8.534069658708066,3.2313425933807984,8.630901873204643,1
1.103915959771059,1.263511529172684,3.0620481844386793,0
2.357717861571232,8.573692517215488,9.60098815900515,1
4.062925984485327,3.292236104151034,2.6819332167796537,0
4.420896989930878,6.051680102951749,5.10049654933937,1
0.8592815905890039,3.2347435892387786,6.686979735158822,0
9.037582475341788,9.762636888275347,0.3391873065428397,1
1.4359852409354146,3.0814917093054173,8.599321373621647,0
4.75581531839608,9.579100240261317,7.59693746237097,1
4.200614683410343,2.9162764586540337,8.633302480573835,0
4.790501105672385,8.584266958467943,6.522005977731903,1
5.4857643102861955,1.3203782704537381,5.112388605700485,0
3.116201735945655,7.137378067789221,0.07889320395903288,1
5.032540936675932,0.8435830514539311,2.3595924404593225,0
1.5889360246904305,7.572790076897777,7.914228238630306,1
2.097477692412327,0.10070393559323376,4.0923246833573295,0
7.311252865025723,9.027520783528741,1.2247342857762789,1
0.4391791999735828,6.371904103796943,1.5571374499321522,0
8.132891686409677,8.159626204168033,1.345152689103677,1
5.754341837155889,1.3282135399810968,0.7135987352771878,0
9.729742890193545,2.625017338099246,8.841343975331329,1
4.127039646168433,2.210878375061407,9.79413694111546,0
9.6597597099015,0.12523621607494095,8.185603226397976,1
0.9888537904834382,6.217827730180324,4.420072065502337,0
3.5497664246191,4.525810155746459,8.978916652928588,1
5.476586811152001,1.5352031011085099,6.609268652842649,0
3.615637144023972,8.405746622803111,2.626388719500686,1
0.8681040980207533,4.740328047594736,3.921590724336186,0
6.732064437957439,6.654076509246558,9.016197837549614,1
5.6064348328607245,0.27497363021726673,3.274324754691639,0
9.046332782505042,4.205170106584129,4.634002800489525,1
0.26982248453989,1.9043669902509441,4.370582199271869,0
6.807570063585329,8.534387411091007,5.13514981345475,1
4.49179321360189,2.961450722051271,8.70610299949657,0
9.336972660894173,7.888561007472548,9.589502935152163,1
4.333120593106935,2.0156913752650207,9.752044560482684,0
5.207223534400604,6.006042168734956,4.462721868601416,1
2.6515295937957264,0.08262043391028095,6.5357788671868935,0
3.112149426515969,8.24479057744388,9.45137522809102,1
0.21619888656314257,4.680539670500306,5.490829412862876,0
2.998966474324778,7.939884259178766,5.954860399140656,1
1.8116816228289934,1.8748600738950327,4.6469419930410325,0
0.2241459967662418,9.660502102214211,7.411212875374549,1
6.31170999215684,0.7932132314930695,0.3235525983185006,0
4.407168785993802,4.5080373307620425,7.966429646903027,1
0.9542537512226668,3.888697493697344,8.11459379630627,0
0.1434105698357524,7.967478511068556,5.465391478271463,1
5.42443488868575,1.1397053504735888,0.3771688828876041,0
7.701651963125023,4.721179528637359,1.7409159748998826,1
2.171469036517525,3.9030912698328812,4.860524876948888,0
6.222069984337086,4.724822283792836,6.169503991781915,1
4.250621027917019,1.710404085381897,6.630337462275858,0
5.056862972484831,2.9528701209887878,8.117232464269833,1
0.6709491794422451,1.9860424494974083,7.992868003872741,0
3.511339526793187,6.2215781083226185,8.711630320434693,1
0.13860414209282412,1.8085820859235657,6.814489962064501,0
1.6949982940718156,6.890890541201885,4.142338391787625,1
0.46224879112070405,6.366488599670758,2.572993846715476,0
3.5667203349921115,6.108655405268863,2.606855597789922,1
5.955213231085615,0.6447597840645569,2.0541261251231435,0
2.2945456238429607,7.7545043715286255,3.6984417017330564,1
6.1319651433032405,0.6695569498836251,3.5953725267944603,0
4.55864541857807,6.493606618536392,4.400642427805929,1
3.8936885440635183,0.5220666299749133,6.903358820327151,0
2.170494903812441,7.229580500529358,0.8795011234478489,1
4.653393492934686,3.0056326449504436,9.290573786259293,0
8.109624033617623,1.220543483621993,1.3864731954403808,1
1.5465580581321114,0.500553239173791,1.4462094076102605,0
7.612478104935251,2.059041621969524,3.2505250979951317,1
1.7164583248745668,2.171003233955635,1.043446064487158,0
7.706771438258962,4.938295107968854,9.537525260590698,1
2.8872711893454186,0.522665135819691,6.769483409646394,0
4.769461091304632,3.3468690355501507,1.6724478508402985,1
1.7674362432892066,2.3363129599604413,0.9484772084618176,0
1.1188001722881302,9.841699482702396,4.715012453252099,1
5.389784026224681,2.584154113981235,3.7637319867802144,0
8.61062584635658,1.4046733191861982,4.765654792942941,1
1.0946220628291148,4.225636514601771,1.152165488164112,0
2.5140299142140297,8.972573465788061,7.671332272430388,1
5.939631132109705,1.1565469069722834,3.9783090868201976,0
5.2250037651870045,9.40216858907587,8.66449603063128,1
4.168323045806978,2.0429550900942517,4.029779985400942,0
6.479631950055113,6.520324400226504,8.007941700090694,1
3.8851087934389064,2.551260396777276,1.7772647890707438,0
1.935065305822864,8.381152575771415,9.187964098885523,1
4.029547707341478,1.2431862035435437,1.4799091088359628,0
7.619650552012582,2.9109474943289317,2.241243224147845,1
3.615830458715582,3.0504495142190424,6.044928886338146,0
5.674172125144591,2.6969141377333483,1.7819686750644292,1
4.038900434686598,2.535477962497218,1.9973824870606405,0
6.771959425535803,8.396941154733964,4.11894553886294,1
4.788308467463104,3.194028656405231,6.235793994748466,0
6.740476508053373,1.2720641549474199,5.572930123372939,1
7.471308427548292,0.15442448717885915,4.104721396926086,0
3.844146395088388,7.772380975512471,0.5047742450893211,1
1.9352249865363025,5.652429351719524,4.876500649521931,0
2.5043800329241375,9.041798436222889,3.185834560956695,1
3.723456446225464,2.6299824197610286,5.299581508276848,0
6.086632549928143,2.0612566302669366,2.5071102031877146,1
0.35958803731879097,6.320497206908014,3.9002886276860957,0
7.4970473468786345,5.974058119089035,8.36577418525158,1
0.7693151384621899,2.191771418091728,4.749412108372304,0
1.999452326332113,8.653012410224132,2.400439481602803,1
1.4147233033180173,0.08500592977556565,5.51498200168232,0
7.490462561813114,2.8154619082455956,5.864596429292063,1
0.9377585405230782,0.33914670186325324,7.8891740596914435,0
1.7547850603429105,8.445251805832685,4.834400391789257,1
0.16671653021116617,3.791963910879952,7.4691426934261305,0
3.756284222793489,4.720212543459921,8.916995220260981,1
5.913572354282206,1.321239957660869,9.692387596607523,0
8.869213648092018,0.7655721722004527,7.613577169130728,1
4.840294813442338,1.505269118734961,4.838480182687718,0
7.091578787228601,3.130416055413263,6.296667830806202,1
0.651895907284944,5.029223207584771,2.0182942404702797,0
7.452146116571186,3.318898309216763,8.135971076062617,1
0.8159137549040563,2.6481955515873015,1.3859853729266014,0
8.39005252313848,3.0032442789734537,9.258107364978743,1
2.211795723891518,0.0679860005429267,4.587935885232206,0
8.808101941187967,7.670294601785692,3.908264268230922,1
3.921851120209495,1.132170424357789,2.1456596488724933,0
8.134124113320025,5.653814070561935,7.892979460270277,1
4.42628853404247,0.6316304221360014,4.752061804599869,0
8.168748294791362,1.441652507669633,0.17372813042211388,1
0.23821972518392132,4.606417465789523,0.10888523262127192,0
4.29352311286264,6.0613807214912825,4.860486247591117,1
0.5620360023784354,6.566635511443346,7.295748861781401,0
6.698078954939213,8.031573343207604,6.806796025702489,1
3.9711987820886407,0.23521048562608948,7.537793993146806,0
0.05012817494634003,8.700411824970928,6.201701340551077,1
3.3836632829504643,3.9412447475197165,3.6516202464271474,0
1.413051903075414,8.28923547769868,3.984475044636009,1
0.7328876536022666,4.021613654897552,1.9966503701454308,0
8.696904187082273,4.56138635043083,2.35071386783415,1
1.444947253539769,2.7902084940803453,5.347194119754583,0
4.663544370638222,6.943413209600172,1.7655476456453933,1
2.0209348986765177,1.3265704129504563,3.6024195667755663,0
0.9071402036934528,8.541975002873915,8.640904989030515,1
4.627129406684906,0.7020370596846193,3.7112399362378468,0
7.598183391526071,5.531285819152933,7.085020527481445,1
5.2737743411574565,1.6309178029262161,2.9088254662891866,0
8.297195250103877,0.5829945195883868,9.659967893408526,1
1.910060814751986,1.6710833861235008,3.7005548370747454,0
9.419807144981942,1.3282942453355828,4.727476609610081,1
0.0198006672861617,2.3140110819260915,0.7056048635176115,0
3.493804403958032,9.711706294949993,5.237805469826001,1
6.206107931519368,1.2955707160530172,5.586838545130538,0
8.959568649748977,4.320820232670367,0.6037863399326071,1
3.6343423362089267,4.319807340199703,2.8469691540437148,0
0.6825026546948776,8.779562592751338,1.2334727377094779,1
0.25799000920193715,5.867292776700451,7.505989089249592,0
9.67615892292503,6.820220286912658,6.843237565615433,1
1.4376097369077367,5.3548966817640835,0.21269350252993036,0
0.240445004933868,8.169288878206725,3.0635296364480977,1
6.754226178884418,0.5021661080866813,4.642883495081636,0
2.1811000221488843,8.24226257984781,1.371448954250104,1
0.8338052677762431,7.133125879442281,5.995686836022208,0
4.631438584900943,8.445968726075378,9.343642415888208,1
0.26869512765445247,3.773250718204798,9.741967320071145,0
1.9136487710628525,9.02417874109239,9.563896549850666,1
5.710571604785426,0.37517882681123216,9.413257729424666,0
7.410813845652213,1.8793554623760866,1.0917668168315808,1
1.967277379929272,4.603184163916173,7.851171942163714,0
5.208554730519106,7.692122625972921,8.928699384990024,1
1.172497503000861,5.617390586852526,1.7690682302411376,0
2.698687173128934,6.119306709480056,6.4435590933009435,1
7.585577944936469,0.3146124874828682,0.7031612665918963,0
2.703344101002055,7.8591730623996074,5.75626586247603,1
0.7371710868337122,1.011667592066906,8.115019884752812,0
3.974091772990207,5.118228831551339,3.150085121711369,1
0.27547360696209555,4.606018364704855,8.463745933127022,0
2.47826114593791,8.131815735085574,9.47765293573834,1
3.2351520209698537,3.0732952845522443,6.7977645350692075,0
6.9195185658324725,1.2513762767722536,6.937617200210372,1
0.8328663442864326,7.158213705902279,8.506898566060423,0
2.239591314154622,9.676147638671553,6.762903262197545,1
1.5369170534903298,0.8901788869395877,1.5882286418239888,0
8.789041537807783,9.174971007206599,9.044326889698437,1
1.8744277618369187,2.8204074393624365,2.4939775341445527,0
6.294942571662801,6.052705093278,3.1333191449957387,1
0.7384832948304243,4.719086129012923,1.5632264280587138,0
7.104401313483009,2.778031974797978,7.254429776643361,1
0.659827671220774,6.9025606332439216,7.210482023836642,0
8.469929221556292,9.7437306143308,6.338398787541788,1
0.5341715615770926,5.72452624161164,9.61271797246876,0
8.300765398340745,6.619736190703939,3.4150449265498404,1
1.4479088710744836,2.0742942333193213,7.819934442129862,0
6.335064360912064,7.088632804008573,7.893998206390793,1
5.896787618959559,0.0985723688367679,4.884911177432956,0
5.243934721061292,4.4661251895498,6.690092096411932,1
1.5594497886357994,6.314794759360453,5.6587661261797075,0
8.713072058103279,5.699747611874323,0.7749412774892905,1
1.4720283060182637,1.029443701751237,5.818022272796508,0
8.001765221916711,8.850900422697723,8.5368971550811,1
2.7523064960457253,1.1515208556297007,4.578907875897192,0
2.4145313729141495,6.842300803950487,5.553604922364217,1
1.3573019811121667,4.891280550606346,1.402741382309225,0
1.1227050451054155,7.489761757442912,3.0971743274478403,1
0.4731223086486924,7.419279117896186,4.55749812941508,0
0.924497915926723,7.646814861319221,8.121348143584774,1
0.6506149113294601,4.463884396893869,5.12663027279888,0
3.900414020537737,6.064495653270914,0.3179329849647561,1
4.3317249770900235,0.5609881174816467,3.119567143238544,0
2.764757168842512,6.709935253199044,1.9074394683932239,1
4.980972785972585,2.0468869165071437,7.081293375313474,0
6.736888001458464,1.853449547946514,3.7556545426561394,1
5.261368333568575,0.5091659499233769,1.8199923338585589,0
3.308099345320482,6.346181821523037,2.6117627769585496,1
1.4927654518531663,1.5041292788930871,7.846852640112995,0
8.599063705767557,0.11234724800048723,4.399429529311569,1
7.505924509837873,0.4052192413878386,5.02971302272531,0
6.348596319767133,8.195072332595947,0.47904543560368773,1
0.23750199463695165,4.141846281365212,6.355797185462339,0
8.850059237581885,9.567038669443493,9.982433239930682,1
2.254093536789743,5.057199765692425,0.7260693561402964,0
9.177495808183412,6.890833869966881,3.9140039654335865,1
1.2677528876598743,3.117557404215127,0.6568662102831557,0
9.307429051074195,3.8108595863036507,1.1668544866767283,1
6.737878090580773,0.9118496513020169,1.768709652809235,0
9.914588293430345,7.894201612591301,2.176184291099342,1
5.058481929109963,0.7081110364494281,9.734555292053752,0
5.3884686155760555,4.9178821775566925,5.322373918344432,1
4.480804029843536,0.8392223858481507,1.3780286514400653,0
5.200516137300509,4.536488261820878,9.97587131689602,1
2.2254720300734396,2.560614804391631,2.7380094686467604,0
9.98944341703612,9.488218602812825,8.314589272202806,1
4.40348093446044,1.2998616860121548,0.49871220015889617,0
2.4758387169043052,6.953690832079198,5.154632484915892,1
2.9209910121478275,1.0001532657371404,5.489865361593395,0
3.5333297495504423,7.860808190482822,7.7842187722835945,1
3.6452771676628415,0.14702288727382662,6.3347178324221955,0
7.549980109325894,6.99970227365454,1.4344856753259472,1
0.6495856266693034,5.0684536774831574,5.636747138630017,0
5.477901913402645,8.72401252937068,3.3025170209365506,1
0.579459320672171,6.148075183129253,8.95634877494787,0
7.665992850441132,9.005410857633443,5.801009655862488,1
2.408431576134662,2.584052926462852,5.184393057071587,0
2.7418294637578597,9.530146201199784,5.528125002213569,1
1.8426695856083064,0.5676000931357095,0.5443240666376015,0
7.947028375956994,7.306221498469317,3.794551334190266,1
1.6230723395532576,2.3450529823110386,6.64147871130174,0
1.0761162169149419,8.459358892281225,6.058964973364129,1
1.8341706671540159,0.4395185097650933,2.8399612542966546,0
5.912549180730341,6.58500094538066,3.22032825879105,1
0.16687776631410078,3.5961085113208577,1.8069694647021206,0
8.466012604277791,5.30694207459433,6.156265762911715,1
2.596694734442828,3.7467282407053757,8.940046927498358,0
2.7219659078857017,7.212233457430405,5.4638009104914245,1
1.5337278041667324,3.0940433851444604,8.711331249335444,0
8.365846240274383,3.78011293078694,3.922057574231963,1
0.30113942008094363,3.6991466044710055,1.8775391438327704,0
9.662082158256556,1.9098460098104753,1.8737955537576978,1
1.2815785669103708,2.907212461461283,8.244564594042656,0
5.3703668538243035,7.788136916440988,7.860634399178824,1
1.669310142849808,6.123940086720262,6.385091427824535,0
6.993242378068738,9.8029876338184,6.273879161167606,1
0.3785227245901013,2.4580348783447237,4.16323836830159,0
9.18642368499425,8.046112842659044,8.986380588414425,1
5.43173226808742,0.5274186242593559,8.205769425805137,0
7.4562680252465485,1.9179445634608794,9.374121740609437,1
4.656575931644643,3.2439302489009716,7.0481072583607896,0
3.775958292846683,6.309060656053762,0.9183617772860087,1
0.726121602313855,6.266409166926011,0.8548571863238674,0
7.492563787029383,5.445384151782902,6.520852140695965,1
2.8147800460201378,4.661832225202637,0.8971353147682359,0
7.520920418519298,4.308359329688836,2.465988037793455,1
0.012927753157667699,2.528493305001389,3.1482080441377738,0
3.3300302699851247,8.007419431061827,9.604984368344308,1
2.2771047403118203,2.9976355086826256,5.827038833955951,0
3.5260746835354406,9.043764875838374,5.8709678779523315,1
4.250517234467414,1.847393477707605,0.33931813794341625,0
8.701748491804672,0.39974748473047605,7.314384639490019,1
1.2400471742009334,6.14296987648113,0.2707749925244607,0
7.203461862189253,2.7336003328695178,0.3177548899341265,1
1.897640858748424,1.8201549141538453,0.0027912658918738398,0
9.877331160324433,3.450875752956918,8.78406580653946,1
4.603648250841738,1.6998045982180554,3.264454201453738,0
7.8182360235291535,5.424049519482894,2.0220919290572414,1
3.725750613667491,3.741439626768525,3.409844962489035,0
6.579585554900572,6.476741956827222,6.0175593110076475,1
3.5840703420257105,4.17673410698412,3.5246049461568827,0
7.585944566426618,1.5656306655718044,2.940954873576932,1
0.9817994324292623,6.7327469945088385,7.5712999677833785,0
6.864820923887293,8.675856749952544,6.239360876784854,1
0.13373634466033457,2.5804676794847206,7.989188432801323,0
6.478339952629448,8.584187730365135,5.515358354881455,1
7.266428010486737,0.723245844421998,9.451825097671438,0
7.115819161282692,2.2850626654092077,3.846184732748833,1
2.8544912036198156,3.5570810140191056,5.965985585437872,0
4.634022233902987,5.173909630877111,9.123768685322274,1
5.641787385566407,1.9058234744832758,2.276564621341458,0
6.512809696702822,9.231182567397228,7.239049361505623,1
3.581162707445685,0.5719116710211636,5.505716205259002,0
3.004685821646973,8.529476554921,5.529871731242273,1
6.884283426252789,0.18502352503294794,2.896947206831697,0
9.762499702927084,9.002662937857133,4.8053945656427235,1
0.8566717768236354,7.0121698985753405,1.9298845701333367,0
7.985688382948737,2.798192376588857,6.9868159878057865,1
3.0325176100473907,4.70228027106246,2.0041580855158148,0
3.632017913824639,9.781965882044386,0.7808138626385053,1
1.1478414284254634,5.084860714239737,5.57587126709983,0
4.948659056481864,7.995639976777547,8.898220058556177,1
6.336067293311497,1.359646416518493,5.203143994515253,0
5.025756610748937,4.054470641886555,8.873141513327564,1
2.10603667005973,1.8206648686727134,2.256877332453474,0
6.877239086544052,1.5460525251102164,1.110384642920491,1
0.04043754871057459,5.201525138005707,6.31306578985239,0
8.390612029849072,5.328377975985541,9.43974124844549,1
4.008032736181373,2.3277993720238643,1.2545973763494767,0
9.76548624222479,1.3674292177600023,5.742490165748841,1
1.1271310671935075,5.00862421602015,7.061885384272469,0
6.988929057446104,4.938934499465403,9.644140012666018,1
1.2235583627031588,3.597018857140327,7.855627714719499,0
6.1526354664511,3.2270404884115687,5.468197265990392,1
0.4648772242673693,6.06436471283879,4.447711968131847,0
9.917686308105745,6.424259277285572,4.821896773133879,1
1.2120973438814775,1.639369670350278,3.556170855673079,0
8.899787315381694,8.350768625691924,1.30668809802566,1
3.8293132412830144,2.2305478794143063,0.8404633441067522,0
4.804182153645284,7.289046927786588,6.850714944074559,1
2.2705459203446345,3.0525660817044384,1.5665945577898754,0
9.78888511412184,8.267511441541274,4.286094604037707,1
3.9338788987687066,1.0758521023549017,9.42114361525223,0
8.213332639994293,3.451345613389102,4.667599858354249,1
5.4846165356827745,2.442464668896047,2.6727473778218567,0
7.830248195419845,0.21737452433313154,2.5320337518422953,1
4.018507871332559,3.5846006078540182,5.3717463215149674,0
3.260082253662495,5.118783584744247,7.43293190612056,1
2.5506978215699605,3.4900723910600853,3.2643113173844798,0
3.6485914906043893,8.051236779496126,8.959022769855249,1
1.0588466494208748,6.2982909286477415,5.611081924784339,0
7.096999864571986,8.890822696432101,9.970240320899887,1
0.9486788280662017,3.996983512518338,8.759503338530257,0
1.5080997407018748,9.856793806452977,6.81882763940897,1
4.219050669546016,1.114289778800367,5.93547806626887,0
8.716755605779275,6.3001884600760105,2.3201596209844864,1
1.2615527587406072,3.2333037656152106,9.110556486490541,0
1.337984102489238,9.681800132743842,8.061854347381757,1
1.1056392127282666,4.999589475260046,3.0298707788023793,0
2.9643304966222397,5.70255431072486,4.077637511787615,1
1.1432932836970966,2.6795665545933387,7.987926377358753,0
6.864774237805991,4.251279645223329,8.39695408340385,1
1.3844508553201573,5.207350331814667,3.2185904911064345,0
8.056329920932361,1.2699180865896942,4.436110354890808,1
1.4174335103794278,2.8163034777717657,3.7963907176311995,0
9.501576169726407,1.3514137818110161,6.476065873112126,1
0.26889276254701167,1.925433752340745,6.759722176883499,0
6.227595569967019,8.383963911593437,6.096540053664744,1
0.7245999061608599,2.1076032454972307,9.473120153385393,0
7.2554135819498065,2.83535991542879,6.66368798612249,1
2.101751629409323,4.601655750914924,5.976290885735257,0
2.244527852727123,9.88322436672427,6.613163221387845,1
2.718548653937438,3.816413625681736,2.2707330341351772,0
6.36815757206472,2.333872040642312,7.7159433037431855,1
2.6790245342095433,3.3275720961374446,2.1934515849876854,0
2.4180751883025478,8.829274014296814,4.654316898123387,1
4.669361208546445,3.197089274697209,6.032699386098381,0
5.731712631524012,4.426425456348585,4.383065813913775,1
1.2134560430405095,6.69581284644986,0.5099642245387714,0
6.2957705377352715,2.4057826694024365,6.3314577082625245,1
5.5636637771906186,0.2666549175168864,0.4951356333782819,0
7.3848914053072745,5.578329027831927,5.257614477514704,1
4.684309472897949,2.005011218126512,8.66114912266164,0
0.8747242293565116,8.163705804259514,2.2611364867997477,1
0.39945519367354576,7.281264667731689,7.269618111635225,0
1.201658179156373,6.922461687852063,5.196916479458626,1
4.147601795831202,1.4241995520115447,6.7573571412923,0
9.515251741045528,5.896471802788509,4.044207481056263,1
2.7587639369805372,1.5625805096805245,8.817665464587945,0
8.280332701775986,6.895393911182694,5.18848737487684,1
2.9734424617964796,4.509217397804074,8.31718744817007,0
5.619085580584867,4.66050698251035,1.1822536592360788,1
1.0546842919051724,0.45311937324950313,5.591167405525229,0
6.731489850151497,6.572633664897227,8.185278551837811,1
0.4096622663157856,3.2274317380548,9.778280117119754,0
9.837365893767457,1.5481608721520401,0.41691272163626114,1
3.6755535451153385,4.1747809269430505,5.142249386745349,0
7.66250340789445,7.9243063572783345,9.526902991185803,1
5.967835690793865,1.275301469059562,0.7893204030925494,0
7.1627143935008615,1.9891376288225349,5.386894035849933,1
4.309856319566055,0.9777755003753308,4.500978302317794,0
4.376929976459069,6.876722876594656,3.2153979892676654,1
0.302436670749483,7.154091833242768,7.885755233961759,0
8.005604209578586,0.45436598785287385,0.38503354721325267,1
7.403094771360557,0.10075944450823937,9.12239906272374,0
9.172405115609113,3.026487984070687,2.332325941630998,1
3.674406655700606,0.15773285325837882,8.691540797667841,0
7.2414312461220085,2.799033671651008,2.6928252657198293,1
2.729395564369903,1.2184409764294901,9.048503465226526,0
7.273667008841578,1.30978771649777,5.363967620451074,1
1.5117624510545102,1.489166173260582,2.0087912842042464,0
9.16713802206217,3.462689134269347,2.978785575010553,1
0.13862919058476808,1.5967764697770503,7.121925894685358,0
1.7859966461416243,8.822633502170357,4.212168442150007,1
1.4830131512077849,3.0895037868143715,7.5302156482673075,0
7.661625795845016,8.562937375100049,3.2141733606099763,1
1.8382150399458597,5.7638374237835865,4.3258660407608485,0
7.765644029882248,4.190512703895697,3.5446487918006655,1
2.283327645777095,2.437803207887205,3.981154752483489,0
4.7726349486468465,7.7245772350379305,8.049873534285693,1
2.1328979628344213,4.791122333715255,6.443974136491044,0
3.370444496424917,6.808393910473076,1.8390626967135937,1
2.1860720601263828,3.9159663086035765,2.3177890574718085,0
5.135092651221499,4.901348069920286,2.3585905949744035,1
0.21604875337595697,5.206294072926003,1.5860289809584205,0
8.37334534291886,3.0262068102967166,8.270794473406855,1
3.270718524585434,3.1432253069233287,6.705829466743061,0
8.064993539072326,7.588699676925071,8.817439979725364,1
7.214870804736568,0.6083424698982665,6.576708822001617,0
3.0716994967553033,7.4864562467302775,0.6916624579693709,1
4.979864173352593,1.4327115649410693,9.291105416637587,0
9.877750318263121,1.8027450035695936,0.40490210223797063,1
7.283228343469159,0.07959442152441376,2.456138063696207,0
7.5059956365773886,2.5770765580690735,5.422610386290014,1
4.413868904416062,1.7444775829000558,2.0201773157302094,0
7.031106022422231,2.103626998758168,3.3535184880824453,1
1.5178922172363696,3.6354650796242796,0.04882984560984682,0
5.050194833350135,3.6293016335543635,1.7196471487982146,1
1.0120134318973428,6.062178160812023,0.2443853556237019,0
8.642126390663416,7.538192982797196,2.695072047531034,1
0.8360777153085519,2.093900436059756,0.9411217427398832,0
6.332823993000477,7.325802661744093,0.10324518346825573,1
1.666322662053853,4.209955493369182,9.780869515666883,0
7.122014074673599,2.516867311640455,1.494542766470971,1
2.7005595910225777,1.9431137969362422,7.489047897624134,0
9.567255931131692,2.5011858167874634,8.793986577098119,1
4.089369931469569,3.5266514125175483,7.832204189706388,0
2.9003546970466685,7.158582175071869,2.3516690428127784,1
5.943081587025478,1.8403419680133704,5.150248276017617,0
1.8722630098560766,8.63803611182776,1.994208251651105,1
4.6252853469164315,0.42512667601700804,6.7342762679141455,0
4.119150077284708,5.792224012428619,6.098891873604282,1
1.591811891360444,3.505407279501913,1.8931243800580866,0
8.899455134686802,9.807771765817378,6.145431734712112,1
4.029652490493798,2.7267728651077228,0.48221151768709336,0
5.045488803220724,8.94588059376135,1.1593888568529354,1
2.7561971039508384,3.3910712420093168,0.7448810046152654,0
8.228818308694498,9.370515245145409,2.8402646197786128,1
1.3826249429865,0.18311113010336832,2.9642601616708184,0
4.501908070970294,6.770741353287242,0.5291575114209468,1
3.2029054231991703,4.623790784448492,8.91247958297692,0
6.915525847683076,9.308553379221033,9.429037472536928,1
1.6409101178998275,5.89004590802767,8.305486565429025,0
1.8999065277058724,6.321013783652755,4.568028659532356,1
4.6591052401394855,1.9526630381230303,2.7751190533676473,0
9.377027570439912,9.396953456211,7.437418803495532,1
3.696419757732552,0.2231474528744959,2.0235732218310942,0
4.469089059859298,9.865772892420594,8.247504333108479,1
4.839824831471743,1.936263322003845,7.207016080198937,0
9.384614196587131,2.1676060184092485,4.209280395558261,1
5.977871710378246,0.3294803764487031,5.685931061386439,0
5.6988667914490705,2.489012649006427,1.0458125488707581,1
0.5169535588260343,0.7278987524016822,1.700917317681343,0
9.758501062279898,2.5140235330018292,5.615030410821871,1
3.462342441492753,3.3118221322507657,4.797755060353243,0
8.544340042394582,2.1644125119824285,2.1401839830583036,1
1.300817879716143,0.5064029202107101,9.034051648243311,0
2.1203451427619244,7.298752926248789,8.264264760103554,1
0.36348440512365743,6.626930632345021,3.5861606326308824,0
3.3263341725671447,5.550076940554135,6.398735627357982,1
3.354478199670016,3.905551223894804,2.3103963092971993,0
9.297926863422749,5.443762602791412,1.93831410608573,1
3.3026611611642744,0.48056825218522614,5.986688915170121,0
3.804457130764024,6.839956225849867,6.772367733418486,1
6.035270523048943,1.4852009359084795,1.2824702023003753,0
9.80241662303343,8.322279189215514,0.7798681224477622,1
0.5581520974648468,3.7282828343027816,1.5717614677713032,0
8.369109378223971,1.822860434184741,1.1939342419141985,1
1.7906326471231493,0.03927545078093009,2.17357133113674,0
2.396241260830455,6.155811513042942,5.509092540186767,1
1.255796086277714,6.227634502322912,4.513542377478964,0
9.812297364913265,6.680870930374359,7.228483585712268,1
2.46737812092116,0.31869614208194785,5.67684444769532,0
7.450050974972482,1.1656659175936201,3.940922553285977,1
0.18374241409406022,0.2106422153038856,0.15499951267925138,0
9.731471046657013,3.760675026002558,6.4657825096148125,1
0.29482217679678735,2.6223117527745563,6.843322280101116,0
3.0714262942472645,5.373936467010633,6.710099755920415,1
1.962742251630254,0.8021286763216506,6.3937975613105325,0
8.978230967743078,0.8220276490318545,2.5046468122274366,1
4.861538245957289,3.069282246866628,5.407323869168314,0
7.471798781738671,9.725785869390936,1.65814217696852,1
0.21918014416096643,1.495687442011675,5.318210455645772,0
5.109728902557538,7.963773827319659,1.2885387900089884,1
0.1123777992692987,6.605311476404743,0.3460073163869315,0
1.6096359026268114,9.45905281939909,6.95236774189294,1
1.1994809697490016,3.611721581023992,7.337184435912754,0
5.716585223575599,2.9213087511320177,6.100320126250899,1
6.990109925569366,0.7472060152426208,9.264073819712555,0
2.857178067769545,7.9830171881921235,5.925162969785051,1
6.483676958881831,0.046480731872892145,2.8078660863724547,0
5.666424741688534,6.828697356911933,7.1313053055934414,1
0.7280644862575392,2.197650200405896,4.750441805616074,0
8.43929432698346,7.295898251901638,0.44258656680640773,1
5.891585547340043,0.7198418323073685,2.458798851168832,0
1.8497471827084644,7.081150366108621,0.9298743282593058,1
3.6663140683187945,2.235248482194465,8.926973694444992,0
8.409790650628075,7.237656943324723,6.678534488423592,1
3.5681400256533538,1.4019326152075495,0.24184825579953273,0
8.239301692565915,8.423771851159286,6.05356434010046,1
0.21209630606828123,2.3422997694581795,0.896031357364776,0
3.2209187427890305,9.498847565064086,5.745234522024402,1
0.7781840918355509,6.84662976299577,7.911251600067663,0
3.8942275751020903,8.416775446563854,4.032603836461126,1
0.9770623281010438,6.234189856155937,7.824982012442501,0
7.176723805992924,2.505805601989586,8.764126075990514,1
4.42459473279656,0.9800067967592585,3.1963221890658167,0
8.78653025656673,0.8516086331728323,7.500986995088569,1
1.6424626432831557,3.425798964528558,4.340958051501054,0
2.265420352708716,7.096590132010667,7.293498872822011,1
2.5103940177478448,4.168818406246285,1.3693458932950864,0
7.0016709711302685,4.6921584370445,8.501751892775385,1
2.071725312032391,3.892420849923485,8.543777157593718,0
8.446128119783198,6.747269888470734,6.096569578886787,1
4.194502222500832,0.17502069531120656,2.6845356646907947,0
5.960477536546932,6.1385556977456215,7.820852424013701,1
4.911063279111952,3.063461175652674,2.4750452667216827,0
5.947770609733424,5.387668860564171,6.758225429064817,1
0.38064899741521496,3.863065050064204,6.3131296682524285,0
5.983508170140887,8.192486993365064,2.324807904809636,1
0.9334716075150584,6.108200929887005,0.098812596722746,0
3.1833070528639795,5.795953315841431,1.7165450072561284,1
0.8685138573432671,6.372612495050269,7.2612932861794075,0
4.21443879939578,3.9930038028692083,6.188525748960253,1
3.652137155430358,0.9864717862597194,3.9280235047872356,0
2.1952625642888624,6.8224159158549185,6.973566584601611,1
1.2293845821694638,3.9780727708627617,1.777806861848542,0
4.157653702669302,8.450541651114062,3.559424985804822,1
0.1953202857993941,7.750946332366661,0.9940860413400099,0
7.345786081107729,3.4994281245748047,4.497889723314083,1
5.286523332824378,2.164062186237289,3.722941564938622,0
8.286773169001233,5.702936861927289,7.48485495867258,1
0.6076107616546977,6.109025625340866,7.558381112610575,0
5.124479929480753,8.035626876874623,1.4549873530927893,1
0.32905545277087667,2.027897347648666,4.735599623139716,0
4.084149728560193,4.5989323540782125,9.366590270004881,1
1.3267848421285589,3.00856266565125,8.211329421997583,0
8.722900098843562,4.320618204935824,3.5745396511166874,1
0.1806032666912416,3.060625669732322,6.251881301455061,0
8.32900101053703,4.699748886744111,4.818336552013292,1
2.5064991069340747,1.6129552804511849,6.498210862735227,0
8.05271593884467,6.461988231650693,0.5968896919450462,1
1.9279313330448766,0.7887175887129483,2.17137642156339,0
5.455332887512004,8.037681658754419,3.410452810306801,1
4.66913426919232,1.7914740344250346,4.710748372055433,0
5.443403251999083,2.918832050457855,5.971783422722034,1
3.505264826833473,1.5963879070143394,9.17652845496486,0
4.926853533075644,8.64702969017091,6.519556180060531,1
1.041777751168893,4.873447821273999,0.17105555798325844,0
9.518163554687149,2.605034387077004,6.43471318489635,1
2.342490505829613,2.118188896632296,9.212986394934902,0
6.243274213512158,2.5846297438484624,1.2353416541535556,1
1.6765070889941969,1.768444848764853,3.0785262945796488,0
5.448869327245406,4.143813778461639,2.275383277381887,1
4.6644715138575075,1.6639905940699884,5.382326032449085,0
5.630763221054227,3.734354848939183,1.0438186714081255,1
0.8138203184085868,3.433133457110198,7.4252971496862585,0
4.912076979935857,6.742254088030315,0.7175077851371547,1
3.529959716584885,1.7541390589632155,9.571169084394944,0
6.534111410912554,5.089865900071862,8.640049241545556,1
0.9826918780646232,3.2245963599771557,4.504071990078855,0
4.935421213101506,6.372328447373208,6.3096123607158985,1
3.354444655915809,0.5180644922829736,6.363911270706316,0
9.481986728150765,6.066222174446731,9.389559350358924,1
4.174162835465572,1.2565810328122229,9.890398935709202,0
9.192092267143352,0.40872090592100285,2.1098246778869845,1
0.4040129529265868,2.8719457571220905,5.0525650586078275,0
7.512912908832367,4.3205315342617325,9.195681517947493,1
4.513596441871943,1.4464272029670544,8.889847244912799,0
2.597859621579055,7.707634822188416,7.914087723013657,1
2.5019552899824014,1.9526029949863555,4.3442952741954795,0
2.954567490864134,5.588308845394321,9.11778617443548,1
1.2255684711098913,4.750687085730317,3.3894036074426337,0
2.1910323867583728,9.710486335589211,4.2459564788925475,1
1.4196734519260057,3.646136092266896,4.59209092970288,0
2.5708886891722504,8.147178676230077,5.7307844243003885,1
5.370404053575918,0.4597436095858387,0.27920317615261925,0
5.225069844467222,8.49672605292439,9.99044862475014,1
2.396590807137482,4.136627418974293,4.445288554396678,0
5.797454964848705,9.506687948963767,7.6014869334922714,1
6.705119294608083,0.08491076044868318,5.571979921452918,0
4.703375871533638,5.724342563531442,5.922580303113801,1
6.3205722637169295,1.4105199063987672,4.0749728766057745,0
4.136678740411444,3.9330236771774807,2.92326673827227,1
3.272072444831374,0.8661455168444931,2.655959581036739,0
7.1721041795018925,8.67808248393209,3.8099043360855713,1
4.760629693946151,1.31162891789111,5.43559869957559,0
4.099390873281448,5.819548241760534,0.7563531701094484,1
3.160633896734597,0.7371200633605923,3.5882821100229254,0
6.5742883334658,3.9450780589108545,8.25774149322756,1
2.3207600518281124,1.7064044088983088,2.0662504384488365,0
7.918805192246809,3.7674653777255083,4.854261219129839,1
1.2116836381051244,0.4965984873303264,3.6964114150883587,0
7.563375719082778,2.4044291379898852,8.082596584884305,1
3.9110531256028516,1.0932629060710264,0.8820717027621316,0
9.738499696416767,2.1318730997132276,0.18022687433897233,1
6.452764096725762,0.7459586933298878,2.0491255443195033,0
9.195619089135166,7.374259727232092,5.365447179955415,1
1.9705914754212939,1.9995044019078012,7.596042822655393,0
4.704782581595698,5.01344495345569,2.89529982186827,1
2.6901131383966725,3.383556755544711,4.3263783659526105,0
0.660304916520188,9.591822424204167,6.278793626413862,1
3.349051582328854,1.7216260713012077,6.429760827450681,0
8.919715403742767,8.4157507159694,0.9260349738123508,1
0.2928012451598516,1.4176730052360964,3.2893538306033476,0
1.7947782021777592,7.621378769485997,5.952718253781453,1
5.975304825767621,1.7769667062915473,6.59672155338177,0
8.354131045385982,4.242128050446735,9.704469938944255,1
4.460047045565646,1.6317227510076282,9.205407007269862,0
4.918824664975171,8.017525186107683,4.101865785794972,1
2.495013938658915,1.1718818874968318,2.5423766093848075,0
7.2377120798837975,3.324339047678432,4.399801164616919,1
0.48246299988252694,3.196008921658704,3.4132803104168996,0
9.475583034100147,5.341219805844584,0.469391560081277,1
0.9470066963837531,0.053576373602161054,6.7903567494425765,0
1.1217118964003425,7.9868164773641395,1.140923562782239,1
4.494423754698127,0.4759199017387916,2.4204687466680195,0
7.496556970625903,0.9425600155528591,1.503315009765579,1
0.45568762416845376,2.1841201051685974,0.24669264505552624,0
4.49534537224724,5.080619944482107,5.11891174709419,1
3.894645156360709,0.3247419443489197,3.9257678642988045,0
4.803892743442873,8.305490178271285,2.661582587797665,1
2.335132596312638,3.263918066964969,6.439409013444277,0
8.039402343817839,6.355680412858034,3.223432062445143,1
4.294499803928369,2.9295290839601575,4.154831557890226,0
5.695802700259781,5.076930872375622,9.418126511609291,1
4.032437126108035,1.1216985546941116,7.189753817049278,0
8.991124056445276,8.727741087557714,3.3991569098829,1
1.7117423373342955,2.05494811866605,9.580116963021762,0
2.2891678309671324,7.458174512075724,4.801671923696244,1
2.8799477419864585,1.6134737192895765,0.6722974735509335,0
9.318875548391246,9.78245596820144,2.882655177721014,1
0.4268534690074677,3.0353094965557648,5.0997886853214265,0
3.8352006731682997,7.137229483377336,1.6031310220486439,1
4.2449851619754515,0.15849982003887986,5.7011258160720715,0
6.064584783560249,5.794705616366191,0.2094700512828207,1
3.55644814528333,0.574296873518888,0.10725642803272595,0
9.216099776423004,8.316072882602471,0.7726562317546704,1
3.3209796631855095,3.599393380526376,0.7943274422212332,0
8.977060419347943,4.389862904799816,1.3027285972265967,1
3.4878088298177543,1.600269221484354,4.359329267949796,0
3.283797768838631,8.874667936714728,8.600294519069656,1
1.233249044151662,0.12054652078969386,7.6497754508031495,0
4.113897994399159,8.156827910270305,2.5149241416626067,1
1.7977630818253953,5.422324816002707,9.660097487795998,0
4.938966660684318,9.009835129559885,2.2863209611735016,1
0.8761002071289736,5.235485710013419,5.396101322208465,0
6.249235868886691,7.4780097908649426,5.511905811285405,1
1.474620334867781,4.537792004964901,4.834762437879161,0
1.035301554259137,8.411983077415053,8.706336676732517,1
2.5504056180304135,0.16057321973767746,8.611630551935663,0
7.493869233284956,8.731101354007599,6.092696746762555,1
1.829918711828462,0.08077663814415659,7.693079416385926,0
4.872453026734157,6.151562978148931,8.281392077492432,1
3.8328364694295125,1.7594493792720556,3.0508450007424592,0
3.7703128375347763,5.345095100855445,3.7705571411536978,1
5.548829297797932,1.4526212572002162,5.187516443965751,0
9.089276602967892,1.7945479978974832,4.698410836674595,1
5.713598087753678,1.673917659116746,3.514514992712349,0
8.283865987782077,3.534266483827615,9.201338773448969,1
2.639306655862057,3.0116676284982704,9.27954775229624,0
4.276168297855502,5.108056976079839,5.832001247153724,1
1.7294903279974527,0.6502653492485067,4.146979935962528,0
9.428238355688666,0.7855612169959469,4.503980195277517,1
2.178120686309283,2.480722855745644,7.591923409066286,0
7.5070411910505355,2.3970918193059862,0.5135345902231991,1
0.8282849066212083,6.0873855073873635,8.326048129785752,0
8.703442310147967,8.232351116309399,5.006682362066417,1
1.3693765795905877,6.461314173073437,1.6219859575540452,0
5.950459516142619,4.4007562202413375,5.771463061318251,1
6.775581866072331,0.21228482797886805,8.315329367323104,0
3.4294884200392395,5.332148320817262,0.46434328318763485,1
1.7188791744372034,4.78861027826876,0.34927549054460605,0
5.824964793492519,4.809554314629746,9.278925309845025,1
0.3855342313204124,4.9066804454584005,2.970548455340781,0
0.657776777020328,9.739697179229976,5.23094833654276,1
3.4371337885333784,2.224598084415197,5.964906829254163,0
2.2986747207566793,7.460713693304061,9.805317978092031,1
3.7458498764478385,0.4203396150468197,9.922043307010355,0
5.020387226777405,4.661098043881234,8.007127396126046,1
3.012552441574422,4.582533877411289,3.138158061803048,0
5.772217990894073,8.780593048926308,9.21527132508889,1
1.087410628978106,3.0230354189466824,2.4678120841073037,0
9.770058723966915,2.867086834964383,5.895801136495554,1
6.5793751704501,1.257412539930124,0.8165150364290996,0
8.706216677836528,9.357605243335264,3.04419436065737,1
3.300620861190885,2.0750573644277304,2.6807940348198036,0
9.741681699788883,1.0190234226614447,6.139859802261074,1
4.181395771598842,2.675983375339422,5.747722410406526,0
9.017358036336883,4.045634573843562,3.8043397225136424,1
1.6797175592518399,4.451738405861606,7.682975286455594,0
3.4177021784348858,9.461182600245143,8.972190218255449,1
3.9710951188493193,3.824078260688415,3.5558769348265518,0
3.8344063389407834,9.603916730052758,1.1011648792504003,1
2.5518137131237086,2.8114772382461695,5.396027506610103,0
6.566021032820436,7.531887543630599,2.0360556818139175,1
0.01855325097408489,3.295292381862139,5.806753128561435,0
4.520372228836976,9.437978196555992,5.894223710843987,1
0.9256606881969576,0.6958322957165164,1.8446636839877795,0
1.1756818037865846,7.996241183804247,3.475208316796251,1
1.5542583417016553,1.6657838336987385,7.774911048883891,0
1.527385430523065,7.088686297645418,9.357938038016258,1
3.273777078753536,0.836168008305822,3.6236802645594013,0
6.873562966852536,4.249707285803742,8.039564038854177,1
4.273440083577565,2.8585524100424733,0.8213483052721415,0
1.3133692152936816,8.084109011084042,3.8505698784853823,1
2.2327989335545153,1.255351349155296,7.827319934478494,0
7.7229084122473735,6.4740071408677915,9.331077654483689,1
3.9026533458687473,0.771534887419385,2.437963442525515,0
6.800685803659251,3.038473573670043,1.8400496921221,1
4.077650973189738,2.710753180337342,1.22065202549698,0
1.7492537084147097,7.449384234890699,0.6042945565528934,1
2.5175286396791074,3.231605771356487,7.1220885863729455,0
5.076587959161677,4.7354561022442345,5.245696094238235,1
6.597455603802631,0.36162448721650087,8.81999337001685,0
9.869926790452176,4.651921853290489,2.398084088644181,1
0.5831378048146663,0.27845146947528154,6.981705355862316,0
4.911649791468951,6.7694722385635995,0.7079527770917093,1
4.245596764645422,1.3320766128009642,8.669130427429204,0
8.630792214627396,7.211796305981153,9.593267684844966,1
0.17369150315408755,2.296474795644956,4.870639859865297,0
8.984779749744746,0.3864615611740907,6.859995665339955,1
5.684775322195728,0.1549468354785999,1.137180436332197,0
9.946299014440818,7.405609656867046,2.7084866088058037,1
0.5566518944916066,6.312670909772223,2.894631812944205,0
7.122566576568328,6.152891127271638,3.8500828322696834,1
5.257033618168878,2.5553056869155135,4.628466321967125,0
8.869787803514907,0.5540838463396425,8.20838067981088,1
4.054983989967708,2.6966883941341955,0.3545162329738383,0
9.002061209781223,6.244240651096606,7.5068625189564555,1
5.429779284782073,1.9972533847581309,2.9684168167667457,0
8.045959028079958,6.527202095917488,0.991857204622415,1
3.0655365781487154,3.3051919909590053,3.7732601703037085,0
7.640748849164758,8.315004343230928,2.812616399234745,1
4.3840684726111885,1.3665239887018121,1.8585133388515707,0
1.1593517471264447,9.18452189000684,6.973569208673109,1
0.22945171506289608,0.3842463586408984,0.5323683560179426,0
8.236883015740572,8.297574268487258,2.035837941866946,1
0.7701071068202725,1.3384458321104153,4.410040922261197,0
7.303218659885417,0.9967820044595221,1.9976805344196913,1
1.2193206011773183,5.857483145597252,0.18226663986138258,0
9.41039600661174,2.279161811418006,6.244780854404393,1
4.207909462680311,2.479730342830674,1.2715909743462883,0
7.686886161470205,8.304617095272317,2.4866387853811944,1
7.536416086118574,0.024953391012058068,8.587516231270435,0
8.494921160859159,2.0841792208069965,7.9845633082895775,1
0.34961350401891966,1.4591402993314773,9.74749495583381,0
5.920063558379627,9.771045530547845,5.424596228752826,1
4.486019873690043,0.8416645893725216,2.7346098871282587,0
1.9943356669905032,7.7135242969873445,4.6978527486138795,1
5.558951096260945,0.4208524940912728,3.3466877406967965,0
1.8712883247664402,6.660238283827999,9.756652865001584,1
5.51513660559591,0.1695760695179127,2.582054741318247,0
7.2053739230132,8.719754668340892,5.113915924931303,1
1.0070110721034753,6.559277447743933,4.249489270796597,0
7.952736213605101,3.742248945255371,2.1006902074503575,1
1.484946278061755,0.24660572368792266,1.560522964298875,0
0.9830992374718361,9.523680027994995,7.994262690145108,1
1.407649985561622,2.504461427839942,9.282138443799157,0
8.021309900631792,4.394270649623788,7.442638693491467,1
5.345358098002306,2.190978299570203,4.683851801393861,0
3.2076594172212793,8.130009756788754,8.55947817109385,1
1.1601267464460852,3.842958539275588,8.196142942883064,0
2.32530557208934,7.536460774644378,5.069864998110377,1
7.051886601346361,0.5959689226889231,6.831076867156972,0
6.771767136226211,8.998520557867714,2.619750201048625,1
0.5430084202326824,2.1636427888678256,0.8233632280687109,0
4.51105826062833,5.32773914301646,7.420635978019573,1
2.3814017068400997,1.9921918745903988,0.7073575566935697,0
6.704410702656688,5.870979410822596,5.671510644703873,1
0.1916624713131354,3.4250824344530386,8.68442126758306,0
8.956734707498914,2.2733227405678615,3.0333211031934892,1
0.35871740859946377,3.6205208312564183,3.797708560462202,0
4.14477603936085,4.344017722887753,5.0365352007159085,1
0.6800539160221197,4.436155685342371,6.415780986167042,0
9.587171466905453,4.552641715383384,4.554980884341974,1
3.6700938871477904,2.067317155401133,2.559210811473085,0
2.646486652190049,8.287970748623334,0.0009085028134803164,1
1.2249778537111888,3.964890238721952,1.0749853403339493,0
5.211773003046426,5.152741150577106,4.871380803972266,1
5.832183368112246,1.2578502074458864,5.967919939442413,0
2.1836078101778513,7.726558530163245,6.392814416339604,1
1.7365970240706718,1.7343824561269372,5.481878051256014,0
3.136403968978543,6.632259198771652,0.7090656374309412,1
5.734818106559408,0.2545788789959724,2.688740336254619,0
5.155218999981654,5.2535845092021365,4.6166002721926365,1
2.794894540147015,2.3503158822728567,5.700868062985669,0
1.0780081229084781,9.795084332656689,4.203548968376748,1
0.45283936423697657,6.007756538925105,6.052028807583071,0
4.182673803981412,5.836061122740802,5.404321398123722,1
0.52020478073878,7.201276234686182,8.867869957202503,0
8.257737139926695,1.8610878469396719,9.903554045679364,1
2.1814703531144874,4.697481825451608,3.552372074773259,0
7.260308897032179,5.496396856739274,9.640455227108411,1
1.3741678500185894,6.328207698989411,8.866742550949336,0
9.718898310797691,6.347943007892184,9.201905927625265,1
3.308861926953032,1.5681237471267717,9.520329804497216,0
5.583416564088482,7.188905103862545,2.7145847553726696,1
4.656621730342189,2.821407161779015,5.954437813951941,0
2.2658642684628747,8.167031941812018,6.913384499688709,1
3.3694332266189706,3.1371938536495936,0.9664561305769936,0
0.5527419167335301,7.867368834746885,5.499746005397904,1
1.6992023917219756,2.1407476774214675,9.973157583892196,0
8.200503080425921,3.404477846663443,5.227807195366125,1
3.2988140946170064,3.2976989190971926,7.195246431689175,0
5.965932143848493,8.004383943394446,9.670249666867567,1
3.0268810142915137,1.5114184024043142,4.918411028310055,0
9.705748879957815,1.4133611694663006,4.278769955516205,1
1.5012753382712174,4.582806394385503,4.907238036808613,0
4.077773879389176,8.150354487009608,9.620674184009202,1
3.4417351641205887,2.4298618735296262,5.640933095757714,0
0.6957888798474765,8.01302353936267,4.653903165337692,1
2.501666608848171,4.359832301942731,7.114164382929556,0
7.3081335364238935,2.0051027439261393,1.886135088051295,1
1.6966461735029037,0.9537688462663996,5.991580210542782,0
2.9053077849162467,7.594637622588224,8.62774343271551,1
2.4074071574646485,2.8978511519997054,9.834074795791079,0
9.913042307653537,1.5126556565463922,6.460563397189713,1
0.7490099053701593,5.419609922086076,1.4996282183831011,0
9.990622137620633,9.476452640102359,6.433276240453982,1
1.318618861873031,0.679028805959232,1.5445908850668755,0
6.857327131066834,8.4283684903346,8.731257351071864,1
1.817741221870861,0.6438637824414584,2.8035250838930494,0
8.189620121474201,5.17454181121074,8.78011159715832,1
1.8608348402715746,0.6336906200579617,4.441676934677801,0
9.813506136191757,3.1803552589232984,3.8134861577029886,1
1.3550911438681978,0.7797332381598321,1.0502892313022583,0
5.395462468542514,2.738094914010889,0.4123386050254796,1
1.428881286713406,5.238856872653244,6.114823895396357,0
6.053945569697556,6.855575602072044,7.450491324025991,1
2.6745241478072215,3.405265161891461,4.15049225329806,0
1.1682528072029263,7.948392922483301,8.360379027493158,1
1.3823707068246205,5.433743108075432,2.0265183104120386,0
2.948211909363293,9.021228828144157,6.338216192246117,1
4.079302515567783,2.290806000368267,3.8626346878492246,0
7.056996243764326,4.216181809881987,5.11156706180509,1
0.43585438846213465,1.7849000579193042,6.191625961629111,0
0.06013335196748293,8.200708486493472,2.6373181512281607,1
2.4100353287584673,4.771537635064414,4.243529942008406,0
5.122070684703316,9.123882785209826,0.8375805638638256,1
1.8840987694451594,4.531729046833344,4.749625497199501,0
6.9775830072091125,6.888673118798704,1.0862961534857551,1
4.006167452039692,2.3249516454897767,1.6722541064091423,0
9.784129458504987,4.460444280996395,7.724447544376845,1
2.3230366454857974,2.3577329016498094,1.0322978131058114,0
3.412586695715799,8.889568995908089,4.897752917518713,1
0.01332614519520714,0.36241227567985645,2.7531857300449447,0
1.9115655777835738,7.793521057270306,6.4176197505480195,1
0.2403154262734153,2.63924863406272,1.9764844985177565,0
6.00657993274738,5.8603386818170025,6.140209985188637,1
0.5853758694655398,0.4837618721275183,5.815460558384489,0
5.964005285084949,8.560119558776487,4.502733551132301,1
7.307067713090392,0.4393914924637654,9.172242380456897,0
9.431147120544392,1.5256893222444368,5.187655235729639,1
5.1882489341561,1.0128403901545568,9.883078215196315,0
3.5367099805672497,7.657953545651544,6.38478968816814,1
5.456341361981282,1.3162086748961055,6.981073010223203,0
2.138677233832059,8.535447516662966,4.8393141485864435,1
0.5827701461917789,4.791923099110845,3.527971036270104,0
5.024777829440606,8.45567813039924,2.3150250553086025,1
1.9255990299776382,4.916680300226837,5.970812785122293,0
1.971853814904455,8.043912571778677,7.340816454004864,1
0.9647977291124288,2.0331843763302238,1.9406770287572128,0
4.559435697696296,8.117414306944106,8.334075406445773,1
0.6526560748346155,4.388624555006108,9.292639767546909,0
1.6621545529231707,8.961723411680403,3.819398302198306,1
0.6413143563480572,1.608032812023199,4.651416007196643,0
5.060695881272942,3.5047181508273306,3.6444036325558384,1
2.2430672831189313,2.605173166526553,0.7866410677952784,0
9.177563290909486,6.768074391649131,7.534379823182643,1
1.4189439113435542,2.821654849176615,3.1497364884470036,0
1.8603741706027521,9.317226017950373,6.215476819771574,1
1.308144322768079,5.336234528121092,4.043261808854761,0
8.583800248960705,0.6540275839309706,3.363076925338324,1
1.559775437304729,4.386631696672052,4.819379408367669,0
0.874013908467367,8.762453848752486,1.1111701722098366,1
1.361803960111897,4.561283376517072,3.638915160159982,0
7.239809963366307,2.692126786768828,4.17598559581473,1
6.640239729046288,0.062172239298711185,7.34054916138852,0
0.6266786917946132,7.990898411819347,2.578770472067873,1
4.36905524862592,0.029201498321325126,3.500916601941463,0
8.936591752570358,1.9553298762923033,0.5196906225704012,1
4.77403545770281,2.7253925086205766,7.065125753197997,0
6.181068137020947,6.634061593159694,4.426493617772364,1
0.26568237142465145,7.691639322018594,8.369007878122407,0
8.862208144192499,4.712940621387585,5.450961159045749,1
3.675200600307751,0.24294710511286066,2.3383190204445925,0
4.937622930269219,7.659878668845941,0.6098951115159501,1
4.75487773321444,3.1669006879717365,9.387874560531555,0
6.663857698570342,1.6551725259992123,1.8324948167078714,1
3.005707895362396,3.908789335549793,5.4477428497235145,0
2.323777080343079,6.917420040319149,0.8746618818392082,1
2.4787461319476742,3.3819970088196594,9.36069855372349,0
1.4320361496484701,6.815732898561805,2.3971326973522524,1
0.06415898360928596,7.174514522622486,8.573424004046416,0
4.6849969493091494,6.901239610211659,8.357456595586747,1
6.520749860459017,1.471262933786811,8.03343622871011,0
3.582429533073178,5.271999379652421,3.288379420822838,1
4.198147132347208,3.2462205916760114,9.40561200404072,0
7.608002598532417,8.57843839479896,9.667630214522006,1
1.8325209091079209,4.941694206817252,4.752155075828835,0
0.7173899489167679,9.799913729429917,9.296342916836561,1
4.445004698982734,3.4768295502771496,3.3364780390392457,0
3.5834352208120688,8.053561078914974,5.556336938533183,1
5.381617457526686,0.9713514254149402,9.474847183809132,0
4.654045623097149,8.902357394102545,1.4339180050801736,1
4.754915767624431,2.6542277816131254,0.8395451419882638,0
6.014078902571569,3.5786827356785356,4.385835642271623,1
3.316955966230121,3.729554617960006,9.42485575047248,0
7.828090949978562,8.607289644777028,7.464995839522316,1
5.773693589708941,1.647872807626003,2.8240584834762936,0
5.314315329352668,2.973997996814839,5.638269254904456,1
3.1996540192934964,1.9291845882693148,8.876643698628317,0
6.661916393276174,7.8401423515516235,7.839074751563562,1
1.4858250231431436,4.575133410601262,4.5376690879247725,0
3.04862893581491,9.213143474325141,2.630808282589867,1
1.6029036602036928,3.01483963716902,8.425716710439008,0
8.5934334230292,5.436004844257009,6.171386041498042,1
4.593939209460492,3.149233168056064,9.720532403533612,0
3.0207406671596115,8.974620556928253,9.54194316924552,1
0.9071337245601852,3.0744824348475785,1.5187123025376026,0
5.5163916161373,3.4835409663528107,1.8176634872639108,1
6.534567671184623,1.3804268049411283,6.346381787155052,0
2.320366569382463,8.621779374077844,9.975122884200285,1
0.9130193974460243,3.5845243511077207,4.603293602383001,0
3.095880484751924,9.735920771850651,5.822956624447726,1
1.1225325492419536,1.5095734370081348,3.9499816471609606,0
9.849111421933141,1.098054274190411,0.742563469147477,1
7.011215440609984,0.7915816703146139,4.670228086633353,0
7.4558100422071085,0.615187656750259,8.639842266930449,1
2.373994884939786,2.571794420148076,6.0507244174995645,0
2.181022591021171,6.215825704452098,6.900006187576659,1
3.366004809657727,3.138145600382564,9.720440523418212,0
8.44395193031757,4.6071035567273135,0.014683465675007223,1
2.647056768716479,3.582845734193244,1.8551123823464477,0
8.057811820748391,4.944967519287848,2.47764135572373,1
5.838468346187976,0.08529849526858313,2.8695791236299293,0
4.972803277743246,4.370227619638038,2.06187830263716,1
2.7519272673067174,4.97742355063303,8.997118521244694,0
0.18537747322804665,8.557148676149518,2.387730847328039,1
1.2648463834860557,5.7063952193393295,5.1926973998873684,0
2.7663313180124938,9.051651780143699,6.164064500669673,1
0.9998983523562388,4.582768734970314,5.245570928328357,0
3.2979505393961563,8.241576246879541,9.735241325429214,1
1.7699893092449892,4.913493338826148,1.332920190616007,0
6.5071759455293465,6.014308284748154,9.23201174646178,1
5.267683495671282,0.8707396033713788,5.052303106785488,0
6.089145706125768,7.839562547791293,2.713406413739899,1
0.9862351294416016,0.775879770372796,1.8642792542666375,0
2.446910807147311,6.932085291344608,7.023361650365091,1
5.127494167497612,0.12467609392882717,8.24785475763315,0
3.565583408250469,6.907936500621995,5.536645821569557,1
5.355777353834741,1.226798635690216,0.9110490847607944,0
6.034462462642053,7.813953965198582,4.960841302142446,1
3.0707300688748607,0.5505768897268926,6.372631071838644,0
0.3678147127260212,8.61807093308635,1.809502937025712,1
1.7478778270941397,1.3837836810423043,4.578850908218101,0
8.957037664107096,4.916717719892679,1.210191148485289,1
5.43101539826623,0.294961137183698,4.6693128043087135,0
5.423511189139971,7.100518365708477,6.48737159186827,1
3.9048326186393147,3.182639468328461,5.311150607924594,0
9.226226114123023,8.283179160318726,0.7374331946571622,1
5.739477347127934,0.7379367338207554,0.21744878128569955,0
8.520443229895344,8.491061334837566,7.31586121045784,1
0.4705109121114437,3.4376831933454377,8.089805212299797,0
7.789959783718833,4.731045652708486,2.6120055556427224,1
1.3368986163110308,1.0697277306493824,3.8854256123465367,0
0.6688917903398806,8.805583526511999,1.5345739198369324,1
0.0341197732099896,6.837140353680161,3.0586608703009723,0
5.5780916774705345,4.843920075803636,4.814178836661494,1
1.5596424873329695,1.7669373645779174,1.21126268419531,0
8.230830102223667,0.42747644659761996,0.673770274782125,1
3.8198980516437118,2.3913158462579123,4.611242158637613,0
0.8189751320766225,9.715585628252773,9.358296622104572,1
1.5121589515510436,5.846668496754628,3.769267963836256,0
3.859036902802199,6.385495590509551,5.773096726071772,1
2.5615941105444273,3.726094253467742,8.155913888463253,0
8.362079332429657,8.384751430902721,8.097013859613503,1
4.93737292122454,0.41232973109888826,7.277772888435489,0
3.581243191151011,8.017785284776103,9.608920907037648,1
1.8157738013373137,0.1514213190780489,5.1006099314612765,0
1.4769935723108707,9.570560586050327,1.8115647102653565,1
3.2120733982641934,0.8378974314826915,3.2984617262752556,0
7.312773131937979,9.618799004756092,0.35274211728258953,1
0.6906824631719155,5.765738871916406,9.998230688559284,0
7.331552391413308,3.859315569982109,4.010281344740598,1
1.565672969077695,3.369479747097608,9.687014596683888,0
0.7782705074583984,8.044858696754357,4.1986220578725355,1
0.07428153158132056,5.539507326850549,9.520774876897791,0
0.8178382305946352,8.027465838990109,2.1782446325383176,1
1.6068216816912817,4.589803595353082,6.662791517521366,0
8.244650049126626,1.1231169053088763,4.161248793657267,1
3.3731918060195154,1.3714302527461253,8.924869567637387,0
7.687045465034677,7.996134444183481,3.4013533538599794,1
4.398512786403117,1.8542774878055723,2.9016322919744155,0
9.7189531997583,9.933319413555838,8.485323742259064,1
3.1127471073455037,3.9062680335297784,4.003852528813871,0
2.8606985556627107,9.161438114605174,3.736907905971499,1
0.3791379118703264,7.587024064433074,9.736284422346074,0
9.784338031644005,2.836879673309325,8.164223778633264,1
1.9717518317726768,1.5127890873282457,8.33427806196283,0
6.048511737842355,5.101356300445616,1.7316351046479972,1
1.9506338471890772,0.49995676853153204,1.8561627655423085,0
6.289993923349472,4.499408763807836,0.4721819391025628,1
2.1588976344294863,0.3957215987769569,8.968967853494846,0
5.535534349339978,3.816089336207391,2.9008128556653148,1
4.6573894962885465,1.6058251298641646,2.3595336554480353,0
5.26023785329547,4.724850995500521,8.060903249118594,1
1.9069067521187,1.5521226481084205,1.5224439799034062,0
7.177475736623217,8.254198908070139,1.154306445535913,1
2.6693044153302004,2.228196571808434,9.98663234481439,0
7.508761125317553,9.944675334464604,5.526807187145632,1
3.0636482983320388,1.0377178399827436,9.956305480652322,0
7.530329472209876,0.7250404608358785,4.689307136165381,1
1.915987952017849,1.6417885309628022,9.737416429257745,0
6.9950604246487185,1.0940793811375238,0.17546985918705293,1
1.489486005915014,4.637233259953573,2.9190889908195263,0
5.971961277732004,6.990335612548767,8.87681811928658,1
1.1484460131241037,6.656001880884799,2.251857979763038,0
4.402115468229751,8.239226415855596,1.6084839302251452,1
5.215217139473217,1.922746161576313,4.04158367631709,0
7.539604669268565,0.5426278937500384,3.7995871059951805,1
2.854820276087503,4.573254949662765,8.284438565495076,0
7.552221583873657,9.340048848314584,0.20398228256991113,1
0.6928760422122493,4.713116945138383,5.527868797186501,0
4.391851282442963,9.866999017447645,2.8769619517118783,1
3.811330252665913,3.225961459776807,8.891176379384914,0
4.439631086524603,7.877881137747785,2.3034540416527505,1
3.9584467806663817,3.518120065743889,8.769021787273832,0
9.629573579689858,6.250141094595438,1.122069308904865,1
1.113244253015433,6.000173694388419,9.732298587219958,0
4.086237661737032,5.542374664615939,4.219911482460944,1
2.5543360271576754,4.489689046344727,9.974813151956765,0
7.709486373707698,3.1828867666663774,0.0520196389611971,1
1.755346929981233,2.2191408393528587,8.338827528224273,0
9.151409846346752,0.9662883779611386,4.621075940678727,1
3.155589077414315,2.41257177154122,0.7510367885423941,0
9.822568848572354,0.12695031165239956,1.3195817362016282,1
3.04101142520956,0.9073044040467559,2.7536326661783193,0
9.126664174814572,2.1566045725977325,8.58629492219946,1
1.7641476195764139,4.3442577533103846,2.988458100504584,0
1.3474998677495043,8.903393955094163,3.7940720119198468,1
3.244809433193858,3.9308227841679413,9.230630229475542,0
9.434588155468703,9.082523093314705,0.2544281418099592,1
0.8596489255233675,0.23552819730372598,0.9525075157073637,0
4.972078761861372,7.3469212720384425,5.620065050529273,1
5.804761770892234,0.7362413067935003,2.2563992751988913,0
3.5566955983035795,8.677771495296016,1.2960116650799591,1
4.496195995610787,0.0898170499231743,4.342492237415119,0
4.345776546510535,6.034891830187687,6.938179506598106,1
4.034023157624209,0.5299525029461083,8.334597566424195,0
6.759351119916971,9.70350996024533,1.817462011254073,1
3.801614527864502,2.9711563360767546,0.482379472147878,0
9.635188576440125,3.7348872600646366,5.648303996597156,1
0.37900898708719155,2.9968348954683597,0.37628299019693334,0
9.193321008609303,2.206560089190255,4.247402755903197,1
4.523863239080126,0.5301988629029086,8.3114132538222,0
7.269492038200926,1.9917323578074764,0.2281318860256154,1
3.634131142374292,1.8908524632429446,8.80436573006776,0
3.8898896584687535,9.018379962967067,1.4077380444471221,1
2.440374267036547,1.2649185483176284,0.8321600333367163,0
0.004089527243851254,8.514257203060168,8.251692219919498,1
3.728456730094327,1.1305436954888926,7.66762180264079,0
9.43350510981343,5.797289117060035,4.104923618319908,1
0.011213303693158316,3.6098672040686175,2.879332628949942,0
7.491925940230831,1.6483239477314926,4.790145480621868,1
0.06630598629747353,7.412191481394005,8.821510364619945,0
4.330307302175173,9.937443325598943,9.413222376376766,1
3.10233322087519,0.39638435212707934,3.386401848874282,0
2.20894165949451,5.997444637936653,5.838565233498631,1
0.9901551976489431,0.9762240479432838,5.551594849619481,0
8.149908840404368,7.512536749058016,3.774764071989778,1
1.8107275529430822,1.7462676981723346,2.647779716478503,0
7.37459875742561,2.9417535407892723,1.2944567165476295,1
0.3391347054675764,1.0502248035304584,6.247890649323566,0
6.51388224524422,8.60804275019616,0.21557665662405245,1
4.163489847167106,2.4108326111334124,5.335115697571471,0
7.054001654429193,8.967782029260173,1.540567397712097,1
3.093309068807181,3.6438567031083755,5.449207471073681,0
3.3557736948965236,4.743672598129727,2.4653506464757067,1
3.206081075675989,0.5776937940257232,2.430348184264396,0
6.442087659742446,7.959431203659031,4.35880633234013,1
0.9551366205179879,2.4327707614023533,4.951867277857148,0
9.59240651800913,7.049187966892384,4.652623234685098,1
1.164325449079805,3.748489946532593,5.233723320273864,0
1.5598815758751472,9.476516636716845,5.091850909952686,1
0.2367403281246394,5.667334160186719,0.4367488251026075,0
8.384767302462542,3.510438291664817,4.644534574917919,1
0.7805529864075533,5.4382005584974635,7.225989627653392,0
7.063478099584012,7.029022027465136,0.7300262866422169,1
6.647841474898323,1.2609782207514586,0.7359261405866913,0
3.019311740211712,6.00819487946191,2.697670659817184,1
2.0285265075826233,4.606385665018946,0.03940313714054677,0
9.274554155717947,6.3975208492961855,8.611006533597225,1
0.5345182978857999,3.5048585688550404,9.305416703243942,0
9.61296919164827,7.247431407892706,8.398364672772786,1
1.3374990905065298,5.308139808016341,3.359924942234287,0
6.968401988100402,4.162881087478057,4.477541288176878,1
2.0621571691591734,5.245588806608275,0.18959981059150754,0
7.197017056875157,6.787721932960094,1.5976099585036374,1
1.285634106505965,5.528619558959554,3.7855703437953214,0
8.462506602643575,3.5587549038877153,1.713356082195855,1
0.3763588507697968,6.204485012628683,4.959777612719466,0
5.529835334104516,9.555520341195066,0.785199909582105,1
4.0815220179567016,1.899704221360451,4.874888685585982,0
5.567459480540988,3.171926392097719,0.1526092648325783,1
1.3754209930541017,5.297613103547483,0.5361580627749662,0
6.769958880571312,9.67190741849423,1.028839429427565,1
3.036807734446988,2.328525734432665,1.2063080078164035,0
2.476468526058545,8.367326353164618,3.8924278144358126,1
2.416180481179783,5.243545877174531,8.754144539565935,0
7.204304917048482,1.9467496462678757,3.4942374404411436,1
1.567657250735336,4.296961898060724,6.239265156286413,0
8.312774409581648,7.980253003850254,7.799338417622418,1
0.16788164297312558,2.2190186272166934,9.410536881225122,0
6.192216492579746,4.4181235948437685,8.694868709093434,1
3.1455345183831716,3.6187552339167626,4.940579232008671,0
6.646254500171507,7.305134498639164,4.406010458686923,1
2.046701346976371,2.607907611166037,8.959587851234298,0
9.744828106373337,3.59090957961145,4.317569295986559,1
1.0168006361578041,3.210099297257707,4.3364335866542465,0
3.657085960505053,5.370119155197063,5.476584235928602,1
2.1767834103924564,5.432471124386147,0.5358831421193544,0
6.409694100393439,2.6246571654201176,6.548051585399883,1
5.617412713032186,2.3241145776029706,0.6480776492706886,0
4.350311815296655,4.42682623372443,9.457172076980251,1
3.5987246187034816,3.6963787101171297,0.6146226042725178,0
4.484445654149698,7.707956367797929,1.089899575806117,1
3.184368246805299,4.16921188487299,8.90422573870985,0
6.699412043994428,7.2616852781543075,7.020344131044897,1
5.567087386827458,0.9119194263128705,6.218144454837483,0
3.807194481430154,9.39592896099186,8.940071491427972,1
3.3235308804039554,2.778896011167774,9.363170215108433,0
6.7806292720248384,3.7299370596350787,5.5183854770840925,1
4.165888012935081,0.3432246407385797,3.1469023044328557,0
3.4455475615457134,5.5012612478673475,5.1681180898254695,1
4.493942181347879,2.0620557699980466,5.234118592152441,0
7.742135132527535,9.427157294191781,8.653456553572276,1
1.0070661329929764,0.5702213688850299,7.007672389664501,0
6.631933007761362,3.655417569245923,8.468051101490232,1
0.6494037109083461,2.921863164325326,7.350199290354793,0
5.810125524857082,3.6245264734267115,3.0139781656694966,1
4.661889089575112,2.676200202015565,2.1877183828412794,0
7.423247802969803,5.09413847680814,4.1791158770812125,1
1.0639106354165762,0.09462279177166022,0.6540953044246389,0
1.3173018826749139,7.329538324542206,4.43655456018616,1
2.1396903445564375,5.5290591216585705,9.96475332165079,0
8.452374457632972,3.609912091929818,7.477252760087959,1
2.9607149480395387,3.706859241713537,6.62699419666347,0
1.230172762329047,6.838514689430379,6.894013869548491,1
3.2337015983973783,0.6365340421420873,9.910817251255228,0
3.156090769556398,9.07821249523974,4.735379077122226,1
0.36067489728402347,3.9215437238067716,7.219875640337495,0
9.338107557785387,2.9778745891436555,4.955463994656761,1
7.442405400798231,0.28353871957724985,8.933166020243425,0
4.970187325809393,8.025669494427536,1.9087737459062881,1
2.281884908137035,4.905741806321923,6.300330078514679,0
4.12485915780915,4.676816783442277,2.5100778584992267,1
2.7414680492426093,3.487081267367503,0.5514412934787893,0
6.938437394022264,8.455607308020362,4.18479108412673,1
1.359290500640875,5.9782435370132365,3.576051705266563,0
6.285403505159621,7.986102575238369,9.3684215281448,1
3.1379729658084345,3.3910766939570425,5.22609121197744,0
4.376908253753021,4.873675671960678,4.008225643582389,1
3.1515398559259067,3.416481675609977,7.10246143971079,0
5.150620993259007,3.0255966865285466,6.720903863907065,1
0.31358416253281285,0.019312443702395043,0.5143973467687413,0
6.682774909314075,8.565457057198028,3.1254432361720275,1
0.0712340870113981,3.703160802381448,5.735956578303638,0
9.328067633403027,4.776257488643703,3.837358445920205,1
4.452430171993105,2.6217501934861898,3.9925516281699416,0
8.314064446589446,0.3454693299923606,2.4240693183185047,1
2.3823142798400667,1.6256571944216636,8.873733898378365,0
9.16707538466469,1.5827226846461828,1.076600917108791,1
0.7256625963325869,1.5904010511359568,5.138305002082473,0
7.959841917708811,0.767121518333761,2.4926291480201055,1
2.486006196629024,0.7442574512220923,3.6301823610609727,0
7.373053236224956,7.892674631603701,3.8221914284599547,1
2.2051481787227867,4.495507886189523,4.529523885226194,0
9.684799892915555,6.410687279008375,2.236746754534913,1
5.579931825066039,1.7023371498418094,4.87443725591747,0
8.493596550787126,5.680136423255059,2.1963880299510574,1
3.2194414258401682,1.96379293236161,4.98759453471087,0
7.024655805046631,2.322412021932231,1.1529574102337148,1
2.5590058508374556,0.8576309806894988,4.740483104718676,0
7.489306469558009,3.8363546150227226,5.445453481348457,1
2.0982693204093774,0.755457109021278,9.431596734329384,0
7.599133331196003,2.4538687149589733,5.580059369123096,1
3.903364050847764,0.9584352859046352,3.847674341503885,0
5.6003443277082585,6.980734905497834,2.9074717744916647,1
2.2484527691391976,2.42999052014772,2.725518009477137,0
7.098397148508092,6.180777505382151,5.905179065275659,1
3.1880155746409633,1.4599082897989446,9.421094884627951,0
5.7016053481223015,5.160517454936392,7.037977726559782,1
4.015120372569001,1.5792884585780775,9.63986484446431,0
4.3007294259585205,3.724530680562933,6.221626745354696,1
1.8888625581559726,4.83368487169281,9.637663075887984,0
6.111117644519014,7.514276697437672,0.4180932353073352,1
3.3043901479542037,2.6906632794462215,1.6106602369751133,0
6.174378106498929,8.353520496090438,1.838968965042025,1
2.6651767743896606,0.5748255785209622,9.834318214437317,0
2.950118063440014,9.656514446500037,5.242852356635899,1
1.5949386180928082,5.544512532620972,3.0170548608636896,0
7.404688029683023,9.562327972089143,5.48097136215254,1
1.8572876435544927,3.058221673206698,2.5998815993698274,0
8.276047117658106,7.132618554331877,5.866664360771313,1
2.772051560168544,0.200107811791308,3.428899828852484,0
6.062972422526569,7.064346555194032,7.631598874994889,1
0.2354088942044441,5.618496053093538,5.814099871504942,0
7.189074995704557,5.648187148225681,0.23850743468708968,1
0.46633867219076586,7.480649767072371,7.090938025438474,0
8.616514007403156,1.5910756020934425,2.5755677424848686,1
2.873869872552932,2.1385384990145484,7.642459828780625,0
8.228358446476278,1.808421769582732,7.843459975473133,1
0.7337647115688617,3.8162680875017796,0.6682277535948888,0
8.959923875882922,2.834893634364113,8.039907521762851,1
0.4837453799148017,3.3281952049911148,0.7955815673911593,0
9.277957839821015,6.561032575343511,0.6534357628556764,1
1.6801991465673005,3.24363342472362,0.8575962363642864,0
5.159302073614858,7.893814327882373,3.9638449424937305,1
0.9900075486776638,2.1863179722182458,2.5814381743166095,0
7.764221707111764,5.354318629912536,3.8359696051905146,1
0.7559724485213126,4.1372461515791805,7.652016021029211,0
6.287525970162823,9.63733818648824,0.6328210850342997,1
0.7669167067420857,0.21477575439121654,3.856714869810447,0
5.0425157055891265,8.247228932714346,0.1310265888332618,1
3.7976614484700444,0.5150816657435364,4.848165871691431,0
7.319513974007121,8.487393115008302,2.369940198101318,1
1.8992713954116025,1.917843572130461,6.544285412439853,0
5.190076134724682,6.452333789673768,2.7936387656987263,1
4.266921789509349,0.2163333032892456,5.3681753489278785,0
3.1143837356818747,8.256329269769369,2.063309813229577,1
1.969911973745223,2.2077225315762385,9.455821791780801,0
8.479746150954096,8.01173873687259,3.2693273040952264,1
0.26265982507173047,7.392835519205684,5.895638295954909,0
7.745166486729456,1.8655520508774437,7.854194524074195,1
2.8144333922938713,2.3450855800982806,9.758707768661694,0
1.3930943906268622,9.854983831944423,7.829655193256476,1
2.7099329354280997,2.414958201300963,8.970747103486955,0
8.096357539526876,5.73709386746531,5.949318929859383,1
0.02180281800501005,2.425414927201447,0.42387918113274137,0
7.792753127441376,7.068146474419445,3.341088625609805,1
7.198783601783277,0.3967356974775271,1.168013302588975,0
5.160649094544869,3.1312401440285376,7.679024531370128,1
0.35398367248835494,6.081840124810737,0.009924172350821436,0
6.719572178759866,3.1737977642841764,6.9116476712486605,1
3.7126054204251293,4.238367914805882,5.067031725106572,0
5.3441365435788954,6.655806245744776,0.9569224376667762,1
1.1612874749184643,1.465213906978764,2.9033549745465725,0
2.871728615948764,8.469568645155789,1.9114722312672683,1
3.643670035432259,3.943260336234251,2.4786623497125504,0
1.7255815528208762,8.2058878478316,4.385693773971759,1
1.0508873585477607,4.325197154773736,7.181450727554296,0
0.8770067028027018,8.086734186589469,0.6285979141455966,1
2.6682970711537815,2.4407277395442684,3.0591879628880783,0
3.3029233198990138,8.011548113638673,4.335216796869088,1
4.008497799396981,0.6784464376885613,9.74323648380252,0
8.869075421903005,9.701230914604501,0.5681981079732878,1
5.160420484254809,1.908097832473602,0.7897832296046747,0
6.540965531291749,5.083628961826548,8.494621739002783,1
3.3864739697634816,2.1630626927247865,0.644933598593298,0
4.756011896507161,8.956298232785914,4.104272865770292,1
4.161034923652625,1.9354258214730646,6.5573629820691695,0
7.147785082416015,6.840594540589336,1.1639915263774991,1
4.645219309426415,1.5344789644392887,1.2683184111221946,0
6.468573909164171,7.806439877708119,0.18416267745698822,1
7.413015423220357,0.27711833298449173,2.883989517832549,0
8.816050994183586,0.491694677391713,3.802599710055264,1
2.702125868592952,1.6035328234177915,6.470586272546508,0
6.628052149927952,4.213010263824277,7.735098917731426,1
1.1653675555099752,5.500576986481125,2.7676357385969474,0
9.921782610504533,9.68393612983217,8.881812169236966,1
0.7544269117341451,1.9793175796254692,0.06426141059522883,0
9.33990252041853,5.810259948486159,9.40091154545373,1
5.200446151721279,0.7574007095507085,0.8456579296573685,0
8.154474736315976,0.6796432850033418,8.054578967080705,1
4.676351121116296,2.962582541649711,7.4282996814388085,0
3.180273281155891,8.133322150983908,6.080205001380493,1
2.6571823875603062,3.072146305683595,4.13035636950903,0
4.6652206084132155,8.704626863368164,3.926547816657704,1
6.481725229969476,0.6281332472467616,9.919510702813895,0
9.459259974798437,8.697603178950006,6.186571352405334,1
6.024586696413071,1.2789663428361087,3.5833520276048914,0
3.4325549137256486,9.393038047632395,9.703210924043443,1
4.831038222042615,1.0124066614652194,4.197285892520767,0
3.044133092916188,5.109013879700762,9.149552010547277,1
4.884017215103791,2.461306058042072,7.334791195176688,0
2.693998866785945,6.366369757515025,7.209948046240199,1
0.9639577455381898,3.105570645583974,5.622233373564686,0
4.601239551419543,5.2208385078394395,0.9165051190758866,1
1.3595636992018267,1.7090924549545483,9.209701047675292,0
9.490717692968909,7.368095229561707,4.542589054613698,1
3.2039497421641636,1.3228384898690593,1.277875150359996,0
1.3675970016986738,8.658751523505956,3.061553869049163,1
5.5992569133425825,2.152243269244355,2.805018956267223,0
8.892679449377573,4.959117830818739,7.2270641384201975,1
3.881230733967067,1.0924437240925955,1.827496150321587,0
7.483175765163324,2.4949122015386815,6.80529662501684,1
2.729027002355352,0.6474496341432734,6.163973940595273,0
7.190949598567709,0.8783577716691049,4.2142917456815665,1
0.6713483704970014,5.071900521884956,3.514034539445859,0
3.5421492131224728,9.57527044139718,8.808521220445172,1
1.3155397792955004,3.1908876497871344,1.1394115960653095,0
5.815410931317552,6.2659632647074375,2.028122656229648,1
0.2335814588167462,0.7258197578909231,7.405222322657947,0
8.989181668467241,7.337399534738436,9.060849736786869,1
4.239052798029162,3.092997257743199,0.3264872663776497,0
2.940516433782716,5.943365320430115,8.986573551604092,1
2.77291767230309,0.8675914887980951,5.796154571309526,0
3.481186168815935,7.2130470207775925,5.707138915336591,1
2.781160990664974,5.05499761829836,9.050752395212726,0
8.772949981378268,8.204234360236962,7.485198614541795,1
5.18136210264328,0.38183584387588065,9.695833227499035,0
3.274856866505338,5.565650994536594,3.7699546302311058,1
1.4022418208426224,1.0702905418092545,6.247766142163567,0
5.0603765018170055,5.052885588377032,6.439202160858385,1
1.39664001877155,2.224142138300561,4.624507390337732,0
4.763957963444519,9.083855746179166,6.866262753238578,1
0.5968307607608236,6.888204560437918,4.113112751410355,0
9.772153870205138,3.722567354660924,3.751422486296432,1
7.575112058302375,0.371920891782217,7.217534025115273,0
5.304832638280726,4.28858092341946,1.375254035021839,1
0.1934093702032491,7.796169925418324,7.4275480880921085,0
2.9086004999990003,7.18628334127852,8.742695428173226,1
0.8852401631358697,4.65774210624884,5.0024687979047355,0
4.739374189309633,7.863285261676549,4.157000184817493,1
1.371231393760255,1.7518572639662533,0.28664967283936305,0
4.923044755020706,9.046770576328955,2.989441296468952,1
2.865025083512455,4.971314152811884,6.429157328681051,0
8.706689215914988,2.5314749350385988,9.717715768422133,1
6.2917313008350115,1.5298039024553844,1.6047618156613874,0
5.872060517343558,6.91914164724741,8.917076966902668,1
0.14985834123700137,1.5962558640260838,2.873500563658932,0
3.4799269157236,7.074549478292042,5.2901208703594005,1
6.352518165650146,0.3227563873717354,8.381317442522118,0
9.715327550573106,6.286340070728577,1.6207492883933605,1
3.1553419297479812,0.1500208454231955,9.482786305117992,0
9.719419852779033,6.124969267325606,9.746852957354061,1
1.2395201207370021,1.2023255959968782,9.689331566227127,0
2.8736296795866476,6.007640762643852,9.661234603064086,1
1.5508905759192992,1.1599104135432725,8.515528078396278,0
3.3571794201450555,6.628343775236148,3.9498930605759695,1
1.17285668239264,0.4334675529405496,0.7463905196094733,0
7.994833737237597,1.7223384298749222,0.8300288969738878,1
0.7409342522878481,6.519033318722661,4.381190511619158,0
2.188044735787674,8.269185209484856,4.865711962016498,1
0.40874276964419476,0.43954328825238753,1.8295485816552448,0
9.840043411931143,9.74686134560233,0.2829745076632717,1
0.48884628229550087,5.097856573552012,5.022616966138625,0
6.591904167091965,7.8705897627907415,3.1593765239891605,1
3.613813483644275,3.223409136596959,1.6170409874343739,0
8.478357342982381,6.428748219714725,4.55315752470217,1
1.0857787138212416,5.676772998054506,2.549467546903524,0
7.876008901053686,7.775131249646316,3.768712516245772,1
0.6064884472059251,5.992010035141542,3.473638695423916,0
6.95821309102037,6.802731809079313,5.406843693323042,1
2.2592654277694537,0.13855264861160066,1.7623996656890373,0
8.340391561934576,5.394673562173327,9.68583510164867,1
3.283998137248161,1.0672571453569402,3.3156888938375415,0
7.017612343183867,8.712674585136359,4.8404096224039375,1
5.404263695534796,2.2345120093685757,2.383058106836989,0
6.565126957099893,5.36714360276239,1.2625191496820753,1
3.3984626785389827,4.523343417075701,5.520793571506227,0
6.113288692668225,2.018787077743578,8.103372510498316,1
4.231861587138237,3.4722716306958312,5.435860213091825,0
5.997963151636304,9.015806103816184,2.5553000212252552,1
1.2543537988372344,2.367408048889086,0.36983617430166316,0
6.743025150531478,2.388580280730259,9.52304465556716,1
1.1708315638691547,2.5778882802395575,7.139114828134762,0
7.874757781968239,2.3635862649935415,1.1222377207178968,1
7.442096093311394,0.3970524000431641,8.674122071540404,0
5.219467670426923,7.910614040454501,6.828608900819586,1
1.941613936734411,2.3569465747707308,6.181290842236904,0
5.777206648942191,5.793460897038299,2.7314919900606958,1
0.8903204884674343,3.8406848695759987,6.154316122332368,0
7.822013014763528,6.785529390843271,5.386950610300163,1
2.1077804614190985,0.36671612377427776,4.124865617786339,0
8.33450615745385,7.408925789675205,9.364041122595768,1
5.660671462869233,1.8491296463949791,6.120490000989469,0
9.411973757060933,0.9911223657499513,9.280954697140944,1
1.0063088069077597,3.6909263660266536,8.552732122316772,0
5.888551303551385,6.025061740138026,8.770007672972397,1
3.7924959940457015,0.12445261717050737,8.126128007068774,0
5.975680978892851,8.374725635925543,8.028257508802877,1
4.179537347583624,2.062430258670025,0.03506554960814978,0
3.1269444143094915,5.596794898903905,7.558866149790112,1
1.602310099534604,2.017781884701507,8.85370869208362,0
9.342921054403334,2.4584471521150886,4.602542757348588,1
4.212490001490919,1.1190586158417215,7.934512386508386,0
1.5242785883345789,9.097724531610996,8.470190291643672,1
4.532029698991359,2.176900658898069,5.684041230714816,0
5.962236197888232,6.625259599400573,2.0143112957842915,1
5.555583889501735,1.4858312383408812,7.400572136767644,0
2.8448738515478986,8.275781041271932,7.701676134758574,1
0.46943544782069746,1.991500725612565,3.614731256123065,0
7.078574601422691,6.568346297587814,3.446831014482452,1
4.011774626007998,1.1548553462274158,8.994756863958326,0
6.887941495614005,4.349672144356564,0.19667495722750394,1
5.194295845126612,1.318668464958328,6.223350304392526,0
8.152564014009297,8.25032147378652,1.8002390171163352,1
3.055382772158941,1.7226236645605764,5.5674793450237985,0
6.080418371043398,8.48453542928151,9.826411584764841,1
2.6101888125237904,3.0193827827147732,0.7377800830317571,0
1.999619386182968,7.971069731234168,5.002750407167981,1
3.748707192778747,2.9321764146780316,2.1014761445787733,0
3.364762514935644,4.7750269259083815,7.93462349880804,1
3.847668099618886,0.45358584672375635,0.7384775347257655,0
1.669813619377719,9.497559095267095,7.8774645252167605,1
3.6462386425630013,3.794386472873743,6.6636578383263165,0
9.13874363099996,2.340180794741169,9.789826146391846,1
4.684848718358855,2.436951252352407,0.9721836790250915,0
9.231213302942152,9.585980819480476,9.381623476821739,1
3.649853380934147,3.3484557307710427,6.637573233643622,0
1.3197957967049179,7.032489981238631,9.863883062967231,1
0.02097015607790298,4.9262638075821785,2.957962011770039,0
8.585821351238693,9.6015431520232,9.273367539751082,1
1.7889121809982422,2.784877615964768,6.447465623179985,0
7.938412166662083,3.328735110713871,4.750206676703491,1
2.9683042057867692,2.8208917235792166,6.465587229306623,0
9.225109326062382,5.2581330327761915,9.213146760786065,1
1.742898563365175,0.7853349409600818,3.747413705137835,0
6.469471845635391,3.805355948210105,6.425143031602978,1
3.758309180597746,0.6331687642246031,5.161743811984245,0
7.6155947228203384,9.849320589675154,0.38197388590358594,1
5.297872223994601,1.8416632025931845,5.831566358480108,0
5.466498535885713,8.014639210974424,2.9065436043757598,1
1.9643092804617257,1.915307852912187,3.0927577446519026,0
7.92372027363697,8.863029221551116,0.888563660499817,1
2.0398075173472496,5.287157447024661,4.491586249099273,0
0.9321630403996484,9.239674950999092,8.576338406403085,1
1.1234848870331882,0.6645072147580044,3.3531164955791724,0
8.87851442260239,9.281666038045994,1.7765906155092637,1
1.8105663877087175,3.8621054315662127,3.2333120039620566,0
6.102352026394785,2.5145655361728814,3.362091182808602,1
6.139541776100765,0.19708055921507817,4.875665292621033,0
7.644788285256526,3.86627268310191,2.1430014390781893,1
2.965968068281064,2.9169057212485017,0.9765546427030525,0
9.37745401941197,0.6263254854398925,9.580980687065889,1
4.530881407963172,0.28090813563150574,5.566516639634371,0
8.365796013842552,2.6632786930093366,3.9015121372657315,1
0.3992242535248469,4.698361432011281,0.6682680121310713,0
7.135011722236553,1.2564788328659282,1.3811461183051954,1
0.8564109243401696,2.1722738429951605,6.880891420815271,0
9.44234097928057,3.305973309736533,4.0679755602490655,1
0.5191248063002962,0.9921871598068532,9.919630640142529,0
8.43630718597302,6.456209119425664,4.541950088946155,1
3.973898941633438,1.7442235107218196,2.1791826729097306,0
2.5609416216806657,9.96103521752083,9.504735485844119,1
6.570739992695648,1.036856381040261,6.327580262596193,0
1.7896665385200805,6.881819694541597,6.058086440976938,1
1.3467850762034361,0.2746311204520979,2.8126863126177417,0
8.388169911022578,5.28538090087231,2.8397720643674083,1
1.5304602999347494,4.387391600163841,8.061053176757143,0
7.050927270259548,6.516897381976986,0.8478381157780435,1
0.18051925374752198,5.187247491675823,7.48554250803355,0
5.852017368808423,2.3202846980832748,0.525155172417221,1
1.3973209915239237,5.552511064957071,0.34901228837666554,0
6.0480429355657686,5.1171634020639765,7.811820030129231,1
3.1150296215093176,0.028071339395217,0.7388287466779908,0
6.811745004995764,9.650229964824119,4.664497223983146,1
2.7010350966942087,1.6272665235636508,3.690500979099105,0
7.862661718843613,5.081739433664492,8.269119068149507,1
4.5503681437538095,3.051098539417292,0.5795710366071427,0
7.041745435317569,9.36012863960386,0.9997513219732668,1
1.8869944831383878,5.636002619410414,4.9774081771253975,0
6.223933951437819,2.1358639000672075,8.165781556006415,1
4.471369766394102,1.6145766528527694,2.5317343549695903,0
6.039480764006879,9.987796970112582,5.382293059338129,1
4.19679983795172,0.46013102445831233,8.438812030343694,0
9.142963734597787,5.526742596385773,5.914039427230275,1
4.338087731014651,1.319153479586318,6.008986739013585,0
4.727738598223309,9.76474606233417,5.61288605255443,1
0.32056693499444733,4.235932444153173,1.3343347164407826,0
6.605287784345812,5.8644004464835495,4.922910078195553,1
3.6050798122641203,3.455370448076768,8.717501551932225,0
4.192558825276306,7.594127494546649,3.592647582798497,1
3.9009949217121043,1.2574021147276393,8.536869673096133,0
9.048366585269418,7.764774499127346,4.19898047713254,1
2.9048588621470595,1.1120076692144965,0.8315128772899316,0
6.607415759799148,4.625657191293184,6.2914797240297515,1
1.4761586994796128,6.29163119575591,2.891671736633805,0
4.35412639597839,4.596423589115455,7.655387835807708,1
0.7945230734858288,4.837857241819207,7.721427822366508,0
9.587328807156595,7.630536673417426,7.439644297505722,1
5.036220215738613,2.340397439252404,3.2443966673501015,0
9.227092105700821,5.7063635345508175,7.527763066771981,1
3.462536948593642,1.774626168915957,8.012480625715108,0
6.459256524372339,1.8912198782035783,0.20568308422596715,1
1.2264049137179633,4.978767332707584,4.025841479535915,0
8.172255303402965,6.8001034580290565,0.02780922256184537,1
0.8952645385637059,6.604115798440723,3.7210491662997613,0
3.457344889732167,8.937524901023279,9.927085661756411,1
1.7159808562344847,0.9246547397117566,4.494661428588832,0
8.464262695974554,0.36266686779076407,2.005709197496061,1
4.446411552126964,1.4537547345401125,4.630736385777331,0
7.277294213068574,4.815969569399248,5.014217737761433,1
3.7948298775053537,0.37950760435803477,0.8717181502922811,0
7.1207125539587235,3.369192373398157,1.1001184850448575,1
0.16009248500889695,0.5930714173711238,0.029566737401557353,0
8.925426895187478,4.753442609203446,2.0768278887331624,1
3.6957834850939975,2.2554033574069985,1.4370826577274476,0
4.667918957987551,7.265603747465327,8.278501277186711,1
0.9076808705369377,1.8935856313152977,3.524534024626843,0
9.537896559279583,1.9800754164990497,0.8680670521890677,1
1.1967108010325744,2.7684328863201904,2.814980073370142,0
7.092921058585596,1.553967421705006,3.699683929851866,1
3.3606379461253,3.9382254914661385,4.7693957505788145,0
6.918384080218467,8.750860434001703,3.302520683399913,1
1.3797923507214316,0.2290162486470726,1.408997614187003,0
2.7786236891744576,5.46206442464253,6.8272778427766365,1
4.884562056355362,0.37346095801284895,8.076933472184667,0
5.328938911591377,7.038880673353866,0.23624316184151617,1
3.0879189038463615,0.0924394395860384,7.644347096657009,0
6.987675255772451,2.0081832100977834,2.8816827804500256,1
5.494096108772125,0.9735794570489442,7.4143647459967355,0
5.644839363361563,8.669030445925873,2.646870857137996,1
1.9009474719271846,5.04815628217953,4.528119172634018,0
0.24672716509996695,9.961516588291968,2.327540811313958,1
6.063273263484019,0.3246876344060412,9.187771486105333,0
2.6794663655847684,5.950290912849251,1.0018234396057901,1
0.7322458170127732,0.42543758770266504,6.464845306474766,0
3.7940378556046204,5.503874648695674,7.297291097896651,1
1.0211649774642317,4.199662498325955,5.876153043454353,0
6.168019054623582,9.489162702614149,2.333379237361861,1
3.4470549597759037,1.5044798155142036,2.9338482407109456,0
3.922266367159488,9.748518488689768,4.653205277771894,1
2.507644526553668,2.4207081104266894,2.549283451924466,0
4.710832011646962,6.33454589606096,5.807851276316013,1
4.902101801247523,1.9333204625172673,0.5692899983121391,0
4.026694811022535,4.214702525896702,1.2748579038254382,1
1.4298777870407198,1.1831410936742137,6.115901608413795,0
7.492353531543802,5.097072078755559,0.6040236018004319,1
3.823237519524314,2.6231147921418674,8.783065946810964,0
9.413683166472897,8.031924077812848,9.210732495569685,1
3.4230422822641504,3.570306442501293,0.5015556649624509,0
4.311615327715215,8.258831672890478,7.131292362480732,1
1.4075449676628338,0.14865559338799184,1.0257890591167862,0
5.7736421945548955,2.4013735308532738,3.9412812336017042,1
3.090295834762631,3.0084861819695563,7.671920135756267,0
1.99398071387481,7.670717272579254,1.2481130858761402,1
3.394702451058864,1.5473591980808776,2.9558148081626054,0
8.281476868312318,5.840184433835912,7.0420760366083,1
2.313215458581878,3.5872107949616785,7.649435512170866,0
6.4550764564533125,6.435605575455725,2.2686357250604647,1
2.8026935929547827,2.6767004368963865,0.31834120768843177,0
3.9688369137771415,9.730713056793672,9.127216173977546,1
0.040456766211329764,2.042298825495613,0.8806533475601164,0
3.7186316429774466,7.790707943327399,0.6644742101440593,1
0.36815695175196006,5.465708581969491,5.522339874123134,0
3.713175030432324,5.099834804512472,6.163243165749586,1
6.598679964738442,0.541127869033472,1.8892542569515436,0
6.213713497574219,7.965230534749674,4.203787684780539,1
1.2356870041989032,4.5508799717283575,5.870400503822247,0
9.8513420402891,5.8073679700303185,9.60368724834979,1
0.8612588786301778,1.2381685632881367,6.749686435474942,0
3.2761167928051496,5.449523551689563,6.377712724596698,1
6.692152010955797,0.5476641181832076,5.609881194326722,0
4.477963885909297,4.918356581868478,6.547948011504458,1
1.3191610180243185,4.906191749797074,9.71787071018778,0
9.462699340201253,4.700939130521526,6.724725065024222,1
0.4156093983034903,3.9573319532703497,6.7976086563641,0
9.19682313982337,9.88988543843946,9.323199415221943,1
1.4619309963884741,2.4739138023536897,7.850088387550751,0
7.54137371656812,8.790777369253762,8.215954131748992,1
3.3206916841217837,0.32105043141264167,2.142676684123126,0
3.9477307191435393,8.727305344731692,1.7746911851180913,1
2.782022216113509,1.3005866079585393,8.697503466615068,0
2.803107432342017,5.6044453833630055,1.8945773630885043,1
3.3738082203919406,0.398302171630287,2.82402709873958,0
0.5064828805329835,9.605257315676752,1.0604332066806321,1
0.0006335972080573349,7.512284931146551,2.48552389239989,0
8.056967157263568,0.683206956563841,2.4731081264070975,1
7.303645327254595,0.6810614718881403,1.2343832412755307,0
9.071823876254218,8.303008627247651,6.117665733201731,1
0.4910662431166746,1.2940162838045788,8.959560044864526,0
4.1548884328540945,6.603959405081766,5.014249515968344,1
2.9672884832890745,2.9826330034852653,3.1335329224154584,0
9.643851383600023,3.0386713048717597,2.1587993755466406,1
3.2458110935614704,0.6888276487614575,0.8375246373630685,0
4.586260815382646,4.008501693702459,0.7874271182960069,1
4.377646218129861,3.0045568525975197,1.2127446924775276,0
5.607271777698414,8.753187516027435,4.037054895184221,1
2.268869429871949,4.460815492796856,2.3668173096431753,0
4.848312147687307,3.684594601232636,6.357209300549123,1
5.670284320180791,1.4984966512455211,1.5901296456638558,0
5.692328933409082,9.326008835771445,1.6979514318670752,1
2.268668923215552,3.8033175396499397,1.019106226709935,0
9.88421913882625,6.278933761870239,4.809378251927338,1
3.4036007549748204,2.347184020760691,1.118396983473906,0
6.2961493389535725,2.540471394481103,7.934605147639554,1
3.2829954727734068,4.57960145187894,7.750466010905885,0
8.94355038484319,1.1597630054212793,5.522888899816342,1
0.44998976462114704,2.946479643600459,0.19678631459364992,0
0.6449878860918457,8.704467802889992,7.567960701289244,1
1.6543532717168297,6.190015863175827,4.579066522526546,0
1.9921996969118538,6.888728157391091,1.4999970010421848,1
4.842670794248813,1.724371768531765,7.649632402749442,0
9.196322563243045,6.297804411527635,8.527347219273443,1
4.490610759625689,0.019202972427116993,7.228502355985475,0
9.244328532749478,6.509793500493641,9.014948269447025,1
2.3602490586620926,5.381728909480542,9.228629943701163,0
0.1450699869363814,9.338314316068836,8.979709345191937,1
2.088972285288291,1.6097443490576513,6.495673666802595,0
9.399963082479728,7.697675908930273,4.592345596800667,1
1.081124787849067,4.642865813131982,8.45638510450481,0
6.919119089126735,5.261795194802888,2.709395144118486,1
6.494239965694275,0.9382669283833978,0.1510375357429783,0
6.018680060947657,3.534309847277992,9.15697893728492,1
6.3309352884038415,0.4182704667298742,6.451325439199438,0
4.660266465096309,8.393812073289757,3.333519821111619,1
3.1805511886735713,2.8150754101108157,4.0121370630985425,0
2.464459002545528,7.461948404296893,2.486382827706538,1
1.9878952500900937,2.211998636128869,6.7753280922130195,0
8.940702954073657,9.00721279507114,7.53939427836161,1
2.736874936689043,4.389857322469077,7.355372755223813,0
8.291931475376586,6.3208362561916385,8.356196622695625,1
2.6115626014737736,3.0498438599609834,3.8760337738777118,0
0.7047575675601747,9.831544453877184,5.59598109708155,1
5.354383943355292,2.3911470817485214,2.2812403094942058,0
7.18021301308856,3.829845230849301,3.8384183407022157,1
1.3414859292439851,5.432466248071827,3.1628783172672237,0
5.57705647191057,5.221278174853453,3.873030789452118,1
3.847346313601979,0.6661634708413455,7.812999750470525,0
2.0203336468444766,9.154624490275319,5.968131774278758,1
1.5067503979010666,6.2859300772201845,9.728225063911335,0
9.959460242267038,0.041031955363904915,7.523808899077831,1
7.052493227944233,0.13393009734062988,8.555136440908356,0
8.53983262963174,3.586475043367056,4.519412074323807,1
0.652291284281401,7.311291235567136,6.4669076178829465,0
7.599803180921185,3.527279414193538,2.37770039478899,1
2.7148239615346514,2.4802660499581073,4.422652462073335,0
5.502499145738463,3.2625401534658693,7.478541514682595,1
1.2492597567929664,6.136436745400088,7.645309069988867,0
4.32242097031358,6.054759451397796,8.207518248063904,1
5.000777016647277,0.14000994245390586,3.0691535255587574,0
8.336064091294567,0.5614754050407111,4.5328538965943785,1
1.3036733715320126,4.43675419124554,2.297239051218507,0
6.8777550256208375,3.558012664110982,6.7194733084003975,1
0.5364721187168564,7.034921871249176,2.3167114324900426,0
6.606893250877251,5.671451088893385,3.2011992191632865,1
2.559914959627967,2.204437576594689,2.1221516957744537,0
4.723141317689122,9.635555866851464,4.122692676171814,1
6.133878294826898,1.825853826654823,2.5992819233517594,0
8.41506278553982,2.4467626658738206,8.872764983828002,1
3.353202480530685,0.6354837535738667,2.784914325165937,0
6.701646857144164,4.929631225898243,8.901181258315493,1
1.4110879055222225,6.474505816034128,2.791784508941534,0
0.44219014385065036,8.675739393511693,2.8051876460368073,1
6.991756232214113,0.9917122731802008,2.4466785911748112,0
6.958505345367358,8.08979437350905,4.180005759593348,1
3.162606197113216,2.2953259530572554,2.0507019983668027,0
6.192724149435884,3.120590259391115,1.971005053667465,1
4.008009930128217,0.02305511282153394,4.257144379838525,0
8.367728281375465,4.007331830040844,8.255027656249002,1
3.752512904145214,0.3623804711630063,9.079993712320842,0
9.560851947150606,4.932258112356243,6.819530241419173,1
4.065875029553201,3.6812851919428446,7.52447019013956,0
7.50826573188357,1.2057399029068672,6.288367573221593,1
7.205297263015899,0.5333308645983414,9.910008742943651,0
5.136753279754948,5.673198483852118,8.106830153058453,1
4.341535838894543,1.6518112904250704,6.510627358687495,0
7.593480933000652,9.64240513990293,5.557342004136223,1
0.9608462272192264,0.6852066248322952,4.173624746894418,0
6.121985439461019,8.235664353396599,3.3724367244941087,1
4.452936223603557,1.4958024540469361,0.7266930906686786,0
0.05197377910032608,8.334654342153845,3.6668453792802413,1
4.909210170249531,1.7357943975873236,8.337650054920745,0
5.711745895500312,9.822653886003707,7.497990654604735,1
2.9385195487473394,4.990430871717914,7.75382077490991,0
6.312188205988756,4.068154223487626,4.627328017242514,1
1.4781714134374624,5.487932860223166,3.743748999559563,0
6.847883300406874,8.409986704145298,7.591643606676577,1
2.962254016839705,3.370671188667942,1.323581430994869,0
5.497690836932766,5.95714685632003,2.24148183520515,1
7.396661941529208,0.0015301971931125369,8.589085731524083,0
6.120019838577581,5.087166538618126,6.295074677628515,1
2.9401726623945414,4.054152415331086,8.808328767366818,0
4.479087204012064,4.22180085160252,1.403365173971568,1
0.7762602143000896,1.3937875815708378,4.472346311166016,0
7.671120747635153,1.853091617765008,8.356898065251299,1
2.156426248744877,0.5924343289624678,9.350318375083601,0
5.519083893066945,9.33169473067721,7.4102563460501,1
3.1512471903666617,2.2541912979730183,2.561541905225133,0
6.911795525545157,3.995560482090035,3.6149241012971247,1
0.998401689227425,3.6939262331730904,8.429727836242055,0
7.943636314327715,8.320262848666095,2.8864306898737855,1
1.5978229843878011,6.251852723681592,4.92028194620958,0
2.7966713630352933,9.42976135999969,2.3193927996279795,1
1.6776282171838408,2.5933277865838136,2.1143996404867638,0
5.294569258800838,5.326788566099593,8.172873877111295,1
0.7990270453779458,1.5277420507428463,9.06978774300952,0
9.030280291625504,3.2936347144595244,7.06027837307872,1
0.5007737818164693,5.906140026807507,7.594717751293276,0
9.321206397183628,4.3322001341775875,1.524457426415603,1
1.3650538503268017,0.5033782268651377,3.978186744509127,0
3.0971099215720765,6.3453530559207,1.4711461139669924,1
5.993917329968555,1.2698754385584132,9.51875438652783,0
9.465520504471833,8.435048095050604,9.267293918802615,1
0.3259738928238243,5.942713190644647,5.530652788822774,0
6.418104324216209,7.564274534402599,1.314928716446444,1
0.43933534136511354,6.890819632427618,2.594155936628282,0
4.76800393599908,6.597940454337795,6.852935140026877,1
2.478872391975251,0.428466618105815,2.220949855813603,0
5.184838774490781,6.3708268815587505,2.8727660861243276,1
0.7837307274673233,4.210056849452197,9.813134420455011,0
5.04570216069642,3.9735684246834504,8.32495240294326,1
3.376460760582817,5.49238354877144,9.202305185135259,0
7.53013292900632,2.849698406232516,2.6756159413494975,1
2.7289784068865797,0.5936905534892911,1.6877008397964932,0
9.436456133198522,0.012044567611401158,2.174972958238169,1
2.247084229933373,5.959905411248947,9.565679550187324,0
3.5439843891246103,9.198410461455298,4.84398580319959,1
3.3658773078097735,1.8409962429794524,6.3199838674505,0
6.643887130533729,4.164828051374995,2.39667202686793,1
4.223001507595844,0.16736881793382952,4.557018039828878,0
6.350910690811512,7.594620766055041,7.158406054285176,1
2.099766570470274,1.7125620502488925,7.09798882549629,0
6.58247677409039,6.762845025134516,6.046333446145265,1
0.6812127638862508,1.0758098294724383,1.2509872234770192,0
4.293408045354714,6.009531085308746,6.372124158986699,1
5.930956685469527,1.7186072461864688,9.395499649210114,0
1.0360240124115982,8.579712256689936,8.407348504716232,1
2.5639037717726545,2.458674035844368,2.4308454615103625,0
7.153073031573962,9.98053716713123,4.401841385224205,1
3.5931083574688305,0.5390274052698918,4.500266884139457,0
8.464644898720676,9.91118384526836,3.897367457813201,1
4.583185638640699,2.2895022414564625,7.766847327204863,0
3.234889760744565,9.820323567551652,8.8531007271966,1
2.5709982997796366,5.138684225328455,5.582467376128672,0
7.441934501484012,8.279503521559853,1.708991261289593,1
0.3019463461691574,2.3413209684021705,6.192371342865565,0
8.36405809564408,3.9279764950318077,9.63926579390297,1
2.0168058538458777,4.523757975348882,8.245612553624738,0
4.672450081371499,7.482627163141274,4.706982572466004,1
1.305521068715333,6.939930780013002,4.645227083382707,0
9.603638687565226,0.9238729247405963,9.072212862510224,1
2.3352393075081377,0.5778316914814163,6.086542314909478,0
4.190355336002897,6.154608657263871,4.260382244682493,1
4.0313651989034085,2.9967537699908364,9.59269365313067,0
5.811598627050547,9.827226765602003,7.406246921800706,1
2.170651310562699,5.938763388481718,9.657681074083529,0
6.110820406220813,6.273582031761724,5.079710032431503,1
2.4745212643161274,2.8240339078047008,5.9277233131660365,0
7.632246306794103,4.046394893599557,1.6180857328112586,1
1.7140246215731314,5.7890517615994845,7.501499990945613,0
4.8055330857107,9.837892027289447,4.92079864004943,1
0.10558235230496371,6.437415146158192,3.7298224457201923,0
3.195410855744557,6.470800934918268,5.122152343224002,1
3.8485219661752956,2.996056880275696,1.477753107759261,0
9.745016928012907,6.416676728618055,4.10412244108738,1
0.31152446691282254,4.124660444507543,9.098851369678018,0
0.27352584107091626,9.992823286583224,9.602585558214603,1
2.9575015849906885,2.5004763681413045,2.5930713106193295,0
9.116560526200791,4.9702564112054235,5.40836618249749,1
4.113744439540162,4.366009529639702,4.155883898072252,0
4.8575351132379305,8.96584438440248,9.980079263355853,1
0.31658347093608263,4.069694486088208,1.1814447595284794,0
8.427410738531812,6.897261665985145,0.970621496059556,1
3.0988563664419546,0.04186386408005949,7.392174428574394,0
1.2858669069102646,9.28202873450733,8.053037572945932,1
1.3318194962735597,5.357657262758416,4.9518052663513314,0
1.2984484656579587,9.978246770099284,3.9528325889781044,1
0.2649440792215796,5.620534714422476,7.799920578822571,0
3.186042706176029,6.391637855212041,8.2437814304849,1
3.2379982628126456,3.96281763159812,6.010360725788937,0
5.876874718215489,4.9743742860686595,7.052861493525938,1
8.374370652970132,0.33127947005082814,6.719908776758024,0
5.307131527510006,6.702382422158224,6.991486966131461,1
3.6385497544795307,1.4621167438222316,4.606798530625548,0
9.952479333505087,0.45036075494022776,6.117644294525149,1
1.5102957143593132,5.074799527683517,7.7983531649950235,0
7.771653383346005,9.25094772714013,1.967401819118234,1
0.6901405794557458,2.464222804115229,0.8217339200466789,0
8.876565211134723,5.368956691794134,0.9111476516553074,1
0.5021099613882585,2.7638767803213526,7.397139889888626,0
6.088867136861066,9.452379906723852,3.173441232556866,1
3.4964823328567327,1.3783440695120175,6.623992268332578,0
8.664499764637775,2.9906727742731576,5.977041454570574,1
0.3671431253351043,5.877899010301899,9.196233074336572,0
7.580721730976684,2.7771951225202773,3.3533479510393596,1
0.7134992044189803,6.835989237441287,2.550574765617802,0
7.514750662425083,8.935774386212227,2.856264871760552,1
1.9839161623660284,2.7132582597953037,7.958179212945343,0
9.17245699016545,9.478179956028258,0.5505167100485653,1
2.8204321275702062,1.0090757499754754,8.718752053102842,0
6.08561280928844,8.989100037672523,5.026982246802186,1
4.6142170073260145,1.4684424879697777,1.396246560758021,0
7.7780401422606555,7.566500547624684,0.3065068386186709,1
1.7511816119828383,0.22642267308576658,7.344401178914208,0
7.639913699710216,4.870193476613397,8.11620042090029,1
6.778633969418147,1.8812398566440514,5.421036408300132,0
0.5440627451049229,8.873980651465,1.1391055664451222,1
2.0230509701459845,3.9175750505482076,4.393483886864606,0
8.389556125371973,0.758709683890888,5.855339623359667,1
0.023376515161847022,6.275961928084474,7.158813465745868,0
4.255562973644961,7.569768733701309,7.862147034409428,1
4.024583188850011,3.679264806987028,3.041740436974071,0
4.4061955124973595,8.552864844816344,7.277664510746193,1
5.529004440505572,2.5097140771669055,4.047051952364588,0
1.0433115393418935,7.991955910743686,1.6445331907913507,1
4.791461699275707,1.948820783874159,6.104489553104591,0
5.0972330332607365,4.231889351463139,3.3493614863620147,1
8.090296359833996,0.233633853088564,8.178226142537934,0
5.744579595259552,9.619620633731241,1.6224976694422455,1
1.467041884136805,0.8949978017545435,1.951719154145749,0
8.295325482336764,5.804176174381304,7.5730083422136465,1
1.815213361817386,0.03174138727056963,6.5601348921491995,0
6.541300651431269,3.7518716298183485,8.912363053010843,1
6.313073061485258,1.3658646093914184,4.545626685326604,0
8.922746061915413,3.3068644922331316,4.418578445591703,1
3.0402945277781024,0.2881916539176088,5.8559195893231175,0
9.497824446806344,4.897136114636641,3.4562580093644635,1
3.9925654770451438,3.181111186421779,9.75798379953818,0
8.057013255864035,8.180435417684462,1.7635313619985415,1
1.568649374725094,7.201359451731535,6.948058177608925,0
2.0439657968758618,9.253919702458159,6.6717341787225735,1
1.1124422745391727,3.055125977147398,0.5329212661683169,0
4.690256048362016,8.487499375738336,6.6560456639991195,1
6.475607626724993,0.3155422292003218,7.813479586635198,0
9.191631649913527,6.209164705817075,0.9199473478996723,1
2.3813548283283503,5.541880632174872,5.9152613104307425,0
3.1320937513570666,7.028270209436409,6.753776967591056,1
3.445462344475445,1.356680024228114,3.429462775840364,0
9.8999268883597,4.988792888592743,1.174957196728852,1
1.911124854543863,1.9244890676914428,0.8500940395877821,0
3.867977225746322,9.272353891684253,9.133253041834434,1
4.608773702543434,4.189591734411264,8.24848565445032,0
4.12991379087805,8.229735510251011,7.144897461031419,1
3.189905737837692,2.91095467064185,9.771568154576318,0
7.447604055342403,3.0451037911521492,5.692586870402812,1
2.3877061538120783,5.595610536753889,8.693879906409775,0
8.522873458409915,0.7202783033439619,3.8814621641729397,1
0.5246994877131661,1.6549491225688817,9.691117083800691,0
8.138840807250178,7.405146187008759,4.084431386187103,1
0.5668819307759809,1.7282158410328663,9.275862109012834,0
9.194983476677429,4.608004600179835,2.6613143075512378,1
1.912385833885516,4.279759360022853,9.172929085577273,0
5.718558761561917,9.290144012376652,9.596106498886972,1
0.9386425014363198,4.923814747472909,2.5151699859839383,0
1.1679319259972953,7.99644746224759,7.647743211621929,1
0.25028478269740084,2.554668047148787,8.454553162801908,0
7.678493864286475,6.19067018257545,0.029480428151745786,1
0.8557828295036896,7.666971454250877,7.227258892532337,0
7.473469337048223,9.586184447101928,4.81032231825094,1
2.726850456622878,0.9368602172976737,9.263814909139178,0
8.323498317865543,0.6964169052087466,7.501858885252576,1
3.259065221169334,3.4109138528641636,3.6960766277607258,0
3.663488740341345,6.810729443350726,6.028156175477866,1
3.4345753923543585,3.003892296143115,8.506787874275478,0
4.6198629583811135,9.365703610928518,5.679922683111775,1
3.6184930819647567,0.3504354630069717,0.825462845873941,0
7.241503344800274,7.304397402660147,9.5366524584243,1
4.156386270413988,2.0423275896868356,9.91501820062643,0
5.34954201570062,7.098872963385459,5.995802540002436,1
1.4067021272295555,1.3302460485107426,7.801732522828476,0
4.39539331691585,8.411836576665022,2.477172320354822,1
0.33401442475366583,1.422948484504476,7.75656170472116,0
0.3365768700001637,9.867794341192923,2.4236519795229237,1
0.6060385936861035,2.23390313138962,0.5120219926128999,0
4.919066866627325,8.680875494212174,5.632064142019967,1
6.958601521162093,1.1879200738293227,5.7482864130208515,0
7.28434977253115,5.6976693844254855,5.623496713495931,1
0.7234661964730926,0.4861300761584264,7.640868750363068,0
9.660926708460979,4.356955172002458,3.590326496600389,1
1.4990280054215,3.8924220207382456,0.37347277554976355,0
2.695806901709079,9.115582707667295,2.5273954280451703,1
1.424609586886807,6.254256933744867,1.7929114239611177,0
5.36932373851217,9.09780168581938,5.478453860626392,1
7.018116285542692,1.313066661616491,3.254862127059266,0
2.750309342456231,6.352181043911372,9.045695365676249,1
5.783243988371294,2.029239245626766,1.939963429283098,0
7.580014032554152,2.91765000447628,9.202588834958037,1
2.0471456686711917,1.4601797029615982,2.3621039770292898,0
8.119614050468334,8.253271692092015,1.5516304802398095,1
0.16966111308168386,5.45940231429298,2.6747219007283984,0
9.682139651461672,8.532838870666229,7.988745470704998,1
7.120984340071708,1.666787885447194,0.6536928925851204,0
4.963987622034116,4.206230919588877,8.739796664471228,1
6.835519852782128,0.8857131186728595,3.6453852382889784,0
5.651279657629626,5.599793838750095,2.9965406961749053,1
1.880367292532723,0.004652341736857135,5.282148426206168,0
0.4253599402946451,9.738550710770118,6.341797853479475,1
4.372413678148125,1.8764307394557023,0.7439625397156935,0
6.70241319585352,6.902200288580941,2.403883186349607,1
5.591410130295729,0.22003502520924312,8.671895797316436,0
6.7513785966117155,8.989100321449069,9.35146352888306,1
1.529280747923626,4.205957710807045,2.249177255742967,0
9.05082717856443,4.021628177710429,7.266626467255726,1
2.456784004286736,1.3228413440046083,2.46425597164344,0
9.044137781385572,6.7900698205736365,5.425743482484409,1
5.40196108903301,2.122613911799368,4.822639050683916,0
9.370866923831747,9.060143886323313,6.470008419396591,1
1.2353370270317265,2.0720011836968744,2.9489150779956965,0
2.8764950836183347,9.600799270755942,9.997463754030969,1
4.434003636564387,2.1471642136150795,4.215411971961565,0
8.060777033099663,4.0908478356893685,6.988208971508087,1
3.126777114285495,1.1995868576124824,0.8880689470443848,0
9.133350806006291,9.529616140058636,0.23261400124503173,1
8.303113176256474,0.049167156218183905,2.186982151986181,0
6.376857293761234,9.717565761937003,8.619944964976046,1
1.3120738503956464,3.6258987470224877,0.2630943564389032,0
8.278503403160997,2.520735028551575,5.966127188616461,1
0.8457141529654288,2.9167293534725136,6.4538935012687055,0
4.586233461040439,9.136567338034585,0.7607987091700841,1
2.0962665365606794,3.38648961095756,9.787990570193077,0
4.528412879131942,5.4079337568830335,7.859317167798835,1
3.34428132787687,3.2625923342368424,1.2488787210650265,0
4.828776390394655,8.95157233135831,0.11217033146071365,1
1.31389499021475,1.4784936326544729,0.3917780605210841,0
1.0552539103721659,8.167759701457229,7.614712550108239,1
0.6606256851566428,4.383487903044002,4.913817641083197,0
4.882560223832267,4.470292074761097,8.22007200366933,1
1.409094479263433,3.2474951369120744,3.342812539533302,0
8.61070955053441,8.596697409182362,7.786251866840326,1
2.780610918912072,3.409676831647946,2.1306090666224042,0
0.683224505228015,8.670395477807261,5.493078974899387,1
5.0618503369252394,0.8918174211044538,4.292156942598279,0
9.704545205397848,2.7425389125383104,4.388600191478213,1
0.43712273244925326,7.284918855469846,6.764741484746272,0
9.351191061942707,3.17372916436528,7.413403470772254,1
1.1035864055289124,1.184822900959469,5.642105804771172,0
9.021867119886236,9.866258679314821,6.2763757516988665,1
6.041116829475133,1.9028787434612648,1.429931242063811,0
5.7349769625236044,3.8839096159216058,0.8739482980086877,1
1.6221019755848531,0.9955904118144188,9.629532358736242,0
8.969956309277553,9.331950909624698,5.084878356606586,1
2.0616342947629676,5.063652144062677,6.564444216183722,0
6.576193655572691,8.858588902802234,0.426421271087839,1
8.121479259912604,0.08659889351867678,2.0110302178058137,0
9.704252978269782,3.7469054481683726,4.037916368608791,1
3.4655531130840513,2.4542189999881723,1.9717099659435833,0
7.185209723725251,4.868987458165774,3.2531637654872734,1
0.19888627544278115,6.284274010282474,1.1341383164466445,0
9.936291913836161,6.502104519522605,2.6765942826929856,1
3.04124439895486,4.932317662843952,2.3570244216269396,0
4.6173856980735275,7.424325129760376,7.101997183769129,1
2.574477778119748,1.1319169775733684,2.0279666891254866,0
4.985402501986824,5.385315020801826,5.834438143791613,1
2.4010087913899394,1.7584907743423017,6.413506655000544,0
4.07860246434839,6.40234887276981,2.1474221177188033,1
0.9246825591603236,5.002010100049764,4.994979779090788,0
9.237510501255809,0.9326968512388045,5.510779274487033,1
2.162461726220398,2.1600008210484143,5.846182798510016,0
2.095928818498447,9.550797633730609,0.31141196000358584,1
1.5138894380051116,3.3793655201803583,5.794319522080491,0
6.233283767869908,7.389355170096492,7.301787226538085,1
2.0037554336368677,6.136088808906113,7.411283115516795,0
2.7130167551995688,8.875193714631708,9.44242676348703,1
0.8144409647269968,1.0176185455186704,4.700265504188228,0
8.984087028951214,4.905324396485879,8.989821163470225,1
6.292664264786357,1.1365600176778434,4.737228718754624,0
7.705733665053113,3.070349266768926,6.8599748878756355,1
4.850665489486773,1.7778570033288832,1.6792742814784678,0
2.7289159725287226,9.558488027481442,3.046519624609675,1
5.03000859117266,3.8874819981750552,2.511692271557515,0
5.66853115204154,6.7409832353298516,4.74334766233163,1
3.5562251823822844,3.0316442406286406,7.936311474865921,0
6.813280367282022,6.21291127228978,1.1289935047883304,1
2.554318906524565,4.535041724660948,2.3739229116289975,0
6.965429990097408,8.994513019173807,5.541348806519425,1
0.751127530321164,7.22083552904272,4.668622074036216,0
8.537916253469723,4.906991158772009,1.3730355982944642,1
1.6474928875115546,3.2511730826064267,9.646581446769712,0
9.482027530788931,9.955723333931564,7.673949102813152,1
0.04770717776817146,5.817624004204824,0.6694742070495319,0
9.44414580998515,6.279904229411025,7.125106050668865,1
1.3866541371324759,2.0525631225975127,4.553048672186337,0
5.348942306636171,5.617375647859937,8.21657434887872,1
3.8806750064371864,4.8185169100851475,1.9569317686145704,0
9.495047925344922,1.1826658286967184,9.091029083591025,1
0.729965330774216,6.193344745463002,6.521912609605178,0
4.810738092648071,7.479547003126554,9.926592741324649,1
0.1831208318161781,0.09494611158124222,1.3543339591435832,0
8.293056935190096,9.078823347253238,4.1287428912581605,1
1.0942500424526713,0.10385982614496081,0.011692709804409507,0
9.430921325330559,6.829991199217248,6.375037641546772,1
3.685543141825265,2.8708797958644663,7.479997757277373,0
5.290971385516439,5.787669282858232,9.379034981693742,1
4.582015945801152,3.578703977541057,6.72585287649072,0
4.75064791954788,4.622628915001158,9.665442090330394,1
5.459480425514989,0.3115340464375771,5.653544557939265,0
8.681464720827606,5.859722382024371,9.369629118762317,1
7.352927452264225,1.5144231475680603,6.015388405291001,0
5.443570633454204,9.217093483892208,0.38157451530751674,1
2.2887660207024063,4.456799446798897,4.225543347571818,0
2.500001029180836,9.589830314587552,7.89763340444982,1
6.94146567107323,0.7750946315961649,7.973411130846407,0
5.560649293641334,5.133743143346312,0.6167406996082248,1
1.4471095158989744,6.1273835624462825,7.256551445390173,0
9.662178449638933,1.7250440615534302,8.506541388209923,1
0.46764866450823117,1.2203510685188723,5.666709093186436,0
8.321836607164862,6.743118532319064,7.335060083817538,1
0.04277309238335247,2.038901768566447,9.918164499837745,0
4.09528439757405,5.930097079016256,7.316681441242939,1
7.5337215771768795,0.6782434019791395,1.8578652975283738,0
9.119478592407738,7.738918332887707,5.654214904871276,1
0.3181548797375311,1.4668645480154008,1.9334216882218191,0
7.6802283139484455,6.033970564658601,3.1471793637380854,1
0.7478104446968659,4.483237911674243,7.964121848429412,0
8.642775395126797,9.576551442886403,0.15759522564261386,1
0.9502027865553697,2.440221854604382,0.9678583970893362,0
9.523884990768268,0.9879016131929841,6.314137783473162,1
5.897892948098956,1.7531167250234936,3.513407025584445,0
3.5124185873575886,6.917069629473262,7.2843316651840215,1
3.1460599823485023,4.411939674602307,8.967841761145069,0
3.8499521776278867,7.617639390773986,6.830452030563457,1
6.470342130705124,2.2189224260385676,1.3864164610082308,0
1.914626837792699,9.60795598284937,3.185865750663839,1
1.801725774258951,6.476897390150071,6.305819440178244,0
7.980044619188219,4.284406190515902,4.1951079582338915,1
1.6183713814050016,2.8360788271469906,9.336786691674357,0
7.02323468036815,6.657865805930144,1.9948740473039206,1
4.890931174898072,0.9254435516181936,0.09708365092741089,0
1.4318800424109412,8.916765294568018,2.6064023635704303,1
3.2403336355927403,0.14917420639782852,2.859691933401456,0
6.291672560833961,4.8921910680547125,1.2676901143107633,1
2.4426262530720178,3.371882277657442,8.281809381169307,0
1.3425014696157522,9.011185508418315,7.981390872937663,1
3.0737488732141207,0.6070333013504936,4.7078452002288165,0
9.891697162657298,9.098563104043619,6.742795790344164,1
3.9255822790046055,4.287775769979104,9.541878718232287,0
5.037804326997739,9.467375186827073,7.532501885965709,1
4.512547777416222,2.9081082821780213,8.840066270547132,0
0.2879924995871841,9.886975688640833,8.369674649299135,1
1.4155775060927434,4.135163559029481,8.332227660669227,0
5.819405144605174,7.7743511327601755,1.9840830847079194,1
0.6620484192898834,1.1804020776771862,8.34187584511276,0
4.839803839967135,6.394526474716622,9.399451247280549,1
5.5110183514395406,2.9825028514021823,8.288727366456865,0
7.900775951594664,6.546344301177594,7.646753414906077,1
4.325210132698225,1.73522434782439,3.2822180455488184,0
6.464180552233762,9.156672475831597,9.36283127338577,1
2.1205600241669953,0.1577368663719647,6.669727754086185,0
7.794143030946317,2.62411340433216,3.639277751793113,1
6.561077304787386,0.5534353669871561,1.6846532539932602,0
8.170523390202233,9.97874931833205,8.214269469924469,1
0.99705818462548,5.402030917933845,9.052765660754101,0
7.497675988989458,2.143219385574069,0.23078717261110215,1
4.366470024369638,4.633468091363794,8.288030202425755,0
6.349688636265758,3.4252258549593853,4.452334820317826,1
6.070387489655254,0.5558878517058241,0.3265400859015799,0
8.897929945320733,3.56519141743929,2.6956623459786586,1
1.3507999520747627,7.614568001475544,2.4460201310129093,0
3.957159131863447,6.2747756810160995,0.40590984519016327,1
6.177273113508294,1.8684231426273645,3.043251720714192,0
0.28489531710937044,9.300090087181726,2.2876355793702405,1
2.471007638090624,6.126188023149388,0.9543698849191884,0
6.082375271493952,6.7564407662677715,9.656201360222278,1
3.2345622917661565,1.1107160784917847,8.237238268287435,0
1.4427216786543784,9.078534817142572,9.819639005351972,1
5.136950402313863,1.9682381606883137,1.308593840834933,0
7.644235457245955,4.97713410429342,5.022115728497425,1
2.507951925793015,3.138149005153007,3.791532853931505,0
6.476057469169323,7.318795170684761,5.564487213310708,1
1.4007892260863286,2.877222380261676,8.523163697165302,0
7.485127707744718,7.621089098320514,3.2872883037437495,1
3.261733151517179,0.8752031008844707,2.9696386457438892,0
3.6253994740943165,9.479567198205869,7.268176533910365,1
2.1000430241083388,5.6697744162278765,9.427926962736883,0
6.073534216160311,4.151453966364143,1.3149202590426778,1
7.40183105649737,1.0363601971814718,8.788564755456354,0
9.060413431030195,4.876283903686716,3.435650927119549,1
4.8543890645394585,1.3284937053630708,9.412633181899437,0
8.82239087227047,5.979718974437754,8.538661558005753,1
2.486631577984838,4.34040142787545,5.389491323011397,0
5.839755074334841,3.475463362384982,4.233164742967784,1
0.920617080491829,4.134676667540847,3.3080899044035608,0
3.6555026567712545,6.949928644752925,8.82315008817867,1
2.235882778880952,2.2023250996179966,4.9613310452765935,0
1.6353523154889282,8.1746718902378,7.553260944958438,1
4.031914277857247,4.756113808878348,0.9439239365649177,0
8.998941462742641,6.951335098439935,3.4627828362398407,1
5.777880393872082,3.003912884395911,2.4319706111542008,0
6.478704125145467,3.460820321904704,6.000925244161847,1
3.0112194120703437,5.9363471196320035,7.151030355077533,0
7.489673909455153,2.4804130937150037,8.129967406180354,1
7.023659987888946,0.5991752515663185,1.8045313937057983,0
0.3443774297349922,9.465041117887514,5.015915234627344,1
3.2206360044539095,3.5388636264664006,9.610317947875282,0
1.0309604345852585,9.758621538972532,1.557374471419647,1
0.35436759741320434,3.184869968851415,3.391526350337535,0
9.86308683328071,6.754055620732714,1.0768109884708676,1
0.028610711282964774,4.949650828008966,7.556741455633129,0
8.425858572522657,7.070574054872935,8.738794289061106,1
4.8962168920946025,2.4759936957582704,0.8838420334032071,0
7.8670342114558265,6.06285658653552,1.2385484183306994,1
8.003463440896045,0.12980528335536312,2.188464011288691,0
6.596036889363402,7.203870824245651,3.5347881288760528,1
1.3621955985124323,6.775883280800831,3.2952300683245506,0
2.606225514975762,9.001601780228714,5.613118098565566,1
4.89364671129879,0.6831205775614846,9.303416701073582,0
8.80344774514738,2.6210634819177225,3.1165457859558767,1
4.098269795206315,2.0616619709199813,3.1181256976638325,0
8.75658101567978,0.3141210613503076,3.983157444343398,1
0.777445340823163,3.3003191606606306,6.714199423221492,0
8.365284637193843,8.979169375990907,5.955005364441098,1
5.952219699331551,1.6297064947223194,3.9132024112580344,0
6.024824091078672,5.536961878281524,0.034698461798454705,1
1.082812171369113,2.355631868297503,1.229479523725816,0
1.5340770557577954,9.83795772068194,5.471621447656791,1
1.7581130677737211,1.7926726029329498,1.4215088127372322,0
8.7233111912829,6.638801775792046,3.2585374838420145,1
3.3857755415560833,0.7889712413433669,8.414146013522737,0
4.6212053446755,6.007142070662063,3.586169287895855,1
6.783438962154873,1.1711204903189432,3.2776051742244308,0
5.194322706558698,5.685779439315924,9.71221383232758,1
5.153073068150186,0.34709246615767575,3.6589092949447233,0
3.594445677935283,5.422255768554716,2.14796611284355,1
1.067494733020674,1.4273949440225908,3.6514415293635603,0
7.872722241423251,1.8028727430701663,4.416632569177414,1
0.9662878750801218,5.469192483310687,4.11781309059108,0
8.39975772210824,6.690182206802082,7.784923416280778,1
2.7350367199723635,1.5638701109911157,7.297175711375983,0
6.80778394830404,4.433375842943523,0.08858474322683274,1
4.326937429451211,2.39090990211835,1.7261365244415794,0
2.3628168551920483,8.48190251977112,2.1006738027630103,1
0.7078293307502292,6.552721645827651,1.9460486298475543,0
8.363615713738263,1.0733160265743857,9.734466128522657,1
3.6331447753356603,3.171962936571134,2.4700782326006143,0
8.515796598721906,6.441870633199159,6.2619247076741775,1
4.591589366686942,0.8177330322924969,1.8280687702776943,0
9.625820773226701,2.3114710911267213,8.449907040725499,1
4.249421980519105,4.558433474771241,6.608327757727878,0
5.115679687614545,6.829280821912994,6.531791787656464,1
1.4307915370744306,3.5182545140306622,8.036720995455987,0
6.152452236115571,4.258098090987531,4.701063843644501,1
6.137460822451914,2.3059578645382164,1.2649542734968033,0
8.545319254545104,0.8126299867289688,6.073469578675953,1
0.8434540861549855,0.6737500892205683,5.121743368705188,0
7.669839338019373,9.194482042555531,2.4616078000945105,1
2.0898163695694363,6.605081966955271,6.373058198169737,0
9.912663112832368,3.307608938147004,5.501790994684702,1
1.5358841969621628,4.977673880250629,7.5060424457481965,0
6.7179793120480635,3.256713416915794,2.0621137438312385,1
2.6717015121015333,5.166421536399252,2.5120921062430135,0
6.222846375970699,5.327999809863181,5.194891962461398,1
0.22840861187253259,0.43223340232560914,9.93394053604231,0
6.950110138963863,4.524673420900163,1.0804779948580234,1
0.5121874210806265,3.7890538048266684,7.2586273229636635,0
9.619063422985835,5.559774384608371,2.2139431301121917,1
0.48740821135333734,4.439852440362614,4.504091714283454,0
6.4785205387408675,5.852472879637124,3.615381015741553,1
2.669945306245113,5.63577638279114,3.6026245383707147,0
9.119568356549449,1.5257957188929983,0.3502908782636749,1
2.126183221676079,2.4850924134723984,2.6209613994231806,0
4.974824771341805,6.293451401296009,1.521524019806615,1
1.232587928666986,2.396880662067473,8.206547672090617,0
7.9735429275091185,3.2063563783796867,3.404731265876756,1
4.025818137300613,3.9232862489595908,3.0078328989860137,0
5.215830440909238,5.074500690369911,7.2736721658891055,1
5.248251970529864,1.4206248638973318,8.047146978616432,0
3.540172141379828,7.242589750155027,7.191795124289662,1
0.26722947692454535,5.86308714840579,2.1740546611614544,0
7.4691445080503485,8.928844744266081,6.947355815392489,1
2.3222050357422805,3.626693401693961,6.994436061549684,0
4.820173659887534,4.542059948420811,1.7377955603593087,1
6.015336292398423,1.7557542197534215,2.2849838620410945,0
1.3528223449178545,9.68806308723705,6.550627264051972,1
1.1965414277824804,3.410769864166645,9.923693692422907,0
3.905150014802655,8.021815826106003,4.904280484734818,1
1.091043569367257,2.9115586127068296,8.669440012443859,0
9.486745328422066,2.214750488369701,8.184004096804264,1
2.4451488568419633,1.9842014288324228,0.20422176368178557,0
3.119073158793352,6.536475659196742,4.172513982458456,1
1.099500413723632,5.381713406301184,7.243498274130605,0
3.956751908488736,6.77793151911525,4.698664113081062,1
1.8697210815777854,0.881330060084089,9.709224595858947,0
5.247773056333673,4.347918546200798,9.733474228176387,1
5.478490121027887,0.8749027788958175,4.451858905180915,0
5.302474552801391,9.191753955414141,0.5154754753230495,1
7.132636844840139,0.9566838621376528,1.484867955778053,0
4.485670513550614,9.37017216069428,1.3940326789216384,1
4.1880323911727055,2.0165589350585877,1.7746092776844957,0
3.542864906024974,6.24494701985742,2.6295392899733763,1
6.05629773695457,1.975105104621554,1.5994350301827864,0
3.9129165356491136,6.461704343455381,0.09460793159351777,1
6.824681315439304,1.8030593386894167,4.105287637245828,0
8.639838750476162,7.509465371166647,2.128412785770065,1
0.8702450037106524,6.821837857929339,0.35600271645748416,0
6.630241112356927,3.8989630554945354,3.5217040550047765,1
0.26722489801259464,7.631063620022845,6.628110803749934,0
7.738391408295278,6.981287801652246,7.490581739669713,1
6.125158789774466,2.6092695063357407,6.271763137475814,0
1.3090444822397596,8.347789485145015,7.616838988550239,1
2.609798299586986,0.6229391616782443,4.2440955721303,0
9.577902780171966,2.469963323747434,2.368178913885167,1
3.3187032936777996,2.971952569055407,6.910378233779242,0
8.300433709087677,9.312670252756902,1.2844962089769518,1
0.6301867568931463,0.09264203898552315,0.2548736953150055,0
4.6330984916293625,9.036355264449526,1.8678736865893164,1
2.8853246237031325,0.9224570102414753,8.124928741056262,0
9.800420215336782,1.0788894923658543,5.26588151441474,1
3.7077972967658,2.1709277353269893,8.875152578565118,0
4.957064077584699,9.113411903721312,2.5894087319552552,1
2.42459780766489,2.6402684820921696,4.979631791189343,0
9.526835539844923,7.6685936673356725,1.5208018248147126,1
1.6116584356207053,1.3434278591239335,1.8717866105293746,0
7.013391421736703,8.86791723289629,1.8111351609692228,1
5.379716768166798,2.881439980512428,3.4041506931917698,0
8.631224930620188,1.8504984768780874,0.5877364866644696,1
1.8507277506204123,1.9157900817487639,0.6364200435729206,0
5.805665808148138,6.053820550522605,3.5977856134073605,1
0.018524949657537926,2.7668346828879242,8.612812750776609,0
8.48246826228759,5.763397791531814,4.484241620685813,1
7.316044054668246,1.4608907824804995,1.093242936426111,0
5.429303715556619,8.494766779859225,7.654574019498515,1
2.032622464983124,1.4737541032007362,0.6391465043708722,0
5.593359962563919,8.459610932918553,5.323408375652241,1
6.027290628825375,2.9345447960461346,0.7389682902200057,0
1.6068673338195782,9.807964199489874,6.585709034990445,1
0.8691866870194054,2.684574090135745,7.059926845222493,0
6.959083232580782,7.678861489323574,9.96854694715247,1
4.421151687725596,3.024431512277188,2.0080975174493556,0
9.729046790432092,5.905096678114665,1.3085559161353477,1
6.752343342922443,0.1667639920329611,3.452094942992364,0
4.962629130446993,5.953028444406985,8.662285703132449,1
2.2204489687680007,6.342336653342357,4.4768665770240235,0
8.286009821268598,5.610104132077353,9.479304524256229,1
7.09121710643585,1.0057718759827605,0.044883966470308234,0
2.4181319875416007,6.868719273279988,6.488396714613516,1
2.544823001529367,0.3654070362495532,7.482306028418054,0
8.039488755239873,8.804815328797776,0.3674162468051345,1
3.019045111387398,1.441438341626854,8.180365734903482,0
8.552540581337707,2.349330738368315,2.1390614408778816,1
0.03260484068190794,8.615008875304062,0.15170365959023213,0
6.166300697397786,3.7553164039549527,2.2881806730783625,1
2.8992848737355734,2.6275951057928837,3.8660432436906165,0
3.9109467230060337,8.448431210545115,6.072603177788702,1
4.338954563351613,1.8671138281196387,2.8818498901934864,0
9.919171651162394,3.187320175435656,1.3066864784458943,1
0.554289959010198,8.111381170151313,6.953548976532265,0
3.144602625716677,7.530126509116608,0.1554644584864573,1
0.9046183155167331,0.52352313972856,2.6801145836404405,0
7.290324360471,9.290810224610212,4.622077447813523,1
4.759138653090332,1.6776847906975323,5.41557843331943,0
5.100280061129431,6.624582900433632,5.412007950848748,1
5.931672747233754,0.49033606075100433,0.40961794636306337,0
1.8495808102780875,7.962899978900635,0.7309709251037733,1
0.30369516108899264,4.029205768822678,3.1297248658558607,0
8.20542803537607,8.635183189207456,2.8259561180818804,1
7.181808835428941,1.2649582846353702,9.716914940781926,0
5.6678936790876575,6.736669360650483,8.393676859822484,1
1.2295172102212304,0.23942125557095073,4.248298575536556,0
5.1222711224213535,4.53821057337298,8.80411923101982,1
7.787498148413244,0.5224886314828825,8.927547064972375,0
4.75647857749045,8.714982071090812,1.4402192728399354,1
2.3226113813696694,1.5584643234323148,3.9097298343186235,0
9.337372098859905,4.039721229760838,2.69446441790954,1
0.6497648464279882,6.474105544020619,7.699422711363767,0
6.945653451395735,9.16073867967446,1.534968337741982,1
0.7422769410525731,3.7345087716386205,9.925574427734873,0
5.777863757249503,8.996597273137933,3.2479380198887,1
4.776857943848196,0.643866319401436,8.059867262118201,0
5.396399868935433,8.159609773421803,6.926781071038217,1
6.082979819224505,0.8873779864538489,7.456021115580978,0
8.683329956419414,2.7619906566647723,1.3619654529588998,1
3.292185541577457,3.4579076572006597,2.299645864876215,0
3.9758668387005516,5.8315580545438515,5.46983606885386,1
6.630813212280545,0.5631094903550327,8.93577688514982,0
9.988065227611761,4.635429326692417,3.8129460038116134,1
5.0938391119589,0.42079288922988844,4.429931498767884,0
4.7849444417875535,5.178603330778536,9.795275363009766,1
0.23410615838178273,7.836587971086972,9.089223335279993,0
7.684517477854657,5.6407180506165275,8.045378000755809,1
0.34021000282717484,3.2276339097029316,4.987614196865016,0
8.81958828140387,7.039192635188446,3.2813889288513867,1
2.977141431520204,2.7776528289761924,0.7092680682021579,0
9.098056918846858,2.591669202263205,1.5058144535492213,1
6.520802303369919,2.152799615811464,8.830330265104902,0
2.8679789979870804,8.54728033836701,5.708859220163952,1
1.6773867123908615,7.208576460694859,8.173579227920426,0
2.405130457107627,8.868589253420597,7.898153844690689,1
3.1310510642220635,4.608409626737774,9.333370662128884,0
5.796212001779418,7.2242691932351475,5.429146286051834,1
3.500142840792245,2.672750837181972,3.210512018439565,0
8.445563373571524,2.867620851235635,4.686758228862216,1
6.039498041809673,2.5516875733000943,5.478084475123487,0
2.1991638388158297,9.352174058966018,3.9015450890346317,1
0.4611051658710774,2.04881750309562,1.3201501597977139,0
9.571990000455289,8.229694636291043,8.220746515936014,1
4.252951535850453,2.4522641944680923,9.66743894569283,0
3.1720095471431673,8.946002569821763,2.1119537894433216,1
3.5772473736588273,3.0565536668633317,9.964414570409145,0
2.9379987748121996,6.747577712488911,4.479765457670761,1
1.013142757061608,1.7433229580777254,1.8650230692252656,0
3.9875178003742984,5.138124696508214,6.135235941757728,1
7.036417126810769,0.2388670998928133,1.2209934820438817,0
3.478353958570777,6.081761162307924,9.722991117659877,1
0.8969782003815163,5.236175148100654,5.072004634700658,0
9.851512106958163,5.969114714197239,5.311978500174492,1
0.39978993987695444,5.0569123860132805,4.168678893060052,0
0.5576984860534784,8.718950300967236,8.103759492955547,1
3.044297590427697,0.8918784718681461,4.602160278561028,0
6.279600595273855,5.8158878822916735,6.775610700453594,1
3.820938512827705,2.569458711582672,5.71981940933735,0
7.147889719185684,5.0691851269552055,6.438341143615634,1
6.205300102870965,0.1836807017123987,3.4309787299771943,0
7.8876881365009845,5.301533097994491,2.7091906338308114,1
3.249588409494616,4.073911660577025,7.064933139362449,0
2.2322119489420578,8.34641171555824,9.826934591466268,1
2.1025946974981657,3.4770037555468547,0.8801436568389898,0
3.5194428524802026,6.4635294915000685,2.1260831358660104,1
2.322014296292927,1.2723883665429447,0.5909796495083863,0
4.102520761726861,6.277089881323455,0.01846467163820531,1
1.6633350053434837,6.245200264625531,2.9078960750203775,0
3.848835069706488,7.171902637352236,0.24030740349625268,1
7.751601184844877,0.35174333403672375,5.969696477019909,0
7.219544444050272,9.988102930390081,4.873545287286736,1
4.071694012008953,3.207888298191819,4.596216684237221,0
7.944081462116689,4.49242956210782,3.089015405708561,1
3.4326185914532656,2.7407405810485708,4.371085117325757,0
4.137658804480275,9.180688363122002,2.984349002014154,1
1.8702576582872144,5.705825253642111,4.788293517664936,0
7.383568748812985,2.629235567318051,8.517092624987265,1
3.9409944845402647,4.7776352891107745,6.8595781240354805,0
8.381198651628786,6.85387092643848,7.890209303476027,1
0.29633355005750595,5.138416928505533,1.4825090878182678,0
9.475361375181583,9.265942091953223,8.980889376296236,1
3.199708400574426,3.51827735490138,1.6043297174863635,0
6.74067015989981,2.949488190196532,7.666878114638803,1
6.376816619215083,0.8833917898467158,5.756631873293655,0
9.847921942821348,2.847755282832234,5.129678585592361,1
5.379994538101788,1.6506991541475502,0.7515019449270699,0
7.008696256824466,4.967125772614991,3.244156398169953,1
0.7417399039485029,3.0151792732101015,8.846348515805703,0
6.047315319076132,7.6939180847740385,0.10306580732820425,1
4.508467732025819,3.20519558217244,5.093533241088877,0
7.448578072234353,1.9082054712584784,3.3698777972027596,1
3.3287476703132377,0.9739249646921655,7.329240161511988,0
3.7398001280107183,6.2650923535867005,5.423849423999288,1
1.8105408921870514,3.8038639692336917,4.901419348514697,0
8.526101313069006,9.715734567920771,8.440364480145753,1
1.2534839833137934,4.380823485332449,3.544948522321235,0
5.963240639059645,7.226569517518858,0.08021924871073449,1
1.9276538247342334,2.9928838545200644,0.8396232840786688,0
9.846863070401628,5.617847283803975,2.322818807726914,1
4.141212157745732,4.313543933763908,7.860965349530047,0
6.881511107203484,8.308698877021296,5.981499407670143,1
5.923324623776086,0.33126239716297246,4.312168737234466,0
4.348614885440586,7.7181367571404005,9.147783026811268,1
3.37299119088206,3.2795010410707293,7.368302776918139,0
4.332009875949044,9.011694383350807,9.25523910060731,1
0.13610809261676238,6.63804617494254,6.588503495775288,0
4.269313891954907,7.289644617805867,5.159741940423536,1
4.645575147664877,3.0625087938301307,1.423992171913504,0
1.8259821178158742,7.486913002914202,3.5785761206512046,1
0.8524377176413322,4.518245396269579,0.7008839436302272,0
4.602259363333766,4.447522064030275,4.700940306945443,1
4.213234187846339,3.9168151361808023,1.0148430174591416,0
4.176394250029586,4.96662139139436,4.29007422759485,1
4.361708570965207,1.40314393589408,8.391582327981368,0
9.567850994602482,1.632655599842504,9.960591259209334,1
0.5428173473894471,5.219727533066793,6.359148184593195,0
9.562342170867561,4.275346262669574,4.020350312932585,1
1.7925485562514443,6.318936655200332,1.8628384291880884,0
2.623923254158753,7.552757305030312,5.25201609018311,1
4.744849012955613,0.6590694418880816,6.794920044520243,0
7.923088526711387,5.6977464110998195,1.7146888351392375,1
3.403288823115813,3.6928850417825023,2.9523731878996475,0
7.231635902057615,9.80683342772797,0.5958563675021566,1
7.232177129155627,0.2155994051422705,6.755138229936371,0
9.267281537900482,8.648718102023093,1.3849533521973034,1
2.6843178484811325,5.267254696823138,6.897670045291292,0
5.461620202669206,3.7603771530674077,9.975087239690593,1
5.134695237316218,3.558217349542283,7.978512421061038,0
9.339207494432372,6.988431775930221,3.594968745991989,1
1.6767994229513339,0.2886041566744868,1.646317091912507,0
6.9122470343497175,7.109324131224662,4.050965314798981,1
2.0133704365764826,5.597797252679553,5.238386281332993,0
6.956937763347342,3.166529987218233,2.559222918053985,1
5.690315701757824,2.2280871638949384,7.091121034591983,0
1.0629736719355076,8.23426346259399,6.939493164863758,1
2.46569569789149,1.0710100357229158,5.6281413972132235,0
4.628901775951057,7.39836752126669,1.035972183690389,1
1.9975637052233286,4.8888072503361695,3.339701224335969,0
7.764737353635472,9.687297713267483,6.758060497894325,1
6.138919149850222,1.6363748272590295,5.874481501417115,0
9.718021785282616,5.648013468606398,0.26375178282159517,1
2.037758647105706,4.125995538493755,9.256609649550033,0
7.9122954841851385,4.502199253156128,9.55756628218043,1
5.327510078803966,3.5505730015231753,4.7912580969385985,0
2.826796515848813,7.28596441136923,6.340943323117221,1
0.7976786963621374,5.753930488503828,2.9340600114676443,0
9.264399580215434,3.6855693901052278,1.3653975335632318,1
3.977401841940763,3.3780266859390373,5.067532653554983,0
7.061457004146542,3.092184789238125,6.634072110122027,1
5.915795854200253,2.7518211700612283,6.504775201973852,0
1.6620504432618954,9.853608680346824,1.1241719241541825,1
3.17078710946338,0.7745219216313126,5.769597424944929,0
3.708532354595606,8.019241289638352,8.099171514224818,1
5.483596639036432,1.7364688398979655,4.502301852860536,0
9.107857492695844,1.7818321065929732,1.742020050140416,1
2.8289915563978507,2.0100479511103906,4.84497247930296,0
9.477572721242025,4.129570480476082,9.676891397693982,1
4.960828369873793,3.622126755223236,5.41156203572268,0
5.489928746609136,4.242353738395358,3.9607576716149753,1
2.2626588042234586,5.974600654838036,7.4408565221975635,0
7.856551139490073,8.232310945664128,2.383613838066184,1
2.6675791113697613,3.4060180833882714,2.0681705140662467,0
9.88217343478852,6.8639438597294635,0.017733141401239383,1
1.3192538033898205,0.03732340651943833,2.5344403932427086,0
3.0451926546107053,7.118659780816912,7.636684161706397,1
4.660859212853131,3.5073410277388897,8.94059563241185,0
6.69113920987343,7.1792616738885755,0.49873303106637734,1
5.511650381956771,1.873666064707561,2.6112947046884463,0
7.277134731776379,5.009593831822494,5.909974799944125,1
3.6599423722598456,2.377749401349157,9.315121612739214,0
6.012979766969231,9.921880095206582,6.993562366423608,1
7.853957676899635,0.4299805626805686,9.61157944038635,0
5.632125428045649,3.941310352521593,5.520033429531893,1
0.18613542566610297,5.320145461451036,4.1943912108089645,0
4.301785252932262,8.430305373200435,0.49554947698587704,1
0.16841720896601742,5.960530693567082,1.4019212075323229,0
7.91859217961156,7.800213374488179,2.5912765666725868,1
5.150935947267081,2.520637032271927,2.0577993303229625,0
9.087233397678121,4.6482894604362475,3.1854656815573748,1
0.23321388073492044,3.9626776307147127,2.1560666280975695,0
6.586947418205995,9.634982580360111,6.779326936727936,1
5.69156207587839,0.9384597354995527,3.8092478369968594,0
9.64657360014389,9.518063381910972,3.5530583139824454,1
1.9722869971836998,4.476663017952007,3.7301168082784306,0
7.00999827832022,9.928040605471857,2.350343678269451,1
8.451302789043435,0.4549840967900498,2.307248405437363,0
6.129747833292623,7.838285551357544,3.967885044021747,1
5.737774159598032,0.47590646490323296,8.503683279728243,0
8.563241849784859,1.5614153548794985,2.488226329204112,1
1.3442052402561377,1.5639713010625478,8.155256243285628,0
3.368090825811987,9.253740601050758,7.874660870895713,1
0.23084508730149,6.560260171355474,8.624137111284309,0
4.995986666721379,4.5915482833372305,5.065547823926564,1
3.5613692743743264,0.8763578253387083,3.1937631671594047,0
6.654033186231915,3.4380473679371972,0.46234255847533934,1
0.9837106113804583,3.833897339505785,8.226532590317507,0
0.6537511891755965,8.576597851303747,0.728025543969284,1
2.827125485401203,2.282189646295276,1.407432653051025,0
8.464978491369,5.705336987337772,5.260529997797362,1
0.16845296557695844,3.6844763869737482,0.8467537058697183,0
7.588291483414585,8.201955253120438,7.221671387819311,1
0.12465931499593741,4.383628103717323,2.8992035916358603,0
9.425437996110556,8.095628437523011,3.0147624942046924,1
5.779199469198904,2.2330721422727096,1.6695106313237584,0
8.747408793575618,9.884686121897625,4.126895185491374,1
3.4536800075807705,0.3402440741580681,5.229538469180408,0
3.4108036124702767,6.40021909987688,6.568762764839829,1
5.538776098813541,2.4007641380515086,7.930566367758498,0
9.541878869958943,5.357763019297906,4.872451056957634,1
2.9275281503777286,0.2889005309860715,8.41367808629293,0
8.5747499391393,1.0162826507811695,2.7059365416526795,1
6.43889413750991,1.8334697215080353,5.800971760574547,0
9.846376719425237,8.515514768094661,8.572889176231483,1
0.44940961696367854,7.708630660285438,3.1197446501777817,0
6.598970858807172,9.797529121416208,3.3275871858382846,1
2.4080043625755545,2.505129278367517,2.1178507515689637,0
3.163069424334537,8.663289286862756,1.288871804813967,1
0.9409590913922883,5.027984202292004,4.2254564579389875,0
8.995029133218228,8.88199235275965,2.5404247631304133,1
2.62906880411934,4.952855998022757,5.313749461884702,0
9.873438335699992,7.244280641289499,4.964755474785952,1
1.3982536605119467,1.1742716768626804,1.9377261118444666,0
4.444714833940425,5.342231318644526,0.9380917441337944,1
6.8830933503761695,0.6965411347158135,0.7612387207122362,0
5.0675344255223855,7.561951398795909,8.59672853153647,1
0.0018117753017865557,6.12010646546043,1.8124040746819259,0
6.948862167687254,5.191007566026723,2.1542773037807796,1
0.04296904492757325,2.6459685242981434,5.216461570290449,0
1.714841070556441,9.759234711744462,5.892039425235528,1
4.971300103307566,1.3897171208651782,1.6735327911152298,0
3.143597186778476,9.414590855701139,2.6607413422778468,1
3.5343019717218516,1.3243452670284062,8.178364773085965,0
6.502327605057156,6.167569192623353,0.3623071327900895,1
5.502732886150715,1.7850691649980999,3.110102148397764,0
6.050482429359304,5.507775415232384,0.3791008972363208,1
2.6616899446517617,2.1780142308444472,8.538684015916562,0
3.064799843900926,6.998025069980406,0.7108248496848535,1
0.188997924505383,5.022463112109641,8.924521807694983,0
8.833496402543412,3.7231519428150674,9.333742733379694,1
4.305366056235166,3.698516230055354,5.880643052087363,0
8.854896989889397,4.095119820770701,3.2515250925759642,1
6.184945643802367,2.3968164668638425,7.785206521487917,0
8.814695383553786,3.9799045594599414,6.701476193473939,1
2.739220036044366,2.5788117534532873,7.257657701209,0
1.8860299563177452,7.867443377007788,3.5257213350501426,1
0.8024165637551395,3.7926677183187896,2.9230598517649353,0
6.756339375989365,8.550404012251104,0.19892301650075161,1
0.44121862402316414,3.9244700899603813,3.0030912205987548,0
5.728135510699567,9.505421119494414,7.654470148942494,1
1.6901114576719423,0.9486097266088822,8.053232514488283,0
2.9756305805861882,8.436537640796853,2.9431631824560913,1
1.8222066339647924,4.13322406110073,9.761287901455644,0
8.734036247460029,2.0008922391744397,1.7569981090681042,1
5.02959641532901,0.19182375659269058,1.0549760208026149,0
8.099456587276945,5.608283077307108,0.09633945734040861,1
2.0640305722301666,4.875359914060758,6.267923269650035,0
7.620326659639417,7.16813498179237,4.6030688201073575,1
1.2796136263877067,0.5263013784897086,3.807763576725647,0
2.88210283550454,7.108487263663577,9.393868678393464,1
5.490750865025448,1.2396290469469617,8.981164431514726,0
8.19247876535035,4.614487212291126,3.9238371848641806,1
6.944628883419171,0.47726239942188387,4.1892788185331495,0
8.34709122502021,8.352906101674924,1.1499959784863945,1
0.9896468877836673,3.4217305890683702,8.79860928422581,0
4.422311752724099,8.121900140735804,9.566303898667046,1
1.0644692224089247,7.882157477356402,5.9696641870590526,0
6.804126401349782,2.8706779755540044,1.4806591397323488,1
0.8456889645321464,2.922887075471837,3.2042158537805463,0
7.411399672474726,6.382177951965142,0.37527477728626524,1
1.1582046093499498,7.5561072552208195,7.149445629347251,0
8.846679594247695,5.197111649618845,2.654144559397138,1
3.874274270848661,3.4540079827652583,0.4341672126664742,0
9.386515274966948,8.07205976323527,9.518074400706825,1
2.7552693903710077,5.703156823645789,6.7650528095788065,0
3.7732558752618317,7.671844839880667,7.488841984874531,1
1.829033136774556,5.175704670788514,3.515872521651705,0
9.809336243380542,0.0020942808048396433,0.019351813820368546,1
0.40964418774298683,7.020597551852329,6.798527125506061,0
7.265070000438123,4.628576154603819,6.378116476987909,1
0.44653475069477033,7.998854230491668,8.868935178658328,0
6.226049649334975,8.45180773535764,3.345166767333483,1
0.8706356361585921,7.84982092092677,1.4979013679182218,0
7.037366368032015,8.243891017426957,3.2734865324188944,1
4.24629700439115,3.3732748474459906,4.652561811690501,0
8.112048943928562,3.001866641405581,7.707427935133878,1
2.7336989094379893,2.495896518007059,7.565889375793594,0
7.254833598474809,6.066590411449124,3.2732276214761793,1
2.3823423496422844,6.590103494647847,6.707671570290973,0
8.403303177256145,8.466779718553138,3.0289534903339863,1
0.832152324360298,5.746605891830594,4.2421599746569205,0
9.59058878670853,5.193271195298953,7.243631799054127,1
6.1301603994575515,1.8218688938149585,4.19605994591774,0
6.031476323716464,4.243437886255247,4.808200200421746,1
8.475751808214833,0.48346918239000947,9.018883370867366,0
7.861150992401633,8.349044200084327,8.681793945925993,1
0.22778077830070909,1.2087850732834005,0.8323992748117126,0
9.923595388004856,7.994296969329308,2.0958902044799355,1
6.7787713366556455,0.8389282594162284,9.196116430590477,0
8.149952707454966,6.165078977324309,2.584926136188489,1
6.673398025935564,2.032831413830637,4.805270011794182,0
1.8429682894977328,9.758542124266068,1.4369282730742383,1
1.7960181038271794,3.908551041444639,9.660846478828796,0
5.810161518724568,9.351287296893334,8.85108323414662,1
2.8288091881584565,1.7768259658039987,5.971761479074816,0
9.859317150167708,2.222676814400785,7.00681574925068,1
1.1079279021398025,2.2947324348298306,7.775243432897321,0
7.349608338218393,6.1629409079864494,8.768915008023354,1
0.11810434971759931,4.054945231063073,4.7328377875522385,0
9.4864002959129,3.3003637917112147,0.7436599522331733,1
3.5670850061827855,3.0896815484749496,0.9839898496134669,0
4.273680752489799,7.2882922595833115,4.888164262602533,1
3.2313338668559357,1.6340176338908663,9.549623956438277,0
0.4123306382393499,9.534402095879065,1.2261132077433567,1
0.8282615491403134,6.375621014198214,4.206468284325644,0
6.950169818310893,6.71150571482738,1.0462152691894078,1
6.063871490371343,2.4332234764513174,0.7676588884271973,0
9.866188127914974,6.502634420494583,1.0108026590999053,1
1.3303397287626195,6.930061744239767,7.110798104914066,0
9.383292048257463,2.1331144499957375,0.8948152856174296,1
0.7821759124084782,8.0760997576732,6.069538624082977,0
3.6726381748923576,9.077764805911073,8.53439560533806,1
5.283203842185716,0.7775065322861918,8.815059237743064,0
8.308329909689899,9.332989636988923,9.390135496177152,1
5.237044902552911,2.212444809915789,4.978442154649045,0
3.294831863230531,9.456479065472,5.964393670179166,1
4.113830731899412,4.414142877065879,7.774474295926557,0
2.8047841637149484,6.668248721554542,3.482144240613343,1
1.82880223537368,5.512320745102657,8.235831117718321,0
9.812798488024256,4.17496947810906,5.367955116098448,1
4.406557192415247,4.5296875640676015,6.466902021713526,0
8.498249877013725,1.165927713378625,3.043590091383286,1
0.7870530748196958,4.9588140318583225,0.5853637135446799,0
9.75987340446664,9.289305483198758,0.9050837055928584,1
7.1031149451725835,0.2629623535722936,7.884134839887973,0
9.896829935314038,4.028677862187124,7.813433728272105,1
3.177139231735543,2.489516762294267,3.8328776763971817,0
0.9397961947115974,8.167999383423677,4.761942048440914,1
1.6349278565993153,0.1161818985260421,2.676349502980755,0
3.859106561908642,5.968370340123292,0.13784017748151522,1
3.0167179382181852,2.3627847394297454,6.485512637962242,0
9.364473659038456,3.0207338497332215,5.566165192332763,1
0.44298878189846125,2.3712074852421914,3.9421990049194933,0
7.049554973314703,2.020443718880177,1.9599841142896612,1
2.8252619017030476,4.2359340153824965,3.888345769323187,0
8.15890310049378,2.232335359075898,0.29109625713214404,1
2.8742721778188085,2.771042226778695,0.958661526310084,0
9.861229539789935,1.4431219158061048,1.0710562550464553,1
5.259634324030089,0.762428985045398,4.697644235303735,0
3.7990463458648027,5.297151623226667,0.8395807933734456,1
2.431444855445667,5.480713062920824,5.686846975077704,0
5.257261463383588,9.585716481654025,2.34989489857113,1
3.445374291318233,5.298892503978867,3.2518175877325914,0
3.082536893379304,8.710522225936487,7.769871261804099,1
3.462101307721104,3.468400687170824,3.459278837658889,0
3.4350696401102256,7.312794661537891,6.476606220261321,1
1.3193417881012237,2.3265345138282223,6.189915264232572,0
2.645471956345533,9.960702302067443,5.696096699542325,1
4.660631990735629,1.2965642430988589,0.9502838905929178,0
1.8354881196165096,9.465482718831405,0.6360414253823488,1
1.9901026995223225,4.414042702920539,5.254121156565983,0
1.6063403088343042,9.808119667475546,4.504331598960929,1
4.874737058984795,2.1349845394378497,6.291935081890641,0
6.086145209951982,9.67958143136,1.9940040914364465,1
4.713029204575962,2.4219260732270875,7.19543014949168,0
6.777963440419534,9.992404905566888,3.482275817483039,1
1.2274817283699324,7.1251224138581986,2.7488122581381957,0
5.023776215929239,4.682766867020156,1.7721541285883013,1
2.7365178131183168,1.6580742092279244,6.434416290956882,0
7.894779406540007,1.5530224193843711,9.090608673857318,1
2.629105421996869,0.8651143191709165,4.594693640041287,0
6.1820606872431885,5.489273094154949,6.595607846589631,1
2.3082649233399097,3.158283296474532,1.9271995471981607,0
4.587957710925671,9.337126159788255,6.444377875828854,1
6.720236423383752,1.0226493872771691,2.077958114920202,0
4.571877282155668,6.897492498779993,7.546701182920367,1
5.29013158957148,1.3026428546304247,1.5365387251834406,0
9.15511601902118,7.85384150530657,1.8225458028642627,1
6.442592747633857,0.4195466924078928,8.687164770764133,0
7.8407979544264785,4.526701884831255,7.441335348319647,1
0.8879303514832337,1.6597260353233712,1.8362845180282983,0
6.572350190038635,6.8442435277979925,5.255820759801798,1
0.16479892244793848,0.9043683379836698,5.337820640372581,0
6.395202783738863,7.665969373260282,0.4213003834843132,1
5.299490340650888,3.414525326248162,2.2973050093566183,0
8.83871584783942,9.726808421932347,3.649548907987372,1
0.09834996590059375,4.625476122380685,8.580084013447557,0
1.7883797058993567,9.43609896276879,1.98658669981718,1
1.1842950556382514,0.0732738964470736,6.030239030965098,0
2.0329521289069516,9.621374318717216,7.790305557481485,1
2.3225104464062185,2.6106734241852045,2.7241021500639793,0
5.672105321069454,9.230169654738766,4.381678519090474,1
0.8756201500400651,3.5150198467362435,9.014182183944444,0
6.987949386896877,8.397772987218392,9.522112181658919,1
1.1150067895143179,2.88598965910925,8.687457382331038,0
3.864323839015312,6.822135104396525,3.4864187656890646,1
1.8914114259634296,1.6444499142672242,5.38836471390582,0
8.112814173116899,6.258717335348145,9.36519029160474,1
1.043568021787623,5.520124285859945,9.446499801832125,0
8.923557605108284,4.015533931600483,6.665444140054932,1
7.056261050009863,1.4013044209762004,8.838871596290947,0
8.833553718419365,0.46411947600351056,9.803491923830794,1
3.3246652847615135,1.00459550993786,9.022244006032672,0
4.636581767605849,9.647306956205172,7.428994876747597,1
0.08966500359334106,6.507473263131546,8.553217548385474,0
8.174727394550796,4.4675988090940155,3.0797954685794116,1
2.1752790446555306,4.919177843629256,4.99343234563736,0
9.130023776882842,0.762979743478851,2.851470481144122,1
1.9409043383032998,2.439233346667904,6.549543527861193,0
8.895721377086009,1.8126888769964133,7.81850921139082,1
1.8472559972758085,3.790865589097525,9.475536000760377,0
4.705033637764167,7.831880720442587,6.291756897028776,1
2.9962933550849193,0.4863477019899598,9.932150988018629,0
1.688552748376162,8.85733655111023,0.6075629321268727,1
1.3359511101819432,2.333814638645435,2.2705115614054803,0
7.7979901566826015,1.891725126167858,3.2549157345270494,1
0.4046380859697196,3.9866852004794415,9.211033707310149,0
9.219522291539375,4.008499705963069,8.171770746536746,1
5.615067962476062,0.5001779732432565,7.750170885944164,0
9.800475371532686,6.557441781735912,4.477187317250567,1
3.5326653465517333,5.1398942895757935,3.9730065248818915,0
4.850392653132229,9.230586655589294,5.31305709649722,1
2.511595454490856,1.4195846644983134,3.4464024064509067,0
9.362702425596682,3.2990549595733407,3.1105659692672605,1
0.6982022241997909,3.924572186284898,5.382780050359081,0
6.396445349484439,7.215629403634901,6.189706608462694,1
1.7978731568002304,2.188320840630722,7.447488835775822,0
4.202503197961727,7.124331136368495,7.027352109703173,1
2.871873055128147,2.5122594217524705,0.9545492393731281,0
5.540715193184433,8.804890121335527,0.4260390124947333,1
6.6861579228651715,2.298404219620802,5.587866377260705,0
3.323868413745644,7.419642035180926,8.104545107495145,1
6.030834890316331,0.15703450840812816,0.26238197130426966,0
7.773670008120019,2.4873180844033826,8.929903995803,1
4.214608201726566,4.5383461137807135,5.934725072098054,0
6.992103050132671,2.937582258516472,0.07788198267413282,1
4.013263558785392,1.2794120822846022,0.14166867118563853,0
3.656788396665217,8.669018212645428,2.9511675099060177,1
1.3434664355126613,6.5035270510095415,3.2138132084143156,0
0.2974328627226974,9.532950409107213,8.215112721528454,1
2.249066587262041,2.788402594082503,5.332325582851385,0
7.962744347498727,2.4456881968478705,6.764935220154344,1
2.1992907198325495,5.269863339605595,8.076329394593989,0
4.783463756395092,7.429290783221328,4.129262766469937,1
1.7552843969826504,0.3319631258303435,8.660486811594376,0
7.194681027081761,7.40210021981226,8.749682023115824,1
1.3697906970001106,7.445504449838687,4.527660613621615,0
2.0410115749474143,6.981963494055895,0.08854158977360194,1
5.5656717642647795,1.2990942701397679,3.4398803950062886,0
9.424552069229907,6.41373280809872,9.546219968682166,1
0.9678557476230942,4.265209752130415,3.5420906484841086,0
5.406077586736949,8.958270890443629,9.968174284881343,1
7.25993641824306,0.08201425147961294,7.622212547861467,0
9.392270464641648,7.9902297432685305,3.761813573051117,1
0.45669725730473343,2.123996142820772,7.550713818247923,0
3.04739579677321,6.392543463691787,4.623922116113813,1
3.6848354363554128,0.9223785739251689,3.995343460255094,0
9.40442885449155,7.646515751026996,2.4259117999365665,1
0.5044795257284973,5.894803647881829,5.096173715960513,0
3.594728889887185,8.37777653942899,9.707700524805746,1
3.2779708011885065,1.9800936675685388,7.322384896207571,0
0.9679476495885819,8.57672489698703,4.968767869561167,1
1.1122262399694405,7.620424361271062,1.684070055686726,0
9.131758055437295,0.6726048479816038,3.5187073427585593,1
1.0395565292814446,5.239506969829004,8.234591059697602,0
8.340764941120467,5.7464653256849605,0.4292575323695824,1
2.324595458510754,4.327714925082673,8.202852456071318,0
7.615597708332055,8.032439838163322,2.55625941271473,1
6.611725934354085,0.4124027224043125,1.422491150180405,0
6.116679733421319,5.684528932726634,9.504597406328017,1
3.644854399519425,2.8025071399660106,3.9054796016809465,0
9.639232163907103,3.079217803610561,0.5980207888845901,1
4.485627984416097,0.24911480523094331,7.062075432212672,0
6.940078814880043,8.309342598541122,2.431497823446195,1
1.108073302767032,0.1778930267516543,0.8195218359263057,0
6.624994622299649,8.412582267405915,5.640156798354812,1
1.6382012771952048,4.270443582432816,7.336336185468628,0
3.18280848347594,6.948454464800787,7.9674599236176995,1
3.2359079799852353,0.8323280971760838,9.783642486480563,0
5.641074133077156,9.097692697524355,8.896174671200258,1
4.889691677845312,2.67174631170385,1.260405516714408,0
8.274592904428564,6.814542743120735,1.382474821562234,1
8.203029923171512,0.4271930869057239,8.812780104341677,0
6.697995723612406,5.714264530237715,9.20966944920488,1
4.196849688745853,4.01928179906789,3.7727629515878536,0
6.185671331857689,5.750798682720127,9.417861875788594,1
2.3811801458176474,4.501299682284095,3.1268566448369626,0
9.376335419485548,4.725628041548974,5.09866274303426,1
2.270050095563195,4.948581404653524,1.209135511897037,0
6.599753868864818,7.324329162376775,8.671883103539562,1
0.5780935299917922,4.596543632811362,6.381188178510957,0
2.3219476346067136,8.108521263642384,3.3219771420867383,1
2.6219896025793488,1.936137420498587,5.83580796912449,0
7.1557479914602755,6.359942329917747,5.212399322403574,1
5.150527240303822,1.572700720188226,6.755686012069367,0
9.186940107459204,2.925396527592504,3.880745258168127,1
4.416544849248806,2.354797168636437,7.655030493413881,0
5.092549268444174,9.952757740826065,0.29173575282101405,1
1.062609396260752,0.9281408867218455,4.083542255412889,0
6.35189048551763,8.554702291898757,5.000127182278149,1
6.843737937673419,1.2535197281753951,2.2494987881389337,0
1.020102547931001,8.422229431655648,0.6582508491808059,1
1.3502057207476525,4.762263743954051,1.7127595498794912,0
7.078501234532259,3.895552874611016,7.690605417606364,1
0.12903849267491663,8.6007400716275,3.3737118996033777,0
4.161535769597712,4.968316303153923,0.9716507104383099,1
4.803490006570545,1.7604048912390646,0.29172743536680534,0
3.5910412332091535,8.568752349616084,6.963290368455912,1
4.832204444272067,0.5304445017443526,3.6535758725021186,0
4.641301550860178,9.358628590679023,3.617139250379815,1
0.6122229164424653,1.2684898914462073,5.538566242732262,0
9.144479181334678,5.451118604626308,0.884236750384717,1
1.8299631269896233,0.4309170129641604,2.295284181011974,0
5.983843169244381,8.282037573876428,1.1167072962061997,1
0.7580396896269126,1.1917618531382368,7.299178536501609,0
2.3431212685340865,7.287562056907606,8.761293694338226,1
3.8850006185290917,2.984400712976317,7.716669659265387,0
9.334370618945533,5.6613220429058515,8.576457208522578,1
0.880289420702216,5.545760845232454,6.4536548462845245,0
9.944111057640125,0.07946860960447277,9.357668642294554,1
7.205125582092819,1.4277748237940013,2.853806633419275,0
4.958781318145917,9.771305063695223,2.238286840110235,1
8.862107940046354,0.0016877931510550503,6.697901720909721,0
9.750965464200391,1.0087567036568168,1.6784884525142452,1
2.3372974982782644,4.335477692622355,2.2460750546334607,0
7.221941665135654,4.168411035553738,2.071622788898797,1
2.9242912159759626,4.263040490869004,6.941932569273232,0
8.883186550925675,2.2938324498581864,4.513425942930357,1
2.9054983850166574,4.4061404456997035,5.478188785766393,0
9.522686804483023,0.3549161202755602,7.2738154457631286,1
6.86300205388183,1.2222329122121522,5.5992053729192275,0
7.05328709649285,9.0085320592956,5.431153589542703,1
6.004972162753414,2.7844604534422945,3.4726496214468785,0
8.040314123009928,6.603926788073862,6.039874644860189,1
1.7199210885617722,0.8374549736495307,6.558631225101498,0
8.289689548370609,4.244406668787018,1.8890897391380579,1
2.1020328301121816,0.3240710526637869,9.048902980292532,0
9.353017612732058,7.244031884444632,2.4032340079591243,1
1.6049911158808328,2.665890325474213,7.136326382429276,0
9.795007646409063,8.825262968725463,3.5727208922365117,1
1.8239298195006548,1.656738122614152,0.8006032662413265,0
5.519530411197321,8.692963314898034,6.922343924696853,1
0.7545416607316169,2.7900621504542187,9.589428553721833,0
9.400774044881029,9.313007952108412,0.59112542208965,1
1.073564819072893,1.6492680311155639,0.80110068433625,0
8.927891503321494,2.3464797809811966,0.16809378742657755,1
4.673182918443747,4.276567158161541,7.604498266623294,0
6.742383774039683,4.949920025193287,5.0080108649950645,1
4.082865347155108,3.6714551731341096,8.393607394965933,0
8.270532932911301,1.6622914619912843,7.319463633904214,1
2.762552549516031,6.089647833768803,2.325804652705521,0
5.603597917001457,7.501155859986261,6.495639726824339,1
7.748398497559748,0.11979625981621611,1.0097028240113637,0
9.162792749829277,1.0876199125629027,0.7554137363642788,1
3.2968692878850794,2.4883830105512406,1.203393632599401,0
6.526426115155046,9.093373718626976,5.764549635936785,1
2.9410927688163166,1.3306072104762812,1.308227369712589,0
4.201125752691453,8.49764122744549,3.4384216570175763,1
3.6459031629802743,5.336282424252625,9.333851177347096,0
7.036949830656011,9.401310781160078,0.7638815848386427,1
3.3400098709579327,1.5502461973893766,9.414690863627523,0
4.8667317182609615,5.769096598702871,8.631880406455409,1
6.208917132435518,1.6137186257125602,9.467427312849612,0
4.841510654407123,5.17281903673231,4.02472194478619,1
1.7658924084546523,5.21702212756919,2.8669458678116166,0
2.9978431314119947,7.325943969328094,1.275036323920029,1
1.0009445760548352,2.8170020542089222,8.601256373395218,0
8.12715482236364,1.7857671066285563,4.562450720478694,1
5.3760614979150425,0.9883422992560864,4.089414858753525,0
5.8251836031392665,9.341564848627925,7.260109598379279,1
2.006474436431943,0.7416420963021808,7.653552973866237,0
8.688353595073119,9.96706944607663,1.8770976340411405,1
1.4183483841808497,6.7190282208701735,5.286092567943035,0
3.5695542358858248,6.184998251573636,5.501805618661839,1
6.130396152266194,1.2876556821405205,4.45200603336271,0
8.965809792168129,4.557919962575995,6.46203573098496,1
2.638841299512219,5.490790903947781,4.338796851599309,0
5.6297787311926495,7.757997359998989,0.3616031176727841,1
2.0346102305753346,0.4851753599232711,6.15571244038473,0
4.427155166782456,9.766616336583413,7.285909175751797,1
0.10627671835183983,8.410009077253427,8.256580996195447,0
2.2929412542005645,8.396981726564775,3.5553672469878563,1
1.9931226362602261,6.752923313083556,6.250048529158029,0
3.188126962347808,6.410052422865299,6.487285759170699,1
0.11083431898815665,8.564063631309581,2.0138038585084317,0
8.384403864835487,5.517642032109126,0.45514330237204526,1
3.2847816607781732,1.4997471844170274,2.4456952797989864,0
6.701632982613621,4.098950382746173,0.5652542089657753,1
4.269731266080549,3.235145511695664,7.442361861253948,0
5.705452665106994,9.591294452281158,0.8983118707756987,1
1.5144274117165335,1.9986514614889384,8.139349194281497,0
9.944518924862635,9.275116477592706,1.1229198143133068,1
2.332469330659779,3.779236787736636,1.871963972368026,0
6.83488446295752,4.70247688964691,2.189466821672419,1
0.8460071463307184,0.09022919505256577,3.0878957418953568,0
5.28734931114744,7.046441872239161,7.980435618948956,1
1.339400487100293,4.627827111983885,1.8310179652132785,0
8.815387966709814,8.23715195450156,4.524958237924456,1
5.269637826217503,3.4035191799591358,3.8816191796935007,0
3.410963256841839,8.182981573005573,8.830107099938957,1
3.390008089945761,3.121920693958592,4.945457896488804,0
6.953670868744267,6.455429061041366,9.039471896854925,1
0.32974612468601117,1.7327633172335033,5.646625855016113,0
4.706344641710903,8.261447695048785,0.7082677782827917,1
0.4895379449796533,0.8835001339612902,4.758974234907547,0
8.22463518408951,9.530781931953342,2.8233183661952808,1
1.3210484811815582,7.2720808348422015,0.9898434445327708,0
7.701412056517093,5.8644519065491,1.000426768679118,1
1.429765897833708,2.4747178930016056,8.258834553940545,0
7.958957801415995,1.308488937330835,9.850803147619047,1
1.2596337321228468,1.5139708483665637,1.4044916872051383,0
1.2041351162716651,9.851244279516386,2.9895605240728007,1
4.2902039872581845,2.8365128231214207,0.00955085691410229,0
2.8116502459191164,7.123797600642766,4.556747061473553,1
2.1291446186023997,4.228764200961303,9.012427762226828,0
2.532159254331124,9.073374824366926,3.525229475929587,1
1.0458565260398722,6.793148691391341,8.516844620845998,0
7.710785479462633,6.598845940479468,5.028933964850677,1
2.282095586069204,0.0950368225117626,0.12808926054125647,0
8.124195243174627,7.124047323888868,8.891404803211104,1
0.4330408561646548,8.046958707936568,7.179883850726202,0
9.121543787114895,5.905686407110167,3.267020506262032,1
4.063580052607168,1.3251471189812347,3.2938293569982946,0
9.999169682320321,5.4466003806638374,4.470550105769206,1
1.286485865913658,6.381059272909127,9.108473053149385,0
7.873838242213509,3.0506014175728913,3.24485162467346,1
3.8774803341784105,2.7181326084697077,9.58568226821745,0
8.682548560303795,3.8322825203842914,0.9947104889219105,1
1.3064211087201172,6.599345335580845,1.8373980563165526,0
9.527046560633416,6.960578974083035,1.3416126250577853,1
4.488176893493857,3.0595984492914843,8.272006099030785,0
1.9810070881590058,7.0586145482643055,1.5843507617111297,1
3.9251220736171777,2.8447994353221118,3.4808951015020293,0
6.715923466730226,8.805803707086092,7.6888854800014705,1
5.335122743043961,1.0944467599033947,7.474929183436329,0
6.119194194766136,7.962035549300963,8.221351442456982,1
1.4377205092226586,6.594867404586623,0.2595437380447463,0
7.623495015183171,4.6070979155767215,8.5955246660568,1
0.4721135704896484,7.381116172145318,8.6695986081346,0
9.039257695192285,0.21844291349584433,8.440356284225523,1
5.488909374883482,1.6195824651471602,4.281220888708999,0
9.582750617866749,0.735388383064074,9.311421466688614,1
2.079973081919988,2.470696702003854,9.336279290593621,0
9.464266732851263,2.968298118115084,2.9882651967147944,1
2.5025406594249864,0.23153193923806992,4.974077170306918,0
5.23940655606013,6.095493282599489,7.496696104034937,1
3.5404506807985836,4.027981055458575,1.753440234797492,0
3.1223750698593076,9.65056210882401,1.6438485529700675,1
6.625745541059535,1.1024522837117823,6.04757212217209,0
4.539487267659484,5.1400285213599535,4.735962680555007,1
0.025952489788545474,1.034387220825913,5.746440377186568,0
8.514126138554639,5.059752450171658,4.76638477163584,1
2.0120320133788505,6.253178287578751,3.516873816251417,0
4.741232384748346,9.987033995802665,1.748305094750786,1
2.744231902463686,4.2406183847758685,3.540195697438203,0
5.929760674066609,8.337960964526713,6.957998774688868,1
2.973102427106973,5.076849191151017,3.5308341934330665,0
8.29738611836193,8.99029508014258,1.389631238439607,1
1.0773560506578839,5.089079470379386,2.6501311207782496,0
7.469263007227315,8.23827161787962,6.974963419658535,1
0.9527504838712286,0.63475395751449,5.271024202416097,0
4.866703845545851,6.733829514722132,4.707029791575819,1
2.9396674024623124,5.732508208589221,1.075126218483471,0
4.817290335686952,8.068375877658525,6.093228657996685,1
0.8826941022764168,1.3083125977990007,8.230947909655843,0
5.385164493945586,5.020958881370539,1.9157450475868032,1
6.966582967943448,0.795218067252017,0.7249476600149285,0
7.199163916915788,4.040799647702324,0.5627520859584856,1
3.4882271441657977,3.1812036495651896,6.758164331067812,0
5.5699335477015035,6.578603608098975,6.787531970050819,1
1.9093876969734047,5.261735631631186,5.034213635076885,0
6.388020165706617,3.330815082975663,5.450793645013054,1
2.330520800807542,1.1470308578345767,2.9253687704981415,0
7.094981246933134,2.393406754208165,3.2535861932964814,1
4.113375692050339,3.9150935570158563,7.8845446207519965,0
7.154708561977415,8.910089359227683,7.968330606753344,1
0.488329260745477,3.927192721493734,9.508699821583665,0
6.717992107899992,3.3901507996790103,1.377199022456146,1
8.451394025386547,0.3695710422137921,5.314870537121832,0
5.0273566967868035,8.700781382980242,3.5911849751715117,1
4.9469865557806845,1.7239372760839466,7.09951606535021,0
4.378772767405757,8.156014105458368,0.12165706337284976,1
7.197834313212526,0.2497212877710464,1.7395848926487467,0
3.0779157978269445,7.151903801154536,2.6095498681114773,1
0.5063580584708816,0.11100302247847527,4.150480724054983,0
8.547814427587037,8.30349639259925,0.30752839020511735,1
6.358375580904471,1.2139134231580107,5.44717833852577,0
9.640244278598143,1.486192193423499,6.103540889046954,1
1.430647571748267,1.323793485336452,0.4685585362973954,0
6.4248047956701635,8.638007142591853,5.2053618236493175,1
5.295124657277388,0.4591484153365788,1.7585986339557602,0
6.320996395217485,3.060966049306233,4.698989741810456,1
1.0312150379542473,6.497850915741648,9.0480517983556,0
6.9278351581393185,9.967521021887372,3.306159730887903,1
5.406837964152169,0.5328243892783646,5.4482941863927,0
0.5614237778855813,8.877785277084808,9.89591532790956,1
2.0110094215639074,5.599577351430321,9.30024857949026,0
4.054768063317765,7.629003247401267,2.8072384868192723,1
0.9518636990901408,6.893430421954205,7.25851147565778,0
6.656327994798101,4.668606740547725,1.5816910936053696,1
2.7940309308746194,0.1638200642622789,3.904340226603775,0
9.68209191715956,8.277182467194477,4.303108772189038,1
3.9949721542939134,0.1409424698389783,6.871293250485735,0
6.873124242093814,6.328403446071081,0.32345400075462605,1
2.761239185566292,5.3504289944415975,6.790867348415526,0
5.452627299484897,9.964757897266697,8.341512084332914,1
3.783011589399937,3.756547822692066,6.82262996780535,0
5.317037799435031,9.574457021335931,2.206075986758278,1
1.4826312985455292,0.8858625355225069,3.831691855699054,0
8.713542737000004,7.04583490489088,3.275968028850287,1
1.815861103602282,3.19004913452246,4.544349191398609,0
2.8330238622368755,6.21323291587931,9.99609337536468,1
4.875559436330987,1.056390230824793,4.076252075041301,0
1.3296766380856595,8.407481986896443,4.8923858444891035,1
4.461460278228363,0.673706910883497,1.9946727568898603,0
6.604027523308883,4.888170874588624,2.1500570978952305,1
2.7788696357790132,3.041807088082451,7.59183549680076,0
8.853533397676244,8.468375994149962,8.30353597167764,1
3.662092192733736,5.261993061659887,8.211963271139279,0
3.621693753419426,6.664520891060629,5.902367820270149,1
3.982709687006547,0.805953837804404,5.898753386597816,0
5.317452635671968,6.216226559909478,7.134134712260217,1
8.232975173676245,0.542062567015914,7.220639676234475,0
7.185994935156334,5.071223190239822,0.16255637891260943,1
1.874582575228938,3.57202133100492,8.300981413114831,0
6.396376991577981,8.565584741117487,5.656020215500789,1
2.928184023720691,2.304604232859553,9.320952212442732,0
9.088931682959682,2.1953922077015173,4.221921457718109,1
6.418053058226748,0.9306396890615154,0.348210487998325,0
7.050702758077972,8.278181623048765,3.226885159652059,1
1.610909471227514,5.428855205034768,1.8799984811455661,0
2.6515402426190016,6.53235216571792,5.413757493361176,1
5.216422831781788,3.033321507514035,0.10123797222135189,0
4.664134196582101,7.584551107044188,4.98397431312906,1
5.570119187345539,1.8234071830943388,2.297568673951776,0
8.61844161891973,2.258260405649609,5.7061149052081745,1
2.9173979075237666,6.023560599169571,4.14232726703816,0
3.386590527058061,6.130410249446607,5.739984019243738,1
4.145961703466911,4.18408475987472,0.7005359914370857,0
8.212562874292985,8.556679191806163,8.315810613798826,1
0.5344092463308436,0.2483693014646393,2.1116443643029936,0
9.077720428020097,1.2973839365438533,8.058274740994925,1
2.0804871003616188,3.407727887227664,6.957471181245478,0
8.333854559753775,9.050119140869404,2.561228906984896,1
2.066826812725824,1.6665148231686422,3.7982405720957857,0
5.154315283718258,6.461906591156005,9.554795946632261,1
1.3284900141921752,1.9681099584614248,1.5893274021908688,0
5.756724765376498,6.5937477312856565,7.694350349923945,1
0.7701991913025574,8.21027404452389,9.160040215738746,0
7.337991491180075,6.474217270539545,9.12114097283114,1
3.2892570876723193,5.203681906006813,4.12871577971318,0
2.990425500480498,9.77663032333713,9.831866546819997,1
1.7814768680293158,0.7308345750723044,2.2583797967157624,0
6.979493434101115,3.9604013212045928,3.544314107155059,1
2.2029854814156637,5.942958799065144,1.0253577540988879,0
5.916082123408107,7.966275104965302,1.292308098832441,1
0.061917098321917496,2.808377199349248,7.411428112490598,0
6.737839693784229,2.909391508828768,0.6819524301424573,1
0.192568172923806,6.351501632065669,3.5877557236675406,0
8.990602159434204,3.3200419558366057,3.551720418325522,1
3.830644900502851,1.97008292518851,7.045570399555503,0
8.695579157455668,6.37615502937912,9.618729101870274,1
1.0706545223269692,6.572596429854657,3.552117030447255,0
0.3519484584913324,8.833059675244508,6.144440436858712,1
0.8898125900707887,1.6831493895511185,5.497158729496224,0
3.05068935686211,8.96479022616306,2.1799653939023145,1
1.6612370059510861,5.347665577223565,7.507147447116385,0
5.396408158277017,6.876047132666885,4.493600021567678,1
4.1774108816308075,0.25718202911301113,0.10318745503913429,0
9.83189210742269,2.2270587885775086,8.237572419775427,1
3.646466986858373,3.6100574377654504,0.25547625581890165,0
8.610945181351452,2.6469682458319244,1.3198557866045657,1
1.301877994564965,2.4376509070257146,5.11697284073307,0
5.674547944352072,3.5474616138971324,0.5234961049055975,1
1.580131371353145,2.930831472998322,6.672039623473673,0
4.126782262775172,6.593974862895038,8.2646721112523,1
0.924782762943942,6.352115695409878,3.2557897260574187,0
5.165216402350817,7.590432050048883,0.37095711996964154,1
0.3340862846830073,3.965776093580372,3.7145357375393786,0
8.944918679231575,4.987939494646443,2.5881706569155636,1
1.7642578291201994,1.4772708158695524,1.1902946747416654,0
3.670708442230506,9.989689847159053,5.551341138354296,1
3.5274517587221608,3.9738257666996146,1.3750282532137592,0
4.364571372323827,6.970841449143766,5.773926596588016,1
3.398670403524253,3.6098310384879575,5.2934569672532215,0
9.681519438734057,3.0617358399448413,1.8748859891766234,1
6.880353877559143,1.726104728526049,1.6663970019454422,0
6.574323483221475,8.365723087412775,7.44334240428817,1
6.498334644284391,0.9501465331958336,4.277716751425488,0
5.27101486954538,7.581250280223387,8.223641941515044,1
4.793326887200163,2.5546398606628182,9.761215660838726,0
6.282299303765942,5.070855333865861,8.197737829864037,1
1.6098867882331769,5.82671697188051,0.7781184783190964,0
9.389973231464692,5.828829702368672,6.508948262649865,1
0.7102376242653174,0.21127161428868058,4.3177668976809205,0
5.5335650382844035,8.069100250718957,1.9628466099038555,1
1.168610337535414,1.1815666136123915,5.393638307042323,0
6.879170259241031,9.651246045929089,5.914642815981157,1
3.656338210002258,3.754620468776957,1.9940293172944834,0
8.945572295163934,5.085100729659617,7.721027429698579,1
5.653341525236458,0.39589557556317323,4.8948611124957395,0
5.398324503362813,5.307083674339945,8.03081399975,1
0.4717156927895616,5.203913561077709,5.846620886005135,0
8.502339069309578,7.129854285219819,5.232951267961506,1
4.648318866372369,3.7103323098239382,2.8850819562250396,0
1.2230652951955678,8.071927744861869,2.555329362031973,1
1.1813192220707491,6.6701447316410825,4.788734336081257,0
2.532175038840705,9.773750909871765,6.926183419588654,1
1.5129101465978734,4.09291286045006,9.773471690423957,0
9.285322850841004,1.8765995033686644,1.342849311267863,1
4.062873805375711,3.4352406160819493,6.146901468561644,0
4.645592505997716,8.234138004527312,7.858925901727928,1
4.164271665729694,3.9195968330338307,1.6195678168422278,0
6.166687403275599,9.12685108487636,2.6467113987778665,1
0.8932138503901033,6.34311986323103,8.462098139204471,0
3.759592748179462,9.138285014601811,9.657793952041311,1
5.959061355183534,2.202131811441388,7.203259007533064,0
8.542359521159092,9.381233013289744,3.264309578432516,1
2.1666409286960695,5.465183571588738,4.337655400961431,0
8.872657745715003,6.990172352615507,0.7665711091368343,1
6.189100041865765,1.2291671892687817,3.5119540096363586,0
9.966213424564623,6.425355081798535,8.728148058839492,1
2.259181742021006,2.2645723825328936,0.6510846511720603,0
2.4800001673714203,7.855194163427921,3.0771987470804762,1
3.2749271639042057,5.381830650202183,5.524239201997549,0
8.961913810299203,5.098593231872638,7.137332449833146,1
0.9297969352563651,4.985010638915462,8.815583086474406,0
2.2803280090481994,9.667185495838437,9.291612444544896,1
0.012492946845840125,3.7856957793717596,5.050867880011642,0
4.668703153868229,9.90775278416534,0.9112277358356269,1
5.1932471173002135,3.7676261736512062,8.189295301106243,0
5.7724600630543605,6.522190529766123,3.0463794797579635,1
2.6111650299598512,5.4584815359996774,0.5362204608817778,0
6.5618526085559195,8.773971504173533,8.945763680106488,1
5.550993764649117,0.3112819104227815,7.613437838834223,0
7.887456280335869,6.037128906758721,8.246031926568316,1
4.966090787968037,1.0881487879595109,8.925214893576827,0
8.97744194931357,3.5504402414721694,6.608596735783917,1
6.5107352173698185,1.4875539960039963,7.183340285048283,0
9.409053329539011,6.897384031846516,6.456966110454879,1
1.9778294721039646,3.8006807162348877,4.655468971132093,0
9.430101041717943,1.9442889162375776,4.397307104329125,1
2.7528288438328428,0.6408394242606108,0.9457626965406107,0
7.0139994562609695,5.179253644709335,0.9564073654929561,1
2.83541284915806,4.122448768172355,3.966036161024016,0
9.925725562544892,0.4277221279306431,7.303952340519183,1
1.6209550644087278,0.8982688178782838,0.17210875457096875,0
1.245951413181603,8.115125610026897,1.4728952256483707,1
1.9803746245855591,1.5454607600908432,0.5491329916911869,0
6.925708307601467,5.885983122071677,5.420339574000322,1
6.9807670716369286,1.5795726876886784,5.713686076330768,0
7.555611291169338,3.3743166448091086,6.133412595102666,1
1.6691207487165038,7.269067116861196,0.9704206013901484,0
6.699330825440798,4.540926225932927,4.936576041641034,1
1.6654574347215745,4.743975666542525,5.161026179782764,0
6.953803376430581,9.921067992158482,6.082825159704264,1
0.6485419016139415,6.847082575956833,2.251311756583363,0
7.330548984443218,5.523587567376906,7.67044172742396,1
1.3386539311190604,3.9084124324623892,8.481760144738228,0
4.345037548898784,9.405023017372455,6.609644404908871,1
0.4090812137671418,3.2398631652417533,9.257494033393364,0
7.06126230790923,9.684852963044182,5.579565869368,1
1.2493081440520493,0.9637137661641471,5.555421415360876,0
5.4105813030450935,9.183700946688408,9.094538559075987,1
4.051895381808404,2.7167117547571595,9.322272470854697,0
9.164657026910323,7.218975865052436,3.751324004755101,1
3.206953737235545,2.8438905953388085,1.3039304705775068,0
9.448410145222883,2.3538180377865645,3.151624283927026,1
8.34845282708519,0.17664215068577405,2.065535572024386,0
6.415309684199829,4.634133104726832,5.925186045604626,1
0.8224876590519359,3.8048183855118154,4.787404015907477,0
9.581902111639748,8.019575774447777,3.792198989011948,1
1.1129150417197742,5.770675449462871,8.900001207366785,0
4.8165879448616415,9.978516207024239,9.426889852959654,1
2.147174205139647,3.09330775014978,2.8323868466568913,0
1.8579306037442866,9.14972862573393,5.0390136641074035,1
5.638554592510486,1.597930879517785,3.9960520696926807,0
7.438447691226028,5.798068965739019,3.2322690487452013,1
0.604277456277148,3.0660947707410946,0.6001233926874561,0
3.9361851336573714,6.231244048675664,0.5923761225756374,1
7.311085661439002,0.18344003183245805,5.164013440215341,0
6.165890503537755,7.816682511199335,2.3422554978698837,1
0.5242498946222662,7.6750190712839474,6.30046578078076,0
9.549178414238915,1.5328090893542945,2.2389526126684887,1
2.138493945935683,5.957428150745056,2.1564584031304825,0
9.028474573149847,3.130660876595303,1.8763848982862796,1
2.571186130009011,4.782328612682463,1.020876311944866,0
2.7237849719666105,8.673410705182214,7.767121118451391,1
5.357132697490813,2.186300194144887,3.681160957686991,0
0.5332440525439908,9.0931199958973,8.504361321829123,1
3.309461654912036,0.9942214576675401,9.2337898548863,0
8.81191737325591,3.2984902374077887,6.467519156694345,1
5.007862318022181,3.9460791032023534,6.354455879165503,0
8.559822697088835,4.564869667817641,4.1176863553834195,1
0.2017678177421922,5.737570139307325,9.095604344942691,0
6.553342389777864,6.71702847133342,5.838492937477461,1
1.4240845387235168,0.4954424180634698,7.109171960066019,0
1.510919630907681,9.146927607156757,8.83969553114364,1
1.2303470441613484,2.9264076889099133,5.7529408304753895,0
9.496029095815935,5.5115047968888575,8.225505353400637,1
1.135388054027342,0.04951337608066875,9.714598879717437,0
2.092813696463287,8.37307565448064,1.1647738258057072,1
0.9043773199649652,4.15636663942931,0.8198590962084717,0
9.97231072216788,4.810062293976333,4.366078944493777,1
6.806799802164488,1.2563598533270492,3.1297267457342692,0
8.86256225779148,4.100012747329192,6.1874500621208615,1
2.0983454357471167,5.849543405043817,9.786565691353603,0
4.801926094603286,8.846366518331173,5.79812618935807,1
2.8020118894026314,3.7606220504497267,5.09367981809842,0
6.151133803811865,6.155739155865515,4.877838156250011,1
1.9353560530143188,6.269437470813219,0.6376565739558093,0
7.403037939003818,7.7366460892373725,9.078177426863222,1
1.6063016821772402,5.143919830721191,7.431537300132465,0
3.5087235029556654,5.961629415806783,8.001779975899773,1
2.5773374263401747,1.5228368177378582,4.620736627897932,0
3.28394027836734,7.476075937476243,5.558659996902548,1
2.5535706122539237,5.3015971377827,1.2152122697665768,0
1.7238204928036538,7.665897885118601,9.756589421883781,1
2.823512248790366,4.995421467183178,7.749034840818101,0
3.199093060898328,6.715607758728215,5.38826548085591,1
1.0807984292279937,2.8934743936164797,0.9295064721221891,0
6.9189720820955785,8.266452389568443,4.131119808807209,1
5.064318843097451,1.1043484463206876,4.956142355068092,0
4.626938940805903,6.6576154673481405,4.940158344747873,1
2.2875089759481715,5.266116133009637,8.132402755577937,0
3.8301534192113253,8.761187350895103,1.8675436685166913,1
0.2982806248210479,0.2223873615753491,6.110199712556818,0
2.6944585600034987,7.4539244532794555,2.6054273628877445,1
4.150093338604847,4.5744878191826714,4.198730393069356,0
1.0947363246121178,9.92067772166184,9.337470397627769,1
3.774684458336476,1.8063320625195456,7.911956399449874,0
6.9810133891294015,5.765767516695494,1.3041734974819508,1
0.8690264888584331,1.8522298735843912,6.714990596412508,0
5.978751723271973,9.209681270901195,2.875842641614378,1
4.162555247103775,0.9925512925523328,5.4301747008149714,0
4.98180732584731,8.180499724975142,8.053555911279027,1
1.5208814645607749,1.5186887822432016,8.133364304798544,0
9.997924741602944,2.750571502546703,6.7329901507104095,1
0.8754596599238307,3.208027241151062,8.136377486590726,0
7.989742422351367,5.867084124847476,2.489368228220692,1
2.113189473607373,6.8248158825085365,0.8297786788006756,0
4.892006039232445,7.768663024027641,3.4970006284857105,1
2.7944758857099607,1.9265237740220198,0.11189663835471042,0
8.526942110593769,9.409708930579972,4.705853644142115,1
1.7052378838750581,3.2378383332514216,1.388852192598451,0
7.788073875231061,3.0960384631208973,9.851292271142496,1
1.8531802543503495,4.598876919283561,8.720469147259383,0
9.102483659483527,7.469367921808266,6.084130307375528,1
0.5458036212754203,7.049761731027592,7.144182505232154,0
5.524087569690712,5.6847009135729945,8.53834331761729,1
0.2930189548985829,6.944553428087979,0.30531414149720937,0
0.5875998976227237,9.558298975145942,2.9432832723724878,1
0.7832633417723789,7.296502869703064,7.096409422011743,0
4.2956830701637205,5.352813349877922,6.706120089072297,1
6.263227219835973,2.492515625403592,0.23570401861583767,0
6.7128982533691905,3.8980517109636983,1.192657391542551,1
5.385841850016825,2.0531752231355274,2.1684437207185328,0
4.516454567488122,8.283266631281395,0.5896700223144702,1
0.4678424929795155,5.0032300173961275,8.879453466304874,0
6.488437291378871,6.220001774252397,7.5855263875923615,1
3.7171254961663927,2.6333915232295855,7.7977154483632685,0
5.938403966511471,4.77087295010544,1.683836284772675,1
2.8809680348882907,4.030742475466065,7.4059815494588985,0
7.837519434714107,1.4404550546395523,0.5817856529134724,1
3.1650509330992693,0.3652929399677951,4.170903874301977,0
3.5487335978740084,9.014244210823428,8.301463165681845,1
2.7389013692507023,1.371975984956464,4.519144379788341,0
4.742817696696946,9.897353386815162,2.2255494242217164,1
0.7686451201326772,7.061686450486368,8.327478289420021,0
4.31468122191304,5.221788028372853,8.124515442679392,1
1.3918540054264794,5.280373661588438,0.7535925194730597,0
5.276003540906752,4.704009462181062,9.288830922720043,1
2.744817517042921,3.2066685086370885,2.6716860357388694,0
4.5923869363730985,7.096882509251775,0.12052205465707955,1
6.987778355392225,1.8094548610456385,7.106315486321525,0
1.95531217781292,8.432723769932302,8.589924100036683,1
2.0069436943963046,4.072455820718765,7.024218356531708,0
5.171241922623903,6.216801602291799,2.7912768518820466,1
1.0104604483013735,1.0777463427913958,2.9603248697644036,0
8.637556940321101,7.845877069245089,2.3787719291530807,1
0.3114639659907137,2.1506166179146815,4.772295960292067,0
4.441285529809154,6.031491237760756,9.778901562919033,1
3.6096661326068604,2.2326948341132535,0.5122672292333985,0
8.191591309222506,7.747974610525538,9.091879496778644,1
6.601293923395466,2.1672745316081365,6.567833383607572,0
5.5748893278257095,8.305397982755578,5.5795461167185465,1
0.614374545729377,3.004301337830136,5.5103211236820195,0
9.051274340143586,4.279217813664589,4.010685115926176,1
3.970759660688179,2.55991023787192,3.730968889659936,0
8.23499901369667,9.727572421382423,3.5326047484665715,1
6.21856547743025,1.9636822339653892,2.1483058918739086,0
4.012471124147434,9.850264916116,8.431903952078402,1
5.077646112320342,0.28607939593312315,2.817109747242481,0
6.880371584171665,4.976005833309639,8.42037538108688,1
5.8016644601607155,2.5735559040753033,5.299058311335644,0
4.466676699824945,8.519383683481028,8.06794520630182,1
1.7033943175563726,6.940252344111539,1.8621824243633467,0
7.2679733648652665,7.764034154706586,7.337398076804769,1
0.3600027485074464,5.200762540009782,8.29974275560874,0
9.675783322817077,2.00553821233727,4.364955893047956,1
3.772676144173588,1.7569698846508752,6.386900297983549,0
1.3842772588408958,8.828151748249546,4.234489980548684,1
0.6275756269684218,4.9717555471624655,0.38963904353906953,0
5.195094924192238,9.57466714790903,7.111499107295955,1
5.37859034309958,3.0725713921921094,4.807168398349986,0
5.213424231018101,5.7149811160800095,0.2049526185848638,1
0.36816190407872096,3.4749712375180355,1.246497746487043,0
8.787480448799643,4.790563091517159,4.333361157026076,1
7.890195270078298,0.6960573521987057,6.493254103431287,0
7.2458437597930985,6.46231869885704,3.81504876408598,1
0.21407864047429892,7.574095207720256,9.225936579157054,0
6.145679976244502,7.9233342635385595,6.9166260990420305,1
1.8106150175272295,5.407179517174139,6.300143811772293,0
5.695455146128646,4.09211466257273,3.8527078888643773,1
4.940922945866591,0.4993936083813222,1.8095318748757627,0
9.564079083869267,2.7426916735806617,1.454757281881448,1
0.3420330793255977,5.036071272020574,8.106502554914028,0
2.535981878659981,8.308673410758182,7.767081989846779,1
6.257655953009603,0.850516766502345,4.776926779626506,0
5.537984997304063,3.570400416832685,1.0788908217313153,1
1.1828885198628014,5.290140288628607,3.322083602200756,0
4.417687798304328,8.898679407886156,7.182469788663484,1
3.816771395575147,1.519801728943705,5.961363098113569,0
8.369509165000794,4.221033563029463,4.981711378463577,1
7.118780247620903,0.851073842800063,0.22347632587613964,0
9.888628484625743,1.3822644172247045,2.953495611282345,1
1.2738987829820114,4.116469674924616,6.229918852468675,0
1.7630717813575947,8.713528256573843,4.7526698330867365,1
0.5008475585826344,6.4365452365423295,2.3991906404428622,0
7.981543428408773,2.4540698813006943,8.356400344184042,1
1.2158320247874432,0.07440187031130252,9.476495268514514,0
9.678370815904461,6.7549980894436645,4.536344003103886,1
2.608902749457429,2.823456991348717,5.9506911008921985,0
5.703933734661328,5.7523383380994915,6.2457994012358355,1
1.09462223122471,7.295724234393389,8.292415756216556,0
2.235578197845267,7.171856644492629,7.108674893836698,1
4.823797291752668,0.9840952963211269,1.306050171702371,0
8.04552819967426,1.4368153671356143,5.345602924333992,1
6.126525412001608,2.7139123720138536,7.061647250471323,0
1.0595176707278797,8.986666854992988,8.039113082830774,1
0.6247534947224409,1.341283214634642,2.0303219043148912,0
1.238639454821998,8.212063364535522,2.413013230591724,1
7.669835278098292,0.8961814473098784,5.5398122397014795,0
8.54893472425797,8.470505590049394,9.663474581276093,1
5.068795065236412,2.393965411628608,9.032253118636866,0
5.630316374751663,6.55205699324576,9.35356476746697,1
5.394795709550283,0.9716422635073008,2.1219889078936838,0
8.291570837678844,3.385002985920116,8.668478877696941,1
0.33463034073270337,3.5319197176115855,9.850087470211859,0
6.792085826781902,3.3433151649500568,3.6095413241394594,1
2.722301755641351,2.283225888812126,5.9078987905801466,0
5.4476537016075035,6.98944787303258,8.887543948122545,1
3.016695348559786,5.075560159174108,5.287536504873848,0
7.392701395183254,3.6432601321435856,4.310255273694189,1
2.2926218823733437,6.682940893614509,2.6836331673737446,0
2.818019627849168,9.430886456477449,6.835569811399916,1
1.8423069108401813,6.080858874253556,0.578798730716874,0
9.37964756130403,6.298078876077428,2.5998902457461073,1
2.4301989486545694,6.319859560731623,8.80015623899753,0
9.640471479864583,9.641814621562855,3.857914824958635,1
0.8631305530864164,5.269122322178691,9.84104498868075,0
4.336869031183753,5.811995569900877,6.924021234033045,1
4.784311936476455,0.6878695774185339,0.7711500061169874,0
6.472307519754957,5.761094092105151,1.5404852121968515,1
2.9044542590009756,0.26906124632908535,7.836775574862989,0
8.647539702562359,3.9751936564539134,6.054538503351791,1
4.242925541595797,1.6713768745873803,6.8194898904050305,0
9.190970237786726,4.43275379291917,2.8996191442782457,1
4.255497108872542,0.3179959402374155,7.7209879969698205,0
8.308377222835903,4.011250814440035,2.309065521418744,1
0.11322601514400232,1.8882940736923393,6.806308989892641,0
9.886595836677945,2.336906715738455,5.52011157404623,1
4.638272610604831,0.18518711210634864,3.8966844341807985,0
9.08048826627045,5.518468450122254,0.6590431266164953,1
0.6671938056872473,5.13973719082414,1.8879414065639644,0
9.262083110958393,9.266644626077664,4.226751328495571,1
2.220391409802984,2.190092292054746,7.931442363043737,0
4.123371034748331,6.9061766246693255,8.136528108710413,1
1.4346569924556596,4.865533334316307,8.181736722066285,0
9.20626848412876,2.3076965329906605,8.515109780423188,1
3.3860051030349245,0.9241511008087355,4.728743747512963,0
6.343890391034003,7.653313558520636,3.68888924715163,1
6.77856461934426,1.8979169191645695,1.3844509578957542,0
7.8412311563780825,6.192548178306807,1.5752892594432943,1
0.017697909500689057,1.5505511989638765,3.167611485708389,0
8.352502612554398,4.8557120262523625,2.0175346967062815,1
0.37191060180425506,3.1529531694463673,3.074524816001344,0
0.4429906677619644,9.90909112057328,2.2087703093603164,1
4.2335475598736805,0.7114190022732036,3.308254613170157,0
4.865521089233846,5.148225733996989,0.1696465278925341,1
1.4375043053143732,0.18719550204358115,3.2870531006522863,0
6.7640181835320075,3.0719463645433933,8.176216811202483,1
1.728494880275403,2.45623602223376,5.208562563682268,0
2.7646435675111913,8.89690538430957,2.83985399030842,1
0.30288990419605644,0.6630960170411926,8.551428262273706,0
8.17415409224208,7.095006353839668,7.470456466916796,1
7.03691498887277,1.164038622754302,3.3387684551854413,0
1.762698150419657,7.475121626390595,3.771884625183027,1
4.063701601929629,1.5472282303308948,1.4647311657903606,0
1.7884779747723267,8.015198042283995,6.322956191864009,1
2.4767826486184044,3.9436326184861823,9.463429851623465,0
2.879613483306392,8.952579739084756,1.748273152896398,1
3.105837590875551,1.5182935622178084,4.2591723105743275,0
7.293734142785961,9.622197799638919,2.526656610809236,1
0.9800893341081551,2.966113389374846,0.30785449126957687,0
1.0415485958327508,8.729318281576179,0.2007577894607515,1
3.4795206816032955,0.48157335143329316,5.956557888860225,0
8.730479238533494,5.362567935071747,3.7229065478201138,1
3.3577686602368715,4.176292466832664,5.349473211497439,0
3.4946230362076527,8.195941905087283,2.5901203669137973,1
0.6521148493869389,4.974541246481446,2.168625043326716,0
8.623892152734548,1.265074753710943,7.455926611880953,1
6.303957919959578,1.763581490509234,2.9824620992130346,0
9.942163166546143,0.6044038331639157,9.085342226790893,1
0.2490700080632846,1.6462921176589784,4.415241680092162,0
8.239136580506145,0.7850652785866241,5.947016607276801,1
0.9520582666388966,7.983013642713633,0.8069959074942834,0
8.628262930035936,1.1046612281028068,5.059218648481579,1
1.072487471841811,0.022366316119808438,9.727381732794596,0
7.748048067632793,5.48394184398861,1.8260137976504087,1
0.32107375839301455,5.082385484808603,2.691347894112517,0
3.1782854428938823,9.234287369886946,9.069990060391593,1
2.974842747524491,2.2495220698510368,5.001163254399677,0
6.657440419253953,3.733256163172766,6.387819983532422,1
1.354826987009361,1.5294337282831505,2.9511180462705564,0
9.165185639141594,4.886746719371654,4.238986229256382,1
2.6975586055102063,5.62977145165506,5.186244146413262,0
8.899630878800963,2.3061761511112744,2.1564304994968566,1
6.503192929725135,0.5183884583848586,5.519033637467422,0
3.6449353344773296,9.069554733044702,6.291711154910042,1
3.953146008338387,0.29427803895368254,5.394740492861048,0
6.121836506611375,4.571535286503005,3.5434214128495736,1
1.2127245821325494,3.082471982642021,1.4447528654043251,0
7.500498867896598,8.927751184500666,2.261587150330314,1
0.6643274475836636,1.1956309532265186,4.287777949705415,0
5.612039247918363,5.474321041952606,9.121928623169872,1
5.922979380093238,1.974518773974956,7.323771018865662,0
8.678672436108751,4.877445117884269,5.781288079286769,1
4.675144203298838,1.973048910886599,2.952124157314863,0
8.850885350430017,1.5590443209898641,1.4783809608603549,1
2.037361964193951,0.29289105249159286,9.511980402173778,0
6.204161510374999,8.428327226741608,3.3866133645083707,1
3.082630482702543,0.8286009134954897,1.356660919405318,0
7.029534239223266,5.263939667017271,0.21027780852913902,1
1.8488677927609287,5.4239067981909415,7.512942660464905,0
8.165446220169844,9.408032458408096,2.866094616650493,1
0.9377158250605122,5.044372875636039,4.682009252956164,0
9.206416690932828,8.373842225445674,9.881324643423632,1
3.385853628299702,0.40532202993804334,1.6090123613174556,0
0.1881678228479866,9.767848803688716,1.2174478252677068,1
3.229991278335538,1.613073706404945,2.5930678375766467,0
3.0755791058128867,7.375701342080631,4.824479046747824,1
3.341091204304134,5.58312492729918,0.18735414925900362,0
4.749854596975864,6.526277969293854,5.264762193516893,1
1.5777287317236266,1.2236359647405914,7.787437905291502,0
7.584889795856543,9.482043853694652,1.3651173931557048,1
3.506087775663093,4.244544717940604,3.4435551666929474,0
9.214144535837343,7.096928882046579,4.089491456218638,1
5.349820433027318,0.23197749681373336,5.196713134198942,0
9.698886433176936,1.8545988779100653,2.9474483743664956,1
5.983974084002316,0.21083598584160423,0.471738836323079,0
8.357858213501391,5.176220992307612,7.131917410257818,1
4.152600968193579,2.967235602989126,0.49803629333672217,0
7.927832167533642,1.8731010697143524,7.252472589997215,1
0.9714374524825675,7.899761653356249,4.01545253359221,0
7.4212382798460075,4.932103153336006,5.768245778251664,1
4.5280058110168735,2.569078173069123,1.400329578880538,0
9.97966071823681,2.7260892406817905,1.937876817695453,1
2.1499387868902806,4.501017949992981,6.968526716982497,0
4.371496104737953,6.105177807974741,2.059310165010706,1
0.37649613783966474,1.4930663308739212,5.0989153087946795,0
2.104300126790214,8.211738779132807,4.6543613004444095,1
2.1159223071459587,1.3865035500709133,6.758795230590593,0
8.041254956471938,1.2349073491426843,7.691336419370947,1
0.2888356205169684,2.7319640426059664,8.20032205342754,0
7.576123234434667,6.802835232202884,7.157183619803798,1
4.275465764471158,0.12809526000344573,2.1630755084777054,0
6.5021207035170105,5.288138843896945,3.520768298171922,1
2.2283259152635715,6.593307183303371,6.109517267266561,0
2.156942586409242,6.865526123448337,9.922442435603791,1
4.719042690713156,2.0028373733743763,4.409861818879007,0
8.585137762650149,2.50817455844817,1.248739977369171,1
3.6916336823990514,1.8025694920880087,3.9814690108594695,0
9.855970023189144,8.27551894471094,8.318318178400986,1
0.5262036669463621,1.9295360452379318,0.6645688794074855,0
3.899246724584894,6.463157454400765,6.873297276370572,1
1.6390927650742126,0.8124048119771332,4.732804188401959,0
7.145484981854518,2.930289149591534,6.014418298715346,1
1.6557979739222828,4.955935418715324,5.883671798395513,0
5.554572254685,7.870278073145708,9.965200643287703,1
5.977087964348771,0.07322191420686575,4.889073054827221,0
8.415028570709532,3.4428107694031427,2.444773380630224,1
0.06761636669997517,5.273209338899855,1.5058157253633409,0
0.7097324220350387,9.829889731993868,1.7318717409720619,1
5.334534813927858,0.32875032062034903,4.047070060736181,0
5.067228347276741,4.350592230772015,7.810102757106109,1
4.538251595551395,0.830813068905355,9.492902742991909,0
6.923774017684203,6.959421864992112,8.28016288111781,1
3.481965520143354,1.934413305645123,4.431247378915564,0
9.76790703925513,9.448351424182869,3.9255437457577225,1
3.0958431133413167,0.10064420320956113,9.96345063806263,0
7.838233272230197,1.3117937282517345,8.83039589564532,1
1.7646757650918843,1.0981192277831775,8.55163243753222,0
8.127812466100718,9.172565596649227,5.015988927623145,1
1.1393560277254577,6.29027515041909,9.383167339955172,0
9.456755330121748,1.544446388649724,7.88491415034035,1
2.938275259772781,1.010532732382442,6.791521675150227,0
6.262981100722213,9.863514133681136,9.770830687889656,1
5.903575861215882,2.2641173048420993,7.148107226417142,0
6.9555457384143935,6.3477255704605815,0.38947327156536815,1
0.1435781829395555,5.592555798604995,6.908895174256444,0
9.384248278039397,9.646888045344403,7.8778447553210595,1
0.12019598564659506,1.0765794351667979,3.5204579454407234,0
7.302797188272111,4.108267141779574,2.753293082598928,1
0.5924522568446855,1.7905537948015615,2.857186296179094,0
9.616040425493328,1.6634679203154767,3.320039426105433,1
6.816994077453394,0.7974967684692391,5.967086276449503,0
5.822405146373431,9.5370980182551,5.69183818175248,1
4.9625909090116425,0.45667215192066846,3.272964723380829,0
9.36905760404008,7.535604426633286,2.1038035372539965,1
0.7388643378490001,4.268157891692155,3.7615727113174326,0
1.0025302106373157,9.944856480228507,8.710345298324732,1
0.3217917594088959,6.138938507375028,2.365291258423785,0
9.65758696744158,1.4698246828385853,6.380134257676446,1
1.3022783835201401,3.418742443722401,3.9336846674074444,0
9.30539259898311,5.98254445411503,0.792810321214259,1
2.53668483637988,2.9922322696302595,3.0253229302320106,0
1.5695913353545643,8.919358304825376,6.010525366047249,1
0.11026477742427376,8.14865830583206,1.8865369088557493,0
6.178890377632897,5.845247671446985,4.8992987472521365,1
4.252540749825293,4.308130053652946,7.332311253864966,0
1.305959962477603,7.741893777494266,7.359923747081937,1
0.15175026796714008,6.6319725657457775,3.340633577017461,0
8.859806910139126,6.715249246234112,6.612573005191305,1
7.565255657203757,1.178061548520224,8.762367503988166,0
4.187753642606836,5.675722776905488,0.8604069657358215,1
1.1239006184292055,0.46689707565513383,4.284102864111537,0
7.290058525737132,8.69674240566971,6.912761328400721,1
5.420267277411714,1.6141226261934705,9.322844124924675,0
5.203570914515016,6.83748179165794,4.402889057165132,1
2.8039751408074363,5.9055836281132965,0.47658567479265335,0
8.183841546786311,8.921974760002655,9.000232548559557,1
0.0666037215838644,5.9019923565806955,8.640211303940358,0
7.228650209470382,2.013778318386356,5.321146720043145,1
7.498650050028609,0.5915471223084801,4.593167959313255,0
7.224055358079227,5.736027185589776,3.9570615593947345,1
5.9480582127264565,2.487537743111158,4.797449588384216,0
8.354557403905392,9.239751401223867,7.759988297660188,1
4.163504352838709,4.589836945376526,5.761596109891394,0
1.1622020066978722,9.472452956675411,7.909440242084969,1
6.372387645540957,2.2047570594496637,2.0649586259667463,0
6.395195854679255,2.751366586249624,1.2957785597778704,1
1.3603681716206173,5.565781809656648,0.246718751233852,0
7.6896521846664365,2.961479614604947,9.838692272423684,1
6.706705034952874,0.2193754943235604,1.2131283766625744,0
7.9811068606102396,7.074966845672907,0.753742616286206,1
0.6606118371618364,1.1963017999755843,1.8732837962658233,0
9.76039610510935,9.812341870500983,6.940034682542791,1
2.121173867527004,0.09681036096286011,3.810674414463462,0
9.080566457463453,1.0582889502708903,9.95761450729666,1
6.547101024437882,0.8877805777299408,8.477170573873279,0
8.20977815013217,5.834686265274835,2.704685309352132,1
0.25990981567922233,5.170362210848011,8.2293248856083,0
4.735655267384137,6.113963622222883,7.907856446698918,1
7.707104916257286,0.7854301583319101,5.3290879509917914,0
7.862842889227657,7.248177155774222,3.6663199056490567,1
4.394594380630293,0.3790657974874956,2.8185945116823143,0
3.8773857905377995,7.9375735514859835,4.027108166939279,1
4.254001616877627,4.571822366947561,3.0119455111457305,0
5.94743096704443,5.06424681708482,2.887252394499554,1
3.1229024392145743,2.4498533426466205,2.251704815169867,0
4.7142611450148,7.493019601296231,8.766317305440506,1
0.6423333023346656,0.5131713098377111,0.30360947149059236,0
2.411028831893922,6.92914674740898,3.0565379230933667,1
7.452375469382224,0.46637275686728374,4.15106947718508,0
4.509278923157508,4.599535924211022,6.467834707090944,1
3.6201774816913,2.8612210538617724,4.336050368421819,0
8.30087542016323,3.696524386761235,2.6597068573537594,1
2.770608459746604,0.2305310718498288,8.193427164608051,0
5.656657883717057,9.18131212513334,8.349977942109684,1
2.236943643851894,2.0240849384912463,0.5105584466877322,0
5.33790827467792,6.546134017848998,2.520349178189921,1
2.374882975795427,3.685733638242974,5.816569340207483,0
4.598190288105255,5.369233452756303,7.5009727670312465,1
5.49836333405758,1.122218050388184,9.700988741089448,0
8.98342915425086,0.3341527768573427,0.610774023191123,1
1.0772727009270633,5.6706254019979365,1.1094950337202492,0
7.932564160408997,7.5100612842457934,7.341523431043511,1
1.9869916806113863,6.878863793590572,1.5772045350881214,0
2.769261497276414,8.756872412597387,1.8386413414774339,1
4.801077900300147,1.387332694514003,7.443652129529625,0
7.515847057763835,7.1536746581279065,5.715743694477795,1
2.0945654760595533,5.168277000310369,6.179179816729664,0
5.8122673065274055,4.330200070745823,0.28872793350459447,1
0.5969770015388765,8.375485188598343,3.6481909487823327,0
8.356705427567862,1.2373778983330996,6.309554542849517,1
0.5692578402704351,3.1469759212635537,1.3164571113737211,0
2.751810398567022,9.10362235943711,3.3370769060992,1
3.1221286004481277,5.230759278402841,8.757554894322011,0
9.318447370795147,2.495288707304242,8.55527718519641,1
0.01122561285612611,3.8897446830051985,8.978141062105575,0
8.731631370976903,5.942984926158131,7.196000846803821,1
4.234438692516266,3.0629110721514383,4.48005925747381,0
4.697040365187118,4.5175570085087555,4.707634552859252,1
3.91760364574933,4.282928016872084,2.8703176782786057,0
8.101675545119363,6.575149258859215,0.5987327747148175,1
2.5220499995606485,3.693080382179401,6.099779806581811,0
9.855496753507417,3.7943871717613997,7.030951149261389,1
2.3763453338732443,3.8224710941919193,4.866805319019426,0
9.409541828071992,3.1280911390346864,7.112591001163753,1
0.8649233398668443,3.6641034894617066,4.329710960782876,0
9.794336641025822,2.174879920550219,1.9070639438559045,1
3.070543548452606,4.774676010201508,2.6629118250444916,0
8.22698857432468,9.107025541098409,9.171223611500285,1
1.810429232355274,6.851054138803962,3.0870682649292536,0
7.357445095025559,6.599222033035684,4.42329291593358,1
5.301125009871168,2.1998334780424167,5.919903025098837,0
8.288193518674502,4.188430987418947,8.218062476942569,1
6.491158447458849,0.24553087057026635,7.85575467286653,0
5.825675693656022,6.371910935089136,8.934189808490029,1
2.227985376356143,6.399583312903971,5.981096236296769,0
3.5056669730864263,6.327218357493438,0.6936504569056245,1
1.5362959278153376,4.074465459665431,4.282022334490389,0
8.76052815217653,7.1357061732133955,9.87575596887267,1
6.503425210163588,1.24484749156476,4.334168469455255,0
5.274897382394848,8.466489293912044,4.076060205828723,1
5.82953498155516,1.6663608898126714,0.5855839772889349,0
9.251452128068495,9.120396091766915,6.19747628055425,1
4.338721299841941,1.5108186625029218,9.259414738013934,0
7.591342745344383,2.1839217136577025,9.460300985348345,1
4.286483522061544,1.2715132619463865,3.869345307113491,0
8.590382577173054,8.605895777024276,7.09893642554338,1
7.420936437720954,0.43469586070180477,4.313479418746687,0
4.650765052650487,6.0473665181002465,6.869504142274986,1
8.766132340430396,0.02730239634976206,3.9843532313440666,0
7.954095690896672,2.5451913694217776,2.3947826905797607,1
4.875212748732195,2.640418577845145,0.8627993469772832,0
9.270367976889856,6.2732859397600915,8.750700794254126,1
7.908239057655917,0.4952352137950178,0.34142174629393063,0
6.840518681642907,9.340033518331936,4.471809246526571,1
1.467237270284334,4.118262096348614,8.712597754537594,0
4.062144933178997,7.773532905291378,9.306667345993866,1
3.253071677359064,2.6334533500637978,6.919939436614737,0
9.05397805875568,2.2767641346848597,3.0575675629228325,1
5.72771244418886,0.5002131419068134,0.640798645243329,0
2.6802225958724666,9.26806342714358,8.902376701444235,1
6.995332500964061,1.0871937549016342,0.9367020615158483,0
8.299873817271703,8.121156564870905,4.069409280332595,1
1.0027687293240495,0.698146488295982,8.127336516349239,0
9.053531871074226,8.39940240905322,8.100453302979117,1
2.60249770715943,4.328850976608596,4.600363393503114,0
5.667965178962017,6.606964951981439,1.9877404483811656,1
4.408390794308971,1.2293391536747855,8.784176593051477,0
7.961707164985673,3.0613155076956,5.1312451253389675,1
1.2747648527215927,5.2774824345965685,4.208536850799005,0
7.988608179116734,4.385866246659402,3.0395641110854954,1
7.0278460843149,0.5168967268516267,5.973569088055404,0
2.8529894067323425,7.044908221209781,2.2058035659398048,1
3.534052128218476,0.8893775703669182,7.869602650897734,0
6.50834276065324,3.3561962848365754,9.254574804065236,1
3.5770313911213645,0.3919012367893371,4.101262910163533,0
1.1527145128449046,8.711716030213069,3.4302299813555193,1
1.5788585979121206,1.1688080610624219,3.159022876046085,0
9.902571930235913,5.283084148063901,4.073020917678695,1
0.2510297789136362,7.295602502556308,3.422394277208155,0
8.2207200723937,8.316190219468922,0.8495360346895986,1
0.28474598381842187,7.714182777376343,6.731016130187067,0
9.8755599923831,9.564010432769654,2.708988957910109,1
3.689508689600194,5.168684229223793,4.989655181873157,0
3.539540234323449,7.8539613047470365,5.999798379830593,1
4.99315652879147,1.221451425756871,5.049918526742654,0
9.225839674508192,4.776140624435566,4.927735912623347,1
4.753897215780331,1.8478516160924963,5.360808767091774,0
9.6346214501652,8.3347512670686,8.868394055184574,1
3.632663542109722,0.05584310471768439,5.6730935257367925,0
6.264136237134986,4.414938351028042,9.313941365136063,1
3.765300821599321,5.159175049702122,7.454616768414129,0
6.221072979972981,8.649326803929,0.7514220081281486,1
0.22534816745090724,6.206923765158486,6.438648677686465,0
4.155383588088144,9.151367480831173,3.5303319807997715,1
6.204212683507235,0.664989254496916,0.364171313029219,0
5.870801495943336,4.373269121532267,6.62092942729445,1
5.759092385665388,2.6792477851646623,5.812989584485612,0
7.9646682733580825,9.427637024522475,6.907667545965854,1
0.770586733457107,3.644787717348279,0.32216160165044583,0
2.270768161993214,8.490525663664299,6.875858317267473,1
7.115748811694102,1.2059894493458168,7.9516207481378505,0
5.808962772101031,9.865388493624533,9.990022196254419,1
3.577920341373072,3.065992764634421,7.170298041474127,0
9.724880136395658,3.8356504211367803,1.0175366213244874,1
1.0535523076882514,4.779730038332226,5.9103900095592365,0
9.49876630298381,3.6187333095381256,7.245765910486326,1
7.0896227129353075,1.7824989467420682,3.336130568981762,0
7.5383701317296925,4.8941050309779,3.8056265786681163,1
1.241330391078268,7.569260721937981,2.19043852606871,0
9.473153550756582,0.5539912225197685,8.152518078427402,1
4.255034189756904,1.0752983166119146,3.6905523109752147,0
9.250772703213263,9.792951641200466,1.5869390799453076,1
0.28144806725419413,8.231019472752768,3.065203572991977,0
6.163190161180108,7.1464911214833595,7.900455963173774,1
8.119840485535578,0.5977578231919578,0.9463872947437235,0
3.8419445981784985,5.650753797080277,7.955639138938643,1
0.457796227390741,7.1368386618676585,6.5480541492397535,0
0.32709649778720484,9.269861416150295,8.32224221132083,1
1.4881909262821302,1.315460673583001,2.589721929911528,0
7.268022420102404,2.448302513856736,8.158837302374316,1
2.5880003086745362,4.188340476901846,5.8403763672771705,0
8.082764261038518,6.3597683689093385,5.820327806509777,1
3.4408956757662934,1.6959963671570255,1.5067662984741326,0
4.590451812067982,8.249229151559295,3.662496801844093,1
1.6061555560191776,5.926492075175634,7.310454012792146,0
6.177907742575081,7.504857638490851,9.226062997671866,1
0.7253062225124529,7.468258882104484,1.894649984395822,0
5.08742670467481,6.647373722577743,8.72716038762235,1
1.353872036295588,0.2936379542248291,7.907642532290654,0
7.147942007551072,7.9037241419376345,4.812734646574434,1
6.328668708695072,2.594722868605107,0.1255006638381484,0
6.675128421102473,2.3320145427598673,2.3711924938350215,1
2.485346213907289,0.763780441729035,3.531957103668711,0
7.399803903589489,8.150724730286633,2.333701055642968,1
3.2129180280870173,5.631285966179213,5.118405329621153,0
9.991761043020244,3.935031454780331,9.19473084138184,1
1.1974109274690792,5.597163549741736,9.788225880202159,0
3.1181115476631547,5.8924192690237165,2.493667730790329,1
3.4197919969068757,3.1664883094182117,6.269639024498437,0
6.241674969392392,7.782287930995318,6.177702193067793,1
4.136714417491572,2.2907580167404538,2.185702456997088,0
5.827447620858051,7.0986524717734545,6.98025408318622,1
5.017215784565834,3.1821987590210354,9.376788728586035,0
2.315669612233795,7.0456755165438425,3.57997572063515,1
2.5454315001164107,3.6208252517445816,4.537146362285168,0
6.282055175827948,9.798669600173668,6.196516722532776,1
2.230670495756609,1.1443004332063134,5.337704661180942,0
9.288855714128399,9.622266697012689,1.8483816105566264,1
0.5412324823416281,0.8415008799987234,9.454893650621155,0
2.5773768295954635,6.795423922445004,3.3152150516923107,1
1.9632940600448479,0.5790322293026606,1.3264830851687048,0
9.223811433196667,1.2894128654482184,6.300779631619953,1
2.705891746591412,2.605187710053285,7.222670108751096,0
5.573688406788147,7.601955839362365,6.306362653923124,1
3.82716046661752,1.0547569867714213,5.661099306960481,0
8.713826751038473,2.2954263166433666,3.34667113465984,1
5.810246045615916,1.5489331038435405,0.7958839147426988,0
3.924495519398067,6.682661786997272,5.783870324442752,1
2.781286042058894,1.7801932639599494,2.9375047752701877,0
5.372040557912233,8.951921996590142,4.513735499910871,1
1.3857790997590447,2.7774161063362026,8.048979610578556,0
8.043934329477057,7.244356679131755,7.70569618167119,1
0.26051595516348725,3.6591208674799147,5.541071809796751,0
3.239622327361081,6.586370788168198,1.3053430143428912,1
0.9199451188343766,7.802273705904991,2.1315226589319836,0
9.79042175588035,1.3919531338531466,5.433651049835038,1
5.289983362438106,0.8961329702241527,2.0543451157923007,0
2.2628388968340127,9.968540037134447,9.391773622150033,1
7.478184798934113,0.5372147464559707,3.268152919656356,0
6.028330016788765,7.476914575182958,3.7539064698126823,1
0.7860238384139651,6.077121672619921,7.481550426617255,0
7.334980223478993,9.320707468546694,2.291818183254212,1
4.523575570819977,0.2720591586574683,3.4210923720329802,0
8.708454677148564,3.989210440737353,9.390536784258854,1
1.4413808164920006,4.1971205897455155,1.3746416436326592,0
7.505969812552954,7.327191277230247,5.12345368162139,1
7.190247624645716,0.7247195604240597,7.494613205013561,0
3.7446353210037895,9.852637605972841,4.490572813161478,1
3.4158097475919282,2.0806183423471336,3.6147096833681704,0
9.995289936053156,8.118542849191364,8.796631604780943,1
2.4542768686780203,2.3080667483968744,3.835950381377585,0
9.793163419135748,1.7652973982590892,4.934434297982473,1
2.038024453107293,6.814992806693507,2.6683219549974013,0
8.437178712641096,7.021622550169409,0.7814342578783051,1
1.3641135958530803,3.866093045451837,4.936965575401242,0
7.773512857526473,2.6405560094080904,6.32856591766152,1
4.074094273613419,3.0287055676857513,7.334472769418778,0
8.741721961783497,3.220367310494189,9.024331141390142,1
4.891381539944626,4.016049124906605,5.720905874319815,0
3.5841319002836514,6.361017249596264,0.13905715103922467,1
4.744397416655203,1.80757789639024,2.7843970934399485,0
7.830764826055269,3.531959900262196,3.9050054956477442,1
7.4497253058190305,0.6518373582512249,3.419942454864908,0
4.6909743861511,7.416956575557232,8.62481605789206,1
2.8661980377795224,0.6002746486117805,3.1060341364078257,0
2.64493577513207,6.766842895871435,1.5460170547207652,1
0.29109133313110935,6.206198964080409,5.477903249161481,0
6.415008596109332,5.359469794058114,6.932094443146455,1
0.7929201346066761,5.807217175601381,6.746459576667308,0
8.02901869086317,8.77344724612656,1.4636630059778755,1
8.810263676454603,0.061228969055535654,4.84061515442985,0
7.5228409455851,8.670827157624467,5.415043818846409,1
5.440340786242834,2.1236282915682594,9.292025181640803,0
2.3532719960558737,8.321751343796182,4.802339187459306,1
4.402985497845937,0.10162460331725409,7.309562906673396,0
5.733053232684319,4.768116914474007,6.192984644552334,1
1.0000578308162333,7.879591285870523,9.23674359545721,0
5.253189938001156,7.248728444812559,0.6236146577002022,1
2.349705536606029,6.4209070815383065,8.904952595353956,0
3.643612266479325,5.763282918681991,1.116111371849754,1
3.8777123205045694,3.9321513622189075,7.7050349238423275,0
0.02578193357636649,9.402191268223095,5.375072451858248,1
4.6629734965671705,2.7580149034161163,7.179539732791017,0
4.861565186668699,8.996474424863228,6.4528211885357205,1
1.2371948429172064,6.553022982803277,1.1200231905774083,0
7.18014947832971,8.300925048843936,6.685354106484517,1
6.150759447912424,0.33596592329194874,3.0919419155168546,0
9.739890427880125,1.5165508779860881,3.5461461558562757,1
0.13649745357226184,3.099277171526782,7.746000467609387,0
5.16932525135434,9.845546171754362,4.157366046860789,1
0.4090948886240553,6.715137749692479,0.8050983393073396,0
5.456821959632433,7.882391236159804,0.447350352826813,1
1.230182018860202,1.6889829776279908,6.657121702013665,0
4.783775713737395,6.686449174438513,0.9966323230407703,1
4.019235051890279,4.394968373145369,4.435276232759878,0
8.429865385552063,7.374863901602575,4.93980264342042,1
0.35769241372317073,3.4258446448840396,7.476966648816274,0
8.999219381933429,7.82477603353572,7.862443037023409,1
3.9118052106774126,1.9614273506062174,9.106174230089575,0
8.199718305266149,8.264372568156181,4.197656752434654,1
2.9501267294607523,0.19411281279816284,4.6629925930887275,0
4.005585046551721,7.126178355734699,7.132308686548029,1
7.620516521382756,1.043501744456129,1.018978430691596,0
1.8931668577770833,7.643687618522927,7.8909097538544355,1
0.48938051867836063,3.269597535647258,3.5744481489211166,0
3.6142185004492147,6.144370464400106,7.181020487829361,1
3.1970832507345905,5.023604773751441,8.810895530552822,0
9.739707581692802,0.7675086914999674,6.687221570459091,1
2.5455243578890885,2.965075174731713,9.316419162825794,0
8.832374556091873,7.750426369099039,3.799074234606974,1
0.7997321329034957,3.804748050890833,6.504562272416566,0
3.0391157854021422,6.827997520685406,7.592580821250702,1
5.1044138429268635,0.020595422705131927,5.210658287396842,0
6.490932389293107,3.1237221771334456,1.206065241981551,1
2.153343978435526,5.25365588589259,6.206759579124373,0
8.323287393356102,9.508996197793511,0.44521179814030254,1
3.848680647808526,0.8371993273772205,8.053910251015402,0
3.943118144691767,8.853343071818143,0.21023661236383773,1
8.118072720914482,0.17046892390739643,3.2780492987276553,0
1.864094213882298,9.633759914830701,1.3910319555712936,1
0.0830342049164079,2.6546703575192954,1.9416809891700793,0
1.2989532145174143,9.431435294428226,4.151775684082844,1
0.652576925771926,4.988658595141274,7.941527137921405,0
1.333034949524723,8.133486311091433,6.8605162167431875,1
8.419065949020974,0.13546098108632165,8.260114383112919,0
5.912542720892441,7.722262300201246,0.6599311872941627,1
3.6783459505060345,2.295755441863551,9.866386199953093,0
8.717261259884525,1.3308768248509362,2.0500689385772852,1
0.4649757385636355,7.16848153447679,6.4664197715088925,0
6.394202813988667,7.575730403406583,9.550092538277722,1
3.731824116068333,3.9194238820906255,0.5072965490774506,0
8.04675415615327,5.516499542132412,8.15761006377541,1
1.0676995835909675,6.777754439408099,5.067912695171249,0
6.299677855852117,2.8436618591757568,3.2051054373746934,1
1.3078849916873247,0.15681132187711277,7.398399911317069,0
2.8938011108559705,8.473408706539624,8.432117830419413,1
5.989778379932408,2.5647485006131934,9.37873068394039,0
3.914644196044926,7.351578421559267,4.559105825015642,1
1.8629258360427392,0.5532420220912182,5.607014242408447,0
9.042059112285262,4.917401510891148,3.774606468172209,1
3.1285666604894793,3.0078072462090377,7.183685446253934,0
8.331583057604984,1.2952757174199048,2.357100969102237,1
1.9074098296666275,5.097298385207263,5.955374778111119,0
2.45808248436596,8.286177813672717,0.9708004776992585,1
4.746305545630998,2.2779165206752383,8.021259943433538,0
8.406329571530103,4.435744560555292,8.81626662016614,1
2.4222869108087752,1.1009119481981011,5.011250825469341,0
6.907383665188876,5.884370031187141,6.2122720874149815,1
5.048228812914744,3.1980055062360635,6.414881700695615,0
1.3877190976304188,8.293203030555553,3.142305140902366,1
1.8348399956804229,6.997005396669051,5.419301141226116,0
9.203336184520996,9.11735306850438,3.633673747069963,1
2.3228517652285374,2.7044018160052294,7.1530523910638655,0
9.371342397448089,4.3305136156996715,9.515982844449546,1
2.403476004833488,6.230808495914672,1.1929349787070243,0
7.050539913397533,2.197090602552809,9.764594732042521,1
0.7721298957208389,7.387503160559749,3.269466004300745,0
5.959183752967387,6.9097074916693,8.173578513531956,1
3.8249343554504653,0.4417032627379669,8.45938032875843,0
9.535553638885396,4.518822800707785,0.923643276103272,1
4.592493994923268,3.7361701610461804,7.191146930356397,0
3.808773480558739,8.45789641371489,4.472833659266435,1
1.287340442563908,5.608052385511499,0.4404885184121121,0
6.37861980040764,7.85047386574132,5.349800291441438,1
7.9067854329271094,0.5802578199103325,8.661414775881402,0
3.302455898329635,8.375376583267526,1.6054077872690153,1
0.8156126854959633,1.3919631472901828,3.8628631600119325,0
9.372549373978115,6.020568431669295,4.127621508323943,1
2.073829092913082,4.550655770823351,2.685295151648468,0
2.5154148962481457,9.995602757038982,6.896193007883408,1
2.0316347886275743,3.890219893121852,2.200118098870175,0
6.815776471444755,9.118886305097197,1.3612058157001905,1
7.457267537252498,0.7025774611632318,0.5084192756236561,0
7.740109257872381,6.817666169896367,6.468476639197268,1
0.4657414833129925,6.267436802760588,9.658214720026276,0
5.287642255713053,4.174184383949173,5.1135479450656,1
0.5066611265594267,5.655172649146484,7.648267325272164,0
8.9414259813424,9.668086692906183,0.09288070660843029,1
3.388037890467527,0.08566263232094307,5.577825056793484,0
9.9918889950889,5.848750989881192,4.286055156052752,1
3.930867966209075,3.7679636539979833,6.706750515304329,0
7.555962533462335,4.918393413113183,4.0454338115077535,1
0.2688974714447112,2.842509394601721,3.1162415895379194,0
6.825217682617054,3.9075931991998534,0.10708888894996993,1
1.3780264312668278,5.0436333025977165,3.4122951158203394,0
9.745274411754632,4.013705510000875,8.354257659880655,1
6.259976039999952,2.5061746333943202,5.818367477648052,0
7.0480642283599515,5.223449978272354,8.195034879380893,1
1.1209081545537491,3.9572182259290956,0.4195583472391595,0
8.62151867780255,1.3392697387266916,7.745633596828274,1
1.5586399096081216,3.4480586547116134,4.979477408462721,0
8.45406190953028,6.331308907450489,0.4116489738397977,1
5.634304046558414,0.2746183431031568,1.2036129201587886,0
5.516247665077171,9.41811042097893,5.153861605284908,1
3.211189236067218,0.1903512262074203,9.659489260217727,0
3.676030065629594,9.594627979839926,9.250891391517358,1
5.681319749872488,2.707371094739426,5.719166368290146,0
3.665304322161147,6.178338870579356,0.6791622635493566,1
3.472252078315685,3.6696213178457793,6.7061614802667355,0
4.2204139501852245,7.482202940338208,2.1289115959561244,1
4.163994219434111,1.1783141450063805,5.3530157313369395,0
5.221443440693545,6.344651422668864,4.987427793161113,1
5.564436535516226,1.8968777774277767,6.055418231825471,0
8.342934673855517,9.277078379060681,8.973348710466013,1
8.721975788767981,0.17724738484388491,8.28398790225749,0
1.496840282173667,7.623659740329154,7.189869543293832,1
0.5629414409480016,2.7805334003376436,5.061359739168302,0
3.359476815932246,9.655637171587328,1.8586026800999567,1
2.346903130700154,2.6016062907158135,7.608453101649428,0
8.865221304244926,6.00308301040978,6.239129069212296,1
0.15201209347691091,1.7820126218252053,4.62653910925591,0
0.2776469754879407,9.34532642880369,1.9345055321441251,1
3.4152138184046876,0.2735580760734668,2.466859558812524,0
8.375839530409262,1.307966987457353,0.10814166553653859,1
3.541412523912385,0.01006120693094803,6.100184689467991,0
6.002977597039024,6.589846397483486,1.002142421681128,1
5.664259273791254,0.8066479047431729,4.089111340807648,0
7.252334396945202,2.4860623229843624,5.329518857345077,1
6.642965215286717,2.2765905762425573,8.776564197576581,0
4.459862831981716,8.896985567149438,1.7067530186510749,1
0.8960661599972175,7.116477777341823,7.142707003676425,0
2.9329390350608318,7.9961010304181315,3.010262452741604,1
6.262262059998919,0.8218700500508069,2.544121307326346,0
9.051303940263772,4.920352308686762,3.890328825148077,1
0.03666489891878677,2.2084671988711446,6.213328303289697,0
6.102550578811966,7.136049596360593,6.1294798228104055,1
7.716440127123493,0.6875792167019534,0.6947423833932442,0
1.8701527516097327,9.132715195929118,4.514564559663212,1
0.9847774134312692,7.390347530853775,3.195847225164311,0
6.754101962351571,6.34716531606379,5.165590915841851,1
1.815495822478882,6.756347047650753,0.9353191552791351,0
7.007045213645206,6.692800345054727,7.162962500812201,1
4.760305957606268,0.8456782157104037,5.358681145331747,0
9.801474646370036,2.865605311500633,0.539370080216528,1
3.8026766359293083,3.067624765581024,4.569436882110278,0
7.32331498787723,4.947385082494868,4.784670164452532,1
0.0791523348594736,1.2711546427696163,7.908803526809656,0
0.42703914971824464,9.930310984807946,4.3539143288386795,1
2.591338319838472,3.290599790872669,4.979651017707903,0
6.200620006538965,9.888303428152065,4.280601378974019,1
3.519743029279514,1.8286845526214002,8.790556409932632,0
2.73763014182605,7.984469697684079,0.4044961578094797,1
5.2451224088968305,0.17233259891154318,4.914920456850026,0
4.703488833314607,7.511805944170432,5.592716007309062,1
1.5067529920069578,2.962441272371911,5.514383652339088,0
4.758872007381001,8.669734798912721,0.3515715985147805,1
4.754576208706581,0.1792769527998339,1.567236326478998,0
4.1302535397138715,6.125880599050745,4.035404892728693,1
3.318731631746674,2.747490661329498,8.0472253647528,0
0.9672210310622731,9.905430058547873,9.969314357980199,1
5.246533258992441,2.4671147531225213,2.196446253393022,0
4.251213771670179,8.060289419417291,0.3931996924023995,1
0.933069906366667,3.3524931341258615,5.576449098481129,0
9.67217063212229,7.182343044638935,5.659945733127609,1
6.432948795950396,0.573265015730835,4.73722681792954,0
5.568557988601169,5.7092216560048055,0.5028153777778333,1
0.8247073204109867,4.228071122920408,5.832081183739395,0
8.858751029120054,2.6132202873105257,6.794670064712105,1
0.371541878487327,5.481230340533924,3.422847735426596,0
6.217917609273551,4.255445545194709,2.430145175862198,1
0.7423070730185821,6.6359999238705925,9.945117311941612,0
8.309609484560559,1.890330913344176,4.684661192742356,1
0.612733297760204,1.3965578177795424,5.2134059613412855,0
9.123344652040494,8.857052860239682,8.646867131179022,1
4.8640082591005065,1.311130590020837,4.079505370767102,0
8.274194408600765,1.667033059634484,8.82401128193623,1
0.7568019931089831,4.894649253343207,9.10727348630003,0
4.6882712059628115,9.897588494710096,0.4585281398249508,1
5.762095383691493,1.3735445697590787,1.5755431433703415,0
9.960143667170943,2.561816549995233,6.765155218204625,1
2.6480852535819164,0.6385100280079503,1.4884645043312794,0
4.840498621309813,4.300126966311274,7.798047887380271,1
3.7083827184772202,3.874292618019873,4.40752259477444,0
9.398422824924552,0.0718115988321677,6.8653109284070535,1
1.3424120899616487,6.8061271571307085,5.631564841334793,0
3.7319413703473545,7.003488011386145,7.148612030475929,1
3.5825463301937397,4.598989071811603,7.848652019977238,0
8.48959003637746,1.947993699357109,9.687118602432212,1
0.8702574287185394,6.298556599348588,0.31334821164135773,0
8.405042443337786,6.678416205387299,1.7469975542811822,1
1.216091088932184,5.299183383928018,3.5883218733816404,0
9.262097179241147,0.9609052094444903,3.649216023379042,1
0.1743499066435228,2.768186436184404,4.927708744060885,0
6.682635156299338,8.774114169306333,2.7682056448333103,1
2.3626895075854035,1.0519274047313953,6.948960727967365,0
9.993036875935177,6.566773282826284,9.040404486560147,1
5.875422165513927,0.0546451336628373,2.0209368254513835,0
7.825992098103393,7.250596086578568,3.0749842575033193,1
2.481150922657581,3.1581334397843994,2.9666042269818016,0
9.742177068628575,4.20272982525959,5.826109301744438,1
1.2437898992093488,7.473748899723138,6.025320003112223,0
8.948518076539443,0.37610742980996537,3.9616261482572988,1
1.1161192717075619,0.8916192524897992,1.5352740477786442,0
6.040725741670343,3.4273861709457054,7.557910782723644,1
3.2724412895448607,4.227127045031462,7.8828343782945876,0
7.058643755133691,8.270059470598174,8.131140484601906,1
3.976172041046847,0.6209891390969091,3.3810020454901704,0
1.6917068044141115,8.284260367884624,7.368459414391481,1
3.080021867897745,3.459660827801793,5.664712268908097,0
7.411332134214733,1.7285164165553935,9.768265687402291,1
1.0800896230709378,3.970053443158301,9.269429168990156,0
1.032280601968546,8.285587792968002,7.266235559210212,1
4.3894665237834225,2.008413912113991,4.345542864489912,0
5.7214512389913565,6.8881347064920595,1.6961152353595732,1
5.88843268086073,0.04164414952684492,5.356728903993186,0
3.835209043605544,6.154244936199914,5.315990697919128,1
4.46197692263496,1.2945387753586557,9.829643015035819,0
7.912455445549006,2.319705059995134,8.874567275682807,1
1.5861953696620779,1.3234505152359366,3.744414083988401,0
5.780242226323019,6.8296597181444,9.632908303966254,1
2.8522833847672024,5.532608797767809,7.3707050434650965,0
6.518460461131458,7.049131350885478,6.75103782668095,1
3.086021327661764,0.562306296429893,4.899610073021066,0
3.457047440172154,5.549813204493996,9.095723338119422,1
2.812810753605899,3.852356772361649,4.647306986289647,0
7.014111467527343,2.8990189385319445,6.080861237464639,1
7.365841236868086,0.8492927137735529,7.397512541792057,0
9.817055618264307,5.413029587462768,0.34346181752411997,1
0.019124992750692016,5.440174843372196,1.934240813767909,0
0.703723139951915,9.448467475761419,3.445501470557757,1
0.07142207856118632,5.07155591649736,2.050137982141418,0
8.013400832518148,5.136050714319596,2.6457357252821523,1
5.336876767146185,0.3721173876743822,0.7636583448861844,0
1.0319458016934424,9.221710086630452,6.26633202352888,1
3.883665743836091,1.3638310957520494,8.405205343438544,0
7.439463785448222,2.24404546765843,0.50052126998271,1
2.768233787495321,5.674023467574301,0.9304974684068357,0
6.727392001157901,8.1769981062627,1.2997617301521636,1
3.0310487148235987,3.8924364957767885,4.316094802063409,0
6.802542694665147,6.374674937177826,4.216465647504968,1
0.20847239367054127,2.313149238402011,4.071209435996246,0
4.491953911535075,7.24054501854137,1.463064064373032,1
1.0316929008308506,4.589678018277957,3.7039294450233893,0
6.36603523524034,3.6620197281493727,6.9322020479997075,1
1.4817550648629263,3.6155843997029335,4.018281819607119,0
8.921933744019002,7.6881670550796555,2.3743825966817833,1
2.1001578088675044,2.6956599987411,2.096054832402711,0
8.686236953526864,7.981920964049109,7.4584954914932355,1
2.986958193542464,3.787878948132757,8.0012870646988,0
7.770222070183892,6.9285073939829855,4.404127910038077,1
2.727528660351617,0.8104584883998078,5.2313448343087146,0
2.3609428848221303,8.137496737543199,6.024213369634007,1
1.0029515681095813,6.80086711536593,0.42972313574238363,0
2.2843428917955344,8.795926146776333,3.454189107175626,1
0.860392361931176,2.5548191972755028,4.875137434278854,0
7.115234557343556,3.880316122027433,7.398991449864876,1
0.1226935011406749,7.134726764008551,2.1424306967972795,0
9.298245923402096,7.3557376154879694,4.795301802436161,1
3.00385144611535,2.944538056942659,4.70323123361326,0
6.743901309970003,4.066999613573714,6.886576696728961,1
3.9493775598118717,0.18003766896696805,7.852350300761931,0
1.5855915100904905,8.187953705686832,0.7718234443748395,1
1.0075723553858262,7.227019388329456,6.262642566039692,0
3.1999524836948954,9.044603673758129,5.218539351077051,1
0.3076401134060769,7.301259861337169,5.64181723728323,0
7.868215168500463,7.296334357807694,4.432176681754098,1
1.5056900379033933,0.3691434854142128,8.14911649683365,0
9.14988375592899,9.669922762368785,4.079280374806594,1
0.004514341596870697,1.9813877625040688,5.312455815590394,0
5.6671639956426905,7.730844762121828,3.6912087957261006,1
2.004846280170444,4.434648941892625,6.564536824931685,0
2.7170627851808593,7.229995905169919,4.736029739676139,1
1.8129449152410693,1.8627528733416476,4.522833720103768,0
0.8486555300725851,9.869754198203456,5.660088585536311,1
3.4120413289617666,1.5794828277030015,0.9162160669659047,0
8.737207897921582,5.232834326279229,8.729311136406364,1
4.089762659860686,1.5311450941759541,8.443925593393036,0
8.3307258924075,4.180133264812302,3.985024901081565,1
2.926084275259985,3.957495923903557,6.535717133586035,0
2.8047170067701432,9.393828822089622,4.953415305851325,1
2.208754774216003,6.531775713971494,3.1473436856745227,0
9.059335549421565,3.0982836147936754,0.98198879080857,1
0.8190005952333912,5.020030821583566,8.284725038852478,0
3.112256066760751,8.66797965150726,8.474202375398015,1
4.673587147284756,3.3321260369358185,5.490346605990071,0
8.409406235205815,5.436467929613667,5.871272700172085,1
2.697376077854776,1.4448085830944146,7.893336418986129,0
1.4770731723471409,8.591476079996333,3.0334629319972963,1
0.1378225574424441,8.226713282981848,2.9506321889819667,0
6.056426542645939,6.188807664243564,0.27711703224094886,1
5.027955630979576,0.16928029678560996,6.618395197915802,0
4.773894788193816,4.908244691473627,4.644269668255275,1
0.5171299081324354,7.2096607960979595,5.5326870468901905,0
6.559069716860374,5.772913947020579,9.125424436306373,1
4.2333864436883815,1.295386735681766,8.180825280528937,0
2.005755125692491,8.51250295962365,0.5174465043459309,1
1.847876224138747,5.143248065649939,2.6441381581901213,0
4.20621564362068,7.766481475953057,7.5142927051726724,1
3.888361021432977,4.449165423716056,7.761350187738902,0
7.673937108669708,8.279415247588894,9.37921541097207,1
1.010709644127884,0.4237312096343193,2.86101625562445,0
7.547846860537773,6.237512469745051,7.779741767600591,1
4.475197216210863,3.2958081060047006,7.53802822997716,0
6.728228954406967,6.121338675280766,2.9109753978638375,1
3.100310433264195,5.541580316483747,0.5783033047636998,0
4.598687379408895,6.277892075255053,7.41886241096802,1
5.5827506300842265,1.4085141433042847,5.224413228244896,0
8.373469777226866,5.4181446187254085,1.5218286516463908,1
3.0044574869543395,5.705375342082145,5.693638846424244,0
2.5548534987326077,7.183125684079407,3.8220109634393626,1
3.9318314917745525,1.2042140514212962,4.679694695909848,0
9.635955071531061,0.30614093071846815,0.13636640295713987,1
4.486857368647157,3.4258883802882547,7.053845857654734,0
1.2179066589654763,8.355545988902898,5.102805766329025,1
0.5999160140920812,1.0959218714528607,4.745319239696317,0
6.584703710374455,4.713097905506707,6.720355375806459,1
5.243374753857813,1.8441677542295576,0.6899987623848913,0
7.8911318998652416,9.528838886305614,5.077316429512191,1
5.075529574293655,0.03772690877003604,5.472145519434942,0
8.192516652796927,2.8947522652633872,2.4652531070671104,1
3.18580189074238,5.104407881599534,9.785828576402531,0
8.340546961347318,0.7492121611958191,9.323135776933324,1
3.71225865114001,0.0815323081900976,7.241872350269549,0
9.460726516897273,9.714933923640201,7.406856156417824,1
1.1982840053080668,7.727535713070774,5.170393376640786,0
9.66321560425018,3.048644895621999,8.84629158309193,1
1.3132389813001444,4.068084559061891,6.144941761894225,0
7.770140664026003,6.211837369393034,4.666699203225093,1
6.480738090390419,2.47776465425238,1.1131784247854282,0
6.065266684447865,3.524762835022476,3.5037919281072893,1
5.477834209406609,0.8620151173880441,5.827223947066878,0
6.429138048707531,8.319383899310482,3.1320522222033875,1
0.4610268744241153,6.760145386263735,3.817406117887309,0
9.30697465421884,4.410273538572508,6.382041187399795,1
6.779338885078753,1.5612054120034102,0.467932474215631,0
7.792321381189884,5.317658598922118,9.30893232798658,1
3.0716943153669476,4.3486274598298635,9.818272550052512,0
6.632284027678013,6.741554874846947,3.6440856958354564,1
4.148801153114712,0.4995597432875998,4.951897157439454,0
9.276834136554452,9.01346353174547,7.768838021724843,1
1.0969421808655877,7.146592957014506,0.7906177393913849,0
9.619474644540585,2.9739697149336832,5.639652571962332,1
1.1677472271666078,4.6069022205926835,5.030285121502094,0
6.994224247090841,3.5431398552530213,9.005354078440082,1
4.847590051649037,0.057353051647641706,8.69255566489248,0
8.787148394897056,2.907343444033841,9.306743271283954,1
2.2703121453061703,2.269199689882088,1.294219579725846,0
7.188357765093693,6.877713811187452,6.5561492818502645,1
3.4424106011078406,1.703713771627804,9.827461812026668,0
8.455083514865498,3.7162412974143355,1.5381813701889646,1
1.3003047247584898,6.8694662769917425,9.390944687534319,0
5.2591267581804635,5.060067977185568,2.2804810140275613,1
1.361374735462243,5.468825140720765,4.773906358935656,0
9.489648136799824,0.3279870510876881,7.571336688782257,1
0.22027456605588913,0.09329155056070348,0.13390353582151904,0
1.9921913068174901,9.638932241008026,2.149454673778952,1
1.1396173001708165,7.053113716586839,6.235939980446582,0
9.588152634464674,6.364279054012039,2.040019626588554,1
0.5248074525113733,0.4074629564715082,2.472305323647326,0
1.8734595759504302,8.936130341430923,5.362886759072531,1
1.406506845700648,7.574448639618519,3.9269951935923606,0
6.674718690821374,4.620262399497902,5.4688828490352694,1
0.5963068799327498,0.35356681288027714,3.0777461796607453,0
2.642332666779763,8.073575257110596,7.948100213186592,1
4.798443527106762,0.3404772011829582,0.7541069828899971,0
2.543169191930803,8.689214811198642,0.9726083482504089,1
0.24992805392514916,1.9353894527148796,5.450108004086642,0
7.426259599365733,7.144562927733226,9.07159428800068,1
0.44963496521516877,4.687742847664239,8.05646342612005,0
4.743032609192062,4.628697865145402,8.566541935043695,1
3.609665191234103,4.852009283440186,4.18762775341801,0
8.600073327617377,4.172493154322683,0.5530147015291231,1
0.10692291288994293,2.1100363344343043,8.39150679481084,0
7.932657576209515,5.411750431277982,7.607942579928059,1
0.8963227283683783,5.490929083175912,4.4481868777971245,0
6.695445477947793,6.891653313214109,1.7387960801335745,1
2.595395332183761,0.4122672314768727,0.7447868721664652,0
5.452790328953641,4.326691062594107,3.2242570860783637,1
2.362756069392322,5.851654208484344,5.470292992374926,0
4.467322208192477,4.607570011401879,0.7781003457059887,1
5.521064089864095,1.1347367401537867,8.31975216515817,0
3.824355712998125,6.5200854975195055,7.758801750278073,1
0.4659306559245713,6.578719347392452,3.8658191825279675,0
6.360338545227502,3.145927293709737,3.798242665587587,1
4.879965138652996,1.4238422289502606,9.179824578669251,0
9.996298188494306,4.33838032529029,5.282190272397379,1
0.030267842375004683,1.1582169791293961,1.598633441840841,0
9.502673974474607,3.678950169252765,7.487379082910623,1
0.9950572151629578,3.2636423569685857,5.989449887114592,0
8.597423360766527,5.907091766303784,3.607590263685881,1
0.29022372901926996,7.675874330285401,7.4300373411668446,0
8.198761731968988,0.9123792228215244,3.8275824932751066,1
2.559911536668821,3.2060024104686278,3.0827347599292576,0
6.8048274573168275,2.6167408097179434,6.568632605191999,1
7.444304254508479,0.032534426057274635,7.682250624336086,0
9.069927739463887,2.0852406740776908,3.9752070163610975,1
1.7520667844000926,1.6736376707637135,8.138911038039039,0
1.3134855013294633,9.660592524355474,3.1683696105572334,1
0.45876871734543023,8.344112144281087,6.6977014329902005,0
9.231474320252847,8.196862055827884,4.6867419234964105,1
1.8603545739213379,2.6248367242266513,9.52826351935948,0
3.200660608725394,6.6413795921363725,7.08744012744384,1
2.043120436907222,6.584825112490154,9.564448764205427,0
2.338784169638407,8.076561008154096,4.949700158614938,1
0.6298580376302199,3.117015059396696,8.32885172003215,0
3.7358942765273073,7.598596322433449,3.6921788650168663,1
2.938551948800879,3.3388068141281413,5.81900374042001,0
6.579086937414781,6.705602191291743,4.1736126445687285,1
7.349232439954739,1.5770421644932076,6.111371837661591,0
8.90068002212879,9.366851842318667,4.365061802396432,1
2.8306273283490957,0.6720769816110106,4.886692974004587,0
8.809534457984574,0.5601016699116346,5.245170362635259,1
1.6224405424948418,4.254965580876666,6.246997429886311,0
4.291120315954588,8.170627371781471,9.077246880903257,1
4.258995972429336,4.346522201259444,4.767827876425148,0
5.478173747130127,3.90640912035353,3.2019822491636285,1
1.2078380396859945,6.591613789401323,2.430437692315075,0
2.767243359448157,8.146646444498888,0.5833481277352903,1
4.535416186103248,2.8377004926532123,9.529981238980561,0
6.640420143707874,6.170744741780969,1.0769670380886676,1
0.20689516601642421,2.521320559836502,5.704870006404789,0
3.9856367252092992,7.240676456804231,7.787056513151263,1
3.909784610610363,1.739810640694377,4.083919706767763,0
7.930430485934439,6.825740801133968,7.290798392891407,1
7.531827858403494,0.5262871080396536,1.7111250104996523,0
6.787821222562062,7.663386812542714,4.246140452442539,1
8.527507385755635,0.21745523396038857,6.54298603002045,0
7.491751576137529,1.8438617105688937,1.443365696367448,1
0.6389391220717067,4.229131196736745,9.076816638577679,0
2.254529297466634,9.662460481450001,3.797356923642737,1
1.4746393757495357,2.893846108334317,5.50434964620385,0
9.11538794964032,1.23638649420156,6.76547888369075,1
3.021641085072355,5.353493612553384,9.488836156508599,0
8.720579301340665,6.465662699668191,5.37122727439063,1
7.338639227644689,1.5968843156112134,4.385254289412115,0
5.627264065865786,6.18457453816851,3.107232680645554,1
0.49736466047719197,8.0403653215226,7.624430211897794,0
9.32464633274605,6.699942803293146,6.635810374704509,1
0.7582762087079287,1.8795041174966631,7.457766590777485,0
3.3025546363269798,8.727134924234656,8.653112825105802,1
0.6935947881734505,6.83273255218237,2.661116661962517,0
8.668722471331794,6.777685128846801,0.747443403606084,1
4.311338149377835,1.6848430077466825,3.3179061344232563,0
9.903259102756097,4.520585003923968,0.22566199856297264,1
0.7939255362925179,2.1775805605515863,3.2117054355025054,0
4.96867984400928,4.3338593788414235,4.724476621467703,1
4.240611346451373,2.9986939326428863,6.787311198176594,0
7.336994558281454,4.691588512120005,7.79168555872743,1
1.7950631119802407,3.392444591582988,4.518649571797875,0
6.3419697162083235,8.520694494705134,3.600944653757512,1
0.5624195360607098,5.796815337241811,2.6671009578442106,0
5.9344955855227575,9.931021067884396,0.6509172356056614,1
3.4240300087462283,1.6283596901233544,6.343595070070094,0
4.626885023804627,7.179876061226259,3.3448345547705935,1
2.704964902036618,2.230083766127382,4.704269700689293,0
7.861747999417665,1.7743124358932028,3.1415308995830236,1
0.47736039210670156,0.0308212443908229,7.441592356458006,0
2.340497099210068,9.544848405926999,5.0424510917250736,1
0.1764366021752728,8.289607271097584,7.588097244775483,0
9.05969059840672,9.862252937114457,7.803333500534376,1
7.884896147555352,0.1704780109653825,9.63981716455224,0
5.567812182691418,6.836190901873952,5.649410796445215,1
5.436422226887505,2.2854433926713225,6.923464901831389,0
8.083291489399986,3.0800201607175937,8.650160572705975,1
2.112228087068239,3.8884202549923597,9.244340149348089,0
3.6630797176498566,8.358609232447016,9.480244778863726,1
4.333295403400861,4.201765180615343,0.893845482558262,0
0.051779374402476375,9.411387174165895,8.666561131934058,1
6.842226215610003,0.799791001788065,0.18775829872259453,0
6.983866414245284,5.131922622750805,9.836696928052776,1
2.0758888411863063,6.593597874208266,0.6013629747867744,0
7.369859998063336,3.6152593883285977,8.590620162156673,1
3.951808851651064,4.981240938027522,2.3568417172578995,0
3.6250611352815767,6.938177361860436,0.636047058348338,1
0.5861382301728657,5.155367248798294,8.142527936720468,0
7.403445980744681,5.459809803606536,6.943517396716953,1
3.6594882707700527,3.2048622766001476,7.674921167123783,0
4.167723752581717,7.925716374038548,9.354461938495882,1
0.06161508583673703,8.843373304105505,5.436031428857293,0
6.524000886872569,5.536704373806266,5.862989754730901,1
0.3903060003403702,0.28866936318908687,1.0938133734684496,0
2.8701813540809686,7.265705724785279,5.34092050561053,1
4.92468631278503,1.5906272077337125,1.9549612947626704,0
3.8426126275206696,8.124202435093942,1.7149434846376266,1
1.7138809626634588,0.7046452617247001,7.760665922027108,0
6.498568289074777,7.189476892047421,5.252072798645797,1
4.566583557054347,2.3025190085668887,4.684323577159095,0
4.903107899397744,8.843282630389513,0.8442534051820116,1
5.669331339737789,3.0740902401029357,6.183583806740942,0
8.303420131211647,3.6312481599547155,9.00901843867058,1
2.901355120469926,3.8142871456090877,5.565949299441422,0
4.532999305883434,4.749167578145906,4.892471203273022,1
2.0344884486474033,6.413687017626211,6.312063195369957,0
4.647879948009507,7.778326742217743,4.932479980340528,1
3.9742854771308886,0.7057009191297936,7.9107892233543895,0
8.980603981949344,8.649581250111048,9.30562684675081,1
5.83953048412753,1.0321501140488187,5.5237406559391395,0
3.2756887927063847,6.667131676130111,7.191290055455763,1
2.8112815569022978,5.983570846272283,9.079294797884643,0
1.8915259567861353,9.51599790989887,6.158004097517278,1
1.5989603632983884,2.474660418656758,0.09109677677361594,0
7.644362563398419,7.092281921510209,6.365164129382563,1
0.21541292968843107,0.7206721066048993,4.847710817385402,0
4.361308190873245,6.30603200806728,6.582255495704042,1
3.0820474312778567,5.545981850499906,5.502078022414373,0
2.6004784306728137,6.7916086899382275,7.580376917726046,1
0.45960174303345314,6.863839530632325,7.099003640771954,0
3.39339455862941,7.9286553557644766,8.38991733819608,1
1.2418200038441785,7.682326576838866,6.884403771651364,0
1.2489002322103449,8.061796375549529,0.8135518298020405,1
2.6622016429664908,5.130907673852859,9.254689407739608,0
3.6173575019853175,9.733301612149127,8.76311923744063,1
0.24494009184124033,3.896041873488075,0.7647124848539988,0
3.095193378113439,8.866889979302904,4.307484804777692,1
2.242235872843011,1.6906103253022609,4.421481669025727,0
9.768554999513722,8.967442877002565,2.8508783108210722,1
6.0501890760611,2.3676573414334556,9.041356792216993,0
1.782615598491999,7.239659213393658,9.55622328507393,1
1.1207160386623793,7.856822050375908,3.520185256074766,0
6.229444641340297,4.455362167397264,3.141399507480921,1
0.8220951921520925,3.722917786574765,3.4805566045217775,0
7.599510586287951,2.610703185480868,1.8070802822499055,1
5.548533797143377,0.4133141037216137,9.722109744751554,0
7.172503160199119,7.4065295195221985,4.862447861711213,1
0.10666514889986378,1.0568990257776834,9.810691956768144,0
4.421717095991812,7.1717900778976515,0.4346527100073039,1
5.646208762078548,1.4614518213312921,0.1393592533519905,0
3.0011921757867475,6.8674585813540014,6.258255825116747,1
0.8945587935991861,1.1299901599554907,1.8033148896593276,0
9.227298680006479,3.6962716575861068,7.822516429557755,1
3.927042860865515,1.3957485467829367,9.737482029615837,0
8.988218120610922,2.9593651618594663,9.9133853788656,1
0.7923956940279286,5.053976970593565,9.495754951293318,0
9.702421608100355,4.893213016670675,5.742000174305472,1
0.8985347695097634,2.8197106794961737,0.07408928217569444,0
9.738641489857793,8.667151973587131,7.317760412770561,1
0.646779981130382,5.272036292891002,0.7815658261531933,0
2.884049240019392,8.591306010910147,4.640328443993592,1
4.4814651213612064,3.825028792946509,2.880425527622197,0
6.1343440746284585,9.865861806815854,3.6479993761210383,1
0.42523222483266676,4.618682675901493,1.6271608426890027,0
9.2001399481952,5.969736511595323,9.98209315610713,1
2.0934951233683066,2.067446434111706,2.388904087302046,0
6.2906927638691,3.760115267787101,3.2964144220315825,1
0.6806783740729294,2.73438301680251,2.4153712618419467,0
3.3123077511411916,9.964186180503651,8.39639325130541,1
2.4022149229336467,3.0431175081972572,2.876978597537846,0
3.2773548705843005,7.289706851275404,1.4745194635456849,1
4.795642731428124,2.891884117074306,9.635946635112825,0
5.821145126679749,5.726811925845622,5.034380896664362,1
2.85384405405678,0.42016403189741425,7.507509322451837,0
5.14149069171621,8.542050551346192,0.17368327482506496,1
7.241645543647542,1.3190038902371826,4.940535439306708,0
5.689001072664929,5.841784964322799,9.979593551098297,1
2.4192596522674537,2.343072444183635,2.728077373016451,0
3.537609018060055,5.899473828645939,0.9660896827989085,1
0.1995919047410244,4.013494161834328,1.6728021337752075,0
4.493231994166786,6.902550970750658,3.3853196741086022,1
2.870414604795122,3.8222129799939077,4.631423839693154,0
6.028885160131548,9.744021158529325,1.6893804972197202,1
1.538785717719553,0.4484245381021268,1.3941121417703384,0
2.0267384358801843,7.789882055706547,5.456000266681248,1
6.560638610112953,0.7776162762912264,5.997571663781115,0
8.471958039175483,7.769603845554905,6.139857801876932,1
4.092523726717019,0.7832011288298779,4.059280423363006,0
9.928734444916227,3.2802145700463314,1.6403452226803905,1
2.2407299162845162,2.763673552396302,1.2101310249685215,0
5.397828343535639,4.7118567842454535,8.93535254464793,1
2.733237108912425,4.85170456367754,5.4778699126085435,0
8.508006748441357,4.158659021502276,9.352536952259038,1
1.0322637035462234,5.3853866339445,5.807282537007069,0
5.51379178681062,4.075464939013514,0.7081498639601025,1
3.0247449979899645,2.2144278998478506,6.915623852958939,0
0.1981016018626125,9.365213107178441,6.459812317232446,1
2.0104457840412717,0.5414015494087365,0.08365400990805294,0
0.3501317264274273,9.53766347041817,9.180252176349201,1
2.2986385292845455,4.101565652585922,0.19606882264276204,0
6.8809433403824025,4.87250765852415,8.40495605789424,1
4.769887200780362,0.7708704753581641,0.4184716421767898,0
5.202504673025602,5.365247252103078,0.9194136769266037,1
1.0735619647691408,5.9318141706588925,4.338824199748327,0
3.859017176790637,9.612147897253287,6.574321301926426,1
2.034060007747458,3.388530355024628,9.042723522658777,0
8.711501601571294,1.0878029060479366,4.831096217274426,1
5.102855953559478,1.5559317736354972,4.463921692738525,0
6.6867513647028245,2.648318870138391,3.418091436090399,1
0.013220179718311798,5.022309225121288,2.1787918120480656,0
5.842768199806663,3.560788292861753,9.1854507166213,1
0.8211068181575332,7.1345074568551246,0.9782912599137361,0
4.263931238086603,5.745710831802173,7.879920191903941,1
3.4616110873842487,4.115978916858646,0.9201341615582759,0
7.608230553725825,5.920635807332736,3.2658896099835486,1
0.288576756876322,0.17294319129428137,4.687309724267164,0
9.192736278338046,9.453410426250223,3.6883151142152837,1
6.511255074991543,1.2290865367372206,0.06031236372552207,0
2.1175889452203354,7.016969312548731,1.2593960620188371,1
1.0741701721069152,0.8867938332559988,0.5110262672198251,0
9.214309850776504,5.928322739831387,0.06599734502312993,1
0.9737493500722272,3.99714895145428,7.1660791459894355,0
8.773875040160537,8.566993229368357,1.450167307412633,1
1.365198874501885,5.7395810525992275,6.362581928581723,0
1.433345061076664,9.777475979561213,9.798032673553447,1
0.8723484860767683,5.131549727808254,1.7000870761934672,0
9.72131238436557,5.7263564686088095,7.242245706737406,1
2.001724042931049,3.86901515699716,5.647499384997536,0
8.619239029706737,8.841374756615387,7.735251766689425,1
0.3696088161035982,1.0521426416787827,2.642911444647874,0
6.818662230880742,9.580006564406927,8.563099099329976,1
4.108977080020795,2.360457778456908,5.664823804405703,0
7.4902407527196075,3.2336575037212976,0.4624909727994575,1
4.068178605557678,0.4891181177500048,0.19204023223480693,0
9.25391674322529,1.787105926924052,4.197905255083087,1
1.2247500859134486,0.9507183510281558,5.8012415996045785,0
4.048852421154969,5.66433140399292,1.914103214337396,1
4.680014944189513,4.2765330769196535,9.696278342833097,0
6.148553099690615,6.412150625344789,0.9269809224447345,1
1.5976606075740696,6.231147399730336,1.6380618788636458,0
8.11437219951078,4.137998115417375,5.183534963939768,1
4.950279941367507,3.474832422997226,1.8597551312338911,0
5.598894250383076,6.2312470193254,8.101319021588946,1
2.3606865382070366,4.678757166344338,5.64902406429474,0
5.689945852089247,3.6042777938055517,7.807036312777866,1
4.846541209737603,1.5562464124867836,5.735744103876794,0
4.319310887006812,4.765136726632906,6.871595700790899,1
2.8066118128805595,1.9791087618497072,4.356182607346292,0
5.3466987793070455,9.658798506534986,9.918029301894734,1
1.121155330898631,0.4464631565396915,5.753938370317355,0
6.279417285995901,3.8065325678845974,3.7398282592219756,1
1.8839797418493698,5.460561296306309,6.876118688324584,0
8.620121487011955,7.005998175477879,8.415585397692615,1
2.179454153741487,1.7817551796349895,8.013792127692456,0
5.383678485574437,6.79994456619759,6.8256514460575834,1
4.405645515620764,1.676760729570137,4.257421510946635,0
4.19091792176469,8.211966334505792,1.0931227232431584,1
3.9090080036512163,0.9709170078275309,1.1801351346662714,0
8.837836816279205,2.981578387836241,9.46823016858018,1
2.2446334105323507,1.4285458889165414,6.4115603654889455,0
8.576432936888,4.318187574733521,7.4724776121172285,1
1.737785621514496,3.106499424689231,2.577549649141856,0
5.168494031331154,9.340651388043842,4.735914656791587,1
4.365569442413971,2.7384866862866533,7.486088320992891,0
6.236977894264928,3.3299310237238053,9.507821366442085,1
0.9453727781319154,0.10355202807060149,6.397367723167946,0
8.786805925932121,1.056340204382028,2.1126594711018143,1
4.309958755066813,4.300228689756875,6.924498758613364,0
7.940623104815798,9.86262430180475,8.489368431620221,1
8.157508389861087,0.6244974717320073,7.537775548476708,0
7.759754473628555,7.208748816059303,1.1090864437620207,1
6.3036913380470425,2.1702626538103207,5.146010809030445,0
7.226811967071423,7.78290676177286,7.643474327705294,1
2.9090832568687928,0.5666650777937421,2.5196611342073694,0
3.949935558266444,8.166855533838799,9.98947357662663,1
4.255640606874644,2.7545505963690053,4.205664305865074,0
8.126689074731699,5.752278420498747,7.16254765339542,1
5.508509516032407,2.2290818515385844,4.4075653477212295,0
6.1135297846031245,5.106401348756513,0.8777490075544037,1
0.04637416922491311,5.753404437084404,8.38702341661963,0
9.632656306878603,8.782862883722313,0.34795580288135564,1
3.1799665519305664,3.9020457887099425,7.515671637817027,0
7.956341852475948,1.7328730242476131,6.856475493376611,1
4.335686923302622,0.14273279981964704,8.740279616163457,0
6.949808860649883,2.428565557640745,1.1257138679449574,1
0.04185391374530334,6.242203040350013,2.7881987086031232,0
6.869541621617796,7.232246367101941,0.717391369143846,1
5.739133036443873,2.8816674078191538,3.944824050405924,0
5.254048420383208,7.504162070996868,7.384607560789059,1
0.9381542814499833,7.206651179425129,7.9443995998551244,0
6.199177538915981,8.021152378562867,9.655349853075952,1
3.236724807552993,4.199190907545703,0.17220594115644916,0
4.226681906658085,5.097388832683956,0.5318670084851462,1
7.5597839575090955,1.2457547495687005,4.428489710073239,0
2.99203777993182,7.734563989166635,7.272374604927167,1
1.767546113121814,3.2556236109840864,1.2090465562976926,0
3.7044572267711526,6.3065469825244715,7.253844594756275,1
2.2842471858600044,5.263365879225683,7.278264987432292,0
8.41350069539873,9.91778379972862,0.6764689244081945,1
3.560678204960298,1.8895512286439808,3.7661652293687897,0
8.016999222358237,6.984554427736852,8.983153334038219,1
0.6256110392560033,0.28008567756797276,4.377816908151939,0
1.8686821762048889,7.40417244606279,0.06905382819202055,1
1.3147092879059152,7.297239019552695,7.164325069798813,0
1.6042477368577102,7.780205783584247,0.24779480851975677,1
6.9616028601935,0.8604032719975951,5.557394613059979,0
8.233508532928218,2.182434553989622,6.153562828377417,1
3.3839116964750082,5.479062755516236,6.477308306010647,0
9.661300732797141,1.4245809207498439,2.4039834632230983,1
6.924077564361125,0.7384395284071832,1.9918654983107753,0
4.455178099435477,6.619282737849328,6.707887661999855,1
0.19797148418881028,8.432181820947664,1.826701547720745,0
3.6633761187852443,7.579301724897313,7.34270267316221,1
0.849008911444451,1.3265996649741973,3.898065887185538,0
4.543399215950464,6.730635013470967,9.052146755649863,1
3.392135297383032,1.2632068036848487,1.2047018643251084,0
0.43511395548216925,8.84293486602939,1.2295778322052653,1
2.2326032614218425,4.198281008927332,2.5377676068662214,0
8.350425539286729,6.333548446696548,9.102283147257552,1
0.2556773594665829,3.4957776145570465,2.1793113799535613,0
2.5490333811370958,9.914500368303456,2.5415059721524713,1
2.8373298073454034,5.579753582753572,4.030041330469692,0
3.019015341519297,7.483003080942954,4.200120880952383,1
2.311361877504642,4.334837565778789,0.2556273683592569,0
7.782745046322742,3.2220581955030605,1.2465169466691395,1
4.343223361265558,4.141277011451459,4.516475698395278,0
4.209101998504533,9.512462412750395,9.755870038921282,1
2.071728821935749,5.443429713973758,1.9209297330479091,0
6.711311494737785,5.154043596157594,2.4997107972342647,1
4.425676148585724,0.18994825881238242,5.841259164272866,0
5.53675140812685,8.128776643450493,4.3974273234744,1
7.904501310844523,0.46271678875943634,3.896420694352286,0
8.327001921806907,9.90252414740755,1.5914798656640605,1
1.7560488097059912,1.8767120817103522,1.555160911824488,0
8.500507957102752,7.235493504146141,9.61951682779021,1
6.20792108909083,2.3327588364134675,2.611128238575815,0
7.110844099665325,5.901756232945682,2.8271154278765174,1
3.795997220149415,3.1859432190945194,1.3761299618768785,0
7.26584246411702,3.5523996893955734,7.355414372431768,1
3.5007472918914093,5.167573577378919,8.891973559286889,0
5.207621749341941,6.366615718188536,2.8457941498577686,1
1.7050436637449529,1.2022705690612734,9.524698259709476,0
9.979827114671384,4.475929003883097,9.899460909622723,1
2.96088167234261,0.7960585847718504,1.7675360380800642,0
4.295591201083666,8.063655947291423,7.869051733687218,1
0.12306561236745672,1.7220057556493629,4.290933997804855,0
5.491558034024844,7.889357806799437,6.2038707717366535,1
5.338445547879568,0.4188611438372536,0.84756409417301,0
2.316288564432104,7.227018712222714,3.99945138876842,1
1.1893634100037043,2.2560581217012468,2.7776445048210086,0
5.974602535854514,8.186691656041438,0.3184103712860653,1
3.066960392989768,2.6619996303703175,6.695474984839828,0
6.012548668948071,8.252062000071014,0.4954198968295853,1
4.771821171047748,3.5106535326741426,7.64075873451773,0
9.462537754703071,1.7644223988803343,3.244723799576156,1
1.3000087532398752,3.545274441514461,6.562254717148019,0
4.087006549621565,5.239974151126534,9.169478641085826,1
2.027325088241815,0.24804704285420365,1.0392877535693212,0
7.606912274540646,8.45769122080226,2.0936847054319285,1
3.517306077062057,5.14144025731198,3.0788099845858485,0
9.773428948554217,7.40104773295594,0.6401512441274726,1
0.5419346696089378,0.7067135739370256,8.783711418406721,0
3.607686285562707,8.633943007064335,5.7730480467479826,1
3.1990652574374145,1.2026093386953662,8.671745507899562,0
9.414062985686492,7.554409758538368,5.83318182127684,1
0.9585268614884601,6.624906905397918,0.03603558860090117,0
4.442429169960624,8.63906524521454,3.585559190053421,1
0.34413849710172695,3.9712661879491904,8.071974278096913,0
4.126686455030951,6.995883530850216,4.290805882201964,1
5.712226360547579,2.2518946934440986,0.3304639966491074,0
4.290225882213391,7.932352789655907,6.779906896611486,1
3.871589580795237,1.8430935977910956,7.18024307590858,0
8.141046073454813,4.62266545051789,8.355247392313274,1
4.11383702876822,1.4806609037877383,8.22149435663004,0
8.838131854551905,9.955277200395132,4.742022654194996,1
1.8690204523190168,0.6820571168201339,0.48746474814831076,0
8.359691782943905,6.378153819363347,6.866417463704685,1
5.223040144241321,0.8582557082872888,4.655244918945249,0
8.116421869783665,2.139838006658046,7.427011096780788,1
2.2068006685666375,1.3613592844385625,9.380120138494222,0
1.7435971917242332,8.405426329124552,9.755708546479731,1
4.186901459748972,3.2208937718601005,7.125532774824004,0
0.8777240932149111,8.701378469276804,0.8529060734711136,1
1.7776348521362095,3.859912139469528,9.985735882577826,0
4.888909100181877,6.356410597142483,2.4365990432365416,1
2.8800438424022987,1.3778654050422845,8.813431627329866,0
9.162288279460837,3.118590342884513,5.9950524863735355,1
2.0673176837836382,0.2775726112348753,1.1467832907631903,0
5.650500713435362,9.831430950631564,2.1987509554576965,1
1.581567704046749,5.29448614148777,1.7062595551366178,0
7.724499591076247,2.9234689296353764,9.741958768818112,1
5.902426841819073,2.4132495521519615,9.028904047161829,0
3.0843529540203085,9.005029417725645,6.713013402532497,1
4.785040204618165,3.060192120300189,0.4247164367419831,0
1.4090698862363804,8.570665645536744,4.049510102257386,1
3.9914242231602772,1.3065537657202142,9.902291878268985,0
9.475722503138353,4.361052882916198,1.0519887162461683,1
0.6046094565764648,7.879121277166964,2.4001274729948463,0
2.2044512536402836,9.170771161878482,4.791651602795097,1
1.3685264396918473,2.396329025242878,2.0446723209892994,0
4.694161480893855,7.118674889945288,2.4059908207803504,1
2.0079435077897845,3.7511246733299863,1.10876371615802,0
0.15811182261112222,8.922912338619954,1.2719150508116894,1
0.6773836015166834,3.1466684314918547,0.5871051800994109,0
5.371889356419299,6.423094014273502,8.290156707851764,1
3.2223543261724674,5.588487521078667,4.302993914589591,0
9.884794014925474,5.068798174674481,0.6858016719041748,1
0.9791063991508819,4.4933700403983945,9.993926492665864,0
4.397540431108914,9.82486575887541,7.024411443768994,1
0.9552602856088666,7.8176360959036115,2.559735349256872,0
6.156357715720253,5.768670185724644,7.256273064931066,1
1.70122826760563,1.0761379680352268,1.6018759004580463,0
8.151717730398966,4.2132986228272005,6.952538253791982,1
3.5038041528052988,3.8335779626847053,6.06718703551125,0
6.472221572819487,3.0983316819378146,2.0096502655532076,1
3.1726598783169835,4.404154053870517,7.822933361080996,0
8.784643359931314,5.381573881692785,5.822273329557099,1
3.5948960187172663,4.1607441405039145,2.81250801798989,0
9.92535471661543,8.07003061118891,5.624502533302286,1
4.813434177305158,2.5211879553052996,1.29512635097495,0
7.670577221429397,2.2477673923437713,3.0545461036356403,1
2.5225508502182903,3.062274491244248,9.627688193014839,0
3.6478919569550614,5.88368835250094,0.42849251463431215,1
7.552638398280452,1.125184423406429,6.271203627946687,0
1.4797801266025112,8.263075142134188,0.623416962796961,1
3.4604879094007392,0.9937110662089221,9.44642965621015,0
6.252815212629958,7.6861845749405155,9.436793206358436,1
0.048552101004408765,1.5200562759802427,9.72615240865543,0
4.191849808696402,6.642355233108227,9.835995982262025,1
2.865247012174045,5.480510124706469,0.16559943067711247,0
6.953638757239803,4.645853045546906,2.482009943713429,1
2.6585721660504866,3.332082540970994,7.5008962373702275,0
9.091379323035495,7.135094504277152,3.385516274063681,1
3.731278022494843,0.6858752703028215,6.825530385088987,0
5.370336234427136,5.40268465270054,7.158460870905986,1
0.37424707893523257,5.407450683445552,7.035406740530115,0
9.859969067529263,1.0099892277543465,0.43116860144108093,1
0.22641852440005716,0.14367128514564675,5.0226298527886835,0
5.2670003044209786,9.657123671508717,3.401792167778339,1
2.758910688124707,4.569636056930637,3.452653928899859,0
5.81771278536643,9.45408153976344,5.593651663341449,1
4.717602647837426,1.505427748164937,8.622716223910928,0
8.0996669042098,8.203556642450705,1.9154195543188945,1
2.9282855417327602,1.5579918834179018,2.4793070340708736,0
6.71521496537376,5.921386528192805,9.375164797835806,1
2.946714316107677,3.01645276916111,7.770420278187399,0
6.527960296557996,3.867909355473167,2.5798461427203287,1
3.1428322264159716,2.1292209135763995,2.5970673492782037,0
6.426785747918842,6.7869237063768,6.921742459535509,1
5.472580575727241,1.288991425849264,5.510261809879401,0
8.824674169406052,8.222833925584123,2.6505013261535924,1
3.1351295212069608,3.4901260346150487,5.132599987239031,0
7.7457030457508145,8.812491207255196,9.43292178825067,1
0.9449283564870703,5.281860689659643,7.321362424555379,0
4.496105979006442,6.1354280699510655,5.497762776651552,1
4.7410533849119645,2.6889897013281905,4.391077716178159,0
4.427187602256089,6.4458584047842695,3.7659975731119677,1
3.2218735472572915,1.0051427962582815,8.693047993090136,0
8.2081728980607,2.275150824682303,6.807017225898132,1
3.8007453788391254,0.11360350482372827,9.428844876381214,0
4.285056174024012,5.132484403603046,5.29342269091666,1
1.6731926881203107,5.183709382854352,4.630340000119395,0
1.8060919341183757,9.334292982864966,7.220290061614758,1
5.218048097879544,2.5519424317104056,4.281457589758293,0
7.496464622188648,1.7785990345931524,6.617804589637839,1
2.3443570325603003,4.224326644597831,7.668931391054102,0
5.528765822761579,3.6652394584823664,3.5202402765520713,1
2.8343150392676186,3.9512482955932926,9.181517956648413,0
7.60936241839063,8.703762828043393,7.528087577874811,1
1.4995889797745587,4.271872217527877,4.148970761809463,0
8.36537149154935,9.871541211291762,9.095251706491233,1
3.66178490687234,2.4233372198289227,6.122222072541373,0
7.973435176128235,9.580611918891126,9.76277570228542,1
0.7511313323392288,1.3898847580090812,9.761169375521394,0
6.162311105140645,7.451267731981144,4.784469336155725,1
2.9711228400291745,0.24087403736345991,2.317326941934721,0
7.8162602053934815,9.149859101085617,6.920285027434372,1
1.0646188897364606,7.5150423145596985,0.6208132859270021,0
7.252717631325096,4.949078148881472,6.852374838474075,1
6.5855732381444785,2.171139745339982,1.1721582599971692,0
8.020999116424811,9.493117137637071,1.800218251503396,1
0.1360998735972052,4.695855065554895,8.146214810623167,0
6.658325089256875,8.019579938642604,0.6127445382055541,1
1.8728577955891301,1.0344278054867728,8.500097039686107,0
8.343735635386619,5.468905296134816,0.9031004873915871,1
2.1914529294194796,5.539088293125586,1.600004496429841,0
8.702821626192453,3.254548207107911,4.106526516086921,1
1.7752475578574944,3.487399162246269,1.7365548124616625,0
7.880042019596461,4.7875892689633055,9.477863694110106,1
3.611570681350036,3.157549676113222,3.917702685180582,0
1.6351981852000108,9.791786268509432,7.566937146390977,1
5.051331546390621,0.47153976338057735,9.82310725052924,0
7.240116911961058,2.878587076648007,4.796533657671631,1
2.1825444549855666,4.1964571698808815,1.305698995707355,0
9.156164109539063,9.01458802144296,3.1181319787153705,1
1.745514056952111,0.21456361316342876,8.123780072095151,0
4.82532466296909,9.111623034551656,1.944224824996429,1
7.702818977651662,1.2907360241294374,4.959071007496974,0
1.021686670462243,8.220385722945737,7.392684039937522,1
0.7929998268224314,2.7556373384083868,4.817156047695837,0
5.061994892353315,8.117569866399945,4.248087725760904,1
0.026729543892343166,6.223548662256877,8.745917823108902,0
7.6401207679740315,3.1390946385476237,3.9084599220031633,1
1.8229850184650498,5.576549824338569,0.7969845134765075,0
9.614653151342115,3.702642068916898,0.10589834689428868,1
1.1189134768352527,6.442786990140771,5.626088834556696,0
5.976537066304333,8.48343556639138,6.889727535212556,1
1.6008490833320843,1.6552479945225795,2.6745031579647915,0
9.561109639538257,6.7769913683889005,9.443057300757877,1
3.7453388519036324,1.163591520335182,5.380315856203687,0
4.72336743384321,9.925078905991407,2.2687391429739954,1
3.429584517907215,4.227208190502578,1.5517480332591538,0
7.048889131656781,9.331022202871912,7.047986358992494,1
5.053968845101197,3.2089594587274837,9.940537147291199,0
2.4880518499167525,7.966519951551485,0.3631269886406929,1
6.440989292919216,0.07460388787970396,0.35815240828285244,0
9.089860065485048,0.23259912244177672,3.557276645476514,1
5.703470633613737,0.9313740465421227,3.2320323508088533,0
5.250406694511441,7.872643868180935,6.922392755230642,1
5.625699481839313,1.99006535099843,9.262296052106844,0
5.522342372023829,9.809058291002922,1.9118476843917287,1
2.801093272105586,3.146511891200986,9.957244099163388,0
9.42507226658698,4.436717176426495,3.5240250106143343,1
4.3285563800369955,2.8571359810252597,9.46065626590611,0
3.3071961989233967,6.814604710339482,4.827840994022104,1
2.5920656825076693,4.346052578312065,0.49718524320791047,0
5.96766926276346,9.015117914975491,0.9943519857189287,1
1.5130754411378888,4.903103866424293,5.133082298596698,0
5.106841769934123,5.538824210925584,7.351501091546804,1
0.10022058803536571,4.44924377682312,8.42183753747338,0
6.362007943052443,6.267005634424243,7.259587461409751,1
8.429515260441097,0.01248090765287091,3.741164813435256,0
9.883595728459046,8.280095161916403,1.0384470044951943,1
1.3824400117908309,2.7757821903688296,9.998167945318876,0
9.40518365682328,5.823365113682804,8.56400890682832,1
2.394250505784851,3.0783604768223793,5.833140805883751,0
3.353464201774683,8.564942148613978,6.35074459178277,1
0.2581421625411151,1.4643362898050516,1.3415854279651385,0
9.209821968137504,9.198664615663402,1.196528611366744,1
4.354801062779597,2.0785949556156877,1.436795736055917,0
3.708431248290256,9.800202070489247,3.8036087575005526,1
3.3901538454647087,1.6138565501074098,1.1515266500216659,0
8.393689306807621,4.712457657507797,4.713457453085047,1
3.3823113069631217,5.3800698299892264,1.9050875624633767,0
8.910629511171068,3.2882297374103473,6.438131066096645,1
1.4883078964158047,5.591131918956896,7.540174185928585,0
5.03845683703982,9.320233198720732,4.7185237867969585,1
0.6463978497766931,7.711623953705572,6.967134257341452,0
1.939210207205988,7.442030845892129,9.191097318529,1
7.515597227918941,0.09261236438359632,7.081426256947603,0
6.000743133309948,5.21743226796831,9.158465294858196,1
0.9733153378938075,5.950395300531142,5.583670525262833,0
9.978210075093019,9.1499388657075,1.6353250095809746,1
1.532725061718918,5.361829598219739,3.628931134135284,0
5.754023437079346,4.826172447723329,1.0241605323778569,1
0.012505750904563406,2.31608518072549,9.616120452272591,0
0.8902696044545955,9.914624441570133,8.241526762112112,1
0.47320190373187576,2.968979678996945,6.468925661224486,0
6.229815792631407,5.0046191127004755,2.2319855120640995,1
4.332089767378701,2.5491798185735104,0.5919730098466869,0
8.811359787050039,4.778269870522256,9.60819091248159,1
2.2037185414852853,5.6959491069817485,9.603896937105196,0
5.024038293112243,4.5061928315958415,7.722904230549171,1
1.2370971745016268,5.043651666024806,6.90128455198051,0
4.662636939625877,9.82915368475139,7.114634023822907,1
6.03335806133669,0.8677739143409136,6.9907772265549015,0
9.17521270491455,9.232391823569909,3.6834598425765765,1
1.3868460027140694,4.237237016649167,2.3877460126221584,0
5.348494035780387,5.2888518027034745,4.314199096918551,1
3.9440673868643805,4.891919114584997,0.05360996164058385,0
5.348055097908665,6.992373860408394,4.165483446713787,1
0.8856942867010731,1.9211133451079043,3.087136047615233,0
8.131629573560508,5.1124783487297885,4.302152511644507,1
2.892183587715329,5.945156435554207,7.338406566077921,0
6.350884102912775,4.695100104037669,2.424340286169393,1
2.1378729760881656,3.9572566799805706,8.826165805860857,0
8.198680368547015,1.309956632655419,7.684239255927997,1
3.7771732958526814,4.0345327464415535,8.259676925504763,0
6.443741975109976,9.81564799964097,3.939445305630611,1
0.4658624632533115,6.773599648927874,9.221274312026784,0
7.848231475701766,2.1782978255449237,7.474118891592006,1
3.142079322765733,3.4055261459560047,9.00775736416509,0
7.137531220695763,8.16980796176345,2.7018092025214435,1
1.5544895894609567,0.5102604385587317,5.2707994159410525,0
4.376474139835752,8.866994613398735,7.509797358880688,1
2.9851880420062002,4.582910177195644,1.21911612534084,0
7.29195469454588,1.7968111783554275,1.011866227453554,1
5.452060032258985,2.304375217099249,8.1945187158333,0
6.976037017091201,7.269700222939443,0.5671942724057355,1
5.886239314771879,0.2440609824327844,2.235802110718769,0
8.332646205350995,9.900696776184272,7.7190640482619175,1
3.9095012411258265,1.4108650464213068,0.5493495891308009,0
9.256895055338198,4.723730919951362,0.2457564905282883,1
2.76058328578638,1.840822036485702,2.5779370399022272,0
3.636369315822392,6.759867758482576,6.404099581231833,1
6.2274999131078745,1.7352222256250793,0.6853523281952456,0
8.50724222772117,3.347345725069265,0.4618929530854132,1
1.331575410085467,4.9539057282483165,0.5669233893470382,0
4.686256699522021,5.135298062259498,7.923687722588561,1
0.0900491926502267,1.8810681267464524,7.569121392088767,0
5.993467135297542,5.046320259845743,1.535471975951399,1
4.629672599636139,2.2233238958551214,2.6742592986831393,0
5.701073278158368,7.610391681596108,9.092746324047612,1
0.7384698185639904,6.381836081507382,4.564925885618533,0
2.3413861954001725,9.525391512729108,4.303475188395956,1
0.8234759968370886,5.624970937245648,3.840412246505349,0
9.76899740527569,1.9480777722572185,6.868572280885559,1
4.38740356943669,1.8184611681962792,0.49188106560423606,0
5.320321288043926,4.651463909877811,1.8887082407605205,1
6.940700252652723,0.34964521455384645,6.065323278431936,0
3.477566768176479,5.642573428191407,6.052605872645122,1
1.9112390703477866,0.5854766468097228,4.3681051738798455,0
8.244117245509774,4.4750935893847625,1.172328676986738,1
3.8027640473462165,0.8025890864258711,7.992423788512774,0
8.411554854198776,3.347738273269428,4.856162857674629,1
5.420060234567627,2.0179066241737367,4.17541207580133,0
1.3858200982390179,8.42422431144014,0.3208219493992648,1
2.004808030470886,6.827069009667456,8.285630854103315,0
1.456266302605963,7.666786893753485,0.6222086982480546,1
3.553588886976753,5.375419434499084,9.19726916807645,0
3.174252619439617,9.978097483205076,0.7567631776012007,1
1.9986692545877016,5.474600456661573,2.515249044161323,0
9.528418487671518,8.658155003002689,4.035814212716737,1
7.599892292666387,0.4389601843828972,8.826511339150615,0
6.136415560892843,9.928136234505182,5.249561980189168,1
3.178202744795243,0.3924623605616562,6.851053283630226,0
0.8493506591451927,9.350691044219035,8.106883756813643,1
6.591428673161,2.1876192179018252,8.177915458082198,0
7.596094384901045,5.608286760757206,6.874331924050515,1
6.52737997974509,1.55863642455641,5.704412772588492,0
7.729272230493358,7.017384494943978,4.084368725127617,1
2.942663480338693,2.921331855871826,3.383290940760576,0
8.24302784774295,8.3305031318575,5.0592786928743285,1
1.0892593608221934,2.0980009456562065,2.5617279437526532,0
5.441461908345525,7.231686275093619,9.604909985431838,1
2.4593774895354503,5.071540209731605,3.6067252011152986,0
5.245235111588848,9.576550755239012,4.754625409722076,1
3.6568071328155947,4.035554552029115,5.667908187308475,0
8.993819451960313,3.170532619442392,5.93245651363257,1
3.5632451829001823,0.8878921209361001,8.545073652163705,0
2.8447511327338084,9.53461832588147,9.419057941023114,1
6.530270848162829,2.0085046401239093,0.9036305278858803,0
4.640794764446924,8.326232093625217,2.8270013953757944,1
0.7699636213996852,5.281612775236147,5.8944985482719625,0
9.865481844170073,5.807386782377407,2.6206652948908324,1
0.4502931290656931,5.3629726809093,1.1237363040977233,0
5.754933003841974,4.825709496443573,8.310189639210542,1
1.9782298551213118,0.2023637640018272,5.737881806375346,0
4.406811494497651,8.642544592649852,2.558417084282283,1
5.563396200516793,2.237164561356849,8.229533619812962,0
4.871908955178571,7.307071381299463,8.941458528511586,1
2.5207004510002227,4.207615596164365,3.7282796792871062,0
7.694498183696461,8.313040158570683,7.32719437170733,1
3.2329792547501537,4.863400136764793,9.697836156085017,0
3.386079110953478,8.436910934821146,2.091262336131867,1
1.4800987621964645,4.203172305588392,3.9834527250785823,0
7.470385114406866,3.056670730068327,7.304413972218192,1
0.7808318118558921,6.759029888764943,3.4995641138328146,0
6.847548217124081,7.519866007903727,0.7706486935200185,1
2.159593758360624,0.4935496731203515,8.481930034074116,0
2.3613113706897506,8.588702404474798,1.7321614942311658,1
0.0698195868721263,8.533056410250298,1.5233383269828238,0
1.080943762595683,9.357755490669094,0.8416163175663272,1
3.092496006921329,3.3532309643176395,5.977936690664677,0
5.361333339130466,8.42790429212238,5.285123515030814,1
0.373435483858231,2.964549337455474,0.6287043449375529,0
8.941338279557602,0.7628045882742307,0.9395024946113839,1
4.648617752151388,0.6780411375988804,0.4439381704259937,0
0.6780691659725557,9.651530298910274,7.015183688901745,1
0.4612371198101317,8.262443144544191,6.312392726977879,0
8.769057097132759,1.9890586673050403,9.240294260395668,1
4.71291645983496,2.5861871231484255,5.1522068512204156,0
8.422172535321108,4.351093330859143,5.835462932386726,1
2.8952986752405128,0.09879126519694026,3.347038185614003,0
2.045262408128937,7.190232390468815,7.103026478003509,1
2.443432717756586,5.154085124204308,9.850425335076139,0
5.009159718157552,4.277506021913875,6.022838235424032,1
0.8671150249998616,6.3804153850138405,5.722555374939791,0
8.656198534631525,8.078373242252027,7.379773281064562,1
6.8430151052919115,1.9119465997378216,5.844396538350873,0
9.033066052378828,0.7503608465602518,0.797351964088262,1
0.879080178282371,5.454899933142604,2.9818716801743808,0
9.04088976431627,5.274381638083211,6.319072567222381,1
4.128969432246404,4.04013624643121,9.955623112332594,0
9.293817492002503,5.839413870814689,1.4829916683475497,1
2.6495375199611315,1.1756385297423633,7.266513643020744,0
6.395922189200865,2.808986269251168,1.098380699437621,1
3.4773645630367933,1.516330813441682,9.743928862416638,0
8.181977145511915,6.601521211221373,0.2227097501733999,1
2.4777506397668447,4.550238357200729,3.2705936879561817,0
9.54662751041637,9.180547898717107,5.182640716422442,1
0.46175243539833155,2.8069456718443018,8.818008607019511,0
5.671604865305273,3.348260301029151,1.139390662970714,1
2.601618258575449,2.1339833241540864,7.529780345766982,0
4.493484186876432,6.460755735901987,3.760694560912583,1
3.7790697970210685,0.08082157409091573,3.7401782645058512,0
8.222394335918157,7.982425289142453,0.5161862789562044,1
0.2900961820742498,0.0940409957804278,5.67177612349155,0
7.099721106259756,9.293705886896038,8.464428085825697,1
2.4160310644792538,0.4932946467989807,5.7078619387632346,0
5.117536488832882,4.48076696352023,6.071576220079262,1
0.627965148439219,1.9115191017580713,4.566021397648152,0
4.418858910885417,4.624038806109264,6.483812519804847,1
3.7813182058827834,4.66302471695484,2.6722991102257057,0
3.991602583084186,8.393377819515113,7.367870161885342,1
5.863087012717316,2.491123265166425,9.297782024330235,0
7.056050726114042,7.767917132626839,9.082987624959125,1
4.510880581643841,2.773234771363869,3.486933548922088,0
3.108049370718049,8.734671750739928,3.0996636055448,1
0.7761764676314953,2.1016272368751165,6.181773924905761,0
5.676128916463275,4.335567552761246,0.3718135000032885,1
5.282055187850792,0.18155262677181372,8.377293123576274,0
8.589277343175702,2.6104844136262706,8.697878102260516,1
3.354986986362908,1.707083191451133,3.293305204608703,0
5.837610697575096,8.255850819160402,8.893928658604768,1
5.529835695579509,0.024215136614796906,4.983829644304588,0
5.05491393001568,4.968222238885338,8.900837631948972,1
0.19673889024044433,1.551378969857452,0.9788901290231067,0
6.640252039903446,2.5284407923453243,0.5144358886934708,1
3.9557511908789778,2.858574941716058,2.9449635030303236,0
1.0528352030742194,8.83675362487232,3.291152349778751,1
2.306349005388091,4.3416082685322905,7.610393566618145,0
7.50096596477313,2.369880342639866,0.017399030414269046,1
0.28708757207227764,0.7222130587268882,2.789338233324962,0
8.911232626748923,4.903131775101599,0.5900658672033865,1
1.0282856527863637,3.677009966159069,0.632849381218068,0
5.369799630037281,9.02017501981899,9.885820407155201,1
3.376865288224228,0.5566573591759483,2.666117698157132,0
8.091473343451032,9.544095254729228,6.934042329561465,1
0.0687371746089116,6.724885720982084,0.5078403864967962,0
7.843216609019788,4.714122307787219,9.333992487086606,1
1.0568184715851037,4.705700588745412,1.6051301182202793,0
1.8975087045250483,7.13489146359969,8.637911248540393,1
0.7188660398463542,1.69394550475517,8.15015248189226,0
7.552542989869531,2.7009546987063637,4.451522726581986,1
6.470092120016106,0.9187979603845542,0.5716847688857907,0
2.75745892472425,9.231650594324698,1.0604007136843763,1
0.2756121752667895,6.881395706059841,5.705983530241065,0
1.5219461165000603,9.331488517359778,1.221593914371688,1
2.135224845605397,1.606906592323012,5.668928931715026,0
7.2602818219098,5.798345714403022,3.353574764597176,1
0.1236294438735519,2.6973276815929212,4.412055213465904,0
8.316479615280228,6.021599218668969,7.093346179815718,1
0.8272691420443434,2.608213571899393,4.854886089779412,0
9.053088578911094,2.1495475639385795,5.082875256918697,1
5.225990528920868,1.6549543926716737,1.843463150923793,0
9.807789772658445,7.394960675496534,0.24084036417866383,1
2.5054890693280796,6.095761038512924,8.727677844171724,0
3.656514044475342,5.560201748677578,8.440425479791228,1
0.4524016655266383,0.24511295155192014,1.583863184557135,0
3.7185264720297106,6.187391404959327,0.8653434359584466,1
0.09032329359842217,7.924255359361153,3.440090523647995,0
2.9669648183684982,9.32411766438617,9.095245977260111,1
3.170980525692385,5.185274883028922,3.7507983940049847,0
4.197189062845876,8.627647290952444,8.44603115266506,1
3.22682441414057,4.746794760520697,5.443321333557829,0
9.417536986851038,9.650127937145182,2.3234840898475384,1
4.4779843558255115,3.3282416353626596,6.551360268239966,0
9.750198887333392,5.656718753872912,1.1383348280359562,1
2.059249638112255,5.751979766702398,4.185568827346264,0
9.883616495018899,5.546098548161784,4.29751894094696,1
2.6299796446494073,5.835672980895492,6.219241431070123,0
5.237566490581177,7.950389698734056,5.969626541381472,1
4.442261943652999,1.2690758459638052,4.233909078547697,0
4.860868632189963,4.188372559851075,9.616480094993623,1
3.416872149110741,1.6890935623525927,1.0653112403497678,0
1.7183884694941975,8.40688227976732,6.027960222298031,1
5.2583501960021275,0.03641348098868513,9.168944236501353,0
9.173095803224172,2.9472198794511364,5.063299448584498,1
2.620407136855376,3.2013554788498677,7.161727769692062,0
9.441136752407157,9.511262306072771,3.86170930548974,1
3.5549658753803204,1.8232869657794148,1.5312576379067444,0
7.128254016427365,2.3698531399542744,0.6429319132239986,1
0.6836443355548116,7.611425788852512,1.8712581157822006,0
9.88192506312646,4.906367236341868,9.930462517811959,1
1.253401213193106,0.39908243689736334,9.50999003716022,0
0.014788321056481424,9.117828845446823,4.647059394278474,1
1.0366235173598626,1.851230881311956,1.9318939524900158,0
7.825037757076128,4.406338349716753,0.5401718415593482,1
3.4139475580076653,1.8601273658528394,1.4692996334045172,0
5.644456504395151,6.75182844927302,8.64597894171227,1
4.824924801982128,3.903041001853923,1.3810018820927727,0
6.539066904784051,5.811536929682171,0.13187514249579757,1
2.66700763870484,0.9246022787075048,2.0607981671703532,0
7.103651536355374,3.2921248883761667,1.7748378738922188,1
6.182642800414784,2.3694369875681884,5.756006424057536,0
7.81033217807183,7.521144495786444,5.2446578393060665,1
6.400836133265808,1.1432676380382012,0.8626673926938111,0
7.149073738637411,4.997238294683309,7.117070886044445,1
3.3952537950884065,2.9647854156713183,1.6071473829302974,0
7.496538381508745,1.590962586993101,8.092221923191442,1
3.15622179704107,5.395120423960385,7.181750537564823,0
7.0644507595322725,2.289503513003446,2.507145360785761,1
7.411983539285956,1.1866388104551906,8.427650436420391,0
5.750757059799194,8.176186338698095,9.335672951193736,1
1.9092670678741863,2.1757686022495504,5.938090054929067,0
5.770044180809446,6.80375930993343,3.003263307731646,1
2.274354600740872,5.567130147625708,5.706048270241278,0
8.7979373700403,0.6510630866714184,0.5468360320362031,1
6.10574176805229,2.660749181394527,3.9566501693518266,0
6.33358016127384,3.6824596047417266,9.650157222316155,1
1.911481324804063,0.40903774496788836,0.5343489182351435,0
7.77497253245366,6.9397372843487855,1.7605418193500877,1
3.4108152050728346,0.3921598662230541,1.3294999115652362,0
7.635704806261556,1.7119216412531735,4.617558989289012,1
8.892558433345716,0.01826130556247252,8.365230697030798,0
7.854825136510735,4.066164931316589,1.5165210187307931,1
0.596214476296143,5.565539567652692,5.249096347104214,0
8.732731265928045,2.471139473049245,8.082508927208229,1
4.864333418790777,2.0843038957237936,1.554013102750632,0
9.435011615123223,4.59453479527273,0.5244247420829362,1
3.3690874860801667,2.996388193890719,9.045763717692457,0
5.020000112606617,9.803167980269142,7.531413486954727,1
5.9192936464756505,1.7682578531954252,5.716979552433823,0
5.491890313927655,6.098714644045998,0.2623142628567299,1
4.6421029012420245,1.7377702076231583,8.278164225927323,0
9.457695738778236,0.5261270373113436,7.335819109239053,1
5.41378468003183,2.524888217148644,2.2412992783444485,0
4.700390737743524,9.63218741055528,1.0380146272606061,1
3.35885981424536,2.9210388352049756,2.653625306994385,0
7.004393548620453,9.347461341773583,8.473105711170977,1
5.80827639862734,0.9529566297663983,7.686795311043801,0
9.222661217052817,7.279997371692101,6.122158918326139,1
6.5398466864932105,2.0697251326809605,8.264982049542416,0
7.563581472347264,7.523917121293975,5.6994208939049535,1
4.816227722338521,3.7583478182156735,8.134759997978552,0
4.984783152517548,7.867353203900944,5.936828105291557,1
3.0136326658992294,2.908594222589805,3.497990153077253,0
5.882450587497402,7.63436052235809,0.6876456914335471,1
1.6851241821455831,4.09731277242704,4.040339617051055,0
6.216281126782379,3.6089745015230736,0.1190793974781712,1
4.164610404664778,4.235542028569883,3.6724963463279368,0
4.818061888175818,8.399204516516118,1.760366013262824,1
1.711583470363659,6.981582571476186,3.5135351335166467,0
9.355829239264725,1.0123743820520636,2.0025445553296595,1
0.09219328058432508,2.4357285727037237,3.2631039312030232,0
5.13160408979858,8.009529228737817,6.6125375323041595,1
7.097467706221044,1.6455008924892023,2.2544862759798736,0
4.960704440454803,8.28445950026542,5.954885700898337,1
1.4378192923636635,4.5553179008830424,2.5379508695199116,0
9.759160193078124,3.709464680742359,7.050049012332411,1
3.2988934867608224,5.6462368235532985,4.995445142039684,0
8.25831882885931,6.779146941580176,7.791322996938508,1
5.803166072079523,2.0289879960561152,5.079359235063913,0
3.1006479792420985,9.474774161310147,2.6752894232108773,1
0.6376887464313674,3.6129972837192637,6.075717277921653,0
7.968245923400607,8.10415137181596,8.289316384083051,1
0.7340315420916665,5.590447769598754,4.267791619528968,0
4.5269966017539245,7.338485428176698,0.8503873345249724,1
2.1636098388011105,4.354659426715532,0.8867565659475307,0
6.893494685386078,2.1916253845568,3.707258415392883,1
3.1239905715814373,2.4526583229738086,7.31930829387344,0
6.973428840729613,7.592110066968994,4.142817303370081,1
0.4245876998757525,6.46547505836706,2.949680243144386,0
4.663060873977113,6.132550133355368,0.21650030716352187,1
1.9047120597572442,4.211658221792809,0.10835546241837801,0
9.694861486164568,8.989615457848014,9.323833737751633,1
2.564352588908428,3.8383972061285765,1.1518130000244486,0
9.199714469279703,6.700377216224947,1.0983922045337469,1
0.30509814752692654,4.853141677991921,2.305303151834953,0
4.6872140052352815,7.112249989514719,1.8303779642236373,1
1.1606481505135702,7.203127651343487,2.082417237653036,0
9.57172006264979,8.854593079076984,9.386334464734613,1
4.668517274879548,3.834172709461562,6.361975457437664,0
9.546271229145287,1.8836087039737848,5.071583845747551,1
3.026090163884969,0.4276175932662085,1.8647135472722909,0
9.019478699563248,6.516637315618915,9.10440485809604,1
6.770112043555291,1.2317155678933145,7.039243822665499,0
8.944236559955977,5.876056037395152,9.646162011060026,1
2.546809886905063,5.255311411855908,2.090686060575382,0
9.72929361984556,3.8349620819917196,7.604823104067013,1
0.8990466001009378,0.338723044214172,6.777911015853622,0
7.545021382353228,2.8139706696974787,0.5993208591846599,1
4.380799521516701,3.9713683396380306,1.5576846950572532,0
2.599774872367142,7.958244415923687,8.329803746304592,1
0.675521087733143,5.078104088452379,8.821240274646755,0
8.715792727579975,7.839133646115124,8.752611136561653,1
3.3266747528850695,2.3836385102911573,5.818724627258028,0
9.727677095828842,6.803172120908618,2.503741317954813,1
0.42472589536304395,3.539593522601645,9.603256228215756,0
8.453076335062645,3.0012603100024027,2.2434660184982924,1
2.404967894006016,4.736219264059416,5.785196388212811,0
9.424107670496026,8.05910385958476,9.631322637981146,1
1.2589864506895199,1.2652139988130306,2.929046073593163,0
7.028789747822403,4.961247529831134,4.84412119533331,1
3.7239709218280748,4.002949929163734,2.516239773884663,0
7.33782014216565,9.019661861596884,2.3836179230320385,1
1.924025465696455,6.7543351179884805,7.4944446028830844,0
8.895067667325874,5.477698481523971,6.782658115337706,1
5.323075295014888,2.4809952384762344,1.7377486921363072,0
9.572954778924196,2.737490161846954,3.3012357236938126,1
2.048414419411013,1.692604530435442,6.982495425726337,0
8.64336908702768,2.538569031424849,5.333349000332353,1
1.8854234890941202,0.43449400147844597,9.272119610199937,0
1.1021130675226576,8.987629824347165,3.105376450257941,1
1.573843424488529,2.196123547874241,4.462650599307708,0
6.512949532674436,5.775625899356312,3.820748952518751,1
1.4934422107720569,4.392552384494222,5.9283134914998215,0
6.465759469911456,7.100136758083389,1.2009227387661237,1
0.0807184872061395,5.706098070649464,2.20278896367733,0
8.716896517566207,1.160928491212706,7.240997865739188,1
3.568788073776963,0.6416655948454719,8.990922500747619,0
3.6736552999600827,9.224622882357124,1.1140240974837257,1
3.6637847248724755,3.12678159833378,7.532789281632769,0
2.1417026368096135,9.267886931820778,3.273346407529613,1
7.570695374974279,0.04762602783208392,0.7818463134065368,0
5.273395830888412,8.57423648532928,3.993061867764538,1
7.548629080891912,0.7161428841399031,8.047596968158361,0
4.713589516050424,9.401024845365672,8.061959686426128,1
6.965568351476912,0.5079814658534443,6.998890188656715,0
9.959688930628769,4.6579630177818085,5.481438736400209,1
2.928558096003937,0.10557846530042436,7.195017936059756,0
5.746599502568728,4.890840924290317,5.142163780856556,1
1.5031665717432252,1.5299648420868628,6.331460887010384,0
7.266287304829952,4.639484517867052,2.368719906126767,1
7.350117884932708,1.6112803420785282,7.197630002011607,0
7.128893232739642,9.055359135048096,7.723670232300028,1
2.03829075908879,3.6690071825250414,2.43778624312844,0
7.382193719536547,5.230897514627804,9.072784986318688,1
0.5701000962245095,6.021548232312652,4.391830016741514,0
0.4933720421511556,8.718564205787212,2.6345178936710942,1
7.154784078391599,0.27167736922169117,3.4564664961473968,0
2.673704622686647,7.657632197991489,5.648242223293105,1
3.7106853447331045,5.163227318649134,6.783327716722015,0
1.2615158394164194,9.646117999011663,9.448163089680579,1
7.327422040482157,1.3725226691248094,0.7591779555287137,0
7.551765563688045,3.528777205225051,9.779981795136145,1
1.2108257010247614,7.146363622812569,4.805370288613683,0
4.452338365541758,4.688479802672973,4.884271663765651,1
3.693802150055774,0.3554869045710851,1.8279415794803133,0
1.263902016202516,9.456596918019546,3.811280766408034,1
1.2190807410268734,2.0654026651998683,2.5406261009550635,0
2.9919135350842616,7.786693553998799,7.089591664088242,1
3.029728108697205,4.959643044927262,2.861695744007541,0
9.2146740878109,1.0780869089930223,1.7423071548586522,1
2.9385232764919933,0.11340080866503288,9.285165373301611,0
0.3919320075785293,9.132746508084185,2.3540912101660414,1
5.2038847990133235,2.750215916353105,1.8918382651308585,0
9.47507397188377,9.353503833583343,2.419480912948643,1
3.971471861771436,2.1391151399729202,8.886884001003445,0
8.732019993571605,1.3766483897446324,2.9806971537356173,1
3.121268452310172,2.0612130743689336,0.5971808970692116,0
5.8398917886799975,8.41105337642917,1.824433265037374,1
3.69274093621398,0.13503729566302525,6.524370041294999,0
7.507407447703414,5.113020025426199,9.124779364153587,1
1.3011082634132032,0.4789139776711382,5.905896756970773,0
6.969704629004083,3.8225484454016345,5.037891049677816,1
4.307650701433615,0.1336143105949683,5.380976067978022,0
9.928724462656385,9.36305344103842,4.248701098973047,1
7.05181734049368,0.8272911770004554,4.2840060143867795,0
9.053352783154976,3.5550681857784285,2.711272378248407,1
4.745123122124165,0.6211580384006965,4.647041017205693,0
6.462750347658531,5.245030605315808,8.281796650821951,1
6.1700400371844255,2.515207868470315,9.379934301429198,0
8.611924312357765,1.752741282375122,8.904983020463602,1
2.9925994259206288,3.4956154677367945,4.4843258413524545,0
9.630493606760925,8.070870922864295,2.1889344859790505,1
5.923764125372351,1.8735714944144943,0.8021372733371201,0
8.023511329346674,1.4752626222260345,7.698669431488425,1
3.645295839370133,2.511096950464047,6.930019589691867,0
6.03196585696316,4.63482409110731,4.618145157896036,1
2.2125976068509856,1.6459970154144832,7.989836784230353,0
9.7526177608402,4.416679735421559,3.3163854370851897,1
6.55663839179906,0.926166641289532,3.9286778186722726,0
6.287125973350237,3.891968765268885,2.2965518707539925,1
6.257938407831309,0.5820012361584892,9.053663881367273,0
4.942424908411459,7.16256369860366,3.2975687999887295,1
2.464451230862644,4.587976388402986,3.5988357711616548,0
3.8682646053653724,7.951977466008179,5.160590376347369,1
3.251098475042392,0.7437658124098967,1.9674824609882202,0
8.355495139195584,5.7919292320418645,0.590845984546321,1
5.332542620949393,0.9451092025373597,9.475774117939137,0
4.9350658143452355,7.309409145002479,0.8330614201009878,1
0.9845171298888955,1.5162057385475958,9.750629843195883,0
9.92645316610101,7.517334300495354,5.864517670590962,1
0.05156394833104705,4.909062739040938,6.259492662122625,0
5.946941702696087,9.750822456875314,5.199875152714016,1
1.7756955299050825,1.6217487607477987,1.2827466353763572,0
9.36041861186775,8.054805851412066,7.556281718375163,1
1.48605050431592,3.420227238383504,0.9836223150464607,0
3.9625101860256096,7.744568917555053,4.891739341434489,1
1.49702957841777,7.385021557714766,4.730162501367744,0
7.2295686775910815,5.476650338386683,0.38892270942936347,1
6.162235065490588,2.673676175060443,8.205197094024108,0
6.94134742552913,3.3623584636747603,3.1915316862415044,1
0.5564413792646006,5.232284910687143,4.3750073632134745,0
5.9076351584277695,9.907817028479858,5.399511324021064,1
3.0943010962842488,5.56078512460315,4.799694598620084,0
9.626285699010403,3.918023118545506,2.0956126759976987,1
7.2647190300084326,0.4102206257683183,7.096461955538217,0
7.965730206274224,3.929659689077406,8.487389963849113,1
2.124142790524748,4.965734340980483,3.1579598710403554,0
7.97310036836251,8.293524471016713,0.33858911894520616,1
2.8338207961885953,2.19341442130892,3.739459130149286,0
8.943746081991042,2.7651819831644664,7.896183426321817,1
1.8348430791375892,6.855264910866746,3.6920737268783776,0
5.2912110754933455,9.119414359603175,2.775447098162026,1
0.9530253428786717,4.437814568118058,4.226186415896994,0
7.479800823405825,1.7897332797920051,4.674485906695779,1
0.5067216358387505,2.3128555759194738,7.391083108238412,0
0.2758757303506387,9.614937449231997,9.988041865830454,1
0.5048220753479571,7.27458936790486,9.417129927735337,0
5.6837413913555075,7.612161687718256,4.917764539458056,1
3.6786310223182483,1.841507589079695,9.118235974928275,0
7.645032084241148,9.095757117989578,1.8893410230415175,1
4.159263324391712,1.8783720846595642,0.9613168402574546,0
7.428744620964073,8.191991853997107,0.8726109147038563,1
4.7149639036724285,4.2108432980390775,9.67793241876514,0
7.4787384596891515,2.464997770169728,8.776472954719573,1
4.278376062405133,2.130463808418488,8.830274234603364,0
8.597004234658245,6.044537885860213,0.12860859983616524,1
3.1185764183211226,4.886257462125066,8.329469692572161,0
4.09435307640819,5.796461532933783,6.9833477223826534,1
3.8606333260026036,0.7626568111446674,5.09498157799608,0
7.232985871622361,9.655560633269546,1.3359882219620012,1
0.35193917292340227,3.836811049619282,1.2758901168706704,0
6.295398855788802,4.6829706678448515,7.111108746357751,1
6.5285087665969,1.294877559319445,3.0553182345979235,0
8.122359302789325,4.678448211314934,8.177663282278456,1
0.2911365097510976,6.165544211632588,1.426274697362867,0
8.104888003349332,1.7404094942422677,8.17081450760217,1
0.6090488316518483,0.2656429603258925,8.099223754162745,0
2.5955959128734998,7.252311208914235,6.648341816888532,1
8.2265432365935,0.5727904157086816,3.451489598500678,0
5.776732681019183,4.958570766084404,3.11556037215144,1
3.159437675390028,1.458390997223027,2.056233531275594,0
8.710922906169676,9.045289897874847,7.202232962357996,1
4.086701899339978,0.6572161694316869,5.944066016698827,0
2.463058132253444,8.983068186643678,2.439401667672075,1
0.7623475623557463,6.171185909583118,5.570790678317897,0
9.93811617903573,9.126906587432481,9.183095307924917,1
0.12148888662592228,2.9220860221496725,2.5933001409581378,0
6.114703470271241,4.231140466973649,0.9607456522008806,1
1.9281976680968016,4.0559658147027235,1.704286127482736,0
3.7898735602365683,5.55636845564953,2.178272010741801,1
2.8347107175064865,2.1172216409258082,9.410236969185096,0
1.1051269655402007,9.522001618375114,2.720586583869048,1
4.938578329948026,2.338150245154976,6.483614151498433,0
0.8036201187443992,8.421554567047586,4.310772180007109,1
4.098492444564474,0.9428897861650831,6.807030598234131,0
7.278059190727806,4.3725189419603545,9.577235540504628,1
5.790733572916588,0.7141528797429197,0.637572254173373,0
8.488224476126048,2.4844191778557576,4.873821204517064,1
4.914331217598039,0.6008182688000352,6.557693195953409,0
9.035465261411883,6.538990562306179,4.836439504248013,1
1.9688930298063556,1.9385948884183146,0.8089419361044714,0
8.50364216359804,9.295205051982757,7.096679591214453,1
0.27048705760446823,6.070072231083202,1.8597050845901097,0
6.1107545983702805,7.683005451064768,1.4528251219642363,1
3.518616980301589,3.3080214322016888,5.57091266542715,0
9.006928092142841,7.560638463432446,7.109924605217163,1
1.387678505307307,2.943615582326218,0.9513738093817292,0
7.847604260905975,7.662791287697863,1.7434087614512694,1
3.575649074221979,5.412279203627643,1.9311819070843717,0
7.581729302375802,2.3237158948100225,3.8423394432595295,1
5.880520997456134,2.031706936740003,1.6988194399163348,0
8.665234928718975,5.101455959092604,3.520878914988279,1
0.7372788268427966,6.610346248126062,4.980793868199822,0
8.789767620348346,7.9890037656202715,6.76530431740953,1
2.253066811802845,1.9706353255909304,8.280869240828073,0
3.8069992279685563,6.902368582972755,7.304262370063245,1
1.9004483645371373,1.2699396897448012,9.377867344611396,0
6.993750395706224,7.044841133537634,5.2475376860191005,1
7.133989981964163,1.3502613930261342,7.898533531535418,0
1.7509030903627298,8.103871737273927,8.96897287486844,1
0.141442686480866,2.127612506568901,4.491198986010824,0
1.8563156701884065,8.826640454707025,5.708862519044206,1
2.8644927975314083,3.0645577688512846,1.5401706843787955,0
8.190441790046355,3.0926124169694025,7.266000117579684,1
3.13327150778563,4.980506478680429,6.005041122174067,0
5.3062736563924044,9.640663780031426,7.3322058686735305,1
5.182969733308463,3.7678523283918297,6.79901398096032,0
9.139152364817798,4.939329988338546,1.2307363746190048,1
2.2662840468941248,6.3867872563317585,6.494167287822904,0
1.9939681813247745,7.364921207796705,2.064875791471218,1
7.139838264772466,0.2660775089121059,9.439496278462892,0
4.4881697772488485,5.937966320882663,1.547721114461429,1
3.0156858229215766,2.824141451674004,5.075132566111316,0
1.467998109457036,8.651561148937013,0.8229765615039608,1
7.205423886489273,0.10670969943490038,4.570255110149074,0
2.488144467205956,8.868244690883149,4.543335696376434,1
5.6551508944182665,2.658936129331997,2.962852158231424,0
3.469144292697383,8.916158789848696,9.733499504375295,1
4.361715674238428,2.610962570088761,0.3700112869757599,0
0.817708083856098,9.375968092628819,8.804560763742943,1
0.7511391665780442,5.93388574972288,2.862592030023181,0
8.906484113650361,5.044098443440818,5.399241040674795,1
0.9179072328580962,6.379130013149776,8.338802983829632,0
8.864353509095382,2.0119151428891477,7.604440388162718,1
4.738918763287084,0.44099323097742005,4.987191310678068,0
7.60290364195352,3.4983293297809173,3.0915853547992036,1
1.6593008305361534,1.888834672583637,9.008736667861779,0
4.316578786934045,7.585128079591174,7.102419041846736,1
1.3172345885085668,5.5909232761260785,6.716176688038597,0
4.382321935516231,7.404434466316835,8.176304857648265,1
6.696686850192304,0.848482758145237,0.24465481809335277,0
6.6178921816528105,8.514139722325107,0.8802237080992403,1
2.3677312711911656,4.438582967309971,0.09904249880479887,0
9.39402524849896,8.142903014566924,9.649857400602645,1
1.390866172237022,2.234513016757763,8.783261830534752,0
6.999442273617617,7.928472846304909,9.71735081915344,1
0.2872846623208869,1.7951540940282518,7.616530235576211,0
9.055892093122592,7.014241934642291,8.050114765596234,1
1.4583125032491617,2.9706854429000207,9.792819835462163,0
9.231505115935105,0.9301775326816175,0.17687440815097544,1
0.37051582151506945,5.983364252835051,3.0616101378772864,0
2.237452634621293,8.08042860687997,3.9652949305531084,1
5.849239447591601,1.4105215889337974,3.1834376578761936,0
4.939915478101671,6.544448065092437,6.2131549859578445,1
7.623508137364948,0.8948835082768947,4.431886486047275,0
1.9315095347437539,9.304200627015868,4.005602278555735,1
2.459992184588531,5.9641807474151936,5.195967862709047,0
8.094942395955032,4.964377221330612,0.46880346552559016,1
1.0339881697656172,0.37655284378472653,1.701263508235078,0
5.085173110868077,6.908626497390086,1.997022629283558,1
4.9486283590684685,4.04511748143009,9.602543818655061,0
3.4330098097360287,9.130587607555592,4.074649768751721,1
5.366456751963988,0.5779566716954654,7.167023276125768,0
7.586412529835771,8.938371700774493,2.022470334650622,1
3.5746871467479737,1.5397849187013768,7.9903472721289805,0
7.645472250176794,7.369893744540751,4.074622146141685,1
0.4175377447260298,0.6586890506414123,5.127089652840372,0
7.621406294160576,4.924743111574431,5.107787029086612,1
4.1214864538234846,1.1454714973793634,6.720979655421351,0
6.909619024333794,3.545014506968819,3.6804800777645497,1
4.512597631661048,0.012138043871752213,4.456649325729723,0
5.793508611645403,4.0818236772475025,5.055573257326332,1
6.9072576282748255,0.8821839929593955,2.2093563912250103,0
5.641308422646576,5.50199120737272,2.770934335654547,1
2.8125649701361946,3.0346334361279825,1.2133613788902786,0
4.826681978852854,7.605087336549739,5.328031682875926,1
2.7036164783831973,5.892202030122055,7.1348392951064765,0
9.234054005932803,6.063571759720258,2.1040216851336178,1
1.2748048462260253,7.044229880760655,4.07646872544038,0
5.058644463109659,8.536888716699337,8.298969653011772,1
0.582051558902994,2.1622511768113837,6.338175125464116,0
8.868683917682269,7.177685908339249,2.0364140505207526,1
4.425897980631053,0.3629425089661886,5.842676787434135,0
8.735470265254794,9.627746365165116,3.319406698329143,1
1.3594077426744966,6.2119755525911255,5.956989661587367,0
8.10237099729888,3.4276769953113098,8.553261431001665,1
0.5966536601510175,6.404676901604387,6.987153565745299,0
7.652470626295117,1.4518295112804092,4.422837587305929,1
0.3902848441519491,2.6841532210086196,6.785852480822056,0
7.869093007233313,9.823841760685522,7.762126735979331,1
1.886461354393344,2.381376212156836,3.03987484863262,0
7.123987062397735,2.4314104735369755,9.668263653118865,1
2.7791434224859546,1.879040643002473,5.852705283466949,0
3.1659071706708475,9.773550921384405,6.973031819193157,1
1.4025197634882736,4.094582286129528,3.5403142907915286,0
9.92257408561797,7.455760587036359,9.635592270756636,1
1.9455057090205496,4.630909370772372,1.7904181347510562,0
7.790384032643091,6.020871999963341,8.3119974553724,1
2.654934826522254,2.257024856390768,9.936683472271666,0
4.884223634626782,7.206542282736046,3.728883860136234,1
4.326274861910302,2.306752120430228,8.012597043450068,0
4.48529242273337,9.303715740167709,6.4229611760482355,1
3.1357893618131962,3.767254552083789,9.810389131692217,0
4.300911154274509,6.155641513669758,8.93853042152113,1
0.11295827167671635,4.231513066677777,2.990866496634361,0
4.071560306725047,7.7344224124156735,6.8521520692205575,1
4.820141738734468,0.4221600347442922,0.4562544976745986,0
4.023386786244237,8.083272510115451,6.86137531669031,1
0.4285295998129146,3.4329029246168172,8.756989612841833,0
8.69581387008015,9.017176690659557,8.5786037594276,1
5.983271440770408,2.358853002038246,4.9094928383509675,0
4.999958755393257,6.022907672804547,9.68606100382344,1
1.8107568865424817,0.385145170177279,8.332158847688884,0
5.99585069259386,6.537024615202167,9.673310081004313,1
1.9416148111628395,1.8743392149034044,2.794958648040912,0
8.135769589816139,5.685017719670058,8.552532591363581,1
2.3916206177610286,1.2480030655483199,2.4381393302854635,0
8.846652163401185,4.8148295522911475,9.47066817053415,1
4.615628695777101,4.044301970370194,1.3091631347139043,0
9.079260449161644,4.839316057880398,2.244967511991093,1
0.4764727541150482,3.52223754074656,2.096453221678063,0
0.9803335451335138,8.76459457073879,6.317793431453291,1
4.288066558586361,2.8971050880745763,1.7602653473295171,0
4.7125902010337395,6.598521436696472,9.631372404774073,1
1.3068410216648152,0.6921980382712956,9.687347835653128,0
9.824324583960014,8.84813247983599,7.084176383677905,1
0.5982456493193078,7.331742318609393,7.1252707949506275,0
6.659237081830206,2.6884605359181393,2.312170241877338,1
2.4766714380194275,5.172833269326399,3.302673346882697,0
9.123607878900078,5.30067660172493,2.7587233862843066,1
5.522623847304434,1.5295871327710686,9.486332144001333,0
5.964079928967174,6.794650060346701,6.139711431707814,1
1.9235914337790216,1.8581001717666978,4.6236356954020845,0
8.553277298138484,4.690043847910569,6.943752263263187,1
3.2372760613393314,4.490500667632417,4.854619398236756,0
8.74061929987073,1.4260707967667385,7.14885597888966,1
3.0454283203962937,5.872666875546832,4.111532188669762,0
3.7674757260265554,7.874011924907776,3.3926818706380724,1
1.0745561183988706,5.978678674596972,7.3248927129842425,0
9.48539212340431,1.5033934122616888,9.674273577203712,1
4.05638667861829,2.0325014350419046,9.90688240806432,0
5.6747046921964595,3.4296510910723113,1.3043073427558538,1
5.590417053011569,0.8025523366362397,8.060381285340393,0
4.581028552992081,4.877649111525583,5.314580540500998,1
3.6767868252641245,3.881110105919702,8.912207134427781,0
9.20197922297263,7.180644593948376,1.9303584636500726,1
1.2045439195277696,6.376467895655421,4.973193809473527,0
7.009958728383692,9.79097443633896,2.042450275931783,1
0.8964424981960861,5.151527604443876,4.7819327407864805,0
8.608801400330025,5.696396215981418,9.59648504321039,1
5.666703629909545,3.172182890030121,1.016444230081005,0
8.999059342714352,5.492088886280485,3.8300984882504796,1
4.069596312251338,0.4170144320123348,9.15181433086796,0
3.299534537966059,9.266982936013688,4.9408850320990885,1
3.6938175042437296,1.2962231332195195,9.871019662133445,0
8.13008054093234,5.057775682291571,2.334735363720881,1
5.182945916435732,3.0246258847872842,0.3720251633685179,0
9.048736608961155,4.232602521706093,6.323804944381283,1
5.348959262714762,1.5730502971019067,4.059528818756647,0
7.635498537851854,9.052963994788934,9.809267649858107,1
2.927371337092639,4.68657555648501,7.612777965151734,0
5.342365827846632,6.150904106931514,2.4534760784520406,1
3.4633393242797714,2.549201784329982,2.205479604385224,0
8.177535841875587,1.274093614165811,4.3594325525135655,1
0.41480671612632136,2.1566352065710745,2.089101916463206,0
8.016691652233622,3.9962190005688223,8.568523272591893,1
4.021009135177945,0.8729272230351692,6.49825816678285,0
9.19379875632342,8.41215013772391,4.6684814627873275,1
2.879618095148926,6.083891023785623,6.801637931850452,0
6.820651214132642,6.227330410848419,1.3460879037283446,1
0.48754852867144205,1.777938262081148,3.388477525969331,0
6.0533404236536335,6.412151796970256,1.3251457444330017,1
5.0808336815007396,1.8174316355138742,9.781120644654875,0
8.22026709267966,4.634142599633448,9.51599616753375,1
5.45057039723809,0.9695539573625933,7.785891056655747,0
7.124248073173547,9.295164618474816,9.940391102939966,1
6.511234000450189,0.11387878076203561,5.285587998862783,0
5.777194291650084,7.435822157437074,9.897188622139604,1
0.964316105891484,2.041799112947986,1.1488456551987059,0
6.376133652526801,4.225534380734153,9.94635926921789,1
1.6754372203937073,0.4442010143288111,2.912036845107192,0
3.773954289286554,5.2550053011451725,3.669825651265758,1
2.5039102456953124,1.684308039856942,0.2617131000224482,0
4.217594797504471,5.73629115621801,8.305480347703385,1
4.143632392920597,4.72376810898591,0.8293350179333636,0
6.7303014893188395,5.590000105524569,5.040966689766963,1
0.1996205920258809,0.8082707923508192,4.591748808685462,0
9.843081560864015,3.300663882977397,8.733090706806939,1
6.30065186195755,0.013930355950697582,2.9493652929260805,0
5.455750356699761,9.649017705479713,4.161658113575536,1
2.6312696702052807,0.7230415596972684,8.87289085223236,0
8.955028469387189,3.6472412072872684,0.9981125869755159,1
1.4261326499174187,4.449294949986005,1.7777530807386122,0
8.059592936869585,8.88774413833298,7.724838401497237,1
4.5200504498201735,0.27924272664999417,6.795454305832925,0
3.4296033048259167,9.28416794931749,7.088474291867883,1
1.8015280964395575,5.314097760840015,7.577496944525937,0
7.41954850531184,1.8376333812648349,4.302336784531363,1
6.453342875690158,1.315001054791085,5.3030631777371635,0
7.94107886579011,1.0688930413663356,3.3547220023127733,1
0.19601881524161202,7.810304519941252,7.054994404762725,0
9.543310357146773,0.7217131647238029,0.9010197271223563,1
8.16186255347964,0.27684533220815544,8.825404282093102,0
6.899010201992083,2.2070414817435093,3.2713899276354352,1
4.385824382977139,2.573305954676824,3.31891167136983,0
6.8673296242336015,5.866249194233349,5.392990143730674,1
4.347827909393418,1.5951215914585393,5.6397285394358585,0
8.411529288595439,1.3992707185598374,1.3496331694149144,1
0.10748500709086728,2.8346919123588576,3.4213527642908446,0
6.700692996224449,8.253400854946143,7.732701396466703,1
0.33146536129541104,1.294365122542711,2.3976063521133506,0
8.590702304925607,4.966106402924114,5.772159229876996,1
8.125511329272474,0.5815336690746087,3.204044401661863,0
8.145931796407739,1.3478862369967348,5.0467729472224825,1
2.002959091171367,6.645583637849477,3.063327986283796,0
8.005562440462278,8.851259341962113,4.061483875435753,1
0.41463878123045195,8.568316052826436,4.624662253146995,0
2.0234461881082835,9.450184350767971,0.43809275768886824,1
4.014308482916626,2.8703262538789334,0.7927702313926088,0
5.990366555371809,3.6280053312018823,3.7776148407084156,1
4.020926446166487,4.142584155743055,1.7333410309281427,0
9.70925494320033,7.496196559186387,4.083436839468999,1
7.509778031960238,0.6677211790963244,7.1244631848315265,0
6.885114891998168,2.5859733973911068,5.3266230505209275,1
1.9429465071166507,1.9892802312620295,6.403591356980493,0
9.418272120898372,6.358852223226785,7.02199049989537,1
7.245357006635238,1.7517391623872358,6.3595062310044685,0
8.453846251460966,4.513213770648328,6.8618194768681935,1
1.757445577256973,0.3065027308995749,3.284196620526192,0
6.320486068356588,8.345667817470872,9.400621589597705,1
1.8402002078499746,2.161035779746252,7.370042799411771,0
9.195299010085392,6.571818349355947,9.03517899938933,1
0.8131888910832452,4.77525407039682,2.0520484720161978,0
8.973211690492288,4.69882001187841,9.484020299391586,1
0.5257544462427666,5.705598429316595,1.3293958591225907,0
1.874306063511001,7.436784424848636,3.787083453026645,1
2.916606836812905,3.474245150043511,5.724240312110611,0
1.9692500171375715,8.61067832903805,4.193050045818811,1
1.0616344237148323,1.2378147297849507,4.22357708836656,0
8.98972657764223,8.625587445663784,6.57087673445178,1
0.14816382852357535,0.28793778385367785,3.3287238112213,0
4.814840197044042,5.860353789220837,2.42166911396363,1
2.5108949822170876,5.428666525417341,5.3522597869183315,0
3.3049929181841553,8.392211983816619,1.551817669010197,1
0.9164872309142036,5.90061590968004,7.336580912774041,0
9.370983091971079,2.9411218211739456,6.79700134775056,1
5.7973067799362195,0.28557720627672034,2.873027174518384,0
7.365445445580673,7.757974375153543,2.729856064549975,1
2.908959109532123,4.617254814451817,9.103038688646286,0
7.350040514441211,3.884477918103685,0.4800290449237743,1
0.8512693280888872,0.0670728941707488,9.821111519010987,0
3.9362166653856145,8.131649001383662,3.032027291064373,1
0.8660887876198564,1.2233431773295156,2.8147015672813547,0
1.990448084964641,8.373845481551477,6.841370857469586,1
4.106673922761942,0.319699674276509,2.1209397842726774,0
8.125990172428386,9.625591848138317,7.408065963145688,1
6.3348392191779235,2.4042101205287834,1.5021902458027325,0
8.367273955187365,2.6561713889043137,0.3637665566211812,1
3.1164921042161375,2.0978036998532454,4.451708438822584,0
7.41574986719661,5.331288044768941,3.0735085600270073,1
5.436028560888724,3.1835604096488277,4.214986507198278,0
5.461296558719532,4.127694534197072,4.901198119878756,1
1.1579476999657912,6.365410895078068,3.539357769629473,0
7.543039606280262,5.044049667013802,0.1351044181465788,1
0.4830588321194895,2.868256838395147,5.360041268995012,0
9.939725699772486,4.828298144168194,0.23614213654365113,1
1.1163783795695503,5.2488165628063115,4.233314745053221,0
3.1731664711272534,8.629123622122743,0.09963633925287096,1
0.08452531693539655,3.062787761652369,1.9068171584917648,0
1.6587362185324928,9.871840087071519,9.088620530137515,1
2.158840356605812,2.6387316841363404,3.0466018055338107,0
2.8928017612608015,8.284495527131948,5.675149790273074,1
3.597098244221304,3.7622123164604506,4.950343210374664,0
8.044867254287773,7.598118078728861,9.96261604699101,1
0.16939921492020282,8.440915599540011,4.227645567541796,0
0.5502067369892816,9.6911906238261,5.52356909126882,1
1.067069645070603,3.7226263577550487,6.648102051565839,0
3.0617857781943183,8.480259073509927,8.88491911719011,1
2.5467645623768442,6.122474031945364,8.378455319022816,0
9.051134421721644,7.727109220248542,2.5545471692980435,1
0.6952517685277138,7.88666955693777,3.6078571856450994,0
8.737156521579584,2.4254106205654202,5.606827482454879,1
0.15298374324154373,5.905643183092357,6.58382315745709,0
4.257864126626357,7.769783447128974,1.9453424266849895,1
5.776103693501922,1.3051117030465487,5.241971835813006,0
8.261794976836912,4.889524478480966,2.2943990925266733,1
2.13850911317771,5.545807316250695,8.157146610010944,0
5.7651164061512805,4.945166889951009,0.5022939910992352,1
1.9788714982447309,0.270733078578812,3.2840593749048006,0
8.841541176286995,5.712668962640254,2.8411945339357727,1
4.574958411768889,1.1641894135953612,8.166641600859322,0
8.427910293841778,8.303690816247848,8.383014401684704,1
0.24862460082368698,7.8098335144409905,2.103017473688288,0
7.826563660613205,9.06935264378745,9.542322458658607,1
0.9166446084077806,1.6444617556882946,4.070732314978534,0
7.765797498814097,4.219694620840472,8.349795978805636,1
1.2578698107950836,1.664627220818955,8.865574337672374,0
0.22557786588147222,9.598101831663586,8.234689713304885,1
4.6514332911485035,3.401162129115648,4.646645773630393,0
9.091525843131196,0.5128281485480624,7.91881131075614,1
1.852161202472048,3.8215465287754693,5.571367464369462,0
8.61499489013999,5.912062055988753,5.660537096274779,1
1.7741684143102388,6.793408774403099,6.8287951954412565,0
8.76195498373947,6.079986875872722,8.460045773099235,1
3.62575988791252,3.3457254659888025,6.34648234988363,0
8.431871300225946,4.971924616982081,1.7906423181919395,1
3.470519473893783,0.46726529324062627,3.8274729056416934,0
7.0006384486688775,4.615257441946323,3.0056071284905927,1
1.8726270903349285,2.4508798604223117,6.968078524945604,0
3.5245052368470295,5.936013912108562,8.333024482259697,1
2.332371962293137,6.078414724789395,4.625747339833405,0
7.750306880900389,2.8723077994922583,7.111897848555575,1
7.484205246631036,0.06463699745405838,5.152966564386699,0
9.15682406160829,1.4911233861770146,5.935071285775866,1
0.4202896641520826,7.628702897460614,5.991686447656176,0
9.596330700717324,3.884157999796619,1.5728344557355944,1
0.5398552615200258,3.1771619504044493,0.16263210801225947,0
7.336295143425735,6.388509035699773,1.160403344767994,1
3.4757830150252933,2.6005701501655776,9.517967041384438,0
8.001763216621358,8.711518343559092,2.453804517428998,1
2.133473111454575,4.35921614353192,4.5408517860212605,0
2.162460116914857,9.265536095385388,4.848067884835792,1
5.260322507555996,0.8441843063835208,9.095119557585948,0
8.49837803707193,1.7572485288128603,5.211880637438117,1
1.4734146575806017,0.09425710191072523,4.0461976775835105,0
5.15263610585327,9.911726274590421,7.935564200337138,1
8.010006821357067,0.2791995048427953,0.2960050579237328,0
9.297865286676664,9.551051470895052,4.022482207399215,1
4.643052407789096,3.2569804784099188,5.123725681433017,0
4.406596280632016,9.03416321348764,5.436361689086697,1
6.301794919398934,1.1697883132844433,0.6281620782002939,0
8.747610351994952,4.0531737633373845,5.425170569389147,1
5.5464832237527615,2.6593242601536837,0.27607753224704545,0
5.691614823172836,8.345044361201237,2.6527498308575037,1
1.6134399407787026,0.9452311895294296,4.375153738038664,0
3.7992649652848876,6.672265106198791,1.2365274529240367,1
6.747487327249875,0.39769543663636164,3.8088805076548926,0
9.836294255361032,7.478590583563839,7.935293008309696,1
0.5494980338387001,6.705817436991856,6.784590199862147,0
9.814149538347355,6.194962512064224,5.501763555668573,1
3.7633517933763305,1.643563218729649,1.6457503504180881,0
2.744283646757457,8.57230469442637,6.87944611610126,1
2.2463802898953644,0.3720825430983521,7.13028476715416,0
7.255718610728329,8.920919380814336,5.116478043257363,1
2.457511964623027,5.582192699264431,7.6265064117590065,0
8.922740964097164,2.5583063561995747,0.207424283968487,1
2.246967862332899,4.286801003528358,0.9552957302621057,0
8.534835282976692,4.609072757492646,7.273014489531673,1
0.30350255096864065,7.038597904592744,7.577592211380186,0
5.656825353304643,9.33657801267484,4.548932320368371,1
0.419536820552584,1.6490623439035734,2.509984844063454,0
7.83060955488847,2.5006518615502116,2.541980303048054,1
2.0298299175226764,4.511844363711877,9.998196124552337,0
3.4144145275378945,5.916429881971331,8.249979941703373,1
4.673759678197459,3.1978764946704255,5.886547159876266,0
6.620590421536532,4.223583764840083,2.015512558241823,1
0.12666494304018117,7.93074900354407,1.3674590389832064,0
9.876299244624665,7.562132572739266,9.748425522034372,1
3.4062193235873206,5.231642659889517,0.777532133776494,0
5.180162561079749,7.381503087987329,9.914251546981962,1
1.9588724344386377,2.216786084366169,8.58947260119326,0
5.601766558318953,9.906949800916443,0.7143901911411432,1
6.9489950277083254,1.3600772923437043,3.06144367751687,0
3.7435686182461394,9.240117233636363,3.855901362205405,1
1.3543543941253966,5.041858009755722,2.9583987708061965,0
5.471693880439825,5.232354898599306,2.8077145249728765,1
7.651386413605525,1.051674299134343,9.4003154688455,0
8.750498835871698,7.106769380797321,4.500791122454755,1
4.474049871644156,3.0539307566426,0.9518673827224511,0
9.908870106646235,0.9970529330780631,5.319324624103789,1
1.3107337767399352,4.4731017357236915,0.860658170652695,0
7.461056134842091,1.6465070693697592,1.1516482465129363,1
2.215737931092918,0.709199450988669,6.673739154720742,0
4.497931501756143,9.660676183313342,2.942171052146114,1
3.237208418771541,4.550370740075743,0.3749930561208836,0
7.167296754855332,3.9146287859387243,2.103976893772923,1
2.1323951839156905,1.2909361290567,7.129341109761747,0
2.1067965333017256,8.880010925842372,1.9908171708580547,1
5.30543443299487,0.09233867606326274,7.0365369647368485,0
3.4618592510683364,9.870558581285646,5.425629491177897,1
1.3399292269860208,5.772674617989855,9.222694489628513,0
3.2022784907792703,8.576542691947473,6.189310623964518,1
0.5059932141069567,5.87440530616721,3.7267373566176465,0
6.384863619972402,6.206040777896023,3.162964674343287,1
6.1392575580919795,1.9577748395127603,7.814818425827198,0
6.553444364713132,4.988268307332879,3.9625983091143913,1
3.2781460754610023,2.130089860190798,3.6864878048637992,0
8.823776860267248,2.85554184917837,1.3679782965777942,1
5.424205429724439,1.1278379586833132,6.342610283315764,0
8.678108834187766,4.851438096608717,1.4378926796447433,1
0.715277582255881,5.592541827800175,0.3970964730361304,0
6.196940092264914,5.8446624262964875,1.8915154167643056,1
5.475462279936552,2.55267661965096,6.4168355350486,0
6.167909291059104,8.42166580130777,0.8056952630526948,1
2.077287109395712,4.290491494452292,5.322923637320679,0
7.171580612313312,5.189746547161171,8.364880078764003,1
1.0659909397427814,3.0090172035360654,8.023389465003993,0
0.9841619694424308,8.437695353155835,3.0598571530851792,1
5.60369598686358,3.2324115463033265,8.505845334352106,0
7.698514681530609,4.9356350918441985,6.960278992991914,1
4.498202827487558,1.5886268390279523,8.81092084001742,0
7.047666339260318,4.414053756447284,8.892543277471612,1
0.12827179817237688,8.414944014411304,6.648985058532263,0
4.558148355738694,4.553674729726568,9.49848772398935,1
7.106204824031708,0.533276103925554,1.9911837357080364,0
8.557933889292155,2.378905739788731,3.755708512618623,1
3.610834111940555,1.122927246970008,1.2260602935323295,0
5.883921723977311,9.910151434442577,6.834918154781684,1
0.6071400396345927,4.162533531538961,6.014987181241569,0
8.684320927711914,5.411489528307733,0.7118040692407213,1
0.5303509895788738,6.265869244692207,3.9825276682394453,0
9.061402529826596,8.009202391330408,6.621503164538081,1
1.4960403367825714,3.999668902548824,8.88471090728876,0
8.52534258217807,8.072321410093599,8.326927362064563,1
4.307067082316227,2.5163663295283287,2.2399765370470135,0
4.874240834852141,7.386678492979116,7.120557159076579,1
6.8610405081258685,1.146638424687716,0.12862921214522594,0
7.926410349932968,6.461148068552474,4.01150205284266,1
3.062381965004116,4.350030416622793,0.4492420148644449,0
3.709642723083466,6.82878867989317,9.72127721861075,1
2.0002904651423825,0.9640937763629465,0.661373196693904,0
6.443321086697768,7.653391012753393,3.102132486066046,1
1.883803791042391,2.9974424756493354,0.09675059480439896,0
9.043543937285056,8.095513371906959,9.198606165507982,1
7.1778230282421775,0.5734612168800146,6.380336698795251,0
5.839785217560355,6.418031733899964,5.00182733014523,1
0.5406077688279509,6.626462238220151,9.29159478379878,0
6.508484250427097,8.316209239401335,4.366031656774356,1
6.100439256490619,2.3631371209348195,6.527863432267135,0
9.755316343028337,2.8865961443398858,9.185505432862506,1
0.28259451076913966,7.373519779602128,0.6982846069214743,0
3.222143259593606,8.13608994594382,3.383816239860664,1
7.834973624884952,0.3980295414072488,4.182184008533297,0
9.529050781092277,1.558571139896603,1.2265043354399563,1
4.025810547098853,1.2303853828708433,3.7083995404651784,0
4.607153732167365,7.6730899004370015,4.603898830816208,1
0.029571039523191844,4.759185362869306,9.60183069633551,0
4.5194259642238945,8.074936781530933,0.7043368933414984,1
7.429827454651594,0.38466033771032637,2.040469483511264,0
5.388315388032208,5.587514775705371,9.58657711425613,1
4.324380505402761,3.499108221886252,3.729480218278577,0
6.545517614017728,6.025245066870568,6.019928347549063,1
1.8781471101919567,2.793876231864677,2.4456178759866134,0
6.1557958514113285,3.4933963278241453,4.8114426750142245,1
3.6872111100785467,3.3609651130410514,0.7535693160136681,0
6.401261341083552,3.1683685196546407,3.770925382288728,1
0.5041936504062816,7.27466112362135,8.299057584791047,0
6.749852900991447,2.3753278425619726,3.93550712612286,1
2.869920362067613,0.8078592754088676,0.2049523795211372,0
7.660628535781785,7.214719315642936,6.373374353098397,1
5.711188621476545,2.528537561042925,8.752281172111058,0
9.946554541554251,9.397650938937618,0.26153491634882786,1
0.45013933273145623,0.3396980488207191,5.424807371208015,0
0.5503382368775867,9.737837490714234,2.8818784313169896,1
4.926593537848985,3.3554978600742977,3.1257563238706245,0
7.715593983258668,2.3684378365827117,5.6920793485022525,1
1.303693667538387,5.36519083409893,5.231273773643352,0
9.959284805838276,3.841396521852599,2.172946381437344,1
2.5167085018155566,2.628813763096687,5.851440370889245,0
6.615692987656988,5.480161958220243,7.496692032524475,1
3.8705020601172446,0.8454479401193871,0.8900364159749485,0
8.843351269989277,5.279738110224059,1.4118254742359715,1
5.5286021652788095,1.3924690911417126,7.59538735185469,0
2.3614336989137286,8.561821070886257,4.450714161362362,1
2.297613383819419,2.2574469424034236,2.8208628178991546,0
9.636549659424782,3.2871848587048547,6.503647168416334,1
6.170132678886681,1.6510647773917964,5.835993120166295,0
8.354369015905505,4.570856971126874,8.775158688223314,1
3.763700036561708,2.265824294184071,3.0735046563876054,0
4.926086961604369,9.952529377158763,9.187121404333098,1
0.9540839386287536,1.08582113709773,2.3523803602126456,0
6.16440956517189,7.6850914865375675,2.1918419713517032,1
1.1090484683918589,5.013065591029033,3.5707329112745967,0
8.543490781144294,8.273702098157807,1.994187344193964,1
1.4166591958313202,3.223158510516624,8.516160416415616,0
8.770232994104866,0.38024284049646306,3.631379535273588,1
2.4367624300791944,5.841816691619086,1.7234729872715093,0
2.8489664659594927,6.676079088710377,1.8280301117369702,1
0.4202830888883369,7.169407919537232,5.738733223462605,0
6.079417738074643,9.915341246480008,0.8892637320979668,1
3.985336899651475,1.5770655152796098,3.3150782548957745,0
3.635701929319998,8.5837249593231,5.162925980102653,1
0.15719139920492786,0.880427317532434,9.244263104672207,0
7.669773652504613,4.659286105321386,8.74421887353194,1
0.11456580481060352,0.8780720980244472,4.662784814251655,0
5.680836503535813,3.951533558794169,9.032202438550144,1
1.6623622772608215,5.303336445300024,7.749939283713455,0
5.211137628979636,7.115677746945503,5.3117002036388765,1
4.212394959647227,3.538747887545839,6.5424413258122085,0
7.731949545013384,1.8873193059858107,1.58645374287823,1
4.804430317308822,2.4948189144140773,1.4327378219625841,0
6.539350580082392,7.445683539000467,5.592982212992758,1
2.7360075144929787,3.8585424577303353,5.660370466151193,0
7.64961624211589,3.307827405902354,1.237221224168752,1
2.114755869984969,3.6721684371961616,9.496940268216104,0
9.693942424588213,6.03157675992254,5.210973140232175,1
3.8981002079308458,3.006794292699152,9.810987580111197,0
8.851214979496325,1.2175559839719952,2.338619144451358,1
0.25328535252580053,8.536553493186823,3.5646242011566454,0
3.6957445520956487,6.904554018149913,7.207596512417195,1
6.965110107263406,0.9859846569608044,1.3934440234886536,0
6.462388237759077,2.9130945037625944,0.29150508271460596,1
2.843382201213104,1.326115827139046,7.146720697983416,0
8.841291674328357,6.854496421946397,7.955100737936017,1
4.7559807804220355,2.2690009651394414,4.594675226067281,0
4.69240647635486,8.172757529744327,5.037837047184668,1
0.9953740749372086,1.4032267659102204,4.13847524932582,0
8.076918916318482,2.4072017826610947,3.467710466224845,1
0.7839491518317432,5.135134081559802,9.431412318073757,0
9.727180602102873,1.934704319365953,1.6472599064445326,1
0.8896129876474135,0.043795187786871415,5.039712620366444,0
4.9864901463327715,7.506398139951153,0.8676447638745355,1
7.1297109766152165,0.8626853969145221,5.705780714928077,0
4.754862668471138,6.871610707693927,7.053383056750892,1
6.585891062212687,1.1431161516534016,7.225310145049106,0
4.804939478481968,4.571418456854971,7.207326888267786,1
7.529721688656121,0.3442029895451404,9.426175577766214,0
9.011453664499916,5.82217344796947,8.433520260101394,1
2.3176530699232556,5.65603715253726,6.917791228898662,0
9.284776018933279,0.22841034183682107,1.8622788658350908,1
1.9670581535687504,3.766715452605478,8.628959178435627,0
5.828481700001998,7.698732289425441,6.8703553165869815,1
8.279735550509749,0.6063266425077252,3.0569012864072698,0
3.966079794121129,5.944544846203849,3.386398859425346,1
1.8703551611409819,7.304130043566964,9.606968050789746,0
5.40689783468133,6.245127556815451,0.8204600642853843,1
3.697850177412576,4.1981360959098915,2.024862296100433,0
6.020428935286465,8.133781411278234,4.545573879968474,1
8.105985739384696,1.2934444867629669,5.605728439500983,0
0.5865108005536601,9.980794420255686,3.4641914561050315,1
2.8263241651809636,1.222984253949766,4.4457080527210815,0
9.503016547827448,1.1646605821532263,2.2318027796206694,1
5.349627595614779,0.46137014137229926,0.02586950367673535,0
6.988227855717952,7.448891605096319,7.819888638203475,1
2.468686928200169,4.314429078681156,7.4935707180699,0
5.811902926232425,7.995765538489544,7.568133994419529,1
4.153869201396219,3.61251041885009,8.211344852639913,0
9.74214328742031,0.5625390033735056,1.6054744112346742,1
5.247297720038535,0.6437252586826758,3.9076262658764516,0
9.103117857587511,8.29464498729591,5.2214723433039865,1
1.4169382377073236,6.639563996930253,9.625507920146164,0
8.810244830061562,1.017591235975721,9.661005823460627,1
0.2769877562025169,4.162225892208186,7.233335980496719,0
5.824554431111185,9.47304749873376,6.595230171738327,1
0.04750757923270399,4.502075920156361,1.9136550767246052,0
6.799264859416575,3.051198411315501,6.927802417267246,1
7.3820992858714485,1.3788358867571848,4.798374935569962,0
7.587944572555092,3.682420131290164,4.672514685166497,1
3.578169071768129,3.615205941480376,3.6443409198828016,0
4.603698820362961,5.633803774957072,1.4135626917987132,1
1.9248959197198068,2.5779345221459793,3.6355057396539014,0
9.019795432809381,0.5882237149406755,2.9962680763577056,1
2.2720101625080016,0.4576901726563487,2.6216502835297995,0
2.5228894657926992,7.80384912687016,5.763780116736851,1
6.296561121664338,1.214849815181407,8.369597368495675,0
5.8201095281443,6.982125190550683,1.1502001306747234,1
0.8283311848768116,1.7545124728090866,5.647442102171523,0
7.993138519880841,9.967362391795756,6.895347636561718,1
0.3586979182131944,0.24109549714585676,2.4764860692205093,0
8.278458417738104,2.0730832808712596,4.212928419885321,1
4.007114844222124,3.6517844541706146,6.654720380226519,0
6.383084670193951,9.129121759241457,9.69136043590128,1
3.4197156641009485,5.509039673154231,0.23569672575455725,0
5.117722520421342,7.032489491656762,0.7222321131420639,1
2.206120656441113,0.0257822522739537,3.262562315506843,0
6.205409079260046,8.145220815921222,0.9318031101290236,1
5.784744049941337,1.7719644150130798,1.9226609002906758,0
2.616629962346467,8.27703547567028,8.436629341375017,1
3.6140215100718276,0.8450191835682119,3.609978118749786,0
6.468951229204435,8.647844440203038,7.100329550499028,1
3.456324806754946,2.6190257029857476,8.148165275996643,0
6.867843605667434,6.730910831233693,5.042142277982126,1
0.8077863960346288,3.879978183470417,5.7100137223027865,0
4.8799072779636194,7.758612794342964,7.309303738159974,1
1.6432129402178575,3.7672111440317844,9.13245638052842,0
9.606145252155828,6.118296896894599,0.46011859504669017,1
3.8303226998126725,2.2416880881542833,0.08333661690685279,0
6.26599249611107,7.748843163509561,1.1277900811000996,1
3.519245664594558,4.603215004397255,9.590045027789923,0
8.672757740391138,8.85388379513105,9.02912732204904,1
0.19909334417818947,4.7292055922923915,4.000841006704788,0
5.045134711967386,7.257444648623597,7.904624076887229,1
0.5843301364012632,4.616479273455174,3.164980768677239,0
9.127547192412024,9.263238251818429,9.40787972062266,1
2.9986670679906515,3.9264181241986518,5.823603438970688,0
9.505240973018195,4.514547837956712,1.7518480161866368,1
4.17002273760068,2.7626076349854634,1.98055296125356,0
3.435089823999309,6.847967113754267,2.152835882730182,1
0.2141212245326629,8.594229579260787,1.8091008266206277,0
4.7533042429986585,6.484192187661943,0.7043547146971929,1
5.598758628186921,2.8277615329888928,1.8865355047976362,0
9.98717957018918,5.778621068994819,9.87597696775429,1
1.876569911466358,1.6466356988578512,6.4045650176717555,0
4.96177854948494,7.66487918612793,4.218716280893865,1
2.4418346754372013,0.04313216303875489,4.217391108591068,0
7.339135428551233,6.331792636269666,9.353561771749842,1
5.493073943559018,3.732440317146718,9.97676536011793,0
7.511033832397487,7.591377771882668,9.398023504679928,1
2.2758002774612884,2.816789627009916,0.32834140806549894,0
9.361644221365028,7.208403645223607,4.706853437206593,1
0.4707589454332095,4.82744781919174,7.485053112124955,0
4.12776123528435,8.033084721022258,8.729066920977777,1
1.4372599678468811,3.1691525638833395,2.2568760015774836,0
9.490303532430119,4.199593497864548,2.9466457332727836,1
5.609289593137015,3.5287035513794693,5.9815904946586524,0
6.911564375332625,4.692225216065503,0.6327140465511949,1
1.6770859130966365,4.2797682725326744,6.753912286755003,0
8.888614913234111,4.745585926287186,9.60335211072869,1
0.5389061976898679,2.7400509323036237,2.3902504789790457,0
6.345549218372826,5.913487555265346,1.506142279092244,1
2.2458743347554866,3.304295240518007,2.887339166916454,0
6.8470371663044896,3.309961873083772,2.220386206644359,1
6.907899067503136,2.1938689785495846,4.242578706932973,0
7.045854948560791,5.723017387108843,9.878724740027828,1
0.22408547446038485,0.26129860209058053,4.683457197884636,0
9.893739744280442,5.720506463411277,3.9372729622911615,1
2.9419579997590795,3.264728771723883,3.5227218071753583,0
7.123495772311362,4.305733068783981,5.178642999172429,1
4.116799644338408,1.009064336942176,6.491977030049957,0
8.092170819152892,9.354007266638364,5.565378568920721,1
5.05839257099734,0.06449870744488995,2.574527082083785,0
9.67992358361885,2.4005906870497418,1.948720722009224,1
0.6008878851009847,5.436238346517758,3.7475626874120027,0
8.392922318972511,3.476780251387932,6.4400278443291645,1
1.0628847604636071,0.9248306828321606,4.667771187882835,0
5.68237876973376,9.1963693085447,8.921496266114898,1
3.7727791740229732,1.5349788732905978,3.155812913592383,0
4.313675251890708,9.094650710291239,3.746602743289124,1
1.3513744765414404,6.944439650774229,5.840057489949171,0
9.752342428502365,6.410530988875678,0.4061622116418673,1
0.5580923859357745,3.923225190968165,1.9400142125662312,0
9.459679088460987,7.346891872626271,5.362563085517035,1
0.6730853938914372,0.4499955955797208,3.775471947478634,0
8.83528418865981,9.354890399075714,2.0545130061662444,1
2.906162146974415,2.2090970521714794,5.434551129509737,0
9.24580237793504,7.839423219831039,1.5477198146553428,1
0.06378619583818246,2.6450610721180148,8.259226800612304,0
9.779042472456652,3.4155905159381916,3.8347936655814676,1
1.295558413622676,3.861270645555357,9.137252813118018,0
6.8382571775280745,8.73229681814141,9.475468234902937,1
1.119320767202947,7.800897849226663,9.644651011427266,0
1.5792257109633112,8.837811144717618,4.722914412119257,1
1.5380101887981823,7.70227397190218,8.858085914618451,0
9.21700240853076,4.633041663341263,8.348005208378531,1
2.0212068737073032,0.8710206366752482,2.748861204109713,0
9.966368129105549,8.638221599248133,8.941561878893616,1
3.475809681237826,5.212821211014662,4.10010090105283,0
7.799703302748098,6.357806083395243,6.806201278854065,1
2.631181744913861,0.4396834237145364,6.7504391730426025,0
8.597557002158483,5.891912166953278,0.9612638395189244,1
0.8585013236758854,8.04172088925175,3.30380727540289,0
2.8708627547057586,8.140205667671664,3.8349255061936094,1
3.936734547588212,4.913829814962884,6.314363955848933,0
6.379709153108687,9.5337177958645,3.568063365718579,1
6.051844987705969,1.6843207727047915,5.051853340026718,0
5.69226548378369,7.689648333400431,3.390282517985217,1
0.7971067530557641,2.8508345692331227,8.044985600619622,0
9.252235409707852,6.289505223854364,8.60172366749889,1
2.6495920669184194,0.9402823389134829,3.3968633837717963,0
6.8146556569259165,4.158399491323163,9.557534291213726,1
1.1952419754013177,0.26244600606065704,0.40025490234368966,0
8.2163891159406,2.6023579679208653,3.264691321322113,1
3.189685236392089,0.28894495132730236,7.267651694401596,0
7.460107771587748,5.099081837557959,7.258792120682127,1
4.475449966341354,4.878611927250686,0.8496907867334347,0
8.728651250125465,8.89454130092126,1.3527191075060863,1
4.245256334858906,0.9897475040714343,1.3395269797473464,0
6.317264688352102,8.825841652745973,9.343938363093537,1
3.3695104140443375,3.402715366727201,2.593316688211039,0
8.757391323070866,2.198335569832209,4.308848903729821,1
3.512582399801251,4.691662512890402,9.899468939617574,0
3.4524011222188147,9.981291748772808,7.726323450935211,1
0.7165258603644364,8.68806693230635,0.8273066717263988,0
5.1765922598202865,6.294789244459395,6.922657295960475,1
0.9087896278840879,2.6942885895157187,2.892467886661698,0
1.7030561239921427,9.768720141277624,6.067467067349734,1
7.029293118945931,2.4193632263207157,9.981770868661505,0
8.39216441956262,5.9553564440383076,8.438039221608872,1
0.7487389014943979,5.424526420358468,4.03396259175031,0
5.8594504009066695,8.548153175529267,3.4330832837429917,1
1.266142505744492,0.020840952071268237,7.760932983926762,0
0.83074122343055,9.430913426039352,9.380346680299107,1
2.990698378248784,5.11717274295168,9.429579430398823,0
8.625624703342996,4.8310710068859954,2.7536265587038455,1
7.212435110348317,1.2344044293945766,7.625674105590861,0
1.5405628580258135,8.48088634405687,6.899201097249609,1
1.4288239726503915,2.4700161621691574,2.845808211959735,0
7.31959226557758,3.673082649837868,6.578509724864027,1
0.6114758888917282,4.837945935426088,5.4143565292482165,0
1.7023578934724837,8.473259469284052,2.095905618879118,1
8.921976120213293,0.49076414800318213,1.6285609429978887,0
9.851702978139457,7.493382266837046,4.690718542246143,1
2.6422386294305267,0.49857912174899877,5.643068018982381,0
8.562592883223836,6.297754771839051,3.412392099075303,1
4.598382675605012,1.7034728361983509,3.5377959473627305,0
4.147883420286095,5.480360018101473,2.4892124394401014,1
3.474168869978418,4.774902528451371,2.838096796840647,0
8.926127956470662,4.062380499835118,7.996045519572787,1
3.7378758923789714,3.499084989352088,1.2059031054771863,0
8.664332366066631,2.3441464700486616,8.368148958239887,1
2.932622087046445,3.3131113598093167,1.2828666397087585,0
7.827492652848949,8.13003095340957,3.226385488430137,1
7.912738439599954,1.2042320846919607,7.321799412327232,0
9.61349910884511,7.708971669969278,3.2376309221497293,1
2.8353956525346513,3.8340606825025425,5.961724119017427,0
6.999860984584732,2.667785712128823,8.79054246874886,1
4.255806557644912,0.9401041174936109,0.2113807480930685,0
7.941339939626129,8.406136394548183,3.0473764462899156,1
4.3943091848197255,2.5670413487096244,3.808226650083589,0
9.750775649090874,2.4267711874486606,7.682791928579227,1
2.6711668607130266,0.8787621403581314,0.8238288870450039,0
9.3040904317712,9.867453239802204,2.5363982935844085,1
1.994812403070666,1.9805138000027633,7.64442785593801,0
9.22339834354631,9.64232448508115,9.856898026657442,1
6.373108105839882,0.6052506630547572,3.0892031363742536,0
9.613721593939776,0.9611361032171573,0.6409330215807829,1
5.246783473005479,0.43213030271327835,2.3165581916882716,0
4.051550364991289,7.124850571366725,5.007261996499675,1
4.919240024822045,3.2623154345748793,6.92043487630624,0
8.138092478635217,1.844004372143323,5.338538991402886,1
3.2037986643780734,4.796363417045376,9.00292583317898,0
6.493762111179792,6.113011657280265,8.932025901281207,1
5.267452324977915,3.473896246558242,5.951843563549854,0
8.37366956031591,7.205636839910311,5.55365816612566,1
3.8542725062123653,1.416527764955332,9.429004394016777,0
8.71079913214632,5.6276531675487504,4.675097878644353,1
4.526684075058167,4.820644584729788,9.319697028371527,0
7.082495323148544,5.066384549274865,8.250621942327724,1
4.233321104664181,2.3324049293944817,9.78993903080639,0
7.764661535527618,4.713533667325742,5.0415570182333305,1
5.081610926687931,1.7869500428487428,0.6039179913011428,0
1.7257419436913346,7.931455725972549,1.2281012377367562,1
0.4080331681450988,6.180948074894287,9.382107186749693,0
8.605419326580002,9.082672151415313,2.0794215933347693,1
3.3211038748608566,5.460280976704183,5.064985620757135,0
8.009782421260152,5.612974811564997,5.78206498981995,1
5.456156621184767,0.3972953690402625,9.894056222602112,0
9.307010563706752,9.015497082443,2.4838199246922277,1
1.1237929677816016,4.445101617139114,0.3002501922947143,0
6.386737429119692,8.952714961026706,7.447573651906589,1
0.8253128881929961,2.4202480646031335,9.305611671651269,0
9.066912151648824,9.082724421064995,0.2907894240893538,1
7.470414071403065,1.0790696145806689,9.837291540332716,0
2.952193025914618,6.568126704648874,1.2626823873463966,1
0.7791273396239928,2.4501989225048937,1.2838134666156698,0
4.13277587020394,6.280271712736145,5.769062999995034,1
2.7565148370307977,2.0389019648975824,0.9588198843098839,0
7.666377346568227,9.359543512326258,9.660164475763889,1
2.8604014544051437,1.7578846398826453,5.985037304389942,0
9.827356839691152,0.08693521488812306,4.277994250280389,1
4.042111901379968,2.2026166430096805,5.963317786751066,0
9.756263912629294,0.6279398793178503,6.755100367326059,1
3.424216285518006,2.2907718870528426,4.046440338092523,0
8.977049800742662,1.2253885186585223,8.997169911482226,1
0.7955665575469362,7.666147942215062,3.856885533957114,0
9.88492929553629,3.847675923751085,0.7249994058787734,1
0.24572374867421365,3.1775459082497837,8.406509225309579,0
5.747536958154731,5.578923870142127,6.758074868320405,1
3.5573745322864903,4.120792826654673,5.083609272138395,0
4.059009927181587,9.89559316298577,6.487823352294565,1
2.7736391004262204,5.3688726083897365,5.053390900901094,0
4.310668009012106,9.86014312190575,1.086805202356883,1
3.281581457893651,4.530377311603101,3.5525491087160175,0
7.741862210205953,6.498254300821802,7.010896331134264,1
0.652594476569236,3.823459650369373,8.719714869317043,0
8.515382790448006,5.486205778773976,7.564952473008278,1
2.3733155679773943,7.093136737143149,5.378973018100758,0
7.1687327295551935,8.460587788921215,1.6553694511557238,1
3.371240742913797,5.53116419157698,5.904450577127188,0
3.370120520354001,8.773649372607643,4.344731747138143,1
2.1373252231899875,5.576088017906499,5.301956194858981,0
6.670009623270499,5.33667997686356,4.96378294372795,1
5.357099551934983,2.483058764762187,9.568423371493294,0
9.22531657117801,3.924529577161866,7.136512270954297,1
1.2608644467842955,4.338714580264198,8.941300337342417,0
5.713098530325169,4.135763323909723,7.761505198468952,1
6.19079166449498,2.4235412361183704,2.8341534434958304,0
9.628746068317104,9.651041342351904,3.4505757004602087,1
6.872604673286685,0.8989889894256942,0.6643858813931947,0
5.726249690467191,4.9345788557269845,8.208965511547179,1
3.2207671227271817,3.5646440896163636,7.950810845234121,0
9.544140582175304,1.0683455391772734,9.52360728333797,1
0.42075627979372254,7.382989739990232,7.355748210134017,0
7.952750411368371,6.480177062214361,6.585241846073111,1
5.2786643924579115,0.6729036234375929,0.35455732537497453,0
6.946904057912217,7.596135352007702,9.565244520884571,1
2.0774950157326666,3.290046871244571,2.476222004213132,0
5.021070054453363,9.698375941072143,8.891323283578426,1
5.375127265855687,0.4335839494633331,8.20332584318772,0
5.1999699876297765,5.670952829094688,9.588174787338076,1
2.7727940671657136,1.0101618445763194,4.945765917186656,0
9.699291657521858,2.5278490612120197,1.3412421852122014,1
5.9098203326295256,0.12812019118172646,8.368624501460484,0
7.179082001006268,3.804545908688668,9.48986009518992,1
0.08051948252922658,0.03425976052055302,0.8912371019551513,0
5.381881969978873,8.228649184646525,9.968509028372736,1
0.30885106061738443,4.099076102363019,7.102038424470875,0
9.379011112718638,1.0961015529332019,3.347973887086153,1
3.7948843427128196,1.678809671484619,3.559645125182642,0
8.607361991670023,5.862834747286485,4.095502453835792,1
2.9708678493706566,4.93529071340577,1.2585652630634336,0
7.33503227419728,4.903873397195705,0.6449533921181749,1
0.17811206589504747,7.517021894253525,0.5620298636893395,0
6.546910157919989,3.4945477128058178,1.6572729904336891,1
2.4178446864589076,4.120155275569314,7.310807994013166,0
8.402571669747314,8.83357822302103,2.8694032947310366,1
2.608626477649988,6.028466252213453,8.415317593545112,0
7.972845783424097,7.169741401174342,4.669081057727506,1
3.459245662960757,2.6750799677821058,8.330183748230887,0
6.960054835700664,9.937898842686867,4.82594565538014,1
5.222521212413037,3.526080902676515,8.178004567697817,0
8.322903586318457,9.508176193445175,6.83643275525476,1
1.745933243499257,2.3155665855310206,3.9304421660106903,0
3.070538196960393,8.359799923904655,4.216414094623784,1
0.3092347738905443,8.74301523398763,1.863849810646816,0
6.587848701103876,3.050196448744397,3.5010481610837365,1
8.169484345825712,1.3220184678920988,2.8561154064948235,0
9.999575017785423,5.49724765948233,8.291292234590285,1
5.559920297498366,0.3183469858239274,1.866443249040628,0
7.544348104631876,6.223773620661976,8.126614603059178,1
5.124902598007076,2.779353692289006,3.5767644105413354,0
4.182915288041686,7.097575155441781,9.612305186212577,1
6.325907398123918,0.3458848249229529,5.648644003034059,0
9.891717448596207,7.199294041271058,1.4596395343950852,1
5.184611410959117,2.6303791694443013,9.842306384407909,0
7.102469645674635,7.901726662889975,3.5103183172411336,1
5.744325350371052,2.3161593690925963,1.8530465192578927,0
7.175117027085926,6.674571477057593,0.7531402160290668,1
4.660536365846833,4.366696269947791,1.642712523524582,0
8.10594664025358,9.283213609536473,0.6483837142602678,1
2.8402799732299098,4.513585411796413,1.916846661844105,0
4.791982010337864,6.9096247193073435,5.953634103336504,1
3.83731524656741,1.9561043898355535,4.926047795487128,0
6.763295338855628,8.763515434085178,2.701407966458219,1
5.46339064750647,0.479310723901496,3.85402157814163,0
9.994998960240641,8.321170580964262,4.807727765093488,1
1.7031641539529907,6.529399356006048,1.4826236942375104,0
9.410271457927868,6.8811300405323825,2.4038405747472003,1
4.237921220836993,4.401104810598884,7.59634000048047,0
4.007623843865222,7.002133142224701,6.961562519610027,1
5.099399536110223,3.279883246073111,8.715875847796328,0
7.638730257933197,8.618930213930193,5.996032853734089,1
5.8049281758414875,3.3730033386207237,7.229338028525722,0
5.140473434833437,8.692349027194389,8.318227094061644,1
6.803269670071247,1.611090372525179,4.603903266511593,0
2.942968325541969,9.112998295369387,3.9679558912699786,1
1.973162030076585,0.05610995980755207,3.1044849782951154,0
7.486525648324863,6.732500520475325,4.569188971871752,1
2.389492821342677,1.1469080559732148,1.651608038833191,0
7.476043332014588,4.97660058624245,0.40289231180037244,1
5.515589418953222,2.066935952199609,8.69621826780225,0
3.34532904619088,7.273863644475238,6.597685648903221,1
3.7357905145814274,1.7331801954414205,1.3726597688762054,0
6.138817937274031,4.644869193018614,4.300250486675057,1
1.3758326394944564,4.107720162940895,8.463802695102014,0
9.495849907983157,3.1435474802778494,3.1357196725844516,1
2.48348780835701,1.172977997811625,4.371176442448604,0
9.044307361391025,4.8542460458743,2.660696067470927,1
4.782552497746451,1.6116539932451113,2.951696542872846,0
4.844617802723815,9.750924645098465,4.397734873100081,1
2.8721228568797286,2.375801024732971,3.6924636253086938,0
9.165386053298457,5.534927022862264,8.580686258967903,1
2.1072130889170593,3.5624003122019388,3.5754167675448265,0
8.12832284013368,6.504612284248822,3.1806133626882183,1
7.637746303169424,0.0732780029861213,8.253306074402754,0
8.478172861123777,2.9930120384093204,3.3659146340055957,1
0.7320116081433015,1.8365661832660873,5.716317173908831,0
2.7841017373045327,9.186712764959179,4.470609239995805,1
8.13068449780597,0.27978501566240266,7.669358539213981,0
8.270750062714075,2.589899331161055,5.178780632931587,1
7.866703067848402,0.11346904870207175,1.5206914188103815,0
9.306393459385951,9.758305517342471,8.55007755501594,1
0.34506902533637196,4.870519314376546,3.996490331541329,0
9.006862611044529,5.939063308704018,1.8979899181166537,1
4.8914198332592775,1.186205515832599,4.678493474824102,0
9.327352724843102,9.096434552276147,0.9910996682265993,1
0.22135374905198568,3.0592915175392266,3.974233685870251,0
9.793003746362789,3.5453014199785304,5.655333804937655,1
0.8296955598335365,4.344605741843282,4.082020671183766,0
9.907986879776734,8.352313239520843,6.332265346979142,1
5.155502105029854,1.738417859177207,8.803404650788416,0
6.023989318480537,7.920953845625189,4.938609146790961,1
1.5299497682333119,4.516592136907293,8.69426799397136,0
6.78460339900628,9.79176676506737,5.304604196742888,1
0.9795458728629325,1.4091805466103502,5.451433953479956,0
5.660789617891702,8.368899737457143,5.939265198063125,1
4.026552881384736,4.904686622742574,2.927932368278289,0
9.598589709829037,2.1229646034205016,5.45409219653084,1
2.1858762045798996,6.392538936484389,1.492973526910627,0
4.908618868700398,7.037920595012731,5.453957794965481,1
0.4832302703333946,6.442844593098761,7.789689726567635,0
9.249305815762908,9.77186918047918,6.706048837715435,1
1.012759727990753,2.403567009479514,7.038196767347334,0
8.226051607356606,6.547210539895981,2.332570511671598,1
4.55523013536216,3.8398073652968856,7.785223144623715,0
8.538479329895644,9.406412921838337,6.522876478030634,1
4.296337585997208,4.150773735942558,4.663300834858639,0
8.554615759537178,2.313073284908139,8.258920999898807,1
6.926606634618475,0.9664642465773932,6.642180357259485,0
6.445861496508833,7.53684171867026,8.231563687666846,1
3.6893499825490617,4.128413674273674,5.271003644985725,0
6.776497166801532,6.705672220466687,5.905187854221984,1
3.061205172148931,1.2447732714556714,6.982127427639312,0
7.030133280229904,3.711578195290693,0.1425839380552052,1
4.2474059868922245,3.715769389475464,2.6009537601086183,0
6.72255963741225,8.234657583739718,5.175608860991766,1
1.8622467781703522,7.18114473469929,4.703087149934636,0
2.501256244327733,7.739901420273818,7.974166153530909,1
3.519207764456084,2.1337618067912523,8.716620517047621,0
5.504502854419689,8.577610930953771,0.8266966499943174,1
4.825753118481154,0.7480701946929846,6.4939990092216116,0
4.210095161002787,5.704851780277704,0.6786883458542048,1
1.1098699760257102,2.7452125131289407,6.485168824218912,0
9.665005132595875,6.145394018380722,8.478324262319823,1
0.5311779699163444,1.988173064386698,7.560158051423934,0
7.758378541423073,4.1312020888116905,3.543299625562497,1
3.220934930186589,3.687212537922843,1.7559266887755454,0
4.7020021025028225,6.436715832414805,1.1541377089059424,1
1.8920728595074554,0.44750570664716216,5.848616010254483,0
7.53561155919199,9.889148391640044,8.145658993611692,1
0.6282954877246438,5.884293203834901,0.22168973525927949,0
6.120374151841986,5.931591417951453,9.567632008939096,1
1.576816204760123,6.254115506166274,1.4417361300354603,0
4.742833748233128,5.390879320240932,6.6379876539595095,1
1.3768826012431357,4.633630346351606,3.7721646635815387,0
7.309983546502302,3.0946522804538645,6.776248102611518,1
2.502995280687592,6.218373461840436,6.69651011659046,0
9.305116545107069,3.400259582452625,0.11514307015339176,1
3.856831505001664,1.43762021304927,5.0631095795946965,0
6.55563135644948,9.600666016059108,3.0979876592742626,1
1.2808102724986314,4.471488739892125,1.6742082612380482,0
8.83353402670044,7.931011974705271,1.606030655145606,1
3.0248312502434516,4.435334079908174,7.319221047636034,0
7.791820650309508,2.419234645645548,8.845246813173231,1
1.9687131317753148,4.4238578938795285,4.59600518084144,0
7.290596248229174,8.980173984917752,6.0647478918155775,1
1.6195573609430802,0.13304285177790587,8.218219557580595,0
8.837494660826291,5.819559061563017,5.1890896362797765,1
0.823782762555445,2.99915162748826,6.41790240703051,0
6.9380751099667854,5.360687658649288,6.964864773333982,1
7.371305782737472,0.9815314275399434,5.7878120847151155,0
8.43322059611609,3.4968110238075467,4.56435851662134,1
5.231739498158703,1.1353166758968358,2.2984629847209526,0
4.330325397208327,9.037807599033044,2.1856307350760398,1
0.1627999027685323,6.560270813047039,3.6409308017155095,0
9.91555226402343,1.9362267506125996,2.7263087325004918,1
1.7555790271488847,0.7195134047677387,6.645303010204437,0
4.661673771285408,5.6425445675869845,5.431650079658823,1
5.12700249230398,1.4974310623885878,4.579055731935494,0
3.0187746500993007,9.097729438162908,6.730577153005236,1
0.9564410156044578,0.6716972893131989,6.90232891972615,0
8.173004158654603,8.16416952597262,5.485226723311452,1
7.149682691974913,1.511673476987675,1.650832063076012,0
5.513930741675006,7.436905424224075,8.25998543088531,1
6.977296381668195,0.1747661355333585,4.611380813085965,0
3.0075294250169335,6.90576015404681,3.103310730091798,1
2.7519812235763865,1.6795556605246553,0.2532252611596253,0
7.059307470374749,3.4706657880154723,0.02193813573379333,1
1.5715099348481776,1.617520313807722,2.0587648689807505,0
9.425494257654677,5.69553366037013,1.0878931124359748,1
2.170255933649745,1.8920154274924639,9.013072726805184,0
7.436390204134286,7.070422711400677,3.874522267715853,1
2.062960643695595,1.732646988138118,0.8412021918993884,0
8.292201199914363,9.277896243790964,9.894526415257548,1
1.143984950180329,0.9593135652105678,6.913093904638009,0
9.647487400969688,7.676556394484604,7.810437034907239,1
2.2722949190907995,6.544519990181171,5.3321322569556635,0
8.947767740807048,0.7972188977613826,9.373572384255752,1
0.11896649146054705,4.837711968958938,8.804026603386564,0
1.654594779976789,8.616851494782393,6.309087038644683,1
1.4067979005212805,0.6949341794749808,1.8897378844572565,0
7.878604086155421,7.1100781975109575,7.1015104697134195,1
0.9984591608797377,2.1164835591714404,2.9489817569329837,0
3.3185981386857266,9.396651816969602,2.729163335672774,1
1.7779311752243698,0.7849112466125041,2.7611425024515457,0
6.4994268714612025,4.98291619044781,8.64637568955063,1
2.489047823257271,3.9898167341037527,7.702512628738295,0
9.596945196741398,2.23147943617228,6.989275493196409,1
8.638361320300906,0.7160994297393564,7.7933458270393015,0
2.196683215620352,9.284626605756287,9.597837420709554,1
1.8030112010504407,4.346978142221811,2.4496105167466222,0
7.337484945119316,5.445065536498723,6.079418005521743,1
3.1695849570571353,5.978169293823521,2.2770916684956735,0
2.823630117434904,8.378790375233597,4.007223520723372,1
3.2522472427791316,0.4324000095860714,4.848892469076738,0
7.157419001415452,2.541174363172296,1.1079726638558662,1
5.510322777722459,2.257558561834135,5.352570732798739,0
7.112289340539139,3.129542767585728,0.5032535136481031,1
7.538935813301847,1.0964897382863892,6.381499303712981,0
7.941940946989586,7.77468274557954,5.641193766607804,1
3.451456433722205,4.10041021199809,0.6705749087187196,0
8.714837790626163,9.803097341454196,6.778073830962883,1
2.6757640899732316,6.158697437415162,4.498016363576642,0
2.796797563240523,9.210704793226087,8.753211340246628,1
0.758816026938357,0.4949169034143941,7.9522771080186825,0
8.329867716217766,8.012317442537876,6.536706803201808,1
4.697823110843554,1.003120654118037,1.9865379082352808,0
2.1011773077028097,8.73807836659892,0.24744942815296822,1
1.7761123174482696,3.0906708279118122,9.810522070198507,0
9.740994929630858,4.6277195689114805,3.750735712012314,1
6.7530963497880485,2.2337142640144183,7.4435903552778715,0
3.8805839219057834,8.86690988299469,7.335005504912768,1
2.4851334889896326,0.30435384870726057,7.725581493538378,0
5.443428374047573,8.22917953156035,9.726196698966536,1
6.358931000110218,1.530791261782749,3.152346764072024,0
6.342792372074538,8.127300465514075,3.140475661994974,1
4.527719105535795,4.307110573511935,8.090759838350364,0
4.005986231452809,8.523167171802317,4.29121942268787,1
4.6808866824418995,3.632560320558972,6.8689541979326485,0
6.434951803879945,6.476344225375429,1.997388440385316,1
8.763290535694283,0.10225158948750313,7.7854288434111485,0
9.946603376805301,3.2646216267577,2.880788709511082,1
2.695263978531166,4.61120134244446,4.866050297345959,0
3.6410008893025,7.45145994032984,5.046735684800662,1
3.95942482243985,3.849664454618865,0.615615718039898,0
9.692690803709183,0.10949511440850324,5.385050948427372,1
1.9058045202598928,3.41874202809524,7.225366095830815,0
8.452936211426941,4.7300023285821515,6.734433891202091,1
3.745329582192465,2.5024829683665626,2.588202879202075,0
6.787571130885777,7.887956781008629,5.094171529737851,1
3.520305441537266,0.6312978710360317,7.799010848134877,0
9.619893006223371,1.2937486193890102,7.918692607385342,1
2.0857094350954073,7.155800771810737,1.4589938524358859,0
9.396762094906876,2.0761906095688634,7.631581137295468,1
4.489415882772924,1.5705035499716413,9.321977718191391,0
7.240130903035497,8.626244146678358,2.2871059390420214,1
0.2171549677554896,6.42290289132159,5.360727209143157,0
6.895889364443994,2.8382910069908607,6.6584896314316016,1
0.3582511157482382,3.5196738438674213,9.182083985210884,0
7.455648300298384,3.251203778911517,3.03674345144639,1
3.13747117588116,1.4817796812504302,1.6408518300870045,0
4.307062302158178,7.79814687290418,6.450383808414607,1
4.0549582908254465,1.525638471929045,3.011371833450347,0
5.086813632482976,9.075888608347876,4.465243269060231,1
2.420541126928483,1.5840373107797978,3.4581184269464247,0
6.331167321760377,8.18079505335221,2.10624728603194,1
7.904850530890453,1.1403180155322001,6.418633224795273,0
9.053244120627213,6.698454486777633,6.452346920183084,1
1.3316983691292894,6.279409054824422,6.085638095759411,0
4.525725419792495,9.358618752760341,2.4595757554703965,1
1.8686101464630323,2.67379766610381,4.185132475774189,0
9.471306178933528,0.9087859273795273,7.444165555527221,1
3.8965545791264278,0.4985075473205236,0.13064714069989103,0
8.425149456145574,4.392290111254144,2.406892498472668,1
0.06072529829070028,4.135116470731971,5.140135669462068,0
7.173065802536728,8.133613966370277,4.189381115895603,1
0.5062890581116875,5.2751966173739175,3.6432306018043725,0
3.2074469015886073,8.235235401351517,8.795694095230926,1
0.7273310755423035,3.164915935695939,0.8596553550763208,0
8.80375397748107,5.337814647870408,1.5652815282606602,1
0.4050218600040234,2.210619452222259,8.760423797702966,0
6.548207623121738,8.53965743169444,4.376778881071361,1
6.669917009442999,0.18000996937483027,7.859927210690482,0
8.992653243482511,9.479421646965703,0.9972730429215138,1
1.1173593134742144,4.051789605433954,2.7374551445552884,0
7.7432148908642064,6.987558920975369,2.475311568530417,1
3.6867477656951086,1.6606436840003291,4.015843227308205,0
8.65308426351154,3.370299293920407,8.29722317859426,1
0.11996523590461883,6.8298949952876296,6.973255254830166,0
1.9209112211410562,9.842898496466146,7.867241213187227,1
3.347762053831681,0.8467967279204747,5.373569662301008,0
9.277079429013932,2.0497369327673853,8.980536291057895,1
2.128413908348162,3.198551604381369,4.607496772784359,0
7.96885025259829,3.8835550156804413,7.717479365865233,1
0.8420026622839683,6.953296315312763,9.790949746692714,0
9.86648303657454,9.07233430814558,7.715694740915708,1
0.6523488923367415,0.8611344305424584,5.727555806597149,0
8.89110055989224,6.2277982345183345,1.920698496091492,1
3.44114248929369,1.958539946888973,8.791169326901294,0
5.824129311971269,3.9817721568497246,2.020491229793211,1
5.098365563485619,1.6091459245359319,1.7998460795076376,0
8.587989773583605,4.563454091780641,2.9204226743408124,1
0.17108950423140867,1.694414186275467,6.845180295369766,0
5.728960345966131,6.082309428010068,9.133772432298858,1
7.244990341604149,1.3954158883550205,4.472265027811382,0
9.208905145188343,8.684589884584081,8.708492653529277,1
6.936182403739269,1.3929246212476953,5.365158879138859,0
7.227564244167498,7.792496423360712,6.407204097805341,1
2.0734456381082733,1.3859106997544024,9.315808703729807,0
9.653754627600174,3.4143380367060274,4.165015036566926,1
0.978104143891495,1.5391646555209526,8.388005457598833,0
7.424807185509652,7.275813109313348,9.153369690334607,1
0.7815190277563078,7.873107872753006,1.2909001287135446,0
9.324210445250541,8.737557593825526,0.894128802644254,1
0.05307165434153438,1.94221418574677,9.594354375400277,0
6.902792935233207,4.117057985420624,3.0036735776103916,1
0.7805025883643879,0.46378327720949075,2.369623574031343,0
9.169402187736527,2.9418777374750773,3.0563662199409327,1
0.39232348604090417,1.6834141360547383,7.191701208407174,0
7.400812997118099,8.678698178639179,0.649390241932537,1
0.9858039722053125,7.890134200048796,6.744863673323003,0
6.581038784334954,7.23292910401912,7.422826657785632,1
7.152751236095897,2.288968411781159,5.912164856541996,0
9.294168512659201,1.70622805272171,0.25065094153271295,1
0.1876356074273111,1.0913528849721632,5.47126208829388,0
5.980392492192731,6.132604535343267,2.081025952026876,1
7.580450057499349,1.661562692146823,8.163218035434872,0
7.732154933771006,8.375920750778944,9.97833874378443,1
4.298561106954882,0.3812694437252273,3.3973825243870346,0
7.9434870118977265,4.477448913779027,2.1521125374852614,1
4.099918435138043,1.7455798586742532,5.494923561292931,0
9.613175431404551,9.457671071658964,2.9036299053437284,1
7.746872471175974,1.1518489253950548,2.8347211649828816,0
4.606733676562678,6.71490896559874,1.0828835706201356,1
2.2092016585890386,4.1513288319101,3.397166701557822,0
4.660946195257967,8.050514996657249,7.710460854194137,1
4.111973834840018,0.5461633603513205,8.65126827321799,0
7.4398734032988045,5.044997769802614,1.2258241018816718,1
3.5270245380386034,1.9603867243027928,8.351258974962386,0
7.034013760490016,6.928307853281835,1.7985272282440812,1
3.4067233352952107,0.28101326699254137,5.836812295564781,0
5.623101938918655,9.191948681666764,2.3613483071246657,1
6.854824515552788,0.08489860163261809,2.306018693853665,0
5.472876373900087,5.008049892457166,0.3980200163651737,1
6.6217563842640885,2.6278738135692734,2.438109508802826,0
7.8127343954774044,8.189813885923563,4.303885953698353,1
3.427409285786913,5.871150222052589,1.8775820854905634,0
7.7626762922389165,6.39081422874408,8.029599364824369,1
3.7636583222336073,4.357651127970578,8.371280717020495,0
9.542521995959563,9.216360350086298,6.833339768395808,1
4.634498155690096,2.8891804233107585,8.817497777265976,0
9.230107604928104,6.856669920232857,5.03860632941472,1
3.5602817225947367,1.3601214835972675,5.455612234445539,0
6.598031827682793,8.850842511321495,5.820268194276758,1
5.541706962631203,1.3781665808763,1.4659692301287386,0
9.086170553058572,2.0744705269923704,9.992153192326766,1
0.1544738664445644,7.054906789278043,9.624615873239499,0
5.502946297255588,7.272788795316128,2.966122623181149,1
1.1344659470837093,2.5420300770993176,5.703948270892154,0
5.880591519100641,8.363422503724223,8.543558786863526,1
0.27270839821490145,1.5016212071081747,9.441501565589352,0
8.9350775205905,1.132466179871423,7.316079327894499,1
6.513679344834921,0.4117915714291698,4.272410420196736,0
6.314699495898026,9.655707681342653,4.347881176077628,1
0.5436383304043935,8.09132819198745,4.01627626372676,0
7.645064769176607,4.234053213396135,8.540940267211942,1
6.7898805289169335,0.38418064768603877,3.013838434889636,0
8.861716372508994,6.841025804950681,9.320948008343722,1
4.458046752364254,3.85397097971894,3.4010059139751156,0
8.897242484326398,9.147808322072393,8.633754839643615,1
5.311439576252141,3.5286658397208583,4.211883217374995,0
5.399967848998994,9.011829524902152,9.070403750533378,1
0.751363982377351,1.8097903770140167,7.165894252740991,0
8.880927629326598,2.178241012222725,7.717611040689204,1
0.9808127186923721,6.401910058609504,8.734362377140073,0
8.955520539746562,9.387313248633303,1.8870461684615303,1
3.780138657350647,5.584169836439891,8.606183602569777,0
8.762372587271066,9.755307530878042,4.03608631957556,1
5.636268270511034,2.1193384705585236,8.026085558944004,0
2.607572339017125,8.853510417643635,1.472098976532461,1
1.1237773259588824,4.373641101110216,2.1346474922464,0
8.937966174858062,9.802844929389753,5.060410906921472,1
4.401210267170393,0.4683846146550086,4.342272785862825,0
1.7847789436495787,8.471547582565218,2.760133002499435,1
2.2845036751146006,5.1798268889126255,9.50756734452272,0
1.4333435775396164,9.407904266264566,9.964119956698932,1
1.1500227905450122,3.6012701080509366,6.9656548478779134,0
6.9741091071942565,7.724923175251879,2.360931830437012,1
2.213353375964975,4.1922973229239755,7.899097928695015,0
4.557004483935298,6.577373090800216,1.0912174765226978,1
0.8698088398798087,4.116393704136251,2.495443982641782,0
7.068190931608393,6.09889946933464,3.1299613158738024,1
3.138356731550288,5.143362750888382,1.3682820121564399,0
3.4996735302455084,7.280756638160158,2.260255957892424,1
0.4963211208999896,4.551589431069124,1.3068901823762369,0
5.519966469971066,9.031066286584569,1.6228198196321242,1
2.7669392265857096,4.524002217768528,5.135946762278721,0
5.2682724987681775,6.229844240523478,6.0583423939025804,1
3.657778504399176,5.360325160283811,6.2467761062398015,0
8.253367862164431,1.7401877756348827,7.064344119199442,1
1.1866568013490042,7.575506170162188,9.273252508273146,0
7.312831117983673,6.7726669130977335,8.367720632216384,1
0.8260408576578682,2.1370588536702595,6.442023293399424,0
6.482644404544934,7.400778855547823,5.870115616584005,1
2.9797410714557824,6.389001048655354,0.6119674234845007,0
4.141016914950334,6.760672597570576,8.398178794858827,1
1.4657945528252592,0.06871561686426442,1.9495723890935468,0
0.6546953023432289,9.315777385894734,3.134042556909592,1
6.784759742808276,0.8866391713716582,3.402683963639035,0
5.958372855888551,4.94980509109295,2.7191205655065085,1
1.7423843282457063,1.2302800104954803,9.950676833842119,0
7.419581115199257,7.685526342517276,5.034526640291159,1
2.04809473782674,7.143509061608838,7.847041751981276,0
7.354492733273657,5.416941425782339,0.6841324503746571,1
5.318442395172846,2.37311070450831,8.937947072661032,0
8.207925690406196,4.331319272809891,7.44350170585688,1
6.927660578013825,0.16176782100749465,4.468619494782795,0
4.985539070868439,5.228039199983925,9.183506679527015,1
0.882868049477803,2.6013505367892495,8.268845533352279,0
9.528178399274024,9.541005393907115,0.9267811556912964,1
2.007900390555645,6.270893445061192,9.24686369644388,0
6.278596830236189,3.7725593682030456,4.243175000679608,1
0.984194187215075,6.1197665172366555,6.943977673578353,0
9.715415300303533,7.918914199205177,4.3439332137626065,1
4.987599329250278,2.5007948131650637,8.662669923344081,0
9.325087633003491,0.40290955221614855,5.265197290394865,1
1.2640562067543037,4.520705998097143,8.716764549316276,0
3.134643312656303,8.052477355894395,0.48297097387776655,1
4.683255966968952,4.343820630978028,2.259361861682143,0
8.405699707688084,7.219392102492195,5.2814299667076785,1
7.230430508102601,1.7875685581909484,6.501484147754837,0
5.402806308032552,9.973790028709988,1.2298348656218416,1
3.097339173130118,1.3112578242762762,5.4471588723448665,0
5.163886690085365,5.498687295355173,3.039990447091391,1
0.7860309544859978,6.24952147194676,4.226315532177366,0
8.868479168656124,1.285449566723198,1.419758050598977,1
0.3675808878134068,8.133128044587965,3.538617519854613,0
5.25305161461011,5.122928654121464,8.381210496459927,1
0.4476772631843673,6.758030906421743,8.127680375210534,0
2.19192938490274,7.838335573350109,9.882194508310889,1
2.6286173897433693,3.0890966474719175,6.052977289602072,0
7.6823479546229825,7.9017533635238895,7.37050672870458,1
1.5992547952392022,3.4928338762489997,2.9540406224677884,0
7.097254322653087,3.838402652711095,3.2254474926397094,1
0.9861405675186841,4.383229044557636,9.757739125693387,0
8.709895727895393,8.587727459239602,0.5864849485728119,1
0.000477493513481031,2.4950006124437953,3.822809297600551,0
7.782618444013591,9.891445349161557,1.6976176807564125,1
2.8786518470728497,1.0245674477187727,5.692108754443799,0
9.038604204994158,1.276792092571668,6.473922372977587,1
1.0382233310571476,7.968398930646252,6.284526275708018,0
6.96367044278937,9.53579951617742,1.1599587768403374,1
3.014528706676721,4.884222147860024,1.4917111824866969,0
4.103233643955421,8.394170559025628,8.65372794467994,1
0.3799507175994654,2.8104328118316046,7.361430891060615,0
9.5594800318812,3.979344053486271,1.072828083124061,1
7.49918546515736,0.6577742737224246,2.0801481686713874,0
7.692582618677467,8.974993950555314,6.782076623787345,1
7.187194246303463,0.20531208616935692,4.751831637912981,0
5.093941417921397,6.988720431202129,6.314924624468815,1
5.6501981669056125,1.5271557130509539,9.821345615078657,0
5.541254397915257,8.76742005892995,4.273084655950811,1
0.7369676143742343,8.586501929156379,7.136218532931949,0
7.934432367374341,9.050147991400582,9.705798593487305,1
2.976761970272176,0.3468367708715947,8.916105782244358,0
7.810746008050282,3.669166672889259,3.9293151148814145,1
2.160642836545917,2.1881309734679846,7.683065621998412,0
6.975664179822151,8.077821646926402,1.2409626970136856,1
3.570317767516694,1.826949382294747,6.351545636728381,0
7.560346368383004,6.795636601021487,9.644382141649668,1
3.3315337565072145,1.2410365854072702,2.424747719371527,0
7.591738499497419,2.119696283512501,2.7928225163659013,1
6.082713456084928,0.15194753022367946,8.712108198110737,0
9.95848170581376,3.561118605524004,9.135124767622534,1
4.360207124685501,2.640444152244034,0.45345200910590244,0
9.134726339155119,7.889913139830266,9.164637101923766,1
1.8725528432229088,7.1053697692182,0.19264744152409308,0
7.210173694499556,9.770587085350119,3.26334122115431,1
5.989358761776289,1.2207360058572048,7.146353690428748,0
3.6291495890826653,9.576674269987132,9.123420069588597,1
1.882718122569691,4.371349234253209,5.7457122922119375,0
4.016411224944867,9.873470364761069,9.970627137454684,1
1.3765612638726488,7.402788554213466,9.96780858343606,0
0.07406065732897593,9.756793608312828,9.753580736109756,1
1.4159087174139484,2.64536887254521,7.113418833792982,0
4.493876959285739,7.197843741236869,0.6392554544380658,1
5.617965244875118,2.259962791763128,5.722427620792214,0
8.96052627510199,7.46706364284497,6.682826345767976,1
3.1293364766510976,6.044047895729358,7.408880953437171,0
7.686293256650865,9.333797151500264,6.536590290274514,1
3.66551611484398,1.2653887432725153,7.203321494272961,0
7.416921164943668,3.2569849210281596,9.244940143254727,1
1.337878669655419,4.260660631958682,6.403870925957289,0
8.1416685759086,2.49484369070733,6.990808409112973,1
0.1504804653248326,1.4517119891395758,5.658597479897437,0
5.79659921291727,6.170470592657845,9.918546983261493,1
2.060218954535027,5.710877435450699,9.571850471977596,0
4.192344308900294,5.4856802222540955,9.431406098084665,1
4.475286214765756,2.008612370478283,5.680969491625083,0
9.107637676464604,7.255290695387036,9.306296800538231,1
8.39145089239131,0.612231719613725,8.882555491780483,0
5.8812202896553885,7.53614814624873,1.0592288418132756,1
3.813225282581424,0.5243762120809847,8.879652223080056,0
7.913762932221734,8.554969260360334,6.177270823324866,1
1.9932350798050702,6.728402780423247,1.4628125460223684,0
8.180596543587617,7.042531970432934,1.9709744263462647,1
3.3272657995044708,1.4686342332751123,6.104132215716315,0
8.063512460521679,3.743296312729746,2.431604880112921,1
1.9425417990453253,1.1029496715818776,4.736323879132205,0
4.181023283393221,9.348964096403435,5.6386296648396215,1
7.023694829836248,0.5839060318346223,8.560346572799682,0
9.016746853808549,1.1494444060362063,3.3788663337231926,1
5.931022133672032,3.48718402982805,0.4272114918439318,0
8.138276410754937,8.797214657600968,0.2818844524186004,1
5.574385549043724,0.007582622389336047,9.198042187251344,0
6.91723795721437,8.997634911722852,9.880800257149698,1
2.476705158885265,6.081816824615212,7.386200018430306,0
1.2337306835323647,8.364754802126523,1.6090773541112802,1
6.036421829965946,1.8952794875730505,1.0101847358357652,0
9.845888698710766,5.096645390007523,1.5062757732322984,1
4.376960529139572,2.7781310915723347,1.8109949776554424,0
9.90970578602817,4.146474106880758,3.4330427037714095,1
7.307343506286217,1.3312608087816746,9.744419902718233,0
3.484067889123803,6.634446097039413,1.39328147176897,1
5.348852019142396,3.7526762855736093,1.0495294126384547,0
4.330792313938847,9.910233188669237,8.268556987233465,1
5.47742233809167,2.7093354016589077,6.155514422106082,0
9.219897662944886,7.545879924333158,4.099009464408438,1
3.232380706452187,2.6487044247467626,7.675837108048178,0
3.4174838466949096,6.609410409728827,6.184793774324248,1
1.5262079814722906,2.915687974950857,7.911790230894803,0
8.27564465368335,4.8748883445222795,3.740456505704061,1
6.988857427551684,1.4223606142083511,3.1989687780625697,0
8.356483145152296,8.158582606319326,7.91129687241149,1
4.474389028324504,0.37633723403941777,6.883631043522319,0
6.93213996083095,6.436925584573218,7.579704142179564,1
7.92313786101375,0.8142914029045201,6.564107356051878,0
5.881128926665719,9.138867285488471,9.396914591474971,1
3.700801645499545,5.658390443061787,7.702859087697157,0
9.606779882484638,0.7967736380066648,3.6544834071733345,1
0.5481670909980296,4.2644464055033415,5.178013182834286,0
9.025897470388113,8.160069425776634,5.420061321741427,1
3.6838590355004164,2.894277220810851,1.4991225551243392,0
8.748194224582372,2.7137375506043315,1.4811744327358933,1
1.4580515950020811,6.028231690396152,3.941554377983705,0
1.0895642766663638,8.559149105709576,5.263397254321868,1
1.916509111721506,6.6991374651469275,6.867425901625504,0
4.486011491580254,6.2364728625195625,7.718566560551849,1
2.3084659215023082,0.7546821272830362,4.005406788121681,0
9.200832706242736,6.947158801687046,7.190511948591394,1
6.628807505522215,0.7891989098132868,9.892248962332145,0
9.993614505746137,8.855463329662687,3.350171598736269,1
4.023178719709657,1.1529562806441551,9.394093336180848,0
0.9032966253199814,9.153584668399823,2.422319672499974,1
1.240579540006982,6.809655064055837,7.526433566196092,0
1.1289742828282012,9.208222999226983,7.429624058253458,1
2.5858002990555295,3.8532169091386868,8.921131123513941,0
4.988234280133329,6.453184903743393,9.812667042337633,1
2.558121282224781,5.793214062888211,1.277986630340584,0
2.1045267970575052,8.64360825649523,8.501839284153746,1
2.5915983497618122,5.743208867461976,3.9425958892864967,0
9.863617073346177,6.813100703768139,0.6647269836373126,1
3.1577256218029612,2.567081790757112,8.940110504977246,0
8.521849218756973,5.3002790175487995,2.621327376092885,1
6.186357655555898,0.7337728171202884,1.4838117163179876,0
2.6504015628010014,7.358820745378939,4.386319707355948,1
2.5397461993455894,6.57493761302124,8.16911233527279,0
3.774399827715822,9.653387726560902,9.467929970418952,1
2.443416137283351,4.157993480489795,2.061206604487269,0
7.8777269188424714,9.770342149243605,4.704564047489259,1
3.7040090377588095,0.9419737973018172,5.372386590286345,0
7.363379444415655,4.1325771681001635,3.7124584322776855,1
5.008348487137254,0.9712400159978785,8.909587416806152,0
7.202644864142876,3.1087646429379556,9.22767883858484,1
2.991272950843303,4.873537644523842,4.81808211502501,0
9.485254814050016,0.998266465199682,7.97668340284322,1
2.4249977676351673,1.669607255173251,7.19406769166035,0
7.90860155267688,6.080501354803501,9.131201101722507,1
5.538750524593352,0.6979786697625268,8.6689419450663,0
5.476987581996873,4.486524571452204,3.6349146736396887,1
4.046236210814273,2.807129752486742,3.4079803215979654,0
8.75370467207643,8.113476135716155,5.4886024421948285,1
7.482576691201292,0.4411905974972552,3.0039542665778174,0
8.707004223341713,1.7049211441712775,8.991376858797764,1
5.495626323396538,0.6801926584307705,7.9722615573551465,0
9.276566353971708,3.8939868477279562,9.257673597254623,1
6.906588524854488,0.7830723800741712,3.380565219297983,0
5.631581561823387,4.6128845888405,7.054534628006094,1
0.980545626879965,4.858872418897136,0.47823285179632635,0
5.6638256060884355,9.335528135675101,5.151077942205271,1
1.6801656909580032,3.2723457639931484,9.256252213209118,0
6.77063931906956,8.916822469493212,5.251455436788555,1
3.7451980230497774,2.9980715783871013,0.86359456261484,0
8.423028130348229,8.602397115219716,6.391624378589421,1
0.41349830061332415,9.073713159354424,7.801084870691857,0
9.905447144718321,2.522147584766264,6.0120896882903825,1
6.152510826199289,1.8831658489198,2.9035594281012234,0
1.6997270004085308,8.754918953524799,9.166101626481833,1
3.0156855271303717,0.15797221858075639,6.603976964878051,0
5.796161329895063,3.934892354641859,0.38020019699771757,1
0.9706341937477914,0.3020013903887264,1.0423085916008268,0
7.776725827901149,5.445975920246284,5.191804606478614,1
3.7134266995366216,3.4796331277457435,9.249006459282988,0
3.0360239769972743,7.2357798706508305,6.594921266444915,1
0.1605189980333077,3.1612265558554595,2.2979048890334806,0
9.426221146616093,8.231801791421624,9.221077550525305,1
0.004753641061820968,4.914717384368905,2.9291159852910074,0
7.978280256606347,1.9389426366579043,7.3625733106688065,1
1.3294507541748457,6.832506551803994,5.924724709645957,0
7.424627541517021,8.424845219487858,7.485900015678631,1
1.7484402593906512,6.6771053085573575,7.101802678812867,0
7.203519284085232,5.185490340213033,8.318490290928445,1
6.963571852685608,2.413236655749562,0.9444903141221872,0
8.631809336549495,8.843559419900407,7.696213459847118,1
2.2597276612007255,5.825911298200959,4.319417140661766,0
4.617985320872267,5.809062093382407,4.081381203262783,1
0.8346538028915318,7.97063664450744,8.669260136237739,0
9.5515415304818,0.9610503772355694,7.1186443962854815,1
1.1068660669411179,4.9998618072121035,9.92685124182706,0
5.546612258966881,6.161261851874188,7.556149013259245,1
4.990088513818433,3.303708315712788,2.952333048483411,0
9.225866535348764,7.123062671191812,9.658458091658922,1
1.1469828101049817,5.61011423303486,5.196128505095472,0
8.823866305336436,7.171211279498086,3.164564705093935,1
6.0157657547541765,3.3202125906556224,5.092770810686115,0
6.745023504439471,8.232020315005077,7.3682483696816785,1
4.473624460456844,3.181112011177607,1.329429920473919,0
5.890261887863904,9.963251897881122,0.5448062383290453,1
2.5118452618935514,0.47851514395400363,8.821298676287116,0
2.9889300971576804,7.565550909863878,0.3166850994503245,1
4.775714653717884,0.7237356365837111,5.8059628689897025,0
9.953434985894093,8.116353500018453,7.460307744238462,1
0.33446576627830793,0.38534423179987454,6.245882516900975,0
4.134301524418726,8.487457723395565,3.320241697005165,1
5.106499717586365,2.978416616255969,9.489836976015216,0
8.581804869663998,1.5821187621719301,9.734963271004219,1
4.809862114851598,1.9400015060857645,4.266683391191215,0
3.0686172312384894,9.060300490241513,6.557774511234772,1
2.439823284444469,2.7147294501216734,8.108258330584658,0
8.397032888529296,3.4601562115153706,0.3076707929994993,1
6.449726338534525,1.5722663994954844,2.7390243713342013,0
6.700769526814341,9.351952058811607,7.864234844168071,1
5.775856391795369,2.2609612560150882,9.839591545428638,0
9.588613838277704,9.259787023801051,2.5734336581314885,1
4.494798629681202,2.798492992750231,2.513962314361051,0
8.866417567518582,4.223234782377788,0.9490006262409767,1
4.136032046116767,0.5758707894774495,9.009525802617416,0
4.110314276420172,7.863380579147256,8.729022363662455,1
1.9421411040507774,5.559001192749466,7.817881277041425,0
3.3541272449700834,7.6557355011738695,2.2740539186180166,1
0.7425050088247631,3.8861557859906535,1.5634907617458793,0
6.448519681439575,9.145967404443212,8.999403776972365,1
3.4804774283054094,1.3933315573505023,0.05935748315996414,0
8.302221793660099,6.197128080498744,6.3398508428412095,1
5.231471022552342,0.18018454286604313,9.657755735969669,0
5.341256478137551,9.048278271569087,4.45635641645357,1
0.9355223088308651,7.208580365488855,3.244479829417821,0
7.952323863309012,4.2663348718488745,6.954122845527289,1
0.4689832343209188,6.197002004320114,3.1416734508509836,0
4.09877365204478,6.643014277165685,3.5398728648831446,1
0.36754624647382106,1.1914081512281538,6.965157704855182,0
5.812367267135553,6.161528678786724,5.588114827832475,1
4.796002644891963,1.9040977625488464,4.754258447129751,0
1.697016585621124,8.441590513885862,6.068973341650683,1
2.1559104209262294,6.0363020661776865,9.196071071392852,0
8.613011185317008,4.064436395279394,6.478957690619163,1
1.7582143667810368,0.5811064268862587,0.2216195719521885,0
1.7518106523517196,9.597939923263482,5.097710277220643,1
7.458543026087266,0.9178946889917283,8.167438950604225,0
8.636773884952031,3.0274265103417184,7.557357305579874,1
7.600388716206029,0.9926727355653708,9.573518281140906,0
5.197702161961733,6.905062660215603,6.938723043182224,1
8.8482533171486,0.23524029588330886,2.641802026408012,0
1.9765177838769377,7.624073200764128,9.971518046257785,1
2.1190517273007234,5.810144188835219,9.259360063345813,0
5.425011927262636,8.430042009386884,5.619760132665906,1
2.604594421722143,4.826292996038477,3.1944644753078997,0
4.851420244438758,7.425778817221876,9.9567492626084,1
7.698608250315435,1.5240703610058248,7.662062195623656,0
8.370560638262855,5.724929428670959,3.1762047164410454,1
6.77724473223657,2.4417547969895717,3.301921480568335,0
8.80967266991611,4.673770971440591,6.166017067873504,1
0.6291445515310801,0.9952388864835049,9.772765660287936,0
4.209498372988506,6.351608290892923,2.784766662115773,1
0.2576996955125155,3.687048472922129,8.012835350828574,0
8.015643499750412,4.452317414538342,7.2957904282611725,1
9.306403522088516,0.18235566912662704,6.637403433957191,0
7.614515124783274,7.882973040706345,3.3435209117553013,1
3.4471708953924427,3.93479966911186,5.831002008044919,0
3.1130311593682283,9.066018541005409,4.861829676093921,1
0.48927628843312365,2.322800914497367,4.805074443570641,0
8.420303839893108,1.8020779882203286,8.21385338083423,1
2.1099950932809755,4.576435873746978,5.5990381690901785,0
8.26423654651073,7.911029079174533,6.645230447171424,1
3.762883646573373,1.3253951233955197,2.4911891363040164,0
9.029352649868297,5.367587080226834,4.8497189154936295,1
0.990094832176962,3.6499314743530196,2.4715057588145326,0
3.7661915782682778,7.20286400926188,6.344618325920775,1
6.514304637525764,1.2098777429503282,3.2518868731887816,0
6.7444489332921345,8.724397401038674,9.967004924729375,1
0.8659423866382054,4.0846562355338465,8.676347565001652,0
5.62564471935484,8.084237705209508,7.534485977377496,1
0.13354321677381042,2.61025617776928,0.9324454057148268,0
4.650051222393868,9.094173834360705,6.146990329669659,1
1.2781191943833259,2.4746377629043623,7.602771936470415,0
6.535047957454358,3.904345153886908,1.906299299985682,1
0.28324413423606365,7.146099464320521,8.788839756973468,0
6.661726848154288,4.714622001909494,3.526968419396507,1
4.086733686148674,2.50198060906218,0.15528784748651936,0
6.545763110531019,4.823230410063541,3.810891800207983,1
5.900569774340301,2.8621393873652634,9.575782048608692,0
7.514323117375431,7.925451255631799,1.7039401252424413,1
3.2908790538096566,3.8548161042755447,7.815855548332737,0
6.908883647694174,7.283566154433057,8.45402989823574,1
2.179151341979917,6.355917009947855,1.5584562617561915,0
8.937588772908672,1.901402823443138,3.941136870285545,1
2.7359120505893477,3.314080116460741,8.271552470935374,0
5.662221769492783,7.409049388020621,3.5428937002733694,1
7.11288814418899,0.0034281119735946053,0.2778983681398872,0
5.584660915707168,6.592893500792068,1.6942215551214879,1
0.8123343049842358,6.561553959624149,5.007271262223291,0
6.967507903682889,7.923543776786497,3.5033904337802757,1
1.9343141948173226,2.058351291597459,0.37402731607813156,0
9.085187815743666,6.0004599719532425,2.698092272607986,1
7.855070759041571,1.0670806570031899,3.4256884020263145,0
3.817142411763087,9.493639598660359,1.8497632518171658,1
7.677729525286898,1.6435635899435452,1.8296631693149668,0
8.430170535385873,3.5653361669539696,3.830576136414864,1
1.1483688191547436,0.37485965161743406,5.821545962511964,0
8.941316110080912,1.290191755614557,3.1520415709219938,1
2.7192012253344435,5.889422020018184,0.009496399464983263,0
5.207244129278791,9.766942745540305,0.04750471327759076,1
2.3544082656741128,5.676202096461966,7.609954591663176,0
6.780079165384678,4.20440252852662,1.6057567781784932,1
1.8070860353287477,1.918590862181504,1.578859122448255,0
3.776242852787657,6.839217554883889,1.7695861108448419,1
3.0314167786280546,5.152107963373861,5.883050264753525,0
6.709708038659201,7.140498008207674,5.832016930335614,1
5.060964266650288,0.029759911658508997,4.464246090298594,0
3.8465983088112257,8.295539840707672,5.427312316568623,1
1.0645219467434486,3.3212675149058724,6.676363734433348,0
6.944279714721404,3.200182014436197,9.174144522689001,1
4.257496225814697,4.000854655469791,5.143679190563483,0
9.653205846193133,7.1360931157552585,9.74706351793664,1
4.353421628095356,2.264255238277669,9.223044077686138,0
6.1307400735360815,6.700485239598547,0.9447238670142322,1
5.793789698812082,1.1522006854619227,5.0294573350178045,0
9.7014323608234,5.500545534913018,7.875712928915345,1
4.945014175468996,4.1784527176475885,9.458905808114281,0
9.295867186411783,9.121220690211647,5.213038264980028,1
3.0402953168731637,5.419032471724464,9.928034927033622,0
8.640853508504001,2.066025383782563,1.2991225831778586,1
2.8905957759528302,1.3038792320561832,8.805324306279903,0
5.594320158853465,8.882923157698364,3.1235570849038305,1
1.030852039018152,5.74682803734488,4.446160273463913,0
5.971184679690444,6.969133067406802,1.9713239509748004,1
1.9684122765121126,7.280194266280288,3.8526162602574865,0
6.77637632303429,9.991260363320434,3.9575557626904443,1
2.751295083298382,2.8907599449071886,1.6699844094017202,0
3.2232028632039658,9.8266208902744,9.14278234027178,1
4.235768528184521,1.611261970546355,6.496836425015733,0
9.884136820219625,0.35809316688301673,6.2536067871030285,1
2.7451080171628686,5.207788546242651,5.02320409205976,0
9.456233731007027,4.631407119652989,8.576929202564711,1
0.9925881590476071,4.062466228102416,2.0522465365713147,0
0.03501233975182538,9.588095038112304,8.740344448956044,1
3.048903254839198,3.0267356630092213,7.9797829625379,0
6.465124145318812,7.079877726950072,4.613769598407215,1
6.0181504263366525,0.5076112793478627,3.292067433406741,0
7.378369780866574,5.60494250074655,5.4338242273608275,1
0.5588835093143341,6.174450198411197,3.2948695333854108,0
9.411932481875157,7.647952217602045,9.886522330660847,1
2.322834716803095,1.6199242513752876,0.26352921496958004,0
7.133011445175371,3.369755186331208,9.394730955602046,1
1.3047015120909056,4.977086195116263,1.8435019146067455,0
5.993225176990601,8.118688764813195,1.411700509868311,1
7.890542906522921,1.5658916451957816,4.520124046297217,0
9.347558215198053,4.044476455514326,7.7709292147243865,1
1.9188913435816157,4.567670380802803,2.0250183114982567,0
8.805383978019071,4.504977241161974,0.886439524621141,1
3.228552128554089,1.4244337156476328,6.486387389097788,0
6.006773926457626,6.5386333310115985,8.632227542267346,1
0.7400602735353623,4.964692588950058,9.73895943622534,0
3.9531938271459444,9.929030608001016,9.71094839424163,1
2.500320251295495,5.870509340968803,9.792537959046305,0
9.387686637044402,3.4312489773070953,9.363648046463851,1
2.8120575641172776,2.256478500838006,8.778090398733454,0
4.11843861793903,7.771597557236464,4.320170630348773,1
7.793647699770125,0.44642358342132926,2.9752935640430103,0
1.355107768246826,9.720450752582387,1.6494329914656092,1
3.918592431430704,2.963658619328201,2.6448380072797106,0
4.3014230051912685,9.439265768468305,3.1305574917735504,1
1.4894718085363656,6.61653133095616,4.374689858019648,0
8.461447147989077,9.043198338804757,4.36465229393816,1
1.1808339196932272,0.1940702755774082,6.404124957917584,0
5.321949548730464,8.630818050168685,5.60267654998027,1
2.4045066753454583,2.1156591637351663,1.2935659300514835,0
4.593896922190076,9.259383021844116,3.061046778261062,1
1.2777541056109343,8.070042692599582,9.591050637509925,0
1.2964856173561257,8.697407300833106,4.465871351792724,1
5.099637770732489,1.7348350652409827,6.174367275433278,0
9.725078738695318,5.736289367564501,1.9725289195227769,1
3.67780568135902,2.986632720891077,2.303038503097908,0
6.281664529209409,6.1607880127626355,0.9965199905463973,1
1.9058151734713058,5.633505692005683,5.716266556627292,0
9.30218626217976,5.475478770631323,1.5641413119653602,1
0.7999293063877655,7.07223324707721,0.6996871721050557,0
9.75353346906084,4.233995077680173,8.26986406447361,1
1.4451875350625354,1.0699021063377312,0.3714319932305754,0
7.141347463016903,4.453888094188762,9.688200144312622,1
3.8922090260683486,0.12384151107536323,0.2876449898402822,0
3.6687062499106657,6.108616895620872,4.812410666526058,1
1.3384285369746862,4.0228035332396495,7.114710321040524,0
9.223635833915965,6.827023799769217,4.934376724544808,1
1.44969176684825,6.4879111633660465,5.789347437363124,0
6.705755570890726,3.896875051416968,8.896194552483278,1
0.04561311217682995,1.7061922298988674,9.863042742761019,0
5.255197901510028,5.335998580844068,0.5381106346299203,1
1.34728294519187,2.837767812338213,9.671718223839736,0
7.937170641833795,1.8864363069049161,9.783765643369245,1
0.38832744445129186,1.204498371142284,9.710104517586021,0
4.0531078197387345,9.231441003508312,1.205109906958054,1
0.341569250695688,8.868953967652631,3.2313880021679964,0
7.420321262524924,4.2469341905573,9.19864931775485,1
0.30786965932068755,6.1284853479123775,5.720170143197024,0
9.851515859097388,7.494134810501843,6.694502351879043,1
9.181522626338277,0.008307378854449654,5.954666604221625,0
9.759066098919542,8.580764288764383,1.496065387092127,1
4.193818728334651,1.361468752432159,1.7411970465112303,0
9.199999308919145,2.912953527884338,6.042356478659192,1
1.2743964938892094,2.804346221208279,9.965552006715868,0
7.950467223303174,3.743969017828709,0.5723572369412167,1
4.134735883864872,4.469166486464079,8.212423484923182,0
7.618629164544472,3.4993508700777287,9.552578546939873,1
0.32594858621214584,1.4152680340220003,2.197740573429604,0
2.0611324789034926,9.772060587299361,1.718072849658323,1
2.2465675005242858,3.328619544745177,5.209667095465548,0
9.251420621656921,3.657657288789671,1.3108642172947738,1
2.1569452724937053,0.7717430621536425,3.841756672810266,0
9.167188938692505,4.217021857547768,7.33095461133513,1
3.9122752647241676,4.768137382092931,2.2292071792778287,0
9.670859120599456,2.1322092620753397,7.712961574040991,1
0.8695578995360675,6.557333205787199,8.813921373106425,0
2.253865398006517,8.857719521013472,4.663614016779515,1
5.980733289565819,1.0737459963963125,8.640133872969466,0
7.237076246651353,3.8021887802555643,0.19389394937285864,1
3.478298829642641,3.41541519218128,3.7363710249041793,0
1.032504847149397,9.2766535724583,5.578146099985599,1
5.769031315320686,1.1961321760102839,5.7542766267073695,0
4.747268274186315,8.736977225587378,3.9232034678758465,1
1.5822163799429623,1.0813861440600492,6.4623093655046535,0
8.86382686362846,0.8861919410756236,1.3198333498400938,1
3.367110364568746,2.8371850861839154,7.14344533521976,0
7.71338487360871,9.084077881244783,4.318399128567993,1
3.7238182363433614,4.550902307258441,7.261814456250365,0
6.749069889523497,8.193885033218805,5.40872346179036,1
1.5320026346254034,1.3608980054028497,5.558996532254163,0
6.201050760363057,8.860657523895997,1.7969180488384584,1
3.0560052261651736,4.915598715175849,3.589657932008019,0
7.286780682120163,2.336775327658158,3.1437111945267295,1
4.2928924685898995,0.35337275980170113,5.95279287644971,0
5.602381539921791,9.193443941381162,7.213465581048625,1
2.3177915054970635,6.282274157762772,2.002094943129041,0
6.431417689285607,4.631570510829809,7.701953864530204,1
4.452270479776919,3.4087292033654695,6.963077401266352,0
4.564905052342291,9.70630916296342,0.673404833240564,1
1.3875943588305506,4.2621764310649,6.039101284276884,0
1.145172313739652,9.101090921685243,0.1740167303518536,1
1.0242454429155767,1.5922303667858095,4.094228213128747,0
0.15638379123862234,9.699581283253831,9.232717302905066,1
2.4463611526919737,4.604961318377777,6.338965056986039,0
6.4032057683638,8.512180310345768,7.506864115101505,1
2.8011834669584665,0.24356088509600582,9.579057350006243,0
3.0381839462918894,8.192274983093037,8.966807539758234,1
1.1919871872894627,2.310896805820557,4.249921458074951,0
3.7848645552023363,9.162493368436431,3.943698302313207,1
0.6746353227637603,2.891146074978832,2.779997802343235,0
9.116416785308544,0.45947079539916613,5.6895798687373755,1
1.2944360463158866,1.9652592277354863,4.405992508042881,0
9.310327892850859,1.3424527984131307,4.885778715431232,1
3.1181925109915865,4.309692339298614,8.20173868486346,0
3.309727375777914,8.26641420787493,4.662473992427056,1
2.451169290214165,3.373292796579409,5.5855035142139196,0
3.13236247651389,8.506850770449146,9.10147033635204,1
5.283188726975796,4.05145690360393,4.115331387201396,0
7.898630653347465,6.111213448068424,0.1786078025336979,1
0.009543971759664593,5.745363759981627,3.359567704359445,0
2.6918257690520564,7.004779567915377,7.700610494303673,1
1.717268591919071,0.019220860743371926,8.591148499340692,0
1.9116441191203692,8.839621155859822,0.23262977846367328,1
5.379719702639739,3.0963577257028616,4.116686287562615,0
8.764054261053264,6.172649027826874,5.873195303704803,1
4.989422178181988,3.2379602559625855,5.838133812625196,0
7.003934453498887,5.299883304122518,0.8064094299439195,1
2.1292166161101225,1.0405731457498857,7.227077313365456,0
7.6008662659928525,3.305222925269903,0.32412331540121353,1
4.332565529496335,3.2288873058574663,7.6117438273457205,0
3.6445081030869932,9.422525257154255,0.46778682862703813,1
2.483410430931974,3.752979492960511,5.487626239947191,0
4.965011820159284,4.709493594785398,9.216093267134319,1
3.625957231836928,4.237375036275405,4.8366619704147755,0
0.710713512421769,9.168357037681021,1.308696661629677,1
2.334244411584474,6.918042012500941,2.5822062697592885,0
2.7592650511398356,9.588435757049588,4.312067558711812,1
8.539163083409019,0.39229296320474005,7.317027941136,0
6.204220341715904,8.809476206914933,4.888949544348657,1
4.008473788909602,4.619365211875674,0.054880703219115645,0
3.248896297430944,8.261247997199074,6.0481355924278954,1
1.1901594646828895,6.57699300618542,8.819972122965995,0
0.7170196580846866,9.396964959709017,9.86752820034192,1
5.03013908021523,0.4949756949576267,7.075266558146637,0
4.547692535245096,7.27901286945369,6.053433380655518,1
3.905722422982081,0.8372240403911524,9.31848232521599,0
5.427021284125626,6.238840322354838,2.2384545124696498,1
2.2603005236658102,6.040823541881578,1.4287557544739682,0
9.088402995806522,5.924006553891445,1.7538908119146146,1
2.66560621985609,5.179272335486909,7.560224265489297,0
4.845734975551039,4.777049678928852,8.045795281487086,1
1.8077696742314087,7.311780684856473,7.327733007071853,0
5.407086872120079,7.653524261526479,8.733774324639024,1
1.2944006899414096,7.291239138754745,2.909286180247358,0
3.054799064531737,6.700172613610347,3.0020584325072353,1
0.923153379145295,6.782106529409983,6.179560440086776,0
4.067795541914196,7.000536587134402,5.821913869909858,1
4.2612933260320895,2.2111474061139402,8.523839785117753,0
5.95388540866087,5.750412390976068,2.1374678122459443,1
8.198831884193762,0.5708639070784349,2.84432877817237,0
2.91170866774088,7.757710473742703,8.657596529502738,1
3.544436863610292,1.6590301477512326,4.98416483787396,0
8.373193753239303,2.001991757045405,7.79990511625439,1
1.0374004591165076,7.591401115970074,9.43575585676478,0
5.086378991763293,5.509504788503436,4.172536739837862,1
6.287061157622636,0.07732962117252495,3.5290294804633016,0
8.07935068482976,8.15411990724334,1.998733296948959,1
2.6522276021371494,5.930599068085099,0.006121314393155997,0
7.585423818421473,3.597832621281457,7.28638227819156,1
2.503575528897075,4.316739041420151,9.097192550304175,0
4.72541688116578,8.366792078605702,5.468279032857556,1
5.2520679875662735,1.327436654855173,8.594545380144824,0
2.7544681660622725,8.912867167397984,6.3073658074004415,1
2.7749629853347466,6.325562467565776,9.138014529003165,0
7.409953754188123,5.0791720346524745,8.79357589537456,1
5.279625793727537,3.836114830672346,1.6084310453600237,0
5.6139295834617435,4.024769679970884,0.8045309494398467,1
8.997206085712605,0.17818319170708086,9.416917213634747,0
3.6489046732539308,9.897975510861016,2.368416495272254,1
1.3598004351197124,5.388680049615501,9.169372507650692,0
9.319656198829286,3.4885175883719564,7.763662736663225,1
0.8588045620495466,4.191629274130108,0.08572914842223889,0
8.245591789911801,5.080696362788099,1.5394349762238524,1
0.6606218736995628,8.281289110390968,5.656312672077016,0
8.81812853419122,4.511773829844,5.268659966547926,1
6.1826482856114815,0.17745889367144163,7.296051151073351,0
5.843387708907524,9.36839656147188,4.522652663827164,1
4.2764010656912,2.190313180557121,4.426070178762802,0
9.66055392167191,4.526299337230338,5.085186997602146,1
0.05275889353440588,0.7362639826347084,8.380506400644638,0
9.007602491479222,1.194955192913798,1.0264767391263607,1
5.677767614623121,2.2430352467383363,6.345823554876046,0
9.785125194460594,9.70047793078219,5.154049378993407,1
5.861675424782094,2.741851914386071,6.00220616262471,0
4.490072591027005,9.499047795536692,0.8745704748283167,1
6.990081730016868,0.5530091539744053,7.154604876866799,0
7.559511654196721,8.90100145091446,7.454134272181578,1
3.295766532284734,5.970734748124561,8.895901275373015,0
9.525829385743803,7.545447545495636,3.831740592283258,1
6.183860267539917,2.9322294256800587,2.2098005738162385,0
9.785224210015718,3.5268447251745307,0.16729737625763352,1
1.6059270205983345,7.176552918846263,1.5746175534840368,0
9.515153531481994,2.85847847698237,5.0339241082915,1
7.756478050622496,1.4481228099226118,7.435133754888149,0
8.926546016416431,3.7690850434175283,9.798148194229551,1
2.1260764950133524,4.686500890318008,3.454419056496775,0
2.967877052127319,7.538958006392843,9.441298329097709,1
5.111155584442908,2.2863809858702844,6.306861988875021,0
5.174308760724436,9.519811154475239,5.1681455062471375,1
2.312788644196695,6.989054697360869,2.6295202687270933,0
7.648630929003765,8.698731994368888,7.373740785024836,1
6.681216026819148,0.23781744890853274,6.813406269270414,0
9.937259536754363,5.578838660517917,7.340017211386723,1
2.34286488300779,0.6559274731372933,9.28120141120994,0
3.293615168785297,7.079901004313681,0.04842831644907841,1
4.244148595182628,1.1392563602764316,1.7542544822289874,0
5.492027722650995,6.815436757978927,2.084518825620192,1
3.040648333288635,4.312265363915957,1.578597306813968,0
2.393630747379074,8.269408042975599,8.675613295486992,1
2.7352337094478973,2.000854105880415,2.492066831711143,0
7.665827640515205,8.991499799653212,4.935789671348061,1
6.940979815577805,0.5775977527729181,5.827091842672882,0
6.636924369077599,8.935943658474223,1.8861541136256454,1
4.655519455848505,3.352608764310052,3.9293468613780327,0
7.520581531912373,2.04832696769902,2.5793682108819027,1
1.289313241395924,1.0451066636686224,3.9354428562950403,0
8.125511063267572,9.87284328843121,3.216378863951148,1
5.845844890185257,3.106328047716007,3.2202108585572367,0
6.61560761898272,6.609169525638926,5.723687239982439,1
3.891698508861926,4.599284783417801,3.325090706208341,0
5.495209160823525,4.62208212701587,6.803666945867043,1
0.8286723555178854,6.847824518998652,1.483552189534727,0
5.890649068861899,8.582163919685385,6.103427353449749,1
1.466747221751502,6.0754962281224,9.985998305034876,0
5.6459874694361565,5.662898717424527,0.6756502183822766,1
1.9686702866478,7.478264465365624,8.223624127685255,0
9.333013480977353,3.077246061089951,2.8987006886525366,1
3.1875686119106774,0.07521734215557685,5.891546971423891,0
4.641178224565646,8.94709800318359,9.167388079575783,1
6.716614473790369,0.12875919189847096,7.717456815038803,0
7.118897763493738,4.244512661315307,8.843589804373403,1
1.7885637537071164,3.476549281650747,4.283285866818946,0
9.754111923735053,4.080762051755884,9.328182574946208,1
2.7527625699704474,3.7494981110206735,1.1663081879898785,0
1.3671386200628477,8.592282363881411,3.493718925681919,1
2.4072776591453984,4.380872213535332,0.6206024997522841,0
9.507733437539677,8.57486143134887,1.7789027893674747,1
4.587113657161189,4.851404969285426,6.8612835434900985,0
8.941070126296841,4.0720101133279165,5.6872642688629025,1
1.7709097901049053,4.521081771442729,6.81365583210098,0
6.367544628310798,7.411843852316409,6.026584169049768,1
1.1577890730733764,4.389918181870781,3.4567541916803792,0
4.032817032555782,9.878909426824036,9.937443535262757,1
4.187329736484653,2.5596835665099715,0.9969396850315582,0
8.255243203757042,9.757059849213855,8.420650729705336,1
2.495042776257821,3.958322598226803,6.71561602443145,0
8.573861617216407,3.502635549028411,9.62489380468092,1
0.7688607481020371,8.321189540509694,9.939244629136686,0
3.5579479495003463,8.217448786128797,4.883110389759876,1
0.7988905385739309,7.4835046053873,1.4243839112244538,0
2.772803381500778,8.523833960543367,8.422461021015904,1
3.2896206965647448,5.190909279407094,1.9927267756621292,0
8.203255980182838,5.2981453586856375,3.2066570388327253,1
3.011258916022662,0.6519648184427351,4.008939988274855,0
9.023552200713187,6.055750456066918,9.680341533604185,1
8.715205424443887,0.43253778651544006,3.104497625018705,0
7.521196655327289,7.4574984258327195,8.688331494538684,1
2.4084192901826054,3.2610115317610298,6.68356041063225,0
9.339735733029654,9.798155456368722,6.6472330828387935,1
2.59278466226456,0.7733010466081836,4.47773436658257,0
4.094873646973661,7.622220039302759,9.247188544313891,1
3.678014049622699,3.4947981652721327,8.294716807409081,0
9.539324408263296,3.7865052043149374,7.714907241062832,1
5.005430871446338,4.429552385314367,8.314715991875582,0
8.60152155619297,2.989340640109399,2.9888334906007206,1
0.15287709279999007,1.4528285168512045,1.6919389756379033,0
5.985044446775535,6.973892347381241,1.3531989347384787,1
1.4744025719778275,2.8583641131377213,9.26320099538757,0
1.5420973656472026,8.440099165948416,8.229218892069927,1
5.803619067330143,1.7488288519646988,8.37989060271015,0
7.86245150500992,7.446367993948172,6.43760366652519,1
3.5112645866779357,1.6398070793828123,4.490701113955748,0
9.421081884581545,4.090880178856987,7.4204532761639275,1
3.7967568365933237,1.3302589295168354,6.413317700308362,0
6.202086102779695,8.826213526298588,8.040980902166755,1
2.776406177125322,2.3946188216127284,5.0889631539266365,0
3.4010443374441293,8.557179906636678,0.016136064403344808,1
8.87464228125852,0.5171373769072984,6.903538221650512,0
5.327117907810344,9.592993354753624,7.326373053959111,1
0.6612485281448932,3.243240721363602,4.2906800457057015,0
8.094953558672595,5.120802639488752,9.25185509513213,1
5.825294820432038,0.13472851246892792,1.2371970483757189,0
6.608317133761663,5.454404127811476,7.591845940423088,1
4.632961611050583,1.9226948473194727,9.108006423121669,0
7.216695043039212,4.929957797688043,0.7274373279169788,1
5.089252476138587,1.63274135593508,1.5659048649845342,0
3.509129470227691,7.609545340647018,3.5440704395620246,1
6.243818461363516,2.546789637159513,0.02657687570841394,0
7.472898086464789,4.683788381005228,5.1128532363255434,1
2.15920439712305,0.27778659874868494,1.1391965343468935,0
7.0051828376646625,3.3613446669590576,7.211150812822965,1
6.535209439232786,2.0620136135764513,3.341487532565263,0
9.81830876727145,7.832083504789522,8.758480523179312,1
1.3525301299446835,7.128826485259877,8.947595108177069,0
9.056895483387985,3.8453582310279955,1.492591293212333,1
6.902128772542394,1.4169778978696024,4.843163058361053,0
3.620532538921861,6.880538900270647,8.219174609171612,1
1.192583368741691,6.772102544972114,9.379874118022531,0
8.579904914293872,8.351685338920356,8.32907391981513,1
1.753473619597028,3.88656667647435,9.975958684741123,0
9.81358826662101,3.8166297151044395,2.3513134616869156,1
6.124986123987814,1.1628311040268213,8.71767448288603,0
9.025324385431814,0.9481812541203205,2.112857805757616,1
0.20744630941490927,8.244828500476855,5.66079023888736,0
8.848078500038635,6.9493013592353385,9.602521396158298,1
2.8691679004466666,2.896473741013587,2.5318267398475633,0
3.3521512860915426,9.805544487774686,7.094999712817053,1
0.5723864842305004,3.3827246838064684,8.538696947139677,0
3.366411756714202,7.567806390335412,6.865199421522438,1
1.3022796292259997,6.052957413252782,5.954481360789535,0
8.424981034789948,4.337606208622892,5.068235420440137,1
5.197295915015282,4.168303315379484,0.9906681443075027,0
4.325923218674337,7.6369014681703185,5.688587334620934,1
2.0392715398555916,2.023394020490208,3.113974494843884,0
8.439126732778593,3.7095456473854806,3.304035531637343,1
2.15779643446951,0.3624363356920013,2.7070572061370015,0
9.583116905556397,8.410799091123511,6.465374062368863,1
0.7819125403237281,6.948262389316648,0.09150817694995483,0
3.887681280356725,6.288300042737801,9.245883183164487,1
1.227179067775469,0.6035950763496356,8.66839203737859,0
6.786126681652132,7.097070717266173,2.402329126659856,1
1.7604339740450659,0.2012549492854332,7.796207084816054,0
0.17501663246385357,9.911858278595972,7.073262741598548,1
6.6032203068279,0.11555459785879685,0.4748649378619263,0
6.556328822394039,8.041625885009326,9.628497114253987,1
2.3530205411009897,4.590534415149856,9.522234478130917,0
6.560147628438432,6.361625307058231,9.457618845904332,1
5.72933181421163,0.8343680572795231,2.323060081314139,0
8.533795912565846,1.5617300231020692,0.5400512834155824,1
2.3708896185935293,6.045169541664009,8.806654746916212,0
6.187382159536811,5.525139701253573,7.068769523215604,1
1.6958229977304173,1.6100698939180136,3.1357754402003,0
0.48009497545287383,9.434249666087497,8.616760423086827,1
3.9254340555366674,5.123463468808457,2.5408081374277347,0
6.445433275010912,4.461586883588059,9.887607528132328,1
2.2345374976435073,4.258544800800596,9.251574278542359,0
7.798882593126459,4.284424288277281,1.3601471867477577,1
0.4796026110258589,1.2210255765156053,4.471666135856124,0
7.541662462765401,3.7455680420058957,0.20885842167283508,1
2.5888108788604125,1.9358097490430115,8.462793765192876,0
9.44773440401282,3.3552584870060986,2.4948059488421315,1
1.840006995199941,6.157336020227032,0.25923992366313486,0
9.525386627114926,0.5798827543382212,9.212137131055524,1
1.6290560622036976,1.823043189578819,9.92936612054995,0
1.8445619466265584,9.758809537059316,1.7520261733424003,1
3.058438465946379,3.442504877156072,5.021674939300075,0
9.572897275579315,9.326215976463688,7.02977316417096,1
1.068606158260853,6.322871097326056,7.235649533382546,0
5.399013376749478,6.435430707231441,9.413590264528114,1
2.556655776981632,6.141295934962264,2.3015799997059947,0
8.717264595075328,3.3433761396825226,8.394483258210158,1
3.87549666518784,5.304517567757014,3.190854978018524,0
2.665680939693332,7.619334205380154,6.933880084040602,1
3.110449246840999,3.1975139230285388,1.1695879567001155,0
8.031367176801167,3.5336739225640743,2.626756636855606,1
2.6578749869756733,3.4279400071697665,7.027496350936319,0
9.381929492051215,0.7139675388016387,8.629828510875207,1
3.8187978814130763,1.3979259300952018,7.362072367401486,0
9.60476783379515,4.780291625283084,1.1378504038981163,1
5.421686290462829,3.583182374625611,6.934326014825645,0
7.264021419900882,6.808258083651064,7.496249661736103,1
7.111036888490542,0.9969950764253022,9.584398567935121,0
9.948834168412588,1.613313885690395,7.507007488005398,1
5.420621909938607,2.4854450912048542,2.408397920720242,0
3.435598037818778,7.4849414471358875,2.3488776411621637,1
0.08512250514966402,9.295586102010757,9.08200916763796,0
7.1760539386577396,8.955354742695803,4.435088124528162,1
0.21546938677824978,8.486579698100279,3.0604909061065144,0
2.889321693157446,8.54386850338474,5.086059041181921,1
2.396016567140701,5.84171733854649,4.4158287738789825,0
3.323588832206047,9.040098296433728,9.121557335672435,1
1.6784766291274533,1.8748415057406564,6.3359139771557595,0
2.2851936742976897,9.887605782517996,4.589938197009219,1
3.634546809591408,4.872342800859315,8.939338309847834,0
8.714777701063701,4.568782326835947,1.3129903056953762,1
2.671551627793219,0.5426685349797533,1.2681938848480134,0
8.473023415446333,7.589525855675685,9.97463504694634,1
3.1799664120451174,2.967930660842888,6.668246830634117,0
4.898778064784631,9.964207379723423,0.9847526759212877,1
2.8388517612011244,6.577146556407511,3.280081964303002,0
4.222850636686239,8.242527007781506,1.3583252546179225,1
1.0839019162625563,6.42214976441995,2.4426124587279285,0
7.998765362329698,4.098585983174009,0.08706891808674011,1
0.4686243582714966,6.690939383782655,5.827548435449025,0
4.468493174124067,5.754048232404055,5.874372162410478,1
0.5612093515122019,3.721640888328727,6.272773668600728,0
9.160184773768872,5.5384183607530115,6.958139044123026,1
7.80323240924514,1.6844583627180498,6.754363021433571,0
3.858419196475026,7.089987620393114,1.0063024394194842,1
2.397975871207174,2.3398672235821727,7.403407619075008,0
9.618657153016459,1.9624856957511672,0.506974126594405,1
5.291876039451237,0.5813204547444439,3.974148908263598,0
2.7393740804262223,7.855142294654601,6.217044944234239,1
0.18098748368594486,1.861314351807981,2.108393881106955,0
9.933074936978056,0.21500750864689833,0.4661540008434739,1
1.7664337133958852,6.838347330749674,7.3746452755034095,0
9.464806172403593,6.413311379266517,2.2844008532149718,1
8.25121000176406,1.102200599408365,4.27477390863793,0
3.9394820784966034,6.548739323731124,4.076125295019537,1
6.580160679885351,2.281317855343067,0.9223844089308397,0
7.293515273971035,6.049005244353722,6.675373704494161,1
2.805749471481669,6.535301624521173,9.65228247530354,0
1.411091006176609,9.370703981746294,6.791728662715046,1
2.247303265799391,5.98761248900877,8.934840447480198,0
5.875191205357886,7.212071082183535,3.820994835848104,1
5.63091853982085,0.266532091749232,9.674640504521847,0
7.659608924890185,9.27769553468173,5.708878399311054,1
4.997246799733973,2.337525215374469,8.417062937326754,0
7.1161341470741935,7.9878269518967295,6.545858093296819,1
1.3542841235910863,8.063774824178548,4.740646905318888,0
3.4762982384385643,8.014410745739028,7.910329284815719,1
6.7195162379759115,1.0339648285037828,3.74958286221742,0
7.260515989325759,6.054459274980814,8.980234439514748,1
1.164030045329656,7.218440907350104,9.772266887727117,0
4.548741550434691,7.286235869508654,5.993520868469087,1
0.6422938804244593,4.682185583552517,3.2192674031371036,0
9.331617243755023,5.297942738244236,3.3427599440006626,1
3.9813799657957016,2.104694423675302,5.839891767157334,0
6.282731881278917,6.998957102782153,9.15376259801132,1
4.165487386839998,2.9142406865880477,5.65421288998774,0
4.8991744478358985,7.992342662147359,3.792872465400227,1
0.0986989473096278,8.807998556821827,7.832464377071219,0
8.121264579169768,5.273036243886773,0.4859535253582892,1
2.5980019997195147,2.9597076890785177,6.3254752622698875,0
6.854450887604929,5.788613597170501,2.472682770391481,1
0.38821495045600174,8.836246305723408,5.024797392180615,0
5.184371436409277,8.458055488314905,7.134045667865219,1
2.7769511123611967,4.035644567322903,5.458478703602366,0
4.906388053979653,8.282685428317961,0.30495564099774275,1
3.9277269416483795,0.67315325951949,1.2009102007622297,0
5.762766661548902,4.580926908785773,5.71378390159645,1
0.43290508612474854,7.787314232113638,1.6390777920879895,0
9.867937115915964,1.4153988773511794,7.844061790199778,1
0.27225246993269336,1.012136091119329,4.766192179721437,0
0.7407100950634626,9.345708291576912,3.6902592200243878,1
3.923700363347807,3.3056213368597875,6.148584216031714,0
6.4094172528828075,3.6359826335635614,8.546586987226362,1
1.9379124000065617,3.056913486069547,6.493691041606065,0
7.736498333389168,9.33929614151758,9.100331545430581,1
4.73197446955191,2.616221356819637,8.509376665825936,0
9.981449543941416,5.571757337282875,9.877347161398845,1
6.600921281491154,0.49680712489621026,7.031694900033237,0
6.855561063863814,5.087558217652815,4.8241336476621735,1
1.6986485876282376,4.595961140496419,0.6986500387433436,0
5.870750051066684,5.034217206783918,1.7339814267285492,1
7.672936407536452,1.3573576858808067,2.050397845063819,0
6.281502913508328,5.412671076203356,4.919365747750307,1
2.0750527174856392,0.9905544436985736,3.9637755361520046,0
8.364146866990039,5.525159377367606,5.039550315376713,1
0.35022616730458034,5.230743427155367,2.4368157555253465,0
2.573945604111132,9.415286179325172,5.245782983259978,1
0.6422100941346942,3.738248971681324,8.527864948547077,0
6.544091373052528,8.976333904141613,5.641177851146423,1
7.635136464107434,1.1450511608640357,1.4315956648108463,0
8.67493087363929,4.814532909796821,4.555520043309471,1
7.976602122273936,1.1094937820024076,2.7258069615314806,0
7.690119605033066,3.7999826222451984,7.931212375065458,1
1.1141171064812228,7.7147605501227146,3.2823944947304207,0
5.363883617947529,8.5608480539894,5.762674326051634,1
4.025585647118023,1.4399896905779175,6.58895237445142,0
8.102607800482124,8.006988908333218,6.0431664268467316,1
3.0889904245715085,0.09441605997014269,2.9697854249482694,0
4.474572086230014,5.25132702865956,1.9889081604302383,1
5.374935644379544,3.9945290091148467,0.6658428545452955,0
9.440324473385626,5.6233730749384065,9.635752930986747,1
1.8640894353036297,5.742966755271627,9.141454591483715,0
5.392810748202738,5.2549755379890675,9.641987159941998,1
0.3265773565504704,3.364346193204646,6.287393470037724,0
8.899210604024058,1.8736978875553123,9.53693775366061,1
5.503276168176932,1.8130956880199423,5.004849309332796,0
6.97038027507057,5.248449889636512,1.1435627407657856,1
0.4414759350801767,0.7804911722475016,1.4398787342705521,0
9.455101063515048,0.2900745349629974,6.000302464499507,1
3.5531434543646325,3.949838082849749,1.0815044858737932,0
4.924817571290781,9.459014128185265,8.50646694707692,1
3.8420364081872913,4.762691097521677,8.799332629255963,0
6.674108744839467,5.947851378736898,0.823876818158441,1
0.9559390202044904,0.3058982573541591,7.426531376954999,0
2.8047479816699283,9.566599819923923,0.07534328119068623,1
2.028647459814712,2.1619105040225595,3.6689251113951493,0
5.305576672783658,8.914522889897452,0.29192628370308116,1
0.9480529696528883,0.48358672087158827,3.379981890297402,0
3.242159115588894,6.8441833943839345,5.444572905661027,1
3.325562073863929,0.22109581647881904,6.603742350065057,0
1.7699836257624746,9.175826891553427,6.04650697133563,1
4.848986843096341,4.413371107408479,5.3888754861642685,0
6.244470760541304,4.646117207938023,3.0890735271163305,1
7.234019764480926,1.4483749603380658,2.795400282961149,0
4.935558046446151,7.5084229549825,0.6614835266075847,1
2.8209668466430626,2.3468172151588074,6.879906163026829,0
3.8961095621335518,6.867919620873262,8.64211091983637,1
0.0543439239383936,9.399681493175684,8.076962681297141,0
3.648056400783082,7.69850749089957,5.763131100346922,1
0.39895547404592446,3.9632643917322286,9.02484160234887,0
9.040133518091627,2.710764159170589,7.810886924618382,1
1.6630088990911551,6.131440798859327,0.5002367730583324,0
8.596927029876111,1.6925231238226646,1.5911908999652058,1
1.112775902166201,6.889023000009758,1.8376680283216873,0
7.7484774705596955,3.7129844957506553,3.6176263605133077,1
6.949915639546819,1.7449688179666523,9.57198867861482,0
5.06043741409099,7.484040819330641,0.8342635221859518,1
1.7471083367499862,0.9546835426477995,5.788433761034007,0
5.34580263492196,8.35216196543182,3.120647829116272,1
0.6892537002407839,5.704827208620362,5.545878976804662,0
2.714200626870713,7.8397191247621665,0.8374465483442861,1
3.0571240633214503,3.3101540042083943,5.524121334987364,0
7.760147707096415,7.972834443799335,5.338403846709182,1
0.4416392653062251,2.3543994380914213,3.42826026958013,0
4.738640358747924,7.403964075042973,5.347177023031538,1
0.8024172191410262,0.045775649552897146,7.262975838702591,0
7.0724988139904905,4.052728016618147,7.288809239348457,1
1.9188070885752373,4.3600724314033314,8.367398258260364,0
9.773401609080764,6.70432916347734,4.897903131892583,1
0.30848776589918914,3.7154841899147195,8.897048094982885,0
4.950273861643268,6.163589772261036,7.402381846455162,1
0.98010566431186,3.9912703986607703,5.826668259089828,0
1.4999279740139149,8.226907905155517,1.683830962645566,1
2.7454781179780783,0.2180354462525158,9.74689198723028,0
7.942526255750271,2.544010882063846,0.9606063126826703,1
3.5433040297770937,3.660660617963456,2.2109795017526688,0
6.623094760330284,7.0724752325922875,0.5479559305933757,1
0.5683798782793992,4.767458678831976,0.4285386852507833,0
3.2868041293469927,8.999804639305765,4.959237439379579,1
0.2223073858424074,1.5640086473072534,1.979437886907528,0
1.0490007382984468,8.704951973285812,2.6719429782533934,1
0.6832119830917927,6.433359295032211,3.1824386990343436,0
9.926083029540639,8.044983159932027,3.3712259170200554,1
7.968891020575245,0.967834049777464,0.7376086721181196,0
7.836774326385312,7.554767811335922,9.116129115715337,1
4.1963272819062825,2.1839230227256614,0.9631960189672051,0
5.0403465965254775,6.868598315664388,7.0244036241745675,1
3.418954110338733,0.37190396639124823,2.221379227778586,0
3.9658834927895095,7.3947700434607135,3.6997491901931134,1
0.9635556105991694,1.114750491981089,7.384556730908718,0
2.289615308604287,7.4676101200487786,8.902762253917757,1
0.3034672485501999,0.9590177262960686,7.044754345263583,0
7.565026387393107,6.7238083582559796,6.274079289908139,1
5.630336358219798,0.3272515823077615,7.172454243988514,0
4.94891294431853,9.535465979144707,9.333298562067341,1
0.5799455328106606,3.542386293991936,3.1363048937458626,0
6.326171880074581,9.285609147190247,3.2042539999842345,1
3.6727137106769456,5.523771504714046,2.966107416254433,0
6.536511223146898,3.839536649391092,8.639531620197426,1
0.8707185831230846,2.147955759920046,3.0143437206921755,0
5.797684528329851,9.766230879306224,2.5824938699901323,1
2.3447205111879144,6.949026339819186,5.558859513419952,0
7.843255554470929,6.988356790620525,7.968679818410413,1
3.1023662771248683,3.1469261803279003,6.306396245404505,0
6.430811225074873,3.4782530101700546,5.9020807877982016,1
5.801006308708487,2.635909270696648,0.7994957017827009,0
8.41472085605712,7.391174133872154,5.287710361149274,1
0.7060811173365966,2.8050719747105,0.004038504792274189,0
6.754779569022849,4.364278854258524,7.903321285951176,1
3.4002556439462452,5.766636905552609,5.363955633200856,0
2.6503909659900904,9.021248371932831,9.161691326887896,1
0.8426214887341621,8.379415883802887,0.5877813554637534,0
9.756715953627586,6.475297134506121,0.2402977325131972,1
1.2847525486633227,4.4712865088164,5.249974390551704,0
9.338352142034775,6.689505998024806,3.6851651690377984,1
1.3818092704716967,4.6116374025574025,4.668576503174017,0
7.271944538902119,6.278145926638382,8.317685164625273,1
8.324423464834155,0.8308551549932519,6.727241384642503,0
8.903964810560085,4.814029418418806,5.438272410224844,1
4.636194840724965,1.538358959277183,7.106360240492542,0
8.221710201407697,8.050942454257948,9.148066433758471,1
0.764818345068099,0.6861175887026039,6.812847931830528,0
7.853867324503545,8.437972504505133,0.6827996955422033,1
1.2428157894326597,7.713932946626261,7.987250789693315,0
7.947931364959315,8.004495096244202,1.1080642949299624,1
1.3305056193030507,2.501045586582525,4.547850203986556,0
4.720640223335567,9.62048127684513,2.299713261630454,1
1.1404586466632516,5.657749752076207,1.2438559074164168,0
6.120240431351292,4.17692762959387,7.176336188208942,1
0.8052292488322799,4.019864416962104,4.218102215615628,0
6.27563227678815,6.595399751932522,6.9365852584999335,1
2.2165473866749785,2.626565308531533,3.327975972898898,0
4.7064961327688595,7.3667970136183,6.535500180719551,1
0.5534982941314304,1.6459419479856485,4.947732293836847,0
9.621592245419203,6.697087440419414,9.86483312471528,1
0.8469621888452272,4.614951529568611,1.96788708329663,0
8.718321979825731,1.4408181025404743,9.938592389534943,1
2.849948881713561,2.389082723388692,3.4397231822662744,0
4.924731249289459,7.685541354230212,5.696351915816953,1
0.4765001738037189,2.6564395393940456,4.958156994149874,0
9.12476577396035,8.6324046690688,2.2398050693338267,1
3.2034647130916962,0.3788849870886457,4.537298688035563,0
0.5735085502283321,9.99613931546971,7.200703739145224,1
6.509092205630175,0.6571999667313,1.6519410111972388,0
9.834675979337161,7.901335834083851,7.606331624394231,1
0.7976885122656641,7.120226018836218,8.799548952719192,0
9.737260423547156,0.7883520075954031,1.0594299984666034,1
1.2217445921491388,6.558921559395213,4.783478373369449,0
9.093332175787804,9.020663180767748,6.073305154031614,1
5.06250203872826,3.4231805725169693,2.1103348958674273,0
6.205500038542059,4.571644506128707,7.413761258985417,1
6.804445777468699,1.8635493581798845,4.845197631630715,0
0.8478165489587386,8.671170073419557,9.65961556132502,1
0.4172992255916974,7.520569205436587,6.907103821590814,0
8.880983327140541,1.5522504301589057,2.9683173494155843,1
0.2541268725171153,0.2298019387816208,7.981129938844665,0
8.45738093102246,2.4829952466680894,1.8406353352689808,1
4.001901323480225,2.281385107947754,3.9348534492039544,0
3.8239757821007814,7.175076522852123,5.235503598984394,1
5.53872839542609,1.6554659538996475,7.200226110399756,0
3.084179063126684,8.723737149804299,0.4972397627026215,1
7.468009448261932,0.9178932583215027,2.1549754151612746,0
9.51505155994216,7.5948380470436945,0.37973477413717815,1
0.3723925947738793,3.967229068053552,3.2095857266308228,0
9.637501278658606,9.208675370081918,6.368407878409251,1
3.6744238587556355,0.8561658483502377,2.060776151462349,0
9.56727255452337,1.8590631173079752,2.8395690746728386,1
2.1739558504310064,2.420354659393158,0.24182956913219256,0
3.584936579531548,9.995109775079138,0.12760796579154077,1
4.221099118792018,4.416400151830695,3.2667005390872994,0
9.415597082228484,8.625256657877404,4.5492238619858245,1
0.7046881043722664,2.350709778370118,1.4892521421332117,0
9.002662765724502,3.6201968560341626,8.763260625381687,1
3.800278102901374,5.293870564547638,1.0794253308623358,0
2.270879011379784,8.179073021829801,6.272235791454106,1
0.8356983186189848,8.381146407575619,2.2455391838456027,0
9.193385649089706,5.840396772797204,5.755515459818186,1
4.504415781706449,0.06740249009439814,7.116705595599079,0
4.4955734187879814,6.871618770303487,4.32191136722428,1
1.2758956104878971,1.4285680953234892,4.506898586081045,0
5.577660167124291,4.782882066265348,6.8148916460761,1
0.3729813021088846,7.358065998036541,7.292224460426791,0
7.3420031441507785,6.302630831967329,2.767421996223769,1
0.3105613374601002,3.7241444464396145,5.209027417397667,0
9.577452183875986,0.7830195011645025,6.95227017855094,1
6.549086390766231,0.49522693258591044,1.1523337987727622,0
5.789203504561511,4.970146661015763,7.324727828457376,1
2.963940986953799,0.38630381732921437,8.345254474094675,0
7.9984468030552405,3.812463742239225,9.623749394679725,1
0.46656502506174924,3.775006761362647,5.509575278739453,0
9.239714643344037,5.495524919672087,3.9014548278753547,1
2.8893174163618984,6.540359595498034,0.4674661874927577,0
5.1824138192305504,4.515491175721753,9.69981107218739,1
3.8318762349508417,0.5048671997423537,9.470624854309499,0
7.178963666067345,3.620058132522451,4.56098992089054,1
2.2642671606619427,6.099304813915245,5.417490750747192,0
9.378628101416847,4.871890222376365,7.900191176676666,1
7.8280907775866035,0.8433658306828973,6.3610614703870745,0
3.4670568010077742,9.065191089032682,0.9950147905623319,1
0.641826553553746,0.22426011837111237,9.332828204699755,0
5.826922640633418,8.016468864902116,0.2428266723917838,1
3.2527672513192964,3.440934525712499,3.836752979869268,0
9.35012297190357,1.3260846925992753,4.568504720201728,1
2.4565153550212306,5.68060626835318,7.272406827012691,0
8.213643199679089,2.0317269802411686,1.3639647270648236,1
4.041912100993159,3.4457456453745703,4.583228685652586,0
5.755910852917932,9.526177485344192,0.29850968572157743,1
3.7391536356384036,0.413216302595375,2.867651790490624,0
9.664929659834927,9.619238781919211,8.076829569678365,1
2.2439508429304587,2.402271527712465,2.848855157797545,0
8.98635980304506,9.50087612878148,7.005807090772756,1
1.49503725127616,2.8534692147282414,9.006976667889262,0
7.2702552734679635,7.317280023485029,5.471519265882038,1
1.5285280360418252,3.768083124194791,2.67028114483793,0
9.180590591271026,7.595482562964724,3.2002732308166273,1
0.834553039499627,5.081528658869242,2.3917945442836053,0
8.797354341441023,3.6087584920292173,0.16865675710709072,1
5.268483726148256,3.003809535282077,8.83952063856092,0
6.96200508478181,9.662168983780795,3.0096086208471173,1
3.500535170069101,3.1820832895298357,0.17288539830122462,0
3.7845641707066635,8.979290034874065,3.8433807061279888,1
2.9822063459002344,4.910174053759581,5.378443260822693,0
9.394991001362772,6.512651549525451,1.4331451944709939,1
5.749622170699319,2.125325500669273,1.542506511619498,0
0.7741040840755575,9.558720640055135,1.3685617391294358,1
2.116034614914921,3.907516437417067,6.615790519931123,0
3.156798140508088,6.387667539185729,3.2410098236610905,1
1.1857632295023135,0.3672321170038739,0.22320101426446803,0
8.298347395045184,3.991057019924736,7.814451685201588,1
0.9494771220268539,1.2902341297727737,0.6749118485847294,0
9.371406423738248,2.1501505365156257,9.539916745883648,1
4.771593329457091,1.0019830650842343,3.5563933820016724,0
5.752369565537184,9.731208021990238,9.356342617648519,1
6.609296976085696,0.41101622561117823,3.221419850808905,0
6.447273650980393,7.739626099383546,9.357772386152384,1
2.6668901886754215,4.826205802102245,4.989859957552939,0
3.8457316874919867,5.762371384239487,9.284566519904452,1
4.499675960062856,1.640441236217014,7.516534441339468,0
4.743203431215295,7.2516748586752575,6.787152723523981,1
4.10649231372735,0.6539905419124326,6.2601125162747735,0
2.769677970804146,7.144403684116352,6.3120478808057365,1
4.8211045999441176,2.073907649236734,7.1151560320309315,0
5.798583314406125,5.237898577196689,1.266099886667269,1
0.33301437239147136,2.0525161830394745,7.541605441041712,0
8.441281307122111,9.096037761141758,0.6792384896635684,1
4.845913163784669,1.0860575691218055,1.443750153005926,0
7.328941547683257,6.577635666323794,8.960811876275667,1
0.3575771210339229,7.613437644576297,0.17014044730760292,0
6.090343652023273,4.210525043186034,8.998068105307373,1
0.4965163383146798,4.828551818257156,8.800349282615832,0
5.120555448026673,4.57905077421668,3.969805991166826,1
1.9663527751752907,3.9468297142228783,8.49811218349534,0
7.239659476514477,6.1062572994289415,0.9291472163346726,1
0.9853091026829608,3.208586405822549,9.714094762961642,0
6.06441196515716,6.010684647864139,1.2387241273361815,1
5.256368158422765,0.6604974768771388,6.171246461993012,0
4.371608608374188,8.358071325692581,3.0078629706089877,1
0.5129972612968303,8.488756377904316,8.147952465778253,0
9.36442862121917,8.332797793515464,6.994904133680597,1
2.1415804659121527,1.3889853053087442,0.08920526962855169,0
2.928662304758417,7.173891434706205,2.1699496125669415,1
1.883973818743293,2.8936783561688015,4.225983037267849,0
2.693969360144257,7.955603957966994,4.704873524944152,1
7.836057638787372,1.2071643696284928,2.673891921029765,0
8.86477897312243,5.086890729026775,6.058953874183532,1
2.4277396154501396,5.305878741186822,2.5570085582488367,0
7.761015007325703,9.0051684918661,0.4677353047880628,1
1.8742747694050932,7.5434990820863295,9.833935265168579,0
5.744498441088206,6.045918935268882,8.461199790245738,1
6.665710749019212,0.9303575131254893,6.71193078773377,0
8.25106629700432,2.755514264813508,0.783311232887649,1
1.1279062406110718,5.4795645313673305,9.468297053733027,0
6.794288822033183,3.6309718881714304,0.9769641479190838,1
0.09985377748019997,0.9058339084700295,1.7980707766966786,0
7.5930472226400045,3.310777698962908,7.321404580410724,1
6.310022662680169,1.6557915806662393,1.5615175694848837,0
9.921153148747834,6.078426439738699,3.673784519441986,1
0.561819492333222,6.0404321380688275,0.5628996800251085,0
5.023713438187127,6.973414411904184,4.970267451436761,1
1.9315622509673114,2.4933610123420467,7.60604100971161,0
6.276715073034672,7.051285823334964,8.55313360951066,1
4.459225894458409,2.14532895126791,1.3046699081561564,0
3.862691239085078,8.832651079053921,2.0570205432733193,1
0.8193797218012544,0.6665587584582366,1.5720380422848212,0
8.27024722723396,5.600244741419377,0.6743438849985028,1
4.523669983454272,1.8152063250057004,0.8049929500538522,0
6.024283424107041,5.962097651452087,4.36271286339502,1
8.87279789798925,0.5475035549373475,5.372852332702665,0
8.306758446905924,3.192779621285794,6.432705143687346,1
0.18900701109338947,4.664416949387077,6.841942384418093,0
7.9939552117121035,8.92025113687923,7.454064602674853,1
3.9018969630718114,0.6460927202323552,4.978243757091833,0
2.333616095041564,9.461675013060736,9.279707197347818,1
7.513841399673437,1.1019281111719315,7.82085294660079,0
2.862020093399402,6.787419502182024,2.5963486040720287,1
1.8912013248142379,5.705129884463647,6.527232517979603,0
4.916300111520199,7.64188598811872,4.646160714916166,1
0.7579333101280294,5.442178879770734,8.556388796203754,0
8.74810242767614,1.461474493140953,8.378766904528703,1
2.2722752947262412,6.066197719211357,3.2473695354872953,0
6.636235101791234,4.576861215694591,1.0386529084166518,1
9.412007505185574,0.0809905337560024,2.0859392937378054,0
9.225101194586868,1.6056581390312064,8.81178452589025,1
8.116799044867067,0.7285159918586692,7.554067065692033,0
9.201634401867935,7.989226741463918,0.8010019390620582,1
3.631833991382142,2.4262721706277466,1.0339240534782312,0
6.713866427537224,5.547707016472774,7.055779684153826,1
2.899177064206786,3.2376053623803145,7.032384313632888,0
8.800687916396091,9.740401858051982,3.1404959184273595,1
0.13710163659687025,6.529471497183143,5.08425325356443,0
4.088967933404218,7.554262104098517,1.5800051476117327,1
5.694867080692113,1.6363768731549933,7.2686649363311435,0
5.986033525018374,8.806453392717955,1.205762907916157,1
3.3178374839879554,5.594906116501674,2.0194441098723512,0
3.074603748715133,7.366455015665155,4.288058343735283,1
2.9573646639852758,6.094171312808103,9.0851633148012,0
1.9093358738404609,8.614279733793834,9.588737419623698,1
2.345628575189944,5.423512126460329,8.869440783833403,0
9.223020003058599,9.949820024042303,0.3293051351485343,1
5.186216096654379,1.5523114383081071,4.832252732938299,0
6.295875524414289,5.961692281372407,9.841352388106003,1
4.232102187124704,2.5417474966672593,0.7577057671443499,0
2.2819349277317214,7.275764239261275,1.0486090917325308,1
2.798882663024985,5.934371746335499,6.641433443268085,0
7.1525374455954305,6.154296847399569,0.5570621691873379,1
2.7571457455601047,1.456018911415693,9.424696062471021,0
5.515102078095425,8.444545477388797,8.427950326257239,1
2.535726944919995,1.7288666488139481,4.291570952446602,0
8.200522428313782,4.437241231625187,5.257098350439967,1
7.358550347048711,1.1523574825064808,8.98109035864414,0
7.7776273519818915,5.2702496637895555,3.700878319502281,1
1.87386875638621,1.2980760102488709,3.4110969033577554,0
5.330139371235241,6.293336667560242,6.887836435986506,1
4.4788184862086275,2.5414216732864583,8.610497845970077,0
5.958096371845819,5.093684937730227,7.201158832302905,1
4.438264189037525,0.6905352957128519,9.147249896128674,0
7.911948640941092,6.91273753250438,0.1492119585791285,1
0.5961214303961193,0.8890180664487435,6.898454635933388,0
9.700601830752579,8.713837598917278,6.216382336749074,1
1.8502926100647743,1.4491850215150148,8.482109233268936,0
8.732718992447941,5.661112939943211,1.0434481485379754,1
0.274613223816742,2.4703144003058384,2.3627547972172716,0
7.639551634059445,8.57275488410503,6.230044598417881,1
5.002272414721785,2.246333982230735,8.872785967130616,0
4.1151701329987675,6.455040178647079,3.50895503682203,1
8.312477085133231,0.4721332077111473,0.9815116061468654,0
4.34305313818212,7.957316914042405,7.778719377573575,1
2.4331870974992076,2.525193276718458,1.326098511619288,0
0.731555375855214,8.899948482448188,1.907318985615719,1
4.1107888307370235,1.2737339253891533,5.882007039225269,0
9.491862542029937,9.689533926834436,5.739393959909123,1
4.514435540093988,0.5356666930366893,6.164387554076809,0
9.92660582355078,0.9047939169703489,7.235829273586405,1
2.590921250556064,6.177005349383649,3.7758570460393037,0
6.552395200119273,8.353361358642763,2.8056731599184195,1
0.7564208391804139,3.121669696360556,5.238591566735735,0
1.209729906024457,9.186407150932727,6.622965728917397,1
1.8812057306700625,5.118064625221301,8.128297771316351,0
7.2371169504336885,7.105894056119693,1.7641813541212947,1
4.642012436466384,1.7266962036508215,5.849090233192791,0
7.6336970891966445,6.356952551026187,9.797675408718035,1
1.752780012675289,1.9676446059544639,4.55687320786689,0
4.928097111472977,9.428098482035841,3.2880843723604447,1
2.1714227508773654,0.7072394731533638,9.992983615245382,0
5.711766823502504,6.435459290790233,7.235235613924918,1
1.0009530509802467,2.412922436979159,4.204497329783999,0
8.85887402328662,4.990368982341623,3.9208308528352487,1
8.026914896213585,0.8691794573126088,5.4249783812334575,0
7.038947862048806,8.913106765882468,4.810978083500592,1
2.3904682822661814,0.674032348177348,8.48866243211914,0
5.350271333867171,8.814706269577004,0.6334417055302477,1
4.646463201866377,0.8644126407063357,8.109256098517411,0
9.236832032689417,3.864255795595344,3.660693392747368,1
0.8260539094827213,3.1425554641735,6.297837572156347,0
9.503401616057394,5.120939630487161,7.19488032970753,1
2.3504853456476873,2.9133121634320536,8.37584651169497,0
7.85752221868766,5.0304687447143905,9.341711072591291,1
5.511867705697215,1.8374238447093016,3.383889807798589,0
7.301377548002412,6.688323891132766,8.142023060382385,1
3.501550401612854,1.039944629672842,5.093961875109223,0
6.298902469086734,3.744468654039599,8.115846834387305,1
3.7537804050282064,4.996766508332526,5.917116337791127,0
6.636186681019129,5.320396349572033,5.759142479769999,1
1.3397944475178925,1.0916703754304935,4.38771322831461,0
7.218490182886726,9.92042336347878,6.844711173580981,1
2.9530861965196586,2.271630927408095,1.2333524674267227,0
3.497559100281941,7.769110212167845,7.95602583336767,1
2.7686282086082525,4.170138089906122,8.07278203130753,0
9.019325045252177,8.523300837981317,3.211380195245781,1
5.820834493224138,3.6239659873326016,3.0104145509071434,0
9.672797196031098,6.433100245214229,0.42087032149893955,1
2.364772798938467,5.957160086771256,9.999632684849521,0
9.72982234844343,4.134505265267739,6.658669633482729,1
0.20927264504624676,0.7139233983882176,8.098258022395777,0
4.583215261797743,8.488142416269756,3.9271542761033795,1
7.745383870047485,0.21828731962586612,0.27400592329948403,0
4.214076873742501,5.382890921203931,9.755906083128433,1
3.6714337700849073,2.713865906594717,9.499798438141411,0
5.5853338695376475,6.949003353032777,4.046237693152274,1
6.481808754209308,2.9532788353558717,3.559464939536623,0
9.867321044419507,2.6403152237728875,8.88880497657958,1
1.096754934055646,1.0053010557908393,8.193056194220334,0
3.9236686821486035,9.965996950959392,7.675561233399735,1
2.222962326254212,2.3017125203809186,1.0090392430339368,0
0.8733441098152461,9.955081387739144,6.7753876884014765,1
5.429784818487603,2.611743771874665,3.140267183535137,0
2.675462259453707,8.82235596720562,0.13570133853174626,1
0.6594782090868212,6.930488878810545,8.591732170797586,0
3.5089367038210364,9.873925563442882,9.82150120111993,1
4.508951045618064,3.7051269854430946,9.686372273762927,0
6.85116165650962,4.4564207943571645,6.216223141053691,1
1.2043428611156426,1.5595580531392517,6.028254100383857,0
5.2580394292305455,9.471691393239565,8.362982187193571,1
0.1119266091529747,2.7797650204884707,2.743766268901063,0
9.427981402733131,9.078035827211336,0.05976063032855916,1
1.1745683565336862,5.91776557522358,3.219724767199489,0
5.1656890980729075,8.39153234448261,3.3555661394930505,1
0.43522850041990635,8.759880022918779,0.10547138677142853,0
5.8144182869326455,7.8449839422383585,3.769328515235024,1
3.1852618508226316,3.7167461915528044,1.6584261015921664,0
7.011788513803316,5.494677667990002,8.337826157098062,1
2.2898064055663614,2.448543615689002,5.459096666454717,0
7.906925742567895,3.5426149869972443,3.460940582881654,1
7.350686648046656,0.6588460505511573,0.47264608298627664,0
4.682200049380211,8.006945759550623,3.2905583994351817,1
5.576936259930589,0.4682193040808069,7.963580793995645,0
8.162358578708078,3.179664957612159,5.1168032340084615,1
2.7540736790171936,3.3317513501884664,1.8738131206712694,0
8.973782181357567,8.613745110971971,7.764625266488422,1
0.30879190125384426,6.9778265928810645,9.44972191724742,0
6.586188992276894,9.371898099708082,7.000444442796704,1
1.2879291652548963,0.9590922528280854,8.840958264962524,0
9.538848636129982,8.535208053076671,3.9064485280953862,1
0.7606819443583246,0.5568073774529836,6.446121586579562,0
2.8841610217124094,7.8678416231114126,8.637582789644235,1
7.4257326079538775,1.4616226673193933,6.787218489622041,0
5.434732766829786,5.565527678047494,3.9221530586738265,1
8.101297730229986,0.0638610733848155,7.044898813336572,0
2.291352841878276,8.691829994522184,3.156591954616675,1
4.904384355437288,4.392643536104016,6.941658481351051,0
7.186638891894695,9.797320392870573,1.8855163401647235,1
2.8312404999783958,1.5862317215404975,7.020615175152628,0
3.4408771825436912,8.514502347412641,4.637190410833485,1
0.37296980058909024,6.248623237218877,1.544867284607635,0
1.0078366807238548,9.171250757386815,3.758605215551202,1
6.469941656231377,1.1772866261314607,8.146445091156606,0
7.669266088574902,9.278848174130554,5.270879561968651,1
3.1426736658199674,1.5689378024603295,8.827166321168166,0
8.920305835731966,4.0721571973907125,0.5502898962301006,1
4.889286669771885,1.411181465455239,4.1594174569638875,0
9.565518847727365,1.6461853320403508,0.7532066218209099,1
2.217952043504571,5.595622219194656,9.599911891534918,0
6.617244450569758,6.758258877417539,1.086900172387173,1
7.276472203721837,1.2750615842247648,7.8969980742607335,0
9.877666732692257,9.184440515216751,7.722271871338568,1
1.2556870635489625,5.990799569542652,3.672643310268527,0
6.432184799710163,4.419386027309401,8.619013827345492,1
1.8561545925639922,0.422548283160904,4.359563823949663,0
7.50815406645263,9.274155086424262,1.671157401410558,1
6.627963419450013,2.6715345505670083,5.641957046470706,0
4.378068101234823,7.579740171725337,9.746447582353088,1
5.394566604159018,2.1634397224291324,3.569925754206278,0
6.693012879242772,3.2948602403362113,6.530835731883871,1
2.567727188426636,3.622128450468105,7.863278403683422,0
4.310016516364649,5.938005427879206,7.658437729063015,1
3.68659953981207,0.8223595466895794,1.4955304152830318,0
7.8686830973091215,3.9848689566943882,1.5965091207077398,1
4.332526220393651,2.1509682365581853,6.59033284698269,0
9.994565292700297,4.418940331568938,1.2969954213820045,1
4.711417792599935,3.278538601991181,4.928063804124641,0
9.470329477226166,6.703970176342217,5.462650596373269,1
1.6897407105026097,2.3515151814306225,6.827822452985083,0
8.122235711080773,1.8842193483860192,0.24886611051397,1
2.237625379258703,0.5030846895652374,2.035390417424423,0
3.078019107048692,8.161998358506947,2.027366855678796,1
2.040193642772671,0.38351819836620726,4.695013807181462,0
9.359355505772651,6.650918596704671,4.698279847185512,1
1.700344088593958,6.9446749758890345,2.404744120421646,0
5.7240725422284005,9.386179184539449,7.704378584203635,1
7.760111107046621,0.9116905899974825,5.4088763179848875,0
4.0325334434423885,8.133319253970004,0.3668249182428662,1
8.126508967754056,0.6271661654387406,7.686214517170072,0
2.950040875227955,9.732826829096663,2.3896559708224654,1
1.2041639063099474,5.339476087957822,0.5831577018265777,0
3.2036171678524794,7.733064985309013,9.29348530048303,1
1.0659991710337446,0.000295468935720411,1.2916751629399192,0
8.98782932577085,8.554058267397428,8.09548244229758,1
0.3017920470216706,9.035511117056052,0.9634836409836101,0
9.53495898108554,2.709309434514131,5.6929249952340815,1
4.155426145497557,1.531567204887866,9.23329773977368,0
8.450895962808685,6.145304602436933,6.463308409323048,1
3.047116927311635,0.1702251678867872,2.945726040191089,0
6.642998206930619,4.160526969569354,6.79502896248883,1
7.1883612542884165,2.0405162605503255,2.489007937419274,0
6.171293317117927,4.311845223609863,4.794521565635659,1
2.0244241774905314,1.4283389149934733,6.401273074613928,0
5.945180299643631,8.903863167790027,5.3485610172331155,1
2.1019735600897915,0.14035327199589998,1.6506601851380753,0
8.68539056996591,8.827492590004711,5.157993293810602,1
5.835158118547758,0.7229011306888788,8.331951891857408,0
7.375718127019651,3.5678276631739947,6.777676187210242,1
7.749518755804993,1.0885167900744364,5.614841918821368,0
5.85280379050391,6.348295666830785,8.675048286601694,1
2.4968948732515206,0.16273207700845949,8.440291953324031,0
7.6138258967746175,6.370296774383246,7.231241736505495,1
4.791908625749171,0.7655599514091693,1.257621683938045,0
8.305445307154947,5.859993705605624,6.31358350153839,1
5.500744089431011,0.07677461350074744,4.147869413797461,0
8.797442884064386,6.927663949824156,0.5641979559794319,1
1.1033027973780685,8.089182399524992,5.477095121758206,0
4.618767356624195,4.88154486850764,1.340130954426073,1
3.8159102191095116,1.980190023416264,9.742950218964705,0
7.500096268630384,8.608095214027848,4.50393017584041,1
6.6348983882207255,0.5436493842233525,2.0357588278518746,0
8.235970690540775,2.700173834187536,4.933631711163518,1
0.49771882952026947,0.3230010953951168,9.975479172308328,0
2.4467729832129157,7.167921258037605,9.270250963332934,1
0.7948990521354182,2.842986540919432,6.588533145693302,0
8.102912128440282,4.629788159905599,1.384654152981506,1
0.32629515962206757,5.4598319160927495,6.91380636392124,0
2.4353021786979276,9.752396731574946,9.272124471978744,1
1.2249715144504836,5.849852661829433,6.659374062877324,0
9.826970770403815,0.062805966391275,7.865051009510934,1
8.139510145481065,1.2469894295972928,5.609652627049533,0
9.898076305236556,5.063634426662241,9.468378668775397,1
4.655477226206043,3.202233080171324,1.6730804487396655,0
8.079306814677327,7.0392761169692255,9.540290178041927,1
3.383691494169047,1.0729525443208898,5.31426233066079,0
7.156751013406475,3.9371213894832255,4.514799231056605,1
6.977719815893532,1.3927226166842643,4.408453807539812,0
3.5060079576345093,9.839925064012894,4.762598519348549,1
3.96442850695099,5.301300299842615,8.536422818969452,0
8.473665482581751,9.636877707265889,1.8500971523012189,1
4.174730538097129,3.145653521566497,4.581914075055623,0
6.9609912204423265,7.952931533659363,4.802074103527647,1
1.7179927169398501,6.299123144673857,3.931536031597196,0
8.995514579132973,8.2084683217165,3.6257577898533744,1
0.9894597760632096,3.0337025311358037,0.7078080120718222,0
9.465861543134984,6.221360889394344,5.488206065353358,1
1.4734568937308035,3.4957483124166364,4.900691020090704,0
2.6888056507595657,9.593699426043079,0.36620107617087116,1
3.5838640502958885,3.020169367138589,2.2569467757902997,0
6.034885291381215,6.629536283431756,2.1770272421428327,1
4.00600125381276,1.1889120768713068,9.307260411032228,0
6.068164427760937,4.311331334483835,2.9379623270278845,1
2.8262119021718712,2.9352844250468166,2.0523118242217633,0
8.89078812973609,4.077100298481869,6.591795769138819,1
2.1081727869853175,3.3135559016889307,2.006715299327453,0
1.3626486796542292,8.298214792352857,4.576536581036867,1
8.126440036819414,0.531161057375017,8.168635193368367,0
7.0445544013082,5.103306658340943,7.438813245430342,1
5.556466096032543,2.966576566016783,9.912900118384856,0
8.698691623159903,6.248619487943406,5.61107706756959,1
2.654048721967964,2.0059724502930454,7.517073720441193,0
4.421990845602921,9.059452340599188,4.106952894284003,1
0.6987856072385246,2.6610656643355233,6.489991791400081,0
3.64955633383543,8.161167185788376,7.5373272896824055,1
6.894959739736544,2.273420372035584,6.389116669534662,0
6.315945329421824,8.756385021881787,6.603604034462074,1
2.035226480461744,4.364979228608367,3.6506566292810296,0
5.695176595827696,4.545470803606286,1.011174539340215,1
4.403638343248027,0.967284323832639,3.644543716316785,0
8.84686096978147,5.9216893140344915,0.1135140171404514,1
5.998816352449987,3.0332108902804213,8.180433350873587,0
4.609445372990455,5.08012973376617,5.568316938252254,1
6.527369926526471,0.9835788142299029,5.296168271665329,0
4.071282678976173,5.85407896723725,4.4366191688873355,1
0.9500025628986686,6.218315430884232,5.958410232168768,0
5.099953127669988,5.243646189205014,4.927711592844091,1
1.0716324397805954,2.1052111842743395,0.05916119380452556,0
8.441972630798006,1.9484808775984064,0.08216871200455,1
6.319994112031335,0.9577741360507752,1.840215022703503,0
8.095569630959128,8.95513434529583,4.182454654686104,1
3.816286381069517,3.0379955223367485,6.941451111442387,0
8.059118966660833,3.82398363939826,3.165011320310228,1
2.4863399292058173,3.673558890461759,7.505213906022853,0
9.512991104463481,7.391032388952104,7.865897592722122,1
2.2648015788591147,2.146214541227094,5.146438619319742,0
7.925889058016301,7.454147389641356,9.301825577434213,1
0.19659888595431996,5.013189056124689,9.38545203090567,0
7.0967777396174085,9.238246323574607,6.44940810683026,1
0.7511708317518484,0.2811434972712279,4.323019602688526,0
8.424849145711997,5.822742794821742,4.034448251190577,1
1.4850064452858058,0.31746644528924395,2.080644148789068,0
6.402432009216598,5.033783552259483,9.37632332252241,1
2.8679497306971125,3.0130297665669206,5.05196565515563,0
6.829031929545204,8.119011840762116,4.201291302156978,1
4.983944799222594,1.8693381859581548,2.761854684570877,0
4.060518120832924,7.990052842198141,7.675927492343474,1
6.403938744042587,2.1406218777083597,8.751861543058126,0
7.3093460449318925,4.574748092124486,8.201161161371267,1
0.7690287107985716,0.8044577602972547,3.2217373209178835,0
4.194051790120813,9.881008322828004,6.1282295277251375,1
2.780681290322674,3.2035534081941464,8.18145412827286,0
5.4142022123138664,6.236517724500326,0.4778818968345322,1
9.194400449865146,0.011117336363820618,4.962756530013928,0
5.024044900618547,5.799654600685602,4.70121482268301,1
4.661203051357619,4.496585446862277,2.065482894896531,0
8.772206875238677,2.855132361907496,7.782028008898685,1
4.251942782453797,4.3048008192787055,5.167503615079231,0
8.19824898803965,9.815201685901538,1.3240560666715906,1
1.0434721472560526,7.837829589262563,4.7903258499053845,0
9.10084668650051,2.7056823330092583,5.270037591790675,1
1.5606286120418411,3.2712245610091593,0.11241451661746837,0
2.534283097231451,7.790070923006933,7.553198590411299,1
4.2959561493903395,1.5487804657216397,7.144075234367497,0
7.048589294783629,7.421121486459848,0.14971246931993698,1
4.556715926363309,3.2316779307886767,6.0261632648996795,0
3.80454292592821,8.38865510191976,1.7674311773122775,1
7.521344707013925,0.009513496890164452,2.3946594850145697,0
3.575589526301296,6.153979731480654,1.0241753894359151,1
7.771620657863949,1.1587177422263073,4.524814912420789,0
6.09377709023387,9.066706791962272,6.175509432979353,1
4.891050798793072,3.470502757337667,9.720458804565725,0
3.8014525182810677,9.458744470196853,4.707773135204938,1
1.728465873954883,4.631008723047678,1.5044837492893437,0
8.018785712716085,9.074231185732625,9.464277273908577,1
0.9879123907249288,0.338881107967014,4.767432267928953,0
5.344528215874891,8.500943613941306,8.000518099366746,1
2.6709060858733458,3.80187739068098,7.168586676223377,0
3.455795166791502,7.977722892248364,6.161774005778442,1
4.550295947477521,4.2651801361215105,2.791825659288726,0
8.889887718377315,1.2840409334099867,2.7248746781075264,1
0.24778304734235257,5.705560893546422,6.942006270884785,0
1.9428871831331718,8.470469288843468,6.41713915839842,1
0.6973599322022905,0.1670657701599343,3.407435652370847,0
8.35918847645676,9.865299726838654,5.6500484421452635,1
7.861562530552737,0.36443936075861827,0.0342548658076014,0
9.999671111294198,6.083322704276419,1.1212381278951278,1
1.7448161236966242,6.56756955934147,6.519651949420294,0
9.77765824759834,1.0461225624726556,2.8302829376222336,1
2.7134305533724734,1.9390403325320893,1.6778950713781093,0
5.289043377272172,5.070201733994456,9.690659188345812,1
2.5874383884469676,5.108413024410257,2.139452807958313,0
6.874858566890703,7.62387809060286,0.5239994026947536,1
4.565944908638983,2.8933636945063643,8.082758556977366,0
7.059704203489448,3.113990742600059,7.903214800795709,1
6.754668358519589,1.3428703094057937,7.052591779714231,0
6.721060462967908,5.635444594837081,0.47622456941487035,1
4.805289772577948,0.9688885879972875,2.3508709898269577,0
9.17448180086638,6.707251865479018,7.633401775865185,1
3.6926052266792944,2.446317371046808,1.6875126971303933,0
6.740948337374201,7.865962793200515,4.119854289897292,1
0.331528893994949,2.9876063074546844,3.33026185011986,0
6.3204898195759585,4.183901884509661,0.2113453241512564,1
4.522697575989167,2.436278642013645,1.3154740870078618,0
3.8039827393729486,9.526699272152099,5.490791398745828,1
6.724859365111952,2.3350654850307584,8.334989280089996,0
7.367659860069722,2.756546093226271,8.62466748590246,1
0.3556727615088051,1.525686742864668,3.4520276245201496,0
7.831024951884551,6.9066912041408735,0.4661226538612684,1
0.5189169489706602,8.57412122258608,8.10085172275939,0
7.897862800676578,7.044705568040013,2.39739325566216,1
0.7903457501484457,8.682302813139108,0.2632654199187401,0
9.590527261978412,0.2976588297670457,6.764448170903937,1
6.504269212805122,2.2777217594896246,6.910651774276614,0
6.539707288999593,8.240454027977412,4.083663232787664,1
0.12098102923438048,0.8680510958046528,4.834859501177298,0
4.554046741040686,7.467483885604302,8.663166573580169,1
2.6095534446808824,1.6087739305484716,5.287414641960004,0
9.845990809241599,5.70814081712654,4.237456059498045,1
0.7355693033914967,7.922942867287347,8.332726906906911,0
5.760789445921208,4.851272207220592,4.640151581035553,1
7.479107117772532,1.174504250623547,0.44221785923491463,0
9.35907054240615,0.5864981676723247,4.121546690750877,1
6.303142972254459,0.18222517120743742,0.4201129113875035,0
0.9302935922973787,8.936395094924288,7.836198015504705,1
2.379535431324747,6.353814389051614,3.7722619899172583,0
9.386348795853896,8.030087245959091,9.152587145422803,1
0.6882987371147664,1.1365433133417047,5.757027862889296,0
9.912814320708065,9.031190953645181,2.9544248450668986,1
4.763493041627136,3.1114861837131014,4.690460196009154,0
7.682298486845013,6.418237588692641,1.8407482328277192,1
0.4185877055197573,1.3891595037244886,2.6695228875783417,0
4.488085582269945,7.505682774713096,4.446547040029665,1
1.6606758739038208,0.5313230388968959,3.5463169056631783,0
9.645341949244205,3.6963229171549616,4.014982057392352,1
5.130009808827491,2.5529041247127604,0.00908928673818199,0
6.748701579931252,4.933080896615641,7.931864883340259,1
3.0906950343764725,5.750203520803034,6.087526143501,0
8.753813128113798,1.8340849992876451,4.47582993897194,1
6.204345136652641,3.2578653980507086,4.913050642598984,0
8.486971198149046,5.188052569022421,2.4250525991437177,1
3.4205151014481308,1.5290156569615554,2.038114304272761,0
8.86417872050296,6.404561678261249,3.89913151924525,1
2.0767069561194775,1.5364064203816596,3.5943206774474623,0
6.141468759249599,7.86420340642016,2.5149152482115102,1
0.5837991614923221,6.06683929974134,6.044699232264926,0
8.068097897438696,5.953122829545768,2.86727504399512,1
2.109018400691002,1.10807468302618,1.9213334390566683,0
1.5120927294340647,8.829190482945187,5.678144598862284,1
1.2000139475963645,6.518491775071712,3.417797248626125,0
3.069695220356058,9.779396604994142,2.10328250565315,1
2.283667026622851,4.906763368674047,1.0528672759419544,0
8.422722781993087,2.9768685263520265,4.8815536422806325,1
4.302275029306106,2.714773053686741,7.484549445564259,0
1.248180416246909,9.651782639967449,6.965953027327423,1
4.621888411320673,1.3964562290143678,0.39957538017168837,0
9.778197857751113,0.9783891940496359,0.41333801258903735,1
0.047235481690693915,3.13598528753671,3.7199918436802957,0
6.92840180054599,3.5925235959183888,0.08470121580695045,1
2.534847126052804,3.440316474286945,4.029994424736817,0
6.201234577321077,5.246072402363907,9.12974415755344,1
1.8904985408573904,1.0658378035350191,7.9164734746888765,0
8.673934244880993,4.661322131248608,1.1560019913589747,1
0.20255804304382008,2.3304366942540233,7.786513087642936,0
4.772830132908354,6.861770630550526,7.543026050026896,1
1.6651410757518503,6.985879449783074,6.625783894650253,0
6.732565980633963,7.732035303789607,8.818240765770408,1
0.10294940114265905,5.917360372978829,7.804996727922377,0
7.288684957524961,5.3889190759326,7.944394915781966,1
1.7624500341128413,2.0737725283629196,8.317954110407884,0
7.8697217837620475,1.6454312147451189,0.9482210043181494,1
2.2538455353582187,2.850663325642172,9.010162449811377,0
8.353555603612092,5.633850201607751,9.799912655887818,1
0.3128198354316569,0.31751811460917767,7.163814978956808,0
5.752661294645044,9.717580312354883,1.1608492653987112,1
0.43728259571679806,1.0302898978168207,2.545326578464432,0
9.669777244872314,9.835575755332874,0.7022431595727496,1
1.0339468264781626,7.737945814835974,1.1771816258295298,0
5.177178059483056,7.657730406829279,4.559550119658427,1
5.195414653663862,2.18286850091482,8.559653745624196,0
9.219384764396208,6.9254288152620544,2.8754478463101196,1
1.07862309508304,3.326987011333078,0.2541789212593004,0
6.674045184831202,8.696547719440343,4.821867361202693,1
2.7372431895194693,2.211802457750378,1.2683811821771318,0
5.979960569325177,6.59745287093783,9.386405782393462,1
0.8373588775610818,0.3316162457332228,2.786379851028581,0
6.08292142005736,5.084848079056929,6.706590759099763,1
1.2201354961122468,6.681692933819772,1.6116634998681112,0
1.9170084224932227,8.741911670550266,5.119916582415741,1
3.090928164612575,5.786667157118352,9.470344388038402,0
3.8537108263995368,7.9945386216385135,7.030980850627043,1
0.8077720944042732,2.9640430991342637,8.392986514995231,0
3.521883190677805,7.772185902735471,9.919524151030807,1
0.9225250724928868,5.643465069383949,4.1912155207434765,0
8.908997239393212,0.7380740072524994,7.284024159630284,1
4.987523569340663,1.5955415065135758,7.648691379916267,0
9.512427667509755,9.054851708907805,1.1373779212098079,1
6.847784924786135,0.9301658853184092,2.7151024011534974,0
1.3780776389025917,9.394552744460343,8.005190523568338,1
4.783582155087396,1.8194209918473647,3.3873383323933046,0
1.0171312012112077,9.532263338093808,6.806049768727311,1
5.001095489146961,4.367416709557438,6.417411301075405,0
9.216082078572017,8.92383172687227,4.605034060161021,1
4.2345487573421785,2.881277275402787,8.085859261477742,0
9.440941376845744,9.419278538173561,6.200665709198586,1
1.4415962090117485,4.1277843337076785,0.5330789036840888,0
5.761909886433969,7.067651809822456,0.38196328372135935,1
8.989272036381628,0.5015735190645865,7.774608263047233,0
8.837652244697695,9.872852483508712,6.915354878481238,1
1.4490407865560995,4.883534904340729,7.1134462958868685,0
7.102146529991669,6.004082324624223,2.784777300995178,1
2.067288479174122,6.746760037611262,9.544555675857515,0
1.4043853157615749,8.714213982523745,3.4531903704156566,1
2.2975030580111886,0.7146529204894148,3.8916392001193945,0
9.91523413275226,9.556127133997139,9.71076470166238,1
0.31208033328791296,1.528310691739908,0.4777102352863827,0
8.15764365444585,5.283143634699545,9.158757938206442,1
4.104387777341456,5.199460689557189,9.347969618675528,0
0.041208026399776054,9.908322998695745,0.08210597175922096,1
6.953713761296526,1.2601278798722637,2.6809201719517883,0
3.47446792768066,6.499355131901882,6.224913490107528,1
1.5720304656469108,4.310216957788871,3.6071137125109374,0
9.126700137797382,3.961784451791152,4.748216300750188,1
0.2082891020123745,3.0964831367707712,5.8116739485393465,0
9.783031538223137,6.421287000298558,8.739004230538088,1
2.446965411830874,2.0816670508680444,1.872279294743865,0
9.969800940023948,2.8493825722388264,9.865534803995043,1
1.5250413031999188,7.278492777890811,5.142431463431063,0
8.35259283620717,9.091727097134912,7.491529587908259,1
3.1742341535864513,0.6531720353966242,3.31855475322309,0
8.786857948967615,5.635656481993953,4.671777877079705,1
0.10946298355970718,3.6655046136350213,6.22082930441578,0
6.583110887422804,6.5882423248263855,1.4445364159904928,1
6.353116488113296,1.4898983900083351,8.626353578484999,0
6.641394121352905,7.223403063469083,4.993541706244012,1
0.2249521958507794,1.6814868557703366,1.5069019150813145,0
8.657489100343662,7.8750741648042375,0.40950740601449653,1
0.9050022540814762,8.433770724224356,6.347646635801436,0
8.201372877598143,4.703366711413079,0.11864735431885265,1
1.941814853468351,2.1120624529089884,1.6066229384134134,0
5.207851372900305,8.931719010635954,5.873521062942765,1
0.24299611352296413,6.950638902511147,7.541145331799303,0
6.455358638783624,4.271364228902527,6.568483438621357,1
2.8864627069051307,3.127722783768,7.433824850707812,0
4.308551091370635,6.105270322150211,0.08913595381458084,1
3.522779262195528,3.1163671946149476,6.301668678950641,0
4.636106807070335,6.033018310677615,5.046261565528952,1
2.0646622722957817,0.8152580375859675,7.629622851741395,0
8.757277294854358,3.871924031784916,7.589144660204925,1
3.3499621592764797,0.4143128770867055,1.3400510435682533,0
6.2722734050292175,7.260089607143591,1.5955633605439135,1
2.5227931111633604,1.3818619856790948,1.0218407831481269,0
9.344145430908831,1.1234538527073379,5.74155518835564,1
6.36222607924835,2.459787234104854,8.362321453001883,0
3.058194842098396,7.839118114863725,8.286229764106528,1
0.26928376516966335,2.7192261939223625,9.378124034512371,0
0.5288815893358079,9.647718403819717,5.689830874044181,1
0.9939368355080247,7.255065032269168,9.848046854572193,0
1.6217932003354463,9.061317127094737,1.9571440999467038,1
8.797482970068177,0.3964896293230824,5.580740937491095,0
4.137048189527503,8.52403451490558,1.2034602898174918,1
4.358424194219566,4.428713228859959,6.246695479772175,0
9.339939094681597,1.0690611409762685,9.52242056951942,1
4.859334915878275,4.515671838894222,1.6145907859796194,0
1.9041927612495968,9.793288575395326,8.034052932607015,1
4.373534174018844,0.35398089742267436,0.5208224236242631,0
8.738773062551711,2.8015742605297644,2.093075944771692,1
1.5042895546736834,1.5554716641703614,4.30351251490927,0
4.718557771429664,5.421832139851817,0.39889774872201245,1
0.7931528418967859,4.987428246609904,7.430022229556377,0
8.709414586799697,7.196585939214008,9.98993605430132,1
1.607643674175655,7.185007282695924,0.21848481361333438,0
3.3555560035419285,8.388763323271613,3.153474617636908,1
3.04519845623765,2.2468501548776834,4.821788304071443,0
4.797928994628719,7.730307525726153,3.136136200925556,1
0.5486754712412023,4.15911381746576,1.9186498656052364,0
8.43771193603435,7.394811582323383,6.709441952837438,1
4.392195399552334,0.7420023521346297,5.471332423483317,0
8.305700804849996,9.443347823167278,1.506350114330799,1
0.946709347289012,3.3866903577331033,2.2431914117356824,0
9.035480471623655,6.6498868789708885,6.746018960829555,1
0.7799334674301339,2.485156338987827,4.120684283483489,0
3.4332805798782893,9.763196756630563,6.236396281504144,1
1.072129112946032,6.559707149878965,5.195384695255282,0
7.784143592021092,5.227613428040959,3.6226511330284197,1
0.34252475304971663,4.581873836905044,8.103518477699925,0
9.470899024742224,3.615937854840894,2.3749026621220337,1
1.3010065516277691,3.796509744887866,5.103015098981948,0
9.61787702710897,3.378959574199012,9.725904684212331,1
2.157310182246759,5.4452211479710755,4.850183035484274,0
7.263479248343259,9.780918763682525,3.6181891413248692,1
7.063483156145346,1.7573563507408463,0.2825164548080794,0
9.869230814457726,6.388667910255159,6.377384085154798,1
0.9202480606471231,7.565924969447245,2.2126845872004064,0
5.575111672994391,4.1828768305472295,8.854590374587355,1
2.3278895919598397,2.2550204952602737,5.234905357148767,0
3.1045966339115827,9.24914022630112,6.349873137694903,1
1.8564373796859812,6.210938460147086,9.986335682002863,0
6.493585271138916,6.943672767282458,0.21944838234351116,1
1.0632219001363163,0.7920532036098449,4.826990806658995,0
8.853618171396406,2.9413427488211887,0.47445801168715995,1
7.185781102124585,0.24782899845970818,9.232814703755853,0
8.842154338916488,5.68307449352681,2.000346972462035,1
0.6024941236950176,4.756362673992722,0.9470949238939874,0
6.990160014574193,7.037137650100106,5.017290402925228,1
1.310178799368955,3.15767645116531,6.0900564906468855,0
8.503849820905927,3.816892699556332,0.10546194927406827,1
2.4081422229291007,2.16997444748682,1.3984155759402217,0
7.305142505749869,8.466969050928668,9.634217605869365,1
1.5042614016982103,3.9697611359592955,7.130602803501661,0
7.325625167106471,4.757444519160866,1.9082463868607413,1
0.46517474027466976,5.88263216538567,4.233840076280929,0
8.2189786694369,2.181364490278739,2.308857700326923,1
3.226863151183008,2.536787629642415,7.752853398318512,0
7.293628090650902,5.474022448812242,7.102761029891128,1
8.382563319394867,0.5362309135819399,3.327663259125624,0
9.416271301726741,7.164698270084387,1.4255357676585423,1
3.053015464002314,2.7334162982233803,9.373920385158701,0
5.442784396251747,5.047711088216982,5.031252465458614,1
6.12751230978864,1.118971412566937,3.263107394898138,0
3.8057782888841443,7.6086734462593455,4.565119634100647,1
2.0356682543716467,3.6439187039364898,1.470397165117412,0
9.328537281324405,3.3093100765666703,0.3790991370025698,1
0.9425595523157582,8.139258824453668,1.9029856950875745,0
8.802146902713124,7.659085587699125,4.558778526746129,1
1.2864589526172787,6.362806812669238,0.8082187085825498,0
4.377468867939177,6.826445859253348,2.859043531901829,1
2.4943109774153296,3.474327517584844,8.460226478421312,0
9.634339737915958,5.20892258254427,8.274764753321001,1
3.2184252827923987,0.0952111800612987,8.832946940893443,0
5.2879744097622154,4.4542674380329,0.78281352904778,1
7.374014280731233,1.2712345691085836,9.502576090200606,0
8.996496861871139,4.295970937331895,8.743438469185804,1
0.49191775280589933,5.491435678183622,8.568795810091505,0
2.360842257801399,8.599209869514414,2.801822759538515,1
1.4828600786491464,6.803479163332666,8.45486278156413,0
8.85953479955628,4.632116551551873,4.281503043712611,1
6.690172875822382,2.7920310376744384,4.46826677314593,0
9.534553290547729,9.565436433029134,2.6037750454429553,1
0.29269191316304455,3.0440170503665054,0.6592909840491257,0
7.696760320453958,2.1308582097489595,3.4421571683749708,1
6.975913165926113,1.5826620596906271,2.2520132375030277,0
6.5047612500661,4.100491036213629,8.28977100880835,1
2.9823502235985435,1.7302470885853627,7.983554374774462,0
6.646932088265524,3.272781439309982,5.136736925258063,1
5.4640393646559,1.940628901033743,6.010417692698127,0
2.5400308941856995,8.02981210832899,6.205371997884555,1
1.5674144569248571,3.851365714345695,2.3529534582401714,0
4.872174923923866,5.574755961110858,3.7568331484911077,1
3.4816569277787957,5.309929746103807,7.003572444357817,0
7.716565801013598,8.755923807456828,6.993914076889797,1
0.30578280559083404,1.9463916378061163,4.736217697802804,0
5.419858981176439,9.944533960422623,4.763974462466042,1
1.321608089457088,2.928383743987668,7.609043869218883,0
8.968277202668812,8.066440787403824,0.8317060117856134,1
0.2721692249593122,6.804232343108948,4.930852552734825,0
8.789487072786573,6.33237488838207,1.5370771709865327,1
2.321329289740164,5.158853383808467,2.539728248580766,0
1.0048562057269483,8.778862265804005,4.727992585692915,1
2.752462403852798,3.9349048204489536,9.623707835507155,0
4.333927977790893,6.765603348580525,6.914508474258215,1
4.993567219553299,0.4737117227008514,6.83504082518162,0
2.9323369130091184,9.560424877450235,9.445549812966988,1
3.345459303055469,6.0889682062731785,7.435800717227026,0
6.954933688332472,5.3040680736499795,2.484831664932271,1
1.3935519335193658,5.776072093550018,5.399136801247107,0
6.222344876860203,4.553755143211786,3.308768104643484,1
5.826599254572621,2.670319406684567,2.4058307054593087,0
3.632220300050016,9.600409722699194,2.5383438683598047,1
0.16198883098013206,9.241876030124466,3.8452001676910017,0
9.358956901803626,4.692501332758857,7.517935100527913,1
4.52467173618194,3.657635201235511,1.3641521315974114,0
4.898558619371146,6.239902651352419,9.968578431237988,1
4.401165848125453,4.271558775906125,8.794522877407882,0
9.843544645858639,0.7598989333594519,9.339611205345186,1
4.400809729040613,0.9026823209177359,3.5913799844744663,0
6.018593639267919,3.883860692127652,8.685193978136477,1
1.436086113055317,6.667126470080316,8.701162900441956,0
8.837331578303044,9.776486585344728,6.263402871490047,1
0.3206712287195068,6.82279120617907,7.519154481691299,0
9.24093530936343,9.672698321163406,5.366333759363943,1
7.535082338392984,1.6021263636861893,7.45868787858766,0
7.1889940280886355,2.852238690484692,1.9164372116614725,1
2.6165173747652073,2.6992358998207933,7.244383172346472,0
5.415330399263007,7.91666439702984,7.521726133132135,1
1.791111521694445,4.402497944635769,3.4955935273592753,0
8.893922367543498,5.124100524874587,6.742236189653861,1
6.5516541132852,0.9557882712729504,4.534642906801029,0
3.053231503452103,9.860528821981324,0.7496518804324903,1
5.042019535153152,3.6035242925448454,0.13791909398227165,0
9.843631337025009,5.201244736069121,8.870376849715177,1
0.40433277380409693,0.9835411347659395,2.6565245991383515,0
2.24331933717521,9.06232670703959,5.606193590857296,1
1.966327644285093,0.9598278283847084,6.77738613299802,0
8.840869436512532,1.2719829305500197,9.748240761954918,1
0.09344769734267566,4.07454948285043,7.37140705786986,0
8.648928097908303,6.6726768199954005,8.28150910381085,1
1.2186002990337297,6.431111478076913,6.1837507346167655,0
8.258588736092932,7.961406635026754,8.48165948108995,1
4.191656417236067,3.1998782062678077,1.6950703200542105,0
9.661156810301005,3.051000398750011,0.24771993364891998,1
4.47378498444748,4.830123791376084,9.953230160458155,0
7.258026963305157,7.489710067593393,6.860876311960434,1
1.2096105284921332,3.003009942710463,9.560891136651565,0
8.835531593048259,8.713539110573643,0.46189187191127523,1
4.13568326064896,0.3910031688370519,3.383684464797936,0
8.556843445801158,6.990350723445845,7.897397581226526,1
3.624005911115984,2.4140589718101877,9.073320504971345,0
4.529408071090383,8.638123454470074,5.206855918850791,1
1.8933161117175867,1.5484024657051432,8.311998737287967,0
1.6370282852800366,8.690267768898652,6.580437838815523,1
4.587169770707076,2.327096797762226,7.581879125038804,0
6.0078543734542,6.550697985211769,1.849814073198236,1
0.936292824735363,8.304389305408735,2.5141863837784175,0
4.32069009957943,5.245621318986955,0.9507088682565734,1
2.044226711929463,5.695797902151841,0.5618084116995559,0
5.041608024961243,9.305739716095363,6.185771536157834,1
0.5126392260567902,1.6802113034865263,6.615158500470827,0
8.15181436439816,2.218795129091986,3.6734828314951673,1
4.046467250467007,2.982277913835828,2.828643609820519,0
7.941906437671485,7.903599837765801,3.8164405362638973,1
1.9406374327482268,4.768339320451753,9.130998817327857,0
2.5921445871245363,8.09107850450682,2.274474525868838,1
5.277133113670925,2.218220681470444,4.73753761071225,0
7.875769483185579,6.44902068570023,4.768995540819087,1
0.2956122285047358,8.580082187856972,3.1663331717021714,0
9.621623867107969,8.717025977970469,7.924831514195984,1
2.726305642621498,0.8920198018921144,8.206098775137152,0
1.9777636968650103,9.52434748217603,9.918898340901535,1
0.23992776158801354,6.85224285665122,2.205638896141733,0
6.489869950292037,4.48669870957459,5.441196888822422,1
7.016394747360523,2.0907361479415965,4.166809780025038,0
7.570467470970729,3.4394244895206425,0.3802809816000474,1
1.4516136724103346,7.637706363155122,5.134047366332542,0
4.63231948788806,6.106204501077616,1.792567975018775,1
0.16911175871712536,6.369520219204928,2.2905521852502684,0
7.938734958315142,5.951288584627625,0.646974848365871,1
2.1888659631807608,7.006961925349139,5.825173595120628,0
3.449894289813218,8.07025165704818,8.274181955434239,1
1.3688528297263236,2.3165612892028187,3.6623522141337572,0
7.47614755065416,9.676232194215196,7.314261100600181,1
3.943052765706343,5.505035437376535,9.794607180268095,0
1.0820387943930987,8.608479116416772,3.225248997977872,1
0.3778774362443271,0.8490879895334047,9.126767287336557,0
4.694510286903011,7.9057822930478805,0.692631572063076,1
6.694231093047485,2.470871810303914,3.108743630559082,0
5.086363234420621,4.796022226185215,1.3735239287102607,1
0.9233336747076681,8.429423509297337,2.804612109618568,0
7.702801690418494,1.9960184733305475,6.223854763895533,1
3.423175136487836,5.614607836888025,3.9485609912767305,0
5.077377959744399,6.3727240608736055,6.003303353611891,1
5.219298011316489,2.9501287932917233,2.6240633002434977,0
3.305547113605065,9.080507218090306,0.5893401976000279,1
4.944708577994131,4.305241970723256,2.2717085712824945,0
0.7359141205243691,9.921784495798155,3.662851039879851,1
2.387103996408162,2.0229390533657368,5.006805507218816,0
5.24683143377001,7.986195349525134,0.6711471523141488,1
2.3923165807477744,0.27751914375177766,9.4301748878381,0
8.499119187130441,9.208709694182332,8.174210783618651,1
4.077252446734731,0.40633693611261346,7.473746062244934,0
6.759035929014758,7.200533575339562,4.0461575016412255,1
1.6366908598904328,1.1258276242849685,3.6924115701732543,0
1.3122129656432302,8.432569697516088,4.772745715158565,1
0.12261954640861994,0.2619697382306241,6.412228742069667,0
1.4040318126860152,9.498232046273694,3.038790709307677,1
1.3937273502356828,6.42891891637118,5.506725654845447,0
9.822404218041571,7.119608132012013,7.813377631224922,1
1.7169399021100296,7.728296953644574,3.804661875534132,0
8.682114579726333,7.634995645087138,3.8598276601220105,1
3.417885689018979,0.805031049140178,5.038188012271498,0
6.534772257284286,7.9068208144936,2.719895821942334,1
1.5525642245903393,4.95832700685925,3.0301140586687705,0
0.4441934663767344,9.579855086111156,7.00178018393914,1
7.209191063932644,2.088375709077858,1.1243457818378189,0
5.333663655629076,8.588682037555321,4.991939178519051,1
7.064149404097396,1.8832892235602572,8.872484714429255,0
5.879179266225574,5.767272689986786,5.809513737993126,1
3.665968467801072,3.9265612978841435,4.045379555822549,0
5.106718796483795,9.188869703314742,7.214184136809364,1
5.317211262841597,0.6368155109819262,5.7911851333664055,0
8.268985984170778,2.0028591245092677,5.706664780724218,1
6.7535660648573534,1.9495276498245462,6.825657077876266,0
2.9220718560587997,8.195766772849684,6.179790438881141,1
0.6693879150131588,8.790001237954543,6.0337419078490795,0
8.91144472624606,4.566909366698512,4.625474029903653,1
0.351204039915618,4.053840747613861,7.5000689131292555,0
9.431842369412767,3.211485997525576,5.215745754770725,1
1.9919981577273738,2.1939788660881443,9.526682078736405,0
3.2545548989861874,9.364205330605236,0.2532925778141615,1
5.601945861567101,0.8278395145138961,1.174087943168085,0
9.942888755206935,2.408521545063975,5.862397709620439,1
2.172670908930674,4.3965130439822815,8.223874617844507,0
8.899928084174567,6.5792115423992605,9.34174159556023,1
0.4322184872394108,0.30323835351060424,5.360720925310752,0
9.973647887133524,8.422291263718392,5.1667125521130295,1
0.044410609650747945,2.1802252044374617,4.136529648371347,0
2.6370480602254953,7.382879014964143,0.18660085291047235,1
0.19411900956432193,5.686402209326164,8.948544689149728,0
6.671886929062907,8.8881967175335,8.152575722552958,1
1.3042271779702208,7.094446714409108,6.569685917729958,0
5.567017527406566,4.39299503736529,5.679932596448733,1
3.108883534218453,4.182536879321327,2.8106672378242292,0
9.244064987878453,6.0601477896731515,5.624611037761796,1
5.64274626914643,1.984536244172016,7.174288943363627,0
2.5347516160737316,9.646332009007269,4.4941445828459,1
4.109561001297984,4.234556306480261,3.459815335109205,0
7.3949805118791705,8.484514588261504,8.91388200040764,1
1.64523956728733,3.8658782013196404,5.450778996504731,0
8.51163156223328,3.9120866723392567,8.012340370271897,1
2.90204979284772,0.6235233355864434,7.689018198751888,0
8.767042428106617,6.570287502906536,4.549783757316327,1
0.6535028087761574,6.991366233453013,6.670870978904109,0
8.088606185916014,3.4211568184963403,0.8174751420095616,1
3.4859252498159887,5.929591106760088,3.99750595611759,0
5.1890989172215995,4.8928336416298865,1.6039453206763554,1
0.017882370813929738,1.3918856565849147,6.120381567739823,0
8.692162146188663,9.201166087380196,6.616813620060346,1
6.5944035768517715,1.4029081244197428,7.700254523543598,0
9.43837504343364,9.116120874067965,4.486490781849264,1
2.8330568496159527,3.912995112763907,3.717924032846418,0
5.718249018660783,4.126009098985613,3.3209007023716475,1
3.7226264970359524,0.5626962313709261,5.423827340483735,0
3.2217644194402792,9.20533167631563,9.189351220439928,1
4.283856177910529,2.366736879310769,7.6811309277771835,0
6.993204744035641,7.562687183554759,3.700439604168595,1
1.609518860167185,6.121672659609079,7.772307733298471,0
9.711552835333814,2.7891141832183672,7.361451622718801,1
2.155597379148145,1.701488775369605,5.5404827881224445,0
9.524477477833841,4.323620647134737,1.0076615197611527,1
0.9785758510636189,1.5472298243105975,1.3096282769734202,0
7.82308841127636,5.261124044601967,5.114310502362032,1
4.922998530239565,3.18227831777261,2.7963006758197864,0
8.859752939335475,0.9374173770487604,5.986425907726942,1
1.715534431650727,6.566238609719236,5.313470525456896,0
7.269647511351906,4.905819773732492,6.588237688439216,1
1.3726838875522285,1.4376363622551047,1.314790192138181,0
9.90616825712953,3.2084050895029037,8.95067088161044,1
3.2410789127250093,3.7147349761248725,9.65608259916686,0
7.572260436828639,7.83143669913283,9.632474567443097,1
2.7117246562370423,6.101714231931986,4.722202188055473,0
5.927627535907277,5.863457369346562,0.47034221730321346,1
3.5972895854697606,5.275060425135835,9.546517319516711,0
6.137352666982675,4.806888466373969,7.1225177728055,1
0.12255264552138656,8.240237010605018,4.825023857694993,0
8.438286801168402,4.9213935263247155,3.5956255400387005,1
5.155155846241985,0.8103844303882235,4.546976392230481,0
3.9252581035146097,7.778849345906557,2.971486933013874,1
0.011251739780908654,1.6553876653800714,9.908136087279498,0
9.577717511101923,6.738381228607392,8.731088488444376,1
4.705964966967626,4.613373276201594,6.599261999762669,0
3.7591709277388494,6.613962360367153,3.9984988528894485,1
5.194406525034295,2.267683669870123,8.075267973714453,0
5.051729656063423,5.131820967989475,3.421188952164065,1
1.134660644759452,5.544873995140409,5.510492581292629,0
4.18668433462847,8.65899401742422,7.340922216331975,1
2.316850584162733,3.720496933681108,3.4160510978280643,0
5.974698572024096,6.074877692072866,1.1007625067902826,1
4.151138058827714,3.2747603272177574,1.5583913234945135,0
6.957662464506315,8.119437468733683,3.861427680477348,1
4.0669679147423485,1.7976370129349273,4.527497614801799,0
8.778603686169978,1.5403421865880906,2.7652851448950666,1
2.681045637720877,5.831760579403347,7.924024291503272,0
9.346408224057914,5.990039402820506,8.150509464043736,1
0.11023846735721321,4.04683321729255,1.2310547106180336,0
4.939559929184059,7.4008151066786265,8.591177470489251,1
0.9464906632599523,2.7237508337960747,5.051729644964958,0
4.256831518925513,8.335726980254785,0.5615685019551842,1
0.12879517846760113,8.949515618618177,9.304216652809407,0
1.379800393573154,8.595666689485236,6.414299815927876,1
8.537529935437297,0.17879160081782697,4.585940683623718,0
7.692264264339757,4.657197466002875,3.4395039439048345,1
5.537456043584371,0.44290942255354904,4.028632411720765,0
8.705973133602589,3.950155646273795,2.302167026567712,1
6.717574809848465,0.5851872240552969,5.009798723762209,0
3.424839118848053,6.280807225518876,4.697005747446442,1
2.938986627414236,2.773024408070537,1.1205504661936805,0
6.27737992448639,5.583330086500071,3.737792346366345,1
6.673240433666642,1.6522159434617012,1.409890855923318,0
5.791330661923684,4.156150652835821,6.8897417245863934,1
2.2576018541370004,2.649014652572169,5.240380818458177,0
2.7033127734379345,9.759378334583573,8.196559638516536,1
5.346069855599557,0.281128278734859,4.804620272717148,0
3.1742429281175277,7.053436616999539,9.840474347760575,1
1.4675227380337486,2.148135409496328,8.128705302654076,0
9.138701710158946,1.8987701680723268,5.011140823175681,1
3.803699913459803,2.1009340743600244,9.488585897443944,0
7.526110053235793,2.3198499777754753,8.754720540033938,1
7.216687836528565,2.1228246197847724,4.569364864819826,0
7.9277974668123115,2.6696518757481815,7.818992164125894,1
0.4299575257501509,1.9162983484064855,3.804357607008858,0
2.9312995908858475,9.992116221381222,5.6094049337843686,1
3.847997649783481,5.428165315087323,2.135866564352508,0
7.87110474754903,8.112609336760618,8.928505148212766,1
5.33192577506659,1.9337689573989048,0.36221974836862847,0
4.46615487562524,8.756055173413467,9.739653247502906,1
2.717944659382309,5.029201737133626,0.027474999298074954,0
8.159262094987467,2.66815211295952,3.2370359983549934,1
4.888210875430642,0.8890691065986445,8.716866355819882,0
9.17933905676888,7.679720542818681,4.836995665457527,1
6.327055382672045,2.148976229379697,2.4125280071401924,0
7.397656168650776,3.2632750517933795,9.699117550433577,1
3.0049937997836986,5.121936224684286,1.9016020567968095,0
8.29370909474871,1.9859380515823188,2.3845042479906264,1
2.2429418124542,2.9668338350791243,4.905125577164059,0
5.731893022223594,4.481088078052366,9.521960211874687,1
1.2722638622457905,0.7543698913091135,9.823404638553182,0
8.962365949702573,1.1061813141817334,0.07916266561136198,1
7.5491597683045795,1.6781764809512412,6.104359278625239,0
7.367871789791806,5.0825304683864125,2.533629630419103,1
3.1947413165574456,2.516250421373104,6.27326774099111,0
9.67139868858383,6.473277801893264,7.738992492939632,1
4.0204010084802455,3.3208214681834267,5.786003105225941,0
4.649827804162948,7.068322334144074,8.398939627430112,1
1.9908225171240057,2.179623769193999,9.993167733572637,0
2.7115859978529464,7.3425065354456045,7.138599326026311,1
1.2151668018017348,7.28396495194136,4.1830731960318825,0
8.400334156356262,9.395582527683949,8.222622166262623,1
2.169668660371562,1.8773559733028233,2.084912757051256,0
9.908428292826763,8.594012094562595,6.821764673011943,1
5.916318113195457,1.2285897343118246,1.48820704943597,0
7.181617756336609,8.253885398102073,0.22831268147421202,1
2.2127422232235427,7.112643722166903,7.978344270906698,0
2.825177914157697,8.565292178009546,7.508967150678001,1
5.203798884227044,0.6953833814277377,7.472987004479022,0
9.203746147398487,8.013096979455884,3.5556098924426163,1
2.8282979877668604,4.289564814870102,4.1009746428275555,0
7.388481132891136,7.64344544151736,3.7607470279943644,1
4.054637233372651,3.007373407003576,9.909411376907135,0
6.142341378995242,9.499086273279776,8.588972590500624,1
4.253883026893318,0.3787583918737103,7.31985451398987,0
4.001199660604552,9.958248014763551,7.861073263049584,1
2.316974837056586,6.9331102584738975,4.722098149535578,0
5.033182898263227,5.552169938432615,8.612101073420991,1
6.618261660346462,2.450584684237641,9.5612614343162,0
3.6555227648008417,7.122826239966741,4.119274923922887,1
3.7570110372980006,5.436417403891945,2.2476917868937454,0
3.7084797012622595,7.204221503019381,8.437045573854284,1
0.7114396034176917,6.052460085833685,3.9338601942375195,0
6.406508133710393,5.011903670003779,1.1217190677442201,1
1.3168857179482762,5.579285635046412,4.2458788516622405,0
8.607944662750699,4.054608231014111,7.22213052322704,1
3.9017084633065036,1.7683521120561096,3.0207013974082706,0
5.476703355988247,4.172748695510283,5.537095716414145,1
2.4871016964943427,6.6733449941772784,6.204264376978723,0
5.927517947923659,9.116370909966884,2.9396771659151044,1
2.553112431163634,1.1297604565670138,9.02524364593701,0
3.2185637871196526,9.05525555277481,6.233762237884503,1
0.5041341794343701,2.64807052930779,6.369405465478538,0
6.359148545840746,9.759573955735803,5.941623486286062,1
3.928897429756267,0.1406821191018448,2.4436585308807968,0
7.879241866011958,8.840260880001438,6.313646560743096,1
0.2817557537342186,6.269572323300736,9.149966431546712,0
5.712803650197427,8.557134403541738,1.2093235455918228,1
5.644868532106888,2.264723645127561,0.5288767730471344,0
4.865309546510714,8.367277575751217,7.010402287849948,1
5.982244206687495,0.366566725166243,4.356067091107443,0
6.154182396308285,3.6993655649931103,9.343913863155917,1
1.2313165270000925,1.1428958812745327,1.340031308966183,0
7.573717120904194,4.7128162120321395,6.530004028871678,1
5.560512107082026,2.2795816095659194,4.540930095465293,0
6.046210130775674,9.826500514710645,2.6621114148083858,1
1.4472927571759464,3.918036989376865,6.04285513854184,0
8.938476685577827,7.2191618565172755,1.7026643225508553,1
4.936424521741616,0.30259318550764136,5.772727595589443,0
8.083122486128524,2.5017524325467444,1.560938309249602,1
0.4499513934526844,5.199529574675076,2.7734843978580948,0
1.0528131678813224,9.121319741263468,0.13514123455258376,1
3.0423935419319226,1.5307396425655206,2.810267726099911,0
6.788092351147249,6.79971093069816,8.803433651129373,1
6.540914532122695,0.7588580422616764,2.2638569091359906,0
9.470170948738216,9.622574210371885,4.515513460905134,1
3.349750755111173,4.033168382384151,2.592984854098368,0
8.245302419113523,1.935785185415796,8.684744661675339,1
1.63600778399013,1.691070948702924,4.509882801336821,0
8.592413789895375,1.948755043019843,2.0788874370246235,1
3.6882609245464604,4.3325638228566055,1.1753883699661483,0
9.39697233661973,3.701765221387101,5.886627527148005,1
0.5105132815313129,3.266428568013997,8.384562860832993,0
5.915115116146459,8.131493607975923,7.7473950474232565,1
0.7002723117775944,6.721560589136457,8.798042560799857,0
9.702261028990772,6.237428526479869,7.5860883406209725,1
7.332191793895247,0.3944054000235653,1.3881874535482575,0
9.795389666644734,8.226434412078252,7.116475426267494,1
6.090575370428324,2.8221719633827846,3.3595568675280707,0
7.983325685879769,6.478615255510443,9.71580584555928,1
0.03168494868784344,2.5342119089634396,4.301060187187994,0
9.223265872871973,5.581384688173435,9.602313613912314,1
0.6029836145037426,6.309812031511667,0.32676386235509836,0
0.06565544879511886,9.639333826382734,9.804601414822972,1
2.9987853511265117,2.4335872224144426,0.09079880694211062,0
6.778283861241111,4.915440169078591,4.892198218612373,1
5.141194928813669,2.9082209986616214,2.185177874554859,0
8.011659023322295,3.207015915941036,2.573775630704299,1
0.018212594074256128,8.92710449499135,7.997677045533086,0
2.1347841127870137,8.116314500622622,2.4118620544983793,1
3.604791471554214,2.4465265632315827,3.54364405397694,0
3.3899381113967655,8.660699842742044,3.9857730199967403,1
7.350603782068642,0.048167924290355435,0.5649061427502955,0
8.310743257317414,4.172596983852045,9.654347976780711,1
3.716442048435058,5.379334482204393,5.435984641189844,0
9.75961208856665,3.1241535511041993,9.852846563337335,1
1.7367505259091598,2.4561046489730396,3.9936668339836014,0
7.8927808404007385,6.919821412931317,5.6651708369763885,1
1.5286387277843116,6.558374979339666,1.5072745468831639,0
1.8243290192561779,8.150829621376861,4.176642800267104,1
0.3886515005786062,1.4855920771849351,7.032343279338757,0
5.309765901989671,8.133804732827393,8.541238565780603,1
0.403114126249442,2.3206296565642734,2.1085211115366906,0
4.69398522865856,5.5212173167423275,3.180489031212667,1
7.4123296043383196,1.795379343002067,0.9528943496652431,0
0.7924692832130642,9.816874979224682,2.194965670922037,1
0.4911752019113458,5.610850999766028,8.100043973462913,0
7.424005849452884,2.9327483115947905,4.6488793620693745,1
2.8149400984893616,1.6422744211675255,7.260795558023286,0
8.516766977421558,2.721273706633064,9.113855467944894,1
7.644902433887807,0.9906953475553071,3.326062604319262,0
8.06771406646361,4.584893833127628,9.387470571566523,1
0.17874325040043937,5.280362402755346,3.9578119773170526,0
6.873915135754329,5.013992839823014,9.646274427204228,1
0.2971324543221632,8.992209484557417,0.5484132219397053,0
9.592765145060216,6.938990094214381,7.09498048563751,1
2.601862452670053,4.313580560375464,0.6138304524265281,0
5.7118834641877925,9.196452288935198,0.8606869250317639,1
1.6908698268377331,6.642159380752762,2.836512530304552,0
6.675294819810959,9.449604837367778,6.28095554329038,1
1.9747700384052136,2.3923294800613624,3.889126688668428,0
7.010906549204359,3.380195707796443,1.743219733083159,1
2.294471433590922,3.9631129455506042,9.082875967574985,0
8.282804748123805,1.9001459893675832,2.430166593980182,1
3.835868122034416,1.8975953300964576,0.483929578745973,0
4.699834678413232,6.179780058245078,6.113268406200925,1
5.042989013136935,1.6925508393037214,7.841044249303022,0
3.744373165272563,9.769499764493592,3.6893553376844137,1
0.8132618210150255,3.138743372742401,6.577641039604906,0
4.789956593642017,9.146617750545827,8.024413671444965,1
0.8124875240055285,2.1551007230084887,5.389956776916382,0
9.434982243070122,7.2559721302027445,2.640429089462286,1
0.33425544164138565,5.666921245290226,8.194761746068709,0
1.9722854751785301,9.64849818419232,9.968738045722455,1
1.1825408981585162,0.8929298387590034,2.3113116791889174,0
2.6757361530000967,7.869792526181245,0.5789622588263565,1
5.574573880869162,3.4273221407100496,4.16406733723926,0
3.9927205267937027,6.292389128607746,3.289942488051719,1
2.5584414011280323,2.89866689666162,9.40526021119395,0
5.85458074215378,6.465740557123993,3.339725301682872,1
1.4919898892241623,3.1804172036114897,9.2093179530849,0
6.9660916063117915,9.803233801060024,2.5286241338135818,1
0.4308148472779427,8.142193787883906,7.837014057864604,0
7.069501889836086,3.110109573077314,2.6158780042538443,1
6.312442756531393,1.647907116660493,0.9212962018869464,0
4.633865208420177,8.133681582286584,9.009715195554307,1
3.3026277898546463,2.4857546296107405,3.0176108210860795,0
6.85015527007002,3.805243781706895,1.9641139428391996,1
0.7675957049128468,1.6568247857242135,2.853027482161238,0
9.016033388205068,8.569608766201558,9.550239679365621,1
6.490602933801915,2.817391174940025,9.604602489206744,0
1.1087669208666928,9.982574895252764,5.8582955071858125,1
3.0109545656546732,5.904330637202588,4.877083567678157,0
7.333878885027939,9.311681247703453,8.020205437340714,1
0.8723647975585003,3.974162365822762,4.642819416031224,0
0.408351015747499,9.841544544165048,4.8374007992658346,1
0.46002504957693424,8.774773448449407,4.313059888415893,0
4.219338968084947,8.883191250088826,8.227972704083857,1
0.43336757775632617,3.328981348607617,7.499033720520629,0
6.707254053731906,3.050577932174281,9.474837943033963,1
3.4494714395228,0.026910305546722357,8.14758438155264,0
9.368282719742556,9.562666706771875,3.6641140780842427,1
7.136875085169248,1.5401038842289905,3.5070804534035727,0
6.079464452578661,6.152344258651356,2.060342269758083,1
6.717637726326067,2.3633943103799435,4.592496580374989,0
5.234786159083132,9.887614330952946,0.4068006946610758,1
4.519673582772231,2.6524324782283246,7.421259251352791,0
8.583471880785908,4.377325555433433,9.044592505194274,1
4.321614211179821,2.5305972937581167,9.5750708495139,0
2.69332269013029,7.470608122857076,9.207260418377775,1
0.5928007833179305,2.5533249258644086,2.4769961381418195,0
8.82573568465512,8.13901668511934,0.9838385378883141,1
6.174628299092889,2.297993074858149,2.1218612469626095,0
3.0452333001249245,6.799494631477689,1.6487352827562385,1
6.595543046965543,2.7774162635338895,6.659673473460583,0
8.94928859182338,4.47322490186123,3.1501132446787383,1
0.6067839370686678,0.8422325691264099,4.081959850920773,0
5.420755562583389,7.695882006309969,1.2917586428423478,1
4.014092211911649,1.2989154436254169,2.164311469058555,0
5.677696386198194,6.6107660219832916,2.7267402578132005,1
1.404768096179434,6.043879586899771,1.748833226285823,0
6.642517211730303,8.366987879960309,7.913983793708922,1
5.445340625113895,1.1054419840452923,5.026943186280367,0
7.0897151511675105,8.993541372909304,3.5650427436584478,1
4.734742592942488,1.1105701513149024,0.2884733118336291,0
7.2529232481318715,9.16821343070534,1.2662231038526006,1
1.257323865951595,4.855883555629921,7.932984604805214,0
3.0947863297727887,6.572815639460602,0.00968325630914757,1
5.893849572321903,0.7883948262902873,6.444751618558717,0
8.339763457142602,9.877602907521668,7.797802697373461,1
4.434610463295481,1.6388232818039228,8.00526997360721,0
9.754538616708151,5.915268301518818,8.774228413131457,1
4.0503386704543285,1.7771228307158893,7.268781575669481,0
3.701332983938772,7.333965964171125,7.300605836737263,1
0.098490522177197,1.1298782741002944,4.472631244280856,0
5.9972942240195914,6.754162351928704,1.9780173004348467,1
5.672969551880488,1.1059162323406002,3.136577875271458,0
9.148803698299908,7.348270151306313,0.2626955335807901,1
6.132156698256836,0.3481927051917588,3.654895461490393,0
0.04702957128957408,9.825992651613126,7.762719725666573,1
0.3039019143424293,7.786762566831381,9.958083357120717,0
2.243496729771477,9.119412062101942,2.337857415655714,1
0.7291480892799218,3.5638031965140113,2.167321222413973,0
5.16279596988091,8.865467304286783,9.767895114687686,1
3.769412160431118,2.2296768115103047,2.3611745106936946,0
9.309558554315828,0.21297928762601948,2.012066178389378,1
6.93247610605919,1.1396663980031518,6.198169554094024,0
7.401406574309497,2.469139697785203,9.57876501838632,1
2.5555657490267567,5.9057635652922,4.83506735918167,0
9.004658819801556,2.405761366890312,7.083588208620842,1
4.28304457804879,2.933252390442732,4.990427784613067,0
9.42948781728387,4.0791692717297625,4.148647227881042,1
0.7628107087732161,4.088020765990734,9.117292502364524,0
6.249940189758082,3.594873158876004,6.667845735348855,1
1.9968502823605927,3.369669424858781,7.105275217620966,0
4.204719133488001,6.84141228177289,8.985517378513201,1
4.624014233414537,3.784032575669051,6.903215124461257,0
9.527459988440048,7.454199097689869,6.627109081919277,1
1.0339783928769808,0.7401861383713704,9.609508389643596,0
8.080592815187593,7.717098471073537,4.688261832884263,1
0.702650107342534,3.8325765112687815,9.73274963082329,0
7.517954121666231,6.048126966610928,3.9307472264615475,1
2.072533683853602,1.542065505906085,3.246431447753677,0
9.461767376029409,4.364356216316791,4.740450567244671,1
0.24530385250586595,8.104326174621413,3.9522480302690557,0
5.882359588918437,5.040757300187777,4.584409380688021,1
8.672809234217908,0.1314876538532006,0.8544893372250295,0
9.727597628124045,2.5300838669749726,7.24238420600237,1
0.18912879442318453,5.153895911998707,0.5513912242336183,0
7.247003301890539,2.422000385737817,7.344953293020765,1
0.15584773232967808,0.012387984402149055,5.367151818171384,0
6.876431931178505,6.1632932843100505,1.7941582980048087,1
8.348315150219696,1.0435483184491368,5.0614543840110375,0
2.2033897868944976,8.257042302279482,6.802784485315099,1
1.680274766035399,2.57269706902116,5.7276761687612545,0
7.734582008323429,7.927746881297168,9.070945489090889,1
3.8939830504511574,0.3997485207136131,0.4337654893913223,0
5.281205478848098,6.588735281489665,3.448380953759261,1
3.785314971013496,5.250802353579727,4.267085185864778,0
6.5570339828052795,3.42204375429344,3.907064977279723,1
0.6638387863558004,2.7693291345145497,8.918427135625137,0
6.79179413765432,7.943567201450213,9.46054201820602,1
7.510095288795768,0.05812308007425493,8.07886876861643,0
7.5265464108380105,3.157802106087618,0.5170996479636347,1
4.089348398876766,4.090959353450789,5.796383055188871,0
6.449763849496932,8.395030641752099,9.7135671007525,1
4.450481554922948,1.9366460671221997,1.4124145447247516,0
7.518044255131403,7.578888999300446,1.67385805120433,1
0.738311427561329,0.8941868132576802,9.02817057077289,0
8.292159038885462,8.75788082935671,0.47746357717086685,1
5.30987561133201,0.7510479555011407,4.775996038915934,0
7.817945776803903,4.9124695568854015,1.222815720601691,1
3.7416241820000815,3.232789779382651,3.7388193361010424,0
2.3713553678901365,8.892513046773646,3.395315804315403,1
3.5524307261737906,5.088117257771617,5.86213631315441,0
9.482186602541043,2.2939389265109233,0.0027403277897342093,1
2.851372611224728,5.04316365238512,4.764529575895429,0
9.75596820821213,5.7679458548263,3.4723095730470477,1
0.07160582156013562,9.097293599605745,9.922524797223556,0
4.214035409718057,9.512831941343498,9.912543881501831,1
5.8982071111632255,3.0509614038908994,9.233221881320931,0
2.5426546621421653,9.418241597428729,4.445914591328055,1
1.2246101401958298,7.5877269562117124,8.263815405172608,0
7.692496962325687,6.1829462982286305,7.535396706429377,1
1.0033549093291882,5.747933828891653,9.774881366985682,0
4.805308293192704,6.742819161163913,6.617690324651169,1
0.5575256396985129,6.625175462431718,0.3791197772980337,0
5.532176951162901,9.078036297262988,2.713478095534798,1
0.38399827491298444,5.71353529927324,7.519290611983589,0
2.3804440801645868,9.764862782939998,0.8361630706207468,1
2.375963344267069,0.6407653965011151,5.580318210965627,0
5.253131330052657,4.281576930211973,6.272179041399214,1
1.47679499616174,0.5320878328576462,1.9679919606164498,0
4.407639458297349,9.614553273266655,9.746216513519988,1
6.6586272299441305,1.9595612965670417,7.6615593228041865,0
8.517966140922201,5.993102757631524,6.817165649333283,1
0.5542259501014168,8.81681131804066,2.6872365749089933,0
7.786274326113044,4.810275572191863,1.1413392781089549,1
1.2046047066281684,8.230618705049066,0.9853869263402892,0
7.7553574716331255,2.5516670798010663,9.256186039744472,1
5.839400426523462,2.5319640337118954,4.1030058938032585,0
6.014814110960747,7.112536455223998,7.298255756890678,1
1.3533479291860373,1.1080320783579134,4.139500275464604,0
1.1803763991283955,9.549046357509127,3.6186000612516156,1
1.0338775845449322,6.840706208384608,8.042935157388948,0
2.7668663747809976,9.704998497184711,9.759036187143693,1
7.152321251620658,0.1826178226899211,5.2721602253279345,0
5.113072237222713,7.451452783924452,5.936443853091772,1
3.4311958135531873,4.97853322113156,8.299786732039188,0
8.247425054333588,2.243713876957445,2.3826851056572504,1
0.2992494012542335,2.479600714692901,1.0287600008887465,0
8.554587439101624,2.8765077587964036,5.832861206565527,1
3.0499376975468673,5.8189033707202835,8.815562651577169,0
9.258744900126871,3.2183227967367136,5.504247950582359,1
1.9299537942278389,5.487825692274564,6.977939758151541,0
9.981297920061913,6.02047181296089,3.24498110632637,1
3.790654359428639,4.38089550574967,2.3520084063443636,0
7.153472556732567,9.983397282433566,3.986771002556413,1
0.34275216448382384,2.094056600841936,2.444651955248366,0
1.0420576710429719,8.927970074174377,7.126938029592512,1
7.339131090094804,0.5437409406236648,9.096602075536644,0
3.1884197817105564,8.89283467350463,9.498700096752795,1
3.339782883585608,0.7509344086335823,6.529505883503087,0
8.108783587700806,9.332329904049647,3.0297993607806517,1
5.0844619820573715,3.557096284064415,1.1694260566876091,0
3.8392342423854453,9.33386547075718,2.0903608739066692,1
3.3919053251626896,3.98756265336609,7.373654882262741,0
8.345856380416349,8.9594316549898,3.653683416823865,1
1.6861218589377602,3.3567643112597834,3.954289345368067,0
8.22501814840845,6.246740237144128,2.1630111646066763,1
0.4079313953507857,0.9193571758476105,1.9848722334824898,0
7.407556405913872,5.015563666554726,5.070659700790409,1
0.20136254079261118,8.166212019252765,3.5492022914289203,0
3.7700166155353054,7.749338533092817,3.143818296407207,1
2.4522496612416687,6.378283288434683,1.877480612686736,0
3.2318983256446643,8.908901352789583,7.409020614005698,1
1.216001941976319,0.46669162868630765,3.1594752002200623,0
2.463101084968385,7.049568594921066,7.437077016793917,1
2.8717868205283823,2.500574245196532,7.850616218197296,0
9.107254604658827,1.5184548155242161,2.0617695420404747,1
8.163251589450756,0.1406036494678864,5.973970987524052,0
9.074866211425988,5.5361394475092975,7.396740387082298,1
6.661780696689532,0.5008212030529968,6.197209512371426,0
1.1628858835607991,9.495923100962308,7.5701413139419484,1
2.7380487538385756,1.9718206614184253,8.90082488777281,0
8.245042067654193,6.2898989095766575,8.983534741409096,1
0.785373774402025,3.3887166549336944,9.665322888829593,0
6.712126751239583,8.65068253611929,4.255414029526716,1
1.138644292844625,3.7340285175287513,5.443793385825597,0
9.22832000646416,1.5292035192021047,5.003523415101883,1
7.668863252373762,1.7239747388038784,7.340939808235728,0
9.955520939578776,3.2534436923028407,9.07326976719958,1
6.298498338667422,2.030575768229114,6.626762533842455,0
5.727051681850348,8.48838997509556,4.101908698531876,1
1.6614411680757812,2.5109331798909693,9.949503998003044,0
3.5669126944392984,8.974184385484511,7.010329041796518,1
0.0559583929491414,3.707148409582434,7.995915440900259,0
7.425702496898,5.296939191367568,3.460349577983629,1
1.479356790040972,1.5879623634485895,9.931965494995628,0
8.058306169545252,5.8691785788293505,5.327500802345955,1
7.376117303022046,0.2221595580614022,9.827860944676136,0
7.381342386114791,9.54499381833357,8.300849636395524,1
0.9436704106357652,7.556312716527426,6.164779202253564,0
9.236117173577934,3.846892849293111,5.528940429013941,1
7.297431374975025,0.262586372135738,6.966925389855852,0
9.054002880987213,1.1708413984089117,7.289608774071786,1
0.3639211430945932,3.0196378120880176,6.202706190530167,0
7.028592990902802,4.428437481124864,0.7944314700711308,1
1.0175348485788016,4.537239007689133,1.4773289425250113,0
7.256833566142782,5.707481705499003,1.0980068661661258,1
8.753286263346446,0.4984819813175412,2.465885055859336,0
8.310544646748895,3.0673927918661112,9.702482415507133,1
6.983089000011621,1.7958692280303534,6.916898370059791,0
9.810264714861635,5.176866295357762,5.7795287638975354,1
6.101728711859495,1.0954337487184096,1.197893833207928,0
6.54963560527511,8.398367056357563,0.5936378619460891,1
3.3474665688320093,5.365843465613733,5.4811849872361815,0
5.709015078501361,9.325252556331618,0.3366483015044175,1
3.33353476412365,1.1861374375054778,8.762258146495425,0
3.6123201908557734,8.840883514914182,2.289434310316383,1
0.9114281637643329,2.439427783951773,3.753949618814282,0
8.631911964169229,3.8763933575924883,4.0823032705198585,1
0.32109914077952606,3.9524199538583957,5.074247600604041,0
7.711674589420053,3.1137770690447617,8.328861867674037,1
0.8718170844456008,1.0343165696755618,3.327484886926466,0
7.029346106043794,6.360433514523315,4.652851782356661,1
1.7498499868821116,5.432115139147944,9.03258724475154,0
9.47493887893682,7.964308198042637,4.291529333959266,1
0.4594296463485925,8.310128735015436,8.10901978665631,0
0.24384715928859935,9.33825231875282,2.9669050347916714,1
1.082219332533657,6.535307964224501,2.627942829269694,0
3.7580873647612045,8.967133512911268,2.3644734849968083,1
3.254930574567042,1.9136079741080625,5.531460247004006,0
1.663325926028909,8.498331337590061,0.789255294021447,1
8.308661125433717,0.5260891133063872,2.909691558075216,0
7.477722573147643,9.412171285966467,4.101546229195697,1
3.684940764404019,2.434226233494845,5.545702110162281,0
4.385134719789466,8.748619739923496,7.729028991408116,1
4.036969904380788,1.246688343832295,3.500521255396032,0
9.444262649225745,9.350838091371752,5.932731548383795,1
6.387034375977477,0.9345114097699236,7.857297226611525,0
5.300620166874591,9.065330588268312,2.4520700510789784,1
0.025404543766491816,0.14444803665472072,3.5594075618437113,0
5.36455564318536,8.200820499887689,9.171713790650093,1
1.77465403608277,3.0011948689541024,2.072746059067687,0
6.569557824284534,4.883019440873481,7.723341895311405,1
4.163220002488417,4.200726135234508,6.965291034690814,0
4.406089380470505,5.913680874207356,9.685325945362338,1
5.521880079320201,1.5711712565637481,8.64382967172267,0
9.401553775354083,9.101233297863917,0.38131931850319045,1
6.801816088116586,1.2693154050343425,0.34637247148506023,0
2.5765216327353935,8.272169046813788,6.339073760455167,1
3.8353167133097887,5.183072849946995,2.4468800810206726,0
6.410979014321493,7.003448621149074,0.591697045419981,1
5.256039965181318,0.3798034496657232,3.2769473832175864,0
3.603938978754634,9.444118887568697,2.0280381081775767,1
1.5935009505287645,7.226022152397223,0.2172990289973098,0
6.497162768562919,5.2656357227846,3.0829901565777296,1
3.7342439901641375,3.7734059877271586,7.367186676930451,0
5.821896911137021,4.039001937119492,5.114725327669146,1
1.3846508674005065,7.720859978535587,7.779367799628122,0
3.131770567262903,9.748730694431858,3.5782798658308956,1
4.928275760905523,1.9210005094080929,0.8601728004069809,0
9.519374197625334,7.2745995894857955,4.106194691483712,1
5.153496768018796,2.8019843312085078,8.502870787319555,0
7.485000216731893,8.052445322807596,7.843951663938309,1
0.20268045522413014,5.935771448231776,1.9195220181063166,0
6.188468396262932,8.986553447084221,6.43475712454563,1
3.33764588772425,2.799509809404148,7.915936012036896,0
1.8987353662426232,9.884839827185822,6.501188120161935,1
3.4911331971934256,4.573765730006663,8.818938688877697,0
6.178525813239048,5.155398449197892,1.973958917625055,1
4.930101873324968,0.9316388937287012,7.168712672474065,0
0.8726536438228982,9.465491964603729,4.8789425712753545,1
2.7608195744471,2.188738431018944,5.484272632341033,0
1.265115060887031,9.124150734226102,6.379983013670807,1
3.1448679771129195,3.0636074301314578,2.0612912958951854,0
2.1837857282651276,7.552118801484587,4.824221487257033,1
0.7634713265131043,8.332813925974355,3.332757092788442,0
4.488197205682546,9.884343770698047,4.607910987048286,1
0.22723734815127017,4.627339062206234,5.684588701013179,0
1.5738416573906011,9.774508930645485,2.204688080571313,1
3.9084177880402793,4.972619716635629,9.217948358875702,0
4.95094460694311,6.642047897640483,3.3515074841843093,1
3.552771359028064,5.84889515867789,1.672388077011897,0
6.951650048390739,4.190781949178231,5.4422936038785,1
3.747273264411275,2.690553131000989,4.14575783016708,0
7.705773265141569,6.80896218070377,1.2182048210183016,1
3.42272342780746,5.707881479738607,1.2072177416692387,0
2.5885273934659345,8.31832931224464,0.5936364169522423,1
2.548924630885976,5.128442817031628,9.943983656780524,0
5.30982074231602,5.482036715746879,3.329996657132991,1
1.2516771569932905,8.118786706407214,9.490398363320958,0
5.208640867944256,8.361267549278494,0.9736754025190819,1
5.789745210564279,3.478953919439425,7.558881345516997,0
6.624418880181924,5.535998292068788,8.669826350116585,1
3.910191115409678,2.9262043145909935,3.0529587684026693,0
7.776405619794349,3.3790913496688715,9.07736896238394,1
0.4469354631484812,1.464335960481108,0.8820688342190375,0
8.489288239234192,9.816746627364767,0.997765274246315,1
3.042005597267771,0.35401948703745356,4.627320141610762,0
4.777668459114369,6.650707666679798,6.142389117059247,1
2.6394701154633515,4.199227271965899,5.080484209217181,0
9.618022462764243,3.757416306327891,5.2833232414557765,1
6.961164009116256,1.862567452960533,9.164976645558442,0
9.96185187236224,8.072965517677341,4.8206226842014965,1
1.2538135915368964,3.2194739583182255,5.844009935713465,0
2.7256133273512217,7.248670467413679,5.23989139455397,1
5.158886049330102,3.7975798419129503,8.211822925883164,0
4.467456864971543,8.154559094036834,6.5669260219227485,1
7.430160350065931,1.949081746482807,0.3465628237081009,0
7.886201878583391,3.8973093705817674,9.58061467579769,1
1.6769676147075419,4.435782220503439,6.805262724170942,0
9.615212862836906,6.539475097664025,4.0624882369627455,1
5.747579949514851,0.29210451479549926,8.070425839736293,0
9.748118661198115,8.447122917801256,0.032261511093675255,1
3.109371398508026,6.1999097580078,9.270308950579821,0
9.112652930459662,5.346843990124707,9.075547061959501,1
8.167095739655485,0.35851390700174623,4.691238240942843,0
9.109527829059445,5.198632583040386,8.968096124191792,1
1.144456220452692,1.1684017353755116,1.7408073600287255,0
4.124856815151652,8.508659087088624,1.2699382384433555,1
4.167182951598899,0.3155539529729612,1.5016800478413228,0
4.260452921311797,6.391344923931906,1.847037357296677,1
4.230968459116897,0.4368653212236828,2.7350192702737175,0
7.4512336629301235,9.505032947430697,4.9878108098614735,1
2.885281064334065,5.224236968634041,1.3684885189906582,0
3.7031867525057427,9.353555562902894,4.145250131966036,1
3.756187496767666,3.0918875547900693,2.666742751545248,0
5.797380466897961,7.929858303663195,1.6304723645644326,1
0.2344799698287392,8.437741442439176,7.6306469124636465,0
7.7737134679677045,2.9832259156730956,2.43301288810735,1
1.5776397635349582,3.8426422106511424,2.192307697509761,0
4.647719174372558,6.161901267216604,7.250763889670571,1
0.2166982880907775,5.022903376402334,5.541305911507647,0
9.052056702572141,3.576446692832512,4.708199688461065,1
6.527631352134245,1.1374274274669938,2.6300083576424225,0
8.487270579918075,8.586815549697452,2.8535054800316373,1
0.7462062509973444,2.6519005288185205,0.5171152753757768,0
0.7343443495650059,9.707306345161108,2.934428126374722,1
0.13096872504977042,1.4562867590316686,1.814096664013638,0
7.793647020582622,2.2693106344845204,7.776066428998707,1
1.2983411148387836,7.294371843338723,6.3675286635120205,0
6.315277690911923,3.7483525234967354,8.397799842644696,1
1.8220083460673264,6.5082550766101175,5.795688123151848,0
0.9662881025651471,8.620184447146366,9.385928075834709,1
2.2548469259979873,5.868852640509591,7.625277731921413,0
7.57433285561718,4.3779542377883,3.6327091562373113,1
3.0583948262152894,2.9858844105531848,4.179322091260832,0
5.42286907761938,9.650104860252442,1.4583726610790204,1
3.4158425251463487,5.11160569283255,5.5620106736503345,0
8.899567395167885,7.978313245654353,0.7280416631343534,1
0.6311434650620462,1.8873687185497157,1.638376122135926,0
6.279786874034694,5.257258628790348,6.987481587752261,1
6.391183760790748,1.8600392114615316,0.6119280845480513,0
6.065282398188742,9.491686816491901,7.615239296125723,1
4.170598530595716,2.0404122735925414,7.985616122695136,0
3.694390303085803,9.33335451446717,3.370552000460533,1
1.1533629859792371,0.6694444357309293,5.924978899617147,0
7.639579441869405,3.705698371326119,5.055469315130795,1
2.8370265069921152,4.093946158564225,3.134304173115874,0
3.740833321556638,6.800614155561715,6.342053412818887,1
4.578253111591701,2.7131749867581245,4.203017678640885,0
7.029804314405471,8.22125948672288,8.01805182226685,1
1.6860878025215342,0.23369622950899727,9.445686384392586,0
9.239973755211503,4.401673201838662,3.0814433829115826,1
0.44638740393263765,6.7919483242947045,7.610195837034186,0
6.859963409070977,7.193515927218584,7.500653208980591,1
1.6527376646277059,1.0001482626787805,5.284460957900478,0
5.2172731352732455,5.126449198369819,3.1494884143992072,1
2.3150032088782835,4.395716571207371,5.558407517028922,0
8.5838766548412,6.300834576687651,5.801528378519714,1
0.6205777267058243,7.859746055060782,1.6959289380196974,0
8.849924780989651,7.686484694416542,8.754938886663847,1
8.152605231995304,0.46860090869393356,3.9614398053413504,0
8.739592206354537,2.664321346843689,2.362900891154407,1
2.0963845651176714,0.5447257629840552,0.8985971287654382,0
6.336494733568927,7.261827262333225,9.352961945124141,1
0.2757743959620118,5.209515958028939,9.192371650215263,0
4.043370965996323,9.87997944643677,4.047296400247156,1
3.287255843105572,2.113841971739342,5.4762557966617464,0
9.338548066220488,7.472639193449102,4.191998311710895,1
0.013224482384318614,4.6401027538525055,5.428938293355756,0
7.181245322313217,7.810369464479585,7.503783055026519,1
3.3654075850339327,2.1177382146564483,4.238906639365867,0
4.32884146222416,9.608906133293601,8.481197614958724,1
2.191711581845105,4.390961360217514,0.7565052104907999,0
3.396407480173569,6.928628669267817,1.6118095518081033,1
0.6612654959197684,1.8609396077189644,5.440825858401023,0
9.300352625746752,7.3903098164087915,0.6272108666994469,1
3.6640293877921715,3.461742616281016,9.134267850405863,0
9.077650909516661,8.647840916144956,8.567912841187141,1
3.486553761422723,3.8446041231898134,8.041995832227064,0
8.1504900308317,9.742843624413233,0.1298399040277376,1
8.757239316217873,0.6210890426402893,9.483186334859239,0
8.362429136074061,9.614085811954144,6.630748124628014,1
1.4609428396696766,6.66262024314746,8.279880488989162,0
9.747489043635563,1.1726834617022908,7.910097518309254,1
0.18599698896113348,6.825486647949165,4.169381809128595,0
7.650996747295692,6.919392699830586,2.146462727641174,1
8.480846356240443,0.3207896080674788,8.835006324063022,0
5.852201088632344,3.9777298812648922,2.701898961111949,1
2.1544525554084206,7.111149656840397,4.003865509200163,0
7.64971461008563,5.941184606666709,0.48724111184540564,1
0.3718410402554695,2.927390859143686,9.86528155064638,0
2.7059755473075597,9.70025774122188,6.541517693733115,1
1.7775290167425506,0.039731223328247633,4.6693929646657795,0
6.460114849967528,9.907466187627659,2.6028074644996257,1
0.048134583534248376,5.903671502082272,6.5507331811865175,0
9.520787596384647,5.174431666323862,1.3258754656023575,1
4.631674818799112,1.020358310852847,7.895183565734859,0
9.040892833361873,7.2688968229584825,8.859577889405575,1
0.3291668096536704,6.263871227543233,9.4994890391774,0
4.1584269299634755,8.520715840772473,7.124301893344869,1
7.925199796276838,0.19511110328571113,5.98526818448602,0
7.550755538158159,9.855597551037228,6.0963240622319015,1
1.4378162537342198,1.3979814823498715,5.084655131861741,0
7.808175908901685,5.3274456655247295,3.151324581126036,1
7.769981760308529,1.114677108993335,5.17077779925285,0
3.560670330342898,6.797771891482861,5.989445472211691,1
2.0529400710859336,3.585739858902397,5.69029129036207,0
5.441316831602174,8.945258729274565,0.8578922650914178,1
3.538216187146237,0.9841325733361006,8.612429144083682,0
9.381770371320158,3.7910016871307253,0.7267805024901175,1
3.741163481021479,0.8174450985964532,4.8717077796611,0
9.187801128475579,2.347249588302327,8.378073551485036,1
8.392640898293678,0.9829129733621289,2.4243904230361055,0
9.376415594797544,4.889859344990595,1.258546786779584,1
2.8784380069696103,6.143530713723448,0.4167115550764555,0
8.402526240932822,6.267166006428008,1.4761183226057184,1
1.128384245982309,2.547700912054104,6.322013203915229,0
3.639809780935772,8.95442164549725,6.300085901235779,1
2.010402458838847,6.600903320444344,2.787221931992362,0
7.888616005662666,4.368224233946329,4.763224846678632,1
1.2983544901266197,4.264062444729263,8.28664069249653,0
8.144030019742337,5.457433740801923,2.447043451379045,1
1.7934460410580144,0.2875060798854667,6.962707144027017,0
8.856738650821953,8.463909420531273,6.770081259436541,1
2.523133747183631,2.1204242599419967,7.846835456156392,0
3.2514938603839347,6.631366901826724,7.123414804241673,1
0.21745568545340488,2.8171113809785755,6.122503918778429,0
5.903303385641729,5.067670501653731,9.464430040990713,1
0.047329977497424514,0.17118266513280522,0.3173874222269657,0
8.168161024164979,5.991475760760378,6.920375863291259,1
1.5759272799672774,0.17184097901992157,7.617849662056074,0
9.459352708291297,4.362310814910526,4.066547481839578,1
1.4758904396463413,4.548357035269593,1.2120145471378319,0
2.4443763879589064,8.355036389711962,4.816595507681839,1
3.3908326931464328,4.3975255293958115,8.642336814400226,0
1.427334572760387,8.80492941700292,1.0599067279436791,1
1.5989989391835657,6.3170690073351725,5.834818813759553,0
9.667542650760673,9.71813574490022,7.852593964302685,1
1.6774026781170959,1.6399957850480418,8.375669964162972,0
6.517320859981449,3.419082683260198,9.004439813023264,1
6.400851746207375,2.747967097215205,3.957782171228428,0
2.572552625609028,9.631875998287999,0.34368376855871796,1
3.2184685297217372,4.375487377878158,3.8832714089027744,0
2.3027267424816253,9.381816306882966,2.4518392204877815,1
1.6274574234450578,7.359096210057446,5.686628337085688,0
8.037104334535591,7.6959721571202655,6.435366794648565,1
1.7028705116773912,4.903100731849097,0.7582932413670851,0
6.763189864657536,3.3885459715859723,9.26948656318524,1
1.05172713579188,8.202914822870579,5.052779271258548,0
8.980616400925749,4.29967488384161,1.0358097290652435,1
1.0092621783277056,3.3520000022935315,9.347203058714019,0
8.227693905799514,3.5690052529488203,1.7481571367080329,1
1.255930060107272,4.486848460881493,8.694898924211081,0
9.416048455629277,3.096534789550087,7.698616650134329,1
6.858321240494924,0.2714519646938496,4.1637019259335615,0
6.135910629787883,6.908171935007136,4.9045999841859755,1
1.293744508657626,2.48840918095346,4.986473612846564,0
6.0925143522122145,3.4742956599225416,5.927545596052145,1
0.4127758139298887,2.085799985584579,1.7833741099888545,0
7.107909118311486,8.255609984820705,2.7160799165357465,1
3.7215448974288448,2.6279193943016943,7.976188377944419,0
9.027768999970501,5.399701536933897,6.421697037120363,1
2.436213855517946,0.1499203061998322,4.180754213699176,0
7.360766242149904,3.2988690622481167,6.854967921066805,1
3.3846239412471824,4.12179934909693,0.9563799575636023,0
2.601450871284804,9.914924496536392,9.878943615006929,1
5.98584089103436,3.434736046488116,0.5398753593463945,0
8.85639414903707,4.9155603197041176,9.371952329944135,1
0.4219881994651231,2.031707516208374,6.047192996916495,0
4.745334801129094,5.128613270916462,6.614549435180051,1
3.198957078429844,2.4915150865973326,4.00842385929598,0
9.249504331679525,8.573535555004156,9.18636515642506,1
3.3665292354548084,5.690638201213483,3.234942620598101,0
7.90987916670068,9.267943722946567,7.963435980350589,1
0.7895238666090532,7.860617070706647,0.2985380990466957,0
5.243279697899563,9.766025038157544,2.9177959041371935,1
2.239828947830398,5.434569439147165,8.024728049204349,0
8.889187011390119,3.5755286053796143,2.5166809012477787,1
1.7085749085450608,5.068145591784613,6.3926127325370095,0
3.1493301819567265,7.7082087210805215,1.6790196462576679,1
3.841343846287595,2.0181125144409426,0.605988308081038,0
5.3996462026331695,5.976099405982125,0.7471836644831009,1
7.013278296128641,1.5425646528398929,1.8488900119989327,0
9.500840667901954,3.3736346560888073,4.692392881424336,1
5.676088636233931,1.8823839047782809,9.139646327912264,0
5.325712563529535,7.8168644034939945,5.5494163286823674,1
4.453909384188646,0.9023353687869573,6.9379513566027775,0
5.505720603480933,4.900048793357844,0.5950073525959765,1
0.364850275562314,1.706633271135214,1.928654589984129,0
7.525146716530323,7.0177093736757925,5.489271658486091,1
3.5223901091215657,4.235432136993387,1.732603837704334,0
8.889460946491909,8.04904339924025,9.27015958385376,1
1.6208744832450983,1.9848878371798861,5.157608894938251,0
5.620464921128823,7.6923019229326375,0.882872438225083,1
1.7049523226277385,2.0124890303672025,7.241456953001176,0
9.607096787234536,4.048685651464279,6.264368040937014,1
4.540366951794244,0.6211765755341703,2.617628123818947,0
8.658772555228946,1.0144320978961952,5.186187422900987,1
2.00319118231186,3.6124221287465774,6.041714658609914,0
4.942592529270925,7.928862733249064,7.178173938515644,1
0.1514074089672024,1.2273379744530488,6.815057608360346,0
6.317735464010772,5.029573540938257,7.1246698145971035,1
3.2065010710425543,3.4490514383057,6.324490510103881,0
8.863366277818875,4.277955219570334,3.984222504342906,1
2.788987103223497,2.4877120953800036,2.8618587770202075,0
8.2738014211238,3.63566721497783,2.7697140419324717,1
0.06199953915079992,1.695689357005199,5.97437355854375,0
6.445327977760183,9.351649116299324,9.407964796527,1
9.415844887923,0.07169201175243112,6.827707377076279,0
6.633324741215744,8.299280999510493,1.8076199151326344,1
3.4029359009305535,5.175057287611352,1.8684172612624705,0
9.676335168520456,1.277626096410972,4.380274650475061,1
7.420692898812283,1.3732481524359985,6.12553678015547,0
8.699280256981327,8.553296014707435,4.097483257885308,1
4.17776199363993,1.6631546118163798,2.624146515207734,0
5.440232066459948,5.362604122441127,6.4846477586460525,1
5.710066909491572,2.2076523188915678,7.820801124181824,0
9.6179319472034,7.57420751387923,3.3378979229505576,1
4.289534053263242,2.8513749986268833,4.497808896065675,0
8.072312228259449,2.5874173444628177,8.883186244727538,1
2.1957215582172784,2.717516950276134,7.027185714007329,0
7.128795532920873,8.502988215377169,9.223912098246714,1
2.260882169416405,5.840188545170256,8.346460681009667,0
8.93583781978873,3.1807511461125015,5.79009063834985,1
2.4383418655246136,2.065833151043064,7.070929396910444,0
9.192869226535013,1.7185966734562563,1.4545579890703886,1
1.548678604746745,7.667202153060423,0.1876021007002482,0
4.3769148393025334,7.653937148318686,2.830441941975965,1
2.3886021683650904,5.223953843144664,9.807035456695974,0
5.604034313032479,8.126739887652231,4.6468858739593895,1
2.886603024298676,5.476972725512271,6.159896314846796,0
8.44589869872025,6.806893841801256,9.676700054382355,1
2.6825989798002747,1.0403812736200024,6.644656317462584,0
1.604447289226073,9.077317672446195,5.630756243044248,1
2.4701245625885915,1.3831169758768402,0.5722500822489696,0
6.744253378619964,8.219742702879332,6.042848407661704,1
2.1488979528770114,0.4746775455537988,6.673000152535642,0
8.760008034831744,4.543085314611957,6.766820768527992,1
4.778684219308805,1.8389282248463623,1.159665279200357,0
9.6774699200433,8.55829412086379,7.660338047082284,1
1.5914976732547237,4.585892446146608,8.341355612774255,0
7.23603868230851,4.459055925396705,6.425875218297717,1
7.063817079056248,1.7801309295566026,6.468065366389207,0
9.819773135001178,8.391067840929281,3.144951306551793,1
1.9533834228596225,2.754065008707779,0.8633977615438015,0
6.673179084895135,6.044794071165986,8.40456097502612,1
5.666404669216388,2.62617911123205,3.620738796434849,0
6.698321168316862,3.127906645618519,7.822433332337324,1
0.2362844018170318,8.168446766991158,2.8878090665746203,0
9.88521045346355,3.318889977524202,4.024731348423297,1
3.732595106620903,4.272743118685785,8.604982166798493,0
2.3437470683908055,7.706800385655828,7.8802253263464515,1
4.363760620893103,5.064434903559528,4.757127116134715,0
7.5969671568917585,2.453758254293923,2.987829085109892,1
6.926266174511591,2.0804349574008363,8.636092938654443,0
9.18413148906652,8.525269110944025,6.022801793948961,1
0.8231591001561123,6.624523572786023,4.2811097564158835,0
7.876241589905514,1.6842151520754622,3.2741514695976415,1
5.414997155832431,0.09052375383157174,9.22461909329876,0
9.34424092987329,8.196437820092967,8.492038174351244,1
1.8951355172513429,1.1069779760771181,0.7851057662835448,0
5.004545187395023,7.338730238041174,3.1946619717145963,1
5.3657918302704815,2.9565466856343994,5.065903971649208,0
8.07171577623327,4.682669638949905,1.0477010931551411,1
2.9611532622464445,5.586576704326166,6.079044137743333,0
3.9047389051349137,7.350708198689472,3.6656154444114386,1
0.8764436361547823,1.8255981180323477,8.183172694624846,0
7.933126731532542,4.8096304577215045,0.6855468902606354,1
1.7934918889136109,5.556387925429126,1.716400956712747,0
7.7443967448344715,7.872429684297062,1.851317177165035,1
3.3605741883390627,5.365056538622714,6.791590546206548,0
3.5540145050021454,7.320092360698261,8.330693300786795,1
1.6495026445840588,5.375818472653733,7.4885539680346405,0
9.82844681583668,2.776370119970685,5.203623970020276,1
0.2576816956701511,2.830760903627949,3.3284734391123285,0
9.052568648631812,8.190606691348052,3.542212415720397,1
4.801327209624859,2.5680181370113155,6.659511172192428,0
8.790072321272962,1.7180685148457353,5.89602604663268,1
4.117832408931924,5.189926286451952,1.3787336004830075,0
9.663594085334136,2.513908975831294,0.7001243658327128,1
4.484655052250388,3.092334027612017,4.86169863765347,0
8.600000320123598,8.0254742436066,4.109998730913402,1
5.397815500612687,1.57649230095245,9.229144256648677,0
4.423794937213854,6.012792461992027,3.445515127558937,1
3.657109573580224,4.420095670879355,6.089156233234082,0
5.442066832137086,5.611015555471999,1.2879605465378152,1
0.1869078132362667,3.165965815798395,0.9610788038928519,0
1.9765072169991393,7.636129963335048,6.437097422696012,1
6.890796539768369,0.4568948645065929,7.876837877409251,0
4.284856957870225,6.15680854192147,3.8566568652725297,1
5.58061885244242,0.9451088136871344,7.458870156094809,0
6.309029615908085,4.917161242594579,4.959974506171352,1
1.0179822495793733,4.5430351946914005,3.1124077390132285,0
6.811380541699764,4.350645615812049,0.5508034670279904,1
2.637727352372101,4.934415252456649,1.9209237684351854,0
3.3681278921971067,8.923142243351968,1.748370591419366,1
0.6244684047709259,3.1567722337962003,4.334906431324707,0
9.2619158562616,1.2325474559915972,2.651204183229515,1
6.308204305714535,1.1994580377548147,9.427312984302251,0
5.9442908732286455,8.777427348832218,1.5913556924661831,1
4.624897694769523,1.4497629596871076,2.3791249078258128,0
3.202826339726771,7.055802092607351,1.079989660625088,1
2.062424777423144,2.1330211320509793,5.308966807591368,0
1.3888926283763192,9.920238176617957,0.061215229884156175,1
7.128518911583538,0.7501369648626122,9.334941838057862,0
2.573457489505595,9.267233652166865,7.548468331461623,1
0.5958127382311185,4.578342682224228,7.891596720204403,0
7.634484914776653,2.635846031429805,5.068348503079056,1
6.926425524173379,2.5529365880492874,8.147774003303983,0
7.095761647869643,5.9010946983456405,2.9416823361957367,1
2.65350675066495,6.110116340898683,0.8820442874391643,0
8.296934411460112,1.8638860700896098,8.38759707998105,1
1.8094109654663215,7.603409808697641,8.497527758988229,0
4.668668203192279,7.9420539199658045,6.386334279167483,1
0.7898462959317487,2.5199154828324763,1.938575450802914,0
3.7693693348189394,7.534036043137366,7.273051533852951,1
0.4383846436599548,7.066171558327793,6.146399382601288,0
9.244318626530127,0.9784710578215439,6.721722586972599,1
3.7391864313511256,2.471376043694946,9.99379248039206,0
5.342170122942972,6.92447195722096,4.105125606451764,1
4.736476272093365,4.600493995165735,8.618479774671696,0
3.5016134731669024,9.603351692807934,9.014307647268396,1
0.020349146215954406,2.150469326675309,1.2148905769465579,0
8.718820629832631,3.3702828611720284,1.761023394476151,1
1.5099156525160717,0.29169365261095703,8.062974380328193,0
9.694046775819006,5.396727946358347,4.3449855875883205,1
0.3339454947410925,7.409668163930384,8.19137225805828,0
7.047448027621249,5.910203447340844,2.012614368773672,1
2.836288110402909,0.3777265479276637,9.267299477492333,0
4.2074265886771265,9.410108766626145,6.071359246116232,1
2.7185855202841513,3.6936109887708235,5.333212355371407,0
9.130353304365016,4.607448152242213,7.2947125319536275,1
4.573354415912776,2.6339504606628994,6.796121308380481,0
8.577443001506229,5.753945490298231,6.950105996120001,1
1.9888941936195181,7.462860694950009,3.2223042701573523,0
5.406340925338931,7.090246910457816,0.9575633776258252,1
6.2222704501778505,1.864802485680056,7.427964177230734,0
4.867537326756639,8.06333031898707,0.39064894627053204,1
8.535466868578805,0.12132602176307183,7.393806692487656,0
3.489776323502566,8.877523907784337,8.046663086064378,1
7.52553733227532,1.3634366497319805,8.137217690582084,0
8.136635508073514,7.912687583907473,4.833797286144824,1
0.8879545898004548,1.0970594567228054,1.1090857876984428,0
2.4503686554954873,9.643877424711508,6.723582436931329,1
6.296026706138273,1.2655296003037442,0.1406960177671568,0
9.17998829572149,6.040287943699326,6.973369650052445,1
4.675093736493935,4.803008681088858,3.6254971195584407,0
2.2480756712306027,9.630164398263792,2.136297983101704,1
2.891357008273492,1.738295706926859,6.918080456820138,0
5.889039014272298,3.9317923920641173,8.624437000214122,1
7.829437271290627,0.30245705936552847,5.9712264653730465,0
9.256051204733382,2.3327683668843635,5.293140368427368,1
3.780152362324507,0.5838482701808545,2.267733495314234,0
5.158120464640157,7.368746687520043,8.17072397494712,1
0.9060394605439759,3.715743196505569,5.172757800734268,0
9.763000096290105,4.126209247138646,7.79639496504486,1
0.1363873713812458,3.537895841417215,6.1680626578726105,0
7.770819349155254,3.688628231897134,0.5896092376273732,1
0.12793710603559494,5.7460666453236255,8.053493255789325,0
3.5015799044660256,9.178271889223895,0.4525530414609624,1
0.8424695620125922,8.086314827711986,0.7463377697495344,0
9.248874458535049,4.4286787070923435,8.85114789475794,1
3.949696765129805,1.4640796643028742,9.094516606169755,0
4.7826803643733555,7.820795460951579,2.967786840141584,1
0.9090253528351044,3.736004854699625,6.116588198780412,0
8.86400783229215,5.247760351801246,3.844515395271025,1
4.102433157664969,0.0658174978120063,8.562235721496648,0
3.098872831672177,6.7225518544079135,8.037187793899566,1
1.059918398688292,2.8022735399689767,1.1443939356308164,0
2.043324211556766,8.692030257926682,8.604817978435403,1
0.41158548817438745,2.442764014327794,9.910286999136469,0
6.852641832803995,5.771737988613426,9.087524376348423,1
1.8832542149151432,1.301020742861737,6.747531701917224,0
9.590885562377462,1.8014238260089344,2.5592321676497343,1
1.48901136598098,0.11614469548158479,0.20377840715015916,0
5.89795333983999,9.478307887545503,0.6631814873420183,1
2.542886139496341,1.4047775085010994,6.775493004810732,0
5.1284222848529195,4.83948167011646,6.1110167328642095,1
5.841308376403398,2.2085339795936587,5.9321337180188225,0
7.00677492654388,7.386516030398798,4.345141880225897,1
0.604555444953575,5.969308294202759,2.050132957679299,0
9.589954610932176,1.8590323414652643,2.423967914428254,1
7.85867129863459,1.295527508520522,6.581593805411922,0
2.9799981903818518,8.939872949549049,1.7251127985478276,1
6.608176018738247,1.7374369375185128,1.6447789271319202,0
4.982643992028086,9.643458021049767,5.744281545557314,1
2.3846976167082765,6.1080453590944845,3.9083877354944265,0
6.677373387319508,7.086144915161755,5.993528315379596,1
5.6706811227483875,1.760516983622008,9.751441755399384,0
2.0068792626774554,7.533922917384112,8.70766374674288,1
3.1205102042809028,4.240662184184093,2.2101142823222277,0
5.506897702686119,5.507533353463795,4.234804398210001,1
1.9008230128606074,6.172670972327458,2.9330286665381666,0
9.669969121443026,0.5487525619960587,3.123217726271197,1
0.6723518361179637,6.57476050278925,5.701028108603751,0
8.004739294904477,8.871977896553057,4.278212602280885,1
4.340285827498659,1.9150049035120786,2.6549543281567978,0
4.34917723339251,5.663493843189111,6.073226277958145,1
4.059840601236148,3.420198681873,5.92302291668545,0
3.7919420999212807,8.436489926240016,2.0756140578646765,1
1.3347591148384041,0.5491446276063383,1.6970351572662934,0
6.798658931377455,8.240172008327887,0.8770106238230013,1
2.5437467747786666,5.903204637785606,8.841341303354366,0
6.624536488959065,9.673362332203018,1.718347001046473,1
1.0977529867773417,0.5862573304663876,0.9464435630597523,0
9.691259475410622,4.79761862031165,6.3357165329136755,1
1.228901997198707,4.197085298496121,7.650850990302045,0
9.740268673149258,5.384320888235255,6.4602906756203415,1
1.3032872858944855,0.8349304074291519,9.855802384685626,0
5.629021414683257,6.625968949453477,6.0041559164479485,1
5.187432553871289,2.9959933887631953,9.401384149457932,0
1.8700071612488023,8.118695498461785,2.3142720772917738,1
4.107717812454631,0.22736661278331627,8.546418818959957,0
5.5866538629835105,7.030563193531645,9.597099752714445,1
6.31321063571926,1.5650737936076797,9.871405096042276,0
8.453385529712074,6.95006135611208,4.527035136589165,1
2.9131301031739776,0.23676010743546305,9.866109637374096,0
5.654008397579728,8.13601391598415,3.2600724250550037,1
0.03667777499508862,8.340371209698692,0.4704381135166291,0
7.986655397962943,9.890070497078028,6.49541781259367,1
0.09754442557061593,0.4518638304359901,5.316344510138568,0
9.936165549134236,6.01598955753571,3.581277171495975,1
6.00645180628171,2.8372158387846094,2.0965083743947033,0
8.783282737710058,3.9806716221797833,7.8293907156320275,1
0.2597400066615352,0.8136477891261595,0.880844402941291,0
5.3311856560304225,5.338543912201859,8.070349403591122,1
0.7338421234527337,8.73309010449854,8.783798433439271,0
5.744363891108085,5.247798829725739,9.517846479068197,1
1.9061122493646676,2.558519011891345,2.392609647801849,0
5.345151971339891,5.25152859644078,7.878537009014963,1
7.453295512056338,0.6136576960792328,1.630974548469969,0
5.3209663310989495,4.880191832197397,8.378448921522363,1
3.6554250742460526,1.5824484914566894,7.207554850534155,0
3.923481830122223,8.936688654887606,6.074819916947446,1
0.589857947063952,8.556144995583526,0.8291176172961912,0
6.9626363588580595,7.439349558532266,4.512074451333059,1
5.702168466219609,2.4534342536607676,9.156174235711253,0
1.361025057058376,9.91844756488069,7.183564424204941,1
0.04493143804372157,0.3839318472948816,7.357860001259117,0
9.708019185638255,8.789330418792478,9.719576719021465,1
7.636865488551184,0.6115135811348871,2.761369373231417,0
8.923985414653984,8.853825774382015,8.822945028909839,1
2.9898834988840886,1.595669441339027,2.4519957150569005,0
4.32495048851518,8.166469831204541,0.675328848946708,1
5.28742212359758,3.979063256928862,6.10044469146805,0
3.795914390273867,9.159788430717587,4.813333365180296,1
2.755824956540327,5.482717771926071,4.218209895154564,0
4.924171561615125,6.7909760032027,2.753451725609506,1
4.171618841598006,3.7942330384575196,4.970873560442591,0
3.4827538533627154,9.493772602503217,9.607869585912061,1
0.3588438558660967,1.5110896579266897,5.982146989263187,0
8.46468050649866,6.554474540895239,6.8907011176356505,1
1.2102385838127638,4.964767285049094,5.650312017314,0
8.464302376849963,5.398437114001883,2.4555014052644966,1
2.4592045285140776,4.083632759376706,6.38821118557667,0
9.755850717792555,3.409889318726549,2.0716683305162,1
1.6251672592955213,2.3097921804787402,0.17197617847816815,0
8.86183778390751,1.3322231606308443,1.3948753782738232,1
5.286994333209403,3.2625505055041257,0.6405786543958158,0
9.30754930408723,4.2079652564284125,6.1443164511035855,1
0.36926104224464407,3.5352174637197864,5.774076272360338,0
2.914506617819458,7.676673099040896,2.5851458845924236,1
2.5326663223262424,2.091158948599301,4.724471649379285,0
6.172898299869056,9.958250458342457,7.93663907456235,1
5.033431960259414,0.05004633374503631,4.891492166127584,0
7.069517165123119,5.754535547598555,7.792398746556138,1
2.164872512896964,6.24770057293397,6.121813300057494,0
6.761465510430552,6.42189490795375,4.904607200429853,1
2.118229440595656,0.5667899048528346,7.4641956364128115,0
5.338512308992714,5.300345826211816,6.7717209407384455,1
1.6546802392488735,0.2887017350440635,4.194298956507712,0
4.681495352979032,7.449046674353586,2.5172403403552392,1
8.396319071089888,0.6741279933739164,1.3381153178259908,0
9.898711837887138,5.090391296676028,7.163888541398852,1
0.9316425397491523,1.007754047743027,6.436750415139473,0
5.9454482956733345,4.601670181688393,5.3832938387543035,1
0.07334790201214081,9.020597451297839,7.210592074483534,0
6.824123524508846,7.2310174520292,7.725914223545303,1
1.6981741697361707,3.7415430979392883,3.4760801123037055,0
6.449849716187256,5.79082460777271,2.634363794652088,1
4.476937356565688,3.1978561331294952,4.6368128478658575,0
9.320154269101907,8.283051839238055,2.3645619583579593,1
3.439736776879474,2.991743791975466,9.405864632672337,0
9.660105881586517,6.929362762613987,6.368757969124315,1
4.805138873158684,4.030980403398208,7.858851361390686,0
5.8341953184073,3.864132891418439,9.615964985900453,1
4.6045647599167765,0.6650801316386667,3.130526015572963,0
7.192477343432778,8.531113447631757,4.815105206820988,1
6.834094520922901,2.6475795092585317,0.8967939854164453,0
2.569964203825943,7.2850077354546325,2.2033707911684317,1
7.874944265875929,0.19658759141802817,4.6083913150887215,0
9.968509976258499,4.960200598095676,8.92248098287639,1
5.201338321180339,2.5750906288238316,9.266815927867057,0
4.395394371822601,7.829562304215791,6.225967918569592,1
1.331712187048033,0.4111769489933981,5.872177644967432,0
8.820954505090356,7.940951008447284,1.3503239436408099,1
2.5240252637030256,5.100792872700525,5.702971388430163,0
9.788156687962655,1.2090147194079814,7.7110882995997425,1
5.622613266547605,1.5960782803979878,6.831576698444076,0
2.907451278690324,8.207731742372461,7.759283121093079,1
8.317199101213605,1.0820727564193588,4.608438613768467,0
7.492660613970257,5.338064439012681,7.577194051363852,1
2.739103042383919,2.5819043647663786,1.375518843677599,0
5.402681816615106,9.840255750835835,4.031202206199888,1
1.997223434255777,0.6847142545571805,6.444196743492638,0
9.601599655809881,4.3570512648259365,9.00616119066781,1
0.9003376636790938,5.262002826452426,5.461032144180864,0
8.212512828780277,9.31498971076634,1.3573501024858048,1
8.275589130590307,1.12714475328333,4.262692007838398,0
3.1633433502668074,7.2326496482614155,6.532690507962227,1
3.8879398332506767,4.632993997489956,9.107600123061621,0
6.037186740324759,9.402904494930452,7.581390104510302,1
0.9232299152794643,8.39336269302669,7.62640805707316,0
8.89941206121965,1.8834991586054417,6.894923461778877,1
0.7102055741799107,4.790561579698379,4.362765944381727,0
6.08662513978452,4.55609167750184,9.885394205050018,1
2.6503070554281702,0.7249290024853094,6.718377737258993,0
5.386898632071545,8.706120185546617,1.2178641821408898,1
7.57950169437607,0.9340157832146323,9.781232771582332,0
7.746187960124996,9.172343528909336,4.649824355301238,1
0.18723220811021846,4.975442037335301,5.056243639486516,0
9.569711747178575,6.276614760873613,7.758503463145564,1
6.6600050388782694,0.18632301236623405,6.8895501209489804,0
6.921821703459403,3.6503958513932675,1.0704971588098078,1
2.4141081184706503,6.968297922507375,8.477243008849015,0
6.1008007279268694,6.717393569029058,9.626795844758206,1
5.52448553487872,0.4042816558729556,0.3481479898227047,0
4.221097230792585,7.910683800260802,3.007828010752449,1
3.205748959015108,5.638632377064315,6.10910277335014,0
7.3993713953367415,8.909445605784562,8.116034342745383,1
4.445705831201892,2.3519160489982105,4.918166000322462,0
3.4940096208355573,8.664580275122447,0.5624175273802989,1
4.180437682347659,0.10681732687966794,3.7812666304136466,0
7.1265162746300295,3.195326181476077,7.294297354607796,1
5.6751760842373935,2.0435929885014605,7.455607654122977,0
7.6461047241247915,3.0132369747976107,8.032419851287193,1
4.7495201108019245,1.5497898712497582,9.445909269411711,0
9.782093793119811,9.355963761774142,9.135602701625862,1
8.576981060452677,0.23365358691496807,5.60624323914487,0
4.677176080446829,8.71481053733736,3.057492841848226,1
1.421881740126999,3.7310177756674188,6.447016283667066,0
9.124311852304734,6.885741072989071,3.9470526019123353,1
3.0176210815549434,1.6522964722764577,1.7043909628870846,0
5.089805394379013,4.911723026327705,0.01480070698539504,1
0.19475075866870473,3.748898433748832,3.3793218396024063,0
5.959666179475709,3.6593572447782527,6.511360948215667,1
0.696576041621757,7.905176097566872,5.393904159900755,0
2.597257325039859,9.149043026150682,0.5080672463833391,1
0.8439856297444159,1.8840522293850492,4.948176639559555,0
8.37193485175242,1.7212797208701247,0.9631902861341524,1
1.2250211759481278,0.508769609415578,2.78506959038628,0
7.734319024728423,7.003243076688389,6.0435712179327625,1
3.6973165070742264,4.091687228428951,9.596033182063746,0
8.030935044108844,3.3412885179802307,0.6678153896884387,1
0.1823577840219226,0.69188457429333,9.378659456451953,0
8.703004130250305,5.675866611594702,1.8678234991209164,1
2.6737460128433685,4.648280112595295,0.8875293181638477,0
9.860076268716858,8.929659025871597,8.740983961271162,1
3.5538464154510585,3.7649494750774615,2.3488814874238386,0
6.086767326523841,9.349060507249087,8.881235018739119,1
1.5474197529604539,2.1415355613555587,1.2995461990020063,0
6.749907332587293,3.1664725816737835,2.9287548171526776,1
0.3646256937428183,8.769871800539406,7.023468254774558,0
9.876824992621504,8.918778621803677,7.054494217063296,1
2.701250223103091,4.407153767765189,7.2569458290163915,0
9.52308658939077,1.7577450838070485,9.613493092378175,1
1.9524254377500594,5.36186530519756,0.035151975275562464,0
3.4872586554151552,9.69738746381996,8.606417932252752,1
8.380526742083399,0.24680444357838338,3.11374680983978,0
7.373946610950073,8.416854323015855,5.116738387606449,1
4.570499585946756,0.15580568922090476,5.096174286950779,0
7.8549864526412865,8.919062151284757,3.2229129867869144,1
8.678953480715117,0.640384965388282,9.858336019342945,0
4.209420581189956,5.67125022840989,6.888053861716674,1
7.513190363332694,0.8129783560325077,8.193163681403929,0
5.803536532493126,6.532442159534967,1.3821920953988165,1
0.7068939333767399,8.617958963741993,9.73822766791017,0
2.415797888641873,7.369604790209054,4.484769668842677,1
5.889191652481097,2.8593711522997447,8.73632578885879,0
3.6499066062020544,6.763617681992752,4.105659670082597,1
5.005443748289742,0.8312595757682795,7.415944082079669,0
9.217234231499475,0.545907104894684,3.908191581927679,1
6.95549117969903,0.3377371779054239,9.083936122204257,0
9.669744737592534,5.580964522322416,3.1319958765567932,1
1.2641270113519831,5.1650284521138285,8.165503153497442,0
8.963090047247784,1.9061219440166266,2.9413972508698416,1
0.8362319668292484,2.5155281599250467,9.97623752002162,0
5.811945487134226,7.71102927665944,0.3852629738295199,1
1.3411773438848096,0.0004743125142869786,6.998233452739023,0
5.4745756427919945,8.573670605481494,3.305062045571001,1
9.338448356467264,0.0003035755737568202,1.2073876187307386,0
3.5719434304488704,8.070462141103649,7.4038894272591,1
1.773544207351544,7.680671549610957,6.177886608743341,0
4.743186012945636,7.494670871892794,2.0113687977001584,1
0.7761556775886458,7.496244095860835,5.319824973126908,0
4.683199450501791,8.561926719687387,5.6697447947538615,1
5.21372072380866,1.153910296622106,7.364115045249272,0
3.4853216115285335,8.59187972927417,0.824604417470528,1
1.7030061946782504,1.013208360049458,7.689539829297015,0
6.803133311777568,5.823476053735477,3.6409490082132665,1
1.066767316125261,0.6429312186598279,4.033927801770412,0
5.403050244287121,6.313673905471856,4.207848193103075,1
5.020666808233606,3.4976501516075453,9.417716401024833,0
7.82891903081914,3.6546923162990783,9.519330394313062,1
1.174986202512407,2.1651772000871503,4.415257727424857,0
3.445351485241183,8.001190046310802,6.4032375466304545,1
1.988449429010205,4.5864186620923375,1.7275930612269552,0
3.2033374281516713,8.01758029754975,9.131313470190703,1
8.577615633458212,0.6110389005278083,4.202429374973527,0
9.671360145593598,7.981023407020837,5.597917771176838,1
3.767702722816122,3.337537923008277,0.9126827487967992,0
9.785209993352165,8.189818256669469,4.291815982736304,1
7.874375388230591,0.37766723043858086,3.9576205459974876,0
5.082848094703025,7.439458044395316,6.65386770148264,1
5.9549898081357,2.5721292523188177,1.4048660852123163,0
9.253443489348621,4.885521565931866,4.345367493475436,1
8.567771599861583,0.022829046272214715,9.933185104629176,0
7.240248386524818,3.1871055222201674,8.191103219053348,1
5.656054899654265,1.8114507782193667,7.106448543076733,0
0.2770257035024515,9.484367794805198,0.17305178631397133,1
3.6705619450567717,0.5347956861435654,9.026020884791963,0
9.505513708997158,5.505049398915282,8.24957114121352,1
4.198120981259992,4.073705713046674,1.7482783248584344,0
8.715943784342,2.538848962231489,8.728855869843812,1
0.4844053721896391,7.947410666320344,6.053909520592216,0
3.296105810453426,7.334533396816838,8.521065390447637,1
4.232366402722824,5.176339890321411,8.349835755677132,0
6.024819837293684,9.419129804025085,1.318824484131521,1
2.3948464133662704,3.832495522425592,6.816864893900451,0
8.109555546890673,3.050172700675816,3.270366800591823,1
1.712952906202938,7.425103686916107,8.194332163169863,0
9.442780317686411,5.189661518185064,8.299286888240054,1
3.0128593269209434,0.037153189968073264,2.308269431428057,0
4.998927854507165,9.39426098160221,5.951204819191799,1
7.098947431597853,0.7931624149130634,3.393326043109747,0
9.187621288092817,2.3793596293179076,1.9981261620819213,1
4.654429580236164,3.1154062587221523,6.396035598750547,0
9.094646927151153,9.822942388692244,7.7620786138123785,1
2.946433795710938,1.8248501169748188,0.4912746474374019,0
6.2104630200499775,7.1680348025823015,3.6536118080650737,1
5.401004195727501,3.493182449294201,2.1766067888698535,0
1.713092879116851,9.426752423885338,7.912805368417869,1
3.607485237309799,3.7197357125261696,9.67721645725517,0
9.620942717179277,0.9400310028814585,0.7945424993151151,1
1.3790713461423776,5.682696867322676,9.557505397420147,0
3.2800767090826835,9.268385156910629,5.362958585727659,1
2.2542103684367865,5.79578556196172,5.8675966246685345,0
9.733415672309429,0.8976500522114061,6.674417309318727,1
3.96891028812254,0.6799120747841225,9.182111165338666,0
9.327712936421337,3.8735111324807447,1.395415108319339,1
0.4824884003987018,5.381715215696751,9.985499270109774,0
9.892259269314374,2.2876491352257347,2.006501512497829,1
3.0745147256037155,6.372716023765244,1.8456051533229734,0
6.06057915469152,6.198074168109424,4.641177962985516,1
1.4826055426147766,4.840319449522371,6.453881311722464,0
6.540250234395806,8.802031053066635,6.41302372797255,1
8.053504471838975,0.8120892185599904,0.6152314001234915,0
4.607324961406675,9.587051118077309,6.297987692660218,1
2.9194780992451443,3.5131948175755925,6.3889854248473625,0
6.1545791985108185,7.534321100581142,8.143872080718094,1
3.292798365412647,5.940124162002114,9.049088784237131,0
7.440449066058515,4.645583842345507,0.6215410784530906,1
6.100097392966273,3.032181460881999,0.4338132903098324,0
6.231060068205285,7.242187837218771,0.22766979125605102,1
0.9449696048716627,7.791258299067428,9.805690128895158,0
9.30349674061601,4.9507858464037815,3.698646560152361,1
6.173132254666955,2.365711334505598,8.989131143651948,0
5.611155380884483,8.279214437806242,8.64715398994897,1
1.8396239141405013,3.008122185823469,0.17817621098173753,0
2.3592757269285505,7.604685924483365,5.1258532719261405,1
2.8698412269904425,4.570299885618516,8.300944717420963,0
7.820621934976727,7.191749318588817,4.204504852183899,1
3.9124175730789723,2.9056228269459172,3.2073367800901584,0
8.630427896864681,7.013792126815019,7.36630862566897,1
0.7441207479977785,0.9215510592724818,6.914373608230245,0
9.85264186893034,2.2257924784864223,3.9851110245811308,1
2.227035144694325,6.095394064174395,4.522861035843601,0
7.399457462700067,2.5463512535946364,7.823209814217567,1
6.167971716071752,2.2378983298097834,8.366066569924138,0
4.116062665657508,6.32392308852941,3.885510502869769,1
0.574473575698804,2.857138307948931,9.981072020066046,0
8.835519149039756,7.922055152640592,7.977578475314324,1
2.5877189102719123,2.9247629855313817,4.945985425438632,0
8.659851004403816,3.2520042025953053,0.2764576846423783,1
4.028408026482717,4.483100927817011,9.250791748530236,0
7.695814779257422,7.835474885232764,2.269023653319854,1
8.501018507129602,0.30255512512381455,0.39322242776983374,0
8.299836567769447,9.553851895996706,3.576323202299194,1
1.7720210287807936,0.018625117273222136,5.945151253645698,0
8.116812563485592,4.500311621393493,2.1510683508558284,1
2.207685123109666,7.098875731792874,3.62272457155194,0
7.449231022396376,5.456199280797907,9.41765066073464,1
3.1200441588052064,1.4761819404128051,7.644751336971023,0
7.668287388123756,7.802660516267059,2.2790076184472428,1
1.4821072104498012,5.123781441708877,7.266757802567698,0
8.299955890200456,9.945102412332922,1.3034571649836568,1
0.03933365335968553,3.416220626208349,9.256415646054055,0
2.2035429826851516,8.190067420821764,6.505309839904881,1
1.833344095331605,1.2667356190081913,4.220593927203784,0
8.94953567403817,4.887658328922477,7.538776414878765,1
2.551182054915132,1.2609309190560414,3.8831910484682663,0
8.559142399764838,9.96518763264125,0.504194349518885,1
2.040144743185496,3.5253865458401803,3.946528306106203,0
7.8939995198629855,8.686893183681768,6.611789145193054,1
1.4106950927541395,5.951301096139745,7.288140436876429,0
9.383272088251331,0.1939734577785901,4.698482169642439,1
4.821251522341444,0.6338926500610953,0.02489837238675241,0
7.166571023705624,3.1470522511890255,2.854064057164635,1
1.1528966468405666,0.014367347670816155,2.709157796896613,0
8.550338244380495,7.25053696766407,8.007802312022086,1
2.345250502029356,3.288537684100822,8.418184017866217,0
5.827230036764984,7.445220482219731,4.34056507109121,1
1.9656652569319755,3.773590050716249,2.0865836377805005,0
9.682126784253631,2.6476703346335917,9.262237278773213,1
0.6357916328240376,1.7556787117957362,8.361804029237732,0
7.3102925123711255,6.412454287766356,9.06132645599143,1
4.979310941517923,4.348761876108056,7.482962534851207,0
4.549194639386536,6.310334189026343,6.392728550660607,1
1.340193318593429,6.493267988955474,6.440320595479409,0
9.258274553554152,6.053636811216345,2.7075397786196875,1
3.269273432130022,1.3046324364380402,3.4141668846851414,0
9.56966873466818,4.435946254018025,9.241304557108894,1
5.875415229238064,2.620551318793911,1.0160165744088245,0
5.71049800766516,9.699435375441803,2.924344098679094,1
8.905209483040254,0.5136646884991214,5.1208585048307675,0
8.344118232678039,9.476314955832969,0.18282658348987235,1
0.6214657200418661,4.569650801393212,5.180805563929232,0
8.243665062174205,6.735695141039609,5.807363036443519,1
2.099765949017336,3.5646352875351117,4.816360435705265,0
8.911150394855293,9.404637691979534,9.876828289087406,1
5.416774765068766,3.320990806567743,7.9651665945072105,0
9.273798550002585,3.0886795994962988,4.218582380470161,1
3.007845525845675,5.413060724813118,0.2934614142103442,0
6.210249867473072,3.3715516137619495,5.745341515596759,1
0.5411814679964855,6.037312913326403,0.6597145660850245,0
9.196450439075548,5.86141378089038,7.872723063610398,1
4.725394423783197,4.576910598763419,0.9681923912470558,0
7.799269427709415,2.3539003666065583,9.100955102187338,1
3.880812885658569,4.609354630486325,0.783922710798256,0
4.907005115715756,6.316079715989313,0.5368086100541103,1
3.196132200740088,5.759082281260245,8.787802556133016,0
2.847733957817505,8.495330540820612,1.1964588881241556,1
2.3790910207340863,2.22579289521161,7.0956904422755525,0
4.374516921471658,6.456899940390116,0.429923178298538,1
0.44852581808801584,9.040711786122733,0.014043875926728067,0
9.94176817171618,8.891351736748902,2.1767493518423633,1
5.135453318079708,2.1896012873362656,6.331410853847917,0
6.150027157865306,4.476899592667279,8.941676386588574,1
0.23610753726565514,1.7235185329650005,9.13944226077734,0
2.939605309327058,6.811609210769316,3.4160335738387095,1
5.562381278560457,2.688077260649494,9.934918758978954,0
6.112010619125291,6.285470157782385,5.335424028597658,1
2.0164843718010648,4.714436499298098,5.36051962100466,0
4.034299003265574,7.897037982475537,3.7159507101482827,1
4.291417834510796,1.5747810500364068,0.0944989636288851,0
7.770098080303427,5.604650752354018,5.397492401877548,1
4.15434380812574,0.16674046123467345,9.370507702839099,0
9.469384647427468,3.8993237407091916,4.417536691292949,1
2.753664872060372,3.456266030868119,8.228838202466395,0
6.765149606390438,3.9870843689282975,9.044659000961241,1
1.7089953066449792,0.6529557377541129,4.92193462656095,0
9.663783896613456,3.8830502162133285,1.6922156822925305,1
8.246885418111617,1.0757587668498847,3.985210446323524,0
7.0279867879123605,4.644303084723836,0.44617944413102295,1
2.4611950427033236,5.4892062698478945,0.2289644985087791,0
5.406242725173378,4.514696921894236,4.044243148656459,1
0.15367015084722602,6.220701885970721,5.88088346843453,0
1.3744200358903225,8.52387647294831,3.512390463615266,1
1.5641016561125398,2.8138992743084246,8.566568047648056,0
9.81709015507968,3.061003913640824,5.438800867061982,1
3.7499339897269204,3.4680508000164068,7.814056914780138,0
3.82034192940928,7.23888695992862,6.739294190073833,1
1.720839008091699,6.465161643751144,5.411301774196426,0
9.069247088300084,9.798832558207874,7.818104657847859,1
5.247811662312292,2.147263061099891,9.753023287650226,0
5.062447725205866,5.276394581896029,7.248546166503628,1
6.839628239386888,1.2417931354536416,9.656964387819706,0
7.6754111386280375,5.957663281250257,0.1290153574569386,1
2.477046790874616,6.538957728610239,1.304456113662641,0
4.375752351907492,7.446760740150907,3.997422817798577,1
6.120230355062929,1.0486989771194188,2.6439886941310298,0
4.602074763210106,8.943434526412018,6.297505010418297,1
3.611805037514515,4.458475829874952,6.108242236063425,0
9.565747372203234,7.31096499380392,7.832015982517731,1
1.7845202150743367,1.6292913506367601,2.844018304453292,0
4.466655444449252,8.145845191926814,6.679955133552769,1
2.073050971952788,1.6042456383849535,4.2148090879671605,0
4.416505820328075,8.196919959699912,1.6207572361543365,1
0.8313222217398342,3.889295334060263,3.2458842530639176,0
7.074115777998235,4.611885392131948,4.559075724341666,1
0.5997193180165183,1.208226198018063,1.831303095831427,0
4.9268976746863204,6.925124313212242,1.2969475858406054,1
0.44484669593916837,2.5058681455801004,9.066243002928715,0
9.677310594067922,3.9088618267861253,5.350985525338309,1
5.812104424546439,3.222085309844095,4.247498303015297,0
4.486119166121741,6.234508338796843,4.069785834457691,1
2.981731651221604,2.085486796654221,2.3815583604747257,0
2.160745194148832,8.840819366858636,7.783923977165416,1
4.091026018601155,5.115144153985954,9.070442543678158,0
6.091049129163108,5.724647276989696,9.551594727585309,1
3.117578801985601,0.04067594895395765,7.132834678204199,0
6.839918061864838,7.925229242374362,3.577903128241923,1
6.328208674934253,0.8112265551205389,0.8332669823474581,0
4.583836838572114,7.8255223020054405,7.252226242292636,1
3.030499495102137,2.1809670047316274,5.91576744650872,0
8.407865578106524,4.098328299222641,2.818106500412103,1
1.3790259566810115,0.13484952307040388,1.108225468882783,0
7.138715389995726,4.025751678050879,6.924360325228649,1
4.92181726023722,0.6252601127467916,0.3487617091958406,0
2.921331746696272,7.841495836960204,0.2058346749973161,1
2.24548690627282,6.703719173205819,5.065136925465818,0
3.269732803074393,6.658332191950307,8.255297122515554,1
5.534701832096975,1.0308653737240758,8.055903000645907,0
3.7975767173969723,6.695064168137326,9.512616515564421,1
6.844414600622618,1.5682042157486176,4.598865980475236,0
3.0160227075419144,9.799286419244353,0.452776480402155,1
1.5138496509321997,5.404764076053894,6.017772768888596,0
8.62253687626706,5.8180789252060965,6.959036314249259,1
5.239774539175912,0.34775692945523407,4.037200913718653,0
6.525376011411033,3.492090324067405,5.503044759683709,1
1.0070976736010318,6.135257015307158,1.79215717018807,0
3.3689206933241467,7.730704757609843,2.0830305666775892,1
2.9820133406048654,6.246628940015463,0.1909801418470225,0
2.351621718662104,8.984759941018044,8.556565264143838,1
4.385746907384215,0.49517454932952676,3.8240703074750115,0
6.651569637512756,8.875980813053353,9.804456320271274,1
1.8928076654094073,7.096909301393525,7.764671384535751,0
3.0148198433589957,7.570179071175433,3.914130503087103,1
3.337934973462956,2.757465309749809,6.905802715212794,0
6.812923176456893,9.735114692997795,4.788394188205789,1
4.6094832729500546,1.2798699119025791,5.232071188476331,0
3.5093294459220448,9.665514501806747,3.700328514058419,1
1.2299900577917833,2.0415886152664022,9.46811356621242,0
8.243470542192021,9.133850044711384,0.5713643779000044,1
1.315691710885739,8.105764586092082,5.115995016775282,0
5.076179036402807,5.811652237461875,4.817854323031961,1
2.6572583368337286,6.5853696797937245,3.222222903294434,0
7.338935915767427,4.653440778641826,4.04159415722305,1
5.292303875172237,0.36716764870484364,8.006869139322607,0
4.3229630785065565,5.715808762720551,4.800660004999004,1
1.6247080809933023,5.158243654336536,5.125369595616119,0
9.078308238276785,4.424027632702339,1.9091948357252408,1
1.9722961883735635,4.1493802315335895,7.470406011582872,0
9.839185105683447,1.3994632446412347,2.2396478067687275,1
3.478063802149679,1.1057117841869601,9.68347411202503,0
9.407072251656665,3.8896298496004156,0.9651925779629811,1
0.5708048027750379,6.923686556006885,0.7525846772198852,0
9.127477401487832,0.6334169321789562,7.215741842112315,1
1.753070139762688,5.748905112849426,3.5407923272562156,0
5.002792895062437,6.307702859421122,0.8710388656140711,1
0.7931971827326911,1.2260971892481654,2.6391375591919966,0
2.58636392638791,7.03481594595096,5.23783456770745,1
2.834823345974049,2.464262154626401,0.3908062556291503,0
7.515986933319426,6.2518695598302685,2.92836889311485,1
2.158262036510382,2.394533353719386,3.946647384447127,0
9.482722913905222,8.959622874463722,2.2109003252999337,1
2.0293238296762306,0.10917790833452123,8.661697423958678,0
7.323938155222907,8.949975896848542,3.525447981675369,1
1.0876222445139383,7.8569280995249136,9.573949950701072,0
7.270684710737224,5.2918365419662265,5.548752244386657,1
2.9985583251406753,4.021254276145668,6.881080497781889,0
8.467503927409394,9.116346130849951,2.2908984147458025,1
0.20841950668344156,8.034649631566731,1.4864736573481308,0
8.638226894855718,1.4004270243978578,9.107797276467805,1
0.2118006629206537,7.945170937235229,5.459494950806515,0
0.8775273436749131,9.257492518960216,4.752043579843489,1
2.3937676093599256,0.7472599605560271,7.50244739653735,0
8.790563929039655,8.103718341478235,4.22321649422241,1
1.0688048434622544,1.2898047185697958,5.408707747762862,0
0.16932286006007158,9.841184901597792,0.6150000890458285,1
1.0571771193671053,7.722405553680655,9.460914043731009,0
2.978019919093083,9.664785692002305,6.237169548160745,1
1.2959157054326864,1.9204667864281322,8.457572130569485,0
7.278223578167821,4.420179237849057,1.9321364412904452,1
0.9382729548614877,4.901187439937407,1.6674379731835731,0
7.852505432267743,7.637522937933866,8.14500683186553,1
3.7251094396012387,5.5378543940843485,1.5347806275624187,0
3.3693367300333357,9.513895547066795,3.682863837595325,1
2.7900265240887077,0.15154959413648528,3.8448929021235934,0
9.42730495417871,0.5056412637132579,3.0877544869399145,1
8.153861135337275,0.8978229534446169,8.285516762161361,0
9.095151737738199,2.370582988297386,2.8451192551411273,1
3.3695831255704545,2.5859000072097205,9.517590036548048,0
7.992997578123634,9.814107522629712,0.5596404948107103,1
7.133656966314666,0.5309307962178467,8.849934737257959,0
5.495310357110206,8.896455389358739,4.17002814590802,1
0.21124376213641716,7.435674077400143,0.13207962619781743,0
7.55325576529006,8.811963023782114,4.2750473273408005,1
5.972129252034931,0.7724346850805619,2.3822824000393297,0
6.472509732755519,6.696148282861559,6.571123672518285,1
2.585703569352007,6.425304266887787,6.930137468600639,0
4.653934483422577,4.960733168521614,0.6276474925430253,1
2.36157606221414,6.815175039468031,8.921964704032403,0
6.799579267912955,7.404951723638307,3.9873560393914897,1
0.6776857864821462,6.6224232430346355,8.686405748667273,0
5.397322143543884,5.8808360545017715,6.008560315659399,1
1.9806545387322727,4.463204032511201,6.634862052821009,0
7.838249600845534,9.953900484933115,1.3075436635033333,1
0.7681695237516473,4.357927421558635,7.386107407844822,0
6.537827299712346,9.923756228210609,1.6767181752268678,1
0.7068922825580515,3.2095570854021793,0.10598556070118059,0
6.224302766356792,3.7180311752266215,9.30204798897562,1
0.5656432081258189,4.955123301950368,8.245392678386317,0
9.530901304837371,7.714809959918353,6.042096184506897,1
5.074371850050843,0.8434763107957755,9.350787069436926,0
7.446354802219883,3.1160520884954446,4.796676859182282,1
1.8164489176917797,5.228819126091788,5.138783875474858,0
6.903273813092886,9.876098807544935,1.8983865403430844,1
1.7301848218174465,4.059885477335903,3.8390668852860066,0
7.132517100638819,9.734089019918384,2.436100139657149,1
4.958466633094466,1.4301689149427521,6.297592766151409,0
4.888810690013818,8.896258471359769,8.5839017808378,1
8.351367033313437,0.5896553213817757,0.41729607281454917,0
8.244010316537546,2.7582239577404954,2.7737842646510136,1
2.580730677370142,1.2769779058285635,6.942122985250659,0
3.9852813949124357,9.936164939346208,0.3554878905609882,1
6.253841654712749,0.5070565758795953,0.7203745675471995,0
2.0398348566912263,9.7130883284773,5.653538250066692,1
7.887508199178349,0.25829140580587384,6.191747594813403,0
5.006385740867819,9.32812599056246,0.1330295546951521,1
8.800694825987629,0.49169164732111414,6.004530122366248,0
5.524140315647562,4.791310779403205,4.820323088990131,1
5.360512460247727,0.15496032962655337,7.34273415548262,0
6.602592105485012,6.363687517344653,2.177460045756389,1
8.59664301754911,0.790372176381563,9.396667834806276,0
1.5642872288003673,9.96263032892934,5.771534753606287,1
1.2160036120818085,6.435858118410351,7.318651218945618,0
