feature_0,feature_1,label
0.5488135039273248,0.7151893663724195,1
0.6027633760716439,0.5448831829968969,0
0.4236547993389047,0.6458941130666561,1
0.9636627605010293,0.3834415188257777,0
0.5680445610939323,0.925596638292661,1
0.7781567509498505,0.8700121482468192,0
0.46147936225293185,0.7805291762864555,1
0.5218483217500717,0.4146619399905236,0
0.26455561210462697,0.7742336894342167,1
0.6120957227224214,0.6169339968747569,0
0.359507900573786,0.43703195379934145,1
0.6976311959272649,0.06022547162926983,0
0.31542835092418386,0.3637107709426226,1
0.5701967704178796,0.43860151346232035,0
0.1965823616800535,0.3687251706609641,1
0.8209932298479351,0.09710127579306127,0
0.317983179393976,0.41426299451466997,1
0.5666014542065752,0.2653894909394454,0
0.5759464955561793,0.9292961975762141,1
0.2894060929472011,0.18319136200711683,0
0.7351940221225949,0.9621885451174382,1
0.592041931271839,0.5722519057908734,0
0.2230816326406183,0.952749011516985,1
0.6994792753175043,0.29743695085513366,0
0.4238550485581797,0.6063932141279244,1
0.660173537492685,0.29007760721044407,0
0.13547406422245023,0.29828232595603077,1
0.5699649107012649,0.5908727612481732,0
0.5743252488495788,0.6532008198571336,1
0.6521032700016889,0.43141843543397396,0
0.4358649252656268,0.8919233550156721,1
0.8061939890460857,0.7038885835403663,0
0.10022688731230112,0.9194826137446735,1
0.8073189587250107,0.5691007386145933,0
0.7220555994703479,0.8663823259286292,1
0.9755215050028858,0.855803342392611,0
0.011714084185001972,0.3599780644783639,1
0.729990562424058,0.17162967726144052,0
0.3453516806969027,0.9280812934655909,1
0.7044144019235328,0.03183892953130785,0
0.16469415649791275,0.6214784014997635,1
0.5772285886041676,0.23789282137450862,0
0.5356328030249583,0.589909976354571,1
0.7301220295167696,0.31194499547960186,0
0.18619300588033616,0.9443723899839336,1
0.7395507950492876,0.4904588086175671,0
0.22741462797332324,0.25435648177039294,1
0.3777518392924809,0.1796036775596348,0
0.02467872839133123,0.06724963146324858,1
0.6793927734985673,0.4536968445560453,0
0.5365792111087222,0.8966712930403421,1
0.9903389473967044,0.21689698439847394,0
0.02065099946572868,0.7583786538361414,1
0.6874882763878153,0.21550767711355845,0
0.2074700754411094,0.42468546875150626,1
0.8638556059232314,0.11753185596203308,0
0.14484775934337724,0.48805628064895457,1
0.7653252538069653,0.7486636198505473,0
0.016429629591474204,0.9295293167921905,1
0.9774951397444468,0.8765052453165908,0
0.33815895183684563,0.9615701545414985,1
0.9413777047064986,0.7992025873523917,0
0.6304479368667911,0.874287966624947,1
0.6178766919175238,0.01323685775889949,0
0.4973913654986627,0.6394725163987236,1
0.3685846061296175,0.13690027168559893,0
0.09784448449403405,0.8621915174216833,1
0.9729194890231303,0.9608346580630002,0
0.07952208258675575,0.08960303423860538,1
0.6720478073539145,0.24536720985284477,0
0.42053946668009845,0.5573687913239169,1
0.8605511738287938,0.7270442627113283,0
0.05537432042119794,0.3015986344809425,1
0.6832813355476804,0.6956254456388572,0
0.28351884658216664,0.3799269559001205,1
0.7786953959411034,0.7774075618487531,0
0.25942256434535493,0.37381313793256143,1
0.587599635196389,0.272821902424467,0
0.5775429488313755,0.9594333408334251,1
0.6455702444560039,0.03536243575549092,0
0.43040243950806123,0.5100168523182502,1
0.2775960977317661,0.1288605654663202,0
0.39267567654709434,0.9564057227959488,1
0.5438059500773263,0.4569114216457658,0
0.7963914745173317,0.9591666030352225,1
0.8577226441935546,0.45722345335385706,0
0.0627129520233457,0.42403225188984195,1
0.3553688484719296,0.3567068904025429,0
0.01632850268370789,0.18523232523618394,1
0.8694885305466322,0.4541623969075518,0
0.015606064446828216,0.42879572249823783,1
0.13105523121525775,0.01203622289765427,0
0.11548429713874808,0.6184802595127479,1
0.9742562128180503,0.9903450015608939,0
0.241418620076574,0.662504571532676,1
0.5173085172022888,0.4240889884358493,0
0.36054556048589226,0.8286569145557378,1
0.9249669119531921,0.046007310887296926,0
0.2326269928297655,0.34851936949256324,1
0.9689717046703518,0.9049483455499269,0
0.2965562650640299,0.9920112434144741,1
0.2494200410564512,0.1059061548822322,0
0.7307090991274762,0.8817202123338397,1
0.23780724253903884,0.171853099047643,0
0.5023894574892614,0.9425835996979304,1
0.9402096893547673,0.7507648618863519,0
0.6995750602247514,0.9679655666042271,1
0.9944007896476794,0.45182168266975964,0
0.07086977818420837,0.29279403144051885,1
0.9677946717985019,0.5468849016694222,0
0.2748235698675966,0.5922304187618368,1
0.8967611582244098,0.4067333458357483,0
0.24841346508297102,0.5058663838253084,1
0.8623185468359024,0.04869029597552854,0
0.25364252425682277,0.4461355126592019,1
0.7400975256176825,0.6805144811428259,0
0.6223844285660048,0.7105284027223456,1
0.5436780538280952,0.2826996509455366,0
0.03023525800598259,0.7103368289742134,1
0.6222310588397949,0.2790679482285984,0
0.5771402440203418,0.695270005904686,1
0.6003922370976396,0.5887396099702882,0
0.6964824307014501,0.8136786497018634,1
0.5098071966215841,0.33396486959680916,0
0.44203563772992527,0.5199523745708382,1
0.6939564109345475,0.09088573203240946,0
0.22775950153786095,0.41030156269012563,1
0.6188261682413765,0.13346147093493443,0
0.502720761145324,0.922347981796633,1
0.8298973686033432,0.9682864102942973,0
0.17477200416093996,0.38913467710118577,1
0.9521426972954208,0.3000289194759296,0
0.16046764388760104,0.8863046660865599,1
0.4402637528294918,0.0764867690302854,0
0.039615522579517726,0.05994429824957326,1
0.6725823112965214,0.5289399290308832,0
0.30444636434737826,0.9979622513286734,1
0.6803486660150015,0.06320761833863064,0
0.0968039531783742,0.34339172879091606,1
0.97622566345382,0.8897936564455402,0
0.06263600305980976,0.24190170420148482,1
0.11732048038481102,0.10700414019379156,0
0.5896947230135507,0.745398073947293,1
0.8481503803469849,0.9358320802167885,0
0.4977769078253418,0.5810819296720631,1
0.2415570400399184,0.16902540612916128,0
0.45705876133136736,0.9799623263423093,1
0.4037927406673345,0.39981214000933074,0
0.3991611452547731,0.43176012765431926,1
0.6145276998103207,0.07004219014464463,0
0.11047711099174473,0.4050356132969499,1
0.40537358284855607,0.3210429900432169,0
0.02995032490474936,0.7372542425964773,1
0.7032174964672158,0.6347863229336947,0
0.5181498137911743,0.8427768626848423,1
0.37321595574479416,0.22286381801498023,0
0.08053200347184408,0.08531092311870336,1
0.22139644629277222,0.10001406092155518,0
0.06560486720992564,0.8562761796227819,1
0.7734555444490305,0.4564095653390666,0
0.15336887785934572,0.19959614212011434,1
0.7592824517166681,0.3645446259967866,0
0.4959702953734696,0.6817399450693612,1
0.6128667531169923,0.0813695988533053,0
0.3004036831584872,0.5495005727952714,1
0.9308187172979732,0.5207614372418605,0
0.26720703186231864,0.8773987891741196,1
0.3719187485124613,0.0013833499989991394,0
0.24768502249231594,0.3182335091770624,1
0.8587774682319022,0.458503167066445,0
0.45309424544887844,0.4939578339872235,1
0.7781715954502542,0.8442349615530241,0
0.1390727011486128,0.4269043602110737,1
0.8428548878354571,0.8180333057558384,0
0.1024137584524164,0.156383348867963,1
0.3041986915994078,0.07535906908334034,0
0.2503982128535728,0.48339353520239203,1
0.4083029083397448,0.3774065725888873,0
0.35742465159471304,0.6216654364532578,1
0.7452329600321291,0.5269074490521803,0
0.20825325212148382,0.9323939389604944,1
0.8028933715613342,0.15914623694224284,0
0.29288856502701466,0.715052597465167,1
0.41810921174800086,0.17295135427115638,0
0.10721074542854603,0.8173391114616214,1
0.733289134316726,0.4097262056307436,0
0.37351101415568366,0.5156383466512517,1
0.8890599531897286,0.7372785797141679,0
0.00515296426902323,0.6941578513691256,1
0.9195074069058207,0.7104557595044916,0
0.1770057815674959,0.4835181274274587,1
0.9371170419405177,0.9233053075587083,0
0.2828368521760829,0.33963104416619916,1
0.8735568272907714,0.4918922317083445,0
0.31654255989247604,0.44687696394619913,1
0.43307744910126844,0.3573468796779544,0
0.5777094243168404,0.779179433301834,1
0.7955903685432131,0.34453046075431226,0
0.14150648562190027,0.8659454685664772,1
0.6211692473670547,0.4981795657629434,0
0.40142794930551995,0.41669175690871096,1
0.8108386151289514,0.3481919427465201,0
0.12012018216347597,0.33447374149611486,1
0.17537206951524387,0.11589846882587973,0
0.4849656451580705,0.9011621706491616,1
0.7255735341014894,0.03855724605899835,0
0.47558911708484375,0.8200224358697518,1
0.2981873596630641,0.1509348973110416,0
0.3302670356968992,0.813880141920636,1
0.3952332435363368,0.310839977143316,0
0.727771273214418,0.8151993953143135,1
0.853606042296272,0.8894479088158666,0
0.22010386078090638,0.6228940321857525,1
0.32233353804661813,0.3165007454536064,0
0.482584241712101,0.7298276355292675,1
0.7348137746305611,0.17649938888906014,0
0.30417355738924656,0.5910653808339902,1
0.9217190668708333,0.805263855579175,0
0.21383534680158656,0.7712254629659102,1
0.7368531616807855,0.09767636744772412,0
0.5149222019367684,0.9384120216943856,1
0.5928802707811576,0.01006369565609333,0
0.47582619585722274,0.7087703909410487,1
0.5200814166356731,0.03066104832571792,0
0.2244136119208402,0.953675696427313,1
0.5823197330520553,0.10747256776880454,0
0.2875445022805615,0.4567036258604842,1
0.48945863543469814,0.2436778752812322,0
0.5886390002919866,0.7532401195921768,1
0.7782761672964438,0.848345269790006,0
0.25438240111762433,0.2653033245370474,1
0.2656325475414473,0.01350870662671888,0
0.3106292182913063,0.7912274310191123,1
0.71514325202536,0.5580512366572625,0
0.005310047614667801,0.011355128512192558,1
0.5112217875736866,0.08329097971899924,0
0.05107548016925678,0.9655166391374733,1
0.8590026396580586,0.15202722720956952,0
0.0006642185902044906,0.9416677953897564,1
0.2783252983201143,0.1858976028554975,0
0.2646495980028003,0.9750946802120465,1
0.6394627744740102,0.5206777914825536,0
0.39791861483493773,0.774500954884202,1
0.8611230080657867,0.6176569825692433,0
0.042906190402558164,0.7008556494477377,1
0.9132843408854808,0.524577067478626,0
0.7549011041375683,0.8850218512118062,1
0.6150580206350962,0.5524390589916331,0
0.2959498335889278,0.9292916715697834,1
0.985108679337132,0.7833966455148058,0
0.20279604118699524,0.42358763671430444,1
0.3577578840803387,0.16368426115164847,0
0.5525813325105046,0.8518085827572431,1
0.9623950738108005,0.11052229405266056,0
0.6308318084098038,0.9979940009356586,1
0.9878891693335261,0.6033229922907446,0
0.12802087045081667,0.5831928309905282,1
0.95612315955996,0.3304405726028439,0
0.3296511575814126,0.7917614211803709,1
0.7510322995349188,0.15597792803445654,0
0.42600238766956056,0.8927071642489816,1
0.10357846344837218,0.01809635820147515,0
0.2991536445438161,0.3884041171691053,1
0.9838538296816167,0.6973302508300515,0
0.720265852504758,0.9253950252924407,1
0.6646655865344386,0.42305444016612115,0
0.198990939925484,0.36747532225192725,1
0.7068718094201221,0.6495342241752968,0
0.2763371527370494,0.3695235401396495,1
0.668218229542771,0.2867166830403943,0
0.019462467309300346,0.3992223836579093,1
0.8882650405440435,0.8603106783434196,0
0.5488492673993047,0.8152250407163727,1
0.8075638041598735,0.051007308828755815,0
0.458212259758612,0.7574065558217259,1
0.1858167482259957,0.1047361066812933,0
0.11655861242959853,0.3576390348482188,1
0.664197105081149,0.40168818500398873,0
0.39563366762572616,0.9554659333057809,1
0.5983159693646871,0.11891694214601356,0
0.4175392009968566,0.7815817276816076,1
0.955046681006283,0.9792863199891774,0
0.4733262004491432,0.6751259138207569,1
0.8451540869957204,0.3827642192427715,0
0.02476905803924867,0.8310311139953782,1
0.6605361771445402,0.15236448365130972,0
0.43535346632515703,0.7954565267763146,1
0.6211403254603832,0.09781016147905275,0
0.7747476141924986,0.9942330832207621,1
0.6147698861442988,0.037129603891447815,0
0.01425151515029588,0.3421038752037887,1
0.8234717190675371,0.866134706324731,0
0.044571110987664087,0.9132835963670337,1
0.9824448830007099,0.40044853473592334,0
0.23752313798634972,0.2713061012584662,1
0.5775900900433487,0.07527727983273447,0
0.0782460996904688,0.3712869442824993,1
0.7665910506061583,0.6886834264786805,0
0.2871527128863294,0.548256281942088,1
0.9568705691056464,0.2779899447954659,0
0.5802378708634601,0.7748797793474019,1
0.9440324664280993,0.03669141786941299,0
0.14740010251322067,0.7562872315011158,1
0.7018404829444163,0.030192773268711615,0
0.5023932939071011,0.5400479636936919,1
0.6455442945794939,0.3448565866227481,0
0.10110749056349133,0.31837893666617656,1
0.9657342779802807,0.6201258805682415,0
0.617497267667286,0.9853785645671059,1
0.887283151235186,0.76506994915814,0
0.3135906117427012,0.36553902811807637,1
0.9903685221395796,0.9121509530115888,0
0.20018988820845618,0.6736532695846353,1
0.64422317792982,0.12208560683646719,0
0.1932362924745561,0.685467145913117,1
0.2987503108519409,0.2550637853166394,0
0.7505366534324163,0.9980227877581006,1
0.3966101121260647,0.10668244680271344,0
0.49340696228917813,0.6570436769164232,1
0.8847648222993799,0.7019775951661972,0
0.3970136667776334,0.7044015394011737,1
0.2848855205537312,0.10398807754342043,0
0.6152764266350972,0.7924989056089166,1
0.8356460375834757,0.48345899817102334,0
0.2715510954247814,0.6075453597907943,1
0.5265840288204692,0.5379457791519024,0
0.45872288861350263,0.8174532636181662,1
0.7690469943201406,0.6778949696185212,0
0.6715276967657582,0.8429732964010842,1
0.5147671040351863,0.14043952137105298,0
0.7128923026989064,0.8304763451209596,1
0.37441398387974,0.3538190325726409,0
0.3782678171051327,0.6578621337264282,1
0.9832748650501553,0.03042651533700591,0
0.04236404709144326,0.22774099334728648,1
0.9296187394467544,0.6672147067866749,0
0.04551071396259154,0.19798279993979484,1
0.7719308674089599,0.41308612590388627,0
0.7100583050156887,0.789869503109125,1
0.8754513240932963,0.07382628156424853,0
0.49096638554047445,0.7175595002125259,1
0.7998654355823109,0.3109303803440895,0
0.4984347858624524,0.701785762935854,1
0.4810424481098726,0.2982457987055127,0
0.3486651977183677,0.8488330256044101,1
0.8473076883337348,0.4144565348056797,0
0.12749888176998847,0.8406409082004779,1
0.9197379807712738,0.9607664734451007,0
0.04245448872552249,0.5144803410895479,1
0.5468681788063412,0.3401007461241111,0
0.06859683475388434,0.228907599724394,1
0.7689194362148217,0.8565674676693013,0
0.7203192659868836,0.9790109190008228,1
0.8988252193018174,0.5867171662232342,0
0.09875988679055503,0.7486060058295778,1
0.9154076488518006,0.1465837361510567,0
0.30526700989728905,0.9430622606027791,1
0.9906516926063994,0.19889221776744814,0
0.6509140038575058,0.8273132277758497,1
0.6844985465240676,0.41733314206259575,0
0.38306635956376955,0.39312241522341707,1
0.9290661572687678,0.05352962020731811,0
0.19333464076691398,0.3466078106091718,1
0.9890884372297908,0.6628564785571198,0
0.30753203921871197,0.875692270234923,1
0.042763137947798846,0.00036734375145786036,0
0.2737326293884642,0.4620975296274499,1
0.6383628950006773,0.1017702665445448,0
0.67301013383484,0.8018158670596945,1
0.5199849899533098,0.45180701808448065,0
0.7998299308884707,0.9605223981193308,1
0.79895316400818,0.07799281787582457,0
0.19751910684608542,0.5283151270573506,1
0.6716898576108536,0.470321282336041,0
0.7631402302547929,0.8701821785071485,1
0.5620661107547191,0.4562225019615531,0
0.40046971029413403,0.6953464681395298,1
0.851198471715004,0.771077346815188,0
0.2814537272943938,0.3772689326657602,1
0.9260265066284805,0.8180772251738613,0
0.04425197131526959,0.43125784684189816,1
0.8526890057422694,0.032775901293363385,0
0.24415703383687937,0.33909458847740304,1
0.7674657630849425,0.5168330403809708,0
0.1631817055141207,0.6962192002506188,1
0.9006752388088651,0.7698715146690553,0
0.3101954982442031,0.5154330866863324,1
0.41595331462977947,0.23125495297968846,0
0.3078740979600233,0.9454309703916057,1
0.8080493403229045,0.9270205687863958,0
0.11556131360031396,0.21727897233783133,1
0.7428982920807213,0.19600075428073904,0
0.1726966861550493,0.4815533546282057,1
0.426593909598879,0.024548116523977592,0
0.49357853114617667,0.8257381885570964,1
0.8184221621817872,0.08044851553740051,0
0.6012277576745202,0.8345863819712365,1
0.8907643464500933,0.8061241514404441,0
0.19172410992184563,0.27047734094662323,1
0.6161829906159595,0.3842731752423184,0
0.1544254246546003,0.3126898434860351,1
0.884324226389135,0.9585323442450648,0
0.20751273406736848,0.7884683870244413,1
0.5666693393630345,0.4768013639288602,0
0.469384355145153,0.7594502514576428,1
0.17820095493926813,0.17117204815515852,0
0.0741245179130241,0.8444704924187344,1
0.7716028066943498,0.5439214998029848,0
0.05902324526911473,0.8109817316001534,1
0.7487223064086382,0.5611209274297748,0
0.015738239670462506,0.3258548420037962,1
0.5025093969698047,0.028362934230075076,0
0.5592483000339074,0.8742827749512302,1
0.7047321944166701,0.6229683229783043,0
0.6062619062265414,0.9890880753568537,1
0.818101050024029,0.34060464388435197,0
0.15204702504442202,0.7840586144671541,1
0.8748423619393388,0.5556626252724074,0
0.10128424696474214,0.48350065838396006,1
0.8443270139828222,0.3154651571670559,0
0.6977284017849593,0.9703753278372166,1
0.9301263622436969,0.1812676621478424,0
0.4013882466247205,0.6155972191096447,1
0.9465570860740017,0.13314819153576818,0
0.20960272887719555,0.3474596681158475,1
0.9550641453735598,0.5189256786371652,0
0.4131347717827648,0.5228242829238477,1
0.60018442398144,0.22500159467716208,0
0.14090976416206002,0.862666057932753,1
0.8167256870298913,0.6071806401301921,0
0.11275150990365834,0.5584100265458799,1
0.8256808210194495,0.7468338109353565,0
0.5494185832998159,0.704643698826602,1
0.9229142906324854,0.617035210641125,0
0.06833637743884757,0.5008281900016218,1
0.28648634831524233,0.2851749281325723,0
0.5786099801171002,0.683601500353557,1
0.26874938707673546,0.12976262256838134,0
0.0588087209344621,0.5757528450305522,1
0.1861301663330024,0.009247994223699374,0
0.09244818024697277,0.8429211121274853,1
0.9832027382901181,0.4486006620177172,0
0.04248960823815817,0.1175459407560635,1
0.6443971409505681,0.0603794820255964,0
0.6147627506164867,0.9444041214695561,1
0.6090938979435434,0.18511638887923054,0
0.006203414709366029,0.009284450505927078,1
0.29772294755562134,0.22701777179605787,0
0.12516165796134293,0.9642097566160448,1
0.7808851846280236,0.1663246137196387,0
0.1514860078061928,0.16207298502996548,1
0.9634699947451857,0.3049641829577222,0
0.004787385241172171,0.5537660737060766,1
0.6981163757068996,0.17633290746448915,0
0.29797026415692995,0.7092337639507906,1
0.731930277681536,0.3422263312509606,0
0.6166184435520741,0.9004101465401794,1
0.721198112930903,0.480107807145184,0
0.1594690923411588,0.41702974119199354,1
0.42681951511054084,0.26810926491253906,0
0.025231827287816144,0.2715502900064757,1
0.8527361578939424,0.35020195195657644,0
0.5715501954169343,0.9835554181712204,1
0.7791109940193555,0.8051274852078378,0
0.40985744990733874,0.722500087509922,1
0.6867833676432891,0.28757538285757145,0
0.2542400891795997,0.7491006066497199,1
0.5323360708973223,0.11495214963711486,0
0.5681622441809498,0.6679770724602178,1
0.84083024241225,0.4972313969773726,0
0.40867739745468534,0.5184323099426694,1
0.6651828444118888,0.1648055898475378,0
0.02719779440792025,0.3175036991866854,1
0.5955850196361631,0.4866060912814587,0
0.6925546268631271,0.8196898055745352,1
0.4884424667302759,0.13426702371782484,0
0.3440101756508539,0.9482967516582631,1
0.29257084694760094,0.24599060595658673,0
0.47338572559429504,0.834176256556237,1
0.6104897350200319,0.5456289245734854,0
0.7399462420484398,0.9669559479667332,1
0.414438025228521,0.3553798150610512,0
0.04386242976638255,0.18420430651882713,1
0.23718963205167587,0.1835044670713385,0
0.6676338014584673,0.8204621608393736,1
0.7083602670365968,0.3927589459044728,0
0.02927094010104414,0.43495521902687795,1
0.9082730864154143,0.4090215115928747,0
0.332248916442747,0.9895250829450272,1
0.6444155642370132,0.36599802647118085,0
0.10201953136380737,0.7878494449464212,1
0.21727563002800832,0.11492434998823198,0
0.17610383778949612,0.3198073353960721,1
0.8168251414784377,0.5395366051096308,0
0.04585035510228097,0.4638946746593172,1
0.6839796113664752,0.5383684384690157,0
0.7132460130406766,0.9818642170133025,1
0.5902799217288169,0.31144939554220064,0
0.24827656701970024,0.27793535720895857,1
0.8301965798350519,0.8429348593012821,0
0.08046718397913877,0.5421869540924683,1
0.7236230943988581,0.2889067713573552,0
0.5402228047861908,0.6319041463564267,1
0.9559123093102045,0.5850510104238695,0
0.46602174382604933,0.8903785611157826,1
0.6037829038425656,0.38582796974253164,0
0.5315677222423986,0.6451385335716601,1
0.9409503298781383,0.5756340728609814,0
0.26697589868858995,0.7914537299609294,1
0.6238667252688536,0.43974531184284804,0
0.010585739586393417,0.9649279429455299,1
0.9620232533557238,0.21755221028003846,0
0.04134637231655669,0.5301993630119022,1
0.9514108146164075,0.9103958457649349,0
0.32996088376919597,0.8979135514860276,1
0.49178403563557693,0.1311162289671456,0
0.2484254759736073,0.2767949014674991,1
0.916050908274991,0.6687825429922609,0
0.27624766746925433,0.3626929347939404,1
0.9949019073529632,0.7456665838750144,0
0.32321520119473024,0.9133921584571569,1
0.6963236850805055,0.36632437083075464,0
0.13307599018416627,0.7734546715219126,1
0.28351378229303437,0.2630787802965846,0
0.3335073956751826,0.5723170159586255,1
0.8948697402009823,0.1762816401400148,0
0.2796787975992202,0.5816798431478618,1
0.4543342421615151,0.44732288725572533,0
0.4813069660698819,0.6873517954472738,1
0.8010587110273939,0.5183664103871639,0
0.29431640895373534,0.6380845977222838,1
0.5344320281653596,0.015676116049913924,0
0.3447021787677881,0.7243335638753198,1
0.42261007383104854,0.3266352296260078,0
0.6823265790625589,0.8057023380386775,1
0.6714275461256203,0.42240749476866457,0
0.12479644789430067,0.5802481665713005,1
0.8974333267292596,0.41889242651841496,0
0.6208415624424766,0.8329884760556429,1
0.5645971096407215,0.0909693392955635,0
0.28646463245986764,0.5015914709407675,1
0.879417462024168,0.2750064007006836,0
0.3661175500743158,0.8926398030473215,1
0.6254176103511686,0.6227889941042252,0
0.14198647542526377,0.2593738185269995,1
0.42746140569325586,0.0009032855212496305,0
0.06981430295969493,0.22649127794102164,1
0.48110196401581173,0.2515227381686128,0
0.2916661334230033,0.7763336816594462,1
0.9961004403012381,0.23220975516359232,0
0.3598097672410472,0.8878650314643884,1
0.9444741644379346,0.7283789963268682,0
0.5167387148180483,0.7771927284034406,1
0.8113794039634867,0.8156175864366617,0
0.18839952278280425,0.4358412131383109,1
0.7385922212429411,0.5265842599978379,0
0.03160544282040556,0.568419042866216,1
0.2047813619358524,0.053662906291589096,0
0.5874885247317233,0.7726041436328025,1
0.7748654492251879,0.030288410155906775,0
0.21518257924215722,0.3391184140345286,1
0.9504860360377839,0.035107370827145656,0
0.35886157879279534,0.9088765512228052,1
0.7190770235550296,0.5595705341197842,0
0.07880236030946042,0.7486557209831396,1
0.8776183773849765,0.6238679005772775,0
0.017029842112618043,0.3779764739828766,1
0.9787965377421489,0.6813303587402346,0
0.16098786131341913,0.4605967486545006,1
0.966737743843486,0.5347081744165934,0
0.024614528029824556,0.6197720842759777,1
0.2712165309311598,0.09884595187690437,0
0.402908444731893,0.5585230974322448,1
0.6946109034163818,0.043270676442196176,0
0.19157101348646732,0.6621742342864505,1
0.8513234378820872,0.23556720050497482,0
0.15427777765800355,0.3121210152816999,1
0.7331093038467983,0.6696849008553338,0
0.2163791144584878,0.8618068074390897,1
0.9565715558589277,0.5316058181086445,0
0.191202197017449,0.6040269333595097,1
0.6621836528441697,0.5809958186732397,0
0.1780658862557184,0.972933617280214,1
0.878594237524952,0.5066888439148206,0
0.11513785017643186,0.8187390843472899,1
0.8838254464445581,0.8534493333489572,0
0.3562531775378994,0.7571297778090657,1
0.9863290630015888,0.5263216119513313,0
0.7002037687349363,0.8584775686018541,1
0.5006770213261564,0.07208015736151685,0
0.08964247609873699,0.4211107588880808,1
0.9442598201028373,0.1397301515397661,0
0.36589214535693404,0.7433402256486646,1
0.40051046358150544,0.41091573429808903,0
0.10325322066597453,0.5190989393318636,1
0.2846940663904305,0.1548694156544791,0
0.1459478901815131,0.6327656411063102,1
0.7925551673304461,0.7733322203698869,0
0.09227959766336158,0.6855127190457763,1
0.5080443388649867,0.46109400030335734,0
0.09268519215816062,0.4549042727134398,1
0.8719683961501463,0.44828214689444545,0
0.014349147740350121,0.6114853239164696,1
0.9958300034113987,0.8172485840405118,0
0.6172379466181479,0.914398886797885,1
0.8135816816510619,0.49863935274004045,0
0.5912202854073818,0.7312928092030199,1
0.8464261639788647,0.0581764023767114,0
0.6607985603015407,0.7646330109588501,1
0.5395019250274483,0.15851485058039905,0
0.6893006911552638,0.9537061819630834,1
0.795252812224187,0.3897864227871187,0
0.5043863235561108,0.5576508144925704,1
0.4196003634549319,0.1992281464241792,0
0.5082713750461963,0.7874664791808963,1
0.7930286671951117,0.8264304053149786,0
0.5800802641821708,0.6935917407956035,1
0.28834863387833454,0.29136152862599196,0
0.20335662406959776,0.5700468780927677,1
0.7457637340963282,0.3530363904475091,0
0.43438225122139007,0.575396611660893,1
0.7759584418813597,0.07614516220153023,0
0.1580597336011924,0.6650816241420333,1
0.738402441015417,0.5882017770788354,0
0.1362923350976436,0.68629106037108,1
0.6020755221947981,0.5904214750302634,0
0.5458536352463982,0.9390957095495389,1
0.129156396826558,0.07319729852497836,0
0.15411716937731978,0.24499020990495046,1
0.5929463194364691,0.6124252490967343,0
0.23260187745708427,0.4892254993109375,1
0.48206185276773483,0.45311076628522495,0
0.531967344073168,0.8241047760631955,1
0.6090793160357167,0.18477457483728732,0
0.4325966430678647,0.6598040293907718,1
0.8360175827727111,0.6461810255983272,0
0.1795001688986303,0.9999640185426024,1
0.3091918277779059,0.12474018780936369,0
0.09113640612930685,0.0929786709066801,1
0.9042874658222364,0.4493691779610771,0
0.15060652815522568,0.5938300983792906,1
0.5376233556508321,0.19840674774889933,0
0.23837076773086996,0.5104006108990281,1
0.2916492615163876,0.22213992176121322,0
0.2805899772848325,0.3861383798498257,1
0.27363831030002284,0.2107106425777696,0
0.11251295769933845,0.5408951624566958,1
0.8818267622722838,0.3691611951062197,0
0.1377248457779756,0.6490695977908352,1
0.8560349969338062,0.09321247404534405,0
0.3056953793966788,0.6942914872263741,1
0.857978579001121,0.4533040523767575,0
0.005051870005087333,0.18630351666635603,1
0.9798641184223712,0.8672860771213566,0
0.2665046387489214,0.9637488571210464,1
0.36771261595328586,0.2975853747511801,0
0.15280763544988518,0.901611069510674,1
0.9869924910668593,0.32741140405268243,0
0.10499073930545522,0.3926923068823239,1
0.551569960761176,0.12301675917649424,0
0.23438295250457297,0.5927595785429434,1
0.7932593060544021,0.3276243490519758,0
0.12187917564913275,0.9317764513967938,1
0.9999489702149168,0.2698888205643851,0
0.45768477592962375,0.8658437598357476,1
0.9185266283960603,0.2814161142143904,0
0.2902266451589226,0.9696234687543495,1
0.3486332299682927,0.10784968126068728,0
0.3885892096203356,0.44767829095998235,1
0.8170569837942127,0.930941311255106,0
0.4750601299749311,0.7193165682364342,1
0.30904958501240243,0.06958710851901795,0
0.36547352532599353,0.6979152283282977,1
0.7907728499829019,0.19404254918460295,0
0.33083676249080674,0.8253026175490917,1
0.5784515481629375,0.39711199099606664,0
0.06774622055039603,0.7839054772850341,1
0.9695823723122513,0.942435620587473,0
0.6107655897874192,0.6950880426047262,1
0.4379791291096805,0.37273675143760665,0
0.04143613173271932,0.4008401541544574,1
0.7903403526216722,0.6484683580489194,0
0.11645228109244143,0.2477964557251887,1
0.742271569229792,0.0230075418456952,0
0.16992866211855884,0.7687722230537536,1
0.9668005974515538,0.9345603745300182,0
0.1536665427726126,0.4444937233583467,1
0.8518938450883227,0.6596954981260428,0
0.2048776928975975,0.8100038608371999,1
0.5678206546639691,0.13950519378682968,0
0.8048940268708661,0.9585859103625782,1
0.3461638726284658,0.2935122520864435,0
0.08177517820756608,0.6644912264494156,1
0.9589616184964967,0.13599268999160763,0
0.034109903709815814,0.6645010506676454,1
0.8676871753434979,0.3375705361260297,0
0.2379606819174762,0.9016067269067185,1
0.3650435474567474,0.26768403969287646,0
0.09366070118905723,0.2807065905741337,1
0.541633010854823,0.024945629811443437,0
0.41536730019127244,0.6888991073865137,1
0.5036973051815162,0.025737775583115297,0
0.08249350308109338,0.475214033462273,1
0.5461327493471125,0.3236137095467213,0
0.4139624956958795,0.6296183027065931,1
0.7785842640282813,0.8515577942834893,0
0.2001706815505686,0.6229267200659891,1
0.31515150344547804,0.07017356786490447,0
0.5007587529219609,0.9635994443948874,1
0.6117833481601271,0.3000318716171253,0
0.49297360392289946,0.6907612738337751,1
0.19753989376610714,0.059846315550850626,0
0.3022072827360107,0.6772124291139527,1
0.5778637242618545,0.3307249654946358,0
0.2605476383656826,0.5599474107895882,1
0.47821563984577564,0.44597266060036067,0
0.15578561895406717,0.5046461916329911,1
0.7738629651893243,0.4056338946232637,0
0.5930331393287639,0.746497815875704,1
0.4142210500958915,0.3602481588123011,0
0.13524329595586326,0.7362608014758756,1
0.8385085908076249,0.31658441102995283,0
0.0887579854194529,0.5505789181349441,1
0.45432872638864563,0.25287988720157717,0
0.039126111432281396,0.38213574020259033,1
0.7991832081050435,0.19996658590792427,0
0.055356313134363844,0.6808601208111374,1
0.923341084521733,0.4930168542378287,0
0.6646787233813293,0.9782289311177785,1
0.802187920876386,0.27484439421426143,0
0.21435952961809968,0.797237891643355,1
0.6939881399885446,0.47722248071760787,0
0.5704366902119271,0.6108727235414362,1
0.9689448200326233,0.16174119463151948,0
0.2723958026607546,0.7095910479712436,1
0.3465341756581186,0.1808393999158191,0
0.04762076084981848,0.59559504031795,1
0.8252821895545517,0.27379311114879124,0
0.06130068249878473,0.5726329966747499,1
0.5674409403252657,0.20237230493598024,0
0.3345443786657215,0.4582788935837623,1
0.7473574586765804,0.8313036590972589,0
0.16284904601703887,0.7519060360067699,1
0.9687912539451718,0.12446060880994103,0
0.08067386142081667,0.7997301289520093,1
0.8820359225258269,0.938964897102525,0
0.318471243922974,0.842168100437994,1
0.858856909563651,0.6053904805020363,0
0.30128918764272283,0.6188670389389908,1
0.24358027110857006,0.17763229007560877,0
0.41295045442400635,0.7057804229844352,1
0.6464559113657224,0.14131404979592044,0
0.191173764997013,0.597950900679121,1
0.8382864750148153,0.8938676520674573,0
0.40004388668504853,0.5585830285872317,1
0.8091995921508134,0.3120705211951691,0
0.13604334237850613,0.2756653279198856,1
0.7169750729815461,0.5844829937642724,0
0.09133379816877518,0.566261854280033,1
0.07923702594059778,0.018173019276237823,0
0.5946476814330426,0.9286424880696137,1
0.7198520277711921,0.7673608619709871,0
0.20991999008691997,0.6999887646268611,1
0.5796903097452348,0.27459469982028606,0
0.43430247140102396,0.6611487655814131,1
0.521913680218495,0.36772668506784956,0
0.035538472534346055,0.42025933959837536,1
0.8966942501708143,0.27756935052966913,0
0.17230932469765314,0.9282083943293762,1
0.7290155103364921,0.2609240084776018,0
0.22984952779368129,0.3976672339315541,1
0.9586012891469076,0.5927912915489684,0
0.5514102691538197,0.8135436792839946,1
0.039783298028444825,0.013836251172974823,0
0.47660392304326005,0.9372935385658475,1
0.9335995956239547,0.009247106979528796,0
0.2931872905734214,0.3162919638346049,1
0.7306790666385901,0.19967283393019697,0
0.18518200130214535,0.9557820535760178,1
0.046538486379183674,0.02786372412310567,0
0.14724767267198968,0.4424158153889981,1
0.7354093600258587,0.7378812839173013,0
0.0017378267846723805,0.09990807373006061,1
0.363660441104416,0.0611974471035418,0
0.7063512805336583,0.8871986820862284,1
0.4421293206493173,0.0019621445973821983,0
0.28533602462541374,0.8141587000374869,1
0.9018411698000748,0.35150958111822106,0
0.2939912529790484,0.9245052110687334,1
0.2803092350505634,0.0979187987907415,0
0.5012363117860135,0.9232318371181676,1
0.618640753927305,0.20882662478373437,0
0.682429573367613,0.7683611440976326,1
0.6819531314673225,0.16035314538048817,0
0.010180822383938692,0.23787517257520274,1
0.8865051551042046,0.6356772638808419,0
0.4344416552185302,0.9879976996098128,1
0.6142243316266857,0.3226629649849716,0
0.3673504001211696,0.5623390508601441,1
0.9923469623196748,0.8325885178221839,0
0.29338089326681516,0.31633539290556756,1
0.9866223213334914,0.29612672735239554,0
0.35146870774748507,0.511806560066037,1
0.9360590205048064,0.029435237061361197,0
0.1009762797205438,0.42064701703371876,1
0.731450249159012,0.2688782303903485,0
0.5624018260131903,0.9999311470188161,1
0.7284654948930182,0.336350655296926,0
0.7654589703324095,0.9539157073856089,1
0.5425058428622357,0.26357764245021886,0
0.5460138896526734,0.812185400181229,1
0.8106963460014557,0.7142399748518815,0
0.5419358896149794,0.6732611007744953,1
0.860143500304649,0.6073648217266423,0
0.09630180211077544,0.6266134356038866,1
0.8113770403016125,0.7880353687003,0
0.4959750270792086,0.9758464133154727,1
0.49763315709084066,0.27879141669105545,0
0.3024312445516868,0.7436427238772702,1
0.43710703889059366,0.41878848478549024,0
0.02048659526993446,0.30527816042104927,1
0.8603830798416068,0.8035044982271469,0
0.02699029143169318,0.3114649593908826,1
0.38462981600553936,0.28852500286289273,0
0.5711529683047126,0.9146942995496945,1
0.18219764492303292,0.1256644453137924,0
0.5440711336888929,0.69737082571725,1
0.9549880481625318,0.3715344084564789,0
0.3465568522036966,0.5158542979015847,1
0.6849379367067089,0.5660237771153032,0
0.315904642828328,0.7736776637703174,1
0.2877976092729607,0.18710434243329277,0
0.30073256395315373,0.88699329703788,1
0.460883128691712,0.2254151537382285,0
0.004768377764269971,0.3011878083654256,1
0.9204871188372717,0.2626142180446358,0
0.2942492583320867,0.9273535786015709,1
0.7889949080537266,0.7619133153738572,0
0.5261071244812398,0.8248616737298372,1
0.45842865821125367,0.46518955047155564,0
0.19815949993946502,0.24375179333158525,1
0.817352116565939,0.7685456376763616,0
0.7195747477449508,0.8265186324941105,1
0.646438892397248,0.1860927313091021,0
0.03738471102864571,0.5804012668569645,1
0.46267310507961357,0.19970392819903238,0
0.3680839022202911,0.5414662556089532,1
0.6329171122765795,0.4766437775428183,0
0.6582079130268984,0.9095579017878257,1
0.236564211113225,0.2137071880691377,0
0.15453962047570513,0.6844190447515897,1
0.5661600170334582,0.11990356732862284,0
0.11571815121321471,0.561911457807729,1
0.42275869303077596,0.1047744042491886,0
0.19244701360336192,0.8524443864977456,1
0.8009363887030907,0.1002582045273901,0
0.22771359015896464,0.7274397075582869,1
0.6475524325933526,0.5630238367151661,0
0.17164081662818076,0.7945310119658656,1
0.14141411188129605,0.13479789472306425,0
0.32497210636760143,0.3405875997076052,1
0.6963676936065396,0.2402622011512725,0
0.3253264534739049,0.7762115084700661,1
0.9131505733137121,0.6128359702284323,0
0.10511822946280702,0.5415846607086229,1
0.6277788742244063,0.3140526970069475,0
0.6973814656840917,0.8953486638415221,1
0.7713023970302836,0.30032157477911237,0
0.09946787609389407,0.8241486696206854,1
0.6658070345090323,0.6140006512807219,0
0.14217288071323342,0.37737711316979705,1
0.8766360800049111,0.1633044607769063,0
0.04790288699711853,0.1911514768901753,1
0.6481414711893314,0.01734274680649217,0
0.01728965274119665,0.5668964288000554,1
0.6332924423782887,0.12542188091555395,0
0.3367213424605472,0.4088315803843413,1
0.973764453627561,0.4450016890894074,0
0.2574664780802747,0.9585944465253112,1
0.8180573965471908,0.724228605558232,0
0.05257151420438899,0.6820538403617592,1
0.26888805009787653,0.10676759258842983,0
0.008199140586074072,0.22148054044830368,1
0.7046820311167495,0.15214085470395233,0
0.4492342848107873,0.8674230618017811,1
0.4382812327828012,0.0961552543014883,0
0.36063499365180096,0.8412800663481076,1
0.9730462422682282,0.8450816706160053,0
0.16222839077355067,0.3455092984490846,1
0.8311881586067501,0.5538959343957655,0
0.0710879006301196,0.3424065656010231,1
0.8982288010160042,0.4230319829312198,0
0.09566592748691505,0.40454228688038174,1
0.627183234547841,0.505191555071379,0
0.4894972098053466,0.7793909564002804,1
0.3827181981579947,0.391989326810261,0
0.0018194947805292294,0.8299173651954892,1
0.37601733497150314,0.0851059081135721,0
0.08788788196507191,0.5668726793505451,1
0.9293998221452582,0.8238822097031292,0
0.3744948994651792,0.460677261142561,1
0.5772967114245704,0.04278380916663371,0
0.3349545405035974,0.8085961706701537,1
0.6881138813839268,0.6325319473789155,0
0.5334279395046583,0.7577471254274131,1
0.40144955691968986,0.20921049112192747,0
0.32552763392261075,0.3905830929331291,1
0.24954174744284097,0.2274702082086888,0
0.12236523402169797,0.5935997813267829,1
0.1796481751174227,0.05805632067769373,0
0.16329214202474285,0.4199948120491419,1
0.6935089719274358,0.6415008847712601,0
0.005205979359825141,0.793290652514086,1
0.2770661627261115,0.13535111433764768,0
0.3951838267867882,0.9041310511984469,1
0.33508574267910995,0.3245999991272911,0
0.228618345971475,0.8372020270371454,1
0.8498176287600633,0.9049193013125382,0
0.19752500637671,0.5278719205461331,1
0.43610982009521804,0.20822421097781196,0
0.2456353122757715,0.9110485080061057,1
0.465485967436008,0.06558209567040296,0
0.22654553229584695,0.9943748347169384,1
0.3341776027693687,0.16030521702543288,0
0.06640875146876257,0.2975187794543661,1
0.6911288860821325,0.5195864408573572,0
0.17326495367589456,0.2196337996488893,1
0.8676942857212915,0.3369613267738214,0
0.05202981200504242,0.7045737172836195,1
0.6634571998860077,0.5251597299929988,0
0.5821871830790901,0.7302470776105839,1
0.9464956116881924,0.2968528676879666,0
0.11968519672230693,0.7816131001833894,1
0.5260963484005408,0.21328200403897157,0
7.2449638492178e-05,0.8803219316643702,1
0.49630735972825957,0.4311082945881648,0
0.30969464926452184,0.6084702651738416,1
0.7627863472229892,0.5408255176538437,0
0.5832399316791738,0.8826032270257104,1
0.7484325130680506,0.8120567848487955,0
0.24804632969409923,0.3315698041877778,1
0.6317694004506118,0.3984317131891898,0
0.02761404496330544,0.29918021946326245,1
0.8494852489826142,0.5968020177048212,0
0.12398890832731169,0.34758336321601746,1
0.3303531580600173,0.32885323381140785,0
0.3247858577376286,0.6691931285020627,1
0.60293211047753,0.11951561836705538,0
0.274889987919257,0.7474439936640761,1
0.1879098553132461,0.1522379385630518,0
0.015355936564545813,0.861300356312702,1
0.11476261670583532,0.10777613604762737,0
0.33378340489470293,0.5162306440186114,1
0.7008722190433495,0.4992703565129284,0
0.028087991954701463,0.42615227502611275,1
0.9851546831184075,0.8573542571210433,0
0.23645571315893898,0.3759624313127088,1
0.7067857215297443,0.5452011971650093,0
0.1749153048569262,0.7206425469169074,1
0.4572891110790437,0.13266195551253201,0
0.037211036308801515,0.9933779936899051,1
0.5018363367370507,0.5030153839254815,0
0.0910697183721334,0.950705818837975,1
0.7328958645500868,0.5187278381595511,0
0.12025713907388602,0.17567656948828547,1
0.43216660514178373,0.36225882073221694,0
0.04034601931833981,0.5111030866900542,1
0.3763414581904063,0.06177906973480196,0
0.18777029710908766,0.40467983148626285,1
0.9328061824822222,0.30833843446623255,0
0.2926420497404363,0.5665182742712181,1
0.9474195185897651,0.8646408384568184,0
0.6160540494372189,0.841407236750209,1
0.8673075096746405,0.24811224848006264,0
0.5083733142598797,0.9297742638910044,1
0.6791499961674852,0.6605191053207405,0
0.31145009655296385,0.7285807096817771,1
0.6077048132604675,0.3422413082046126,0
0.07848643674025946,0.6257109065192588,1
0.5056936381437552,0.23484841075284613,0
0.15063905483217888,0.8744457175624959,1
0.8677099684769924,0.42660833869182113,0
0.26782893919360584,0.6928137627201797,1
0.8415615453566596,0.08579703513243586,0
0.7986187466244946,0.9611704418831957,1
0.6797967402259275,0.266726943216011,0
0.40554180461357825,0.9028015595875049,1
0.8366518248871061,0.041810601153301374,0
0.6065293910758234,0.6976368815154709,1
0.6648574757163,0.27195643475835074,0
0.09409412769567327,0.5605119006191839,1
0.5824117644655802,0.2012292906236388,0
0.44820272374154624,0.47207725974866155,1
0.6503917479374361,0.12021666718785995,0
0.08370020921444421,0.5998245833260225,1
0.431034672806622,0.10398209321647645,0
0.2156755661320542,0.5004452736380616,1
0.7891842270707597,0.009743265237635246,0
0.6040494237681695,0.836807635478249,1
0.7740529258445351,0.17557747925462064,0
0.15256114270196153,0.9050458686392603,1
0.6946466513738965,0.7365733630422217,0
0.4884054991924638,0.5562573515833802,1
0.7170179689321408,0.39093730515226144,0
0.09516824671698387,0.13559688458288466,1
0.9739029580424036,0.051717662340782455,0
0.7116193374491492,0.9436815284210033,1
0.30245659798031066,0.2369650183111639,0
0.34705050939238014,0.6326475367092674,1
0.8812398878757064,0.3186723521815287,0
0.6529669842474817,0.8764176978914925,1
0.5721143441720545,0.4140153847751511,0
0.5226158468487513,0.824062008061992,1
0.7221295495500296,0.5012648506822494,0
0.487652325937422,0.8992577126953837,1
0.2323422036036078,0.09570169580913968,0
0.2959530604047663,0.617043228861707,1
0.2293638996894345,0.19806047831528317,0
0.23256619116471444,0.8584204014821601,1
0.40170047652019636,0.11587016526054772,0
0.5652422453590413,0.6236930402621592,1
0.9625743710919205,0.1911012006151671,0
0.28417205727033834,0.9322198320783206,1
0.7182929063140008,0.44933099697521217,0
0.1479332331935591,0.5910919631856151,1
0.7137406204838045,0.5144409116098255,0
0.11394728199082904,0.5032473941239355,1
0.4328989896562977,0.3257544359864233,0
0.23555668700529053,0.7359012753843811,1
0.97916100621838,0.44123871645315926,0
0.7973035022008037,0.9624671585337337,1
0.517023394169903,0.2557198042079394,0
0.1608262682766265,0.9166268292838645,1
0.43343155117184584,0.43521552045635725,0
0.7652582604512472,0.9351583193150276,1
0.685506985378391,0.7149763296261568,0
0.27853571434901214,0.46871400057662516,1
0.591998092587852,0.2952841816429165,0
0.1003373341156848,0.8190517657862706,1
0.9654538957507879,0.3463276500858449,0
0.03492009594121803,0.5669151712722333,1
0.5994131178177925,0.6348797056291805,0
0.6669398595884487,0.8079434229226331,1
0.7240411659088121,0.7955005888889377,0
0.6360695072072,0.8007806089049284,1
0.9090134767736376,0.9044188415515816,0
0.32788821950417424,0.9719728273552545,1
0.49522455770192064,0.230476070159513,0
0.5537141575902743,0.8544654418738471,1
0.6311232710517998,0.35930127868712947,0
0.14424832324587533,0.1988127961986741,1
0.8454039345087339,0.09055108338518902,0
0.5419484409878162,0.7749456414423113,1
0.9678570834494661,0.13488744756620685,0
0.030503720142378787,0.7479506202532099,1
0.9832713188441309,0.5954032831362801,0
0.31454736366780933,0.3808840604283622,1
0.8841469350947452,0.5007763078118548,0
0.12024160222586466,0.5021501704999409,1
0.6513094388112957,0.06273651131791269,0
0.41754621986829077,0.8871362031077711,1
0.9721138959242149,0.7293470099299623,0
0.04252508752590867,0.4325457091579801,1
0.6679425961129916,0.4224437872706094,0
0.7430228925332476,0.9067745514875638,1
0.4227221924900907,0.04273899302080575,0
0.013726045326379777,0.4722799810652025,1
0.5264963654092994,0.5003487431628697,0
0.11963474024441834,0.320294229962523,1
0.5349498174948405,0.389791444940793,0
0.043445229423661136,0.42802772907525244,1
0.4991818345516955,0.44784759633650517,0
0.004474626711733043,0.6524288587852523,1
0.25739277533083826,0.044658824359445126,0
0.5034686093793187,0.9205473826612222,1
0.02944028336602822,0.013741593071443292,0
0.015706348512828594,0.10306875067440213,1
0.8363946422946935,0.45263844649673934,0
0.12438726664102684,0.1559204841607894,1
0.6114227359945645,0.328665994778778,0
0.025705232049547777,0.6360184962179287,1
0.15876824849159765,0.14327791148182034,0
0.1486415913275414,0.4470155689846399,1
0.6617870457098052,0.2836191455309717,0
0.27694561143975127,0.9528195121200644,1
0.802240832233182,0.5863030105015549,0
0.6875089728299585,0.9616571294304682,1
0.7803595907073239,0.5655588372489639,0
0.45934796084424934,0.6667545429094478,1
0.8912940059690603,0.6093636372547342,0
0.2177246793830825,0.47405565586584864,1
0.6676200688843181,0.19531752237312883,0
0.5225293579175383,0.8588012394980442,1
0.894164183762562,0.7041515108727725,0
0.061877768458453164,0.9483768496816916,1
0.4064449124008854,0.1700970121859906,0
0.420353809437209,0.5999145144686872,1
0.7900794282391057,0.385619861610651,0
0.44006333135797315,0.5207159938186551,1
0.8471371472082502,0.76094030253111,0
0.07715158047521509,0.6348976650794832,1
0.6148152219392081,0.06398226218648662,0
0.6412538606417006,0.8921982110925353,1
0.7337064022325901,0.11520230767278927,0
0.6313518640485368,0.7951621306965382,1
0.4098433616918413,0.0841018432522711,0
0.32560219913276156,0.817053335823799,1
0.5718492202749439,0.5195832923153049,0
0.2517135644049552,0.5194688609363887,1
0.24977089352473847,0.24066889673321867,0
0.12914135191368392,0.6893092537821236,1
0.7810436077246344,0.3236119729431979,0
0.4092966507907204,0.7930680917284937,1
0.8948692396828983,0.04051673614469664,0
0.5876669265986314,0.9569656367103522,1
0.9242743346141207,0.46259277420988687,0
0.2896816676667924,0.7353968891860327,1
0.6213542370919418,0.4431526625579515,0
0.6689140002469732,0.7709683033402449,1
0.8975087092539015,0.4403551122190561,0
0.4105229906934824,0.9394712577708223,1
0.8382055695407933,0.4514483492772493,0
0.34838638534422983,0.5878164141171678,1
0.4046758169978758,0.32950361604644496,0
0.26597330504456207,0.31304547218650813,1
0.924162029492106,0.9596729314494371,0
0.09883059664712424,0.7354138828691462,1
0.6577626876293591,0.630968665404158,0
0.03284334570370728,0.27345391561770005,1
0.7461028700926283,0.49580682898716244,0
0.02388834519882166,0.5265155549162496,1
0.8478048808856727,0.8784202538807585,0
0.09790293216466206,0.6984450683405525,1
0.9131511770439525,0.9165767655006917,0
0.5286314711994123,0.6421052190536091,1
0.4924272227573304,0.16027042870417663,0
0.33897097235409335,0.5133073399059025,1
0.915896904725474,0.8725525901719886,0
0.12230210793411844,0.2789979054025671,1
0.6355843417029102,0.25975364773136134,0
0.0020838787635798495,0.7012145666228212,1
0.28393643551046754,0.15236919790259218,0
0.13568510496356856,0.1449134952643405,1
0.9674916853073376,0.7268508833172903,0
0.19485034627852338,0.814190702784407,1
0.6718731713210726,0.13870850810653435,0
0.07835088424931014,0.14593729391312482,1
0.6191428258133745,0.09813875382961756,0
0.27957525138584205,0.8739002522646546,1
0.673158146918348,0.06418438235411827,0
0.47937205575852804,0.6088362892110891,1
0.7706961891023262,0.5570674938278416,0
0.7035988520793304,0.8590815047297518,1
0.9715309283465463,0.7361026993008667,0
0.4220064644911017,0.6436138727174525,1
0.45031205804301244,0.029722184121927397,0
0.31684260950695975,0.6760677570305994,1
0.856179176233806,0.26939083034449174,0
0.6159316145282703,0.8457705568383859,1
0.8071506269519579,0.23872366644551513,0
0.05108977065763043,0.27682779033352545,1
0.17640340523260734,0.02771074949814023,0
0.3043616434857568,0.5208113899890295,1
0.6503189786097899,0.37789523296801897,0
0.20428292239636137,0.5693060331951527,1
0.75236630587641,0.6949516877790678,0
0.32158258287848884,0.6864209866220572,1
0.6073203455652825,0.42436408706519413,0
0.2877463221161809,0.29336891585600755,1
0.8518839291320732,0.7758148477628192,0
0.07453008397307914,0.298657434279867,1
0.056283547133671674,0.016883784429005844,0
0.2449147316233382,0.7988539235655333,1
0.30077885471146637,0.2573246988236051,0
0.23064852320499507,0.5497251122414206,1
0.5528223556900267,0.4317116640505323,0
0.2717819914832693,0.34639443568268435,1
0.8535026178683808,0.7664119839578025,0
0.30471417482051466,0.8725633575295845,1
0.654684237674076,0.3121943143752183,0
0.06917107239102072,0.2571603093695294,1
0.4837717724502756,0.31810636007108817,0
0.014273543491684637,0.8776126475866897,1
0.4721312932373858,0.05101303307194649,0
0.37079440882134285,0.9187144294578184,1
0.934759914336219,0.39619710872664193,0
0.2112467092930197,0.5295290252524105,1
0.6400455455225241,0.6662728323728844,0
0.2083105865383229,0.24146305084159747,1
0.7329939155277158,0.4993545241525672,0
0.6712555744068802,0.7993634104207149,1
0.5640695204012681,0.4711410409176189,0
0.4025150969950012,0.5362628700975675,1
0.912759237011567,0.8123650360504925,0
0.17564911571237385,0.9958127294832733,1
0.6571857904622997,0.4209270640798972,0
0.3675107092597262,0.7425622253025,1
0.7301099722250616,0.31299077777679774,0
0.36527351480394266,0.6362741910278085,1
0.9973536810729767,0.0779966370611127,0
0.4938004750350413,0.8127524228070271,1
0.8828833922678256,0.6667622624685676,0
0.2881304639480625,0.8732451183417509,1
0.42122791099470425,0.23180719026488483,0
0.13459730900796885,0.9616688579428034,1
0.6633249994426855,0.4151208649677005,0
0.2228928469779945,0.2499618346489212,1
0.7366239439973583,0.6212299033326748,0
0.021277337360341098,0.5695691341122411,1
0.4384167268033342,0.36130004377240055,0
0.2510700731386869,0.5328660587046653,1
0.34765173962032714,0.16888337283883592,0
0.3916116527302088,0.8840884919405085,1
0.12129977222287758,0.029564740126206024,0
0.2157244497097106,0.5206856333138149,1
0.6978639818667118,0.44806285712189364,0
0.2764578964010457,0.37771593005899584,1
0.9181717313376463,0.5792575947174932,0
0.36972190776523073,0.8004067053549497,1
0.9245041076022759,0.6734930647035785,0
0.23090357775390158,0.8192605158457326,1
0.2354276183604621,0.1528502048557333,0
0.398687219691122,0.9585931029863481,1
0.3667802195520107,0.29762417966413823,0
0.06859959090399603,0.3525275316392329,1
0.846304936696113,0.7912836564504873,0
0.31887835321099234,0.5922182749826447,1
0.739866558764824,0.3840980551084494,0
0.5095620286443752,0.888033136532694,1
0.6497908567084307,0.5355501320419,0
0.07122246114189124,0.17601521177791102,1
0.10811275170455004,0.02899486998162648,0
0.3603505576518653,0.7188591785088077,1
0.6962482562693095,0.6132855786014619,0
0.568548055856618,0.6366247482083411,1
0.15891889101864154,0.11901354720833301,0
0.11310005601383666,0.9110253128309069,1
0.5980873174524421,0.250158722202139,0
0.07144887799209143,0.5361814185121025,1
0.6846143563430122,0.5614162080757035,0
0.3917146575735714,0.5416422915626176,1
0.6955108338077768,0.2872024621277156,0
0.13576599558889135,0.5592181827752403,1
0.8546498313787537,0.41823208636807807,0
0.17108871769211698,0.999956612757725,1
0.68221575262952,0.5480524065767105,0
0.7951079451583122,0.9968824546714417,1
0.11187205183646587,0.002125394816527737,0
0.6221922694904162,0.8934060265156545,1
0.15839147210138893,0.008906159891957532,0
0.2567566111986991,0.7974719434465888,1
0.5478740998616793,0.2657813825886495,0
0.05560046476925895,0.30793625267536595,1
0.22017852655650105,0.08143183556633804,0
0.7509584593494921,0.9294253259816334,1
0.6234800061046875,0.27827343657115255,0
0.0014690061423702216,0.48286772884151574,1
0.8941088823934664,0.9053631703226672,0
0.12529698305349435,0.8606769673586889,1
0.9662208123645003,0.38696740719155476,0
0.07078389665272089,0.47045535435352137,1
0.04613701973475881,0.016370154899359557,0
0.13247703288460277,0.9844018582283378,1
0.24994141548209736,0.06197714607419669,0
0.29964630421758,0.35567423120074626,1
0.805165180779569,0.05978443594780192,0
0.3686167729658242,0.6420205167694868,1
0.5928977624010155,0.5229846652790235,0
0.10960901226998943,0.14654046155326628,1
0.9581913711575495,0.002624860083645486,0
0.48441868634742913,0.7563424807421246,1
0.49306119094522105,0.26039715770152805,0
0.1935641093694338,0.9326409310201179,1
0.8188660675130984,0.5364265561008478,0
0.17099264596837205,0.9189970768861909,1
0.4576321023341422,0.47245508902480304,0
0.5326941533974526,0.8853355518909605,1
0.4173045001510062,0.4126036845593929,0
0.4533102546064802,0.855102052504438,1
0.7181501574265468,0.050859749137671106,0
0.5773050001280438,0.8937179295227337,1
0.4608309328740219,0.179531403193542,0
0.7308630646988544,0.8407336265712709,1
0.2672670392793085,0.1644326896777859,0
0.6657056675713746,0.8355456411719434,1
0.5444057539893283,0.19379415706109637,0
0.8046381267954097,0.9647228264676314,1
0.4193509917347735,0.31900209544614655,0
0.28207950904934764,0.6909864666521672,1
0.9718774081798304,0.28581895410133673,0
0.4622782156644186,0.5763309264619612,1
0.953923591046441,0.24714516599113512,0
0.16460922889673513,0.9747446050002133,1
0.9761205778081664,0.8661700552572066,0
0.10786319983515924,0.39950559905810434,1
0.7993880680782421,0.7070725522656809,0
0.6175353429074992,0.9064677298230023,1
0.7561116530041684,0.2240343969920071,0
0.21169364161314275,0.6842730451542361,1
0.7806391567523404,0.8863647883097012,0
0.448313688960427,0.7162960923749074,1
0.6321208142767394,0.14788355200649672,0
0.7476288452455946,0.9003383427056294,1
0.596143336808424,0.16392806682708638,0
0.23942739403832702,0.40842730056298027,1
0.906586317718425,0.1402892979004947,0
0.4096794649589717,0.4643670243334074,1
0.7946117182649748,0.8447750794029858,0
0.38776814202180654,0.4441674377121183,1
0.5061066941653564,0.25595339279506435,0
0.41906619138035706,0.7872984265883982,1
0.9253006741749734,0.470399929220913,0
0.0507976399034783,0.6104432526277288,1
0.45600704079758625,0.08858766880180191,0
0.3479624931488631,0.6144260843539989,1
0.4925060893830898,0.10473779394108029,0
0.11355310707342303,0.41680330673072363,1
0.5123818824025214,0.3304022373824873,0
0.16476490315500458,0.6005562261662398,1
0.983472938004841,0.422069590165532,0
0.5086682574346568,0.6817658642516381,1
0.37538921899023237,0.12946952245179288,0
0.015406445826905868,0.386742336087597,1
0.463072623691111,0.29491717747170043,0
0.4501132322637529,0.6271286230489581,1
0.6235774122370806,0.012769027512908315,0
0.5020245284001009,0.9448792994203108,1
0.7935256794748252,0.45048377510744886,0
0.7019395885371039,0.9649381252645671,1
0.7785193236144732,0.23307662621872693,0
0.26450203141016915,0.42280286547876544,1
0.40773168314327146,0.23233768146807765,0
0.02881875534567513,0.6374190342166811,1
0.7375992951678767,0.6709610146245125,0
0.390916248130311,0.8611660005168904,1
0.9217565393954021,0.7278953217243236,0
0.09466832290906735,0.7771386408104728,1
0.9016909835425745,0.8253882832161519,0
0.476765285507181,0.825147791285258,1
0.8668668960548604,0.041387811207380776,0
0.398054019170217,0.8604698857564332,1
0.4458547688324669,0.08462076875400237,0
0.4591125232267155,0.7322159326873108,1
0.9407964010550062,0.16776558081439097,0
0.09338643816287384,0.29935680334672377,1
0.4690426473292233,0.1570140717954216,0
0.2415683130951558,0.9332987532821024,1
0.714880021494959,0.597945994636332,0
0.14552136695687945,0.6917502243332091,1
0.5855502284762111,0.5572500439659939,0
0.39763773907824995,0.8165560804305209,1
0.8520230521498826,0.45159296307332175,0
0.43920197072177647,0.5046853734140418,1
0.8960522514968512,0.8776740768408433,0
0.1790835184065669,0.8490094926927774,1
0.509738943367244,0.10611794902967975,0
0.31148371881176407,0.6869457399805178,1
0.8934339104024174,0.10834973446285923,0
0.6096531986075768,0.6781289258578433,1
0.2634359551967086,0.07806747249987345,0
0.5974995756611501,0.6542966336978888,1
0.7255912918109767,0.2957260786883503,0
0.04725511839745611,0.8572716479467147,1
0.9692937868690089,0.8862247187814873,0
0.0826100486635939,0.7851361948225405,1
0.6117152506448345,0.5350312900861803,0
0.5825212709808835,0.9171675510894148,1
0.6542627086309983,0.3101296897160739,0
0.1755034140755074,0.6043077792236501,1
0.7361741349383045,0.8241621349141813,0
0.28528793945030007,0.9020001416262257,1
0.8081328331130814,0.9312819841207534,0
0.289990347100786,0.3924666186260425,1
0.8999673054988357,0.8344761384536681,0
0.39913624400713854,0.46733826584618987,1
0.7171476260735233,0.06124964610168604,0
0.5187951836942049,0.7721024261558168,1
0.9648642416539138,0.6902621570556147,0
0.02565322014334337,0.2319821333724862,1
0.7695686699742229,0.6786306171329429,0
0.06965073866338123,0.8038145253872696,1
0.18167326150400886,0.1487804745516349,0
0.06327988410322205,0.919405988910597,1
0.6571731874206858,0.11223236229024414,0
0.5447598583067481,0.9462064596611349,1
0.8931135181516047,0.06118888421400459,0
0.6009390590127149,0.7933333118398577,1
0.9378562651668003,0.7482561622209642,0
0.1716247004468472,0.9546511627778134,1
0.8652060263692287,0.29965542624871067,0
0.12225233413187131,0.8059906020292564,1
0.9763518248874802,0.1274871080121842,0
0.03549290758599155,0.7851822102803689,1
0.8155835834987643,0.34934616318525513,0
0.4479603705550499,0.7794772004204293,1
0.8577046552353005,0.27610073226945986,0
0.447342247226134,0.7188972518081809,1
0.6857984253448808,0.5022890565359853,0
0.0817930757153571,0.20768913531876532,1
0.860030137795244,0.8962794072271126,0
0.46316769990572126,0.9590449876995076,1
0.9408186758646101,0.21648792168083886,0
0.35766335219883605,0.41754285101884936,1
0.8371540042881199,0.7444630740477364,0
0.48389639682963925,0.8864957683891219,1
0.9451873550852263,0.8876720001167115,0
0.26136122759829694,0.864227373869638,1
0.350367111892548,0.12326822327950848,0
0.41318356937840384,0.5774286250578069,1
0.4964980821673213,0.16278764942333757,0
0.37154547043351427,0.9179064455809042,1
0.47191161877427,0.3847152628605611,0
0.06062709089521778,0.22918450794406842,1
0.4781379595073937,0.363892774321953,0
0.2909794376105618,0.9171019676668435,1
0.7753552964263154,0.6620191624972286,0
0.2602528047561462,0.4808688173492526,1
0.450965581916813,0.016788717539566234,0
0.16958959459097844,0.7550940452057819,1
0.662787229420753,0.007092424504005601,0
0.09044505460036967,0.2203140698441196,1
0.7855826878141747,0.7336806308500963,0
0.24471355617311696,0.3904229415533713,1
0.8594879351582494,0.07232115926078597,0
0.058922322349716394,0.823237135957988,1
0.7765922415254272,0.2479367890394144,0
0.24684592050718746,0.47265508002614975,1
0.9436025391802001,0.6258865252974882,0
0.13444939263333489,0.5788085311721809,1
0.9869407771310376,0.09564526644980575,0
0.4435464415583168,0.7648533177618654,1
0.9895770615282798,0.11971610468122029,0
0.4044393011192855,0.7529605618077507,1
0.8456225589346785,0.4741650601753056,0
0.3837767279336953,0.8572975468766105,1
0.8815425960548838,0.054815826810139856,0
0.33292240379798466,0.958509719514732,1
0.8414333018803417,0.28555721607880014,0
0.2026831541573314,0.35899052869808656,1
0.3321158147944514,0.15975718713646014,0
0.09185868065826786,0.3869199915771737,1
0.7840746259144714,0.6817517685017292,0
0.12427198034602849,0.5226252331424385,1
0.5616247030681413,0.474954644495594,0
0.10891793499403313,0.7914985973135433,1
0.3607954228610627,0.2789112105308523,0
0.0005696174167706403,0.038004487981462276,1
0.6991276180280982,0.36845606233299866,0
0.0013694093405861585,0.3831142751656631,1
0.4067203069274563,0.363891243584077,0
0.11490222417943807,0.2334633085686435,1
0.9036637406018898,0.2670948352502299,0
0.1277993516828676,0.5092144995565676,1
0.7535587527636661,0.3863775742798433,0
0.5622381594924495,0.8154518104347863,1
0.6668632040987817,0.6035510202410393,0
0.0977992667178742,0.607548945297341,1
0.820659020038398,0.9264784449316783,0
0.1804632918399286,0.6247302916366014,1
0.2759746873859379,0.022402813798596766,0
0.14384704566014284,0.7844132574359453,1
0.22867230474585065,0.09332351731567312,0
0.6263408324595985,0.898907590987738,1
0.20171882428585908,0.11688770194339293,0
0.22251995129483693,0.43912328973052506,1
0.9884214329976069,0.6326775584564301,0
0.2786029655745439,0.9859022031764596,1
0.6439841243857556,0.5727068625777555,0
0.6094272384712242,0.8743475491172846,1
0.8799225351602699,0.6168877802531492,0
0.2584306324083787,0.351475059441982,1
0.7488048209052919,0.36682236439769855,0
0.008073156093916567,0.10551829464223716,1
0.8142268941187296,0.793437280534362,0
0.2052253062336432,0.3640730122648922,1
0.15631314954288356,0.09009998820237053,0
0.513689216526149,0.5879098985780701,1
0.05130866183311378,0.03038283911238404,0
0.10876806974633213,0.6436891470845285,1
0.5302935174584055,0.16212318310708873,0
0.14790494742126536,0.5294293084233084,1
0.9590058987642642,0.18273000593743582,0
0.5946018436715242,0.9267692898592671,1
0.9076145585613595,0.7082831405747101,0
0.5282866634645071,0.6393067680449909,1
0.7308395702343208,0.7284784520843665,0
0.20617459289731566,0.91861387766964,1
0.6900501377623072,0.6000690273037246,0
0.1395280512590752,0.6965228727169696,1
0.4836966144693602,0.3395507309511038,0
0.3747935310826417,0.4286859808129494,1
0.6830566188960165,0.6009477895248134,0
0.07048297949781201,0.15747785907740697,1
0.07055568692234615,0.03459012575426679,0
0.4161778322261164,0.9688407845223875,1
0.863597702236331,0.8603850438750796,0
0.36718439993293683,0.9543471631043495,1
0.7489298456338638,0.35369242910772447,0
0.0817899405302619,0.8623564895026867,1
0.5949380307729589,0.5639572035274568,0
0.3395114382042821,0.4403763349468267,1
0.8435008643936305,0.9305106167465388,0
0.4591969225542821,0.9404896563472046,1
0.3549474799949155,0.172985677257379,0
0.472094057017978,0.6525916187915881,1
0.12651425980849584,0.1221014186726106,0
0.30369489093940005,0.9076491013983337,1
0.6746038509929627,0.22193415638011005,0
0.6034875606219187,0.660239833811912,1
0.9663717444251193,0.4977400017568321,0
0.07651479839352915,0.30817969021799474,1
0.9994782500995681,0.5900994975210713,0
0.23703254560280984,0.5081565720401193,1
0.8997861669773904,0.009751104114700926,0
0.6211793059939905,0.8399580262080151,1
0.44904391262661825,0.21768278162070565,0
0.0848992142108389,0.3758763494031635,1
0.6256985496114685,0.2628353360875504,0
0.0016844982284425214,0.8130067534159009,1
0.9176086279433802,0.019397983736088364,0
0.5982939903852376,0.6765757701274786,1
0.6258314142890883,0.22505507332950425,0
0.2203839392367527,0.5540285354922339,1
0.39300921838654257,0.1479111457346507,0
0.1661385686436888,0.6273970248168016,1
0.8581642688718121,0.7789672417730515,0
0.3364938083574237,0.8752159670234088,1
0.8413459203660864,0.5242116968238286,0
0.526772502073614,0.6766384962322588,1
0.9184122777180632,0.3547046819793165,0
0.21699876674574414,0.9120692352914247,1
0.970104524388832,0.6377696458650873,0
0.38833860111140084,0.6883857553986217,1
0.30431590637157546,0.05787189174887575,0
0.05605993807075327,0.39892425754725225,1
0.8879207710432816,0.14298979012766122,0
0.029242694013976278,0.7668886791662436,1
0.19880420538553856,0.19184457474798877,0
0.34026240812561515,0.5194405063277148,1
0.7165267905793272,0.6668048227723277,0
0.18720330880440683,0.6837175752899485,1
0.2537726800621737,0.16459054620342062,0
0.22485567983494403,0.7980915547272193,1
0.47709440152749405,0.15235922547755543,0
0.41472018678344846,0.9104776860613233,1
0.468634224195022,0.2517761776166666,0
0.2942685427636743,0.7836367416903384,1
0.6419142502462526,0.023984851587710243,0
0.12790809922770463,0.3855456776809947,1
0.48996963150467054,0.18237171379222494,0
0.7042838534638232,0.8413787602688142,1
0.4045278785001656,0.1702519629762531,0
0.1209271179720528,0.9013561636857569,1
0.8102440844424843,0.6193006073063304,0
0.5396956570693588,0.7771537615303663,1
0.7368454413919675,0.5756487262436776,0
0.16873195348547398,0.9859047964010813,1
0.8111955617155305,0.49062694324010003,0
0.6199701755815862,0.7600759906649841,1
0.7729278978334481,0.45900738952238873,0
0.18776812782184882,0.5977670787061549,1
0.5542888392884701,0.500493685819311,0
0.05858202317369332,0.7775631943305389,1
0.5387082535651173,0.43065145226838597,0
0.27168135813174477,0.6397270437316123,1
0.3900580373018665,0.3030692892057736,0
0.2546159351015198,0.4857307866628775,1
0.7755368723009688,0.8053259580175688,0
0.050741830639421504,0.9822168599100114,1
0.42646149178859716,0.19298210794577952,0
0.5394501138114556,0.9515009644070361,1
0.7383569836420978,0.5667778068474927,0
0.11573037457541713,0.29966614553662196,1
0.6928043451973245,0.19155261876570961,0
0.2008504640859532,0.3908538678925718,1
0.6294862004857275,0.5862597572348028,0
0.5619715500975947,0.7115981672249322,1
0.9000573049353442,0.6964768294145666,0
0.023910563851629152,0.747109389627796,1
0.22187448682775046,0.05449016214043634,0
0.15319920756241112,0.6567808884737264,1
0.6509178999698826,0.21492954390011454,0
0.1080015844823825,0.2664468110210094,1
0.6388649039268323,0.3805746630158313,0
0.18972807629864252,0.9617959126059913,1
0.722728754448925,0.663909205751314,0
0.09403114050354289,0.33889943307925674,1
0.48182786087509044,0.22440258642932365,0
0.10714531786189696,0.6649948238340624,1
0.4120593377116154,0.2596147771366438,0
0.5308563256808755,0.5759773853564093,1
0.5290669153175487,0.010686520253527898,0
0.348738914166999,0.7904622642826705,1
0.34663207969126386,0.19923790748845183,0
0.19975347066528681,0.748859584640402,1
0.4685395758399834,0.47393787286906197,0
0.21269615262495822,0.6053378112295557,1
0.5465335873757587,0.3285884322865048,0
0.04417423970816814,0.32402805011222846,1
0.7374839894934233,0.22140809653603255,0
0.22767395199424867,0.6278828273877696,1
0.6517763473952897,0.5611027760705191,0
0.11197138032779375,0.28572014839159043,1
0.8065034273644852,0.9204805994112247,0
0.08791556678404544,0.9062129562245375,1
0.9184252230271858,0.9977059924321842,0
0.2645588697189384,0.6882168777089944,1
0.6797326616621708,0.660329200595471,0
0.3531208682404954,0.5197972782804574,1
0.7724021772527104,0.6986962797346445,0
0.43250532828480526,0.5247284010563011,1
0.7724184966593586,0.23285290915336143,0
0.2212985990015477,0.4849868131360374,1
0.4941364782806674,0.023472747932016813,0
0.5763797049856364,0.9148236739390743,1
0.33311808303924517,0.10783584424794856,0
0.20651868878957647,0.3065370579122182,1
0.863470095953098,0.5490742921137304,0
0.068726816118869,0.3011881362852883,1
0.9925949324479775,0.7430991647381311,0
0.27536345037982346,0.9544313789573807,1
0.9674200787195868,0.09691401801436517,0
0.6795572398649928,0.8106664339207681,1
0.8304247459573004,0.8057756185030537,0
0.42540854765452796,0.7785880290226876,1
0.23106325649730475,0.12739389279891733,0
0.11770071909301127,0.8561173411486968,1
0.04142908746895546,0.04025668760753387,0
0.30946285838805343,0.489142951174552,1
0.6929740181623135,0.7586734650146219,0
0.4017809800459199,0.7556064215953351,1
0.727604010657328,0.6324741705384737,0
0.14162976114870351,0.287243988576926,1
0.6654005697376356,0.313055637104693,0
0.8302159852368929,0.9949487926912144,1
0.15423678655640172,0.15041733146828873,0
0.3989347229262198,0.5720458128324684,1
0.3420953907670756,0.30023523991797174,0
0.20496921884577424,0.7188214703102348,1
0.7686125608379458,0.6081026640537153,0
0.2360338013724801,0.6947589432350375,1
0.9850488848424479,0.589100485042104,0
0.20693135868199974,0.5007837145061738,1
0.9298208966736223,0.6942861467422575,0
0.36541018247418156,0.47867778360821445,1
0.7605174772189203,0.32551731359706404,0
0.019463210418872445,0.1904131239302802,1
0.6533942786712941,0.496042060304297,0
0.0276363215541926,0.3596488810184315,1
0.2068744951796735,0.152719006650051,0
0.3643684619792118,0.5509126291877307,1
0.6644993180338095,0.36081475701099497,0
0.24210986545263669,0.322574472619484,1
0.7761543873400968,0.08470299481994203,0
0.3824786766727726,0.9777751801591924,1
0.40294727879233805,0.06987841961235586,0
0.33441653958059947,0.4983299977548057,1
0.7417424111095788,0.3130639129209539,0
0.10409745447219276,0.8252565367774767,1
0.16622886434189632,0.1483430094763435,0
0.5724806300854771,0.6997069573566683,1
0.5590398575042429,0.027689866481070413,0
0.07028270768866407,0.9972844230304165,1
0.5040966585100232,0.12285801341521918,0
0.3516076447326538,0.8914633385597075,1
0.6902149262036406,0.7316707998695561,0
0.4275265143497434,0.8442831394456376,1
0.7307033740886183,0.44060323284291525,0
0.044260617815986336,0.7507365235749796,1
0.7185377796671676,0.04922065517688312,0
0.23912749795256893,0.44822579099730075,1
0.8337804667900105,0.25050581957264073,0
0.08935708417997279,0.5993240584447508,1
0.7031446813789685,0.3444015683259323,0
0.30465467301815063,0.8197769629082461,1
0.7960630618396903,0.7449909385957723,0
0.6276254160074924,0.9544051438839146,1
0.4598882785460592,0.2806898434562929,0
0.2933593434137636,0.9802962659686755,1
0.04422048482604102,0.02589787253935405,0
0.042977282297856134,0.4585452791351088,1
0.8818905703558266,0.3060647374697537,0
0.2804178828106406,0.4354391922905647,1
0.9237380669378205,0.12328677894566675,0
0.06189333649021944,0.18871960155232548,1
0.22562127335349302,0.17938901303797283,0
0.03171206699919382,0.717658926584083,1
0.48909633153699983,0.16934164939439944,0
0.40963324373303345,0.5936784880031222,1
0.5923777962295912,0.25663082129253956,0
0.4764382645679125,0.8876505123498669,1
0.7099218407468287,0.5353824272656842,0
0.3968058823780557,0.6278380403773827,1
0.8365455473234769,0.960692506356329,0
0.11588612336485049,0.9894734658470377,1
0.20030178667017629,0.08090392316204587,0
0.39265833132593153,0.600105413355775,1
0.5810980377093661,0.38644067982498886,0
0.2987968142454498,0.9256329124393534,1
0.5594096846025053,0.21787991962622655,0
0.06818027267230165,0.23028506233422363,1
0.6422605933113189,0.1988031570029617,0
0.43177138085735767,0.7863250431569317,1
0.9075182697110807,0.493973762071402,0
0.25240911127893806,0.6929903137003982,1
0.9267471088454478,0.11720874437914053,0
0.13438719368540553,0.9752272371620451,1
0.09123635919825612,0.042895897284016105,0
0.29762656768340956,0.6178936933811638,1
0.8752227692976196,0.43758639901883567,0
0.09106373723041306,0.5671949745085875,1
0.8368037913632785,0.41970707582608435,0
0.20399236903377993,0.25565555056791833,1
0.9138082273681882,0.6622127041301269,0
0.1613118662750248,0.46319346074949685,1
0.6145937933454146,0.5051404107654752,0
0.2810643499225626,0.5745907120790602,1
0.5388997537701047,0.10408019694404624,0
0.17521611012760474,0.7529587230635673,1
0.8167522208877048,0.5838266818344574,0
0.31394941658860565,0.5232502936403166,1
0.6551304024783047,0.0411110011418061,0
0.0008509340913875896,0.8870724235370634,1
0.9643288152633764,0.9056126625311302,0
0.21546156353630674,0.7546578035873579,1
0.4564680006332097,0.07094386771243155,0
0.7219775071655561,0.9965507499236119,1
0.9921171349526544,0.17942040244741364,0
0.7264679366833113,0.9909005019524253,1
0.836619250260557,0.3915172929450532,0
0.7062335771512119,0.936959332947012,1
0.7236890661029202,0.3830118824987324,0
0.2825513558389674,0.5494450258696625,1
0.9055157676783568,0.6824488655741742,0
0.23912317533912408,0.7445755010829299,1
0.9798315439620894,0.3845206691134102,0
0.5196114364805827,0.6651137863268513,1
0.14340792022874027,0.030643464003464294,0
0.060951094485149016,0.5221851640992806,1
0.8302416213705017,0.04564115892748999,0
0.21875581157871327,0.4019724555060029,1
0.4580045603881081,0.393776519048308,0
0.2110316222337697,0.22615787010324118,1
0.6906958658686108,0.15155712524575693,0
0.3776682871885745,0.4856382360822825,1
0.5909656718148829,0.22452386649310185,0
0.4619679471787109,0.5749226512792159,1
0.5522122769361044,0.40125981512628817,0
0.47072371090738285,0.8210460704571974,1
0.6359084062356114,0.5418335713243694,0
0.12990463398302132,0.2634846692308641,1
0.9978133537694148,0.09886441623260189,0
0.5304518093354886,0.7733807352762815,1
0.8325961533454587,0.9574246929957564,0
0.24078684098213365,0.5198964435330287,1
0.7360321826115527,0.4766677025774193,0
0.2723101974598985,0.8220930249401871,1
0.8291148883827826,0.5506478913184637,0
0.002011920471588158,0.9736269962839451,1
0.7367926389405031,0.1789108925947802,0
0.0830166902934224,0.6607689686845281,1
0.9819735252211879,0.10749205818689556,0
0.05141086529764349,0.5213075950418605,1
0.5393588364275438,0.1815223052946714,0
0.1977700297842594,0.2453408817155971,1
0.14710377487999615,0.054255836314527905,0
0.03945707234553031,0.4289064831495769,1
0.3899317599690394,0.22971641962284906,0
0.09630330550022281,0.5711577598292013,1
0.6510028102936444,0.12313781425888948,0
0.6613553841992168,0.8604208332925896,1
0.8693689269415396,0.15739584912275373,0
0.4673326524192285,0.8945636570261328,1
0.8951140528845675,0.4290137108455464,0
0.4416034931874343,0.5490219980298972,1
0.6768711887458937,0.7137544731778374,0
0.18761356341794,0.3181222930830262,1
0.9460673436570871,0.2285550257603659,0
0.2706672037455027,0.27610971471285073,1
0.7084662629270237,0.10882908193670515,0
0.10684190956922368,0.5418418404493104,1
0.6370701534375911,0.09213067032783129,0
0.1624086978618533,0.22257752087383142,1
0.6907030954530314,0.06521464721662573,0
0.14295372332381318,0.9823291732815804,1
0.5042690220829461,0.29418427752976095,0
0.05550517143877076,0.314321644093269,1
0.612456231292083,0.24577291188754258,0
0.044454427415527076,0.4131662619022365,1
0.35662028771018583,0.2458901595699735,0
0.6651238586443668,0.9201287191483511,1
0.5091859687217706,0.049491467155628355,0
0.01326224025357714,0.42512346502480713,1
0.8847605119887776,0.8736172045979286,0
0.03329528492747569,0.0812635366383847,1
0.9294283644569747,0.7445426875848299,0
0.00635613945084601,0.7726499172117556,1
0.3122986170758142,0.21404057967009382,0
0.17231152712162923,0.8087963847814335,1
0.6206329061880054,0.6413007780609618,0
0.680461234857334,0.9610269373594783,1
0.2289610081163196,0.01960223306193165,0
0.2784595953903336,0.9094498227750387,1
0.8126551577674923,0.09739122586594984,0
0.071671575274595,0.6123818288046528,1
0.9212721990958961,0.6074574544884097,0
0.5027125191105267,0.6503911822531862,1
0.9249654928310098,0.9909404198840676,0
0.03309033290941643,0.9695520887636515,1
0.8031859794404212,0.07500483980227612,0
0.5033384629781011,0.8373133120106975,1
0.2876483753828909,0.045663217866664274,0
0.5830337897602356,0.8426515038424413,1
0.7703126534981695,0.2465856395657713,0
0.03659695107178362,0.887275812020253,1
0.6702804280820993,0.181858460291778,0
0.20570415784288953,0.39819985495841004,1
0.47638823383809803,0.3303001411894396,0
0.515670451497592,0.8924502501972857,1
0.6299607074796252,0.36952915010205045,0
0.08783704982779417,0.5929351375771147,1
0.5781846933471785,0.07568570568769728,0
0.31371767053148614,0.9826849075363608,1
0.6133341193864991,0.4197470517935571,0
0.2034918996672911,0.37741132644530573,1
0.9103813907255212,0.4381927803188038,0
0.3932889451979221,0.4770872644449199,1
0.6593617967637132,0.46557903681351176,0
0.27319039405026013,0.29748544306828173,1
0.48992567874270676,0.05579741994643972,0
0.039825376734111906,0.07228576139578391,1
0.7932735643458988,0.32083683954135045,0
0.017438759451183006,0.4630882491956728,1
0.9103238748211734,0.29596034754661504,0
0.11368474100259596,0.6102424918486375,1
0.7826074429363074,0.42246579425806874,0
0.4878892941940417,0.6424258070755656,1
0.6621259107223453,0.3442434721645401,0
0.27258379648439135,0.3499613429124586,1
0.925136396120809,0.8147971587996189,0
0.32096178425648536,0.3923070592813428,1
0.6320068128511475,0.5958702789757002,0
0.14539511899153923,0.17131443072996289,1
0.4771072314160162,0.43596125319483015,0
0.13398400883193773,0.8117443998973642,1
0.5107033625017567,0.3231270948370465,0
0.10837922915508758,0.5922277384495735,1
0.7803315057970145,0.8856745156316406,0
0.6357439833950753,0.8876696096443666,1
0.6872630688813101,0.3887091359837431,0
0.7599238559888623,0.9966129432217729,1
0.23704086020441117,0.2018204046609119,0
0.09586204588877312,0.882878415861076,1
0.37761754897409416,0.21966451309804047,0
0.16073298083378662,0.17305194118042166,1
0.7041431300491428,0.16778600305867497,0
0.10867295331553428,0.9051223496053218,1
0.9023171026611102,0.627864204667689,0
0.09760052569801925,0.8059994989169776,1
0.9667530778577011,0.014040632123223706,0
0.41853904190035507,0.5806127945543348,1
0.4291006602659261,0.01722348307915822,0
0.6223145170960157,0.9480837452747801,1
0.747787289865463,0.22798738863031542,0
0.5465005296476357,0.7240594904541099,1
0.6921146879122538,0.35231884144511394,0
0.3416952127779528,0.6340792221810695,1
0.9728883211260253,0.09440033852282237,0
0.21023699873390966,0.27694333478454236,1
0.7660041259559528,0.07897341024737947,0
0.3882870970027985,0.5083120568268941,1
0.9404893510638984,0.18062872821572873,0
0.3151639520324607,0.8072783417082806,1
0.24997869257854355,0.1647904229110695,0
0.1905144905439351,0.9856764147755284,1
0.4133076100840487,0.3959673292624606,0
0.16953784957962792,0.719880101573746,1
0.544245748733179,0.1448563753287675,0
0.11873586274303749,0.9281541983036383,1
0.5050169383291315,0.04990052927536981,0
0.14855783939243428,0.6725528206034685,1
0.9392329417135517,0.7286978986682412,0
0.0525304210213815,0.9991017766569732,1
0.4733186956586549,0.06099703563643344,0
0.7148299959022736,0.9530194928093334,1
0.41791321337237974,0.04958951320552152,0
0.41214764922290736,0.7843974193260598,1
0.5289325210024439,0.3047968906588412,0
0.4454133154310441,0.7742655997733134,1
0.6681537597839832,0.11090324122416129,0
0.08100079496575419,0.24822925918601002,1
0.822684554489393,0.06675554834442066,0
0.16535719938920312,0.2674452436822521,1
0.8227320656705545,0.2009265169060389,0
0.49162786519733737,0.9083858070043304,1
0.588129755949194,0.13720967479296886,0
0.16496779055647837,0.9219734138855231,1
0.6531136838100272,0.22433741140043484,0
0.028163609753353414,0.7592362322417372,1
0.537531451344345,0.5184905463875858,0
0.29968502216307435,0.7560286356710962,1
0.40061355138469223,0.15125457180975566,0
0.05604314037767222,0.342547995787465,1
0.6080549794500912,0.22032209319154272,0
0.47196475724831066,0.5367042533245971,1
0.8210120962669403,0.11794768295781599,0
0.00167499407382099,0.5337097117512868,1
0.39074000582160706,0.15624738243717706,0
0.06788143433830562,0.6769077928446383,1
0.9136999730901166,0.6134427335030938,0
0.6271912945576285,0.7484030553398741,1
0.9360706086069424,0.9824770099875554,0
0.4926848752549474,0.9450078340440055,1
0.9367956851643142,0.01623277738115958,0
0.20548580262251048,0.40971359974666854,1
0.7774135601794165,0.8809419204310185,0
0.4414519606716867,0.6300614901694244,1
0.8436475202595983,0.09337831724815804,0
0.1191581675877671,0.817784653379687,1
0.8337578807060013,0.5097824983290283,0
0.06696385261630333,0.4579620447204654,1
0.6398291539559243,0.058904470442266765,0
0.4318131838784951,0.8923301730765345,1
0.42301876341829303,0.0603938712493397,0
0.4770436210737763,0.5733787248278139,1
0.8700073629596982,0.5922786870825657,0
0.4985858788649463,0.9187033173373461,1
0.7160043512962876,0.6799575134724469,0
0.6674442074141516,0.9332279456145661,1
0.7578146029737168,0.684161923204092,0
0.03217089088584668,0.4505615335624683,1
0.4595357416106378,0.38618524324164494,0
0.02992301438932965,0.19934523688195405,1
0.13651449970910867,0.012738601599584398,0
0.7646654092051192,0.8833784034832107,1
0.619688644588005,0.28132649058419446,0
0.10764524936298536,0.9582470662659534,1
0.6869909570545776,0.147165443003356,0
0.03247457793369091,0.12562224175887826,1
0.7126897771616185,0.010541814088031343,0
0.47826450020005506,0.5530533233767334,1
0.8122675819649324,0.4465948502605501,0
0.005486695265095598,0.21878217961517876,1
0.638422334817243,0.0019200277026085733,0
0.038529194501316644,0.22552203308868868,1
0.7788555215010241,0.3990191854596101,0
0.505362510583972,0.8725087754752454,1
0.891242926958027,0.4278382133647214,0
0.17518639955310866,0.9762942865808434,1
0.6382010106193713,0.6572874626922024,0
0.2858883878680828,0.7191700166517864,1
0.45057449641905456,0.12703221804242948,0
0.030952824149164226,0.7767943733625651,1
0.46372049013781824,0.03961749637798717,0
0.7494793492947598,0.8765825736691525,1
0.6352393935449648,0.5119749249585483,0
0.15984605796805995,0.7253098669155484,1
0.8515438522483644,0.6811250540905461,0
0.08267089712495146,0.5653790884974231,1
0.29917027275270824,0.1750787957639922,0
0.18531823838407757,0.5989189866917287,1
0.5878242445497605,0.530258603924154,0
0.20255642284496533,0.3425546179070398,1
0.8993739525756794,0.14921479152104644,0
0.1525468065803165,0.5888892858237462,1
0.49932947442047826,0.34177238897718165,0
0.1928084747221367,0.4644731374458051,1
0.885364217460648,0.5175672725256517,0
0.24078077846325374,0.8474353888201575,1
0.9732562419318459,0.7010542416851191,0
0.06476037453442773,0.36095286079373134,1
0.12784881016904182,0.03735996350614057,0
0.011964104010368959,0.4259840245161579,1
0.36603431791414687,0.10227735303949215,0
0.6446779033824701,0.8646300100613867,1
0.5231652859821224,0.46601552804166146,0
0.3891041943763601,0.8357063692402803,1
0.6230921783639061,0.07107512099836855,0
0.05765929484178456,0.5285518029873957,1
0.6280621845770293,0.00030653721113726995,0
0.01687765732910229,0.8397144865253494,1
0.9404968097628994,0.9666066444882597,0
0.04266565437241543,0.5331711001256049,1
0.11670404555174552,0.07911447068794097,0
0.3490030415868719,0.6638402984142887,1
0.32201579661091073,0.007486740575623263,0
0.24057253304867254,0.7146926466686183,1
0.738979971363975,0.5859865738966199,0
0.09447532514937307,0.9819994092904568,1
0.5206728568976877,0.260179284890805,0
0.602134638525865,0.7067798196054845,1
0.6925947805409707,0.5222828495120234,0
0.6160162356561034,0.7968912629599297,1
0.996629040896845,0.5682174775507112,0
0.22949734716671344,0.40507656383690027,1
0.8401672799469233,0.39019971189142544,0
0.05173357580937632,0.1659114207960405,1
0.6696777028320435,0.6912255146949213,0
0.19804174958288956,0.810141542177507,1
0.926053137760096,0.435344781000944,0
0.6899582074866997,0.9231834303432086,1
0.9413008892605711,0.8018281854336542,0
0.5391445965928688,0.8372185288299436,1
0.45775969986338594,0.37691770173244865,0
0.07427953947672472,0.3660266251190525,1
0.34063534472196755,0.1205241030781643,0
0.025791163489568558,0.5401595571077851,1
0.7712525593729496,0.41305361606506075,0
0.1670319648584453,0.24161426951295872,1
0.8940493466169496,0.7382064873596962,0
0.3165721045203135,0.9592876905305316,1
0.5697414392632383,0.14068940320214574,0
0.20184845040245625,0.7504242255351292,1
0.8961768162502534,0.9790679995575177,0
0.026816936139631098,0.3097249068149077,1
0.9248238134265128,0.05050540703018791,0
0.27202519358396193,0.533388554333809,1
0.7401971393745764,0.22805642055749087,0
0.44306205432869494,0.5043460496663599,1
0.8992269707006961,0.7707543804378596,0
0.33704676264489986,0.881237571488412,1
0.2027374145751648,0.16365367219373272,0
0.07600289463660703,0.9248601554759083,1
0.5072630329555733,0.32724071153938583,0
0.18107992370685477,0.606817021438821,1
0.730520702872745,0.7841668388952904,0
0.40177978929262703,0.49945475886570123,1
0.3008933703196306,0.15973980365010065,0
0.6378027120433184,0.926761136197114,1
0.5724738148502333,0.1269991650499218,0
0.40460974049830967,0.539393624701515,1
0.42488600466941107,0.2242444538698284,0
0.2657245905522362,0.8489713968220118,1
0.8593742224137987,0.015344877949039715,0
0.3354031390498091,0.7473360944969714,1
0.6746788236766706,0.3040216458895896,0
0.7127693188239723,0.9029247042368763,1
0.8039412207555995,0.5178423426461387,0
0.13244550206714323,0.8923392334821268,1
0.48971807942851087,0.4078775292509511,0
0.33619115780060105,0.7355055430439783,1
0.761964602041976,0.7535793984909569,0
0.14418861865248833,0.6502014511487749,1
0.4801799250683584,0.062090952324820536,0
0.012940277262959099,0.6434368864569616,1
0.17210531223439973,0.061706672830906806,0
0.04474059783233686,0.3143537687618483,1
0.617329719619644,0.30627564914549543,0
0.028751621937363137,0.2440465801236763,1
0.5940274431601962,0.4431674360009399,0
0.32858180876967724,0.9700932119220378,1
0.4782487095531993,0.3592466881268579,0
0.017022276385247337,0.7260556872527095,1
0.569764119012666,0.17687017865102783,0
0.43903734992196475,0.8190376676003631,1
0.9719797205894927,0.018165086873526137,0
0.1466541830127922,0.6174395712728543,1
0.6242408941663337,0.5990137899303929,0
0.10241239250712186,0.23522474818799377,1
0.4639174423486503,0.3343904959811964,0
0.31147037642672415,0.9510892379357336,1
0.9045852878729909,0.19763325637926965,0
0.1478211423998027,0.5874662404772718,1
0.517133204295892,0.43752344205247906,0
0.4144470974202402,0.9382162707107199,1
0.7454971686236133,0.4467143435791229,0
0.43080945391621883,0.47020433726389455,1
0.8620196996051985,0.3636156156207938,0
0.2528351598754377,0.8973888178425896,1
0.9327709877037801,0.20767491859763765,0
0.21715976367492285,0.7542459125940583,1
0.36146543942078124,0.20565587861589218,0
0.2272353924061279,0.30418425833096796,1
0.8329879457801033,0.4563776588479357,0
0.12708861207970024,0.37153607779513387,1
0.3231677929228034,0.07610170408872008,0
0.4355620985088634,0.7015428561830827,1
0.5007817163687025,0.11120292457453174,0
0.03410418998043918,0.34970979761909404,1
0.9763408177929684,0.2596493653841313,0
0.1693204844998507,0.29649097016052184,1
0.9698255037310617,0.2815309114449155,0
0.6698275620640939,0.8442811144113628,1
0.9394560179124195,0.02532633220456304,0
0.3133866714029834,0.7426521103683333,1
0.3682395866397635,0.05651562509318031,0
0.6281556708815809,0.9170496212584899,1
0.42045967095058534,0.3876140806742273,0
0.554411585465911,0.781341396814989,1
0.4022183543389827,0.07278304989232875,0
0.3727027081362557,0.673416842555037,1
0.44347637284764774,0.3720841154267758,0
0.5434725562463806,0.8200676824471941,1
0.16624515731612033,0.03504399745847253,0
0.41675662449265305,0.6086338598883906,1
0.6210661075880134,0.35236623536044775,0
0.061387903029676005,0.3101490324992514,1
0.47821613698674303,0.1841494189402184,0
0.16143146799340846,0.8186325613506471,1
0.5567887460799094,0.5029166929179038,0
0.44799901634211137,0.7445022908100495,1
0.5503180383061267,0.11932613890893451,0
0.06945752761946133,0.2678733327553571,1
0.9732639930325714,0.08167300339049,0
0.5379903722625174,0.9208591927772872,1
0.6209882239396364,0.013831372461680869,0
0.060426297664411766,0.19222975212350135,1
0.7099285853633247,0.5208410323043317,0
0.4934955089422475,0.8421132609864196,1
0.584320546851955,0.07600243310729549,0
0.048076096154417436,0.7704158719475585,1
0.9808588710857735,0.7907331077229514,0
0.3978794562599788,0.7177293639412117,1
0.41383578997582815,0.15416755408644356,0
0.4210430439060491,0.47740911847182876,1
0.6778617515894295,0.2845136955685824,0
0.11774830724293639,0.592654903863343,1
0.3392396282439475,0.020261149647881282,0
0.6509428121267115,0.7310060859393762,1
0.8592659733128383,0.8886435019297769,0
0.3094495362992712,0.3577597425009572,1
0.9744728953406346,0.4339218223185809,0
0.4047058662834764,0.9253606319140601,1
0.8487292395469763,0.40659648306540375,0
0.7000138364418992,0.9687024546738258,1
0.9668024850188633,0.8826613406922584,0
0.5674812846565113,0.8860628513473452,1
0.3549178171573638,0.2009312518302503,0
0.36625945108514557,0.6347991567673523,1
0.507331391153335,0.19013956312456426,0
0.6704098416639245,0.7531287282576931,1
0.7713956880272157,0.39435192492219784,0
0.19138935814886393,0.2940501096744905,1
0.7948729777373728,0.7197363915118421,0
0.17436990659146667,0.7439909887728533,1
0.6897700594466297,0.11191336648993921,0
0.5675095574879805,0.789791162570454,1
0.3060090380522952,0.14756650864257181,0
0.2915334893053786,0.6281707217233395,1
0.7143518740441027,0.27258800776898173,0
0.11664084046240897,0.5103051171476589,1
0.8106878069171878,0.5757784452359002,0
0.6773415530010388,0.7458575638933894,1
0.344000885990569,0.11429768112828564,0
0.46973132370381665,0.8371100396988319,1
0.49290612729697925,0.29497545938416925,0
0.10338732384796467,0.8015755960684138,1
0.7006849342056006,0.3832131853984496,0
0.7249844688446831,0.961245776803728,1
0.5290607545129347,0.26656018045561114,0
0.24800405985025753,0.488384722249826,1
0.5007304610270199,0.2892819734951687,0
0.5823129334842699,0.770791354853164,1
0.6895786361732062,0.1471084714567048,0
0.3926967668741066,0.4610278491530294,1
0.7955567869219886,0.8800938929819454,0
0.2797202151512297,0.3701408855266072,1
0.42862384209706783,0.3161532482858075,0
0.3037141387862903,0.9826898437391616,1
0.9923268910729559,0.6429280915576341,0
0.13672180725388472,0.8858398626534033,1
0.8047853385485436,0.7179130382090444,0
0.14440926258548847,0.6405039957765954,1
0.6548325231064823,0.37187004718762673,0
0.5172458364113759,0.946954550384964,1
0.31038964791618595,0.17500990396814686,0
0.49635659913351526,0.9535625932362365,1
0.47064361801020427,0.3838588355861746,0
0.14406019030878947,0.9875002011733409,1
0.7272010973905964,0.45506949219874215,0
0.02960750665656109,0.8075766434735141,1
0.7133640594559716,0.6793239327912491,0
0.48581989826652505,0.5264532551877934,1
0.7931332898155337,0.6151297098740984,0
0.06928096473784862,0.3770959726977873,1
0.7840425850033875,0.0051627460408377734,0
0.5172215789933108,0.8336702063047016,1
0.6105980328662264,0.012254802849643642,0
0.25356409269701075,0.684347652297286,1
0.9255180551897967,0.8003155673310133,0
0.18363899749141843,0.3719960887561181,1
0.9646856107067925,0.4838259025307803,0
0.33399872277202314,0.9619974416065554,1
0.6995192226288048,0.6964425334558979,0
0.487732869694225,0.518803383866771,1
0.8865180972974642,0.5751978860245204,0
0.18595334755385184,0.9553213956530466,1
0.8928473437480909,0.9270067847489804,0
0.005694455545791288,0.1162821254650872,1
0.9012276238851848,0.5978344286727952,0
0.21572720353263686,0.9659086402299667,1
0.7929019188469978,0.6045899677506547,0
0.09284703510753611,0.636930253844748,1
0.900349693232387,0.486992568587834,0
0.19313545091651974,0.3126668642147765,1
0.9200805449433547,0.5701980246906341,0
0.7084189994916866,0.9151695232300504,1
0.9366288747695951,0.8049731940035949,0
0.07025724913943643,0.23293203225933856,1
0.36519397578720614,0.31929083101471556,0
0.0512678188889929,0.1707166479112041,1
0.2823699003693988,0.1531336484409902,0
0.22144732280894275,0.8477247108436786,1
0.7606666604386912,0.38627736921801903,0
0.19287689617853554,0.45638101251302,1
0.618082118444323,0.1809676264338217,0
0.08239353082750722,0.8737206661300637,1
0.7912524072172847,0.16754064922844125,0
0.6463167497812035,0.7306220042616672,1
0.7071913262976368,0.051709724737052376,0
0.30196625628654206,0.9288137115834862,1
0.551227556101778,0.03132319197314837,0
0.7539965308580378,0.8575020733587638,1
0.9104708302046571,0.5682297079875795,0
0.2780863407769709,0.6822601545069943,1
0.6244104504634144,0.35646361304438734,0
0.16761829619601543,0.31975308560166515,1
0.6253002047869388,0.053177579847562995,0
0.3642069712757404,0.759776958731249,1
0.8885281244099439,0.1858760651920962,0
0.06791203905463561,0.24689347408061246,1
0.8508865941513848,0.04808632478210251,0
0.4440115694019078,0.574825444931224,1
0.6880821119954665,0.38562012959709413,0
0.14802934624802033,0.944954368666915,1
0.989503804132868,0.06991916698787926,0
0.05565250954341383,0.3626774933936199,1
0.9394692397340764,0.3799676475420992,0
0.2288128467286611,0.976218959209763,1
0.5551584261460473,0.18007566693278154,0
0.019226256345041937,0.06559892271922085,1
0.8153145154178744,0.7885508924724373,0
0.13440603493984915,0.6053084105884367,1
0.8828054173379951,0.17585811748426394,0
0.5369912105024833,0.6365696495208154,1
0.9006777411892609,0.9053849090933398,0
0.060224961170894264,0.7522174496771509,1
0.35997977024708094,0.12067743538888176,0
0.17198800741894893,0.9639699430759436,1
0.9959028845432593,0.7785968231988495,0
0.17063443142709944,0.26717506448700723,1
0.8759779881289649,0.8882689614246793,0
0.1758215997013448,0.5248278190377262,1
0.45239095436744536,0.06090085137125756,0
0.32459966283186537,0.7432129406113913,1
0.690350322630357,0.5595493036359868,0
0.15717147643104956,0.9211057016544514,1
0.9967201460711459,0.8424777109023028,0
0.09347907000571931,0.11142240670621806,1
0.8269044720048088,0.18081523617243356,0
0.11210404661350326,0.47097228148152137,1
0.86104388934984,0.6277056636173689,0
0.26688036607219967,0.9320964797806524,1
0.07222201323094601,0.06915139007142301,0
0.758063978354994,0.9320060016442544,1
0.7739527407318965,0.1288653547505909,0
0.06665736611578021,0.9420892991594211,1
0.3760083972612792,0.033794317335105295,0
0.23682702366773567,0.546448771244214,1
0.8769433979156692,0.3137977171002909,0
0.7014227841198686,0.9400977637523189,1
0.17936689149066876,0.1085705844184266,0
0.28100706487069904,0.8693397812757618,1
0.27542025436413153,0.1755308378387871,0
0.10777282854360704,0.5017920812331048,1
0.8934767534227626,0.42406623468674265,0
0.22217531027078996,0.694386494245736,1
0.6945055891758002,0.35951571324148346,0
0.6210317248232896,0.811871264065675,1
0.5907448297694615,0.6023474066410743,0
0.14067727955521614,0.890464061784756,1
0.31834143156516803,0.2885230604901684,0
0.16963259828246657,0.5477918867372337,1
0.8445396910017742,0.4969209115796922,0
0.35989838179209854,0.9271108372019317,1
0.9277803906599386,0.11200466588415847,0
0.17716864038822733,0.8655977532013993,1
0.36907360471708284,0.1060636121594688,0
0.21825413429688234,0.38090955055738296,1
0.6496511366112048,0.6242267978904175,0
0.11659723707897873,0.9609691424883493,1
0.38764959010899336,0.09695807609048779,0
0.120507503961639,0.4036816062633286,1
0.8893977289762243,0.9042670974229603,0
0.008123047091950553,0.6541857888305913,1
0.28642515889235676,0.06987947985329335,0
0.14595279476685596,0.4652939636618951,1
0.6681983620560101,0.42208169673005536,0
0.27560589270155356,0.8641966211531821,1
0.589539109371334,0.0046501901375032295,0
0.18587828536626294,0.3511910058118878,1
0.5685903492360286,0.24858238970139523,0
0.01087947120886179,0.1532967531102648,1
0.42175626048790416,0.0776113591112898,0
0.1448006684225307,0.3259312601244091,1
0.9104956189625174,0.8786611200972521,0
0.5777732367043467,0.9646424140335215,1
0.7811265044047067,0.4835118476074919,0
0.20635544440398845,0.811395644153952,1
0.887461848565025,0.5394171628836234,0
0.23882995115274186,0.7837604758050785,1
0.34223628636321657,0.32092526409306743,0
0.02096677037785144,0.31647638672871736,1
0.46966250970668677,0.23548875366383626,0
0.47700414879884356,0.56928865492071,1
0.8395183719720458,0.774746325211698,0
0.0012970503169400516,0.3986190209512187,1
0.8553650198579635,0.16139289589205064,0
0.28671962583024124,0.543202726225152,1
0.5938182545143235,0.5472262325117234,0
0.0025362271463302832,0.7707167719534188,1
0.9003024475226163,0.25277886428534946,0
0.1332162517160571,0.7684658162893137,1
0.7300326974115938,0.7930487456647983,0
0.5370332293031123,0.7890738693061556,1
0.566623123184881,0.010389553165235488,0
0.025458097763114584,0.6334389308178681,1
0.5601739936405676,0.127759270929393,0
0.14567542456781513,0.7275081493956391,1
0.9222684176785777,0.48265854168897027,0
0.3272456569776191,0.4736900395487663,1
0.404118111422921,0.1794867559042166,0
0.2522862286684242,0.3770439370208023,1
0.8886976516389528,0.9160526585322486,0
0.12188949088717016,0.1433154588376654,1
0.5801479561799301,0.11100837284295817,0
0.7989117043909169,0.9378961643597646,1
0.8888679577555587,0.8954042167418692,0
0.4299915855282447,0.7885984055785605,1
0.9695786737949442,0.2660792704153987,0
0.285315599955133,0.4276825940320801,1
0.13612730324678368,0.02557655975117079,0
0.4031957165084854,0.7750602624758776,1
0.6633700347689979,0.708899214095682,0
0.5169184411399473,0.5893905798069966,1
0.4257593922706495,0.4388942425497333,0
0.6784721861138236,0.8883938625098229,1
0.7440448071360446,0.44134778493716187,0
0.05839198281428171,0.9396846091491251,1
0.9474484882606938,0.5777750029569707,0
0.046403490026523664,0.1498208494351111,1
0.8164096260062703,0.718184370936021,0
0.20713915004476013,0.4168063779347638,1
0.916124221689426,0.5046331627690697,0
0.41620128614869256,0.651726395001568,1
0.33523642315111823,0.03566226093763125,0
0.10415078188869376,0.5081069584832658,1
0.8797745721007132,0.4927147538324036,0
0.5616771527188963,0.796897569279368,1
0.8712095485621896,0.7637300020077148,0
0.2109193464676048,0.6195663622431564,1
0.5488869663286656,0.5078247549493193,0
0.0731817957508969,0.4108695159744803,1
0.5322478029088877,0.054173991135630595,0
0.13921378186530908,0.9117775052127015,1
0.8757848893687658,0.8157541438521558,0
0.0170273180163093,0.12106611758660657,1
0.464838562806713,0.18206680053493607,0
0.5144381148622968,0.566390343967602,1
0.6531047402573416,0.7055550198166712,0
0.041827756993647824,0.3777971872924477,1
0.37203767252657216,0.17049166682019368,0
0.4621432362792548,0.5138191723765522,1
0.4892029663046038,0.14198408321098854,0
0.10586501566523909,0.7591643703550733,1
0.7488755393831442,0.2969643696090861,0
0.6800279541215725,0.9415149861917714,1
0.8390239024374421,0.2954185677784714,0
0.06997875106882168,0.9714316516592102,1
0.5762870315572597,0.03828261947910072,0
0.2391751455191512,0.8439213436472515,1
0.7029451131818514,0.4716486751971126,0
0.28593539490262965,0.872293101773714,1
0.41881722979588254,0.019377383377478852,0
0.02992853784415561,0.985128432791089,1
0.8387194910662528,0.4215503877734813,0
0.2487523001922184,0.41400158056548275,1
0.8238888668700193,0.04489142321743722,0
0.060269329430576724,0.7855544775545138,1
0.5455027774805835,0.17288373272634172,0
0.18210379745244198,0.6111795744112251,1
0.6394486915256936,0.38867142640200136,0
0.031468363242337705,0.6616459697257192,1
0.23776663077013016,0.14992559120605253,0
0.4479297563062652,0.7548422375247255,1
0.8988295696002742,0.7585707312910012,0
0.5480512878507985,0.6542195949395485,1
0.8597359212033944,0.7871432870428984,0
0.02548102291980936,0.19452715158150224,1
0.9166974149125464,0.8090539283319442,0
0.25637473038523284,0.8906978163756316,1
0.37295532375353824,0.29887057810891804,0
0.3008623131749587,0.8824323884889848,1
0.4775677328529646,0.26114374347779346,0
0.514888678311065,0.6136758221686612,1
0.6187668020845626,0.22063950261845644,0
0.2948931317672898,0.4021777318327482,1
0.4914620240703613,0.13174401805704705,0
0.04932154355627438,0.5776242920288147,1
0.9315711630704225,0.4726306180364911,0
0.22920267373712577,0.6709404700174622,1
0.8613083900711783,0.1239251436437675,0
0.2947107214374729,0.3699072333579746,1
0.9100105680484606,0.14288963858048642,0
0.28880894655049794,0.44506003743382583,1
0.5472265773689182,0.1753736368261336,0
0.3317908347898485,0.9243405121611575,1
0.8205794722964377,0.3126254748582792,0
0.24924475095234633,0.6289905943939565,1
0.9547749574008123,0.7768752956418665,0
0.3298570205612522,0.7366154636363081,1
0.8394719841694713,0.57047337922255,0
0.4113122512158963,0.5594992742665101,1
0.9272852916117267,0.21855573863444933,0
0.27028114518762203,0.5572422378193798,1
0.9665260483367275,0.09796177402526407,0
0.7211185289200491,0.865516035762507,1
0.9211221898986898,0.006593067302652633,0
0.5362561239941516,0.6496000624812095,1
0.9205195086520304,0.8887860765626086,0
0.48519253015400154,0.744998636858183,1
0.7727301159951613,0.012119398988346464,0
0.03782784522452176,0.47756009682187195,1
0.8663563994746342,0.2150063548973551,0
0.1435767642427045,0.933162251530168,1
0.8911123404844952,0.2686742754454652,0
0.17163240471436858,0.5135113983499342,1
0.9525717420841997,0.27886601948897216,0
0.2551218314088258,0.684105706792466,1
0.771405994084436,0.013063353996892513,0
0.38900729908314624,0.7853177301712342,1
0.4856175519071695,0.1561810423172998,0
0.704148537616852,0.9447878590331333,1
0.8193050851696141,0.07653106062938275,0
0.02252346618416179,0.46063591285436134,1
0.913008726393362,0.722362794411825,0
0.13083304160113018,0.8154819134464868,1
0.9159963703991738,0.9557053406766964,0
0.6018798981389091,0.9622476924575128,1
0.4397182820293921,0.34472176891165196,0
0.15548873237384886,0.540743456764026,1
0.9946183206154915,0.4594364587546642,0
0.625191603084883,0.8516924288024934,1
0.9183971067658641,0.36613007177022416,0
0.16359378907699051,0.9713029767655357,1
0.2985061790203092,0.08866340669486428,0
0.44057756965868533,0.9835385428494223,1
0.7372911417342802,0.22519843652868698,0
0.26969792082683575,0.7388253869224438,1
0.8071447851126434,0.20059645931716885,0
0.38483271245229056,0.9011149256679428,1
0.9540439139926326,0.9843840381689828,0
0.024681182738760965,0.7566618866667427,1
0.7194983336044188,0.09659279424515754,0
0.5193759365789727,0.8531584821014436,1
0.9466293195722313,0.9149219886202221,0
0.19645164355294642,0.8679998499682924,1
0.31775482051048265,0.012811502166593325,0
0.49930823947911795,0.7397754265308866,1
0.8457750811776573,0.3228133707817784,0
0.2312351780427805,0.8363857220476655,1
0.7975938339584238,0.8543268876387855,0
0.4783879695010156,0.6621315692827099,1
0.45819162539541913,0.24912415770850183,0
0.006197712056338234,0.9198067557487549,1
0.7647202609854801,0.7388182095477163,0
0.4396053311616619,0.9060444984126459,1
0.7954273315753894,0.03812224927679875,0
0.4885061669686367,0.5251461378133656,1
0.8352832028476205,0.5969652125310883,0
0.06592445369532185,0.41973084433013197,1
0.5488608525035386,0.4637540515246543,0
0.4154340078267241,0.579339460550386,1
0.42853653203172104,0.3834755935827968,0
0.23193156925758995,0.9483680613675533,1
0.8813069929287864,0.14193339516851722,0
0.5686133295750885,0.9310152426966433,1
0.564493170771778,0.2116285070439876,0
0.2649539520947074,0.6785707620615287,1
0.7470396488062953,0.591752235651524,0
0.5894545835657162,0.9196162961311815,1
0.9658176031636153,0.9548823905172846,0
0.2469413306990741,0.5173266954077026,1
0.5725530256075637,0.5522918496118504,0
0.13946815777465627,0.14924816818462905,1
0.8917083909955306,0.12256361224656576,0
0.12615388580056153,0.864392661010607,1
0.8640674683261427,0.7408183637218844,0
0.16656580256443787,0.2636296425790957,1
0.4676185997823318,0.1504462335819693,0
0.010095174765064718,0.27851061212292116,1
0.9741305594883063,0.03169086549665512,0
0.7089002745751649,0.8712535814827824,1
0.9047111736671553,0.3856279074171767,0
0.5255027198639238,0.9910432025957882,1
0.6949833287203002,0.19460689248999208,0
0.11403675886606102,0.2621157642412605,1
0.7355022334615974,0.5504468199553754,0
0.3971513335388155,0.758429520713077,1
0.7482679812896987,0.18020270731629007,0
0.011787739180724288,0.9962678716348444,1
0.4881966580554369,0.37202476397191997,0
0.19617209456397833,0.8071922450885463,1
0.705752719530148,0.0015561979296321304,0
0.556446876169447,0.9266007970596744,1
0.8223550501864259,0.44298003065908886,0
0.6636949079277515,0.8816484142088524,1
0.8117663950996238,0.8532203183236466,0
0.7802355856161365,0.985130302648835,1
0.5270060151117548,0.2525962896380215,0
0.038962315397181646,0.7596530627838091,1
0.905998994932563,0.42594776122186195,0
0.2883783320685043,0.31808901905133224,1
0.9265160634970615,0.6118717214256995,0
0.04623877949911093,0.5453076203927011,1
0.7891675208579388,0.9040201155693187,0
0.16569698311586423,0.278976940059957,1
0.4727286201965848,0.11288167014198824,0
0.4587242927095082,0.8169073021819279,1
0.9824176014231915,0.183261789288234,0
0.12380605950108436,0.8515929808925421,1
0.5776788415716316,0.5788292635102961,0
0.1891511169716894,0.29421779709416485,1
0.28775064460174904,0.07395790212188069,0
0.06798269358489328,0.1494135193849384,1
0.3941919004624236,0.19681423373603557,0
0.29873539721452047,0.504858728623104,1
0.9713470716842646,0.7919904418762828,0
0.17252070346015436,0.8028506904108322,1
0.6980902525277356,0.27309257611294324,0
0.38977614848977926,0.8384785896604684,1
0.8077122798086224,0.2455059727184039,0
0.5411617955795399,0.8459606423014996,1
0.7164004275445698,0.7091049401281583,0
0.28525146110424493,0.6108018899406755,1
0.7382295862478772,0.26054112777298355,0
0.17891509131097527,0.8420356753224081,1
0.9150979639464029,0.44621659632947264,0
0.24449777185584276,0.2523659018024208,1
0.5614816808370013,0.5773359468594568,0
0.1689221483990183,0.4154485609508135,1
0.6062172562914766,0.3028025250340949,0
0.497519204116432,0.9867572743319002,1
0.40099342002648575,0.09516239261882609,0
0.5966702023597915,0.8708919794868603,1
0.6984084272619435,0.624343754739019,0
0.37443622782909747,0.9822121641145255,1
0.8725275366252805,0.6068161895353213,0
0.06670672635107167,0.34252097078708454,1
0.7201634855615034,0.2924248105717099,0
0.546147499418822,0.7870796431637085,1
0.2737843130912504,0.230750588282429,0
0.2709372791536827,0.3665255115246665,1
0.4709404165379548,0.22926144256922631,0
0.3499634952917753,0.8964967151136284,1
0.5294107137711552,0.47432034069650497,0
0.034415175744971216,0.9613426655139372,1
0.8440773646698968,0.820374108117662,0
0.1394375673718089,0.9714924309786865,1
0.9337184729401594,0.696077111378973,0
0.48586176941373804,0.5948034725372361,1
0.9939813231625526,0.13291503704971674,0
0.0888200974927924,0.42631843800323976,1
0.750956222267262,0.3400703295083458,0
0.6623602526909738,0.8894383866008977,1
0.7931619911033503,0.10159585852402564,0
0.1686383244364401,0.77071102651781,1
0.6149784861967431,0.15663633699489654,0
0.7331564830509036,0.8523907553918942,1
0.5254388785762143,0.4021395670501976,0
0.01481571707718976,0.7435701342636417,1
0.4153994834023529,0.15109276843213792,0
0.34474632637695346,0.3714202807717052,1
0.8865543358626194,0.3786041274104316,0
0.019316431047833427,0.14493369165586734,1
0.346208235956304,0.1663522007531434,0
0.8229814616061603,0.9987316107537687,1
0.8264166097250599,0.3992102720217571,0
0.03881180846421595,0.2466704612419851,1
0.40259639351424104,0.26049216540252484,0
0.4728987971694043,0.8913437490583553,1
0.2574445783783976,0.13270751948521942,0
0.570896078395051,0.9213421320354721,1
0.6488023089252271,0.6638604235179918,0
0.3759404302777547,0.8033251084614393,1
0.9226756024085013,0.6826798893103073,0
0.07816848478173499,0.2529060315492748,1
0.710766504792036,0.09312104647435737,0
0.34498114179210426,0.42637292682385874,1
0.8735181808358993,0.9305531886761769,0
0.06514402647970641,0.4489241981297175,1
0.6364498046618695,0.09413466575242069,0
0.2343259496715563,0.8966115447755378,1
0.41031968652683215,0.24035783312846526,0
0.2743474299835562,0.649398613444927,1
0.7035078095014569,0.42191546558826887,0
0.24553951559255993,0.5346387665061736,1
0.7265661912639075,0.11659202119486356,0
0.05980919503330806,0.2241582449562668,1
0.4017805475775137,0.0873930833489368,0
0.15914371009529826,0.49335936969880145,1
0.7696195037869055,0.582851268091193,0
0.5159001567451884,0.7664446803074491,1
0.7829903978765995,0.21669065247173314,0
0.1846492162518495,0.6596665366437542,1
0.9418489703467511,0.68766859614929,0
0.5851084103040222,0.9708549546264069,1
0.23141096112489012,0.10196113461016121,0
0.18132699208515557,0.34230411687207163,1
0.5358100047782506,0.3079065420546183,0
0.08360247939173282,0.12260392109925089,1
0.5749056458422663,0.0731114280170565,0
0.45305556855930695,0.899060937541974,1
0.9347548955954068,0.34940425265528285,0
0.5335805475481475,0.8471784711358568,1
0.33133468495821206,0.008953537205015905,0
0.10947499725924048,0.7360274673920656,1
0.3250594958087054,0.16845673092351376,0
0.11849051639673536,0.6975736148832332,1
0.9932622147438094,0.3919146822192434,0
0.5792401873290005,0.9407348800664573,1
0.5760246148450956,0.17232892786367604,0
0.12814614351959597,0.3624514377540128,1
0.7689837310213484,0.4022262474078787,0
0.07464923662461886,0.11973122988772189,1
0.9927172710592175,0.8599452631081675,0
0.3457182603146849,0.8327802834338569,1
0.8998673858758532,0.9233950947632276,0
0.03145577950307288,0.8121306038898034,1
0.7035041231296615,0.564947664715183,0
0.3839814891538432,0.9252518951722115,1
0.6416877957716967,0.49670185927825383,0
0.025095954012663402,0.6952865047666922,1
0.9184076745125074,0.599694298183382,0
0.5804126831646309,0.835298241645244,1
0.8328384036328615,0.18675652776903073,0
0.42229914714691097,0.8192697820168521,1
0.7089532174596769,0.7301612544117221,0
0.07180491753233631,0.7119403565098225,1
0.6262284592042896,0.34891307873212885,0
0.43150137116815324,0.708745616442597,1
0.7928532882832405,0.24863459072548444,0
0.11283960908351609,0.11570049442415353,1
0.645201996278511,0.5171899886691608,0
0.09887047839964258,0.4484910108432332,1
0.665845822271557,0.2705305792044096,0
0.24968804449624626,0.3187714004104494,1
0.6419483445457923,0.17255373468917745,0
0.36494518534024645,0.5106522463791421,1
0.6268690411940978,0.26751806503266207,0
0.11520795147923546,0.5552812280008592,1
0.9673738960177289,0.829230925147381,0
0.26131814351442983,0.6321614755141257,1
0.910880956991371,0.6151658298705278,0
0.1840430103530969,0.3061624135269647,1
0.35155843381263485,0.3111693484381629,0
0.6844074816689518,0.9500027803711993,1
0.9443850726035201,0.374444415537766,0
0.04627869775197224,0.7533016046092964,1
0.7349903285619352,0.3032515777217212,0
0.2691298838292062,0.7033281572510885,1
0.8606290286952617,0.5663484288657263,0
0.21880498489744837,0.949003056018016,1
0.45551732213016194,0.00020694848206426197,0
0.16783148472418763,0.23039292183298576,1
0.27861905890643324,0.21359658421297478,0
0.23467118483048088,0.3278369850634232,1
0.8813100604706113,0.016985109504285556,0
0.41858497509233605,0.5781960440273413,1
0.2668241106953507,0.10054438859707404,0
0.518508446121122,0.6978297710269638,1
0.9530852548864231,0.45676686063898486,0
0.06589075736609695,0.28268205867647456,1
0.4195658040628518,0.3873411869061115,0
0.06416408661772721,0.5985902181766422,1
0.29913924848913065,0.09811599180804764,0
0.6698643759763494,0.7937975050462602,1
0.4089133583478487,0.3185283033819344,0
0.05125256353600727,0.47034262584427555,1
0.9745360622652123,0.6175352056613012,0
0.35531451362335487,0.7214717304609022,1
0.947999733897108,0.831646595930298,0
0.4515219621667268,0.49006596729291363,1
0.6899731640641824,0.1333347578550118,0
0.01494289387648684,0.7394275136686482,1
0.4402098161457113,0.36165973410413865,0
0.18215110167675275,0.4882892666788057,1
0.842562922040296,0.27865464446321675,0
0.3273742510149755,0.6446749197651432,1
0.9948453661368346,0.23076601815113762,0
0.2207735828462276,0.8203054206076642,1
0.798069617377103,0.32901181064232377,0
0.014750071098551865,0.4295180481734958,1
0.6609470573176378,0.6721265031568311,0
0.033013476917785334,0.7884910597940069,1
0.39333942674422195,0.3141128963490003,0
0.5150483535883182,0.6715603316597105,1
0.9248463778030145,0.026017773083640616,0
0.27057021830747285,0.7693841607607119,1
0.6333798145741779,0.6601305347382026,0
0.34047852016361013,0.7306238195624564,1
0.5376448622510346,0.2675845278288139,0
0.16852335984611877,0.34796124669001516,1
0.5811331376284521,0.04176896754559534,0
0.3086644144542384,0.7541478947377915,1
0.9087721168803684,0.5246203828941719,0
0.5241535754092777,0.5694954646106728,1
0.9604976835456291,0.7076815130051147,0
0.5111583332462218,0.9908174778378677,1
0.8375544043314482,0.48883511039257865,0
0.027651711180327387,0.924296110485215,1
0.9623792466398673,0.6209655766021034,0
0.11691912286847761,0.5882220402148952,1
0.8987288418592564,0.21184696844819317,0
0.3692066517941157,0.8443939039846972,1
0.1198274882796303,0.046872819214749395,0
0.03887371238887327,0.7182932746957462,1
0.3338002905273141,0.17230199067157148,0
0.562958496165657,0.9622235482895821,1
0.7102047827640191,0.5607882313391338,0
0.20093199168912634,0.508013933263797,1
0.8291387576123918,0.034432299050248916,0
0.485379052411546,0.7521014431627512,1
0.31967975644496505,0.006227204998506264,0
0.5194662135381732,0.6406346811524155,1
0.41873638697241355,0.4173402893437681,0
0.2635023137639734,0.3196459134456673,1
0.6701622107681499,0.6377639240989349,0
0.26164667977969924,0.5397318654423396,1
0.8606315236540538,0.2683794308886568,0
0.02489620104399415,0.27608627230214355,1
0.9407230534122436,0.0205124506697707,0
0.12155265842127538,0.17372424894954164,1
0.5883091408515186,0.08849794918646803,0
0.45799665565715153,0.7830704694619101,1
0.6675745005170138,0.31783468340102417,0
0.37879492144811244,0.618463078104082,1
0.8187043763529637,0.817277792434617,0
0.40686262505393844,0.46740613963225774,1
0.22779127608785488,0.21828849202538558,0
0.5275747455728284,0.6532517670898933,1
0.8376267275805617,0.5276276328804467,0
0.6473823913527783,0.9767700791215199,1
0.7202962739987998,0.07847429634686753,0
0.716804475856938,0.9738759284139448,1
0.39072943177387176,0.043428160974786634,0
0.5970923155990244,0.7461865252807881,1
0.27983988308161767,0.13373120360895874,0
0.1197435687233589,0.25473670251566616,1
0.8284214139631682,0.43306926236217547,0
0.19296424626829956,0.28363721119324037,1
0.3499245310927812,0.20395671841312268,0
0.007439828640510848,0.02342707135716826,1
0.9253392899626607,0.19396061097362405,0
0.12597188679453042,0.7075453195315973,1
0.308069308340261,0.029723206038613115,0
0.09930771544245864,0.8124265934068042,1
0.8486043195889105,0.3013500835540618,0
0.24558338126439927,0.9647857506962397,1
0.6364034635274743,0.3338485670746899,0
0.24301377686073689,0.796396920715657,1
0.9997941909292543,0.8378018829799438,0
0.4237176042268004,0.6817011823740197,1
0.39973933517692817,0.15672587178064512,0
0.1594877821397198,0.1782747419358578,1
0.5515196778665552,0.4524197456707688,0
0.6220613543236235,0.9809875340482522,1
0.6069809763178842,0.2252656311392648,0
0.11359702115882353,0.8737175401284994,1
0.9746171359127349,0.5836017861484225,0
0.508080802789792,0.9078337853392415,1
0.895472410880163,0.45583759776223143,0
0.7088324896785989,0.9281548359608536,1
0.9579903410896798,0.4672163598942125,0
0.6748173515640125,0.974575391688723,1
0.8534524361235253,0.6541373486793619,0
0.43949162937202646,0.7425466264308276,1
0.05848812332782094,0.02318130985007183,0
0.10108622912839316,0.5411429935998462,1
0.4518048806925231,0.3461686127110476,0
0.3221334578555226,0.9107459128410548,1
0.3958740216414164,0.0651396836628465,0
0.7969140030261371,0.9981086029378815,1
0.837106258979141,0.7857387828659018,0
0.2518589297807978,0.8692546826322752,1
0.48913263303598276,0.49171641794495713,0
0.7950708987561557,0.9991426727880106,1
0.6833749030756802,0.5157752499611213,0
0.6973644833190856,0.791972118482766,1
0.41239349931195224,0.35611211450753577,0
0.23211579415902583,0.8538805956873733,1
0.619855559592922,0.1457879648104934,0
0.17014208046699264,0.26223898164066684,1
0.8581689152499012,0.32394000854343297,0
0.04819273084596276,0.45389182388492666,1
0.6406110058260279,0.33522998627454437,0
0.40570489484054395,0.4935845095060628,1
0.49467485239043973,0.24782317065616988,0
0.022997023187061982,0.5532858272052182,1
0.4517487165337809,0.06381559992009511,0
0.3638351485169403,0.8397298080478013,1
0.6588735325468096,0.08160935281857262,0
0.43744613973973523,0.5967588005099304,1
0.6591136294348874,0.6436884970632571,0
0.2843965372987174,0.48961750530452597,1
0.9402967141195783,0.9189039860653309,0
0.2859716668086325,0.8290184204583348,1
0.6522104825388213,0.2459390012306737,0
0.6349151805796724,0.984630690495087,1
0.36214643556309845,0.09954960284190839,0
0.15513417579888833,0.6334520118095288,1
0.7571847196038248,0.054726022335701896,0
0.4695125756211438,0.7842070615918757,1
0.5269841858401602,0.41887049625538664,0
0.22601920833354472,0.5153166830303935,1
0.9916130877268311,0.41576301187127374,0
0.5577209679548358,0.8598698878195782,1
0.9452764163901138,0.8433586852698527,0
0.04175250383914464,0.7547686263302774,1
0.977454206342046,0.22047474747019302,0
0.36138092976430247,0.5525892260154482,1
0.5425374642382351,0.005253243424018339,0
0.6141106241014658,0.9809949159900134,1
0.8594292396478571,0.10450827333614876,0
0.4969633606718483,0.738442577928883,1
0.8832667376244584,0.9632381583900451,0
0.33487297782236125,0.38658658096112297,1
0.8142140833269593,0.46714628316192974,0
0.15056139340424635,0.4542686271778572,1
0.3699197071704843,0.08532226453618352,0
0.3504130506373382,0.9592206129214125,1
0.9264741227056945,0.9691380205809333,0
0.18865358487002248,0.8883428866520635,1
0.09306691119780186,0.03650798842486036,0
0.13902396817352136,0.8941843962172221,1
0.1938191625456529,0.030802590513064443,0
0.722946466374271,0.8414409645573617,1
0.1562398706369782,0.0799774985142907,0
0.32277627257375097,0.6886950963097477,1
0.7570406021657105,0.6136857412148234,0
0.09528787303329411,0.36527262542777483,1
0.7283704043466166,0.2726045464202316,0
0.1596203893395357,0.9804555995734102,1
0.8203548722837061,0.6821466045747867,0
0.08918466904245614,0.5041977531598213,1
0.9158718303456059,0.03199798776448559,0
0.022070485630294456,0.6317240104351196,1
0.6927212161175995,0.4776399317454554,0
0.18777359038727948,0.6629584314900872,1
0.5517326243148614,0.41487112234814905,0
0.026965109900982887,0.8340195053230387,1
0.9253807605539885,0.20170431961213708,0
0.5505642152630376,0.9731101379629831,1
0.9166328631625821,0.41544702960541424,0
0.34544556136822935,0.3724576261192807,1
0.6602782725183921,0.45844654353868064,0
0.5546113782765596,0.9709661194688964,1
0.6775899254634383,0.21937074058026085,0
0.5860947340466732,0.7749496601910048,1
0.7288710977197912,0.4401907983589616,0
0.053613073612502116,0.32148237744684405,1
0.4775896508861823,0.4071616214133539,0
0.4194844279064248,0.8807517735309032,1
0.9714258252649743,0.9131141264060845,0
0.030958352151749358,0.2702071102175041,1
0.4527424026010536,0.1672002632242222,0
0.286549744755888,0.4199900706124218,1
0.7088991996097921,0.11177125450393732,0
0.09302191258094383,0.1554304097683663,1
0.8010966280216821,0.023823824301848706,0
0.3250000451770432,0.6264937335224349,1
0.6471246695797035,0.629747054072424,0
0.4156231569583312,0.47876758651817564,1
0.9175899818695243,0.6774914693891774,0
0.3199754636984994,0.7655521754937645,1
0.6562980818385479,0.32513019803914167,0
0.13066903155155707,0.7209577327933194,1
0.8153659233820686,0.8683731988588865,0
0.015364315436883658,0.6682368000372799,1
0.6241946134580741,0.6118705901806689,0
0.10740688994765035,0.7102950576567533,1
0.8291117476061849,0.01226352777409434,0
0.018795099960825845,0.8686856802136063,1
0.21760226988180864,0.12465768075652872,0
0.15587810704846505,0.8459140427378152,1
0.8551738301740429,0.7342814779344135,0
0.3356654495293637,0.8972004851734591,1
0.7898324891267232,0.36074412422293445,0
0.6245246535501455,0.7298580097190388,1
0.9121407168549192,0.5838558600866067,0
0.642513398598585,0.7291908718170163,1
0.6482755697841986,0.05570888997246504,0
0.18864442687836525,0.23858361647086068,1
0.6680148555493653,0.23219350212070655,0
0.28301190268891385,0.33670675143295403,1
0.5669887932850715,0.10330268331510817,0
0.14089610288587817,0.1829434687570226,1
0.5514750712623879,0.2844835444413808,0
0.3820706167561937,0.7855671924665043,1
0.6880383941657521,0.15381441070685864,0
0.09955146316520491,0.643321321194421,1
0.9816418759693333,0.2721592776207964,0
0.6853535256147802,0.9023318308545433,1
0.3984982896738659,0.09646863970054942,0
0.28060764718789166,0.4006535196363624,1
0.11515021910832524,0.112606480143989,0
0.2742032717850985,0.5656911521909892,1
0.9921918303058195,0.41106785481653185,0
0.027133210392741858,0.36206880106757977,1
0.8753153593364593,0.5669244739357087,0
0.03513457647588991,0.8403504101381377,1
0.22071530299201914,0.14234669834163216,0
0.14309682147184521,0.8715895415136453,1
0.4170836585730189,0.362676640315179,0
0.24546360731870887,0.9049104342667518,1
0.5849952560391016,0.34523292182937004,0
0.19767702305415924,0.9129192867060114,1
0.20481040736022138,0.06532899236296064,0
0.17789215938292213,0.6050911194561605,1
0.45637205513918644,0.15707029683418083,0
0.5744564336197896,0.6672316463072009,1
0.6937766540804727,0.25214384691736824,0
0.4183560311920559,0.5266888836791295,1
0.8231283156766313,0.6782799104083133,0
0.3641715941617931,0.4784430393516773,1
0.9096409495328285,0.7465470416985389,0
0.20204923072404257,0.4251489356018373,1
0.6450376484325936,0.25678483204139735,0
0.16040823947335936,0.48224356637553123,1
0.6115341845511547,0.29141537570037146,0
0.3481986257532438,0.38292015171797866,1
0.4585691923229175,0.12839470969997802,0
0.10996903825257687,0.5054900265536806,1
0.4998767506118408,0.25713978671150617,0
0.6896139968834811,0.9937020524022987,1
0.8316387160173767,0.400360970952518,0
0.28017502692663865,0.934488981190804,1
0.5497460531852537,0.23270321547635597,0
0.34714350405841043,0.5009426348841328,1
0.08893343792057373,0.03383238040794201,0
0.47037121732098586,0.8643162178478373,1
0.9359825066888495,0.7903636126611446,0
0.039770638013072124,0.39054790577010756,1
0.49774415413206874,0.014894228579371616,0
0.6010596761860061,0.6991662938719361,1
0.4628966968467271,0.06272380855444115,0
0.24219986721831743,0.4443607319806937,1
0.9474922671099291,0.2413221403969511,0
0.18928365535568692,0.7662478754334211,1
0.3359672699482168,0.06947609200180005,0
0.1191938579327374,0.5028490191280661,1
0.4119903754198203,0.17399673296870166,0
0.36169001790286404,0.38774949602610875,1
0.8074460340632574,0.02922677282541286,0
0.17314382995165845,0.6295371040437885,1
0.9198566067725039,0.42094161509072836,0
0.41000156944739863,0.510034877121263,1
0.5146268512140895,0.22487588107827727,0
0.4022372925076235,0.7111479927298655,1
0.7775825705808221,0.718320131335464,0
0.01675490413653069,0.6755490018503406,1
0.9026263497069409,0.3345903383334604,0
0.06366150320246544,0.9394130890181736,1
0.946201317762248,0.8748700019995529,0
0.5203775830254964,0.9773106727746566,1
0.4377497735573114,0.24972860422212773,0
0.059383508811150953,0.7367837519164804,1
0.6044322160907072,0.22834384466140623,0
0.2994598888900514,0.49902338142002445,1
0.2995679608590148,0.18604141405740315,0
0.010588025444859261,0.19921798780977096,1
0.8353503504392654,0.3601862830165351,0
0.29672373855595613,0.8007267547167678,1
0.4198664715988444,0.3287101233847788,0
0.21992063530920036,0.5944073709796783,1
0.9479459878887757,0.35241895882995844,0
0.23066865620496302,0.24765199396114423,1
0.40514530704431573,0.23937605476025803,0
0.046738711611577055,0.6413706702142447,1
0.9688212984660657,0.8504249082454308,0
0.29567429740773843,0.610935283969131,1
0.5791025668313452,0.008088642240968724,0
0.2716601623721594,0.48614759190190227,1
0.8222152000159778,0.6855927730783775,0
0.22118820472725043,0.822009306101986,1
0.5888520016050752,0.5126532474941007,0
0.2704703762142404,0.4603936795396677,1
0.5171468948126894,0.01247604850955264,0
0.12329968648372158,0.9547456632618585,1
0.03571073992633389,0.03019949099865471,0
0.448338377701042,0.5857026204575677,1
0.9392021599234838,0.49848039900618035,0
0.12176171614653475,0.8434809551176217,1
0.9429092831779586,0.8328224205824427,0
0.5646904031604869,0.8397460495181505,1
0.9156513062006972,0.8534523716298063,0
0.594156501367661,0.9053655477983551,1
0.9458708006923029,0.5699678314641291,0
0.050203186325068705,0.8846619378615642,1
0.9113883286594711,0.9430536033750413,0
0.08751297476666065,0.8793348236982826,1
0.7230202753945644,0.8018056176960744,0
0.11098966587297632,0.3382780848820647,1
0.8141704495913136,0.73427611200571,0
0.0669200347356651,0.8260735735832512,1
0.3170882864162625,0.21212411369450213,0
0.4982630073145673,0.784602430522683,1
0.7710267516662118,0.7282893457056446,0
0.3797583065495185,0.8596499627062903,1
0.3358467023138043,0.12251640228727967,0
0.5313550078372126,0.6074475579025003,1
0.4404688517663523,0.10408862858587398,0
0.2531015323052722,0.8490541600987215,1
0.20758765357731224,0.19617801879767494,0
0.16126186369678863,0.9673941403563582,1
0.4413958707066089,0.04767202665257009,0
0.2695136551154488,0.5988365155628974,1
0.13162891996552806,0.12446804237521802,0
0.6528411296965876,0.7904256105147234,1
0.473839177725075,0.06530432758790317,0
0.6404768667600277,0.8189259644234187,1
0.858543053591017,0.7718086713544104,0
0.5592499215230881,0.6976543134432122,1
0.3992664825092751,0.37477925326179906,0
0.15790810282358148,0.9490273364031785,1
0.5966948048343728,0.26242257918568457,0
0.26124983635149623,0.9934743752385027,1
0.6446836988337571,0.1632492837775098,0
0.42871188886375633,0.7949816670801622,1
0.941747978621612,0.42031088274226913,0
0.4732135629424833,0.5753001675739792,1
0.9035279820089782,0.17703348928160068,0
0.23021752938427664,0.2992275729189615,1
0.36124117956752677,0.09645488846471018,0
0.15467222941241743,0.8655845617705591,1
0.48078990935112353,0.15993753525370424,0
0.2540109813663881,0.8765327511090858,1
0.2602991635532592,0.15257177961588897,0
0.289963673480917,0.7268117691539895,1
0.6287166810400713,0.31371608200871437,0
0.10464181627133029,0.12381700819534891,1
0.6102089147279981,0.47508158410793055,0
0.4174329784023827,0.919513676805884,1
0.8081281753059233,0.7261535381595218,0
0.5947877434017691,0.9164366671746162,1
0.39540393692369036,0.005456305627060232,0
0.07165411743209404,0.7240185645858442,1
0.43962180793212,0.23213762917250524,0
0.08351470976824393,0.27950349258871854,1
0.9239592194829513,0.4635035821930229,0
0.5832568780129573,0.7738345533275386,1
0.8553119436501057,0.102996305000013,0
0.6937704137861035,0.9442417523018444,1
0.641712385653931,0.4147089195055724,0
0.27218717020294014,0.4574559244832266,1
0.42389893639206355,0.162751737342421,0
0.32282351168966583,0.7148912345476057,1
0.8527291857024574,0.21080649758640124,0
0.16321501073538602,0.5108801923753742,1
0.30754605315401284,0.28712698459942043,0
0.604002812285631,0.7720906039802353,1
0.10578332318852435,0.07353678125744711,0
0.08972260800999454,0.28235826436041767,1
0.5214866157525305,0.29988711868573725,0
0.30052984410881445,0.5028492656497837,1
0.568750251102078,0.11805174563174614,0
0.23254959727691826,0.8674680242548116,1
0.7487302249418331,0.49329470462847824,0
0.026441678480592756,0.7218225633500661,1
0.9297843574237147,0.6219116444297651,0
0.5904848376967612,0.7667256102836942,1
0.9462850768741249,0.7098770002182988,0
0.028138732662921884,0.3569942189265598,1
0.7736094353362939,0.03337280390115982,0
0.2371475551810992,0.436394006441964,1
0.550269448955057,0.22693736306160617,0
0.17895937942020212,0.9464105329947912,1
0.6529404178502148,0.04328559377269481,0
0.35013517067198074,0.7364975153450813,1
0.7741861157278259,0.1320366385135826,0
0.7453406627086812,0.9149155636681328,1
0.6451194317089461,0.5671398603895224,0
0.3018893632281525,0.8335173166632598,1
0.8854785918697251,0.08201489960477992,0
0.10653580599403523,0.8024177537413382,1
0.6256556615883229,0.22369051111032845,0
0.4307776723295269,0.5767345226321707,1
0.6985539682869186,0.35858755126081776,0
0.35963757001119434,0.391788956858345,1
0.16256404111280254,0.04196278330026637,0
0.28296628924444833,0.44842195753081293,1
0.498288671614317,0.2455516422114472,0
0.052367956422777695,0.7474127124670543,1
0.5902513019636288,0.3125047996437411,0
0.02553493101868609,0.8801585226839038,1
0.5946453832714519,0.29807046973715634,0
0.11471917502824447,0.5549743211412421,1
0.7012513837162718,0.6210951088925183,0
0.016542249154113287,0.8903419857361241,1
0.4351299149769281,0.07220538914739127,0
0.3854070165562363,0.5520239339115908,1
0.32676569304283143,0.23831528804654534,0
0.006085295259144807,0.8511936632136756,1
0.4470189560778123,0.09674873644051074,0
0.1679451701875997,0.7735881021564672,1
0.9838301929668756,0.11494475617347022,0
0.20940968940252047,0.8823313116821221,1
0.6185504601496395,0.3789276805967051,0
0.3078913600855573,0.8744769718648643,1
0.8355163860597851,0.336503761494516,0
0.23141814894619683,0.4771105425159683,1
0.408223692504723,0.35704086483185027,0
0.45334430279904914,0.9229267678426767,1
0.9109571435700026,0.25647737980853447,0
0.045918420257892056,0.52457571479663,1
0.7675551599842692,0.7728321044134199,0
0.07320845926906105,0.1690478738870682,1
0.4084423017508235,0.2731312369135874,0
0.6696724334719923,0.9637777175819336,1
0.6979864426881882,0.6873871935677378,0
0.006972965493908467,0.3759875722419179,1
0.7619188874979097,0.5167587139678089,0
0.14024652990197572,0.9898822250104898,1
0.639012400078806,0.3870775559634231,0
0.435651807575274,0.5170183858615486,1
0.5668733603852718,0.5626247232617693,0
0.2095514886675921,0.5296495248774153,1
0.3821135771145857,0.2958159927746624,0
0.04843169136839587,0.052636049417352226,1
0.8126723586821264,0.5497949827159107,0
0.21521237364121015,0.40860404917122717,1
0.6311455018450769,0.31551494565666105,0
0.3022001188089092,0.6000712799944485,1
0.24667962547889155,0.01603148573414026,0
0.3055125133150466,0.8740028079269858,1
0.8757348295194103,0.9186432507877972,0
0.19327827462438163,0.6698455285895693,1
0.49220459565147023,0.2631686477994579,0
0.14483868251732768,0.7609714997119036,1
0.9106412361657696,0.3089885865600104,0
0.09917118259099256,0.36349754945442914,1
0.8491201301923534,0.462270065889272,0
0.2536561976692959,0.5530285926768189,1
0.6712070453451906,0.035777622122095454,0
0.5332003173047277,0.5832237563543979,1
0.5491201046414588,0.48400560356877786,0
0.5007780643338525,0.6115597710005671,1
0.6097636958755177,0.24084229226170029,0
0.159422392531404,0.889945618615536,1
0.6934290848952933,0.7316308805594509,0
0.18267607630707183,0.8877185295331361,1
0.7939538174686197,0.05848082772902419,0
0.6965831803220587,0.8264253851711837,1
0.8067420393802855,0.37121534750881957,0
0.6539457997302313,0.8187897263505479,1
0.7748093423529709,0.604712449529139,0
0.4285932577988313,0.7726878981082074,1
0.761892826681813,0.6596082784163736,0
0.12558684633729522,0.5784620015803116,1
0.9659010999243473,0.2639228700540188,0
0.031026045766954446,0.5618435804395194,1
0.776875557765061,0.7832412384478685,0
0.298220796128046,0.444632138668524,1
0.5085647915762342,0.0052659985507939044,0
0.35008627482882104,0.7084772088084601,1
0.6915563423878018,0.11119359652411653,0
0.233264822013302,0.3720705291124463,1
0.9802800179423186,0.3712187453190682,0
0.03734155525241034,0.5996468938672216,1
0.25986194359040415,0.23423540329197223,0
0.5114888344165399,0.9407987264321168,1
0.8065929358640566,0.9002079051323938,0
0.050356933475165566,0.30073422186030496,1
0.17355180696073091,0.06913690691840535,0
0.34787673828186083,0.5827247062822514,1
0.9659244345793039,0.5381835342439754,0
0.09566664723066065,0.40192076966953993,1
0.6956518971373467,0.6328876931732541,0
0.08403687393519965,0.33643686162145914,1
0.7777013136599874,0.49996437166544383,0
0.6184689927857417,0.6954831775962454,1
0.7449371303723659,0.82341047457563,0
0.05458695077951514,0.8159452934815239,1
0.6531802470479472,0.4591055943556779,0
0.13392472985473414,0.35077372127584305,1
0.8523529057814802,0.5913089121291565,0
0.07728450205880122,0.3749599388927555,1
0.7410890600859894,0.794794334562074,0
0.6655251733029816,0.9990198619191819,1
0.7162921982641457,0.6117607144682392,0
0.1303111535265432,0.7690098651864192,1
0.1506704037946014,0.14867378114284735,0
0.29045999647245024,0.7465783320193061,1
0.5843115889690907,0.34604956190112635,0
0.29723901278210785,0.8482514170376599,1
0.3624055237783508,0.3262573414243741,0
0.5351302326614003,0.9085813785449348,1
0.9620895186886718,0.07927861483430854,0
0.35281337878846697,0.7704602910997901,1
0.11960666338946646,0.034164048146521075,0
0.2874801491292961,0.5081824397131374,1
0.9441577374713949,0.366611509081728,0
0.5577799544285209,0.9126017968802641,1
0.7686721472899446,0.7266828215052297,0
0.20570604830645267,0.9896900591906812,1
0.28327157889053944,0.2832216929904694,0
0.0868386119674639,0.45851054316915274,1
0.8941497656749111,0.6056327640020043,0
0.23102052028557207,0.756476448213511,1
0.8429051883557425,0.36504799415429723,0
0.5527839173851696,0.6242892940560248,1
0.8843665879313886,0.6583213051797815,0
0.07337050015664559,0.1351565117901592,1
0.7781666863089062,0.7130752134992607,0
0.7444727232260303,0.8847784250651612,1
0.8927481971533415,0.7465105176469258,0
0.28096366172363396,0.8674243776266345,1
0.7497244758196744,0.8384347042454483,0
0.5290687430721399,0.8422884262573956,1
0.9516093470790777,0.936131780488153,0
0.07523460808328786,0.6222537878853479,1
0.5333998321389392,0.4722747540730535,0
0.10232229930975101,0.8745871077625619,1
0.589781278802626,0.3146405902299496,0
0.11622846570992862,0.7738869725036509,1
0.4613480690721091,0.3265198051868844,0
0.4576064565304764,0.527912745971141,1
0.9900196236907216,0.7688971682851123,0
0.15900690861608435,0.379297686635366,1
0.5445799175471171,0.17780969945592595,0
0.4050331792144687,0.7942561364735268,1
0.5587939688017649,0.1679261445638689,0
0.6698147912215073,0.9611087810472138,1
0.08091771680255622,0.009235881993884698,0
0.7082618187026514,0.7933560795874285,1
0.4162769570983891,0.3459342095802479,0
0.3516350738548144,0.8385384513740911,1
0.14600739884670977,0.14468640769950936,0
0.215097547889327,0.517525726478549,1
0.44303062570291185,0.2616006591357489,0
0.2800169598903942,0.7660889087526324,1
0.2543546393165199,0.002466660541007193,0
0.23231849111167346,0.32910456006825073,1
0.4388658238847636,0.1680804640787752,0
0.00042357006014370757,0.7851876027755884,1
0.34374174286851966,0.284430621746783,0
0.3648653689318295,0.974582121964023,1
0.4006722397610074,0.40438340502475634,0
0.4215284643567795,0.7020946454170688,1
0.45191315245102304,0.2605808175886273,0
0.4931166625816771,0.9456889724128579,1
0.4711672472958952,0.13901169750845477,0
0.5477399047939903,0.7846377309508251,1
0.4767983197722385,0.29239836456095225,0
0.04314219234714345,0.5777235638242176,1
0.7758022410682199,0.14143539593788912,0
0.18290321375644658,0.9480285196135468,1
0.8295496706238839,0.29098099657467213,0
0.397475306408664,0.5420635621847273,1
0.5279000740864237,0.06482289186784873,0
0.17956225399329384,0.5455674066953825,1
0.39235216202851386,0.07561347804877927,0
0.16852993892717427,0.766663765774091,1
0.9336589156485074,0.03459105580141575,0
0.06049778785416948,0.4826274288313134,1
0.3503984040879713,0.1842655704969035,0
0.5692433255743683,0.8046552561699968,1
0.506853738700961,0.06828588789263579,0
0.5991637822378176,0.886955741593656,1
0.5575799613548369,0.5410710072637177,0
0.06832994101955492,0.34227889198241446,1
0.9889343721195565,0.8127905630056311,0
0.4271189253411922,0.5733420437603863,1
0.7412394350709876,0.18589367347562347,0
0.36166174169604004,0.6017582296650001,1
0.39362657944971313,0.1405962263781484,0
0.08922054965852266,0.26155635250925025,1
0.9528704147434837,0.18812532967253803,0
0.09059604140081523,0.39586395719449885,1
0.7363360234876161,0.8254285472858723,0
0.2018610826737639,0.33236754902001153,1
0.7018267450355834,0.44828583130015887,0
0.001319024833384086,0.7379678539260051,1
0.8907339514406158,0.4091177400656312,0
0.030863860986016567,0.932290293902241,1
0.6520621936900522,0.29301670439938443,0
0.13654249940921948,0.16336343789152485,1
0.777695976815075,0.1012998593086133,0
0.1457809031410383,0.5912930840501044,1
0.12650554906250022,0.0534079130750873,0
0.19402919457434198,0.29161666571260036,1
0.7580085253550257,0.6271655563022158,0
0.4221708271961139,0.6448671435846214,1
0.8279520523325342,0.7871298232003492,0
0.1534219594202747,0.2404565250787294,1
0.3496656833190387,0.18053015613825008,0
0.17491440080870313,0.9212264625464935,1
0.4985452162338272,0.1033461125539985,0
0.4950151564201506,0.842868459687544,1
0.9880076654045273,0.12649077866436464,0
0.5806806014518394,0.7710950265895818,1
0.32354371224707856,0.3106344825061137,0
0.3324536136174767,0.6485966189198036,1
0.81939580421929,0.5808190503906379,0
0.15322023708046628,0.18676002924793744,1
0.8425952998168947,0.6609045325798055,0
0.39237722382074336,0.741967665208701,1
0.8503914407441812,0.37203441811264226,0
0.7735328683911491,0.9177153418853945,1
0.6558517071803442,0.6748640320885184,0
0.6928580066193037,0.9217663068556269,1
0.6116721524400074,0.49798830624421464,0
0.43523102806182634,0.8945804177710728,1
0.8032293524536013,0.5092437681267846,0
0.31622074549980517,0.735324880722158,1
0.8476257958301251,0.30796671501691086,0
0.3211404595690208,0.6138993988414676,1
0.791333309029103,0.12098466779585615,0
0.6286820299884683,0.9343728810628457,1
0.7735151952825475,0.6895587534429122,0
0.7689336065847417,0.8856195071458579,1
0.8686618917939799,0.4550440854554836,0
0.28396580379958614,0.9621370944683203,1
0.6027432511256048,0.34752552816429993,0
0.3781619896201225,0.8407025781312405,1
0.7156334638513078,0.3768754212852363,0
0.08274165716697568,0.946911501852871,1
0.8438571715325364,0.7631740374268087,0
0.39578362890584196,0.7531568187246139,1
0.3488737826768915,0.22962039407454038,0
0.31210308310126744,0.4006438781115276,1
0.9002642906046967,0.8889808165090561,0
0.3916321295384646,0.617643513898686,1
0.11232001213680753,0.0889438649648947,0
0.2610319170333343,0.6675817686302359,1
0.9959373687990819,0.2482856842538973,0
0.25081768942294347,0.7145072062436597,1
0.6076560043099889,0.2543906140777221,0
0.04344724109150988,0.5986304097586412,1
0.9765698614378274,0.892388733952331,0
0.7572326511723687,0.9272977663115081,1
0.7928222631843066,0.6302082071481697,0
0.4721698082623794,0.5232483057016047,1
0.9282778334328822,0.9782840419560147,0
0.23776902345274464,0.85682720140232,1
0.5784485965492128,0.02488626326382315,0
0.13620810366598923,0.5902626146893288,1
0.5373919333509702,0.030374846635656816,0
0.07528678627832552,0.6737061234587324,1
0.4289656207062066,0.24735257500572272,0
0.26882104318721833,0.9104237402509756,1
0.5501760129969601,0.2537027008877547,0
0.16512708035328405,0.8973837839806634,1
0.2089743035925552,0.00226419815826151,0
0.4987864181716566,0.8991621900633057,1
0.953568237132507,0.8602024293849281,0
0.512779696526313,0.8276313768320558,1
0.47998612772235694,0.34847535776834593,0
0.3530924892172753,0.8220555985387533,1
0.6900665313005746,0.43932213559624034,0
0.04265138157448789,0.7095221677230822,1
0.5676751562620921,0.46509254011450496,0
0.6590767091865234,0.8516527336265245,1
0.5487717767120953,0.039947289794796004,0
0.45287383118204316,0.8936917378687145,1
0.7844481565974463,0.871650454005818,0
0.20422455428088981,0.49093530868973667,1
0.36884601053291244,0.3184883499406116,0
0.06155057409649756,0.3117252898068661,1
0.35136087833649454,0.11352686806724122,0
0.557345415899829,0.715043717779851,1
0.48762629428205384,0.1754625346085239,0
0.5991064042985562,0.7047807626020539,1
0.2528396912811238,0.10912306422380647,0
0.02332249037765899,0.5941194683730416,1
0.49617448019176746,0.14296605200450974,0
0.06915870456104567,0.18580979381369,1
0.8344613638769114,0.47957809223362635,0
0.1187323177123698,0.9576831490294305,1
0.5393666944642225,0.20999556653146778,0
0.1335633693012772,0.9207991049762231,1
0.28669798314451955,0.037195925603640156,0
0.05768830972263517,0.5545566446370729,1
0.4259935511474252,0.13568898286979791,0
0.4704634398234121,0.7231144035165433,1
0.7974203581181253,0.008278616110938386,0
0.5534285841569992,0.7177607608083186,1
0.9698018003194976,0.8468460811709215,0
0.4928490438260067,0.6384936401338369,1
0.9496947202784521,0.9939356068614296,0
0.3203789537906453,0.33453052494424285,1
0.7962924967834828,0.20028190473975815,0
0.49614905647296026,0.6614772033374676,1
0.8664708462385277,0.6864941547793126,0
0.2259264902652346,0.3665033081119252,1
0.8153860497392181,0.8640917959212091,0
0.04563729877947076,0.9025437832323396,1
0.42646474891875186,0.11284746001259771,0
0.035731378959714566,0.03654005472869826,1
0.11254167811387461,0.028143101337750553,0
0.6880236333954617,0.9372386100288916,1
0.5242687951066105,0.07570046261467478,0
0.017091252958985836,0.3378675966045188,1
0.7796124762342274,0.3208974062434783,0
0.048957105097947484,0.637470151467424,1
0.9086186148273787,0.5872626293025884,0
0.2367904450642433,0.26564564081642383,1
0.8282257182974336,0.0834513917780495,0
0.1445389280678243,0.6898572136659693,1
0.8740743813733107,0.2845242442381689,0
0.07189115379287292,0.4503939908833281,1
0.41601676551754296,0.2476556872297604,0
0.49302563258921106,0.8860646887466246,1
0.8759414928180455,0.6704436075400154,0
0.35266536874164045,0.774466650946721,1
0.9063307480797368,0.30652529496974745,0
0.5429267025090385,0.5775115130627325,1
0.6972137297627324,0.7628968100744891,0
0.46454098093091767,0.8661336711039986,1
0.8659033484745418,0.06861686999837746,0
0.7504549332840083,0.98246079544366,1
0.41783122448259136,0.3751799922421857,0
0.10335489098988315,0.8138340674888196,1
0.6906737552086535,0.7314387927718887,0
0.38030498542044533,0.7130779882849898,1
0.8603160480925882,0.0010176394510772457,0
0.21045025495433556,0.5697984797869662,1
0.6216300543909267,0.24693274222900852,0
0.10745578668845235,0.3482654463926671,1
0.5644816081422298,0.4832198672720466,0
0.15924071708241105,0.21797935151533632,1
0.9421374009833705,0.1902269074976456,0
0.5286553283137758,0.9681470056740973,1
0.7608106844888659,0.7494331524491372,0
0.7292631241195673,0.9552544513041231,1
0.9139677965232134,0.43975560474968167,0
0.1855942173509879,0.22103275641765985,1
0.9278406588394517,0.9914298894368139,0
0.05191971586307764,0.5900228406660281,1
0.8807061508193257,0.723565708034751,0
0.011004910235885346,0.6559371706890754,1
0.7112778102079612,0.21246293381683068,0
0.09702327806528777,0.5560109961661936,1
0.5713178210231885,0.29328582211032805,0
0.16420331562435564,0.43204571718215967,1
0.6010352211005731,0.0215417117859239,0
0.07487440244304,0.6962625309504543,1
0.16562493034273762,0.0681142370469513,0
0.06054839398188494,0.5583595942408917,1
0.5170376587698964,0.5194402423599609,0
0.5891370445409818,0.7065858155260711,1
0.4075743369127245,0.40468727228474166,0
0.44611918558068875,0.8776996722246968,1
0.7802873423853813,0.7560062649157743,0
0.021720139738790722,0.6696379620875338,1
0.9902486728037437,0.7458109310519482,0
0.4761389744073615,0.6408838185293779,1
0.2871965953125428,0.1032766714199852,0
0.12290065043449783,0.3661973822098822,1
0.5247678871519807,0.38006694053982726,0
0.31169108603787987,0.5940313134627362,1
0.5552748771531235,0.40928810712776453,0
0.005784635748944389,0.8613790875848178,1
0.5570251248175856,0.11227480278026336,0
0.23055141386959832,0.33311206272612004,1
0.32407308065326046,0.24875112299479218,0
0.0009730443706955638,0.058999006691355826,1
0.5697309254334905,0.5493140198739593,0
0.1881039288832026,0.5405664223366136,1
0.7613997667328053,0.01792085415625655,0
0.5731551001517105,0.6830448701444383,1
0.8252404981774144,0.8382978494043921,0
0.16199956202126764,0.6886204094837586,1
0.6314354869212786,0.2307604899235235,0
0.23974938902916676,0.5956723711958077,1
0.6660875091321231,0.07089144529386304,0
0.6348566113950739,0.7898389003899285,1
0.9436534061231817,0.44904355461969836,0
0.3195170883431113,0.3802100356130792,1
0.9062013303876804,0.5761964791783908,0
0.09004393656578813,0.9072373467113785,1
0.7993880229559965,0.7801508334641117,0
0.38165330654040797,0.6334665510169601,1
0.10842416853356307,0.01024861045610126,0
0.6076536589712097,0.9523074324592304,1
0.8156288564170905,0.9398443186273435,0
0.031072787614611075,0.8539227359375052,1
0.9194539888274886,0.46160008373233397,0
0.09063385467675267,0.2950018089636579,1
0.7910830528994609,0.19530873636391188,0
0.42663032760212327,0.9919061864308654,1
0.9199270370723096,0.36692386985302305,0
0.4110646586183111,0.9655843698045483,1
0.3318841120735325,0.32005465454189663,0
0.43567708458800947,0.8862804822765302,1
0.5219258253333037,0.44198102178574594,0
0.0271373780236861,0.26048689305858475,1
0.5639315419355465,0.26118403229175835,0
0.05381746915657559,0.10703024162960673,1
0.9737041177941647,0.876466487637467,0
0.10727009244393582,0.6925017487535717,1
0.27146922342275703,0.2729302987805452,0
0.05180510515652015,0.26898366808352325,1
0.9426869714721722,0.7940810408383966,0
0.18910954878355668,0.2676793527657123,1
0.1860410324814542,0.17544510543550695,0
0.07011595751764288,0.1993259903496305,1
0.6240828593485872,0.4035354422566553,0
0.3389777030433415,0.5480218102192392,1
0.8157216180642227,0.40000959772124967,0
0.5505212837523169,0.587098188346141,1
0.9790812928656492,0.2701225969201576,0
0.4350402314360613,0.8608886347822639,1
0.3021346698878361,0.16934767381933202,0
0.6588502940947246,0.9496467372856535,1
0.6283034530399805,0.09030753613737741,0
0.5418630366692918,0.849123691470037,1
0.4297568402076717,0.21960902136977245,0
0.398086576939911,0.46050555798133286,1
0.6030924115473005,0.41571808231981444,0
0.03510509869754974,0.11030550219123036,1
0.9133955226352884,0.3724801214317499,0
0.038461668023950346,0.46014857153105004,1
0.6725455997253357,0.3098672227762683,0
0.736023943688105,0.9348728415957771,1
0.5112335612884831,0.38077541974116325,0
0.3390115091226249,0.5322388163671824,1
0.8797201544002657,0.20058324673285766,0
0.048146555814967296,0.39238305356059977,1
0.9257859727176406,0.8749212155476992,0
0.3325081533181006,0.9015604099638621,1
0.840228551007557,0.9801866737032967,0
0.439429950092897,0.7945426566617678,1
0.6274963450126078,0.05273957771693005,0
0.4009951572277717,0.7579862109842054,1
0.5655310878117835,0.293087827474106,0
0.783152187442063,0.9379580287319159,1
0.6310824586747836,0.6544661516658622,0
0.12781437831005127,0.8426822554482121,1
0.9440396038958843,0.2326006234889928,0
0.20628592721604033,0.5323206317316628,1
0.4584462702084836,0.23435296017960539,0
0.0006331753085918601,0.10293582632625209,1
0.37037138777354006,0.13502085013547294,0
0.4162737171439579,0.7044614482551602,1
0.9064371537925322,0.17693989851064684,0
0.5555112408156477,0.7413584322683303,1
0.9792596281263005,0.20907628644644893,0
0.22724991033714514,0.44283667272052807,1
0.4851016528811023,0.015071276500546293,0
0.6226652636586929,0.6799998554620652,1
0.4022910122997475,0.3645417498441518,0
0.03438906014664844,0.9604338459120652,1
0.951070338918539,0.46139893188097014,0
0.5122961894614444,0.6806733216896542,1
0.908838342063514,0.7072533357340554,0
0.054714431314573764,0.7643488029982902,1
0.9421402859066496,0.7948505044171762,0
0.18741122191704396,0.5425470765192603,1
0.8294543452920602,0.08868452493430667,0
0.13129719615448476,0.4859145870822017,1
0.933863267886746,0.9299345819664883,0
0.3007672726964067,0.6932826065344264,1
0.871276632314416,0.4241097972243233,0
0.3740446353159751,0.5412581173919473,1
0.8058273476333754,0.10512386855709865,0
0.632221817089586,0.7821606010938935,1
0.7993524540316629,0.8794586910259888,0
0.07314019433071739,0.621353660291741,1
0.049709545036529135,0.0409102878055958,0
0.04831407930409404,0.3917203558254667,1
0.9051090877555665,0.30094640130215444,0
0.3247862824704806,0.39184900034001036,1
0.2568207789779341,0.13410318960072753,0
0.022390470107642613,0.04150561969864841,1
0.8391829466054858,0.3123480256584765,0
0.1738679346710965,0.751115677013314,1
0.7943850609457658,0.22474682509643262,0
0.09028953149251084,0.816885344399314,1
0.514084557225723,0.26394946805039465,0
0.16688550649769496,0.4442045992043133,1
0.5728344519839352,0.0583957322794284,0
0.6310178061548685,0.8968084198553377,1
0.32301686425378484,0.2415152762499042,0
0.10583659116554611,0.37187545651744025,1
0.6777268097949066,0.11559794659931766,0
0.40381329258078824,0.49115972942233965,1
0.6932414385036367,0.5766490589464669,0
0.6008709916733773,0.7177074194328815,1
0.5513208633526399,0.16673438081825365,0
0.24727409124560673,0.9147291857340689,1
0.917547540173027,0.7975512185532849,0
0.022690588450829274,0.7832314270842398,1
0.6231906366638182,0.44873834588506145,0
0.04061529259704133,0.9239881865765294,1
0.4803814718911926,0.21857759493612072,0
0.33670555961355964,0.49491500360351115,1
0.5281661002865742,0.2535926654063979,0
0.0253144606698521,0.6473676295877101,1
0.9935332165577612,0.6793371155974585,0
0.16792734381428887,0.25456327426620784,1
0.3863135456819503,0.3174574757505616,0
0.006085506444598376,0.8741781950100675,1
0.20299233662831062,0.1616021069210305,0
0.2312945071108392,0.3349776732516996,1
0.9817901862112869,0.7391352717926637,0
0.6162776250381163,0.8269439644451126,1
0.5343376755311192,0.28166032057738466,0
0.031834602499069664,0.7756223250953317,1
0.6166682529486632,0.47431818118259084,0
0.22278070548619067,0.6428472179760994,1
0.8730982055904541,0.23720269909390845,0
0.0847769455791132,0.1490348591363384,1
0.24975855760515941,0.03242375388335739,0
0.2540107607139289,0.3101580231184191,1
0.4570927779878643,0.3330314019765611,0
0.392749265685701,0.6131495860936,1
0.8229860075072061,0.41497507500764164,0
0.4458383764281726,0.8228793287553184,1
0.6147567295480616,0.3311898999758911,0
0.14695180737439195,0.27073878901080806,1
0.5837473067646207,0.1278682600092973,0
0.22435728924493825,0.23244724814649242,1
0.22904240557391453,0.15017956727892823,0
0.10015132654459691,0.4986052410489985,1
0.8998898578536181,0.5221628817251751,0
0.6182678513823177,0.7385527016646929,1
0.5315526022804513,0.001292873002072925,0
0.32083509098728247,0.6661103696753851,1
0.911832554722551,0.020561379442918915,0
0.01236961129875358,0.47257932479007225,1
0.5866066439207047,0.1599601265766496,0
0.33780934119515293,0.3806514615595792,1
0.5235511306617912,0.5010975074654985,0
0.2676847518477131,0.8025176988372279,1
0.977960603306639,0.767566687317987,0
0.0956629032252847,0.9775304273166037,1
0.670739696335399,0.08396337956370326,0
0.02490306496213257,0.22453636153883394,1
0.560823341790686,0.23698728978888361,0
0.24274682602327413,0.6611842260658549,1
0.7185338121966575,0.6640256097426129,0
0.31182916669887706,0.7762730976533795,1
0.19128675101891146,0.00016644134026855273,0
0.6732455374290316,0.7933908765927855,1
0.5247490419196673,0.280569312262682,0
0.35158517610950635,0.45470609985917665,1
0.8657052549063287,0.19837263799413574,0
0.47908407249104246,0.9879736686704673,1
0.6549991840599971,0.19450561530601007,0
0.45007344981357433,0.6686122145882427,1
0.7288475054121041,0.1742066917075501,0
0.48997677128173966,0.7188422607717803,1
0.9286610160364764,0.3154973532198365,0
0.02735103593326582,0.9119213539022634,1
0.9540073018410655,0.33768352781007616,0
0.7690794328074396,0.8833754045278339,1
0.8935058335819619,0.43467312115558043,0
0.08452742181841022,0.4308478684512477,1
0.38523705178345746,0.19927654434794195,0
0.24688916899071234,0.5959887094575026,1
0.6334746940449496,0.4230658164711504,0
0.55327219195531,0.6671320813103918,1
0.6356876281761902,0.5255000608921687,0
0.3288692751919652,0.4219238245094884,1
0.6459190134985975,0.26707635798563767,0
0.3903041733108067,0.49510892853043775,1
0.9019329152571793,0.38226653191216653,0
0.2633265793449526,0.8779092891174991,1
0.9274301757876082,0.9030870805187465,0
0.4455425386349282,0.5387080642267852,1
0.7142934933660064,0.06607659237261754,0
0.21844801106903777,0.23533054516761254,1
0.7504526860449541,0.018093780240722945,0
0.09741803089372336,0.16951064558368778,1
0.8655620713309521,0.5246145110341393,0
0.105978633461559,0.3112087189813021,1
0.9319102409675544,0.15612787250243043,0
0.08851485840118567,0.1625356515114753,1
0.09371394457146998,0.06565686498253132,0
0.39976590123045763,0.5111341051957187,1
0.9933916953452614,0.14764750265217141,0
0.4505910674819442,0.9899207483384065,1
0.8063009154182704,0.42294244984510243,0
0.47927382463036605,0.5503386837434572,1
0.5100743306778566,0.2761055883778549,0
0.3394643479080858,0.9743776084033628,1
0.9726357397489355,0.07449038950474829,0
0.6578764558161185,0.911518284907565,1
0.9380335550235063,0.3580405808065933,0
0.4193875965046505,0.5430724545514727,1
0.9016539015405667,0.31755713665062013,0
0.6588549250464739,0.8335959158267761,1
0.3287531848406302,0.23673416650043844,0
0.12092097113635347,0.45202225400368035,1
0.7875368649817592,0.6929167257825725,0
0.2480484400558718,0.3018778890234125,1
0.5052369990271129,0.2991780275540852,0
0.6758057107860472,0.9591051778604918,1
0.4356652638173163,0.31926868290625987,0
0.1928131719632773,0.31834615372759734,1
0.8974681613605207,0.054574664858213384,0
0.01068053337794339,0.15385390508746766,1
0.8469184266639039,0.6465987294062686,0
0.4138493040054575,0.6515558300621965,1
0.8535390404956338,0.24630086605557344,0
0.022009609699198296,0.43702605523155835,1
0.5118736410316493,0.2160409533630715,0
0.5653490914782575,0.983203604860409,1
0.5661503667062167,0.41387091371311846,0
0.1511716690124577,0.9684299785888738,1
0.45100417718304253,0.3345514234862865,0
0.6684460211497744,0.848029421609013,1
0.833581748617113,0.2357052965626215,0
0.0496995495665945,0.16445317365792855,1
0.8361804251751955,0.6110604324389309,0
0.44079159057081096,0.5396084338456724,1
0.9999620173413053,0.22699033781474987,0
0.19549846832984252,0.5324299665949656,1
0.37411673906765164,0.10671196901442648,0
0.386137858744633,0.7124765922837871,1
0.5809853400836347,0.46313773967420213,0
0.15405245835742076,0.20687025769049971,1
0.904019166901161,0.21254028546530424,0
0.39854018207429454,0.5146810446243972,1
0.5727515175700213,0.23703318208746782,0
0.2885457263794289,0.615746020445455,1
0.29835303896341847,0.21042102903315818,0
0.4616167530087749,0.7156602058111727,1
0.6043575547987148,0.2912939348627349,0
0.32826970952083667,0.5176431810208654,1
0.8106955247117603,0.4016355674273462,0
0.4122538218631232,0.5569884421257044,1
0.7990447195417466,0.5746026294233751,0
0.050595803410903195,0.7031860929660917,1
0.6567812505720979,0.4281784261454499,0
0.048752528141438045,0.3310919196135841,1
0.9633018522916809,0.013309425134062636,0
0.06014761355215015,0.9010588654288374,1
0.8893517073904332,0.8292448922396631,0
0.6866805109818289,0.92581709312111,1
0.6496641060006259,0.33036089212257147,0
0.3685749221709238,0.978544832753648,1
0.8956052835457884,0.2490486666359969,0
0.1992510139078204,0.7838384846614576,1
0.9807405828732607,0.66858332726236,0
0.05101221930553401,0.062463183781923726,1
0.3088832293922037,0.03953937696863152,0
0.34944341737745244,0.9485246377522957,1
0.9383937768780017,0.30905845886202765,0
0.41991687680048817,0.696333697524927,1
0.9508354097895241,0.9784424249689657,0
0.13066022287445256,0.16431073447184152,1
0.9976027499916041,0.7722180787773404,0
0.6480297223260489,0.7194686222445691,1
0.9837321164514454,0.5521080745407705,0
0.011611038426748266,0.3665646318149738,1
0.5478128942151951,0.32044446928181014,0
0.4107014097463798,0.7219480246880302,1
0.6429605135300015,0.048108747250045325,0
0.2990446665033636,0.9925547321810212,1
0.9164018863980865,0.10513749355370983,0
0.6564287972463839,0.8748970844060573,1
0.7253846797672955,0.019487681729651096,0
0.14941686099350981,0.7856557187996062,1
0.9370425074394085,0.08958696605591365,0
0.3021093117747561,0.6052236965267673,1
0.9322400205538224,0.9480683796380179,0
0.11044362930271201,0.34656653206712396,1
0.9861684550730152,0.031537962432722,0
0.5962205834076775,0.809387406032536,1
0.9396616041503697,0.5427505295430706,0
0.2860053664372878,0.5297959790940556,1
0.3227039590972922,0.28878037561282266,0
0.641650744172282,0.9282053077102062,1
0.18406007399949142,0.11019335589578483,0
0.38678734452303665,0.9174346969130935,1
0.47658792681311124,0.4509593477928542,0
0.5158902960517162,0.6911232220278712,1
0.6319134785310871,0.3687847770196703,0
0.04126243316248135,0.33652586577062193,1
0.29475289205307276,0.12838614386841407,0
0.14030193629434662,0.8960872772683394,1
0.6664072926624558,0.43816327439648695,0
0.2982805285226472,0.8727671179539034,1
0.4726063994455839,0.10640900845242396,0
0.01206981666211393,0.7385116290804413,1
0.6684720668405953,0.6852507967876678,0
0.41918484649593357,0.5622619532806205,1
0.9887045770656204,0.430346955220803,0
0.6561273604740032,0.8490459024833777,1
0.43988318105513424,0.15497834767074425,0
0.7899984667485501,0.941178177637106,1
0.6816076695892851,0.6095159151958717,0
0.2735719890915581,0.8252685280263349,1
0.3942764810741234,0.23644051881433714,0
0.7537433120680581,0.8817538853927067,1
0.580187430321801,0.21568450870539735,0
0.055920300752515306,0.0756266522487844,1
0.9433517601432858,0.5963633979799752,0
0.005363276142705042,0.11904661267627192,1
0.7907229332592681,0.3261280682937918,0
0.2664244659614259,0.29749935479421885,1
0.9161784125698295,0.09292052639984161,0
0.19999079549724408,0.4516245619493753,1
0.8162111795757843,0.6158051879228563,0
0.46863081104298776,0.5677242961628597,1
0.967310819297959,0.5557995381096776,0
0.459588965746356,0.6881372824495617,1
0.9866549450921671,0.9298032772558203,0
0.5845491197643967,0.9312188876915443,1
0.20152920939716612,0.06488996923821011,0
0.44979421848868073,0.8440227025203053,1
0.11157154031910521,0.11086968580085244,0
0.2758942972635282,0.7606291834706316,1
0.7817897903881885,0.3440309409839457,0
0.19053815516032724,0.4679706269666527,1
0.7531258037832647,0.26747324389160676,0
0.07595907522886691,0.3771682806994693,1
0.42726114886435107,0.12699764733121144,0
0.15299395117797632,0.7297262823878592,1
0.9859156852183389,0.7243225364665207,0
0.5320575593269047,0.7537536008049095,1
0.8699662409948912,0.4688279643914395,0
0.08977781090074044,0.30765677574331884,1
0.6405301409259936,0.12009341164721021,0
0.18804752775005862,0.35520133606688686,1
0.556937411397443,0.5032873231325624,0
0.4872064766017197,0.7283603005606499,1
0.6537942618709064,0.5240724016899062,0
0.011945511323690483,0.9528565031342866,1
0.6082797063174833,0.04347041132411278,0
0.182396423779828,0.4401544623991175,1
0.8296597578605286,0.08484605862306205,0
0.6502810628691295,0.8847027487140622,1
0.6273683753983099,0.02570499502918644,0
0.1658365584224275,0.825737492657843,1
0.7746991381443226,0.6043709998690417,0
0.21872577690129968,0.972935722207534,1
0.3461449394182462,0.2532462573545379,0
0.3921444905565925,0.9892897696213884,1
0.17775698697773978,0.07483134447375117,0
0.4010302394042764,0.8586255241253675,1
0.17471973265295726,0.08653568416195623,0
0.45378341831030133,0.5423073881051861,1
0.8228607468192273,0.5763836679929532,0
0.0471555567076114,0.28301202842448436,1
0.7920115414358521,0.7931631959912447,0
0.3823268523318032,0.6652689077560975,1
0.8853358991984259,0.7398494147252377,0
0.5078561055899011,0.5965621399932542,1
0.4579807949632896,0.43550308690860695,0
0.08982933507658808,0.3673389667512993,1
0.36155846245942125,0.25545586983706603,0
0.4098265350163608,0.47970085016434216,1
0.95319423682041,0.2229124384178438,0
0.045385616333122436,0.5660045497172818,1
0.9046240049929487,0.01116648125450459,0
0.17982460680896328,0.3261642529201383,1
0.6222657670208015,0.40766915330506837,0
0.33151075830279,0.8654075064344626,1
0.8781888274439438,0.24355324134660772,0
0.15096500769655274,0.4491658675579091,1
0.45312579816863285,0.2976512526787829,0
0.6930845818944277,0.9527203152310205,1
0.38154501241633487,0.3576993773832543,0
0.029733336524887077,0.5418518574910878,1
0.8886723073235371,0.32600582786672816,0
0.44454794142717124,0.9158217231681511,1
0.29522782814371384,0.2380629100310241,0
0.16514506064924384,0.5805767910694241,1
0.5234164668673017,0.4468762258804676,0
0.2674736162527378,0.9774277811793922,1
0.1802631542433889,0.15367242076321674,0
0.24228508787444836,0.5246357745620236,1
0.7646531495028456,0.2776226851143422,0
0.23422713180349863,0.4219332424105604,1
0.3435251842825333,0.27706990944461374,0
0.37122866517977393,0.825103915085288,1
0.6461723844146787,0.41399453522376795,0
0.4100121246718047,0.9554397798773574,1
0.27829350551372756,0.07991619329357902,0
0.6322372603860336,0.8047176039622268,1
0.13145937212966863,0.06599488604289017,0
0.20943529169672315,0.9623305679713339,1
0.9364653265056838,0.2707102618925915,0
0.409120819321405,0.7734856548513942,1
0.3471733556762394,0.24905087153598626,0
0.06272855302724623,0.44385272179809276,1
0.8601325286547671,0.9880349199660033,0
0.2876394235097576,0.7353145134445792,1
0.20885333211718027,0.11589756778927152,0
0.08563109320586482,0.4369386182725997,1
0.9998014490331347,0.10703949905961074,0
0.6282104751259658,0.9560388003441809,1
0.9486190933145859,0.7983165440558451,0
0.18087338729342683,0.9380501188645958,1
0.5497703789226939,0.09952989216286523,0
0.08639705119030094,0.17395667320149888,1
0.9961115105691668,0.36768405711493235,0
0.3653960925001174,0.8988536746224394,1
0.5996476875910173,0.10715072032445228,0
0.05682157854472836,0.118497167385899,1
0.9575753649438273,0.13021489360400018,0
0.7141646837090677,0.8951522849719156,1
0.8124926749113047,0.45263387311402226,0
0.16098470427987888,0.6304786607060487,1
0.2963251477587767,0.28678303527219406,0
0.2831417861975456,0.4302144598124569,1
0.5814208459845859,0.16227352461949418,0
0.7856258371166797,0.9718864051773711,1
0.6392075653478615,0.3761008139863201,0
0.48391891459648884,0.7849600337956223,1
0.5798613747523155,0.1565155897798336,0
0.6404886632830197,0.8377586481746186,1
0.6930951363496429,0.31129569626561726,0
0.04367497924468289,0.35467575205335844,1
0.7366114470846623,0.28760610292837785,0
0.47423275754491534,0.7390129643324721,1
0.5602105187218279,0.5080561337289563,0
0.15006119383130712,0.18688247249274093,1
0.9194770559499261,0.23847667089008584,0
0.5083976837972332,0.7979291912328981,1
0.7378171950105671,0.13404259276773944,0
0.11779640630585919,0.7224149605651445,1
0.5742435616121406,0.04533156397202032,0
0.07912625366922477,0.2699951776419841,1
0.30066958475919336,0.19846664491566324,0
0.2301038659068838,0.5168093523325181,1
0.4824086668536849,0.09050730972284826,0
0.30597329123479367,0.5496881270310058,1
0.6559972513416656,0.44930398302730534,0
0.2521229784509369,0.9133048275728638,1
0.23365057755247454,0.08215143539498648,0
0.05222015004896119,0.31633379487007784,1
0.9919591718672844,0.4825896115748213,0
0.6393817129192441,0.9265523388508773,1
0.8095583123777752,0.883267400947128,0
0.21859448049999408,0.7764602899622164,1
0.261731612752373,0.18278500533339725,0
0.08090005715162174,0.5064968203450274,1
0.9233114821835637,0.2950058236752089,0
0.16991301253009783,0.3084901246466758,1
0.34420128303239084,0.10911952013786885,0
0.27904463345916997,0.9323452362417671,1
0.546335670524509,0.10870056294507735,0
0.20034794834458092,0.5280955210995006,1
0.07279402537058166,0.06564809106033409,0
0.39480923865753126,0.49108584066666383,1
0.031692906684898325,0.026044877484202145,0
0.08450761726643818,0.4648849868856625,1
0.8411576371777746,0.4497608598188815,0
0.24229578513875416,0.3328165882737719,1
0.8286251047880121,0.185275355216036,0
0.2169814703668097,0.6011171173501988,1
0.724506938454232,0.4505234883430872,0
0.40063098904177985,0.7990204602645455,1
0.3052756619819974,0.1436939933345327,0
0.037358176811850496,0.22248573902383784,1
0.8563756615977296,0.9873859592879557,0
0.17360929946741244,0.6771021953666807,1
0.6569375370508995,0.391106059697778,0
0.44869866898968636,0.9483355532134629,1
0.8833706719328952,0.9850581154858147,0
0.025259479879783275,0.5163860435666612,1
0.6944161213446579,0.6736914745114762,0
0.21482298884492512,0.8967110687834807,1
0.9931051038174776,0.35608430982725825,0
0.09126267426689838,0.7047996792525343,1
0.9969522076593093,0.8550528242918242,0
0.18771437516208278,0.38938909225268237,1
0.9327200039841248,0.33276632083468927,0
0.3955373771022632,0.8440174901091267,1
0.9775354585797634,0.951673204535411,0
0.46906001287785304,0.7100229054797983,1
0.8395518106011944,0.023764205952006567,0
0.18931160887373355,0.35906097716224994,1
0.7406571276498389,0.3326837270011125,0
0.5049672377294272,0.9565498695511472,1
0.766706983915463,0.4007835747617655,0
0.4093630677343716,0.7331987850766489,1
0.27380477044336293,0.13916122480801696,0
0.28365322323803954,0.5236589402431985,1
0.7808858623639918,0.2858658807436235,0
0.3543382128343683,0.5061337194734732,1
0.8898268411460155,0.5905857840020516,0
0.19830734503070735,0.20184996328575977,1
0.8626248370984203,0.34017476224088583,0
0.20141924899158947,0.8483146295444854,1
0.5572909557924777,0.23608254721360644,0
0.3124883459973269,0.7693411060640101,1
0.9120810186897256,0.8211778048919358,0
0.08028142149539652,0.25909064057593,1
0.9142850388527948,0.12047663582386825,0
0.11394520328991375,0.7332070458071527,1
0.9452379400406636,0.21696547815446043,0
0.37005122998628726,0.6324423497429255,1
0.34772091728344534,0.04307890158317562,0
0.4159104193107971,0.7287373337460907,1
0.8215008461989338,0.19169034006127406,0
0.3023606540227015,0.07827209428357618,1
0.6814023081071682,0.9788224237620797,0
0.42751838559072664,0.7192921567884982,1
0.9499166190571152,0.664813191008896,0
0.11124472551837894,0.27003770160860796,1
0.901770725631907,0.6923848972346754,0
0.15213291219632685,0.6808278460974302,1
0.8847245136246811,0.0047223275603109904,0
0.006077910889203952,0.4860570217564487,1
0.7134666556507202,0.6587993318052678,0
0.5033925546673023,0.8607120738818861,1
0.8512174537438992,0.8143034671841942,0
0.09396269891121978,0.4665335015972224,1
0.5611670455873775,0.6773903746515053,0
0.38433437388207337,0.2764579127681306,1
0.9503505923580537,0.7782277104735015,0
0.002282781162639691,0.11351198480002389,1
0.4147290973687878,0.46692864371786547,0
0.33181660168416227,0.9793557686212869,1
0.9834397228781306,0.8145627158956725,0
0.5751223573437682,0.8795911515126212,1
0.8367913603798122,0.9070054690818714,0
0.043108007519667146,0.7213312997450538,1
0.6445637980821315,0.30684120353274946,0
0.15736151017735422,0.5993996789479702,1
0.8748951977371571,0.4589521686167356,0
0.12858802364247146,0.864376642269952,1
0.6074678063516239,0.5422798230956679,0
0.5370183789467097,0.8888174825815837,1
0.44088264717508996,0.6293309920785994,0
0.45681611867207617,0.8441725921408902,1
0.9897860111274507,0.07925434119760244,0
0.08689851752961963,0.9422142088261837,1
0.9843146067120615,0.1917393632494807,0
0.07254656066691989,0.24534730585209286,1
0.6986565984128236,0.6670274756083688,0
0.6047963272732256,0.15660288581835924,1
0.8086452605046501,0.8581504404234543,0
0.6280329261554833,0.09653736231410615,1
0.9231270541736593,0.19063568328851788,0
0.018199774795820578,0.13750093158093268,1
0.7026335318609597,0.5644099556625444,0
0.17493341991174793,0.48351014321932106,1
0.9971973843054116,0.4877958421008183,0
0.32590257181424387,0.6184538619307262,1
0.8474294004762092,0.8917271105257817,0
0.30025450830129985,0.054612089082496484,1
0.9546303611233724,0.5129643435639362,0
0.1748174116692207,0.17463515276475527,1
0.7335482427675772,0.7587158065135063,0
0.5887756943406371,0.9153018137675687,1
0.9703564803203275,0.6947865505893558,0
0.05041147008342772,0.8430385979736484,1
0.6951932466634149,0.25909902334230484,0
0.3060449694981786,0.6551147243329944,1
0.6369287556297171,0.03420162953118411,0
0.1495796914886569,0.9016829666264646,1
0.7781448300944831,0.6600171148453585,0
0.3843008869993658,0.011696889510612318,1
0.8385174483315534,0.33303609616261154,0
0.4564072877705774,0.8291749614976743,1
0.8000992505773905,0.9189440014309119,0
0.2138309329488859,0.6340682448633306,1
0.522983933841917,0.5498481732996322,0
0.21734090827329633,0.7375099372888396,1
0.7566358745937568,0.48657459198290054,0
0.013481520873625086,0.17922703647029148,1
0.8386783279094809,0.6939778786976885,0
0.5544666603572568,0.7365049901606333,1
0.9385239570092914,0.8830582452022302,0
0.03467285772476558,0.32668143401639926,1
0.421478410067356,0.48115028202935506,0
0.10809368521243534,0.48032320554683405,1
0.32959277514467544,0.4887016835841894,0
0.3848974547014584,0.7789641449549022,1
0.39563398721950827,0.5642136066530449,0
0.03531218793192936,0.9100543944008813,1
0.9347647085989103,0.8356171858366038,0
0.06186669001703382,0.2949178352022539,1
0.8073278808971591,0.8008121491864818,0
0.24179533127904806,0.709622042388492,1
0.9109904004948952,0.27313357179340547,0
0.13424103427542733,0.08769040205854473,1
0.6607997883666661,0.6168407685599484,0
0.12174006843613072,0.7402876475384629,1
0.46477025582828835,0.5369713822990418,0
0.08585748781859315,0.23533003210968761,1
0.6821235725627735,0.011002652632289167,0
0.2992087555476086,0.9507042659914531,1
0.6303846691899264,0.3614491458515544,0
0.5300859429660858,0.8525165399440694,1
0.5210869353371529,0.4057681064532378,0
0.5756705904687349,0.3051843213283586,1
0.9860155087105221,0.09299024046825921,0
0.5337590747877268,0.8535715713740513,1
0.9901927755493126,0.11623700099638223,0
0.3908001023173273,0.2948555116117244,1
0.4726636866060152,0.35670666091652037,0
0.38996871921098386,0.9182355796405223,1
0.5489743441715106,0.47764429693003785,0
0.06032478076926928,0.8047667466621078,1
0.9352074072793711,0.8732494098334416,0
0.5145671861898642,0.9160058165625045,1
0.725980438694815,0.4452000568029635,0
0.5298198835678896,0.1350156863135329,1
0.41934278593337115,0.49676729987848156,0
0.24749618338727564,0.38119886403875813,1
0.9686247808070808,0.8987342617344073,0
0.5474839072950138,0.8089375986256381,1
0.9884277639281454,0.7598922501013041,0
0.37500061926856976,0.8524479981282803,1
0.9395438506499191,0.21007806338304613,0
0.04489255103242207,0.012914011866892783,1
0.8909705098853794,0.966279396890969,0
0.06202158192493279,0.4836848912621615,1
0.729139410826574,0.691466334250962,0
0.4075984431889932,0.774370955884523,1
0.8374965026203737,0.0869761696539827,0
0.3521347547572089,0.8941891993808165,1
0.42362092646628335,0.5098488310517507,0
0.16803446665927446,0.08900832332708863,1
0.9515397401212137,0.2101179312633621,0
0.1351643053459668,0.7891950443478539,1
0.8560277321346693,0.8879511531544207,0
0.1614203036227645,0.013316109273735388,1
0.805863564152483,0.9946133691142561,0
0.40114410869458184,0.8671916045960355,1
0.49156377713954535,0.6123996713768721,0
0.4373935449136178,0.24115295476908893,1
0.6744912164366487,0.39941378916563586,0
0.27855290760677787,0.6129950593367205,1
0.8629408760141815,0.20723733206206707,0
0.24886160308104321,0.4233707885234892,1
0.6630471951359422,0.3807452730430696,0
0.06288325666973449,0.3309202723571837,1
0.9391425089470554,0.7751212389672208,0
0.5393480109890392,0.8126701363419354,1
0.9147334542819218,0.9659139755408002,0
0.1472154271246684,0.686676521961079,1
0.9053202940488562,0.6326267312168484,0
0.6281320375492977,0.7938581727916149,1
0.8062672108213645,0.2130492827412025,0
0.1150316707089456,0.6565203730639115,1
0.5741627575141784,0.5142099617936149,0
0.02245036754077645,0.6676388127558014,1
0.9586438661472111,0.5835418549903293,0
0.32215510459891217,0.2919765445165876,1
0.7378546933813089,0.7496441446229375,0
0.17333228139260448,0.6981395584234359,1
0.7862169991911064,0.27795118263492136,0
0.585067691951461,0.8429130490837478,1
0.7266953906980479,0.595136112484001,0
0.08640669406996204,0.29135447308809037,1
0.6254171637483593,0.4858144299436643,0
0.13494294970075404,0.5445497192820963,1
0.9262256327237451,0.35629685545099454,0
0.4008686495103766,0.7434624878115637,1
0.9185763644149217,0.9288492981755682,0
0.20652409578844277,0.941034232494272,1
0.5085591188459704,0.4248577720690726,0
0.2834053490337962,0.9101669999996806,1
0.6290208185963231,0.5634523949398815,0
0.10211436844324207,0.037906430196787966,1
0.7373601303922621,0.3627563892942005,0
0.16934890456648244,0.4763204832707988,1
0.8346116010358471,0.1437108409566602,0
0.6698636659313364,0.06868602108551458,1
0.6100762849414522,0.3383436756120819,0
0.5105084203323778,0.11131434535872076,1
0.9070115772042769,0.2725419700754048,0
0.5080689444976461,0.056175505956555294,1
0.807927453782989,0.13803654898005457,0
0.06110598910985088,0.8394219913878512,1
0.7241429672913711,0.6441713535972002,0
0.17938658211597314,0.12279276324570498,1
0.9063234764330852,0.9034518282042732,0
0.21473533296085923,0.3408728187802904,1
0.46466925067265186,0.34991125171168747,0
0.661429297436112,0.8271510434858905,1
0.8789896047402698,0.7119132605005807,0
0.13513052390152347,0.24240159683366114,1
0.678916958522386,0.49260895233808477,0
0.6170683852827479,0.15551793639503386,1
0.9825946968988071,0.09675058709113438,0
0.11883113111765808,0.2907309634491979,1
0.8611347507210019,0.7996354275826909,0
0.19432240569666537,0.1914522948974552,1
0.7008030873844872,0.9866792224747695,0
0.4396190902954046,0.9268019965253282,1
0.8209324837076694,0.6259962394368742,0
0.06487109101069444,0.3922111162955556,1
0.8060645948616111,0.30926824060056857,0
0.6417112893535459,0.8556705320845909,1
0.6573544229877596,0.005778531036222279,0
0.02257866596319613,0.8841868392971145,1
0.9148122562594903,0.464662455266151,0
0.1592383944020037,0.4380451516039652,1
0.7272976486532201,0.5819181991278501,0
0.25347684163173523,0.7794480607009732,1
0.8708751685495649,0.029715732473092116,0
0.5092820652122576,0.031733714655089895,1
0.8651975010673122,0.9579911554269938,0
0.007161283399581664,0.41272213479127773,1
0.9892618045689666,0.5377180000400602,0
0.3085072766787188,0.8172052022428097,1
0.48871763704364724,0.4539951756656705,0
0.6937247581353918,0.1043689478222275,1
0.38514753370581,0.5923650719845005,0
0.0853656543431276,0.24721719845076684,1
0.4802182802415845,0.5247874175325151,0
0.39342634976710367,0.05309349476371017,1
0.9166733293469516,0.30555488718549717,0
0.01060222483195361,0.3994264893381665,1
0.9664496832990724,0.332917671429909,0
0.617957446379671,0.1354419000864635,1
0.8827204175303007,0.4299939349635542,0
0.5202121267471428,0.14448226975865386,1
0.8573163727269502,0.5440053640020447,0
0.5357649318863341,0.08692324371862126,1
0.5568422467031187,0.378111029316172,0
0.27406427505249054,0.14878758865236896,1
0.9884019765771399,0.4680003157874554,0
0.22961091050502336,0.30344055888030896,1
0.8037771129055604,0.8307063108157795,0
0.25297031110964396,0.03269367980937532,1
0.908447985710582,0.3585617562408989,0
0.08765033150675161,0.8003201119796433,1
0.5408946657301561,0.392395406900492,0
0.1732092698562644,0.3126667219021311,1
0.5414334789461043,0.3236569378864599,0
0.258862287503666,0.6519277413041251,1
0.5364655428613505,0.34297768534793727,0
0.11478128003626353,0.16448986176079183,1
0.4911717886703536,0.6467925704981267,0
0.051353630075946066,0.18111677843498186,1
0.29589687141633914,0.5074434005557206,0
0.11330801935480772,0.2376333999022281,1
0.9018942776504963,0.3564784970146212,0
0.4314503766894562,0.17606885528158045,1
0.7203431865016359,0.9706083232379623,0
0.6532308596991819,0.2648112780983565,1
0.7497654618337213,0.9308904059320479,0
0.5659883279968596,0.07445605611381656,1
0.8862375637272562,0.864706084970004,0
0.20712529086719278,0.22799450608437932,1
0.595958373889675,0.6010351355728447,0
0.5295241647629202,0.2955144846225646,1
0.2322858476871621,0.5202253846657418,0
0.45056878978686554,0.8542698020468277,1
0.6117825538548657,0.344044594719244,0
0.34353453473510753,0.7340488918332686,1
0.9555648602046265,0.32238119789134956,0
0.08852162141950615,0.11870341709703724,1
0.8563572509948478,0.4416521751693997,0
0.29817155719156807,0.3506015355857195,1
0.8530214610870523,0.4354787849084707,0
0.45439120836361,0.03333652375247609,1
0.7622685209547359,0.41317220127918586,0
0.5601746357903177,0.8923111339304197,1
0.964166011308401,0.43188289792052226,0
0.09543270244724089,0.5046234487205221,1
0.433392345780776,0.4362052397764612,0
0.09506083921115194,0.7806058129306315,1
0.7530550598942741,0.3786670519944595,0
0.045752737651417075,0.47074002597922515,1
0.7286236443660102,0.5145548816675753,0
0.5045681070802905,0.8602140822781151,1
0.9380933087761637,0.06786262814866262,0
0.3122180838310804,0.033794647889106355,1
0.9958051334446932,0.10593209635829104,0
0.31002982772075527,0.8570876621899329,1
0.8690623369824935,0.29295212912264634,0
0.3896286462462657,0.2822021548930784,1
0.23188428232677383,0.5439451905602618,0
0.03601277935182956,0.9691770443496718,1
0.9475785719617451,0.8537831301884462,0
0.6131298863528023,0.10731891366763069,1
0.9271656209850047,0.11939933837106409,0
0.16284310232058496,0.34315502091069894,1
0.6561011514468127,0.5609164694613811,0
0.39793391266539846,0.8702347730149399,1
0.7155465917939939,0.29705525982484693,0
0.16614986631382023,0.5807319053697084,1
0.7561850001037187,0.9909473992908515,0
0.5741062309993789,0.14827973485969737,1
0.6722257075343556,0.38377970973595854,0
0.14963676501165668,0.7739480925707599,1
0.8525351244610283,0.9658961796656632,0
0.27912795088237397,0.6133972919693297,1
0.8255102644690528,0.5531380564570811,0
0.6029287726485298,0.2064683890583353,1
0.43512048840454753,0.4703965541015207,0
0.16441547716438032,0.1336723890159376,1
0.6229280238945605,0.5404113875006946,0
0.02644120291469565,0.6008888943735927,1
0.9096329112825711,0.5484458507477488,0
0.3051293823951374,0.02394927581292028,1
0.8304500737639585,0.8791228895863994,0
0.5421194909880277,0.13786058448855987,1
0.9024287798888484,0.4777404075327957,0
0.2991754307238944,0.08036434569393158,1
0.2994176355926301,0.5771799886020536,0
0.5066805193114193,0.930940793573883,1
0.9110921695567191,0.1884008515027863,0
0.4182109160447065,0.895797568718395,1
0.9166339216200046,0.5328243335834888,0
0.28031631219304,0.06601135823534832,1
0.9580035451201614,0.10479931401508236,0
0.2664947818494936,0.7201450678192411,1
0.9308875796631645,0.25892686694755607,0
0.00820075125155817,0.17780702862844988,1
0.49864637787953425,0.6201820376551982,0
0.19770368794950044,0.8078908064680378,1
0.9386262407780646,0.7620593056786988,0
0.3202096955132241,0.861065114978624,1
0.9797319057173853,0.3217927723075249,0
0.24344736547148882,0.9532469692310179,1
0.3194910785814916,0.5802492878044047,0
0.4487151676924669,0.3054599464382006,1
0.724758967387703,0.395889981640026,0
0.5981372548804524,0.859435832529515,1
0.8877199254498983,0.22486152989891817,0
0.2365306942539952,0.5980969516461179,1
0.9497079231424603,0.44189585088339056,0
0.6323345906369454,0.06180190372106498,1
0.7639654865308236,0.4533209200307228,0
0.04756327172835961,0.5251818398506775,1
0.6748398063957468,0.9380658312704447,0
0.0890898545602895,0.7741873743489703,1
0.8041149934112003,0.0334131494855352,0
0.04275647268931204,0.12711940632917507,1
0.7618886239607259,0.9840901651089927,0
0.43757459250634256,0.6612540354348567,1
0.29247200789362515,0.5038608374599565,0
0.371370483115557,0.3665776167941728,1
0.8024872248374768,0.6791880821901772,0
0.17209174319347675,0.43946152325799337,1
0.8217685558801329,0.9773307771296208,0
0.7125174589929013,0.143544874225635,1
0.6972992747789026,0.9873983751682727,0
0.7742004550511224,0.8178508734949135,1
0.8538150486641408,0.8178114041182977,0
0.14533588742443904,0.31846332308651193,1
0.7935087633858245,0.9016700357123318,0
0.028926119708766573,0.06367568447560878,1
0.7427101889391687,0.6738473051343415,0
0.0184509128535828,0.09854663163784083,1
0.9505414497952238,0.5154262271641586,0
0.19424887276887381,0.5626700328196019,1
0.3472558249974348,0.5296029259073669,0
0.7407373080449753,0.19641255816711545,1
0.9307351342268635,0.2785963761440957,0
0.2840360435250777,0.0706197552670168,1
0.35659837027307706,0.5787145814995475,0
0.22435983078252186,0.5651501619557037,1
0.5271843278093233,0.42124983368527935,0
0.655267370372525,0.7890994179066251,1
0.9388789699830222,0.36278455573943735,0
0.5922929953441175,0.15805275853827516,1
0.7711663901200424,0.4302632820204617,0
0.6129690532725328,0.9237778445449363,1
0.9600003456063821,0.10747132151225258,0
0.04330332413802629,0.1902258985973856,1
0.6826719810420234,0.005524971751697416,0
0.1881435723645506,0.009833331651590616,1
0.9902525878972009,0.9352087179366946,0
0.5191753873198701,0.22467987602525152,1
0.8683337723873257,0.5503564573950883,0
0.39233352616944406,0.923169790264942,1
0.3100765784595466,0.48832215221350517,0
0.09453741577766095,0.535554784161175,1
0.9040226468953176,0.13968861422298795,0
0.10308506381452387,0.9698857471321309,1
0.9147011337433807,0.5533166047818413,0
0.3141145936822818,0.3492756744064919,1
0.6945843408877679,0.06433997098373712,0
0.08581862381575078,0.8730386572446512,1
0.6034159110537333,0.6218518346551147,0
0.13407629014124633,0.7584591594671529,1
0.8258337867830815,0.8320681850676933,0
0.03723709980061052,0.14497966236680304,1
0.8461643637115567,0.7129615248716042,0
0.13307558895393334,0.9906718937460918,1
0.7305071937046401,0.09032630391500451,0
0.21735385153759523,0.09183412752173703,1
0.8544460162965702,0.7215099934534254,0
0.08178594425868446,0.9968217972855735,1
0.9296026857932723,0.9952715401043836,0
0.11418988263135255,0.21789738869621478,1
0.4999088877652683,0.5787991156095927,0
0.18552050433145062,0.9508402992439714,1
0.9740313183230536,0.19087464987771263,0
0.48136991825145614,0.27686430840976106,1
0.5299463644126737,0.46109574991211943,0
0.4762228400226416,0.8719982382920666,1
0.9811778564044425,0.07599917413868806,0
0.028456814438116318,0.6599965879899641,1
0.5900935076287632,0.4905948461763364,0
0.04432688456961853,0.5023269775623412,1
0.8327035692589849,0.30619529272195334,0
0.023324748372652748,0.249917677996771,1
0.6982663853771882,0.9998140130955757,0
0.2994941115775672,0.9245569124072265,1
0.6773990621594339,0.019726677183054098,0
0.7248986168178807,0.7934577985960753,1
0.8423429955757415,0.41928345097671693,0
0.5957162024396238,0.8244525523608406,1
0.5353975375120892,0.6621372945607639,0
0.42440290154498206,0.26663159763927524,1
0.6282996990827281,0.5302482414210115,0
0.45803656549585225,0.06184445494269819,1
0.39543483553944725,0.5749142191690407,0
0.20689109046141352,0.672182838608769,1
0.9761907513638006,0.42141856093061525,0
0.5960853480018532,0.8852536112258319,1
0.6094862025439773,0.6350783827637808,0
0.4462765799784566,0.07609786764699211,1
0.298040589582948,0.4738663597775259,0
0.43316537143644307,0.7372516642411524,1
0.9093587474426982,0.9525942782611752,0
0.10223021363914153,0.7124355273872651,1
0.6248540398449629,0.45215672556587183,0
0.5566009236806863,0.7680521671633489,1
0.24097317465342727,0.5322792054483818,0
0.41632544898764645,0.07798095197408361,1
0.8285445686427303,0.129891879346131,0
0.5107715344975451,0.18727868185696062,1
0.9695619629932289,0.6450980030256847,0
0.2572376293364458,0.8192459876725076,1
0.796218795522251,0.8696585095968979,0
0.5425162863110866,0.7922631584658661,1
0.8842639784463081,0.05101396349613596,0
0.5316991595116739,0.9283131479189177,1
0.9885344409479541,0.42215541287844305,0
0.5212701975646947,0.8736592215338154,1
0.4302276729807133,0.5418990807711334,0
0.4064628715037354,0.7157890319241993,1
0.5449734780218716,0.6604949394406331,0
0.3801023791941188,0.9333580958187458,1
0.7477676498191784,0.7080497959988271,0
0.3798690823448565,0.8550991067131238,1
0.9694854843450543,0.27205004156832613,0
0.2143776116671091,0.8575214521061788,1
0.864205776740017,0.19705377953802972,0
0.1260060236413313,0.3138672197179355,1
0.3727457413429618,0.5612276492923826,0
0.23789983641600254,0.5548997148259903,1
0.7750184452215615,0.3696303945470403,0
0.05098135792882075,0.2422009514854181,1
0.9192787679457951,0.4362038469637529,0
0.27928341944090596,0.8965247318095955,1
0.871426100715099,0.45712303329940696,0
0.15075489406972564,0.5511906060398,1
0.6112447184728907,0.34570371086332996,0
0.024670531227168002,0.28968022825053674,1
0.8869228736665916,0.5765383227657075,0
0.17934179903054837,0.8296174537619591,1
0.829149293723009,0.8311077086216169,0
0.47826559161075943,0.07749478176465785,1
0.8490040920956365,0.2710466842803194,0
0.15970983434489328,0.4411345452710136,1
0.9857399192722093,0.3978868107968717,0
0.22137429966403765,0.6236692710556214,1
0.44805811084386715,0.4583999633018865,0
0.025874560915784217,0.11031914214785077,1
0.8276926340098428,0.006450157291305936,0
0.06466060090760295,0.05408405541467953,1
0.6736464955009224,0.3417974973215476,0
0.13152616288933883,0.02823977229599628,1
0.8582601637227748,0.4166080238048705,0
0.033457159333506126,0.6745260962741199,1
0.6499861230147941,0.6592556900185479,0
0.6746465593541215,0.12132086273768794,1
0.6438731506332241,0.4493026954400483,0
0.042883796282926046,0.3224934098855111,1
0.7532499637158971,0.3960689420239323,0
0.3545820510237664,0.9357809873062742,1
0.8140271029397844,0.8513371504897593,0
0.4311365861680687,0.30345646801685766,1
0.6174699211679863,0.4041251102449255,0
0.3080727584783849,0.9254539332234819,1
0.7220571509285902,0.4427390444677376,0
0.046791346229580255,0.49516612865733645,1
0.882375082090587,0.636100237069709,0
0.17778967412782765,0.9389764124918751,1
0.871470149524995,0.7191983399914285,0
0.32481231078779604,0.0493607450911,1
0.7469114317388852,0.059282542706626806,0
0.5852020019677997,0.7943851447680824,1
0.3948889921525952,0.4059353444973489,0
0.023104472669810194,0.9903657843244797,1
0.546921266904918,0.5724139989367696,0
0.2351577822552543,0.33341258509773686,1
0.9788324473997941,0.6308572265191585,0
0.16551566340135715,0.37240158425445036,1
0.4938078487324179,0.5611656737828578,0
0.02565995868211446,0.16583200467079495,1
0.5651392091053485,0.5952809943971333,0
0.06362566664206348,0.719017627779193,1
0.8531337473731437,0.19046819051121988,0
0.2757878585604461,0.056805329528574755,1
0.8016617911393081,0.4787293605466596,0
0.18437902159402175,0.8530725614346871,1
0.9176897011112783,0.039603844936390686,0
0.10825918353803532,0.15375831999759737,1
0.8410032759469467,0.6459684356457863,0
0.10580473643119814,0.41470796600540716,1
0.6703811336945226,0.5856677518516434,0
0.653096150933754,0.14862035297832688,1
0.994844407585672,0.09431283065103813,0
0.04899300780346605,0.227131910410188,1
0.8229325502185532,0.605702493060851,0
0.6417432413609545,0.8373225384568612,1
0.7771294692321306,0.6061732433013095,0
0.2821707154090073,0.2849647377481399,1
0.76319393587769,0.5761898251962925,0
0.1104503899452618,0.6214819195002215,1
0.31056834842256476,0.5113966355195358,0
0.27337161189927284,0.2742810733149268,1
0.7482458759737356,0.5647871484215159,0
0.5602559364610555,0.051360942883658445,1
0.32813031053822894,0.5833506322582129,0
0.3018643672644422,0.6913467759879774,1
0.5425037350333367,0.597999693283766,0
0.24604657088863757,0.7678079498612203,1
0.7275026670919263,0.051089361732838956,0
0.681262649255019,0.18710655348177907,1
0.8691324214540307,0.7334340515431226,0
0.06345049477348519,0.687681420561295,1
0.8001022573524128,0.4758298115652473,0
0.17227678383372202,0.1036623705420272,1
0.8347132211499707,0.8012981711105153,0
0.1300089291266029,0.8261044169099462,1
0.7924832239957238,0.3297018376407991,0
0.7407897818595462,0.8923967646401645,1
0.9364506449474742,0.9689112715985075,0
0.3591946787934943,0.6572712915931052,1
0.9162450012679128,0.009241772667372694,0
0.2297707028647359,0.2273687695287574,1
0.3013167426510237,0.4157453911245731,0
0.6102141633980228,0.16599496830124794,1
0.9761756086977416,0.30801833649148125,0
0.2556123570199921,0.8819442230436316,1
0.6934024700032346,0.30526083431185336,0
0.1737201487456126,0.012743719801931674,1
0.9765676980356417,0.5010274169410124,0
0.29615970555505244,0.7386021426973466,1
0.8795633146572057,0.4576481836970827,0
0.47173609548087725,0.2788063744736642,1
0.9265880948938814,0.7976072592765268,0
0.41265686809880253,0.8310772187426548,1
0.9971947086040851,0.2624076629568469,0
0.14895460327405607,0.9055549305489233,1
0.8926595136483177,0.34898975964436263,0
0.17727158268687782,0.04333329561939525,1
0.8895026216725513,0.8361675278835613,0
0.1743976154127147,0.6967688381792075,1
0.8869213992793363,0.6577253928539979,0
0.30626287261845786,0.6772228273771688,1
0.953777913437313,0.35563627278259546,0
0.30009891139420464,0.9636832684195656,1
0.884311047332464,0.10099821331206837,0
0.7783949981465442,0.18642476627368287,1
0.5367152971303308,0.34369864591531607,0
0.09085222323622055,0.8649972754107832,1
0.2997581910113327,0.5011723190522208,0
0.39849270570255246,0.3298720006521151,1
0.7424564935746099,0.3945751618515423,0
0.014739468191611538,0.2015882565315621,1
0.755592567526459,0.450701136557647,0
0.08351807496982433,0.3936927068341751,1
0.5330385919565576,0.5573066366317435,0
0.17071606974304065,0.5570099988254308,1
0.5779425331051762,0.6748246884635188,0
0.2519407370770863,0.3077958492831534,1
0.8595688691429254,0.16743584314048487,0
0.19250074507228887,0.04159769012154657,1
0.7533502204335343,0.3816511659490718,0
0.6951597535327344,0.8376255351454799,1
0.896301944857724,0.09093273959805981,0
0.3644580651926126,0.7077952652199254,1
0.9344072263609927,0.28691936880108027,0
0.2862759058807316,0.3390067176179068,1
0.9725986588404333,0.13527586722630713,0
0.485313933970845,0.316077675848472,1
0.6422149295815317,0.4603681468849996,0
0.30466093131982586,0.887065325617688,1
0.8189853468909697,0.4518825040948017,0
0.07509307125812859,0.47390805086746557,1
0.43299239122709565,0.4203772573557988,0
0.666593224515368,0.9051940719262022,1
0.5147137666026848,0.420834505983414,0
0.14178650232235768,0.4650935336968116,1
0.9660446764358439,0.9829738420066471,0
0.016555442103573292,0.8079123253089756,1
0.8477198472184945,0.14320819800276363,0
0.23838466669598735,0.9484324360325643,1
0.8957255180464719,0.5275355624003343,0
0.24855469396119334,0.9634670531586088,1
0.760412055785597,0.895851215161808,0
0.2063101278735624,0.65945143460371,1
0.5888674274835638,0.6133190250023794,0
0.0354934099508889,0.21841267686586052,1
0.9597586360077351,0.7567473659018464,0
0.1554872594426827,0.1154902819762309,1
0.8022863278686783,0.5250888988863696,0
0.08013678734840379,0.2737642431716063,1
0.5293615098709299,0.9902790948988084,0
0.07258491282404045,0.9504822585418471,1
0.8581501233377891,0.6918772127137781,0
0.13695689886333684,0.7674011443565746,1
0.9620753886323075,0.9048083309741035,0
0.6705278919636715,0.8773816337390146,1
0.9861308222631018,0.3600217373040375,0
0.11457552440933949,0.31770014585836326,1
0.9626362484316173,0.9844671237292427,0
0.45591375369199794,0.042253784582823695,1
0.961472378005593,0.0447374956658293,0
0.5000320786225128,0.035910119312667854,1
0.6902109953412393,0.9279908038660737,0
0.23514000922957579,0.40144328951568553,1
0.7983892982091848,0.569545055132198,0
0.24195413306857316,0.1724525106825019,1
0.7324153854174228,0.654600644435781,0
0.27073843407616405,0.7903366049396902,1
0.9616870232254314,0.9983652262394637,0
0.13159958388127402,0.04994363135708757,1
0.4724958506322584,0.37619374562690366,0
0.17548059569103047,0.16270532607867505,1
0.5977780255846893,0.6611269625969212,0
0.35385066113421104,0.6297154548357741,1
0.8602764378219763,0.7000119293134006,0
0.010379418383380412,0.3765688020392679,1
0.5862639652734986,0.5462508845604176,0
0.08821279671040316,0.0364432083208962,1
0.8903779948393151,0.11815057626698644,0
0.13700840077524679,0.07253623589956115,1
0.8081418951744508,0.6078325123925742,0
0.5298475449322835,0.9350192245575436,1
0.7258704694125674,0.06791631623635797,0
0.36630354731517945,0.8177576915335437,1
0.6405974821318516,0.3643571701748394,0
0.3457942048640622,0.04695884824657792,1
0.4017286291761486,0.6114486866137675,0
0.30840409039849204,0.983616365087843,1
0.7786006371435449,0.7220619946602775,0
0.02309560780535702,0.8453949589902461,1
0.8083077556047411,0.9977123232906866,0
0.5471159943456078,0.12419022744457042,1
0.8582590414989707,0.06717061507619138,0
0.018508253868771418,0.34157309021386206,1
0.7971924312832769,0.6694233208436323,0
0.4292598751982635,0.09217701763720909,1
0.5081982167149838,0.5923112571850796,0
0.16049506830049964,0.943583729282163,1
0.585675162376011,0.6050972868816108,0
0.6209885114947724,0.7877432956173933,1
0.920415570594758,0.2701506423914396,0
0.43726415395418694,0.3239893478896141,1
0.7254179809328216,0.2694073679969512,0
0.23731970815486958,0.19180954704085273,1
0.9640583119989696,0.3325378221625731,0
0.05255619042520887,0.4316601234555604,1
0.8533340135546934,0.06449697203718618,0
0.5095159791917828,0.9095019495216542,1
0.5347545242319595,0.36695963745030835,0
0.14617276524489453,0.36559504688545386,1
0.8888014792026359,0.843329338579721,0
0.2952475103393123,0.8134430832206249,1
0.8058085478071738,0.3921592336516083,0
0.6353163889479483,0.27300197749618604,1
0.8059660077816819,0.7814964666611371,0
0.0735909077408412,0.43076343864524236,1
0.9339289359707506,0.8385259842882924,0
0.3428198101951323,0.7717665238900557,1
0.8488765402831948,0.07249440169870736,0
0.2820073775845149,0.6655415661712575,1
0.9283106444690004,0.7590794536506509,0
0.22558843962261166,0.34263217805236146,1
0.36872716411314754,0.47824409797197864,0
0.4251151100461469,0.35176877283354724,1
0.5771800947913016,0.9896084341502474,0
0.20851746296870977,0.46346595014947145,1
0.40385130372128675,0.46066074579919947,0
0.044552794878500945,0.41106864503650176,1
0.921400272154875,0.7288146861282964,0
0.6525604631785815,0.8047881944130604,1
0.49375914465150705,0.35772425178028244,0
0.10367897978198859,0.7916340838876065,1
0.8172551135157351,0.40629205248843836,0
0.2987111124112134,0.32297173686343683,1
0.9967295286370385,0.11437340265672613,0
0.189440586164916,0.2082963733203359,1
0.7672750354826005,0.2856369128594678,0
0.7495561777910723,0.8020918985521465,1
0.9890586925978105,0.06000967862964657,0
0.510079425957063,0.8881346044024848,1
0.9516070984526505,0.5242738584118735,0
0.080236652593078,0.5316985515175559,1
0.6552130457963111,0.4118970203496449,0
0.5548951963348834,0.16206875788152153,1
0.91384014413561,0.6884352752992418,0
0.0013121335661948619,0.8028881320781185,1
0.828047923269404,0.9166281326892118,0
0.3215810248209132,0.8423946750203614,1
0.6161750202780435,0.5307210110987992,0
0.027481042057434957,0.7801946330250359,1
0.5814854356770283,0.5751339251453419,0
0.4598916283724206,0.732529271196013,1
0.9947180205685483,0.8720969640578878,0
0.20412203901923354,0.939479650213342,1
0.6732658240879418,0.5990387853084803,0
0.6905518321171874,0.8259782384971721,1
0.8628466737680212,0.9309298006973127,0
0.17889243594238446,0.2008442435818273,1
0.7243258499718572,0.48285863288764863,0
0.05537278055786943,0.2964559709814054,1
0.9488216986889962,0.4990204695679312,0
0.017357990848658633,0.012002710640411585,1
0.8521185224033808,0.31924689688929275,0
0.7885127896218703,0.8218748077795626,1
0.6254315376788208,0.00637766241727622,0
0.06276253711346169,0.1680845074202253,1
0.9941457481541911,0.17417252940618844,0
0.2869183533561003,0.8835596994767234,1
0.7723096517655306,0.9258847243424873,0
0.7150733810769446,0.8918277682894297,1
0.7829389478765325,0.5255393745432453,0
0.017208026179125202,0.974044500133163,1
0.8919134277570313,0.5256817522888052,0
0.019458720570559418,0.09646969098800384,1
0.3247908245913693,0.477258826670514,0
0.5197563796177179,0.10778444150098376,1
0.9012072494278283,0.573856686839882,0
0.21328304479486238,0.5462211628393753,1
0.672311672011883,0.2898133106159537,0
0.43629588818700626,0.06773383883814377,1
0.7519691400574353,0.5700953020777196,0
0.4690402295812741,0.24449600266842642,1
0.8660944152440282,0.7701329968656,0
0.2787416788744993,0.90816498090373,1
0.9726330053403882,0.1362659229515809,0
0.28486082981467087,0.687386875872485,1
0.7054460882935961,0.4763203293817885,0
0.3429304554994018,0.7464685953920439,1
0.4663193792355259,0.62575971264179,0
0.2192729038535406,0.9605868359542121,1
0.7066755295422207,0.029110169323893542,0
0.08378677011671032,0.5010983844078168,1
0.9716791752320267,0.09011254884937181,0
0.3203174514920716,0.007498242463000793,1
0.6697851154103979,0.30547373260156463,0
0.027989634094888638,0.016310493875778764,1
0.7600781990276249,0.7292332762494026,0
0.19693379400679356,0.2110600997084323,1
0.7487879533035537,0.7441268331344248,0
0.5343132493806283,0.16441442722925625,1
0.9311248507402423,0.23613760469886258,0
0.6461220904349808,0.7796505916478214,1
0.5706119781856149,0.6724180429702482,0
0.15589027798109611,0.10451833439683222,1
0.5230778402734484,0.5971043013194851,0
0.032743158253421445,0.9479693835592383,1
0.6694310110123669,0.006650359404457573,0
0.34667228782918724,0.1690653027533361,1
0.9174448441659262,0.8420236226645873,0
0.7089485579357876,0.8942218150321025,1
0.47649245488622627,0.48788854864338616,0
0.40653882381833384,0.2520198291852732,1
0.8996577763901047,0.05775723348312489,0
0.015202108426341066,0.4741088419020373,1
0.5909996185576486,0.9675309214824676,0
0.5692370438104459,0.7973925500009428,1
0.40737675570652343,0.42835360882582363,0
0.21625979174562227,0.5959190990243545,1
0.44748754287326475,0.4316729208936241,0
0.7431577398189974,0.21134092417306616,1
0.8475558495885186,0.6116790135852356,0
0.24417732076563348,0.42231938528682667,1
0.931255610516426,0.04772589548813666,0
0.23029942537093795,0.300712142289712,1
0.6813612737056814,0.4520017433033071,0
0.41632161785809607,0.8049448543209373,1
0.8653796876783638,0.8965743409204859,0
0.1282074135725706,0.9981011449044395,1
0.8857293883435364,0.6837371934960941,0
0.557445868855734,0.195490163352671,1
0.5364882351794742,0.6604758815284087,0
0.3634155111555961,0.8195748126003255,1
0.9292917722521375,0.9938372390491613,0
0.5565682850960617,0.7813261672663225,1
0.9521838519252751,0.7375909523302714,0
0.6155715207985832,0.2358565216242614,1
0.8299036684396699,0.25139691741160797,0
0.5765702841721141,0.7901709807447476,1
0.7931617990992748,0.2699742112682624,0
0.18570017186735988,0.4173878015995621,1
0.9829375864188552,0.27360569324235506,0
0.3610438665736664,0.03394886169069167,1
0.9064731045199378,0.5434934884216119,0
0.03821568032219114,0.8811327138424558,1
0.8824365917574281,0.7345800999414702,0
0.6598113182335231,0.13564601915181884,1
0.3784712833303784,0.4475215614019309,0
0.11135910155758677,0.29197546727401824,1
0.6498067336721727,0.5269302827399998,0
0.47975001527929795,0.2127567097458487,1
0.2998122873918283,0.5345012360174289,0
0.57889110047192,0.750079877759545,1
0.7536369972462102,0.6390150830016769,0
0.3236844135108943,0.03127818315453257,1
0.7196780055735913,0.5745171533594271,0
0.03525116892471414,0.9795852909227741,1
0.8636971343085758,0.3887962653548911,0
0.3978892095244647,0.1380561304387744,1
0.5613278416248599,0.31494518744366506,0
0.35601753806520553,0.6865022847057755,1
0.36506115943799433,0.5802817207626677,0
0.5339042326315335,0.6787154565135323,1
0.7398988399258967,0.9278022369661176,0
0.1866676589013465,0.12087056481486291,1
0.4907083460292472,0.5445758317686772,0
0.11258188317346751,0.013256861627355954,1
0.47156921880092806,0.3846172137886871,0
0.39820818414043757,0.9613990129827843,1
0.997257030675548,0.9760503399844325,0
0.6238931513545704,0.7427897947444214,1
0.9804544955206708,0.9587534102795864,0
0.5317701603619664,0.23886139555912012,1
0.8514867098451128,0.743162153187931,0
0.0434666942080546,0.4384566677057432,1
0.24310055769948524,0.4563514688572923,0
0.37812679333472277,0.7896003953770143,1
0.8493297734715465,0.022915928591379586,0
0.19312310171368297,0.4017627804540461,1
0.2899390121714528,0.4685998030055749,0
0.23035147230500475,0.9241082006827613,1
0.6702511522712885,0.5935293266057244,0
0.5248912560794337,0.2045218904721543,1
0.4881042322139324,0.6359537181417892,0
0.32417919060809597,0.8092986431884849,1
0.893021086752269,0.42111112956834296,0
0.4382380986725464,0.21176379821509062,1
0.6821233569698832,0.9477519306140292,0
0.3322354671321729,0.9258753426650027,1
0.8392605355955488,0.9163356639056266,0
0.20583663959294674,0.752351297408987,1
0.9424030549027141,0.02470640916718403,0
0.0527337870692387,0.13832067590270603,1
0.7438784077321016,0.3991906822117596,0
0.6998027719921336,0.8229735782677173,1
0.6189471653005545,0.48619404610294126,0
0.5073509559485395,0.120247305399109,1
0.8458773205766885,0.060935855889475365,0
0.19844068798590297,0.4422533983832482,1
0.4302496058291916,0.5640408916955618,0
0.22463566981456384,0.7079458178798078,1
0.8413948262138282,0.6976592485634826,0
0.0029230711208823035,0.5928149302012805,1
0.9864728315096124,0.3197653168554492,0
0.05121155600635574,0.3321827053336671,1
0.37556337255868844,0.4185546875476992,0
0.3733881125065869,0.20615068864944364,1
0.800320442513193,0.35316359612482484,0
0.2578998640346616,0.7623046978361647,1
0.7394054664027682,0.017605794965370736,0
0.7266613069177461,0.20650200291468046,1
0.6486273518081079,0.31979362192995664,0
0.009449542139249312,0.7423363747467127,1
0.9696050410854979,0.1448431429741257,0
0.712438916304286,0.1569369398466104,1
0.8048396450507288,0.22066997028236757,0
0.47229774483024345,0.0357452469444246,1
0.6996167607691551,0.4138574551958101,0
0.45833059954386846,0.19384767529700542,1
0.9571086080786173,0.5824019538897094,0
0.16290714500494985,0.6336315994363837,1
0.883905806324923,0.9599171198151215,0
0.3867177290400924,0.7117834306940715,1
0.9387953132638928,0.6948680949168886,0
0.3595981991623429,0.2869456501256976,1
0.9514233755949408,0.3443469952596768,0
0.34642043545508794,0.14446172469026275,1
0.8502713866841402,0.9181530609537265,0
0.38486588378488773,0.8166095621320972,1
0.9790740579819193,0.8122405087634456,0
0.08738329201214246,0.6771251201270585,1
0.4542143000290262,0.4680399751785197,0
0.5011067900098088,0.9860805706024243,1
0.3458045392059439,0.5978684013621853,0
0.09742153737580495,0.11869126999292279,1
0.5887218140090177,0.3732658420331292,0
0.6047195613517428,0.7362991856028434,1
0.8390104589270702,0.30462282667569673,0
0.0894180703834867,0.7711597837447611,1
0.9126183496578149,0.6685641861833859,0
0.2728423650158872,0.2242978793903806,1
0.9892947447912337,0.8808706545775599,0
0.30507081444148043,0.6464281023714652,1
0.9654932311730196,0.7708394183516786,0
0.03718779223180635,0.7640819405206025,1
0.6188360831118519,0.4180859633446804,0
0.7180332300914155,0.2362127119465408,1
0.8960555998555111,0.6555811216745023,0
0.0020714253179708875,0.20892423666915905,1
0.9207381576472476,0.400155942499299,0
0.40842017315901313,0.6709147396277013,1
0.8827908950897702,0.7229706238142974,0
0.13713351631627968,0.36003313377470747,1
0.7412350578796277,0.025629707141323066,0
0.06327646898515704,0.5531743469076212,1
0.9664894778400693,0.38684410332731545,0
0.06507816600441485,0.9268025404588132,1
0.875140843210114,0.35733286520122254,0
0.37136520300537745,0.03155735835956508,1
0.7038155691786679,0.4004436683182393,0
0.08338823698225717,0.45796102741301425,1
0.7968480992913988,0.8656536455892738,0
0.6589575338933195,0.26799440304869504,1
0.9838079666193483,0.948949497410991,0
0.09228665191194008,0.5205621889326273,1
0.6654196573879165,0.01702092948564038,0
0.05801671980922818,0.23977314887374612,1
0.83003958023771,0.311190829824354,0
0.6127511482274156,0.7354055471560539,1
0.9707694871918185,0.836790598462941,0
0.07185144416099676,0.41392748437481597,1
0.5521485685157085,0.5736423083772058,0
0.40588058470589605,0.2842059060232761,1
0.7223931743846427,0.9755924403715449,0
0.057001350894915315,0.7925209276005564,1
0.9475855543010974,0.5654726445730403,0
0.6709489921167379,0.11209386843490132,1
0.41460453035267864,0.4735651670679437,0
0.15897313586912298,0.6801444295125338,1
0.9084953054010161,0.506619002515107,0
0.33593419376233913,0.6750358001173914,1
0.5947309267652653,0.4011114836440798,0
0.11105088054416068,0.48832132495458436,1
0.7279892946213913,0.30220770445882095,0
0.16056167355079554,0.0739896165628291,1
0.8158378494625413,0.28395669103173604,0
0.06431028154254015,0.3886307350410346,1
0.9926445234360649,0.4632955744277778,0
0.12375517380660683,0.1701967911865082,1
0.5354368030125954,0.6687817126655694,0
0.35939285184623115,0.8925269048560265,1
0.5368077912335778,0.5287141742682492,0
0.36012661384309896,0.625886645991811,1
0.9233005685513088,0.4062349745714864,0
0.646896701857699,0.06793902002339891,1
0.8388157720591105,0.692822400555904,0
0.08777353784047381,0.5188799807260981,1
0.703772217967251,0.445994070079866,0
0.1922087476199562,0.44288141007731185,1
0.3810214358763936,0.4240383256565562,0
0.26753055649547375,0.11264624660421141,1
0.9558897259007889,0.3448543626328352,0
0.14278639119063463,0.26005780252049004,1
0.6621605117285676,0.38492732552269515,0
0.25045428598718456,0.5811579118409069,1
0.8978239471394469,0.02442901389522001,0
0.4331690739894871,0.92035174765787,1
0.8402934859680952,0.39577765035911383,0
0.11508673164926564,0.8325457989346524,1
0.7605126752663833,0.7765548250462229,0
0.2476420360387218,0.031650231466219036,1
0.832559671921339,0.774653297521747,0
0.21369223045345342,0.25100937256922384,1
0.679412292089227,0.4608838174437775,0
0.19398534844390958,0.8721046550645198,1
0.9063469935732003,0.2586233288184855,0
0.18914986930361033,0.9264178492930313,1
0.6895992639192556,0.6788448261939846,0
0.2602650021135865,0.666555829827754,1
0.7276332112987562,0.04155902143777268,0
0.6235816167940933,0.7852849575434417,1
0.8685794660475418,0.8718011434571901,0
0.19402777836014629,0.24495875574172354,1
0.6031897544152501,0.4666381379539263,0
0.359721385189133,0.9652674565498666,1
0.605393753069192,0.695397525445322,0
0.28264388662597517,0.9062178552162886,1
0.9586017122210208,0.41649142971408903,0
0.4934182460797446,0.7867623543087294,1
0.5436974956315485,0.5221957480209215,0
0.4192285330002682,0.28949195472839995,1
0.24432815112178474,0.5350678868678772,0
0.1565224001355815,0.12967635007494682,1
0.49048062638832046,0.36671448891973346,0
0.23087129017915498,0.21496960458536618,1
0.7836541756859514,0.41991982745129275,0
0.10778988222201091,0.025717058800788672,1
0.7996598607816455,0.47933468811528657,0
0.43395671594886176,0.24420242667328673,1
0.7876290312686683,0.10976418700558521,0
0.035677715887555084,0.19869722895671416,1
0.923682913475061,0.3999015139352735,0
0.08867601101971412,0.40427006500339135,1
0.3730401661882392,0.5094418343577911,0
0.49810786355482384,0.8749482672324068,1
0.9100380780162797,0.9545163402850848,0
0.09565288721333931,0.9267084386020217,1
0.9993610708310922,0.46685725965057046,0
0.4783673529685162,0.1114090018091487,1
0.6991622756042054,0.38293158096762026,0
0.14621316655834748,0.22192197777129674,1
0.8434933874117387,0.4642157730054711,0
0.6963138328642843,0.242824279191461,1
0.9176788128848525,0.5263063942479221,0
0.48837658940570383,0.6769905272580778,1
0.9896987024059339,0.4192549285267321,0
0.7121603428785216,0.8320903266908347,1
0.4169860702806959,0.4489808711232681,0
0.5039311634662187,0.11699168505407775,1
0.6820721840619755,0.06233553969352157,0
0.31261931039457425,0.6650779818751699,1
0.8467329178711905,0.8895003851505621,0
0.24522965128691043,0.9542856965164147,1
0.2714445752776833,0.5548197686323529,0
0.5955250034890454,0.15207825875547942,1
0.3932451781304509,0.6207792045402649,0
0.1009409932318871,0.29790084223358904,1
0.9378953172825425,0.6934750091358407,0
0.5259174541486545,0.9642729361919938,1
0.6214227866123074,0.45823327076125175,0
0.5926995210705815,0.9384922209843597,1
0.46805235650375965,0.646426300809957,0
0.12833211654349452,0.3348486856741635,1
0.5610600750935618,0.6373301544148667,0
0.1792427523562855,0.18534099041474328,1
0.5119361512532573,0.4584252179137065,0
0.3203652547649486,0.874383478277984,1
0.7026068017053457,0.344717684730943,0
0.35241080592851115,0.9304098415193366,1
0.7241409244170223,0.5612616598821669,0
0.27506331134998907,0.29828978376694104,1
0.8765688397737477,0.25412927188249923,0
0.46412305741581084,0.8262606229520417,1
0.6161172569494329,0.49885715248813234,0
0.05616592173539703,0.9867022093681765,1
0.9557619763960647,0.49274989770503663,0
0.5699985580037357,0.22587405447064202,1
0.8861551190901175,0.6181487082071214,0
0.5142314063015144,0.031607011181336575,1
0.92195667156372,0.5562332822173397,0
0.2723690074477625,0.9449292941454802,1
0.6083367185140589,0.5262421513838841,0
0.4828854441405882,0.090009884750331,1
0.9983920746642081,0.7001211784661056,0
0.5621017261879205,0.7250851083699946,1
0.6079451247315797,0.0141449893436697,0
0.5441556060377621,0.06362932392696441,1
0.6329555614706988,0.326653857615369,0
0.41623698565370204,0.0034356863531527226,1
0.9254742409210106,0.7666337322970594,0
0.04150302219177837,0.8192001084404974,1
0.4809670279947633,0.35660642834260947,0
0.39329760750270704,0.7188141194108865,1
0.5553959921252264,0.5823577115818269,0
0.43891293240077334,0.9293272573810188,1
0.8134402933723314,0.08649474312642591,0
0.2869843532430837,0.7589783512656931,1
0.5928534432586712,0.6349603823357314,0
0.10734813690028411,0.24150958830682145,1
0.7320763981148214,0.2802574683723744,0
0.5566541522205487,0.295986226935921,1
0.7971059826139458,0.37082496472437276,0
0.4259986469852707,0.9317942828694304,1
0.6846233925315591,0.06094427302199712,0
0.68179184840919,0.782414720684404,1
0.7607036705346945,0.41125739634408387,0
0.35253242521413886,0.06270458425324554,1
0.9610970073649522,0.503692344352994,0
0.6116165589240659,0.913690181473167,1
0.8540108484252967,0.4112819055891611,0
0.5206804188537253,0.1420510177091031,1
0.9593999855011848,0.912080830838406,0
0.004658610763797033,0.4730883449865757,1
0.809159083500006,0.013718200395866242,0
0.09503136705910431,0.2857713847177752,1
0.8337864028386764,0.6543212168794565,0
0.38899593512951314,0.14160872259540547,1
0.5128044442184527,0.6541274665441547,0
0.06763526361621242,0.21365159147444845,1
0.2816416318762984,0.5364763591242556,0
0.008217834829687742,0.7696038880164637,1
0.5823359893495901,0.35723109572454315,0
0.6250323752112742,0.08737085553630386,1
0.8545073153445402,0.43289990786534427,0
0.15067951740417562,0.19215123280540314,1
0.8742441939199194,0.2486556202394814,0
0.6167159215583682,0.8441978791768863,1
0.8029514546530834,0.24015215472618212,0
0.16262700049343293,0.13480263095792988,1
0.7116810614333139,0.7497108765393262,0
0.16183515723714204,0.0021286440483596625,1
0.6340239921210291,0.024494830362007947,0
0.08723972626456022,0.2943458404326822,1
0.6783994803314934,0.564968285786535,0
0.01531795133068814,0.7535641387527643,1
0.981749128308004,0.9854753531814827,0
0.2646365107431269,0.22620897805087892,1
0.6425235746596274,0.6813682258552629,0
0.4424781832770428,0.3291713345940852,1
0.9417240172732527,0.9608115740312956,0
0.08433303373520484,0.10708737628326848,1
0.6983182436777471,0.3185452245778577,0
0.008783125562667582,0.25268289951792255,1
0.877644648317768,0.4208824638307961,0
0.15235644512480218,0.7075391168307795,1
0.8776278946590175,0.9024113881023785,0
0.3064638279848779,0.3876086842455413,1
0.8827939894242504,0.21067990256163394,0
0.008240431198173526,0.06281958523397746,1
0.5713100803333165,0.5897756229049851,0
0.520344041907905,0.7675038705271744,1
0.8289968251291991,0.07821995650472258,0
0.0924283812434823,0.6748593643387253,1
0.3406069086492206,0.6012546732388133,0
0.7025534803184841,0.7534655635544881,1
0.7895213481473374,0.2892348479821635,0
0.04932139141254366,0.43666767569538667,1
0.7961022243080508,0.35392330938390404,0
0.6155320879278526,0.7443276909814995,1
0.7785259720735757,0.2687644049680058,0
0.303677177150497,0.7089807203442303,1
0.9100947638903225,0.5923990846257632,0
0.24487978156782675,0.7429733171970179,1
0.8831696228845548,0.42747086267220935,0
0.44973707005698405,0.29065209626715305,1
0.9119083011131853,0.8097929592554357,0
0.013609344207744623,0.6680471304114876,1
0.6684935930616018,0.7033324678131774,0
0.11474060480997939,0.5784562047719267,1
0.6957111990854578,0.98858456748733,0
0.30842510128778944,0.29499057273860996,1
0.9769027351839507,0.2010571663116837,0
0.15840781080166744,0.8262001488126712,1
0.9789578281417806,0.6110557013237811,0
0.18463739863550155,0.17453629956772576,1
0.6515438697410918,0.7224792216652478,0
0.1121992489105137,0.03591565664330898,1
0.7862304760141209,0.7636776905931787,0
0.2807746077172739,0.801081967714219,1
0.9921060582779696,0.8202489137723026,0
0.10597945807086628,0.25744667605613514,1
0.6337466488890288,0.5577931001087627,0
0.07519300987020971,0.2832609637559108,1
0.9750721798521306,0.9541180982880206,0
0.6247745474373055,0.9065870082320538,1
0.89072635705777,0.8508433732613961,0
0.33820396972006883,0.02363532880943009,1
0.3295805310961669,0.5110422729585428,0
0.241941967908186,0.1120704356806359,1
0.9118489551069288,0.5378267853725807,0
0.2108481518076205,0.7883632075735978,1
0.8867185477483994,0.24588287324869962,0
0.07905783508084985,0.1554811029728137,1
0.9452719264027749,0.1814988584019782,0
0.039705062049888884,0.7035681432693088,1
0.8291955973061634,0.7194716970582284,0
0.6765471575766582,0.11997123977389679,1
0.903508547340552,0.1624746046561848,0
0.09453007638198141,0.29190740316893127,1
0.9702468775111478,0.12010477231018302,0
0.16875277741600303,0.049550143089880705,1
0.6776637989225297,0.7013697146584189,0
0.44585600113040036,0.7608664996770759,1
0.4991164479624737,0.5433824106526776,0
0.07708827530129725,0.7019991252151546,1
0.718744187034676,0.5441376484817451,0
0.5252798916928635,0.21877352013510543,1
0.8163796059273223,0.9956820079584253,0
0.019993135486528035,0.1136116031694665,1
0.9124128478562553,0.9118448521643385,0
0.3086491776616096,0.2647759852554643,1
0.9352475438364594,0.3377902310674694,0
0.3654469971901212,0.7894779780584925,1
0.3749770496787812,0.5637296279632293,0
0.5463869904806847,0.9190668465766682,1
0.8795877755837902,0.8280999635880019,0
0.33043627089803074,0.27831297613917394,1
0.5029594013901347,0.5176957367192356,0
0.5711828303240737,0.10648447117255222,1
0.4128272505420837,0.5598461149645084,0
0.5048189795432221,0.9045109843866272,1
0.8411772396287692,0.10482632419530591,0
0.2905675576873389,0.7076906863883257,1
0.7670236414962257,0.28721041645122347,0
0.6673423492854148,0.1566745792946399,1
0.987208819041078,0.8295321850535503,0
0.5035822752325464,0.9645178572751496,1
0.38076346202718736,0.5923796624463121,0
0.08101243456533636,0.2340766728121112,1
0.8410613298734116,0.9435988727372586,0
0.5928310116236345,0.8363830462932735,1
0.7324571661407048,0.6891586546046936,0
0.11207540803982607,0.6781982132981698,1
0.8150820255115373,0.942299974734095,0
0.21340183641483135,0.298290279004662,1
0.9625233796508781,0.2819855075000949,0
0.44563462903545614,0.9838073773247086,1
0.35756956108760063,0.573969558073093,0
0.34571523714321173,0.7819006504407833,1
0.5966244252406274,0.5730883355487617,0
0.5955435577539185,0.7584375303651906,1
0.9507288333988773,0.30259169173188294,0
0.7157080497454505,0.8268201884200105,1
0.9774338795489909,0.41065338175841926,0
0.09752151657319064,0.49376386086247104,1
0.8259693592843237,0.89676543925212,0
0.20885512757148517,0.3474099399699284,1
0.7020690949852435,0.265736702811074,0
0.25357288527565147,0.2589213990385739,1
0.6181693488257696,0.45615341043474555,0
0.2858147023966334,0.362295856245882,1
0.6744324331154785,0.34315266373470676,0
0.48300792138697757,0.7394512515527739,1
0.5205419810791196,0.6733235341311146,0
0.13065458761404358,0.008099849001385828,1
0.7582647951876477,0.5121773929719086,0
0.0969573027015398,0.5994073994975684,1
0.42249223863270313,0.6189569636430072,0
0.491497804505286,0.732706716784342,1
0.9835345675991122,0.9410424953378342,0
0.11271820135475585,0.9282155388155773,1
0.41374744826398213,0.6086020329336799,0
0.7868075348236692,0.8034650794726296,1
0.9321376823956441,0.9418141185644088,0
0.07583045410787725,0.9969634163822209,1
0.8665149214914105,0.048159766631629464,0
0.22567893071373313,0.288307008561033,1
0.5861422441840674,0.5582718358883682,0
0.5327794051682826,0.06797240993182352,1
0.7128186087391576,0.31548717807819826,0
0.6110007548501634,0.8277049676227679,1
0.9372723537827731,0.0181589311535586,0
0.3958219450743665,0.3438560905737448,1
0.8428969057773448,0.3309717290351598,0
0.27632036558315964,0.9947008049116052,1
0.42434933460616864,0.36904759091641215,0
0.2659574947136487,0.9199350162670122,1
0.5707771096976636,0.44016026507256945,0
0.17407111779263218,0.8285549353958552,1
0.9809302902732064,0.32231106724652736,0
0.016029109134989672,0.9060646007124324,1
0.7619128501775817,0.2701089865019001,0
0.0055604575680947566,0.788379199880358,1
0.9445272408293715,0.9774585749913277,0
0.18839095705369902,0.039623237394951216,1
0.48538274296223893,0.6612821600160929,0
0.36421644675417686,0.012640874055031448,1
0.7724880208951234,0.40113569310454444,0
0.1260733976449484,0.6790791273237241,1
0.8576724099853549,0.0745558323295391,0
0.0228269619977316,0.9998552762481914,1
0.967518492380279,0.7705654973452187,0
0.3865004316574546,0.909073339411651,1
0.6430827904391008,0.33750957500420453,0
0.5233260520151785,0.9486005465196753,1
0.622694174289254,0.6386923996890309,0
0.23354604226848963,0.299658050582124,1
0.9822541972293697,0.6327886546730507,0
0.659238502892531,0.7485253000748656,1
0.7099746447597785,0.5474010479225413,0
0.47666505311735996,0.19934430557651495,1
0.7546455532925779,0.932088841341747,0
0.3794656360338222,0.8701301389508224,1
0.6242156440926993,0.033974192048172314,0
0.415604749694506,0.8983726628355896,1
0.6928724077728156,0.46450700474612217,0
0.10720444647837535,0.7296395193887433,1
0.999503001337619,0.5277066834698889,0
0.5495482105876296,0.1429979838434462,1
0.9216942893272587,0.7392000035972146,0
0.28332967561870237,0.09586965391469993,1
0.8387492492523111,0.3049188995218567,0
0.5926479299846398,0.8625917199357783,1
0.9164271884227214,0.4854166262139785,0
0.2043071270566199,0.9759840926862732,1
0.8977678817443772,0.5016515461953455,0
0.3937502566751685,0.31021830349507873,1
0.45949074004896395,0.5825210383400357,0
0.011213700243502656,0.16929006317873208,1
0.9022248342072359,0.23197152871593096,0
0.20244266253915977,0.4454002038732414,1
0.8798600669467141,0.8584791264164668,0
0.061289674862634036,0.948054663032716,1
0.9146027731321105,0.9595953639430167,0
0.02152642181150599,0.633774771231147,1
0.8589804801073733,0.3099027680890577,0
0.5833327776320305,0.8331549801749796,1
0.8501157615275499,0.15046441162667412,0
0.5156405643302143,0.18289982585360653,1
0.8000494886385671,0.5717685969324905,0
0.386273812652825,0.23255398815240957,1
0.8918142216122604,0.6445796242604074,0
0.2057315167847662,0.5232956412282962,1
0.8655008748732299,0.16778400139568028,0
0.2802896732948015,0.7682933155943785,1
0.7839843915579275,0.6347824388415617,0
0.5848582873161271,0.302618614541028,1
0.7137694962456765,0.3024847055369929,0
0.23168410317598054,0.12612557722140494,1
0.4342964412397883,0.4631033603585263,0
0.5904912457443526,0.09599712272076999,1
0.6740228081809515,0.5685690258350837,0
0.0919176043786476,0.028078375418136847,1
0.5869671772407551,0.5911955652461218,0
0.013152316397376906,0.4610934012160156,1
0.9256002103286575,0.15038187418305993,0
0.16125237861419994,0.7625995293913409,1
0.8310053251558246,0.18843894647816029,0
0.026565365598574364,0.31323912447117974,1
0.9720609562682166,0.6151606140223622,0
0.22246208179395532,0.9898630417328109,1
0.8619138667484416,0.6634276587586114,0
0.24240617352574345,0.7707452635835542,1
0.5911143919541461,0.028887231279699277,0
0.3297108149209452,0.3748847822193798,1
0.4594549977270159,0.5000495416977943,0
0.12410846140175757,0.9208162501718042,1
0.9762590545821004,0.0024090649738192083,0
0.2910115311912589,0.2825131507506451,1
0.8745152410972976,0.3785677459687212,0
0.13699772924299258,0.09359375039528772,1
0.7481061617152208,0.6485561135352377,0
0.23430225269213578,0.4307400499436417,1
0.8955399881464189,0.37541098830745534,0
0.7539019576892919,0.79723869530204,1
0.910075650850964,0.049864107582496375,0
0.6369182358509429,0.11322467439064088,1
0.7476471081639299,0.663468358434047,0
0.27876610930569234,0.27101152204795975,1
0.9842627804919474,0.7975416414135164,0
0.4001367708143696,0.29170945155990113,1
0.9662314743058532,0.5633374728986748,0
0.5253423371281214,0.7969415117438053,1
0.7753746138384401,0.5886889927101158,0
0.15880774755897364,0.2009802238001943,1
0.582758097857219,0.60450557254171,0
0.47734365157585135,0.9744341504031558,1
0.9432831609771374,0.8476157252578629,0
0.41485215603692127,0.9213194327812926,1
0.7814826600004119,0.3741799779458099,0
0.6853338589800532,0.0870160988929799,1
0.9970553616200591,0.6397035875204129,0
0.14157004138589502,0.24877249558427128,1
0.7687849804781619,0.6946052512054729,0
0.4795512247278627,0.8441962278442082,1
0.7282006093053243,0.6198248081357541,0
0.23727493442423186,0.5713666499428761,1
0.7878836630496795,0.6100797120090384,0
0.3242401755718135,0.16142169114155858,1
0.6681432352259571,0.5576733861092139,0
0.5813663334037575,0.07989434947538121,1
0.37052486556835984,0.6156379825495922,0
0.015035439591099653,0.8917308094793044,1
0.6106715543182702,0.45757521325444206,0
0.45275678391867447,0.7943519011679718,1
0.8305844917584138,0.7187500282199427,0
0.5845609801368061,0.26221940105854236,1
0.8006143735702494,0.5681334510347437,0
0.3748402759353312,0.08066780073443958,1
0.45398000936222316,0.6419635152425834,0
0.14181874626263236,0.5619212941499295,1
0.7859052045336389,0.7205923921655035,0
0.05488669414113212,0.6626189812717547,1
0.7040905488201568,0.6556746965343223,0
0.17818472962775567,0.934474521504096,1
0.8570322200603274,0.6999913335681708,0
0.1676556626798169,0.2820694823679263,1
0.8214023555242124,0.6549017170604606,0
0.7307648405604987,0.8572916059588509,1
0.9641961051795894,0.19425535754411238,0
0.6192132132294393,0.22675104733357054,1
0.5423787129450309,0.5722073604047642,0
0.4250843836541013,0.21261192462987655,1
0.33598108654044323,0.4752800014102042,0
0.6764783611946037,0.8623460564699235,1
0.9691524588920751,0.02353452147975621,0
0.5600414083264522,0.2806383725954231,1
0.6687611161919135,0.5935351030916597,0
0.10470042541753966,0.0912592830026211,1
0.8326343762928924,0.7321497291907774,0
0.5690173470976783,0.16640500110735146,1
0.8650401207604365,0.5905768171047159,0
0.046335734161900066,0.7934817996962461,1
0.37943237446636,0.4667075623110791,0
0.14765509902693275,0.6056422301645394,1
0.9732217641606761,0.22470638539666188,0
0.4315933477804015,0.6847638071385054,1
0.9008306879789147,0.7994014754561537,0
0.41904073190639957,0.7439972237190722,1
0.642210323263415,0.652759294010021,0
0.14623322175405584,0.213989112784999,1
0.31703180108683027,0.5814455743370941,0
0.5088235858526817,0.13086447730876294,1
0.5202446051691122,0.6597832077725381,0
0.595509864907663,0.0726775604524037,1
0.859940013177941,0.9403766619126044,0
0.05832786032036941,0.8839664072482599,1
0.5691699522932897,0.5186398271330345,0
0.765279304865808,0.14202410708702107,1
0.3421348220789556,0.5747750095318428,0
0.357540175517278,0.37123825067585936,1
0.48732673607616916,0.37315920724519136,0
0.31428563628468065,0.8015056433096288,1
0.9243370002687067,0.383168187401296,0
0.7153364601670433,0.9029671755607684,1
0.5053393826919514,0.6240201433827463,0
0.0725557352396099,0.7139699682158432,1
0.8941442660206749,0.1449795179549862,0
0.13209836290438304,0.4485674954815112,1
0.24910298931002084,0.5339382682468855,0
0.44501244010357854,0.933390269475345,1
0.9816363950887692,0.18263239044098012,0
0.1264494397242032,0.02500394735324063,1
0.7852899591199101,0.9246773759794269,0
0.12468581581919946,0.7279916200038308,1
0.7325594227861747,0.9498109246552688,0
0.21140308062135782,0.012499602029225176,1
0.9233659494535911,0.4350296530844452,0
0.2942589827454133,0.07176461933061262,1
0.6741266114125983,0.48525597592546355,0
0.11140349346174916,0.43680182932758127,1
0.5545203289247919,0.5489207656972875,0
0.6030398956069428,0.15027414441065357,1
0.9444472527525553,0.42112389001609274,0
0.05707729812760631,0.15222628157280427,1
0.6161731742498889,0.43634981525880345,0
0.6786760443239953,0.813755983189818,1
0.8853760103182895,0.11127774864841722,0
0.7806639903808607,0.8215790635707696,1
0.35404257958373386,0.5609442836230137,0
0.07535418186212173,0.60403225269233,1
0.5474908868797346,0.33305524257645347,0
0.26005405758408473,0.13424936542952082,1
0.8704425949442471,0.4127208158307335,0
0.24953320621338837,0.321497177238824,1
0.8853860945007338,0.5050454763449551,0
0.4412811906056826,0.24803878804623392,1
0.3693901396660273,0.4912089819854356,0
0.0073562141010162785,0.10047165113179812,1
0.4036185056285181,0.37249404286577137,0
0.05903849857538401,0.6449889949460502,1
0.9809375412186373,0.279623338506919,0
0.31475286231909405,0.8316662142952708,1
0.9205391987583063,0.033340974844366045,0
0.578376046413368,0.15148852408192193,1
0.9010445688199891,0.566566291407201,0
0.5923057718785935,0.035219598140892594,1
0.8309106270056518,0.22429938833102236,0
0.6207546490517771,0.9319871451014651,1
0.6088315955343495,0.4132489359341579,0
0.4061624035267485,0.939807661048581,1
0.945581777795253,0.059415117534199924,0
0.2207703762702692,0.7197625907526454,1
0.25943507405724076,0.5288388134011308,0
0.27349986858276143,0.38343117848647745,1
0.3733607480293988,0.5077937896235184,0
0.3596699662939207,0.34420282860717877,1
0.8285360013780217,0.27240352331681916,0
0.3345530665677231,0.7190537055172368,1
0.8661654213238298,0.5854443636520633,0
0.6491505889405135,0.23606011882388578,1
0.7431293186918401,0.5877170239778403,0
0.70593510841577,0.7632561575288849,1
0.9387469521996928,0.16179568321409543,0
0.654406620096961,0.16577211567346528,1
0.7420140579783149,0.9885720622213249,0
0.29355703839154546,0.3378343549039212,1
0.2724712128753285,0.42973331344399357,0
0.14409776482665104,0.36510210337533533,1
0.8082158252098668,0.567532893057322,0
0.5348679831423621,0.8436700286471279,1
0.6545317670791898,0.30159358391862323,0
0.5446052396282981,0.934323004307063,1
0.7513487819091642,0.7266381832207635,0
0.6017688425776301,0.1692614431732956,1
0.8215798686955257,0.108864671337913,0
0.6427837311925122,0.1765234776873157,1
0.767976029751208,0.9452536601359511,0
0.6133032881939957,0.8513874916023941,1
0.7297771384890702,0.4340508801238032,0
0.26809751687335115,0.3527712901661124,1
0.2967863100795878,0.4281184829668767,0
0.2908105062748755,0.21294190911389088,1
0.9923949180546707,0.1267746682945765,0
0.07258741971568772,0.13449240113085292,1
0.8705734045838918,0.9812620461544933,0
0.5954258653965043,0.09334207927452931,1
0.468475691665622,0.6347637092073735,0
0.367641073234953,0.730889273870828,1
0.7665484346177786,0.9120057239182986,0
0.7258086694164048,0.1779784098446986,1
0.9858572475565803,0.3681420631316208,0
0.7734712439766218,0.8157487123417747,1
0.39501588597327075,0.4695637735425455,0
0.00922409737448704,0.6599032712304492,1
0.5298244931857061,0.4398417468117136,0
0.597460969249363,0.9594367960413667,1
0.765493654978139,0.6479615119568002,0
0.21164556526511114,0.26387222691397805,1
0.7152810641269403,0.6972941722135421,0
0.6431369293062567,0.7468662036989294,1
0.8696134377759156,0.12774527591904272,0
0.3007757406888373,0.9970736038310295,1
0.8983785823066885,0.14720191627047552,0
0.2092273942246098,0.34991994901639245,1
0.9024579263379928,0.1233823355825433,0
0.35773785444186523,0.21716313869485804,1
0.8259804236574716,0.9083561305129274,0
0.2189908954591967,0.19141238475440503,1
0.6387196592049019,0.49729839621309757,0
0.5585655241909115,0.8614788261199811,1
0.9514575952383205,0.9049776515376543,0
0.2393280864982188,0.4196663535081794,1
0.5673356097275636,0.48883518254857095,0
0.25586694192899284,0.24960628787799422,1
0.2796984555333403,0.5670201595613555,0
0.5569422804299795,0.7250269948919236,1
0.9312848408103512,0.43111680073981173,0
0.5496248366811441,0.8381831557058793,1
0.7383834339644899,0.7490739415287447,0
0.061135634605375855,0.11643620285154177,1
0.8162342110822123,0.46235242490197037,0
0.010047886528066874,0.7634513154923702,1
0.41558521463356035,0.4394964089076171,0
0.07928108938494804,0.34892707683513924,1
0.7601878848543839,0.24046655225453628,0
0.10006745772974046,0.33907036002857194,1
0.7712415489970631,0.9921923335208673,0
0.160476755613561,0.8290214166298335,1
0.8139795449292928,0.7581194323887662,0
0.09930542034396295,0.48320677345624874,1
0.8745070492260798,0.6980721963239864,0
0.05911140734600839,0.1928818601207315,1
0.9245416170622195,0.6642134907159924,0
0.10878917993726978,0.48569543509722213,1
0.5292242597273416,0.4454914181724431,0
0.5197550684302991,0.3201339808075564,1
0.9894682667819992,0.11556170172733349,0
0.6033038301733548,0.05976031061693465,1
0.8135571814052244,0.36720690159433333,0
0.02749875622136133,0.19076449427617292,1
0.48188804805754104,0.5966878506690559,0
0.08775179968929059,0.3093396811040193,1
0.5414869924207227,0.6787711548196417,0
0.32275288450358075,0.6286565636833291,1
0.7247037700255732,0.057891656120156676,0
0.5760968007538309,0.8392556336031369,1
0.9196281081762281,0.8913900251820076,0
0.0013045629588908092,0.5718939740936855,1
0.9890173567026427,0.34582433885407393,0
0.6855527503917497,0.8382996448224352,1
0.7156495583926393,0.2819971757761567,0
0.1964686034165143,0.257257497292231,1
0.7716849681238898,0.2409982317321252,0
0.720332598085649,0.8368987102325328,1
0.8379693195761763,0.07541424885734882,0
0.5936625270154725,0.1942200424898083,1
0.8880778796374807,0.878397566424355,0
0.12792342576974047,0.6880905680978083,1
0.7165130091490818,0.29700143898658227,0
0.23702961759640906,0.9274088636105572,1
0.803000020744183,0.9572958727765359,0
0.7423145031554416,0.8095964235614591,1
0.926888150681101,0.44417255398515854,0
0.0667072481466161,0.24646569876037183,1
0.9954554056241911,0.1877910596326089,0
0.2435371623758067,0.4035843258107471,1
0.8735945437853601,0.7942244773606981,0
0.6880164644376748,0.1708062110589047,1
0.5870259242574475,0.5005064725049113,0
0.5772523005376705,0.8056778174952852,1
0.697743148812765,0.6647923024646646,0
0.27401556185793463,0.9271510709962663,1
0.8870904767339726,0.589594716351196,0
0.10352343616117676,0.7201271814846171,1
0.716204339631707,0.6368079994405,0
0.2601269835078097,0.662786657410139,1
0.5859324730405862,0.004233102737619343,0
0.5459195543612245,0.280376102290798,1
0.5480126099069715,0.6196521533126234,0
0.6347641526190413,0.0647932827646499,1
0.732664539529046,0.06916356559752468,0
0.48204552279477697,0.20535639838593223,1
0.7820868682871653,0.2114168600932299,0
0.18139610096412218,0.5223421730470136,1
0.34691850537252134,0.5727289966369211,0
0.21322972026954412,0.2738322198758183,1
0.48384838972911026,0.38874737742063303,0
0.08194436053718612,0.3692571869330604,1
0.8892275496557601,0.988903339824212,0
0.36302374324962683,0.8220218941983074,1
0.6535794798555296,0.4066444477239216,0
0.020064900279697873,0.32720070173397664,1
0.5524334826466475,0.6156715801607808,0
0.27825860856869944,0.8113162164878633,1
0.7743776444533748,0.6937957398952329,0
0.12336878148325559,0.1606688912432197,1
0.6141237938380434,0.3683237268184084,0
0.07777050867703084,0.8014333832378367,1
0.5819813331778548,0.5398002545239126,0
0.15590395191886852,0.7652658224273166,1
0.9726377972335698,0.6265720024658508,0
0.3065762770469732,0.9146748302583325,1
0.7320661914658144,0.5585811996431005,0
0.12003050590564768,0.43838175040048,1
0.5991821678549655,0.024062576744519948,0
0.5128401342886733,0.006703845687526799,1
0.6531288854413653,0.9740802767006296,0
0.060042062527510875,0.6465972750630044,1
0.8875747746625604,0.4118270904397263,0
0.2801159922545554,0.9598816933464434,1
0.9881209698107164,0.6718120258277985,0
0.49909498065305613,0.1417047945845854,1
0.3747901618962337,0.5476575920620467,0
0.4230475990167044,0.06843869246869005,1
0.6805624377215176,0.5705821037119428,0
0.5392253196361773,0.2781277821301491,1
0.5825520269028389,0.5816180083645034,0
0.026073800883905873,0.6025996245374622,1
0.8394072163485141,0.2610317672016912,0
0.5640734463125934,0.8107137173895305,1
0.6567458007425465,0.031183984778147433,0
0.2308305889546941,0.7867666214311458,1
0.7162066429469112,0.6103621494781309,0
0.031320146776506075,0.47403255307677705,1
0.9064403531518287,0.6755549005235822,0
0.09458763496404354,0.964988898562239,1
0.5640606736065729,0.0009968026025612975,0
0.27132310990313446,0.5959255090515357,1
0.659361452743196,0.34349390896919063,0
0.7361123896277367,0.8630962923784483,1
0.832586004917837,0.5890211926850624,0
0.30354126252466607,0.1451819059942817,1
0.8767923469200216,0.6850400685186109,0
0.3826583314944574,0.353039916206636,1
0.7094322747982308,0.4930850034769948,0
0.01800429516871982,0.16542009727955753,1
0.7182625964640927,0.6454775387028293,0
0.08614291743008096,0.5478313517893685,1
0.5607422931026137,0.380452183304021,0
0.5803516265249665,0.14677124578893475,1
0.9859320164261816,0.1765525291252099,0
0.6285814837774131,0.2136457188218398,1
0.419749278633608,0.5893589345211785,0
0.4094883938164461,0.7364725561183525,1
0.9510350919548222,0.38931650535706386,0
0.11724420713132133,0.7894119269875601,1
0.7206792599601052,0.625731293873194,0
0.4887174031558442,0.08640101376008014,1
0.2690052753348128,0.5326207978342197,0
0.36027684713471164,0.9047808678837879,1
0.32654860584543177,0.5288465870240727,0
0.5683474575289408,0.9428834237036016,1
0.8671528279963281,0.8732216976540116,0
0.5131960522712326,0.7351336745390626,1
0.9600006936526827,0.4424680918812206,0
0.3152746160543044,0.986312182638486,1
0.7911360388353673,0.9795628049228157,0
0.40576083356854165,0.9955954502527806,1
0.5629765784124763,0.43195883649052014,0
0.3832994211470101,0.3516355202115986,1
0.41931447951924894,0.49460390281136324,0
0.07320381859312675,0.30313214595498406,1
0.9143276074987757,0.2852436890300788,0
0.19969460701692876,0.01204908134047633,1
0.8107209965713097,0.5496946712594905,0
0.39455879351468204,0.7984326776588128,1
0.7597885104671063,0.39366436609464106,0
0.4134577411207323,0.24443326083735295,1
0.8950902479695525,0.25087834292691236,0
0.31303996472544715,0.8776802284297405,1
0.9173311708747317,0.6188442383981337,0
0.5155239461762581,0.7646663513227765,1
0.3454120597777839,0.44671452956727153,0
0.0017653235826834424,0.8031970834637809,1
0.5298200032989364,0.38354038375567445,0
0.27832179108750044,0.24817005196052544,1
0.6855156918587323,0.6382071020051393,0
0.6028856936689798,0.7786095655920883,1
0.856474282414896,0.4940615484231825,0
0.4210875271682162,0.6797481525507304,1
0.7203136429807334,0.04467759566100282,0
0.3358080293193919,0.9355635197613061,1
0.5066327668722762,0.5344883322628821,0
0.5622707046947802,0.9195695812823902,1
0.6772956782897963,0.035759373207115974,0
0.24142503928604542,0.02723410766102563,1
0.9339377185383116,0.5034669135328019,0
0.5545341915975939,0.12070875192659936,1
0.476452382004095,0.35838354029986463,0
0.7455072006137975,0.7702471400947828,1
0.9067848234595227,0.9902987060515407,0
0.5731136568642279,0.1674327985434676,1
0.9006635269721567,0.08771184084216554,0
0.1395048712822915,0.8648000686868474,1
0.6015414514070888,0.5707089287333458,0
0.06770490930998674,0.3566203224177663,1
0.7015370212366172,0.5694837704564075,0
0.6729418507015208,0.11565962092585236,1
0.5722442131743145,0.57249078963396,0
0.2551709398084382,0.8248148791351184,1
0.41316745232004903,0.49288844202718274,0
0.2701176588028015,0.16181342712447777,1
0.6638623974237278,0.646187584509573,0
0.5896202374334661,0.13327354547166648,1
0.5290992777968317,0.0030447562930762118,0
0.552468718817291,0.14929674379259272,1
0.5251045967923095,0.6295046992550829,0
0.10724024688296863,0.002008320093122129,1
0.9846840286581682,0.9293119324511848,0
0.06425837475403529,0.9905984523775638,1
0.7368054205605253,0.579983859417471,0
0.02317320176180593,0.21030491681457897,1
0.9633757031020774,0.39476911236797885,0
0.09437180241890986,0.3938984889042566,1
0.8823526524900677,0.9039359246271013,0
0.022008983127335235,0.8327701410088579,1
0.2341912416805373,0.4678452952294777,0
0.29165749601271984,0.8679839311905121,1
0.7997439027996363,0.607339802490966,0
0.48652074746346907,0.3124174220395428,1
0.5493521340321222,0.647659815875767,0
0.5028257952778433,0.14834229049553604,1
0.8390152201352484,0.27703163407434084,0
0.34309842451535577,0.8173474595781165,1
0.6113227496307069,0.648452025220548,0
0.3440342480016456,0.23168940556788187,1
0.8710849245788563,0.20110921295907702,0
0.5173592850519398,0.019873612422435905,1
0.8038772604385184,0.059406769354876654,0
0.08739852643726942,0.5034115740070785,1
0.7420825398325048,0.24232793814013898,0
0.46281637731698766,0.12613633809279112,1
0.42223815627251804,0.589039321819921,0
0.014868630482833156,0.45409676634617113,1
0.8557866187056903,0.7905569719569067,0
0.20782528124629263,0.6522151935921096,1
0.6661984338764809,0.44414808165982034,0
0.45992698606369986,0.33070609637440385,1
0.34602697222821244,0.4476576575549074,0
0.7065163783088714,0.8247589483264094,1
0.8357272181454668,0.6926366706753891,0
0.2950540660430909,0.08545198195719017,1
0.9622798302424925,0.5358593684580106,0
0.23223636898611,0.850422438522679,1
0.8687392505525167,0.26366108988155545,0
0.4369776353519157,0.019884060786182323,1
0.779291200202074,0.5944196859949554,0
0.6701073265686951,0.8707746756974062,1
0.9659653113918064,0.7759687228223245,0
0.271678579539819,0.39524146028426654,1
0.9017007364422811,0.35415078140714573,0
0.53521210366713,0.017770039460300757,1
0.3409624567712377,0.5138727068908383,0
0.08436314464866745,0.18802284637504452,1
0.2909712215917545,0.4976934396240139,0
0.43388681883207025,0.8078556136539919,1
0.31556379809880464,0.4499822354122114,0
0.03311098118949618,0.4205042096144299,1
0.6312325667953483,0.6979095765683149,0
0.3028629513100326,0.1800522363548802,1
0.9826775945328317,0.11792122551802386,0
0.5748883239804436,0.2017261114726533,1
0.5953303962903596,0.3065618621642505,0
0.49229840921035173,0.7388818422331632,1
0.8334330840399998,0.4953884149821879,0
0.17323478429028683,0.0478171901379143,1
0.8167137227576791,0.13718119314570176,0
0.4931087742443363,0.7911481282729883,1
0.8438982291850881,0.8732717440135691,0
0.009643706798226348,0.30359545594306725,1
0.7527077906086013,0.6379621846539567,0
0.11116014464522417,0.2306354886910621,1
0.999398999742249,0.9887673789297673,0
0.33305532330977794,0.6751046445045035,1
0.5997766700661057,0.6183990243657089,0
0.132445190739361,0.010558599590888895,1
0.9127051418542506,0.6460233888594039,0
0.40151178497793594,0.13351070200919257,1
0.6216735596317389,0.5559330750784338,0
0.487371730459931,0.7553072681860395,1
0.8545037063819905,0.7654455262734502,0
0.3197791244313216,0.7289988153935303,1
0.850363861351013,0.9478538387764955,0
0.49716295177414127,0.9194038270531051,1
0.32406378481969267,0.5083038662077027,0
0.3444077603253083,0.006814248141527313,1
0.6468374412923248,0.7048640651233715,0
0.06482315248881165,0.6244952643081653,1
0.34960506813625425,0.4088595337767639,0
0.5018687136739928,0.8096519488690721,1
0.7548419819482649,0.3286267637240423,0
0.2622235167372353,0.35838556839513036,1
0.9996509196088466,0.9192024855567575,0
0.03483141623577757,0.5221167161909256,1
0.7726945125163645,0.32650282279730514,0
0.17664323293317008,0.4570067180190063,1
0.8901448992485664,0.5664293782097821,0
0.10077992642341416,0.07694683171952488,1
0.8921018405848062,0.20320090714541472,0
0.7824371510746778,0.1993170270663649,1
0.8722238975259611,0.6078106854752636,0
0.36310612506053674,0.7044532872801262,1
0.9607932275004728,0.5208980183268918,0
0.43996529807981133,0.3465258091406205,1
0.8755704882948531,0.6703107021347513,0
0.6428324859466037,0.9043296588264114,1
0.8326182795198573,0.7522498546808768,0
0.04630360861768135,0.8078557280471552,1
0.9777041788506381,0.35579385480021053,0
0.11290085913637671,0.4551401946835242,1
0.8423203221300095,0.524405776798389,0
0.10573564506269406,0.3488011655216289,1
0.9926707679054806,0.8967919178790232,0
0.5000574464846284,0.3152861468228928,1
0.9559020136679963,0.1710407605277603,0
0.1995701124620225,0.1493092012871965,1
0.5013907750916395,0.6206680708223776,0
0.5261254289510561,0.010440296049616271,1
0.7950767972318515,0.11344629668372441,0
0.003815983110679655,0.7784108149408583,1
0.9020124782727197,0.468545074715221,0
0.4104871954311635,0.8610219367574584,1
0.7980530108831324,0.5020736709439934,0
0.6092268840003614,0.2841839397254141,1
0.9635903102778883,0.3421652074258773,0
0.3388392291770552,0.020981042810259365,1
0.4826914141287081,0.5903172567798978,0
0.7187463618483108,0.10466400398208964,1
0.38305037952360843,0.6124057682374464,0
0.31677442246140075,0.06430731672541956,1
0.5282027003910847,0.48653158407687414,0
0.452279949644259,0.6747561995019109,1
0.7616113209201201,0.09682051949816795,0
0.559173743664953,0.10108699937298615,1
0.4924135868101992,0.3586795103560093,0
0.5714897492815718,0.10156851371688835,1
0.23640402727353005,0.4699025567300916,0
0.3224800635209225,0.8807420879452795,1
0.9399335397937668,0.07227262930686351,0
0.02782837280877215,0.14294636380882875,1
0.939988516572781,0.40852730829959194,0
0.3754317000292634,0.015691646808461912,1
0.5971106352358911,0.3141959545553922,0
0.0009030946679676743,0.19746279462621819,1
0.7931841175933351,0.2731277544137668,0
0.5554459522987288,0.1726261178918338,1
0.4768875111930104,0.4811923378879186,0
0.6062752522724744,0.9074391620174422,1
0.9222906751458759,0.4659906022202198,0
0.3821089022865345,0.09709509280841988,1
0.8843408331003881,0.8016683386774976,0
0.2229415563914805,0.8436626544900452,1
0.9520640124557955,0.7313324258823649,0
0.009465426971910551,0.33303829234788773,1
0.6361746926351574,0.0033494973177549126,0
0.6984782776394015,0.7734339952243702,1
0.7370328078334375,0.01037399303903741,0
0.2551827472364614,0.26627113050168894,1
0.41311206242080767,0.6053620493605952,0
0.017909860187390714,0.7799164716224237,1
0.8287838517092295,0.8399999365497246,0
0.35803068261876025,0.30951091868461666,1
0.9766999213028619,0.9354483198405583,0
0.0670308278501136,0.09709095053581829,1
0.9742628097135978,0.7485456230288615,0
0.11042452013631687,0.8463602833420087,1
0.8964980141916626,0.2577015111940488,0
0.08018742921413902,0.17391393058800442,1
0.3429661027161188,0.4017702891287054,0
0.10632740292512677,0.47404547747037595,1
0.9934108512862706,0.10372718100735745,0
0.26484650794747744,0.7057884023578432,1
0.4206343516365859,0.5214889426966088,0
0.48252064578367226,0.9013380208070555,1
0.6510727164115336,0.49417365531558677,0
0.4186955476838786,0.9133486484884632,1
0.4403453414538123,0.46985081083333324,0
0.002429013552048498,0.8547222991865293,1
0.45344859057509934,0.5262036893422756,0
0.6346432662503575,0.14957963023795529,1
0.9424274356635242,0.9713929896258666,0
0.5607020395486455,0.08947816017633892,1
0.927483290316846,0.02724951762157468,0
0.015269150737884263,0.4122773050246423,1
0.9838959868475259,0.5612953134145139,0
0.5313228978901643,0.7777328598580082,1
0.5936204918027992,0.609891431265206,0
0.19376141119067014,0.5499059810571942,1
0.9062810056523901,0.06361605929875169,0
0.5629492823503355,0.20284574449403936,1
0.9127849206060771,0.5326849534420769,0
0.7695087910890126,0.13287264103191931,1
0.6281910489423257,0.6237013225925598,0
0.13232720689417854,0.8669416674898897,1
0.803388511211637,0.5552458690110218,0
0.6397156307825778,0.847375641048691,1
0.7636189107359204,0.684757089583116,0
0.10019517066918282,0.34102482732865635,1
0.5473207330260131,0.9916482934590324,0
0.0845455309935671,0.6756014474342343,1
0.8466528624539154,0.7832666684232389,0
0.044423808123380204,0.7802907216447598,1
0.45289112071611337,0.6061649071603841,0
0.04842877832553705,0.27454310219265066,1
0.5226034017606795,0.4748014200161518,0
0.4400929861111791,0.033518032475822745,1
0.9450497300372837,0.547075048407244,0
0.2538291246850004,0.8610422677099988,1
0.8281181280727938,0.15119426168790795,0
0.46089503844417845,0.010484738128990423,1
0.22879529554679623,0.4992463813737149,0
0.2953893685391519,0.6477148132428128,1
0.9351779587008985,0.7169901953076628,0
0.18223456858935405,0.2691855595624183,1
0.7400790616712668,0.661527131808346,0
0.34378994008722474,0.206244843361026,1
0.5894013961348327,0.4457841823388078,0
0.7745682560790773,0.14599872469103603,1
0.8994618124285537,0.790156287077011,0
0.31916863970453035,0.7234596488248837,1
0.781715666386889,0.10973329334620618,0
0.7678392618219115,0.12657381871199314,1
0.8183803151021866,0.8124577904211034,0
0.059731815069831606,0.023280994905953145,1
0.7597474802947772,0.2313610745418534,0
0.025743709429943085,0.05109452760441535,1
0.9920054269725287,0.7521587913058853,0
0.08647320248126555,0.9914704129459134,1
0.7946610416422405,0.21911297376159156,0
0.23587420252348068,0.6925128222006447,1
0.7875846737452292,0.4499235797229544,0
0.13049713181521938,0.8196984618442271,1
0.8588229190412341,0.6214195791067993,0
0.3904464187863794,0.6942106943503342,1
0.256460062537722,0.5357885233837196,0
0.4667326405557033,0.12108441623881983,1
0.5157399208980346,0.36363016912638135,0
0.3380361688238511,0.09583570827512755,1
0.8622105637643508,0.7286808276043482,0
0.5620570894451203,0.8309031886939274,1
0.7516840442772947,0.38376206337764784,0
0.27543897956056707,0.3176202424487369,1
0.3604648883474362,0.4640947974462073,0
0.03492647831922313,0.056156956750537,1
0.6219230564493664,0.6205784447436794,0
0.08127177430769172,0.22725097039956632,1
0.752446767807106,0.36346152670023546,0
0.7492847230173354,0.18886034214057934,1
0.7904764623388776,0.021224763684304482,0
0.643902791746085,0.7466373046966511,1
0.8610839765719308,0.000815900121695079,0
0.3914089749790981,0.6954199939875447,1
0.8599349241368339,0.6072299268348259,0
0.6934959834160451,0.11093780548302645,1
0.8483718844238023,0.6942080795053999,0
0.4266045040452048,0.7237809888262374,1
0.6681234681719559,0.03193396525092651,0
0.00034494409119278924,0.9610306195449035,1
0.9732723491403733,0.3459325568366546,0
0.18097697245903388,0.4318017806695401,1
0.2755011148783081,0.47405186137359634,0
0.27704767009577924,0.4120716613969053,1
0.7620788356628977,0.38154900124473423,0
0.1857389311914598,0.9115229081923157,1
0.2771905722040069,0.48266330671916047,0
0.7021080797615981,0.8032161081157346,1
0.8849856857055078,0.2469563296763071,0
0.4772891283342151,0.9476076000242375,1
0.40865169876626684,0.48042607180467145,0
0.3540848686025261,0.6269749371023279,1
0.7437798222039946,0.5818100862177267,0
0.2148940261142469,0.6913200454902086,1
0.8717691902167513,0.09817161244802086,0
0.5067603405114971,0.2834399907116979,1
0.9817326420206818,0.9306144873029419,0
0.1691951580021167,0.8329532152214628,1
0.9400948457253399,0.6100370060065725,0
0.49625862904426676,0.1364103581252345,1
0.8449866953069078,0.3437999049724715,0
0.3027066962966335,0.2079837617619762,1
0.7440070884861493,0.49617590916237453,0
0.2104697919601638,0.018593476826753608,1
0.9549924934872229,0.7086102477739146,0
0.11836618193706272,0.18068449283184762,1
0.521520776894945,0.3999960270579336,0
0.5384552469858013,0.13948214715433405,1
0.3030499487144256,0.5889476326873601,0
0.272405403555824,0.8024044537170854,1
0.28334938673428567,0.5708730368363736,0
0.299882259866037,0.06647325831539441,1
0.8786919570653057,0.3336565756824902,0
0.7405485593265658,0.8329962918667964,1
0.9008772264265148,0.449234861190445,0
0.19592247666871365,0.4030012761778444,1
0.5663963747271852,0.5981682594694906,0
0.35141237006253034,0.6654520758928043,1
0.7939069979649267,0.8575317032612841,0
0.057004222465352306,0.9334408811291056,1
0.9300944640601766,0.18606330129669368,0
0.5372782132789548,0.11347559873391877,1
0.6216569637228124,0.6104522900929213,0
0.010417986719260752,0.8289982395850193,1
0.6148144945761811,0.2971609661977501,0
0.006422504307683763,0.45962761913658245,1
0.58639059726825,0.37273835034905356,0
0.16736652831595944,0.8666996763960444,1
0.921687786475068,0.45001718416863234,0
0.5566649461004366,0.6892769287527833,1
0.8304250978553265,0.9304536321318472,0
0.31842045131142027,0.8723832187755545,1
0.8729704109984815,0.7710966531380219,0
0.47671244563738846,0.9196046868520436,1
0.9615260158245353,0.1132720558729794,0
0.03782095581063594,0.05240806528133746,1
0.7812795383563381,0.5967215731133118,0
0.0009075979161919934,0.38491852767955226,1
0.7410922135884217,0.5833056709813887,0
0.7768020149775574,0.7921544289207203,1
0.8194886351179558,0.35500290760058706,0
0.09181944791021468,0.18329077240841962,1
0.629907104311501,0.6669000639834842,0
0.519216060426167,0.05984735012952613,1
0.8009231710438298,0.605913090677873,0
0.71031211916801,0.8704387048384897,1
0.7791964251795134,0.40876023677459794,0
0.04786773543966272,0.6216655429984295,1
0.7992993751344192,0.5635072990944998,0
0.0380799701807234,0.8329963348018494,1
0.9760129741265777,0.604886330964178,0
0.3000000858688874,0.3680490467231574,1
0.5109398506242708,0.369533142726965,0
0.11399852323715287,0.7387929818205932,1
0.896197641521494,0.6689111805396373,0
0.7380206256111457,0.12076329791315898,1
0.6709836412686558,0.29645065630535306,0
0.20056089889915885,0.25652126857927915,1
0.886611858512738,0.38092499920966394,0
0.034068176945092454,0.2099629840034396,1
0.6998675122406854,0.05136141033901964,0
0.10366877115482664,0.2745231716314833,1
0.6163581735016671,0.0004663181067602329,0
0.2271921258951901,0.881024325515449,1
0.9698128068722316,0.3121857671208158,0
0.5770968828082667,0.7716057142246718,1
0.7354043852762484,0.3021538829176623,0
0.022235233094199947,0.016046061241856147,1
0.9544514835734856,0.9528828994323064,0
0.03559233517485416,0.02728664835382366,1
0.5506991159238703,0.43631113036230196,0
0.015173430729471526,0.5899375641792884,1
0.7767724158139343,0.5800675158789571,0
0.000568991384273021,0.6461551684321738,1
0.968661216916986,0.8918773773388956,0
0.5217452047243152,0.19833775891052863,1
0.9559202618574095,0.6776660797822102,0
0.3886998264266851,0.30456886604033684,1
0.8555021414573215,0.6909179609895101,0
0.17744194411107195,0.4840615632347923,1
0.576252722297848,0.519178669099174,0
0.20004748314863308,0.31689362599135695,1
0.5628525533475851,0.6787910582881477,0
0.31772620650655725,0.062357115626656134,1
0.8950711413368498,0.03565205432506757,0
0.21954839833185968,0.015181175940229386,1
0.6859155425142527,0.959643904813469,0
0.28452053997213267,0.7735274234001435,1
0.7711919066895702,0.27857771151373345,0
0.13904119930989567,0.9214531960784725,1
0.6155564806205863,0.5555081069960569,0
0.0711944276778701,0.0347888178603839,1
0.5687087779933555,0.5287410378776477,0
0.6344807470807042,0.07967919935135404,1
0.7746606562542752,0.883694483358223,0
0.3967590185962706,0.9574189216639404,1
0.9653129936109504,0.6599176450328872,0
0.6236358145694234,0.9118387289035,1
0.5570128927120443,0.4858641043281873,0
0.38361475485775853,0.9727221269595997,1
0.8513477130615259,0.5859640038326863,0
0.5936629462309485,0.09845142304984067,1
0.31893945251515343,0.4173972791140157,0
0.37147258935057736,0.3066084908505119,1
0.8585798309882163,0.7188509024365088,0
0.10579356037047372,0.10483808544654782,1
0.5081495354922606,0.5962158261418352,0
0.060593027973491864,0.8163729938092802,1
0.8390289839418552,0.6963111972724999,0
0.4425170656245494,0.6787948403628756,1
0.8732243510974738,0.21039133767629692,0
0.7219106768215153,0.19676056022389954,1
0.8958021603075564,0.5872140309013933,0
0.11575488999857331,0.0022204635816017726,1
0.4661026582016822,0.6450222731366007,0
0.051344715227351956,0.6014138718769391,1
0.38796823385153745,0.5449476508307622,0
0.2626209573114435,0.9058671028745375,1
0.8340131270218212,0.8839135208544266,0
0.6321146118222342,0.8617085363599282,1
0.9465568472299254,0.4309663136050318,0
0.5259006193941467,0.18522125621469965,1
0.8939571829606626,0.6342433438827484,0
0.0448062658984284,0.27805521620533913,1
0.9341079426389608,0.5691832313522753,0
0.09432623998410794,0.6393189970043334,1
0.79700947492046,0.06912992388961836,0
0.21741055039957413,0.8501418040296463,1
0.6907819577779801,0.3914687311122902,0
0.3899691667641373,0.8266119238793219,1
0.7747680392774217,0.9666814000446058,0
0.4653340579799161,0.31774159648556166,1
0.7701811465704225,0.4158808952651111,0
0.05084473294838121,0.7610328735277606,1
0.4937697178774625,0.6331410625820938,0
0.0278213428389954,0.08654582006541867,1
0.6484618888584868,0.3542297150004473,0
0.4248029813456019,0.1085298228456053,1
0.8629959852331592,0.8099809403366264,0
0.4730488432947332,0.23268938334324896,1
0.8443089783990703,0.2174482437493076,0
0.013576164521994394,0.583425825998487,1
0.2901907128282445,0.44805041389971934,0
0.30692492585575837,0.3091922378691717,1
0.6889588760535635,0.05398446623421316,0
0.4037167575411047,0.1459641374038636,1
0.9596128773604259,0.25348914209485085,0
0.22054419264174774,0.08221011714532489,1
0.62689524851556,0.38177163972004613,0
0.12653742676706525,0.6663239593950431,1
0.8234631871098578,0.8045457876682015,0
0.17944957898958602,0.9968420274003992,1
0.8311178421962543,0.29128722310890653,0
0.5059304015265917,0.7027244962928944,1
0.9082339172551779,0.40730069055298257,0
0.4050736346206393,0.9818618351740529,1
0.4588841231953066,0.3960727343187149,0
0.05255455550722443,0.2131781288220992,1
0.808107822612394,0.05035521915070318,0
0.5089304737432483,0.8054317253272505,1
0.9839202891174362,0.16568949719787462,0
0.11867727138622186,0.9523131787271593,1
0.8457994558315411,0.6807420362613146,0
0.4294047462972207,0.32115431539646166,1
0.7878437460730446,0.47646294111999254,0
0.400237806059054,0.2937267203836603,1
0.4527058691938597,0.47282706765293525,0
0.3070491645839164,0.3754316247819357,1
0.8162581660133652,0.3564250165303974,0
0.29337715927553476,0.5969857611765613,1
0.7774339183635924,0.6184138378500809,0
0.3951107121135864,0.32733688220523205,1
0.3081699480891875,0.463605185747735,0
0.4371835104834809,0.18276707855262198,1
0.9314057446218887,0.7634855279016932,0
0.2072458650587261,0.3945610948687436,1
0.5308866245882519,0.48842471653775343,0
0.04995751689229089,0.16411056261399515,1
0.5345843804930565,0.6203642497457298,0
0.23052770685814206,0.30151818686464715,1
0.8432658855503582,0.18318484641465804,0
0.5752615678606221,0.16436985371153057,1
0.8282236131991182,0.5840293796763187,0
0.6414750400395661,0.2460532686647564,1
0.7546998925401397,0.6578900194333845,0
0.17973689573476814,0.575564623786622,1
0.6496672995249236,0.013718915628250117,0
0.11916722990916673,0.0428288937273571,1
0.8538527950830951,0.6725203357727719,0
0.494403919235317,0.8835015995047856,1
0.6641674682095053,0.5466935080202688,0
0.20681906366039537,0.282638949507514,1
0.5741055367269814,0.40623027512660115,0
0.416222736780146,0.7389862501887682,1
0.3017595702150009,0.4573888746404676,0
0.3803492110596096,0.704901250475794,1
0.8892479014173246,0.9339559631395694,0
0.5698275257323786,0.2687305465120513,1
0.6750685838468742,0.7179074330967713,0
0.2561989123634595,0.33985185130295625,1
0.6126160133637332,0.6661819959706906,0
0.16927560778197603,0.5799640161226364,1
0.6664061113311279,0.3670894133111565,0
0.09459162086373962,0.0029915119371932697,1
0.4739944505246553,0.36391856024004343,0
0.2934197980022205,0.6138373272231918,1
0.8059898018994631,0.1470803325469563,0
0.2563841362975666,0.39374154368088765,1
0.4989427196161893,0.5987447598153078,0
0.576115894974965,0.2704516810937304,1
0.8339234900175813,0.29133779574437646,0
0.5172350268419608,0.9685186910422756,1
0.5001187760542131,0.5364119752614558,0
0.014195420986951146,0.4234917157474677,1
0.9714179961480952,0.0701446758151637,0
0.6692798127661724,0.8212780128993492,1
0.6269180481149834,0.5541478194885807,0
0.09712116357034628,0.9684985824393255,1
0.7002582605305996,0.4605966248975738,0
0.2294111526372392,0.9359361714509155,1
0.800689832882827,0.5282396540506196,0
0.24468159225838826,0.19692068762677006,1
0.35867047558279563,0.41267209246354486,0
0.5495910003431044,0.27350094446857,1
0.9219146345404458,0.44490066725570776,0
0.00509879945755265,0.05102509714056469,1
0.8398738835635997,0.8319069119302648,0
0.5868588502167681,0.7472268412721622,1
0.7854683628871411,0.4094362200463083,0
0.26353771308931895,0.9390524877164428,1
0.8966469298606222,0.22680273058355227,0
0.10109138041442789,0.7429545175050999,1
0.8756535234756896,0.28549565363418794,0
0.2980787742739641,0.3196492007252042,1
0.9868687558072464,0.31451608817548427,0
0.29411602742254583,0.9474136187526514,1
0.8618204681456535,0.028908781535327166,0
0.05755268523228185,0.7489213052455761,1
0.21781706706807302,0.5070303939936055,0
0.015728186191931948,0.5094221585555198,1
0.9498371384297952,0.4352886078096043,0
0.30778581316951437,0.05020390231072902,1
0.8958684452868375,0.8593596882098751,0
0.6679364642801706,0.06999502349166209,1
0.7458158240544489,0.3466337265441095,0
0.7738154796987348,0.8097849098071511,1
0.5621672407262546,0.34193879034951646,0
0.4138481544947221,0.6427117228918432,1
0.6887046048134108,0.6360027385410427,0
0.6792380222332934,0.1617657344437614,1
0.4999398577021259,0.3392840691351777,0
0.2874215276270389,0.09870459761133221,1
0.6865161494178532,0.40765572895401037,0
0.3244546290956991,0.31621320827991695,1
0.815873790212933,0.7810990446786011,0
0.3613481204526017,0.8540108435810847,1
0.5105538032558992,0.6025740640502856,0
0.2374664985082492,0.8379297454828964,1
0.7621424525801122,0.9606041954213376,0
0.6602007975254603,0.2584761873637458,1
0.7852510280112387,0.0176681316372842,0
0.3440952773300795,0.7130242562727698,1
0.681287474519926,0.9681139851926619,0
0.09266436930423982,0.2630798481791683,1
0.9110650088178825,0.10726526651567048,0
0.12967260260478775,0.9794229239276164,1
0.8520760746206547,0.671054483092227,0
0.04587901219363344,0.7403698153536602,1
0.9283943548329352,0.6069979392232756,0
0.20555382697537494,0.6498092987673305,1
0.3652767048634382,0.39585172911546196,0
0.47946651386656347,0.9879889895510975,1
0.48840478418813904,0.41479871557423065,0
0.20225594012289372,0.9631661795037715,1
0.8577250406343443,0.3422005750361714,0
0.09840586264925111,0.0899661353818586,1
0.7990964008150244,0.020680447773623212,0
0.3783364063329483,0.26000606617861777,1
0.5562684494519674,0.4644381402230007,0
0.103710272423443,0.4270642084799813,1
0.5319076254295881,0.638194371299221,0
0.06683402869176402,0.11437414670799573,1
0.4618911325260673,0.5766776258298332,0
0.11203961808785767,0.5138002983519188,1
0.7997328035022236,0.4651278968360799,0
0.09783317736636432,0.3749118631531865,1
0.7135209595902279,0.6710141986535172,0
0.016736208943877173,0.6910660054733692,1
0.833512275983964,0.2925870931288723,0
0.39991880232971744,0.0888189438193292,1
0.8652917809862418,0.20345127069491842,0
0.19116880400945646,0.9671912174756397,1
0.8133141517532382,0.7228050696531606,0
0.009225670170261546,0.580201280452822,1
0.5898903223150767,0.34567592659502355,0
0.3982596112415807,0.1056110183814073,1
0.5461624506814843,0.5806164927896446,0
0.023199296481021592,0.29011695984860075,1
0.3776961589678386,0.42688411900445034,0
0.1737809950588045,0.6493320470692858,1
0.8035269914786194,0.4575342665757439,0
0.1982145268703006,0.975376833268809,1
0.5974581091773405,0.6534513579808536,0
0.4543152081987706,0.902281900469568,1
0.8294561169450407,0.27590566856487897,0
0.08668229637014335,0.18297490865457688,1
0.7312400772502041,0.6644573148011771,0
0.18009887158762627,0.431520933529033,1
0.9858948980503133,0.29630050210165826,0
0.5464562910623,0.3132584901040172,1
0.3321833089070573,0.5775940791907155,0
0.04349410863125103,0.2897069225497291,1
0.5300683241191882,0.42621312920461407,0
0.5622607731946327,0.9620518096803435,1
0.8396000326491995,0.9986530444298829,0
0.2826628165238968,0.6846744445940333,1
0.7948279496955295,0.11000713824652997,0
0.4146834841463005,0.09533639446678677,1
0.9791700436289243,0.8998442030694036,0
0.4017332992938589,0.8890061037047458,1
0.8285439390119335,0.23104461208715832,0
0.1676255830075002,0.05805799184083138,1
0.8436724403432532,0.6518613384002282,0
0.07911592054846162,0.8444081016417961,1
0.9414401462888434,0.7137924236410945,0
0.03697498591248105,0.6765648287639401,1
0.24970421797153208,0.5034997336246633,0
0.18010030729858983,0.7310495366273464,1
0.9119692651796834,0.7471260910716564,0
0.21020482741600532,0.7253347382225858,1
0.5868364768303994,0.46444396442094626,0
0.5983745298037166,0.13317222363642556,1
0.6567664851114752,0.9900959018170045,0
0.2683490316278285,0.05903502035467745,1
0.5049940856154623,0.3962084184035283,0
0.7318146859035453,0.8110362130180039,1
0.8301398462114467,0.7301414480152822,0
0.26392835573810824,0.34788508580404853,1
0.8053539364300722,0.7428518559317735,0
0.20686556949191448,0.6023230195679709,1
0.8530402034723686,0.0050649886488958185,0
0.1822116060415312,0.2426951153026221,1
0.6730562456888743,0.6151197900331703,0
0.4588812209643153,0.01814166603169165,1
0.9217427498743007,0.1585530926952914,0
0.04262439655231942,0.7304664836161067,1
0.8157348740723542,0.40754700904485963,0
0.5782628572425975,0.28703052194840395,1
0.9666676589751286,0.674053518151958,0
0.2196520734118408,0.3717376479102483,1
0.9556692052529732,0.2198476388989279,0
0.554931393880147,0.8788097969475697,1
0.9124261051540442,0.48614594796879007,0
0.4375587375240547,0.9028369362118623,1
0.8811939396352021,0.9286273437686131,0
0.04791757223458759,0.8991589712066543,1
0.39852932648156625,0.626569054672029,0
0.7701805323893903,0.8350184377309979,1
0.45013852326993686,0.6478880968214643,0
0.5322222697953986,0.8436612347579705,1
0.6783191695723112,0.37717167093222326,0
0.06722535508249672,0.9172720889531232,1
0.9385443844336123,0.97764939136082,0
0.08641526447264725,0.7551076683675894,1
0.8987314148361819,0.8429797199023248,0
0.5466622154564506,0.8590409730512955,1
0.8917053452435567,0.5653553814764715,0
0.5340386583970458,0.8540300816515106,1
0.5626073365878282,0.43475977768073004,0
0.33526423296335306,0.6754510583550474,1
0.7592407158426007,0.10197518256159577,0
0.033990255032630645,0.6236370299125114,1
0.7663218996733869,0.48923869744064163,0
0.18865750494608957,0.674995293676822,1
0.6488794696103897,0.394540402961135,0
0.3886234003510294,0.024498111319057547,1
0.5971413845860722,0.01705109424935991,0
0.1944362238139059,0.4877545459267312,1
0.8400437888981231,0.3674900334205805,0
0.20710489838322843,0.32440562746191404,1
0.825032654721549,0.773117499042723,0
0.4479076602457712,0.7136520043635298,1
0.6883826796500636,0.016327057653285015,0
0.36609128608795294,0.9138040057172578,1
0.6524509613423675,0.3819142072984607,0
0.14639423733069656,0.09976750318687122,1
0.7207400146113249,0.6673923603662288,0
0.6661662313780126,0.13460669228630318,1
0.8242594401083565,0.5497710907699097,0
0.2110937982221487,0.10225611528374079,1
0.9254415787566815,0.3710099025399445,0
0.2642272352104452,0.9469117129530562,1
0.94099513421381,0.6780379867974724,0
0.11886909409415791,0.22628540101792194,1
0.9787560267191506,0.8546595800674116,0
0.2606977177884998,0.6833572909508704,1
0.9697367272827674,0.5824882017771421,0
0.3530721598416837,0.13454600971319008,1
0.8487772269103121,0.12717573558390405,0
0.4824896192674003,0.8861201158411056,1
0.7434036228039405,0.0024846163394675047,0
0.33291754632238835,0.2695373021945905,1
0.4251018294265122,0.5265902303287668,0
0.09757826319002783,0.23602225059054538,1
0.35293837060267375,0.4484858159325229,0
0.3305354430766775,0.7025651223667444,1
0.6971153388064644,0.5882554025895017,0
0.015918350659116065,0.8986482520449397,1
0.6800890184622191,0.5880130108930395,0
0.5785282853232478,0.7098539386326113,1
0.8414843970643523,0.9182653786209991,0
0.31365702209110646,0.3508393467315877,1
0.7872354545321565,0.8691156461105037,0
0.1917771399325192,0.7158141460672931,1
0.5732283873718075,0.6304045136661572,0
0.4542439045386233,0.8771040517756814,1
0.6651538529723751,0.5619477609042227,0
0.34150256186694516,0.099364615746102,1
0.634035075573435,0.977105444879522,0
0.40160960080494845,0.8521807930940895,1
0.9885082098554242,0.47371456611131413,0
0.5225938646057869,0.09542382614527956,1
0.7306272810101807,0.9565916274380523,0
0.322260047083921,0.6238987797353897,1
0.892335210256398,0.7517321955711044,0
0.1493890044299847,0.04366994981576611,1
0.5009278628606162,0.5795326764013999,0
0.4376040032928393,0.7433112891638209,1
0.6343606831834638,0.5449456106215722,0
0.011244438035526327,0.4525473732273766,1
0.8832270656710539,0.18551406391031278,0
0.21420592904961822,0.3449617128146586,1
0.7524445904308842,0.9151932086569714,0
0.21501019150924372,0.8224735177230422,1
0.9061170738202561,0.5066731028970403,0
0.7007025453950888,0.9033135273879032,1
0.9659219951352233,0.5044265592855565,0
0.006672921775606522,0.6932540422379249,1
0.7015352214529524,0.4097954044713865,0
0.020038062480326246,0.30195263310327136,1
0.7252080802565603,0.6572947926550335,0
0.5134432910979561,0.7852769673620784,1
0.904089466781793,0.6086494020264772,0
0.5681288742123533,0.7669163305279422,1
0.7473351287857616,0.4509835024959863,0
0.7761128708898581,0.8676015587519043,1
0.647802179535355,0.9660370001885323,0
0.1404460841987567,0.44791876759340676,1
0.9805768039869969,0.15470932839787765,0
0.11574155645476158,0.8009566367230895,1
0.4354447098672497,0.40685124961474894,0
0.1104098270244478,0.2068684282686274,1
0.9330551914304391,0.05619217633080642,0
0.18192445637549726,0.8962818123809436,1
0.9952307891119746,0.968127366853894,0
0.27631922488202865,0.19128973529106252,1
0.7151433274200323,0.4613821079878776,0
0.1507906166856332,0.40619238842025807,1
0.780606517261451,0.4948293085404145,0
0.007287515258405541,0.764002135334996,1
0.8089825815706927,0.1882072127115142,0
0.5885933625777596,0.2789289658330575,1
0.8224194219839635,0.681451550993185,0
0.6264397017939068,0.18362896748951207,1
0.4056159616179551,0.512042408061112,0
0.1143761815133838,0.38379230334422987,1
0.9547797399797089,0.4233566939128326,0
0.2470348768246552,0.804653974970836,1
0.5965599549390426,0.32539062895641024,0
0.18967484609561236,0.13880376810900952,1
0.8617159873377845,0.7702302547996037,0
0.18288200412056488,0.7308765954153807,1
0.6304074988204182,0.29967080807955615,0
0.002688856679777585,0.8264034289976852,1
0.41851091774232785,0.6104122435005064,0
0.546331551410932,0.2172352693896451,1
0.9134059471575372,0.45727848546043204,0
0.47939204761926,0.14387293161090908,1
0.31803137362591616,0.5197646407050736,0
0.0075158519323013095,0.5107430838208225,1
0.9946417280145081,0.11323422334865352,0
0.21636262218539215,0.8401745249689607,1
0.6703412638061038,0.3933566388046845,0
0.7399265996101385,0.8920087967904998,1
0.8005923018868407,0.7803076650442511,0
0.3029986443755618,0.16221734408127864,1
0.5898086594460071,0.49729730901397196,0
0.4860572127973588,0.8450130420929158,1
0.9935710934777454,0.04539495684916983,0
0.22092529681868334,0.9021200190161229,1
0.7263770215639161,0.566322382156451,0
0.4351741299389793,0.7099686423607071,1
0.8555836714142824,0.6332550107680148,0
0.45881186469951285,0.9596330705335313,1
0.8676757451615542,0.6143682143454449,0
0.7096038388081114,0.14260333951268667,1
0.6126832127608275,0.6407129900145271,0
0.07929169277731829,0.5073998877038342,1
0.9454423058043693,0.16167070509987647,0
0.7406881228019606,0.14949721587321885,1
0.8113060559241536,0.6864907914179715,0
0.5111833974847902,0.04289105028020901,1
0.7345937585625957,0.026091539088488824,0
0.5401586236794099,0.19398133076059454,1
0.47062978295728963,0.5557662544699398,0
0.08567445066913759,0.7649880916589268,1
0.5362648900581093,0.6137290613766365,0
0.35264973377592757,0.7601948395659203,1
0.835123154618527,0.6512835841536776,0
0.3328249666914822,0.9131032587140393,1
0.7575471199841878,0.709376940107764,0
0.1849244812584382,0.8217059044977141,1
0.8986473016856921,0.30652587384033647,0
0.570595124958476,0.11965062029502482,1
0.7533354891848006,0.972187225659701,0
0.013767286542986423,0.6917547853425255,1
0.70114607245625,0.06220412680089937,0
0.2100015141796907,0.006118619205446207,1
0.6201373426855752,0.03721045992467642,0
0.38125895531143017,0.6496830028454862,1
0.8931320071019795,0.8193882285912266,0
0.4614763577590212,0.12192515997863562,1
0.5686677976183458,0.3192367914669788,0
0.4445605190879216,0.6919228041844885,1
0.8995910510050112,0.9777514935564011,0
0.476124606428729,0.7608961494931844,1
0.9372471675985602,0.5192706576361028,0
0.3592503194746519,0.06512203977173248,1
0.9651342788716554,0.40811031762964833,0
0.451307637674075,0.7831986181718169,1
0.9256608217452584,0.7732693674064118,0
0.1227973261801748,0.9232020224435352,1
0.7677132000559198,0.5864557812400768,0
0.01768678318979988,0.2802238582082266,1
0.7207252166096005,0.6528317795105946,0
0.678517533598087,0.8732044631538585,1
0.9724701320368788,0.31958329533949914,0
0.09203530474315924,0.36842684248665347,1
0.632188596134115,0.5377486575565478,0
0.4968540700296298,0.2307484452872508,1
0.7580046088383046,0.2803144060976027,0
0.1427865746678979,0.9382336251953469,1
0.8795086792126521,0.9785410124433002,0
0.08152423918704477,0.6452976535519632,1
0.7600742165574048,0.7739904711883824,0
0.07068592024164677,0.9358155739227115,1
0.39786796280140513,0.37606681662130714,0
0.7118597034845594,0.2221163880367647,1
0.22930087692074752,0.4820299486611235,0
0.4728257609977611,0.8683394874879498,1
0.8406622858473505,0.4650868610759633,0
0.6506620784117546,0.1792144474976901,1
0.7936273951938235,0.9718754119829454,0
0.30725798502047863,0.9839421269308237,1
0.861212553343665,0.3341914881046988,0
0.530547063993019,0.8713649720037996,1
0.8785008125540388,0.7210416767095946,0
0.4429289286122132,0.06567748333459966,1
0.4797340865019898,0.5812258214792457,0
0.1463941186165647,0.4729936742268256,1
0.9110139072002976,0.07261777149869153,0
0.2884220458104737,0.9304228487577026,1
0.9938160938234839,0.5162198375166953,0
0.20920498204448124,0.37663414293955244,1
0.9833279556704848,0.7069467213709759,0
0.6033385783125487,0.7063945472101492,1
0.8231610224358692,0.08776224526359555,0
0.5698471013704514,0.29271960014189424,1
0.5303803802817365,0.3562229008710731,0
0.05507014619859596,0.2653371109475444,1
0.5846474216941038,0.02217624537064289,0
0.10956885726646381,0.39286765288621395,1
0.8040202022055524,0.99500686386822,0
0.6207994961384679,0.11800297537086302,1
0.6106286451954382,0.9877755680186905,0
0.3467867497730198,0.6649802260121054,1
0.7351875826779635,0.37761653711208765,0
0.3126334119551325,0.6761539195472009,1
0.7034529870008646,0.9468012873243898,0
0.07942142186108325,0.6874483649597276,1
0.4823981207211666,0.3448229552323365,0
0.6127341396616915,0.19941726023076756,1
0.9456642602325334,0.04128644104960166,0
0.1287521604296441,0.9236747477267614,1
0.7791848261249037,0.7144542739159339,0
0.774639511595928,0.1733769439910119,1
0.583511971422907,0.5795612737980096,0
0.08997583856567637,0.07736711757146109,1
0.8426458701502059,0.1453713929440733,0
0.53652547701807,0.1182284634133951,1
0.9158503895456026,0.39132074704168607,0
0.03542326017554809,0.5873281997270556,1
0.8251833981271625,0.3496198205591362,0
0.18666473080775958,0.4801494521964851,1
0.8833212394116069,0.6970814738100256,0
0.22458746515967865,0.08819059399913443,1
0.3069171389593791,0.4200415635399777,0
0.24848029056017973,0.7762947846573278,1
0.6398009227800668,0.6874601893993559,0
0.30959827040871135,0.34207980031719887,1
0.8312425371036649,0.6487188577879366,0
0.26314634105266743,0.7980225278147978,1
0.7137358370591835,0.3057240867720288,0
0.45377210033064785,0.8011855486522205,1
0.9989026405029856,0.5272459603364793,0
0.0656491612181459,0.9903211270189052,1
0.7824462979390993,0.03374024378242091,0
0.11094135892055146,0.9522069801366759,1
0.8942084572943306,0.7312000145228635,0
0.004041369415468066,0.44620654875357313,1
0.8102177449686585,0.5693985546757669,0
0.16131630110433948,0.6832482076167268,1
0.9552717213908639,0.5679618147527086,0
0.11140497369093749,0.0408132342372135,1
0.9049240794239999,0.7255070310218305,0
0.6181298718738846,0.08047874361319107,1
0.8288511364916263,0.8073505011779882,0
0.10492008003876674,0.2629432210388012,1
0.65987255429686,0.6725170526988179,0
0.2786745586746683,0.5831113599906315,1
0.8065436567460524,0.6957572073664754,0
0.10777695291105271,0.1892388900340446,1
0.5899727695711657,0.4018051155451622,0
0.6225333619018018,0.8308047975481443,1
0.6512230977142719,0.6055602651519887,0
0.06694314002093804,0.9503150774505674,1
0.89523448139088,0.836677763737671,0
0.2871320567384059,0.1329218498156487,1
0.795121243045091,0.9684314539853957,0
0.6801756044279569,0.7421436274738269,1
0.7405635699770612,0.3363022059007522,0
0.13236803454672608,0.3362441646022958,1
0.38087541650662726,0.41512969751550455,0
0.2015322181881425,0.9880191736049786,1
0.7598575014064004,0.5272649827837599,0
0.006997255534736957,0.9864719318301012,1
0.7451612533362507,0.2991525809938257,0
0.18559465071434833,0.02106196310369224,1
0.6976668303703151,0.3621436600300719,0
0.04042614237378672,0.22052454194361593,1
0.95402442733628,0.6637671970513656,0
0.5515439736690024,0.03103650525700352,1
0.9209689948207654,0.5261160540269979,0
0.1479182866344635,0.41097001282610834,1
0.9365853485829462,0.7447542387514093,0
0.4639977048092122,0.7776518334858447,1
0.7331995015684428,0.7263027390850417,0
0.5691473935509686,0.7386539235164649,1
0.7768208306891387,0.4530586782143853,0
0.7274574629752073,0.8562497608052525,1
0.3311720901111739,0.5587692101946026,0
0.17912506980025633,0.4189917967143836,1
0.4151777553225656,0.4508664558273586,0
0.06699949534826699,0.0628431444882579,1
0.7260113625689805,0.9695237967683397,0
0.216997000278217,0.03448965504194712,1
0.9596950354814786,0.036631950336749375,0
0.042950431017868995,0.8819410283232605,1
0.6810532775493282,0.3583797755608775,0
0.6306773819509573,0.863706228375469,1
0.9060874185413622,0.0984569046174375,0
0.23562256567448114,0.6310487507028312,1
0.8186234638871006,0.7794660026238455,0
0.35960676804895053,0.7282489610071307,1
0.8421225384793879,0.7035552183126659,0
0.28004190992952704,0.798747717179198,1
0.5252402355573128,0.6049758025533195,0
0.06781062461918563,0.47505998318804643,1
0.6255357210501936,0.5778160830028627,0
0.42617356400380424,0.33812510841042753,1
0.35904767807646687,0.5189847130698904,0
0.3527693499522073,0.19166588018309516,1
0.8381136792438556,0.06361084839921616,0
0.01328650013979471,0.29926672256417386,1
0.4263985316608304,0.4311963344331411,0
0.08747448670640123,0.2905922449728662,1
0.582386533429832,0.6075151982850958,0
0.4898252774573063,0.12462762994363852,1
0.9425046636525001,0.354201571429396,0
0.2644103997102245,0.15878775313602933,1
0.7568346504064205,0.7097689329524032,0
0.18068512281802407,0.11830030397973224,1
0.8626421872366477,0.8526185633182405,0
0.3942586746766211,0.8137045836943592,1
0.38143096662388065,0.5128939036357394,0
0.03874496702766683,0.5683468827544859,1
0.669612205703252,0.04779599409047253,0
0.2274871190372686,0.6895240840352342,1
0.7786943222426728,0.6230163365849903,0
0.39490418814084827,0.9310620317697088,1
0.6954444081568171,0.29461779475848604,0
0.6375355990978265,0.8662802201288676,1
0.9939628758288213,0.04771184909806048,0
0.22746138535109728,0.3254403752568906,1
0.7959993330937306,0.6101096576522517,0
0.07819222074682075,0.5237811481706028,1
0.9406558385721591,0.9594570491826062,0
0.44446157281087983,0.3304304448712403,1
0.3603991090485583,0.4472097742810701,0
0.6835200878759653,0.8774336406971796,1
0.46996948657244997,0.366675857843784,0
0.03751475391458203,0.20857936694517876,1
0.8487768768950097,0.5906177638684086,0
0.26394509037090996,0.8852432551669647,1
0.45567006355351725,0.5055148236482284,0
0.30611154235784976,0.6208978782706736,1
0.9720015461108058,0.8617944953040948,0
0.21730568205231482,0.9345758725650632,1
0.741894819357942,0.5357737508127436,0
0.040445561291060916,0.17278197923361627,1
0.5238892509053524,0.00783182467304222,0
0.13702185446606174,0.33118513988799725,1
0.7560289627022746,0.2498477097383337,0
0.4158938844572422,0.2475236066603006,1
0.21125229747243657,0.5141999170690188,0
0.6377234798939,0.16938598345649059,1
0.7576031417256607,0.1052307275646236,0
0.20362964901870195,0.02033660994513009,1
0.8858231926931267,0.813416222029121,0
0.00870129761088878,0.763418254102618,1
0.8994561590218639,0.28278508565161564,0
0.22494992669214375,0.8378703944627433,1
0.8778186430077447,0.5855073529944326,0
0.0352625222389783,0.5732161351441617,1
0.9144335491919356,0.4393080998400444,0
0.06223128509136533,0.309578765247165,1
0.9628169650434161,0.7677397800641871,0
0.05163000019106645,0.9704437498525035,1
0.744801923646501,0.4541917482011384,0
0.39700949643383643,0.8964688396839469,1
0.6299137353433024,0.6358568713159629,0
0.22197843158912645,0.05085136747213004,1
0.9868816079241644,0.06406554731222736,0
0.5510655369412922,0.9014937183885378,1
0.9895412666314165,0.44982220699635445,0
0.061574003590417314,0.3837519612249273,1
0.662456633711375,0.44191349517134193,0
0.2669072517134238,0.6612956604186883,1
0.5388356017659116,0.4617938526797821,0
0.5797713839438482,0.8433887035207869,1
0.6647605515434505,0.4211588871728307,0
0.08041378628784102,0.5992336717421918,1
0.6662203431794975,0.5029031543471263,0
0.3263257550720261,0.19328099944171506,1
0.676112448191638,0.664162683404908,0
0.5440957732436116,0.1844122587307644,1
0.9258028220556314,0.6162589126921401,0
0.04208362039714353,0.4368678234644078,1
0.8692822495463773,0.5776555509649458,0
0.24604895996546183,0.34422137406528264,1
0.7466229398491541,0.3183545831284732,0
0.5156495552452501,0.07314085545931881,1
0.5618560905643487,0.3245303790176609,0
0.35265315121002583,0.9512985086145838,1
0.8763142054864951,0.27712788188439275,0
0.07203595668124996,0.5565909099035571,1
0.7221977060341048,0.28512186459302225,0
0.24547738490712223,0.840255639864373,1
0.7851594803955765,0.6263817536487862,0
0.4930993824949854,0.833537808419932,1
0.29603021125345186,0.5117549735476502,0
0.5612413500363787,0.719523027171727,1
0.7900992621787106,0.008083941236816883,0
0.11017161097403028,0.7139036052468479,1
0.5628369149909248,0.5938908175459451,0
0.3894700080566603,0.23242264900724496,1
0.5502455653476396,0.40637249787801655,0
0.04720648202975419,0.7813492998989952,1
0.6237787396480132,0.9884691158060503,0
0.05263810608865083,0.08205700376525493,1
0.2704131937284131,0.5381413109140183,0
0.7837244236959571,0.17208207950396837,1
0.45868042607175463,0.6382129577812138,0
0.1260165403299307,0.4822293862646283,1
0.3317058437655914,0.54638505838797,0
0.4013576603515636,0.8858332159654764,1
0.995495942520105,0.1307354480738505,0
0.318024985287515,0.1451295231760079,1
0.6027055191773705,0.6401031935900153,0
0.20329267468457957,0.40053759743681583,1
0.8776378444598117,0.5802418769791005,0
0.024259290165986824,0.36671130699931953,1
0.9582605892411927,0.33477446281250056,0
0.09857740132850468,0.24052287988198084,1
0.8543545579563048,0.18103633036703426,0
0.6346744178610509,0.9223636755153781,1
0.5697909634455086,0.995356795869584,0
0.16168752001200282,0.7318715437330969,1
0.993941642257571,0.17385300046925667,0
0.13584865482926178,0.13676177642289777,1
0.7911053165012084,0.9206546078783757,0
0.5467976659219346,0.14270633186208292,1
0.7557507005046312,0.7263487291802057,0
0.2827477698634564,0.062248617377688165,1
0.7578531689366423,0.10388891133436373,0
0.4797675104795218,0.04247062602629659,1
0.5629945523962644,0.5097995376419993,0
0.6640267860119383,0.2010264844841687,1
0.7872110536761099,0.7813047096549868,0
0.44202107935812396,0.9597227184989454,1
0.8197181303039549,0.4815025155352902,0
0.026278392376648307,0.18993806887410913,1
0.6742157972011069,0.4223249245437517,0
0.11895161783931041,0.3994955787833494,1
0.5754434271490931,0.5831683476747898,0
0.2605808543304935,0.030793133793571403,1
0.9297355734486963,0.1286846705889404,0
0.22457131605608804,0.5478241564653885,1
0.7557302669016045,0.494525115298606,0
0.12022905822853347,0.4222563752792403,1
0.3688324351194575,0.44601879384218224,0
0.5048614551074332,0.9247571556427154,1
0.7727267686606676,0.2806079205733363,0
0.4509714764602428,0.10622777527029437,1
0.8834494451437784,0.7622502646212419,0
0.02593207095629868,0.6513555338562068,1
0.8052247816271018,0.6011590391301216,0
0.6822960950314807,0.12365736154001084,1
0.9255608529782255,0.2575159652094102,0
0.2672466524360919,0.2139514579499644,1
0.7823400314026396,0.008542175419223308,0
0.11454650960485291,0.4011108552091259,1
0.9444459114145439,0.7098918806041247,0
0.4505947261517379,0.7713801872233467,1
0.8424280303741558,0.5592318567700684,0
0.5714019755238898,0.9398833877960966,1
0.8994952570933047,0.30156280270757985,0
0.5705637353507071,0.7808080519451597,1
0.5869936741467255,0.43411017639854754,0
0.27613022088676653,0.051299308418531586,1
0.8317846133332055,0.16857442849329451,0
0.5060131598330414,0.18256605634378942,1
0.6306710762979366,0.7042445342123741,0
0.7313590428076218,0.7719751183955028,1
0.909371457385746,0.04370679146845735,0
0.04375483478810838,0.3464369191436505,1
0.6989377931187511,0.7121157696254138,0
0.23520289683968976,0.3771356551983778,1
0.6837025870782201,0.2695211588076255,0
0.00258433714908346,0.6254148584507682,1
0.3749196838362524,0.5733589335673128,0
0.7013008967018499,0.769904347696497,1
0.9316034215717062,0.894442615930095,0
0.6981419897157466,0.8084309931610172,1
0.6724291034784118,0.7145890936588336,0
0.4276288198002939,0.3569656522682768,1
0.9090325551833137,0.7086639222845984,0
0.6683104021757076,0.23612084264408817,1
0.527968427844939,0.37857311108092606,0
0.04336865057513373,0.5007088586679955,1
0.7715208139091254,0.46044969380849066,0
0.01016400338022072,0.5703448796539005,1
0.6267495791662361,0.5507849662715976,0
0.06492865338268672,0.2197815801586801,1
0.8249665641519546,0.22763570573978997,0
0.5315122052426627,0.029573278122709046,1
0.582352457676354,0.600334160775513,0
0.035092942101209945,0.8057680842963774,1
0.9176152892483337,0.3951666074568505,0
0.1810468019424274,0.5781090943154394,1
0.8756118395004987,0.6665416902922512,0
0.26354650225886156,0.6069323086386174,1
0.47186519553866113,0.37916064335904753,0
0.5437779943799771,0.049206421901967556,1
0.9730354086273327,0.4749714419498873,0
0.5767651081427314,0.820314901076636,1
0.3689025872668521,0.4737154743611959,0
0.10019940125138083,0.6799939452200425,1
0.5829690064398529,0.5975015498876708,0
0.3104802024203507,0.7209145917180763,1
0.9219432174838015,0.4867582870337769,0
0.2047556030373051,0.8152988591140173,1
0.7267302320203393,0.9483547567920932,0
0.12546090233235208,0.15462961447968582,1
0.8314256649700117,0.7959263791353812,0
0.08452397621013086,0.9201314594535602,1
0.7653849512566926,0.006766370717575465,0
0.04943816332554318,0.749353575611588,1
0.32280607497103175,0.42757808767811634,0
0.6414161380655169,0.2800604826714753,1
0.7108010931557053,0.7141660530984089,0
0.4367371236381513,0.06062422291068181,1
0.7034591678289204,0.361287682678437,0
0.7227229493385343,0.873592191743355,1
0.7628281859211942,0.05713304033491662,0
0.12090791708054516,0.7404343979102759,1
0.8470196033726477,0.47783656752699544,0
0.3058509615838253,0.6141638667561092,1
0.8508555667170931,0.7844560217791821,0
0.10531812951158748,0.9735417086472712,1
0.7883162693754253,0.9700570638591334,0
0.08008854876644678,0.8496170688748748,1
0.9603640174405786,0.34832698521431915,0
0.05362878387780445,0.6817410839973626,1
0.7610214870593788,0.5630298011997998,0
0.2201279439783006,0.5523474516186176,1
0.5181804767695594,0.5008818139532785,0
0.4948682687347139,0.2203965067560819,1
0.7174114526486085,0.3230468757274726,0
0.014168940088341242,0.24206528609381917,1
0.9203645335229794,0.011328853132818395,0
0.18541582085885921,0.8680441924053187,1
0.7834056769417577,0.3152324192423295,0
0.3928474469050811,0.8174679662858428,1
0.7724154949246907,0.25663427431869656,0
0.01771936019603748,0.1818907393465643,1
0.7898412696149915,0.45889173206281386,0
0.6008978237408628,0.11895257244485247,1
0.8260638226807729,0.3109261271026661,0
0.03428277261285673,0.5146777608309417,1
0.7109071799089273,0.07334148585960976,0
0.46028469058097243,0.8326845775159547,1
0.5180865121793348,0.3375017188979097,0
0.02402274779600766,0.8114698577713045,1
0.5985359235811958,0.6847225806540291,0
0.2135441012793926,0.7229780029931101,1
0.41334695021827284,0.4791398308937267,0
0.03615655596780798,0.28360197512511776,1
0.8562307801454755,0.4767084963193612,0
0.17700994038593332,0.31654865268787546,1
0.8896465836914202,0.12812898779410786,0
0.2247805361898887,0.18105343318510314,1
0.7881926698042884,0.24839599462463358,0
0.4662487994071478,0.999435531571959,1
0.8497939940781192,0.42894904271974543,0
0.2442351156861332,0.23816377151575463,1
0.5062803222544722,0.6554197697610661,0
0.04820249697405765,0.9894278032891102,1
0.9103930627897991,0.16950498216257404,0
0.02248130815746663,0.8575099631984195,1
0.2857218237266935,0.5432039649161201,0
0.03418614716458812,0.04479844366480701,1
0.990112036786105,0.31298025238093885,0
0.19047669598515826,0.3377307515648491,1
0.9397944118959677,0.16869705880462105,0
0.48617515944611933,0.2381944196434128,1
0.3949885599179015,0.4254232953275374,0
0.43750858465061737,0.06889853829343706,1
0.8959623997951165,0.49747614717715183,0
0.0039896018724153715,0.08447072457077287,1
0.9148470817711071,0.5638786227643818,0
0.06653147209958954,0.42809105586682095,1
0.6949087573499274,0.343555983854936,0
0.7888978891515138,0.8307385005649671,1
0.7021928232826569,0.6028317407790561,0
0.07932516479940266,0.5311340138584081,1
0.7266061678004146,0.951604792738854,0
0.7271245358356138,0.20433818214669008,1
0.7970558611996714,0.29934706256136134,0
0.5487514887199403,0.9567686482016429,1
0.8505462931299852,0.6058558343310829,0
0.4394450169465658,0.17441200800458478,1
0.9170118506524236,0.8999148211844753,0
0.19009033350953408,0.4439110249289492,1
0.903362559233209,0.10832247377735815,0
0.681871586560767,0.8227808244441551,1
0.3751131225618377,0.5864951398670446,0
0.2042374197038579,0.4811194614040396,1
0.5986106259890006,0.9874878566780203,0
0.22912588503599707,0.29789855154319855,1
0.8699580151466868,0.8414074694881385,0
0.3670892692699428,0.3799691940117983,1
0.8432468417770101,0.7969476427954154,0
0.31444606608132153,0.06361739051103676,1
0.9484227353227345,0.8462729774076146,0
0.6217843120644785,0.12582305237382174,1
0.8918412947090676,0.03229086723190511,0
0.138232333878471,0.6771694233169253,1
0.9096214763211989,0.9779122993529057,0
0.30963994703040776,0.6308909849474563,1
0.842361356309081,0.08310286576739434,0
0.1446270510608033,0.08342326743543205,1
0.5297202475021947,0.36224804303758906,0
0.10332297071598762,0.5783074381432105,1
0.6775338800694147,0.5770617844902375,0
0.18114147216773557,0.3411648956434935,1
0.9760502755031044,0.5360561233908488,0
0.13215574311167877,0.7916222847323761,1
0.44106178966321974,0.5850013038155961,0
0.4940475334447767,0.1757897863952631,1
0.7482131513327673,0.48711880439694855,0
0.11248092896254847,0.15466407007546468,1
0.6375139404658603,0.5392923807725782,0
0.5097426515276857,0.16413131729024988,1
0.9147093371001543,0.06094521049143731,0
0.132296701900671,0.8299746106084034,1
0.7979589116691083,0.5676475563532827,0
0.07572808055904812,0.8550230663184344,1
0.76819228510584,0.48968073429895087,0
0.7182494406361698,0.7658030796136908,1
0.98558675411898,0.7304511497311386,0
0.12121358792487535,0.9814852084513541,1
0.5606119135524819,0.38774371487909653,0
0.13415924554235004,0.6556583453572332,1
0.9643004469053549,0.5110760183093551,0
0.09563540243371538,0.835670108670387,1
0.5767432222810591,0.4864092974742871,0
0.6466800432403298,0.8441606838942856,1
0.9562287800935062,0.41961898395709674,0
0.4856832790465483,0.8728821670952116,1
0.4883413836558037,0.5928047034004513,0
0.5013792799780751,0.02071966312590412,1
0.6844948541553395,0.5034158680035824,0
0.5874139338386892,0.13019849186237853,1
0.8604598296024702,0.900900456274318,0
0.15145026551767193,0.9361656304397517,1
0.47928671888431085,0.6565368178175532,0
0.39566810389032514,0.730854781273529,1
0.5977892129391061,0.03213020465701111,0
0.3208153701551216,0.30829205077249444,1
0.9778779880152714,0.1450448480952129,0
0.7745506977547094,0.8683051627836407,1
0.22638027774748914,0.514623713615799,0
0.710987226963133,0.7707961245095434,1
0.49886365879603767,0.6106092999388677,0
0.38616721708619106,0.0890732698599771,1
0.7046885587136374,0.321057114178687,0
0.1597240263666473,0.5161417914822112,1
0.792411060720366,0.34366666211437613,0
0.10780053159148018,0.3092128627227677,1
0.7815597980106348,0.3811543448672787,0
0.30137647330259676,0.8882737710963297,1
0.6160719679918905,0.005401491145558102,0
0.40582158406471613,0.3433992642479089,1
0.8896362960977083,0.6452153565482546,0
0.16238721734143735,0.7506037352376455,1
0.6235919807588147,0.34940844183672237,0
0.438796945067386,0.07067158737632295,1
0.8033314137174942,0.5099219578841133,0
0.09524886082393758,0.5141068928544584,1
0.7793807204770044,0.34710180341539254,0
0.7292652845598826,0.18345689359525674,1
0.7958593400499949,0.6963206749204166,0
0.04870254220601222,0.7741967207600501,1
0.515682108513603,0.5678667240528478,0
0.5705223663052416,0.030143607474151013,1
0.8062545431420128,0.4966610066602247,0
0.6399647652554151,0.8899018679263572,1
0.6193581140643548,0.4937767805430261,0
0.580302229975548,0.22389484184199948,1
0.7119175490919042,0.9587920205933426,0
0.11369275461440564,0.185171710468108,1
0.9163277551023776,0.6608242678918131,0
0.5716860590085447,0.09558462371031984,1
0.4756729896064119,0.5817064138985425,0
0.06802094514528689,0.6891630545743003,1
0.4050092212887435,0.43092924737182936,0
0.0010992155345050936,0.7966118474625965,1
0.664904205227356,0.45309633682032335,0
0.2027396748479955,0.6737827197111008,1
0.8224332476490631,0.7435900822810119,0
0.5023300839729034,0.29516592702805355,1
0.7722489348530568,0.5696654789803746,0
0.09471646926976274,0.7061583504003565,1
0.8955956793162732,0.6659445397021942,0
0.14471888339667238,0.0923026367505646,1
0.46003168025727503,0.41957877185036385,0
0.3027233933049659,0.14997258656530288,1
0.9626047408535542,0.23164096740604223,0
0.4980170245787714,0.8193771616032131,1
0.8396978630743337,0.5170187652641777,0
0.5061896761545254,0.1429102585993508,1
0.7949047223665326,0.07890273834998385,0
0.4879679152991928,0.30056793879299026,1
0.8597818938053663,0.3122316247192285,0
0.09202973952360816,0.8150423661175528,1
0.8126921941640127,0.1629833407593092,0
0.5491986140356231,0.05569572355595642,1
0.9437946346216802,0.16240176235450932,0
0.43964358769239464,0.09965815811234935,1
0.3975168290479669,0.5209045538652192,0
0.15894786926748405,0.4557379862326556,1
0.7005336765887082,0.5665581448566094,0
0.44501943551677314,0.07112174292164541,1
0.45237814716738745,0.6497317503548043,0
0.16976851963985296,0.3034089707017207,1
0.2260171410135634,0.46124453061111303,0
0.21156993035904026,0.27201346649412894,1
0.7134831393010065,0.3832964825848997,0
0.09655946252419234,0.05042722967557245,1
0.7965620878151942,0.4000096903214345,0
0.2808747381854664,0.03095097979556538,1
0.25623501484539357,0.4860030931464763,0
0.3595364490089551,0.7398080321058529,1
0.5480312195612694,0.4060937733336437,0
0.6016315297815048,0.2148892790363388,1
0.8185771180208243,0.5165408668894946,0
0.18235186339664655,0.467008656758387,1
0.7737090062812506,0.6420656439539741,0
0.26089484338283875,0.15481187546260589,1
0.4293850667554965,0.39330328333300457,0
0.36986834221349385,0.7961134513468536,1
0.9768104970313439,0.4577511989407629,0
0.03863987373007505,0.3366759463467752,1
0.8132942177808826,0.8609126411787914,0
0.2740214878939088,0.8251748287476705,1
0.5650359668323194,0.5851327108518509,0
0.30732195604925605,0.032795436939161204,1
0.7043498274578273,0.574491763186908,0
0.41477248223022845,0.8944810050083891,1
0.754063461749002,0.9566041169422185,0
0.2519747556207945,0.03908265656002041,1
0.40896042605567473,0.45225278488097975,0
0.28039523166138025,0.82610925452859,1
0.852703588872752,0.2430644272582494,0
0.5825832964806856,0.04783925281432344,1
0.4596244191110984,0.5978552660242226,0
0.20929406202341494,0.3215723621544465,1
0.6424730830803657,0.5725399142205982,0
0.08148968595283046,0.30859221516757074,1
0.9616906284035494,0.08948590600929429,0
0.6267954614222312,0.18476810701308177,1
0.6515594081668942,0.5349085116197911,0
0.09870037231499018,0.09209664405239704,1
0.8175969181802611,0.29154147754361126,0
0.5237229114631512,0.9345129215220355,1
0.5363048293334234,0.3837902610046736,0
0.337521272262139,0.25721278688848803,1
0.8129135442231633,0.13162742612550726,0
0.048988624169964634,0.33798284677112334,1
0.9084288646780625,0.20459877114265024,0
0.5685675323502569,0.21416889291695462,1
0.354136243361168,0.43369423078077085,0
0.026576141371101647,0.25797805685170017,1
0.854785771800904,0.9932203443531566,0
0.5829993721691814,0.7788605331049773,1
0.9496408442631611,0.9541779990028942,0
0.5048610668003254,0.9869779158426805,1
0.8684964552106358,0.2578179752989662,0
0.06346574866796528,0.9219148436101683,1
0.9706922306508204,0.6395716728640568,0
0.28176181807305267,0.15511310147828372,1
0.29189817263413953,0.544633493791811,0
0.24082885903593887,0.8348441282204592,1
0.8937102002490532,0.6547097624080581,0
0.22398147772492882,0.8873491747563335,1
0.7286119599989109,0.04346485374114206,0
0.3159647815246007,0.2507800103244926,1
0.6235404574352514,0.3128414208058494,0
0.2569087972446449,0.27404524173578915,1
0.8720259770176155,0.7169528357816698,0
0.1321356120560282,0.9299153589370415,1
0.9006320196869716,0.3598715882633172,0
0.07370890630824378,0.30845593825656736,1
0.5925613893729829,0.5982909442601637,0
0.38247158525264124,0.2385879810665421,1
0.890717715607429,0.18465066431038535,0
0.20770432357641666,0.8596566044388132,1
0.8554214755214434,0.9129893395753498,0
0.09944286653518875,0.5570848682139533,1
0.9754138650895001,0.0020584390305283806,0
0.35013131686612065,0.3433278894378715,1
0.5851835189413531,0.4887377809173369,0
0.47861573505620114,0.0012180845374238913,1
0.7165533271489133,0.62126151726673,0
0.47707991010067097,0.23177087747145975,1
0.765775848103409,0.4724622523208668,0
0.5027881035353454,0.2434859490216691,1
0.8667478739532418,0.1118469854031181,0
0.08859249015766624,0.6594845896621657,1
0.899784872773116,0.1934218061040578,0
0.533417783374563,0.29782038206237116,1
0.9132237919513678,0.27811537961301513,0
0.060316536988244795,0.9672042973689092,1
0.4799075330630709,0.3935762939464813,0
0.28440396835327975,0.3172994100268456,1
0.8759271252170615,0.662066858404743,0
0.4910757428577156,0.968140966976309,1
0.7480284121570587,0.3653306966844483,0
0.32482729326450566,0.7636368224197448,1
0.5403644621542041,0.010335005620676463,0
0.2847448878679991,0.22153145323526635,1
0.926602172340385,0.8457903508073144,0
0.19960567701840215,0.17586819562204925,1
0.6032935391431518,0.7030467481681038,0
0.7949639356529132,0.17538534953743778,1
0.5355249758964615,0.4314089973817583,0
0.23661271321603217,0.6529685887811499,1
0.7587636390949752,0.4907122774999986,0
0.5296512291104648,0.7180339120365634,1
0.41774881790179075,0.5148861582812497,0
0.196080027368427,0.5783356323393921,1
0.7322116104382356,0.05964319202297963,0
0.2761159334986888,0.23432887521031354,1
0.7930936378796798,0.7846665348076727,0
0.5404465729406933,0.2704663908208784,1
0.8522202980018296,0.5239479440336474,0
0.7808168118873597,0.827108623492889,1
0.9318767509756644,0.020176224122980035,0
0.04876026683083978,0.8022376015102861,1
0.5752581640487284,0.5765427251934542,0
0.14538537284860586,0.3584745113008886,1
0.8619418580532187,0.16618899157556488,0
0.24636751213949126,0.8465341996612739,1
0.8314868419311874,0.18871761695413014,0
0.01548386579621952,0.04504042097338967,1
0.5976186993866963,0.4697695346812456,0
0.4465168254024766,0.9865112655994352,1
0.9548258078031767,0.6494634993371498,0
0.5323709528458608,0.2723347866640553,1
0.32538072214531333,0.5927561513255296,0
0.0435023301961589,0.43617951668257793,1
0.508784639855427,0.45917013051654576,0
0.7344696431821384,0.10309772779840454,1
0.9071338879765294,0.853480231203158,0
0.025788517773085218,0.033791733737220664,1
0.9645835480475298,0.3983511802871601,0
0.44911484549614966,0.1245507008814658,1
0.3170893978512057,0.4566764584795271,0
0.49718205528057324,0.32652415414386005,1
0.9902110159196237,0.3468981801508446,0
0.03165278126978688,0.013296294844655887,1
0.8147048902993764,0.5216267395722158,0
0.14229218161153256,0.5916026433196274,1
0.6223457192644302,0.6357926659806066,0
0.3443704701021971,0.11103474722397011,1
0.9264377656558045,0.5954295854394267,0
0.16969662741175617,0.2976886003116743,1
0.9637190503182146,0.5645873859114761,0
0.6642351435807533,0.7901304955554757,1
0.9077466802245336,0.30458019769133615,0
0.1707360805675845,0.9773671636894503,1
0.5562635695151498,0.5358548306372976,0
0.4172518994474842,0.9108500143866981,1
0.9923877699840614,0.4753986290719633,0
0.07714139330797609,0.8401756698004745,1
0.976553094318388,0.5377367064036308,0
0.1451143954025098,0.8868521878632157,1
0.29468281315162337,0.4183404705526137,0
0.5018526031816544,0.8519480140618485,1
0.8562091602013774,0.9301031555711283,0
0.3227927259249529,0.13104604805246978,1
0.6031317808491051,0.9994217521843032,0
0.6367312040983769,0.9247190362191315,1
0.3298982231922588,0.5126462900006639,0
0.41620973968154606,0.335764069907736,1
0.5469344427971028,0.9843661009374298,0
0.2672932805138645,0.27274438910448384,1
0.8843524281230092,0.7535810348345571,0
0.13941083746081961,0.8446523956456685,1
0.9283647404746428,0.9368500717650792,0
0.0011133297875677295,0.21504538446955124,1
0.8900911092477815,0.5900660265977963,0
0.2892778299757529,0.3574789305457754,1
0.9167655080726885,0.07545047718013753,0
0.3640000799784402,0.7933664640786419,1
0.7958804301761513,0.8916885541025553,0
0.6781496837090086,0.0690178829728445,1
0.8613266044093978,0.07069812850426271,0
0.028391634377303854,0.2926900711251583,1
0.800265995898517,0.4780451616344814,0
0.5125827135148204,0.6801520737067741,1
0.6720672226792564,0.46242092364807563,0
0.015061058630218338,0.3042501568455813,1
0.7481385551799666,0.28348799018106585,0
0.6718694190050372,0.7320742200708156,1
0.994767143231825,0.21288289967388496,0
0.006420954353506314,0.2286151929490875,1
0.9356345192869663,0.21916912515676024,0
0.07289058947995575,0.2921712802577149,1
0.952778138150179,0.677690807918896,0
0.5289634482327386,0.6880427794284505,1
0.33388362331451205,0.587077949869358,0
0.48933725108086457,0.023830229420500837,1
0.6813312816292575,0.5396269580959414,0
0.07523172262060407,0.9310365012104087,1
0.7908136920635693,0.07646354604411199,0
0.19050564559388983,0.05549442736846688,1
0.7815523370198976,0.9951176210836885,0
0.24708334703214996,0.24526501016335778,1
0.8904201705688664,0.8423044121570489,0
0.3892494805944665,0.1544645949132717,1
0.917894447825563,0.49488971782450986,0
0.6066586977748918,0.16755265918894757,1
0.8530671144436243,0.31048730168786787,0
0.6349096130898496,0.7948711560418764,1
0.9560498859992156,0.5701651353484662,0
0.41315662737010017,0.25400544193779384,1
0.9726813967085677,0.7495550675930921,0
0.21869902423408483,0.17821885411598648,1
0.7007056778546418,0.31826851442617365,0
0.5466342326716724,0.6940859747036042,1
0.7613734115664991,0.45939768856982754,0
0.09578409076475569,0.24727402193328896,1
0.7596193665709716,0.9275974219234748,0
0.1595675814558879,0.7327049850864883,1
0.9996558467223111,0.12941240764069872,0
0.31048341013023095,0.5946330263738184,1
0.814244407447665,0.28486221617478513,0
0.1278635734705854,0.6725965992252348,1
0.8763700188361727,0.6208859522579566,0
0.6083216820351716,0.7364006881821287,1
0.9493570973032298,0.9268709180063075,0
0.6438995262000997,0.08431147964838481,1
0.9875213463176976,0.15129519930157453,0
0.3684485463601339,0.052443191621714624,1
0.32173242610012964,0.5575764030914641,0
0.14631597629997117,0.011155833613863075,1
0.8364043330536888,0.705074592415134,0
0.05088096852173962,0.7527676434757481,1
0.7972629064750284,0.887110880460512,0
0.6010919128026704,0.29116302427645513,1
0.9667453849618524,0.3910126977114349,0
0.4963402989977874,0.752746997820856,1
0.7616398205838906,0.9724212621046648,0
0.02494834231287746,0.15416846431375542,1
0.8826778165703794,0.9994787441229571,0
0.005986485617698434,0.7721710990892992,1
0.31831753030429344,0.4077659469003241,0
0.679477934504124,0.22261649241028125,1
0.6106077896638191,0.49726466147076775,0
0.43676750327574987,0.16720941391908795,1
0.9060363019189002,0.754930029023885,0
0.37450840058047963,0.9766513247738868,1
0.8716235622076942,0.8438938707292075,0
0.4594195619358711,0.18132106807649706,1
0.8272219215184862,0.23112494397640626,0
0.3297826239654996,0.6234740410699321,1
0.8733017715864304,0.34457941191197805,0
0.2076107658925227,0.33541328089343914,1
0.7057120383557647,0.9222089910673392,0
0.17004499986893096,0.10421959948653836,1
0.9882325310178446,0.9353762324888159,0
0.2269193580840072,0.021668425957218518,1
0.8233889227588077,0.400670893803173,0
0.4092628543028417,0.8076611506574433,1
0.4710055288229308,0.34497419786133754,0
0.5029796015873764,0.8032073776795539,1
0.4476204755032921,0.5603860963222764,0
0.18122131203832614,0.17905965933992174,1
0.9594093295296833,0.7935380450540829,0
0.32445576227703044,0.6162616708521309,1
0.9001138776977237,0.5943663463736572,0
0.6269660286794069,0.8721217089252429,1
0.5739854397800196,0.9780260506988304,0
0.45112548630976346,0.2671102982795457,1
0.4762343083070183,0.5005865768148767,0
0.48626166347108735,0.030136703799959252,1
0.8502209964127402,0.9282018079894847,0
0.6197972484764378,0.2784467295042089,1
0.9866488682089607,0.9737952927330463,0
0.22941774463250475,0.6617087992791716,1
0.38303585928916695,0.5011534293300242,0
0.7599752296672108,0.1672086227166143,1
0.8460594746450494,0.8135253876267887,0
0.43410302733831296,0.8334997660380551,1
0.46999466497986997,0.3594748037014226,0
0.01707141402817336,0.6358231800150637,1
0.560947505102609,0.6304005381913036,0
0.16643662994196262,0.056226075610374626,1
0.7456417748820544,0.3407204188335867,0
0.0544280915188321,0.8312069926496031,1
0.8483095371860053,0.21641686955761263,0
0.17355199793458176,0.5226319132250881,1
0.6104286609209371,0.5486883960708732,0
0.35245553720643596,0.9099002682283613,1
0.7479801726105751,0.962939564018008,0
0.6757569982862126,0.7590519542262152,1
0.516865643476697,0.6267326104211194,0
0.7673802839145222,0.16899551938059032,1
0.6885888956966982,0.5681612092240393,0
0.14348572972665297,0.7781915922078853,1
0.31177083909787917,0.4849008494553927,0
0.05998133058908628,0.8402803006085569,1
0.7322177036461774,0.274537342597315,0
0.502932424257443,0.9315713570868985,1
0.6503125095483671,0.32050453819589364,0
0.5653382312004823,0.9297149871959727,1
0.6959369525222177,0.014984641846898183,0
0.48991390956381853,0.12312764353459538,1
0.7906360859704401,0.5490662109056893,0
0.38267887081670526,0.632042996496073,1
0.827381493700785,0.7336356304439591,0
0.2467189247499938,0.6894331545399118,1
0.9208610289370226,0.9419942390032295,0
0.18849498434752832,0.823013893057723,1
0.6435377678888792,0.6294319443600903,0
0.49104855641943557,0.7517687915880391,1
0.8330021134918089,0.17720707765535804,0
0.39098406709164923,0.7639929827082451,1
0.8866107325088571,0.5351895932422112,0
0.5311404390867316,0.8529041882297086,1
0.7342295544644947,0.6389974157441741,0
0.17701666313100684,0.8325365053590081,1
0.9718065500461333,0.6751298489550636,0
0.3712864690326646,0.269004031094101,1
0.45417977535731935,0.41377712477357875,0
0.6105892714268235,0.853617652037147,1
0.34963371814375777,0.4489119935141723,0
0.1254706282741057,0.544004761777713,1
0.8311142244989167,0.37333346656235766,0
0.25861526829327564,0.0782287397142164,1
0.6691687718951812,0.7103570420501926,0
0.24972678230599477,0.9703674873738966,1
0.7134730229601053,0.6056355084364154,0
0.5438646503683903,0.11447021004365043,1
0.979377186768316,0.14783994946669343,0
0.3302447150059903,0.381685586496169,1
0.7151976003885442,0.46264404798453673,0
0.05813620315628776,0.03431345902145422,1
0.881717612312165,0.9379373141421136,0
0.12478670062091168,0.5232545124681642,1
0.8582747175358082,0.08808037661556323,0
0.2513898721102733,0.5955274351707481,1
0.9739882864698531,0.6605606161731575,0
0.636429398118748,0.22068562511897072,1
0.9624156139286162,0.22888971071771325,0
0.047941054150692386,0.9718572518943056,1
0.8209986596572257,0.26675849429718457,0
0.16943125064378994,0.6321735756807892,1
0.9709430476001071,0.8474818315963066,0
0.06448499866933144,0.868982071360656,1
0.5538340218497697,0.009922384872685153,0
0.5484367582151249,0.2356341015385991,1
0.825600310992335,0.07968135249775188,0
0.2143740032549335,0.5897934823999423,1
0.5038940443944163,0.46933972982341887,0
0.3049101511038589,0.28188345151812566,1
0.3518070546670954,0.4903170477482969,0
0.12453687326344764,0.6529170239064079,1
0.7106462753088669,0.25397736965322837,0
0.7342168670079458,0.22651433396638543,1
0.9555663629345063,0.66704844414089,0
0.5406404463434674,0.7624952186458355,1
0.603053557565477,0.6825135281383735,0
0.555946617797471,0.2776893943863099,1
0.7559608062339167,0.45559438696830745,0
0.38365173135832387,0.002150954409290806,1
0.691490101351486,0.6373633735396048,0
0.012357017617058652,0.47571925369827406,1
0.503130719631219,0.6668122896142838,0
0.04717705914813264,0.8160542442456132,1
0.5486502401882202,0.586385983602244,0
0.20546951652098056,0.8459748287890356,1
0.908712848225281,0.7983862907890855,0
0.1944914387381067,0.871516594165809,1
0.9640631613150896,0.544510811425071,0
0.22055340330922646,0.3827329583333122,1
0.3632218591117138,0.5578026253581027,0
0.13101491943717147,0.44209860991400984,1
0.690696970354988,0.4687764865552344,0
0.45590962939665547,0.9680907189108297,1
0.37007193877195443,0.5050659919242049,0
0.12260336404380034,0.6474989544141624,1
0.4747312934930422,0.6017128230306157,0
0.5801308603928746,0.24124693622399074,1
0.6410876470990411,0.7122480210013393,0
0.0187862433176742,0.5358679272008615,1
0.2798928573860858,0.4309347837838434,0
0.6821425501472275,0.8697309969784939,1
0.8561821962934032,0.29480859325445163,0
0.18029475912107462,0.8137326567098313,1
0.9528834831191546,0.5498070287138677,0
0.7892495376737306,0.15227763469197775,1
0.5964262515709777,0.39277552310709707,0
0.16851966873993285,0.5327113532036525,1
0.9096495797555892,0.11192641063692699,0
0.49166362077816206,0.984117178608124,1
0.5689704236341623,0.5949367700355234,0
0.2904050256672852,0.7604756062450496,1
0.9302736928466709,0.018016986701739568,0
0.2247813176674519,0.3444769461439745,1
0.3329898688036893,0.4778587357555226,0
0.0024798835890935678,0.8782430983638846,1
0.8037480709615011,0.5745756353531186,0
0.11914055704186954,0.3789299840228587,1
0.7857111882337645,0.8754694774459341,0
0.2552172543207294,0.11490137614844409,1
0.6630273993788887,0.7068296467095977,0
0.048087658091848895,0.38236070812537115,1
0.5063903735785475,0.6418744877715156,0
0.044242723212528756,0.33354038988616064,1
0.9307257842260349,0.13351320219118878,0
0.4832745598743535,0.2039114579930006,1
0.901647477071386,0.16839920905048555,0
0.4140286961641223,0.322448331297744,1
0.21969168243068127,0.4968327833923467,0
0.5754845368654256,0.1959535554804861,1
0.40272132618848,0.4398489470807815,0
0.4208465231929863,0.21472643503242728,1
0.9817773905275801,0.06110192314404417,0
0.3859142164266912,0.7403517086031112,1
0.9137351464729093,0.5672656389009345,0
0.09690725391636656,0.4245381044796469,1
0.5924310334265238,0.9805808098905043,0
0.5394355542504058,0.1895613982766977,1
0.9269635140925381,0.07970618540628782,0
0.11109869943192352,0.6481103575070291,1
0.38936020641373603,0.41862409096936715,0
0.0010190015767813643,0.432410382997267,1
0.5915102333232032,0.5432048159690888,0
0.12341607301959101,0.5867650113057745,1
0.6889768336396768,0.9640625072162002,0
0.6790463553723913,0.8915348878094728,1
0.8993998375372473,0.9339707675818687,0
0.20197546077586837,0.04221795268303152,1
0.9656334001214746,0.9391021245477648,0
0.20360464523693167,0.8539061916930335,1
0.8153923846883766,0.0901593701446729,0
0.32402953086247543,0.15523341591496764,1
0.6587617435128723,0.053091376147859415,0
0.14121750398567123,0.9520778268311357,1
0.48836444960645564,0.6362457662813001,0
0.04088770385368745,0.593242784295958,1
0.9455662238535749,0.5780302679016168,0
0.43167745234452737,0.02740596466420231,1
0.4360133619516636,0.41630532814303733,0
0.5107975094898816,0.24188631687649664,1
0.48790297949807737,0.472939278327542,0
0.6460796888649867,0.8236763585670447,1
0.7645156941915817,0.5768848153703503,0
0.7704811727532548,0.15778754907953774,1
0.978521130652235,0.6719532577762463,0
0.08905528845909894,0.08079585891793462,1
0.6757023590100684,0.359977166604724,0
0.5053231385666987,0.029671350906760652,1
0.6833444711927318,0.9426832134633555,0
0.45552265876181275,0.06570927359637091,1
0.8789383158361384,0.431237936306336,0
0.051972667070712686,0.9163608576925462,1
0.8535363044033221,0.4359164384428925,0
0.10315240071055576,0.39708496116707237,1
0.9444380646467206,0.06925885996857706,0
0.6651357368882924,0.1048867251008998,1
0.9713996168656579,0.569806635219345,0
0.11188139147347587,0.23172108476746045,1
0.7484130672770548,0.6990194092538007,0
0.18069473034796324,0.1980950414287237,1
0.5046796961409417,0.590332074728263,0
0.02167553220379559,0.5978326710130416,1
0.9689860223160885,0.33862678096044574,0
0.1660770381054012,0.677858401625474,1
0.9422365265995974,0.21646931901730715,0
0.29481607855214687,0.7824326909538547,1
0.6164358154066268,0.030778031213439916,0
0.20002202508529476,0.05815926152504536,1
0.9293626507322543,0.7682034183668845,0
0.1942127708550322,0.39457886770759387,1
0.2928492049966481,0.5584926216726824,0
0.1404609438749851,0.8650258501644761,1
0.7658378632638851,0.04793444164720728,0
0.008018712378830006,0.8729374494207877,1
0.8629563828201443,0.2815159739192249,0
0.43572250139394764,0.9678093081889358,1
0.755195097680267,0.44513245262965717,0
0.24430844509569283,0.3600616956710617,1
0.7284255265379346,0.6185595528262966,0
0.20569878692004528,0.6918208684482429,1
0.23204563171327586,0.540279658389614,0
0.4072960982920599,0.21563226605944574,1
0.7763070719459213,0.7307092082038288,0
0.5490509518745834,0.9148798358176128,1
0.6365621213368609,0.9670757718523644,0
0.4811552248074735,0.15623395263737005,1
0.8312898820263248,0.7765942489094201,0
0.1285457594404824,0.934396956691398,1
0.7285843915444394,0.474656946826123,0
0.17105938268888843,0.08345574386951848,1
0.7786277982667396,0.9368653832392957,0
0.189130919919413,0.4605645236997702,1
0.95729560178435,0.5798735193760949,0
0.10434632956970435,0.5053206194656177,1
0.5631473928356591,0.6064632102747728,0
0.009910108688480967,0.9435088206716516,1
0.7567617316479154,0.5299564335904254,0
0.027218471711394576,0.4361544578323183,1
0.5417528903723433,0.5718130493195211,0
0.6595558141805112,0.9031226141738069,1
0.8355848408288056,0.3122968231725005,0
0.37166435844451806,0.869561997829696,1
0.9963613373373195,0.9834873651500918,0
0.18851376175907397,0.9136345198569688,1
0.8097411509040382,0.23015989375415524,0
0.19728787841224937,0.974339805244104,1
0.7066588051233821,0.323017151092161,0
0.08221819807103026,0.6614717134805427,1
0.8292219362941984,0.47907940039005636,0
0.6740215277444647,0.9263567005887565,1
0.4967674935390022,0.4307425669243463,0
0.04788105758543493,0.7255601295533093,1
0.5076524719102574,0.42107973662083764,0
0.4950138527141644,0.12144889031964923,1
0.7999346150681856,0.36150011663974957,0
0.28846061602972173,0.25799170050449205,1
0.4582849579325845,0.4945861757156478,0
0.23177585370125353,0.2529025159256644,1
0.839239241317355,0.6465528961971736,0
0.37907251573551215,0.019418064631815835,1
0.28586691208657056,0.532990524191158,0
0.10949802156058075,0.3205901008396099,1
0.8138013840814808,0.16744603396735425,0
0.2581550574736726,0.28090329417166093,1
0.8398882116776993,0.70904734748627,0
0.4265076616323761,0.9592991552872083,1
0.7828931246610439,0.2202285903081076,0
0.48724634757182306,0.9865780058091409,1
0.763815078867255,0.45722022198423384,0
0.5521437148494708,0.07892357595891408,1
0.707405103367367,0.30087524091904205,0
0.22824530159339418,0.8599209672609148,1
0.7474649936296357,0.09368715696354724,0
0.3570197293427051,0.07809722341704983,1
0.7129651177396954,0.02333220927576407,0
0.5485150483721563,0.11441924358371358,1
0.9218809772999927,0.18960302750653668,0
0.3397403584057068,0.9101933393776952,1
0.7780390828086162,0.3930879637289425,0
0.5325314280598757,0.9295331796833386,1
0.616425578257208,0.36139375149210995,0
0.29136868630513246,0.8972852725808289,1
0.4661393353673391,0.4811959207458867,0
0.1485695750335072,0.433010116051198,1
0.6868022924278613,0.7059644231771923,0
0.433607834818858,0.9846494818126355,1
0.5340590930189666,0.4899941066684055,0
0.08728143985727899,0.31616464741156547,1
0.5749209167605315,0.6645015705667021,0
0.6436399500139895,0.12395910082668415,1
0.7302748987726463,0.7318725913789973,0
0.7576424568078315,0.7973681725173555,1
0.36673683281590963,0.5917453872971588,0
0.07967328393030138,0.594261386047819,1
0.6350946986087321,0.35480755012202103,0
0.3486722465364963,0.19318347195225927,1
0.8581715930516955,0.18481982698234534,0
0.17322772702318479,0.24563137026654613,1
0.6497776610149028,0.5455682923431168,0
0.10432706574816342,0.25319567330517934,1
0.9063983715211517,0.5817746298615749,0
0.07564840496692937,0.048064997713250235,1
0.8648973258015231,0.4850111136160362,0
0.3301250961221711,0.9480333949513499,1
0.7385434413151744,0.3292749229780244,0
0.33109766643865635,0.8695069825520998,1
0.8980795271743304,0.6370724376920699,0
0.33563038400031087,0.9441616111052916,1
0.7692746116279886,0.5001772675459725,0
0.5499247333552723,0.9741785390897416,1
0.5292285497320731,0.5213737905656914,0
0.6881967538990139,0.7912306987084342,1
0.9814536049694297,0.1461180571889238,0
0.6494921156957395,0.7489647515996037,1
0.4661253346504206,0.6338970550510583,0
0.7070012128877814,0.15739777430090085,1
0.9803743594455672,0.2742371348895827,0
0.3804351984436386,0.9533125291593704,1
0.7656482083351597,0.6622387576625203,0
0.6148694912381122,0.10057432670463762,1
0.39310177136835767,0.5871067980382497,0
0.33393564018681576,0.2894351465054755,1
0.9501916270213933,0.9769143663254916,0
0.5547934629469388,0.7057828006603748,1
0.806240325205154,0.03771913789834369,0
0.10308690277811716,0.1463340382616657,1
0.9582283710400674,0.6528328998653432,0
0.053164388370074755,0.46587413125800337,1
0.8606079081248288,0.9422347561995835,0
0.294501557052933,0.11081085287831816,1
0.9909255432980364,0.09482376414127547,0
0.20338260588750479,0.4468259446927574,1
0.9831367656334555,0.952362550359396,0
0.18019166932571662,0.7550575030412668,1
0.8293890099692963,0.23638466707409123,0
0.11830642264414337,0.6493321446167852,1
0.9442386625798209,0.14063094859248537,0
0.7556340279430304,0.8860020029655281,1
0.8074323518110291,0.4257377484560576,0
0.5041995491993722,0.8543660856994099,1
0.7022586112136651,0.4031830313835948,0
0.6163501790120531,0.08425103428330816,1
0.7967933280674151,0.40514699571931756,0
0.47315600052155327,0.9531356333484416,1
0.3130072621039742,0.5846076341769522,0
0.34487871160421235,0.16404841138831328,1
0.38821037924181534,0.5238180648952504,0
0.12997388981739655,0.9295149565867449,1
0.8561787277315623,0.6126752261823618,0
0.47887547823078014,0.9862418581182691,1
0.9741353503754923,0.6086977852923277,0
0.48934622446953147,0.7115619202434655,1
0.3140340382585317,0.4835684150837355,0
0.6137105840866818,0.7839078701531936,1
0.45445276532581025,0.4628674114002813,0
0.6157891704989118,0.9093739272113177,1
0.9147815800456237,0.4004385489506256,0
0.6353933648719432,0.19470340307592837,1
0.4577443693801677,0.4183740283209393,0
0.06296605306691061,0.37574453982443745,1
0.955746003861642,0.5003920235811437,0
0.6048985161860143,0.08702965703957921,1
0.9092779591439614,0.1913120485259766,0
0.14101687965738285,0.6812864454128114,1
0.6921390393692055,0.5047556859800916,0
0.5229174139423441,0.2459633795765961,1
0.860362585691778,0.637793188158806,0
0.3075420726953718,0.2863057656795065,1
0.917759573147921,0.46212974100082116,0
0.22315681716959845,0.8591850392952114,1
0.487615231740953,0.5980453322515694,0
0.15617679825950104,0.07394323346826459,1
0.6234323168206665,0.9640733436824164,0
0.49669322113638326,0.7991914526160865,1
0.8865786876242782,0.8141321215603383,0
0.1567008488287499,0.37983309180810054,1
0.8901976711922092,0.35652593874425453,0
0.17893846304087646,0.9710408885372247,1
0.742766640140518,0.697608420260132,0
0.16449832195654113,0.3368859820714979,1
0.7036988984531507,0.2703147523544134,0
0.36106180216282224,0.021838366720550062,1
0.9582769301284667,0.7166402128356856,0
0.28060228488885186,0.8568861984081274,1
0.7691861690196933,0.016294408710724628,0
0.4094103476160509,0.30105385610761737,1
0.6810219569065714,0.41620098844153264,0
0.2524901502675777,0.703141993613427,1
0.7329424915864089,0.47170453352085373,0
0.15655967001310778,0.3477100646323362,1
0.8370862276530403,0.4219701441960919,0
0.16646211142497358,0.19723458639754432,1
0.852077055561992,0.45867042372462663,0
0.3552916767299428,0.3392315226009145,1
0.48289727302350616,0.38499371644515035,0
0.1375270991898625,0.08641373127461316,1
0.9299049022005713,0.914007693072768,0
0.04505977401203021,0.5809398386595045,1
0.8572335067817578,0.997342799172957,0
0.0244029985805998,0.33469388421795754,1
0.203152926529655,0.4901972905556421,0
0.2569840737055652,0.9555927302039345,1
0.7956126039734039,0.9535709836279375,0
0.12888439591869205,0.11441739659494876,1
0.839379783407497,0.9350344761181033,0
0.06034532365940726,0.3536432347591325,1
0.8765013267198627,0.07356709884692136,0
0.6810747384598501,0.870581356157086,1
0.9419723638789184,0.825116399639847,0
0.17808906214777886,0.6396869982410636,1
0.8571323123482941,0.9569902376823692,0
0.624665447268986,0.16609819852314,1
0.9070796221379042,0.5086414575792174,0
0.23012047151926218,0.5990488978511692,1
0.9918052759997426,0.15382625323903765,0
0.09058572964570677,0.5523958989759143,1
0.3173336364650696,0.47282082437438433,0
0.2995894152585682,0.7988048160481525,1
0.3458677724288237,0.5347034735765951,0
0.5255252318099353,0.7203895139693967,1
0.832749749885399,0.19454793163511497,0
0.7523190936433859,0.15995360872677966,1
0.7905828377959557,0.9759030801619452,0
0.46688104106691386,0.7452223458682005,1
0.9167897791979689,0.5469519260691412,0
0.5906650967996236,0.8006284625343982,1
0.3339329863801872,0.5980313662063135,0
0.5839358499866196,0.15329163322590234,1
0.8866130085099387,0.9016326066759957,0
0.33395392813571034,0.8263410932075783,1
0.5072463752299665,0.6525266404212424,0
0.05851174583322949,0.8173908823320543,1
0.6323478689398935,0.39474342896384773,0
0.24058989751789528,0.2388018086518453,1
0.8973326198575605,0.8136113193166242,0
0.24189993475427196,0.31222650842263056,1
0.38521776637259164,0.39418003337605734,0
0.6201888758105114,0.150603456205591,1
0.5672591289557348,0.3744438331887542,0
0.11106443334386162,0.12365910315596695,1
0.9655071005252552,0.9350388848467928,0
0.1445757322486787,0.5306315540006249,1
0.8357509664268689,0.8044549240279896,0
0.1376675721959877,0.3412423436835669,1
0.5092216564463875,0.49587128436774386,0
0.33644766333293286,0.1929859884360634,1
0.6620674530925394,0.39545542634793873,0
0.6378799383665041,0.1592696539086922,1
0.6957893269385017,0.5798453290200251,0
0.7038809474775657,0.7469491776807329,1
0.33410324601698227,0.48444361966469995,0
0.22609404838417035,0.9597994442486408,1
0.8031077367362796,0.7435133997510598,0
0.2153962459034895,0.3106091163739433,1
0.44515339574432566,0.3558035950083417,0
0.35670672457858754,0.07781056940801623,1
0.738748907458745,0.6278880732213422,0
0.027736831259594252,0.15027039552893617,1
0.8763687776194158,0.9298723027592031,0
0.2582978781146683,0.6465137094437834,1
0.8780739812525513,0.9290271152082575,0
0.6434398585528434,0.9450779473170297,1
0.6615580124219066,0.38475762244588096,0
0.3288938403940218,0.2159180876056921,1
0.8896806267456617,0.25124315292427113,0
0.552254555662482,0.094892987281605,1
0.9592768475619422,0.13387415022515514,0
0.5640773536001915,0.8122821024956903,1
0.8531776188402078,0.9924264390031406,0
0.05865788930796534,0.4473808913321985,1
0.6667623912890965,0.6601096637770955,0
0.09808799437168314,0.717864070607758,1
0.8772266094016781,0.4714630262278845,0
0.6073197549400359,0.18708808925409848,1
0.74506229195026,0.9613391017689444,0
0.23010581694245036,0.05427200837972346,1
0.8457020927103803,0.23321494241355922,0
0.0774714847310628,0.8231114799500271,1
0.4803356088352563,0.34056569243570545,0
0.18785496887407738,0.5833938509770069,1
0.8850212187843436,0.7362882114684058,0
0.40721053765386594,0.08248711835905664,1
0.8777783018146827,0.2763245318513594,0
0.6164621222098018,0.8931167142716999,1
0.37851652778558065,0.6212093059470644,0
0.7261098330939025,0.7598382992123913,1
0.9758925174389954,0.8139439905218422,0
0.149700396915303,0.03517583179617245,1
0.5535738848276092,0.018280923779674385,0
0.02987350483526896,0.6012850266553117,1
0.6181911010343859,0.35609943266275856,0
0.5381524356005615,0.828811973923338,1
0.4082377914282671,0.45067039059752834,0
0.6127013966671725,0.14799230820986042,1
0.8980136909833001,0.4328666782199603,0
0.33061667338756184,0.6039013213912325,1
0.9970063965246604,0.8198121700856035,0
0.7293409227891772,0.16943711676037176,1
0.7299651805743461,0.327238376774297,0
0.0029624461605943786,0.745892328118826,1
0.7479749272831834,0.5487540077642867,0
0.1670855812676526,0.8112637596693602,1
0.797064356125799,0.7378235274984802,0
0.5726045094068731,0.7681758783608563,1
0.7683539192401541,0.2776862767856838,0
0.1659575887934659,0.39852827985191575,1
0.9089161827668427,0.26318736305975055,0
0.20800709143314888,0.3458268234615236,1
0.9734063643047408,0.6079106579997312,0
0.6387054882598232,0.8905324433995134,1
0.6590644540860492,0.5215988795485522,0
0.33233529410704543,0.3658565644812186,1
0.27378539418656034,0.5588647626447315,0
0.37150836549682353,0.07180135528547782,1
0.6512211251611338,0.03353758958344322,0
0.7293874436702917,0.8548594025390727,1
0.5060481474391346,0.5679880631113353,0
0.5174031901550388,0.11448745244736547,1
0.7988348121507689,0.6221957578777347,0
0.25980910813772096,0.8216716404972992,1
0.7123781226218774,0.9372463569443071,0
0.26163216960279123,0.3718488868474118,1
0.8543774284024441,0.47708389245970595,0
0.15666160625750902,0.4920628096723624,1
0.8943113988326324,0.6543291962048853,0
0.28207176235357123,0.8912887743024941,1
0.9587054498471306,0.24509979266581583,0
0.6167991162319394,0.2763505094626163,1
0.9774612254776041,0.652881022151139,0
0.14994730233562847,0.20890710463635986,1
0.34358846723764647,0.4982977978757078,0
0.30314138174247507,0.15520909693627882,1
0.7442193120824857,0.04622987604514828,0
0.17831379726186491,0.4610353385760334,1
0.7632371223264968,0.08464049772869953,0
0.027421044839094244,0.4676107979066372,1
0.32974106901928324,0.40225444067307836,0
0.43607120630884666,0.04638042132296216,1
0.9609876056371478,0.9836574237072296,0
0.49171542820732106,0.23571548623125682,1
0.9870571150090163,0.28129762108631884,0
0.3513636047986941,0.02343470653986579,1
0.9904665625690415,0.43696198452244994,0
0.5056875476877596,0.23887452638558437,1
0.8411705005652776,0.10988223681726517,0
0.366182013340967,0.3506383126060849,1
0.4023674563113516,0.382742394380172,0
0.6046600915326209,0.23683567118370585,1
0.6306072314773591,0.4364026921735702,0
0.18687557446715852,0.06690453337221625,1
0.9983445823791863,0.8550237976081482,0
0.46673921790840145,0.0165908566393278,1
0.5467302344322252,0.6799305994629301,0
0.003244923103310926,0.4633535633478003,1
0.8588155526737064,0.4503918142364023,0
0.12623546565689325,0.6976115415645011,1
0.5992243089778919,0.6789424780690602,0
0.06501168011291891,0.6906609165400719,1
0.6527612978400594,0.6756966178011081,0
0.038272654287015206,0.17050985520146977,1
0.830407387263778,0.1727280089525014,0
0.2901558909986771,0.9894397384040898,1
0.5783460164526213,0.6386004195749375,0
0.23475895161762417,0.16916300199756362,1
0.3224880985981997,0.4740766570759377,0
0.3044376998251602,0.9581745564081472,1
0.8689448937849442,0.625766708864324,0
0.03356608045838294,0.18071138252778562,1
0.968239249216516,0.31578774264403664,0
0.2859130326686481,0.2894635789122002,1
0.6710146590543274,0.4385437594815478,0
0.002109325815192853,0.8340337425912474,1
0.4183908308228296,0.5349845884557305,0
0.43456373487648703,0.8414748314994341,1
0.8312456108516884,0.32118861366364837,0
0.3415035451969395,0.24421706336253435,1
0.8372050072474697,0.6916876591354296,0
0.6541402008566429,0.20566160830914382,1
0.949141435922548,0.8993972205492845,0
0.5425891067730549,0.10079136460936478,1
0.8954658179733849,0.23448548038741623,0
0.5929474179460779,0.09947197387436812,1
0.7795584487175291,0.5935482733840276,0
0.7094609304645791,0.8770213398320305,1
0.45019221691197175,0.44400747840736243,0
0.6416953206049156,0.06065750906261547,1
0.3502673177593666,0.6096711635500238,0
0.4545101987073886,0.8885071840202196,1
0.6566551366823794,0.49941515994861807,0
0.5715738951651049,0.8883636422911383,1
0.2676632553875502,0.43740831980364125,0
0.03841394555782529,0.8834814209638706,1
0.849065102576301,0.46278678644226856,0
0.3479383721736071,0.27902094304456504,1
0.7085628786908488,0.6675952173703976,0
0.46198148457158117,0.8148830662830031,1
0.5110548332816187,0.4729543756587776,0
0.518729057728661,0.10329993895827838,1
0.9959473354032718,0.6140602684596376,0
0.09923875193041332,0.158745655273685,1
0.9189137286542919,0.5798853563349499,0
0.3895594971279812,0.018286970882672393,1
0.8345495543422107,0.5412625735861379,0
0.7494457985947319,0.8282439909613692,1
0.5269784935337676,0.6427094386823099,0
0.4596525641793249,0.9636129887012947,1
0.6492133251048842,0.3391462749861195,0
0.6919851315606457,0.7822587070930715,1
0.8590638186629032,0.3387045209821762,0
0.32241366233114055,0.06998276422422278,1
0.8396194180959836,0.3797507588583484,0
0.17036422687750008,0.26736994485863996,1
0.30312421043658977,0.47689637640246496,0
0.15363922532081808,0.6783555208133434,1
0.7770425216734355,0.38578408328189495,0
0.17069772039323539,0.5852675227430704,1
0.7715607284313086,0.005549964684095743,0
0.41343721141407286,0.9659029179718579,1
0.805896208335218,0.5152412546337222,0
0.4663263511856074,0.9067976707479692,1
0.7543075645078644,0.04054628517382686,0
0.1783295717121629,0.9524556643440586,1
0.8468506993090489,0.7477835661095443,0
0.27909744934091885,0.04428728979934626,1
0.9390225940185896,0.41771258427980407,0
0.4775887957974787,0.7578420341599753,1
0.5117104662251393,0.9962128008971939,0
0.07723773477378015,0.6708465523802573,1
0.952840445007032,0.01776502160183635,0
0.29071639198582144,0.6939434145574694,1
0.6637546620525284,0.36752667147263574,0
0.6899524669129947,0.8287189037445404,1
0.5746034742118253,0.38814002360056,0
0.22255759104990247,0.024821211022204026,1
0.8032528730221031,0.9272699108508483,0
0.4014167142325469,0.9590115762093944,1
0.6528979056982818,0.5448626975491129,0
0.26335253699392436,0.3511208103884418,1
0.9383105716593759,0.19022916598089745,0
0.7410699380659732,0.7875230653823474,1
0.7860178647002833,0.37977604586545066,0
0.22107820373988973,0.8479760167584297,1
0.8381267800579695,0.9842072181349257,0
0.24593185948198015,0.9964631731374517,1
0.837070177430207,0.8215935857341797,0
0.19868352763260877,0.6423478151973036,1
0.9489992899403484,0.3156919497088423,0
0.7578564999524164,0.8047920679372323,1
0.6979210700398185,0.3320861797340017,0
0.1312999931871741,0.5643218930361538,1
0.5203099306949406,0.5551428180206038,0
0.3721033003091134,0.7483663781300974,1
0.28199736390054675,0.4242709748034402,0
0.46892055343143124,0.20760979345622532,1
0.851994307640655,0.12001219382861716,0
0.225652275212347,0.5761676789789948,1
0.9167062828141421,0.8809263852649195,0
0.592458576231869,0.1467105490286118,1
0.43155821700538743,0.4121731997950746,0
0.007262401426797349,0.7073471418010072,1
0.2939255693275481,0.538588744653714,0
0.16760802374363737,0.7703790457552172,1
0.6979053774192147,0.043487731314672984,0
0.287447206612522,0.8302302453587587,1
0.7684105910720873,0.5464420401497118,0
0.4367061565133723,0.11891120419291046,1
0.4958820797286032,0.4328039720820118,0
0.6365765410380259,0.2512804226617411,1
0.6201835448178002,0.47727602694374005,0
0.5039559409496437,0.8834586986338796,1
0.35003445278378165,0.44666932733873455,0
0.30907058545157373,0.03146499528096358,1
0.8283438379556466,0.14314566432300857,0
0.2750079049620767,0.9510822332092189,1
0.6776295675500303,0.4085055270944653,0
0.5442111496081561,0.050694500053163005,1
0.9501107743857979,0.1776456955422996,0
0.1744164207735106,0.17028520205262732,1
0.8530638017099899,0.25374117098823,0
0.29161538633888096,0.8550696009035686,1
0.26743416539451004,0.5337256518709041,0
0.26911681950573774,0.3603663769329082,1
0.8678704038198616,0.9084287645020725,0
0.09757327693115991,0.4272856490810103,1
0.850064427518398,0.6317182433290193,0
0.16261023058374613,0.7453322658919703,1
0.994402513499428,0.47928798519767046,0
0.4110410255039728,0.6992986950372843,1
0.8397364447020804,0.6593268943488908,0
0.0979323003199929,0.13269182618347664,1
0.9061454596429666,0.15278900082240887,0
0.038442847200293784,0.354506257167452,1
0.896128021658269,0.7242907815472818,0
0.025572474624347863,0.5138545746019969,1
0.1945613602884677,0.18830530328859751,0
0.7902294582066575,0.9128936427892014,1
0.6949457387706623,0.4707588752997719,0
0.3529636852941346,0.7036075690826046,1
0.9045702177236987,0.764221062376816,0
0.13133081841053285,0.303640463017535,1
0.7360120647732702,0.5015046208028251,0
0.17155977263340116,0.8296900263743263,1
0.8815249970547061,0.8643807886041424,0
0.45695459257019266,0.8896050358367464,1
0.9921700054831212,0.08452813576177909,0
0.1389827763214304,0.6160926010677881,1
0.6948879211671481,0.28944564746245016,0
0.3166798634684853,0.5242701907134563,1
0.9489349890209777,0.26024057471882567,0
0.4399662617489345,0.5089380284315056,1
0.33310937348337855,0.1537034014653339,0
0.7244481739133855,0.9319823792840213,1
0.6792478567686345,0.546210086277786,0
0.0334521388964093,0.8379057398282858,1
0.775537582433066,0.6689665962343067,0
0.4587108991107639,0.6237035591196937,1
0.20329857311310995,0.061204199863740705,0
0.3368273974392718,0.5386759236213098,1
0.4731842016106895,0.062436466315445416,0
0.06961720940626548,0.6141406156646891,1
0.9513207872037285,0.05529670027162237,0
0.20152013568610372,0.6096679195825947,1
0.5267781070293321,0.2527858430575375,0
0.3933508088703015,0.8818758351279917,1
0.23600973274932757,0.21780856365708468,0
0.6138703755416361,0.9725572112933505,1
0.9094748514956492,0.8565987391202342,0
0.42090886388652404,0.8014610527410578,1
0.9751377522391874,0.6080969397489457,0
0.5648964620745885,0.6345384650528876,1
0.9245404962429805,0.151528492208169,0
0.16911807912485666,0.9773404155054669,1
0.849367332907535,0.4690628827136486,0
0.02288784476826311,0.311679156143263,1
0.46236932496080596,0.447171093245449,0
0.45528758138419145,0.6292811834789312,1
0.500401686928543,0.4206972922882558,0
0.40120636674843735,0.7868387736127074,1
0.3116066228315584,0.148967651855066,0
0.021742188995999445,0.2859427100825156,1
0.8619502193551797,0.4656568363654514,0
0.4094259939990421,0.9611952887640092,1
0.7363600644273163,0.048218881323091156,0
0.0465099195984614,0.4599652546222899,1
0.844797541718817,0.22181796648542662,0
0.05435695867548618,0.8804303178881102,1
0.21203865066588112,0.20851037240351877,0
0.38881952800924924,0.8286562282677362,1
0.6109527106993252,0.15755188767276374,0
0.08870961964591884,0.40487132741560505,1
0.9139539233732397,0.0013081863213132428,0
0.01026672414918861,0.4786691587870038,1
0.6211502647395502,0.6630849790148817,0
0.4448348766649989,0.753553128616486,1
0.9828629218917571,0.3083784371761292,0
0.14032897750119,0.724771543583243,1
0.9538459631148213,0.3264820605718318,0
0.669432276511709,0.9276304855412507,1
0.3911455522847669,0.33501181887368003,0
0.20611461965170286,0.43500666932509036,1
0.9280288874755462,0.41571214321463645,0
0.22010008463375186,0.7032632087711764,1
0.7069089653765153,0.7368203813962771,0
0.2006258394310093,0.5168012014557392,1
0.690225249360091,0.48371858840135773,0
0.359558993181749,0.5234281489377188,1
0.9979277469914843,0.5067882622740231,0
0.471161842712159,0.6667060779322238,1
0.3537341701302721,0.15619749048024467,0
0.08707850274705353,0.2700665402126059,1
0.4193651376146539,0.4045119604787092,0
0.21803863741434126,0.8576802077917556,1
0.6946287332276517,0.00948052948257816,0
0.2028776353988745,0.5378663644131348,1
0.608741397390669,0.6089820108385426,0
0.5590991881377778,0.8221728075245663,1
0.4447462021956825,0.07088173578174184,0
0.4348638487176536,0.7017895164014777,1
0.18162193217996958,0.136628621384405,0
0.6173923837224119,0.7552657364208718,1
0.8476843312025086,0.35999719758386195,0
0.5885785531926608,0.9507974970967533,1
0.3498318666519288,0.2526169445716202,0
0.20785896484391642,0.26238193399470333,1
0.5772181008864551,0.5209895350259794,0
0.18163554980705165,0.4659913324628838,1
0.9503488893728032,0.3127604641082641,0
0.24878811459206784,0.6090881661091349,1
0.8063919112650357,0.681782824695127,0
0.1979612771746928,0.4822439824361261,1
0.8150695221109785,0.13965854113730158,0
0.3834359308269498,0.7064617777115205,1
0.6465470219024968,0.03869703763972265,0
0.10678733443977806,0.6513447380085157,1
0.8752492113162237,0.22813722324049934,0
0.14166107133165395,0.6083337753558444,1
0.6348956316866994,0.5413580513972901,0
0.12701981718900168,0.2632260661427319,1
0.6862331614063722,0.34793324577189655,0
0.28032461949309484,0.36641452921200923,1
0.8911156004989461,0.07007367823559196,0
0.03610252631118471,0.5555097560922151,1
0.28937853104396527,0.14768307806810066,0
0.48607676532938315,0.8382510821949137,1
0.5710785366659856,0.4692224500420489,0
0.4345940938849998,0.7747610262890401,1
0.7259388934252322,0.6138964493000811,0
0.7256981541643092,0.8780966629529128,1
0.2193481113874889,0.15681730432672691,0
0.5073043130075007,0.8204785655095178,1
0.7933013561187656,0.6605332902288528,0
0.02151159948373671,0.410706701223604,1
0.9984863255964821,0.3524757253280294,0
0.4630943680866544,0.7748201433523242,1
0.26517630650845503,0.020583878972307845,0
0.6260517069044674,0.6904277723038275,1
0.5375852924606106,0.1389740310934241,0
0.15739718747056786,0.3576780191472966,1
0.8827913015696883,0.2623599837491878,0
0.003918251823730068,0.4488795078868707,1
0.9769969229650122,0.9181303101450793,0
0.45571551829287205,0.8928516493171758,1
0.2696474951189869,0.07570850054734168,0
0.1036510172444326,0.42505379211861605,1
0.7626991692120406,0.48757048407503745,0
0.5006148150032423,0.5626192907300324,1
0.36707505744305413,0.31860035744921533,0
0.10819826218607953,0.6741762926803891,1
0.947157511158908,0.5720843377756729,0
0.32896073483655786,0.3728296576897103,1
0.7956169142911582,0.018108117835334836,0
0.21394719983991217,0.5958710020482986,1
0.5644952664896837,0.2556029005225856,0
0.7475317152670594,0.9824580389295472,1
0.936265534742836,0.3907421666632668,0
0.42640563736066617,0.7051613092606657,1
0.7544271895905661,0.03973872841823223,0
0.5203925434457104,0.7553661806406465,1
0.5094454060377682,0.4243570478795414,0
0.04741185842230189,0.06745163577104585,1
0.3032422216461318,0.13879209260925374,0
0.6656500640353988,0.9087959041980758,1
0.9431719377344063,0.9527262944208333,0
0.11853735141967092,0.8334359954794313,1
0.8857507703250387,0.4021473698660484,0
0.28360588690688593,0.6452635435345255,1
0.7226951800342631,0.6086128846298163,0
0.2659496283583883,0.9835559267007906,1
0.8402089217363028,0.4529429786388478,0
0.2251119472443336,0.9376860118959661,1
0.20192984017404558,0.11493641321947412,0
0.2155077209688685,0.8828550588317607,1
0.8675993356695272,0.39143244259313104,0
0.20656970515327433,0.7801294500839466,1
0.9440078998664125,0.21110196141182191,0
0.5414279303523017,0.7275458257256785,1
0.6814987758595935,0.6915150976499734,0
0.6439106287722797,0.8631284709963634,1
0.5512029661456096,0.26133752066596694,0
0.33266491229480855,0.5127760735315542,1
0.8671470127075194,0.34111117508549826,0
0.2611528994357779,0.7000273390893184,1
0.8992571579803386,0.17187180276138936,0
0.44250033088254326,0.6220826579612017,1
0.9491943546597481,0.7955176792141383,0
0.11821492888251539,0.8125098563419623,1
0.5887250139443402,0.11046873322452466,0
0.01207518802727181,0.021367833784186385,1
0.6260200415524012,0.5378247208687025,0
0.2883353407443804,0.6190267461383155,1
0.5044941251837541,0.17708331015282985,0
0.024051092151124664,0.8674463704694028,1
0.6781451877067234,0.3320998094672003,0
0.4197900276432005,0.6896992455710247,1
0.7279336489660603,0.6703617080358025,0
0.45325793234777034,0.84407437928291,1
0.9600000196572585,0.33466921393324434,0
0.43600038140337805,0.9396055084003726,1
0.6387730623971991,0.08833723722489151,0
0.33413496296234424,0.4084801677584997,1
0.8775375943491125,0.3749230978671627,0
0.08660913445644736,0.7800729872510627,1
0.9233839290605232,0.8391615832171763,0
0.09798107158546387,0.9219782356501114,1
0.9076365275928934,0.5475073711914289,0
0.4352004467624163,0.6664570774035988,1
0.7636785855222612,0.06908785349379931,0
0.05650395564882171,0.47913366519034795,1
0.49264169852820483,0.4725176829365395,0
0.0930887197634217,0.7887618552505112,1
0.9709907946738173,0.36477801293811263,0
0.19176905795080657,0.6801193229437527,1
0.6641938931479738,0.3000593559606408,0
0.13648048062534612,0.3606820985636836,1
0.4379151662474956,0.42311107114981183,0
0.029895992724242038,0.32903130769078537,1
0.6738905671976768,0.04586600269702634,0
0.004810859485004482,0.21811884431392614,1
0.5533039098315586,0.4158601564451506,0
0.21479547996222348,0.8982855844329412,1
0.8421208629998624,0.2689280493967905,0
0.08400572613287027,0.09800815995252898,1
0.7514244138191967,0.5768526350923536,0
0.2260508004788525,0.552039244525488,1
0.8291981618114949,0.516789441082727,0
0.6284202917138296,0.7713563263371659,1
0.7747797090189744,0.18492631096191503,0
0.6987792355254812,0.8954046646271235,1
0.5182458193448423,0.35600960998077924,0
0.4283182569262527,0.9993170034448807,1
0.5505506931173292,0.1138657776765809,0
0.4693471697890843,0.7886959325284386,1
0.32687256040463686,0.14317883972980894,0
0.18839915890497372,0.6984573930215283,1
0.740776048323662,0.14198851777311094,0
0.4530402626783979,0.9258145971206376,1
0.7724312598100833,0.5026923096291405,0
0.10138416841443376,0.8019581377216005,1
0.6834711611593337,0.08210988721341506,0
0.06838385861636853,0.28538100037755276,1
0.675015600260043,0.34644792499166643,0
0.6114832893749054,0.971829980945033,1
0.5677699195412113,0.4726575018144541,0
0.09624091941072876,0.11749673892010415,1
0.5772360649298559,0.12435898833930425,0
0.5776247339896324,0.922047595715241,1
0.8273149253370494,0.48338612512855805,0
0.17838844817915833,0.7290699484641504,1
0.49212399003422613,0.2355655537294139,0
0.21911226735362777,0.9072105089672663,1
0.15390042792864145,0.0617117303819017,0
0.12438720435171868,0.24640382999069954,1
0.7434868638789349,0.25796111318581605,0
0.5281954813326337,0.7745802441434914,1
0.49502455538763923,0.062027885601669164,0
0.030283962660246355,0.978968104666906,1
0.9107773210088126,0.8643358532445321,0
0.12578329455182857,0.42157474089221814,1
0.6948668246286541,0.33319351649530426,0
0.06591559979329831,0.4676990072700299,1
0.9572541819614947,0.11279269586042617,0
0.32583296392198624,0.9231908798378491,1
0.6574901332484612,0.37567289459967934,0
0.399174603036048,0.6729035851559305,1
0.9739257330035938,0.8388410232895789,0
0.12373382850935044,0.8737625519236627,1
0.8500789584742253,0.8367325246852134,0
0.2168221350317563,0.786687449360743,1
0.1655263201076137,0.09268113350100304,0
0.27440984056014983,0.6024871187871798,1
0.7780519631520803,0.15167758599825387,0
0.05940638008911414,0.2556704381122308,1
0.5629931469052987,0.38908269009941476,0
0.4639366399878806,0.8525334557589119,1
0.7754867017784471,0.6049158229113116,0
0.0199160808444242,0.1909936778120237,1
0.41101660386565275,0.23332308601507024,0
0.010229173489046617,0.8269858684308613,1
0.5784137701949605,0.47612870192779144,0
0.5794903276423856,0.9469396067118001,1
0.48091774729383785,0.1980226813497048,0
0.5256859117581809,0.580196358957381,1
0.6242821304385857,0.006324970352483139,0
0.21529466510100037,0.41321199588688373,1
0.874138903674405,0.7660529606755935,0
0.3576168706967048,0.4424382476389387,1
0.7390979932667403,0.11396791404284301,0
0.03340442997355564,0.5119074750536146,1
0.5219594399718214,0.4699994011967975,0
0.32584844708443383,0.6328061553595633,1
0.8668718951185626,0.835765611300896,0
0.13615736502431552,0.6027055604022542,1
0.3922070223629983,0.3855939282198527,0
0.20740768661549225,0.7937162513117124,1
0.6626547462880713,0.20427521194286125,0
0.03776694946091563,0.1218624341570258,1
0.8149316865090265,0.38394487544094547,0
0.5275148371319217,0.8441153175024733,1
0.19661804393153715,0.1452932336905397,0
0.22547266966142265,0.43784731472699145,1
0.808308897263323,0.28973160968663314,0
0.20814430822658003,0.30157028619332504,1
0.8183982071855213,0.6567687251637575,0
0.18928104560122716,0.19066227694981253,1
0.7154227160317101,0.6926096134841652,0
0.555181974241375,0.9229447896467232,1
0.7538483057582155,0.14198132223484183,0
0.12270572461278284,0.526720056034916,1
0.7421257380411421,0.6905184971537651,0
0.1705476963657735,0.9441295384372526,1
0.9170081766997714,0.30536756417974775,0
0.07389868639935893,0.9156895632236998,1
0.8564186729316582,0.5601883132392527,0
0.7102880502245014,0.8021566820355294,1
0.9166547569068081,0.282093822304914,0
0.09959023786286525,0.311782539591573,1
0.9540788157055683,0.9677367872497321,0
0.5626154126998835,0.9000253115376294,1
0.4227497248192956,0.42673937217499436,0
0.7197423676834499,0.8267174607921866,1
0.5887007170896015,0.24604941536034564,0
0.31498493530889216,0.9146028382275756,1
0.9558206503115896,0.8965383685852498,0
0.39050618158783834,0.6770198406373428,1
0.15930957670184887,0.11504826162573534,0
0.32437224437847556,0.819991992006419,1
0.8873971179704865,0.2656960150547064,0
0.14711187494569267,0.3931129657409296,1
0.8610025502415304,0.40783333139712263,0
0.3326941331047307,0.4189675829774564,1
0.9314527951340875,0.09960371115380429,0
0.261921702862529,0.5301491186188209,1
0.8726395783154636,0.9683655561643092,0
0.5181103870262584,0.9546102910331902,1
0.49687024649840716,0.10092657963708795,0
0.30097255408295687,0.3598185124175738,1
0.12433895861230748,0.07176275960656764,0
0.23456482495935838,0.5185297298921031,1
0.6554930365924471,0.351171434478564,0
0.24019574156500267,0.5294099089992714,1
0.3551997916947306,0.24879286415313995,0
0.7448725633962092,0.8639930420812514,1
0.8642544351603346,0.4840274016155125,0
0.0865534150455558,0.30089321953049186,1
0.8586465203151334,0.9219636081456078,0
0.3292440908610873,0.7688152581295472,1
0.5616713088014711,0.06052858454086818,0
0.040061049780601765,0.16187250314414803,1
0.6095942156921805,0.42501035725755654,0
0.26582599393739803,0.7934744435330263,1
0.7298491973155542,0.720645771002766,0
0.026916460924460983,0.45965570591288374,1
0.7984401384695979,0.08010308264720578,0
0.26654329286474254,0.804338922131536,1
0.954438893140694,0.04367019493087754,0
0.603388985789597,0.7482080752444602,1
0.5924206574696369,0.42787836819995995,0
0.28945925305272957,0.32907409816972377,1
0.17784266493485645,0.1723742625002902,0
0.08132322169429951,0.31606624108422,1
0.7448917859437295,0.5742114616600407,0
0.5748636861361638,0.895712749682701,1
0.1656810105583495,0.03966087672247187,0
0.21557965278198288,0.3924647843027105,1
0.5064459039054127,0.40522650107538816,0
0.00784385061811288,0.9788876565340139,1
0.9840562142285348,0.328411307686605,0
0.3248486007190684,0.8065290491769487,1
0.7181328489854938,0.6583596115716285,0
0.1608611325312076,0.9906521791339038,1
0.5722522702279899,0.16793701856174814,0
0.007215811025606644,0.7721875444555536,1
0.42840399616678426,0.35548774718131726,0
0.47469039628392307,0.5076014799438077,1
0.8447119255034097,0.7767398255025193,0
0.5597992359498805,0.7034811486750656,1
0.8319486262418333,0.5810064794017663,0
0.27654324967709387,0.85089066534908,1
0.4686421914529274,0.09249498717375293,0
0.060390763648169754,0.3126313573419792,1
0.9082345998341631,0.5215143031219116,0
0.23288999426860713,0.5710300194318353,1
0.4562804329906819,0.18750941726343096,0
0.6133575419971902,0.8453661676104316,1
0.9276498916468973,0.661135000514492,0
0.3084942598249666,0.6265819704779353,1
0.6611962079325929,0.5840537084296049,0
0.7200898298266053,0.935555857926388,1
0.228208886344332,0.10048592060919148,0
0.18398515725838704,0.7934337955381242,1
0.3678855344850085,0.3104518892154138,0
0.4693178610726886,0.6657449695298903,1
0.8535116292814158,0.9014173884777377,0
0.1291922108184833,0.470509131686343,1
0.4849651320538674,0.18610931788554463,0
0.5986379866539083,0.7284991972404886,1
0.6376249926684414,0.321506706085259,0
0.3306208692037955,0.38371347943185796,1
0.9236383668436481,0.33220773991834807,0
0.3806852321311901,0.5666221544328275,1
0.9118308766848017,0.07971902726782887,0
0.10702400966231063,0.19678875071721136,1
0.4725265158596156,0.26362825386405875,0
0.5911712393862666,0.7482169252161004,1
0.6382978796651161,0.6274342754176666,0
0.14220166961448466,0.9603134956306812,1
0.5121338582449592,0.3046174000462887,0
0.48343037660406973,0.9328068281856434,1
0.8123525080159864,0.8122560842626468,0
0.6539364623424536,0.9230412169734256,1
0.9975436716013862,0.9115557820233094,0
0.19978338975109455,0.5892615824185586,1
0.6132881849602368,0.3901940079556989,0
0.2553556407119729,0.8994767041606844,1
0.4799707862705346,0.057660673082162495,0
0.135917647397664,0.6088282941150226,1
0.7757189832007133,0.025962889727893512,0
0.2810095957904032,0.29118714577114624,1
0.20035868011782199,0.1832614201922791,0
0.4662157196471576,0.6507035969107613,1
0.3916699163189997,0.2961253334056909,0
0.021315491508496653,0.7385767266346296,1
0.8864591017731065,0.22952671150356263,0
0.4142536168278812,0.5986223293632381,1
0.7209103571246438,0.0313485643462873,0
0.4890158107427677,0.5751580958328882,1
0.9381825441136156,0.8600920374682948,0
0.20693831220316694,0.5623194435370457,1
0.19896549369749872,0.027306869957058666,0
0.3823423478647108,0.8081910740209775,1
0.7170866835068157,0.6166516515021584,0
0.1728065852643259,0.8249502511624349,1
0.9622721723176837,0.5990433638038714,0
0.4408899967383837,0.6653711780744098,1
0.8665452890004385,0.8717665299977291,0
0.21820288757036654,0.8877924817826343,1
0.8646244139577515,0.06660063325529286,0
0.42480392636885633,0.990058429829674,1
0.7792134995803213,0.24417480110232714,0
0.5246092038626899,0.9810439936736636,1
0.9867140458967709,0.7552612658449895,0
0.13483212088817953,0.48391792417891377,1
0.5601305901338947,0.585186203632353,0
0.4287101708719132,0.7864662934106936,1
0.3294542865705239,0.05203695589540924,0
0.43793910640694467,0.7338835270368868,1
0.7702076902789393,0.8293758933240026,0
0.4827032135513746,0.9942400017070149,1
0.6307241414032633,0.6327472322870259,0
0.43267628261204627,0.9214028104519482,1
0.5276183386520907,0.5074374471633316,0
0.6253342468321322,0.8012097627596547,1
0.527019482216311,0.4113291512775359,0
0.14255664301242754,0.5292644237991369,1
0.5386784890128765,0.304805948382879,0
0.39766079792239595,0.9965725511961322,1
0.7826442325813484,0.732355559047794,0
0.022738929964931986,0.574379015669203,1
0.8311238095946132,0.47427902685855206,0
0.041283932893198205,0.6710591448736938,1
0.4743550711732377,0.41399926875184434,0
0.4096345918301798,0.5976251341580847,1
0.6099070052518418,0.5140842112259217,0
0.6571671323378913,0.9451259565801986,1
0.6926871562817679,0.4601657046834934,0
0.2637573320565386,0.5153542846841133,1
0.5697182714883522,0.3327801657876549,0
0.40588761567222464,0.9188585667048654,1
0.8485584437690789,0.37230552528828453,0
0.16461866769548783,0.9743486638057375,1
0.7644954132677824,0.7312731873058516,0
0.004352576779962258,0.6417631407262726,1
0.3691608008882581,0.15602381479798155,0
0.5332294721211084,0.5695549869616928,1
0.47239453473313964,0.4045404987856148,0
0.7783339753234612,0.958375454492938,1
0.227533582677373,0.03637021715760791,0
0.032737114851785765,0.2971152401849011,1
0.5259411694514995,0.33246150983956824,0
0.2166077814333236,0.6456369398257058,1
0.7662410750008924,0.7826132508450401,0
0.8015118679716247,0.9628760592522929,1
0.8953467601630272,0.013492107463467407,0
0.6677932804708746,0.9257355868937331,1
0.643034359254968,0.20736961891241001,0
0.10060570270340674,0.2120930629922172,1
0.5604770349045544,0.2924210987637934,0
0.056714732304535165,0.11679358866897693,1
0.5814348361078782,0.3522692759828714,0
0.02049035781972186,0.47860026917775833,1
0.7786649206278926,0.6457845880526324,0
0.44007544693387335,0.4907113944054199,1
0.6737909621944812,0.30871224380857964,0
0.24124085855056476,0.7660855454584182,1
0.894455804082223,0.15788910033777714,0
0.2391700595803945,0.3584334506838124,1
0.725675320095935,0.687726661429477,0
0.6761020338359917,0.8155075300236415,1
0.8886572559881392,0.4641715539036043,0
0.2722173302286466,0.5577069164523158,1
0.8414111955658423,0.10342294261254437,0
0.48421998913375386,0.9210168748690833,1
0.23681146820148136,0.03336438929550334,0
0.003190606661562345,0.6794682724770941,1
0.6960803828110224,0.4733783687523736,0
0.03516872958673212,0.6707913145636861,1
0.4338987268366937,0.22068837355060955,0
0.3578182875439424,0.7776524564087717,1
0.5449905660388435,0.33801402922115587,0
0.17964224822953268,0.7522807167901456,1
0.6315972065775679,0.6484029700400674,0
0.09439474671041181,0.45211120606394695,1
0.5573594668536347,0.4546265436328174,0
0.18613671911786933,0.6758663406713645,1
0.47755906919233415,0.24523943851718122,0
0.3052658233228548,0.7346821749397264,1
0.6714583903813381,0.25251145668205566,0
0.6217055843124178,0.7286179435649892,1
0.9068591074596682,0.8711059016148562,0
0.07911969913263062,0.4067730364339789,1
0.8229553468126158,0.027482153067026505,0
0.6730027128689792,0.8375637948105252,1
0.855940994511788,0.06970886368452844,0
0.7704425102380638,0.9941824857740847,1
0.11893739082575472,0.0215290855412843,0
0.1392627969971747,0.28362617312529237,1
0.7905398577758626,0.8359864270844212,0
0.3646832510713781,0.5415662707599863,1
0.9778118229681845,0.9151230963572708,0
0.40080944084500303,0.4736257656658007,1
0.9312614314596225,0.33298126747964574,0
0.04788542598880485,0.750556000839893,1
0.9551369849756506,0.6652621595249284,0
0.3016270221898857,0.8326631318756346,1
0.6785242655163369,0.3423751092503472,0
0.3851526165798995,0.4514777640720211,1
0.6340845323908137,0.5852778639369903,0
0.3172977368597497,0.6126034676571154,1
0.5358846959003467,0.31015134759656127,0
0.7087428497319277,0.9378922821279355,1
0.6102221825529444,0.393491224083639,0
0.019351387260066355,0.5706998070081222,1
0.4512730349999934,0.26826751777859437,0
0.8080650236370833,0.9586570108945263,1
0.8003354946737201,0.4989019535988576,0
0.26600362340888617,0.6356100920953138,1
0.9342931720770874,0.7569842665436731,0
0.18364984252463545,0.7490078691727908,1
0.9042054447665006,0.3839366649137037,0
0.38887562406241527,0.5673603182790097,1
0.767888988763713,0.8662221428299793,0
0.1305347051784782,0.35373281095289977,1
0.7272379224508385,0.7318049132556002,0
0.054156313166232706,0.7277325854033864,1
0.6737463232783947,0.5262696169871867,0
0.4501190886296692,0.8935100287880111,1
0.8020514002794636,0.40589051595218884,0
0.28212367794350424,0.7331148524716117,1
0.8623966014942858,0.2820172398642643,0
0.7240947436062988,0.8540117234214049,1
0.9479460376603359,0.33957777079792517,0
0.14702213211058668,0.8523241968123588,1
0.18600479662476765,0.1466620782737058,0
0.6319676879484073,0.7694151232892843,1
0.6913261939594858,0.6109498729410661,0
0.43745877289550916,0.4820426483257779,1
0.25895593963097374,0.22777972029284688,0
0.13971417295172384,0.28426157226278514,1
0.858324386232816,0.6146052459064488,0
0.46799970387801193,0.7105254478722373,1
0.8275095965609447,0.3818044332471313,0
0.3882717805577588,0.4993925817923611,1
0.44459366902247666,0.296122911676701,0
0.1644714841068201,0.7458843666067901,1
0.659324573746695,0.5371927457049138,0
0.09552329371291701,0.6752318269981771,1
0.8429280779427868,0.08348879922991692,0
0.17229150290757966,0.9706831719850345,1
0.8787854203311783,0.31801128079543395,0
0.1012169872366181,0.8958618829799544,1
0.59087113023405,0.13744679824568462,0
0.531871524132905,0.6775391449263375,1
0.4883757890724064,0.06328834840153252,0
0.4809594800759621,0.9160669252888807,1
0.7855506932141172,0.8885025097029791,0
0.3600868776853797,0.542852201478053,1
0.746957501343868,0.3437087565756092,0
0.6102335214441107,0.6790075106595721,1
0.803399156038389,0.25372823964240876,0
0.5190749475227471,0.5831530458764039,1
0.7277559155231442,0.36284237462885705,0
0.5729163097492322,0.9012790644567773,1
0.433094070144734,0.07827964069647086,0
0.3783528264742245,0.8520341354973173,1
0.9671323908992173,0.8451144415570537,0
0.11400902498083887,0.34072877887703334,1
0.8279229871171734,0.019155447180486673,0
0.24387457878588426,0.4695559408223381,1
0.4940056100047805,0.22531392419316565,0
0.7017033958688419,0.9397680520626702,1
0.6747068146332181,0.0336163580745098,0
0.22793021001597413,0.9183949850087777,1
0.11157126040700993,0.06700263835802933,0
0.22837733699707663,0.9763607092823359,1
0.7909194013318475,0.2825014449976193,0
0.027796456141563786,0.1454971585100383,1
0.8876452259774014,0.5430733739480352,0
0.7428922205301652,0.8718792302906045,1
0.916400230117296,0.8685396372570671,0
0.6525198933356079,0.8583094966879223,1
0.7527815168082578,0.5385365566817217,0
0.4318107516139622,0.9815792971850414,1
0.8857945207550608,0.19671697984422187,0
0.30000431271953354,0.8510639257088738,1
0.9364047747203476,0.7439091522655811,0
0.14006386396661907,0.796566991232121,1
0.7338896209537796,0.15606174285695185,0
0.22452929420151935,0.9551222639563399,1
0.9818683568502462,0.06689383782966596,0
0.250131740932937,0.3666679136460107,1
0.6815508835376278,0.22287173014792727,0
0.5486997037278871,0.7464352505943666,1
0.4235238601248189,0.2831270253844945,0
0.32454548321430565,0.944470563596683,1
0.7707899600931322,0.7331924802550918,0
0.20537981439998598,0.7126474742242433,1
0.6708001153302852,0.6458264022827521,0
0.06691655625319515,0.3902905046092484,1
0.6188561382471851,0.007615571389531617,0
0.4031284441916372,0.7980066186495607,1
0.9229272412007672,0.5052323021048603,0
0.1434300629160592,0.45370414098101797,1
0.677391162818518,0.4011182116088876,0
0.02837505848791333,0.9791553545626044,1
0.4486397074820877,0.1308185970817054,0
0.01218683161363443,0.5928075194368724,1
0.778216849390825,0.2836533260548456,0
0.05360242140301519,0.11997644906573313,1
0.5748905415767264,0.03366906312587403,0
0.06358826226697722,0.22909331502205232,1
0.7948689890448348,0.4861089593691903,0
0.08257284932274844,0.602091707751671,1
0.5624454603047482,0.31260371678316046,0
0.04568534588435902,0.8286228260992089,1
0.9749943531927759,0.6373603155899122,0
0.2295112547964513,0.8140671268917414,1
0.7654272583665783,0.8297746684976133,0
0.27999803278472635,0.9363912238003261,1
0.42439886190764464,0.40844398563931483,0
0.6094977047969956,0.8238181103721995,1
0.8594992999132985,0.3578297736771886,0
0.25155323134528185,0.5663266995909627,1
0.7073655866620709,0.36867034876698734,0
0.35090096919751224,0.814933687141439,1
0.6345392905786346,0.30172340524358876,0
0.21368234819301635,0.3242860364739997,1
0.8446022138320075,0.9334481186584079,0
0.0007687318335781734,0.9662159611168633,1
0.5986318091283798,0.5794810870549,0
0.22370489749726774,0.3059238544709566,1
0.5267199567048865,0.5123719642063579,0
0.11305343841534121,0.47757264623819595,1
0.4709565757309784,0.26931758372883174,0
0.4881075190700942,0.5880101835108564,1
0.9292618128579094,0.014051244550438602,0
0.014822802888385667,0.43619996657824944,1
0.3513814233624645,0.23592892889301742,0
0.22246827689945148,0.8701295995167052,1
0.23874347507141302,0.11105665601067971,0
0.5169705989272387,0.9094470654595922,1
0.837452853446869,0.3306689974114707,0
0.02775528013155948,0.7642796525278225,1
0.9976973492132152,0.634845282893547,0
0.3552635558356201,0.4142580274919422,1
0.5595321931611519,0.20244948169038657,0
0.249462727368033,0.9785954502675701,1
0.9202141338128227,0.7728587790440057,0
0.07023816616133538,0.6850183161980097,1
0.7157715533916509,0.2244908146259268,0
0.12049426092912663,0.9561245127202359,1
0.4538941292663784,0.3474199782829328,0
0.1772121397740628,0.6813150771836229,1
0.8046132560133922,0.08566979823807619,0
0.6132209864651282,0.6628149699610258,1
0.672403913000438,0.49948835893783916,0
0.17242860232279078,0.289411143607579,1
0.5139023864175049,0.32232330571968937,0
0.06979898666623585,0.8462368880043255,1
0.7184842501768363,0.06999370680162398,0
0.435140059873797,0.6908479487372676,1
0.6854052000459981,0.7122490361149513,0
0.6101991091680218,0.7325410769437825,1
0.9547851880931165,0.7752412461834558,0
0.4657064722776433,0.750864078066413,1
0.4443577032367043,0.3109695263275727,0
0.10270659832538453,0.5688846400900988,1
0.8506642369501781,0.34277574843951386,0
0.020905665881736923,0.927985820317165,1
0.07330653332765757,0.06493444919662972,0
0.379520854485629,0.9022826005620225,1
0.9051276437438781,0.38873423469508384,0
0.04159589221471682,0.4159440505919524,1
0.6412599444184657,0.23479402452480114,0
0.7581900157267956,0.8707140855823174,1
0.2422812469716389,0.107401130751405,0
0.15191665656051556,0.2690129104010974,1
0.9536433364955768,0.6221432708518702,0
0.48971703431445646,0.7583656470114555,1
0.6807962669567644,0.6484055089290215,0
0.2878550240239186,0.40519863982822124,1
0.7332073641883902,0.00794741594218662,0
0.04803230084669907,0.23177737809974863,1
0.6003583631922261,0.22178527551042515,0
0.10697239145507553,0.7485294166492659,1
0.9903063976463721,0.4634362814062777,0
0.13650770083174302,0.41517357951069833,1
0.2541677221850899,0.12083712843628158,0
0.03033022121247908,0.36720354307734016,1
0.4587311194303575,0.22277152178190052,0
0.10663771628581065,0.947238852446493,1
0.9831411492170408,0.8776852944453263,0
0.021729996499580073,0.7043053801217359,1
0.9503916005735996,0.5309933061103109,0
0.029329827005794007,0.3217772085680227,1
0.9748380034538771,0.9254844088018293,0
0.43659721757934944,0.6168253230875939,1
0.8641513625074698,0.44757427199677136,0
0.3833595105683072,0.4219216488083527,1
0.8883471865546045,0.26282879363401823,0
0.03323949844500984,0.2854460794905389,1
0.9048210000876713,0.48525388924292867,0
0.38416313182472916,0.8176762484023482,1
0.6940005594649836,0.15797335069899543,0
0.6199475994664053,0.7096879566685113,1
0.5910650904603062,0.5902837536652976,0
0.4796233981174848,0.5929452108295895,1
0.7513619903967063,0.17808234924946775,0
0.1332588985003933,0.9101161727778257,1
0.4842781170415402,0.036016221500368095,0
0.3120670533495996,0.6429810616922951,1
0.3570913173755632,0.2761545582269942,0
0.16719706127411382,0.685567928536704,1
0.32771715213762476,0.13618583513916316,0
0.40128395715295095,0.7561640781538478,1
0.5115642138171377,0.3070309719354849,0
0.12746079473532945,0.8922402834309741,1
0.4212364284533475,0.18950190958278956,0
0.0867297558242357,0.14826581205546574,1
0.5825450646671909,0.5019170509833873,0
0.0495449640800536,0.8607338907896755,1
0.9145440561352927,0.21909978227643956,0
0.3374820008086593,0.4063217235743358,1
0.5755680183211216,0.3185683152577171,0
0.2574405938673495,0.6546704724272961,1
0.9547529596331069,0.09392119197294913,0
0.3523114234137096,0.6925206698389667,1
0.5421187787748107,0.20027984269173915,0
0.004867013286377619,0.6543907944541573,1
0.6918538303559466,0.07467363699026841,0
0.5704336701234084,0.8421980663699549,1
0.44177560829229867,0.31979421722145296,0
0.18242745906089952,0.8407450100134862,1
0.6188070293050896,0.10962329474682908,0
0.2509655409534245,0.322128360060132,1
0.3680643040323992,0.354274531948771,0
0.05684928993759797,0.7363302449189085,1
0.653961817462768,0.16688784126645617,0
0.16146485490828455,0.82128198585013,1
0.5218174558968058,0.24260381114576257,0
0.3103181107867715,0.5930818709603575,1
0.744214814059871,0.14715195945363968,0
0.10624937191219885,0.3006575595455486,1
0.7245398498268275,0.12998043867019282,0
0.24411843281999368,0.7777531927804987,1
0.8853452716694742,0.2832792346098807,0
0.6809233384204167,0.9720623547902224,1
0.9082555196160428,0.35382753926646693,0
0.19266123704817106,0.97769455841033,1
0.4432701837175801,0.20436455017368582,0
0.18899481671426965,0.7906447354256024,1
0.6670111088552647,0.6576050006451709,0
0.23828647149486726,0.9459112271776278,1
0.4274826734309781,0.22477931467399603,0
0.24156244878262545,0.8990611506695148,1
0.5666703745227064,0.1519226765042796,0
0.15104076405917244,0.9751939472852262,1
0.5729076372874503,0.2304979452659368,0
0.17216151074484776,0.9133135225442052,1
0.9397117155095217,0.4707448574707933,0
0.3289558443966336,0.8231986573302457,1
0.548238242121106,0.4893831732474654,0
0.3388273308801423,0.9888812661203403,1
0.922300845866366,0.5961251705884547,0
0.12790973890528023,0.7932050442012247,1
0.1731666367900354,0.015047087257454628,0
0.25217251314566846,0.594023989288298,1
0.9620505757471998,0.8108921498287618,0
0.11624679464996346,0.5077147725645729,1
0.32342347926776194,0.01126014257057295,0
0.7539273684668257,0.9958073443180817,1
0.33492751345327765,0.2597888826873017,0
0.10451943546253761,0.3940167339181334,1
0.9764418900925865,0.31006981243730936,0
0.10173295862775511,0.35070113766428357,1
0.48507966221097887,0.4821089712954931,0
0.132907043134049,0.45302667894381776,1
0.8728387016135747,0.4135994494485241,0
0.534147386390628,0.8914841496226836,1
0.6606751082383464,0.006354857375630907,0
0.16031385680199262,0.26041991232152084,1
0.8704689123778847,0.9596948406296916,0
0.2097054238990923,0.8819555030597026,1
0.6556224907623835,0.4736732092573511,0
0.10587444396978019,0.5254344298818654,1
0.8472483957238176,0.9662401855236877,0
0.3756032021982111,0.6387642420568944,1
0.6012869994695793,0.1021772345209101,0
0.5005613080245014,0.9394114450121521,1
0.14867549829540305,0.039023623386530204,0
0.3082138301375603,0.8355817006097609,1
0.5896764076189274,0.08239026883074829,0
0.08541994095764383,0.5572183328316721,1
0.286313386186388,0.10783722200152956,0
0.34453472910070604,0.4885830214360374,1
0.23234560035915053,0.21129537120957442,0
0.0950016324392785,0.725140417981899,1
0.9427162946275789,0.5455461122791466,0
0.501251587031531,0.8379512821478334,1
0.9588268173600953,0.003904362004153894,0
0.08498645817782335,0.8487595784155966,1
0.48112288907853396,0.3902683348643461,0
0.0530459883933434,0.30017215185289625,1
0.4516866884258355,0.35908451970323185,0
0.060410831077496896,0.7598781019447656,1
0.7094382802560444,0.2293618783442315,0
0.6354084153409786,0.7035630389894938,1
0.9472365618412762,0.9284727071039797,0
0.0422953813885385,0.19297768724842157,1
0.47904636996638017,0.47993544190330983,0
0.2779756145098461,0.6865331656214207,1
0.9282825802274649,0.9002234120584891,0
0.4980666301173079,0.770002042301592,1
0.6802999965249281,0.3438196877805977,0
0.2576240454472518,0.2923404802775459,1
0.8282443353294549,0.5314498192212382,0
0.17899150994645663,0.3915907539700505,1
0.5919022369640158,0.18874383758593094,0
0.07352894323889059,0.3672491904758587,1
0.5578988904421847,0.3859687182690349,0
0.4005604646262594,0.9797686754229161,1
0.9282466956409642,0.8323696523187926,0
0.3763863336605159,0.38938707599732314,1
0.5436411140554672,0.41655255820991843,0
0.29544397975551817,0.5975358531150581,1
0.7654746225713438,0.8059354103046635,0
0.44616144547161074,0.7186032159191309,1
0.7912368790104772,0.7655683761907526,0
0.5364230051952392,0.8151370686347847,1
0.6794973593595844,0.645489894988668,0
0.2169091874908683,0.7522301243478416,1
0.7598463849643443,0.6824531322665579,0
0.599449094626796,0.923534589406931,1
0.8685027222603432,0.48036517257238065,0
0.49169532294957374,0.9981177966362538,1
0.8502462580665305,0.09518919275599302,0
0.5470359783698506,0.6011028946599296,1
0.7773703278357489,0.7590284014207114,0
0.30266190112462177,0.454985959167725,1
0.9047428300608679,0.22883423814314974,0
0.14373395273858336,0.68085484100717,1
0.12757820087778837,0.09178694231588891,0
0.13442967593543298,0.9556883091616929,1
0.5139634700773803,0.13086031468631099,0
0.07088087593571402,0.17897270254260855,1
0.9923043915934703,0.1192658631140594,0
0.4949925305172711,0.5189290640169971,1
0.13220750850332896,0.03729148658899817,0
0.027493965109419816,0.9237262173761049,1
0.28937578965361277,0.18787508741065995,0
0.6490973952406873,0.9500177031314133,1
0.9177319071515948,0.0976244992813664,0
0.5669228995267046,0.7485058035731235,1
0.9992884741681508,0.10994585360528908,0
0.08829828245494031,0.6821426668985786,1
0.9755562709103404,0.11635827971817714,0
0.43074907642386384,0.9446039013002556,1
0.8455934710600991,0.5226754702204084,0
0.4121451125276182,0.9441365228457268,1
0.837633216897596,0.42251797696438353,0
0.34183038827226575,0.8118483816673431,1
0.10103611711298155,0.0233958612762164,0
0.37213543256828363,0.9753260867092524,1
0.6224040152387137,0.247830002572776,0
0.33300196164604057,0.6660457536608486,1
0.976114680893893,0.47135634494030687,0
0.2546787057495753,0.5348820131899873,1
0.786668067209616,0.31461144737897495,0
0.6047227158190827,0.9440072028236326,1
0.232494178329686,0.17395545795005485,0
0.08651388843275731,0.651719532279972,1
0.6024036638887775,0.020455403797232874,0
0.5386941834787774,0.9638848213648379,1
0.7100624660830748,0.42701465196093114,0
0.1485937434077832,0.45756942245708554,1
0.772303402660683,0.8674405952286058,0
0.4549760646395705,0.9561155155612441,1
0.7019852649170939,0.2797763874548388,0
0.23080475551083302,0.6358143542865813,1
0.7558533544179352,0.2367027589001237,0
0.1626865982248581,0.4038059634637087,1
0.4772288019916636,0.4464209171518524,0
0.4752738367339473,0.7496830397710301,1
0.7658481495277601,0.3124364545924867,0
0.7058369451896537,0.8099122722426682,1
0.5713253807385278,0.423685089996665,0
0.3414893788032396,0.7718920638862588,1
0.2942088462894147,0.2245973821442384,0
0.21137173753573468,0.7014225402212554,1
0.6197833013099205,0.3932212966503551,0
0.5874115079124433,0.7100203800180054,1
0.757596965404011,0.438727949010853,0
0.34340135388504267,0.6165716608533478,1
0.6823527928860759,0.265751871110244,0
0.4324064122315241,0.8335039440150704,1
0.639783976079675,0.20619030681178585,0
0.21553384673960563,0.5694873561962787,1
0.9474346620572223,0.3740380802810034,0
0.15404949520452704,0.6605622632909057,1
0.6095114626357333,0.6241776249046055,0
0.11027737046973318,0.1346585300772113,1
0.6678942297773949,0.6547074196415177,0
0.05917280598871588,0.5975817116218292,1
0.7784775605128925,0.8374938800697627,0
0.18409325814802058,0.7602415003886411,1
0.9047573703794733,0.457661988761051,0
0.0926401974331249,0.11708271458145447,1
0.5844230181524681,0.27596852847640196,0
0.051884783707495385,0.5595296940660761,1
0.5670045815689017,0.5442726581671024,0
0.5396465982137691,0.8660100801570225,1
0.842434967347895,0.7442354969688459,0
0.5526386826548262,0.9700878321957087,1
0.6717143960131339,0.6717331343913615,0
0.16319125725785733,0.30236557177767465,1
0.9223510435045108,0.6161085478500287,0
0.7312319923450282,0.9563592007467695,1
0.5845713217895001,0.528133178379817,0
0.4732968808542384,0.6960452946545479,1
0.9742944334068284,0.2829347574520191,0
0.06857402156747072,0.6401372736420333,1
0.6578277548477284,0.6802064393197255,0
0.5192927862593079,0.7158829764336551,1
0.3627136321119514,0.09879259907134619,0
0.01229027773241509,0.28883612359139865,1
0.8565825733404797,0.7654854781710705,0
0.0252429466483155,0.9978894494871143,1
0.9826043269432218,0.018050895426740543,0
0.5170287515705182,0.6725017421052184,1
0.6958967813738683,0.6685607804170314,0
0.011388117324806601,0.17581221913689604,1
0.7082223949989122,0.7262079900797676,0
0.510671818577793,0.85854991442032,1
0.978088249203502,0.01775545934466627,0
0.15314571465472737,0.4679739695170114,1
0.8787101050104074,0.34255639245288383,0
0.2917766710726797,0.6031746295905712,1
0.6563375655417869,0.4090622834009997,0
0.12621734258044892,0.19334142414221567,1
0.8578230089712034,0.998391538239398,0
0.2604864795091927,0.3421113808398001,1
0.9015830524532306,0.4023403921354788,0
0.26088705944138557,0.7374875262388879,1
0.7265130783975118,0.6341661448401255,0
0.16894068557161201,0.24868398146766446,1
0.37341739969131726,0.11536133444799157,0
0.025352152133453543,0.12488587238151383,1
0.7619542073196549,0.7423467170468795,0
0.27167401207258346,0.9456640661311623,1
0.7305866487086928,0.6868091610929175,0
0.26299348495775876,0.6892795954798085,1
0.2799941262154507,0.2491165569451157,0
0.5287714408050895,0.9593870132683315,1
0.4999540437200959,0.4978115285760847,0
0.24423088548583027,0.6865140391415453,1
0.6627420086846005,0.248866013563942,0
0.7192317080982858,0.9014363918907167,1
0.5460872063565907,0.1407477707860013,0
0.1384742546468113,0.8603038501614484,1
0.9768384807807668,0.7154741460457745,0
0.12891631006500126,0.33484336556339434,1
0.636103757123199,0.6330543209503144,0
0.7309333068125503,0.8731724383036548,1
0.5465148459411279,0.3329012439489957,0
0.07771906088266978,0.5331397158070116,1
0.8180104481455477,0.3000291977870114,0
0.09676399118528078,0.8630834352165105,1
0.513161231145416,0.16340857407032505,0
0.46838597711577856,0.584257912303904,1
0.9787732301412906,0.1286988501909524,0
0.20200353536829574,0.9220221889571392,1
0.6611156207968885,0.6584851037539045,0
0.198157843730152,0.5353305300642847,1
0.6660584841834619,0.5617247758787993,0
0.35234020619077844,0.841093843969638,1
0.15034692260375437,0.11270335446638391,0
0.36221065851708967,0.8472943890665908,1
0.0803447683983004,0.07660655800749239,0
0.4060225042565263,0.7841495320983234,1
0.7346246048375413,0.6436854219184331,0
0.4525042029663341,0.6289003222306496,1
0.5573838305595149,0.17421744016697194,0
0.27555452281403714,0.8238568934683689,1
0.47052877646514046,0.17830485122318862,0
0.4980461152015695,0.782270092359472,1
0.254244948169689,0.07370566347161489,0
0.4775019679985647,0.5004078745841932,1
0.40684980290729533,0.15624000859920362,0
0.49338890233250865,0.8527638245696917,1
0.8797952552266162,0.07527673223436271,0
0.5911665462725754,0.8314974682838137,1
0.8871566765988196,0.9164133768086155,0
0.41228283126330767,0.8878347669743593,1
0.9528353495746524,0.7930693955215232,0
0.5487572522794515,0.6248397563612487,1
0.7276755722204943,0.5268685085055296,0
0.012964166877937333,0.15586610107039134,1
0.9164915690093761,0.4727976853432766,0
0.11061686039275931,0.15347506028251623,1
0.6363443886684849,0.15073006122245625,0
0.12281099979048826,0.14320806946967068,1
0.7481127613197552,0.5200230819864117,0
0.5863801388520333,0.8258538934768579,1
0.44155202519088554,0.2804059466507379,0
0.7105398606311725,0.8791220278957936,1
0.6972627170962239,0.21769273797016386,0
0.2872304681111961,0.7028009313090244,1
0.2809370816165915,0.10246919850710312,0
0.14891104007588196,0.8318595683656873,1
0.4096786561974227,0.31928863534876006,0
0.34181324447356487,0.5350763018453364,1
0.5864914434137524,0.2734500909169756,0
0.013541141668590329,0.4580214168162381,1
0.7148139382966142,0.043412359318030225,0
0.1215498585171092,0.9745869680020774,1
0.43104131228484155,0.3627977637150095,0
0.6514747114239207,0.7882216948554304,1
0.8159523254768072,0.011207313063852142,0
0.37189092562454884,0.8867149673265763,1
0.7362609747517174,0.02836988915392402,0
0.19589407097686395,0.7407377212484505,1
0.4364560591725599,0.3886772650914473,0
0.7591310333510627,0.9245830924668031,1
0.8716114877718875,0.7337679615840447,0
0.04874892632233663,0.5152622185030113,1
0.9774202985106724,0.37721158963334156,0
0.37507476417283614,0.8264743841744461,1
0.8365699696691339,0.7401949813833402,0
0.5862006823534696,0.7738481205013381,1
0.9424858351447328,0.823932448836108,0
0.07504743642699396,0.5258799331314955,1
0.6832070073050052,0.43774938967114374,0
0.21538864672920832,0.6065829558709753,1
0.980806688111533,0.9317807884979553,0
0.07507312329697469,0.3198783008432654,1
0.8814807458894844,0.6209153851625062,0
0.006114698986179556,0.3403726365942731,1
0.7070979799886095,0.05836401187918472,0
0.28722064714606954,0.8933367857720708,1
0.9936472079933822,0.42680461499016376,0
0.23064376641612827,0.8976745714542873,1
0.9539518647750979,0.5176312814212609,0
0.0677511026789478,0.3191009386716458,1
0.47635133480692016,0.353137132468339,0
0.4485828877936484,0.6184484650494741,1
0.9607469977146024,0.4713684384677763,0
0.10277701277475082,0.33295332424898183,1
0.9802007565495178,0.07421476935617533,0
0.21986714847160937,0.9739916220615522,1
0.7724526330647985,0.8244068330215273,0
0.6820171483527683,0.9807105485297616,1
0.6948207754486663,0.3001640400798057,0
0.5358613342147519,0.7967356577650846,1
0.7814886537805911,0.13926441835058978,0
0.41448058336277205,0.6593073554336026,1
0.8108226004541248,0.44981631900222396,0
0.20229354899528373,0.7867226278686495,1
0.7900350338050716,0.5710657149209862,0
0.1379655447532928,0.23242264532619816,1
0.6589752381387549,0.42939198586536953,0
0.3744865674902812,0.6389417719708822,1
0.43856824799451977,0.32383580501194187,0
0.15419979873590772,0.42931923447796216,1
0.7012378557024971,0.5209180984059599,0
0.35700838600538,0.576672998165346,1
0.9369074150653334,0.8317208704585042,0
0.023089465710522172,0.1853741199492731,1
0.5760661288509966,0.45691895894374557,0
0.16327824565470628,0.18340675263102935,1
0.8230807083547176,0.33964700428994876,0
0.058574916583601366,0.4853961836303311,1
0.24172197082879465,0.17504406260437078,0
0.28787255924379984,0.9197709888877214,1
0.34584431461663157,0.12200918325389365,0
0.21028759533224783,0.6140472833645436,1
0.7710305715938414,0.1003526933111506,0
0.2826704991041198,0.44468201776479954,1
0.6154941172046648,0.6569578042008117,0
0.4031103946618254,0.6577535225362322,1
0.8024921615115332,0.14920413612985994,0
0.25505528257396737,0.9636097532767465,1
0.8961476926090151,0.6608004657380587,0
0.12999844407243444,0.748835089071008,1
0.9317068369274365,0.5188701044975683,0
0.28163307495912715,0.4475059377197279,1
0.4466549088306686,0.23323636035010842,0
0.6253918249473017,0.9216594881471022,1
0.755793385321268,0.18696468125558363,0
0.13969464952618016,0.3006823317286407,1
0.9769815924187105,0.03582823264989288,0
0.3296094313615924,0.4947838177378433,1
0.8431679377649212,0.7176646892283389,0
0.39367682782267477,0.9169128815334263,1
0.9695139681487412,0.17749852213326733,0
0.13212378167100602,0.14934146786736657,1
0.20222267397283633,0.17228598749858204,0
0.6955455151391466,0.9009716292664444,1
0.7492410879746966,0.6596621071827645,0
0.027465110228667045,0.5020454642136866,1
0.5971820085283003,0.44318631502338535,0
0.14250794189893068,0.627298861257575,1
0.7554455827761775,0.19834318493600656,0
0.642772055901708,0.7878281753819152,1
0.705956145684936,0.13506049771901107,0
0.3631983165201249,0.7643955884233649,1
0.7613854635532662,0.8254541835789463,0
0.16979841054424794,0.20048713477914315,1
0.8786236353925809,0.9336261437324502,0
0.5684883250795443,0.6806426501235934,1
0.42206698760692274,0.026702994005879277,0
0.1986681462831359,0.48261858668961966,1
0.4797518955887359,0.18818674962132154,0
0.44817077175941544,0.7231271536016779,1
0.9421491541054642,0.5280408384223206,0
0.010377304910864193,0.4711421692912019,1
0.8363743564208984,0.0024927647085665194,0
0.07892694100677933,0.5090500455795921,1
0.9851360305268247,0.6281707806518739,0
0.3824314236697599,0.6236835772861973,1
0.8305925496437071,0.003432066334660977,0
0.5428909593413191,0.714236589786205,1
0.3657005357167975,0.21950413661136403,0
0.41575284463086104,0.6632859154387428,1
0.9397545849567093,0.8820380310267505,0
0.4252404244718875,0.6831202622217446,1
0.5701295090755172,0.25594446831036677,0
0.714421913232446,0.9681678590017484,1
0.2782734063109402,0.048849055680503906,0
0.27465375465508834,0.4035381939693169,1
0.9341866556762571,0.7915759344690605,0
0.2680133377169387,0.9774242828889411,1
0.8039603160059283,0.007515264210949502,0
0.413914737075332,0.7572653044305853,1
0.23952981003031237,0.04971484034242102,0
0.04812157448490362,0.8234342204153704,1
0.9946697318661764,0.7247031775564966,0
0.6155503488567713,0.8538127440378876,1
0.5971503644303835,0.02048386512562239,0
0.2368010687683776,0.7703698623234766,1
0.783080516921795,0.3352201385206941,0
0.5541286204060127,0.7997573663223831,1
0.9328933349996962,0.48600007356171004,0
0.05814981662105445,0.47683773893433024,1
0.52838018282382,0.2932763828397994,0
0.16318478364441258,0.5524194542894656,1
0.24922918087033863,0.15893147005967412,0
0.6379485652403418,0.9604388679809854,1
0.5331783838259854,0.4098749229099058,0
0.4533912309909993,0.7412731200806537,1
0.590673083065771,0.22366932985522725,0
0.004241975363750372,0.8398965366367176,1
0.7002893257179748,0.19338502887523457,0
0.0550948084524534,0.40043785264925635,1
0.3711155175851303,0.07111166413872583,0
0.1694403235541283,0.7476932272280057,1
0.8278268216499259,0.491977232339162,0
0.11703668595052397,0.27148155539099394,1
0.13397905594934223,0.08506134018012279,0
0.1688368499162901,0.30718187911370887,1
0.6810586210479372,0.09805365200118132,0
0.27287273431518355,0.36518102365591154,1
0.4625166034234076,0.4202560124587291,0
0.18858887898031884,0.44731602301375684,1
0.47194178481744753,0.47403819609968534,0
0.16503766697136157,0.40451911414940256,1
0.7664845572081121,0.7182901565200254,0
0.261722456023999,0.941919235292264,1
0.5959971415355622,0.15974595207406916,0
0.31487630577462844,0.5210123527387789,1
0.39951290839670583,0.11856938304009179,0
0.0304179126308044,0.6513223165087312,1
0.9329834955622404,0.027008822786339315,0
0.03139261542201832,0.4695917395687613,1
0.4907528046500286,0.2653303469250202,0
0.4472868077309997,0.8524945531240647,1
0.640281594714785,0.5684755534891428,0
0.19809039302967546,0.29859084184080587,1
0.1267907581200215,0.055026532081294266,0
0.539486788551593,0.8371666691891388,1
0.8950597376624422,0.6580551470668263,0
0.5455443234941608,0.6185117057764351,1
0.7640641457350658,0.7720743169535781,0
0.023279537056297595,0.2748809586921086,1
0.8441971117525557,0.2634192228594038,0
0.4582617084630688,0.5516366691035659,1
0.7273824896107708,0.13353606791122363,0
0.20778514499921286,0.24157296772010084,1
0.7518446437421263,0.5427772181109676,0
0.0665677025601139,0.5776242711337345,1
0.9027141106781101,0.7683291862065895,0
0.2747271068615945,0.6605948141173453,1
0.9908746239638044,0.8978033749624671,0
0.25983237184125507,0.2923072741832923,1
0.9748227223501272,0.691255450706301,0
0.07533262642390415,0.5497194356637592,1
0.87054443656481,0.4815900809485918,0
0.1061057264465115,0.9784103232621543,1
0.3971594854222319,0.17172257253229828,0
0.044794473354097364,0.532800358699677,1
0.3463054272506939,0.30647675664741103,0
0.0631931045500358,0.8765669273650515,1
0.2654119505760988,0.12033877169113161,0
0.49259864998138403,0.9180068496074217,1
0.8111460960925854,0.2565324310097147,0
0.091070575816253,0.2789288493366465,1
0.8523119524122829,0.14471432141755836,0
0.1605004223461739,0.8321279630631383,1
0.5174513321807539,0.4457405710986404,0
0.35839407526240585,0.9505238759744346,1
0.9494331602708842,0.6165764600226737,0
0.7693285463915075,0.8787036151983975,1
0.23554131895235575,0.015109477391099913,0
0.10396074434550784,0.7155171444408893,1
0.38052158152049376,0.12335182859210292,0
0.12877911438013778,0.47625075062532507,1
0.6763672374794288,0.3624999284327023,0
0.0654794371364451,0.560015157626627,1
0.9671947970848452,0.8527693472522075,0
0.5579360398703929,0.9283654277008939,1
0.40417146892406297,0.33020798178810495,0
0.037711001929226384,0.10056451512031694,1
0.5009349168419226,0.019894350831301755,0
0.29563995971612533,0.6532869217821252,1
0.33087007839085547,0.3122049117583534,0
0.1734534100952625,0.5485293759304268,1
0.8142578086839137,0.028789460430404867,0
0.23404044954490444,0.27689211989280493,1
0.9893197030276628,0.9951815692950128,0
0.4034105948320431,0.4783278174133744,1
0.33987812539983664,0.2817421708564175,0
0.0669130325551145,0.5268662500127302,1
0.753099017541913,0.39538297210897777,0
0.12831272820307127,0.7688607662410971,1
0.879864800041574,0.7721616599904417,0
0.15322322645561748,0.9049595975128154,1
0.7003384434193534,0.24370296557890858,0
0.016352218845631428,0.748949777334877,1
0.9112182936547392,0.6457094471513437,0
0.2505179079283465,0.7775878497293971,1
0.800933289716003,0.5235161323535282,0
0.14160154814064607,0.33977984274062556,1
0.9329546855889657,0.817575819792756,0
0.6106675494704685,0.799549818040555,1
0.39733056202931405,0.10904996538077993,0
0.31664613401625574,0.6143716669585753,1
0.8188532267366535,0.639179116575697,0
0.017768190520588423,0.5689970520931694,1
0.7695312132867497,0.5483792529957813,0
0.12582333312608474,0.13993161325403336,1
0.49186780270991926,0.4544505552371687,0
0.05413706657422046,0.49008601725749246,1
0.3515383035305223,0.17401245647832186,0
0.15142487242842262,0.6882913384799492,1
0.46021791899447906,0.005633127410278882,0
0.46328888618033415,0.5159218671340885,1
0.8227626685385745,0.09025326921658083,0
0.3457829049593395,0.674191673688039,1
0.29476077329281847,0.18013199826766002,0
0.660436707330204,0.8325785834313518,1
0.954732614908044,0.26470941866338193,0
0.4870563641238118,0.6469189712513237,1
0.7906346887500395,0.14065075633759594,0
0.8199997625783033,0.9859723861947313,1
0.9923347437239617,0.4298529458997339,0
0.4553954321432432,0.5201680148236623,1
0.7387749282344197,0.6320686898372729,0
0.3261100509567888,0.7419970146621304,1
0.7551669032817733,0.5125624769043717,0
0.3802938269730839,0.7651580149664494,1
0.6897988701302089,0.3543285497030879,0
0.02920943946268406,0.8539694671195839,1
0.8528853964851069,0.7189458704913436,0
0.017858540725766314,0.23139604362699595,1
0.9047431342382545,0.46801053701704776,0
0.5512876043001804,0.7135257438234274,1
0.7708482424867563,0.19232035949560333,0
0.7193624041584287,0.8577231989666257,1
0.8965070457173147,0.9289524386070551,0
0.0937695274500725,0.17829678269615679,1
0.6031498731869293,0.5126817287313766,0
0.21747780401179462,0.5247764433047508,1
0.7627812810661153,0.07900388194884678,0
0.05347949347190528,0.5760199669224746,1
0.5959571190351994,0.436102311062325,0
0.16208609706062627,0.4361989727610168,1
0.258913716310175,0.10997978286237098,0
0.33394521649060727,0.514018833397064,1
0.2345972564343325,0.1433194479456742,0
0.28651050572010206,0.43710413922168767,1
0.6636827048904532,0.6390932069181522,0
0.2586619853932982,0.3663787925045663,1
0.829366741237395,0.9481844029137156,0
0.157221689322532,0.6665176126964683,1
0.9780443563186988,0.7746966283887465,0
0.19724321420040103,0.8406520588296001,1
0.9457320209056499,0.836986264800156,0
0.5690400079377887,0.693558680305352,1
0.5920291806293881,0.08603924430107834,0
0.017760661444604864,0.8051723180020176,1
0.5872593005583078,0.10391026221952304,0
0.24031243757221343,0.8260230288618603,1
0.9259906206856943,0.19896750210588598,0
0.25107109606476496,0.9541432342916546,1
0.6574222409551862,0.604390055220767,0
0.07979007126639714,0.4384252911924562,1
0.7726949839521513,0.6772547078059429,0
0.454862420228209,0.7133417203046966,1
0.8030375491375707,0.32836446638183636,0
0.5578039232370227,0.7159774668842256,1
0.4587000634213295,0.17055031811787258,0
0.000375155520435988,0.35300723743048723,1
0.8710606037061701,0.9367003027305238,0
0.11242107636532817,0.2851813725656617,1
0.4731709247004995,0.22664994911857284,0
0.32262666844276844,0.6338258468560641,1
0.777477528430771,0.045410069104632855,0
0.16866163391748334,0.9820472846681206,1
0.8372572921781933,0.49696505977724237,0
0.23193639063190363,0.3538572944066384,1
0.9913281889909357,0.21762257574336552,0
0.20467406401389865,0.2596547932907647,1
0.6226156802279043,0.14267245620502578,0
0.5230128435672445,0.7401179127679306,1
0.6346493352545132,0.5799139763736075,0
0.24084668227050587,0.45763861474238443,1
0.9764256246290482,0.8839581956028298,0
0.29159549870278534,0.7227201051795624,1
0.888509967829622,0.13013792283484005,0
0.1713095254660767,0.6950720255209067,1
0.5339446162031612,0.21911795594894135,0
0.06936470977026599,0.1040417433819033,1
0.13600436310498054,0.01726866111036196,0
0.5063890262425432,0.6592431723884462,1
0.7085618374672857,0.35518537910953607,0
0.5479179434811305,0.838379822847147,1
0.8479658057829949,0.489881116248985,0
0.493466537064984,0.9647373838710283,1
0.3122613741715181,0.23753269638401053,0
0.6384648397150287,0.7953717238807018,1
0.9845297082167276,0.13001311774932012,0
0.09606179378341695,0.283077766516018,1
0.9760617529696086,0.036362868872784726,0
0.06645482908022649,0.7301404251482344,1
0.8676704432878167,0.9454142599706825,0
0.33395268241946807,0.5610195938904236,1
0.8714776096427653,0.7397367132288994,0
0.0772410371322313,0.35179316743467937,1
0.7703636329662542,0.6188688022947499,0
0.36229878641436974,0.6182760180184182,1
0.8685668037334358,0.2681375110997224,0
0.46981392666345523,0.5810998024928798,1
0.6332731711364794,0.21887481433797185,0
0.021363055768063854,0.36451038927900237,1
0.6104283057377998,0.301393760038036,0
0.6525842231424432,0.9985752020827752,1
0.6759950859974716,0.39448336243417315,0
0.5061826498853355,0.6610197294358147,1
0.8295326852585049,0.14922626254360694,0
0.508807737555363,0.8647918361549163,1
0.4579838691195254,0.3962154231466555,0
0.46782385709817176,0.9181079086270328,1
0.600913770745018,0.4044492394688193,0
0.7527662903857792,0.8576173711185674,1
0.9543138553281112,0.5080778224906686,0
0.6046113969177109,0.9828893163512299,1
0.5869948396940137,0.569828954506128,0
0.07425235657361784,0.565989514670711,1
0.9436796168422503,0.8823882612599944,0
0.6210721951581653,0.9511134579567452,1
0.26150688064289374,0.23394894651038545,0
0.40582655544569435,0.9920688234869087,1
0.847048456415803,0.7335527747754896,0
0.14007815663021583,0.25693579884085316,1
0.9434866053882949,0.46499179809836955,0
0.05492108589386524,0.17246029944511154,1
0.7060420183619079,0.6365023357269787,0
0.4762609033430276,0.8278219049028945,1
0.493522186133868,0.11372642146230527,0
0.42891782157589675,0.97018069439046,1
0.7003832021608838,0.059752544386209694,0
0.10734719236669932,0.3018364306494099,1
0.7514052956708829,0.18916666349322875,0
0.020491953630113136,0.5707844727213515,1
0.5705540059592227,0.6001286881236952,0
0.11767562202411963,0.22082839251137698,1
0.976515084078535,0.5323047580959678,0
0.3414272641279523,0.47647747136501006,1
0.8376044654619069,0.33814703365337295,0
0.31352722065519945,0.9009253277363549,1
0.758276526290041,0.04062404024607846,0
0.5396002816639024,0.99582515431291,1
0.28662136694676965,0.17698663672529968,0
0.7153686079191753,0.8910739887775713,1
0.8363813460044057,0.7777887398253549,0
0.07284116099587268,0.7399306298608107,1
0.9086434957914838,0.8215480502493148,0
0.7233228400789953,0.9437427188209204,1
0.653319547887849,0.5049075482302442,0
0.21466406227935575,0.9499802786692075,1
0.7472297863214215,0.8332851581740635,0
0.4593075797757077,0.6611080389517966,1
0.6108555719039418,0.03790268149390286,0
0.3697539045584032,0.8645684557576443,1
0.8559403613362075,0.6667564711359232,0
0.3666385553160184,0.6819071893596381,1
0.28324509770680795,0.09978723172113779,0
0.13787716976050624,0.7559785105571575,1
0.5136776281375823,0.2053581241359428,0
0.3529950933638325,0.716649025205048,1
0.6732185822476444,0.27293804538694555,0
0.1934554812109086,0.328671384504273,1
0.712277654035005,0.11694092350240815,0
0.3115785943947391,0.9352258713727553,1
0.9974382000342455,0.3506661676347782,0
0.25036654070338404,0.8230743560670243,1
0.3856735874771031,0.10861011073802718,0
0.02703015659954444,0.6503798539694499,1
0.8608914030954824,0.41925585389599784,0
0.3525371225948596,0.9961445843423101,1
0.7041961168049657,0.19051789072631664,0
0.06935966326109422,0.9328147694322635,1
0.5016287337190442,0.07119009450522118,0
0.4989574610973838,0.9055831261424143,1
0.886994039464047,0.9498210319136615,0
0.05695808277547065,0.8897697729737848,1
0.9696300267187172,0.9915471615288665,0
0.18026913496430064,0.34623456594284063,1
0.36506732278277465,0.2822897719176597,0
0.3694763202158805,0.7223584281261518,1
0.8945424209479963,0.4027423008886518,0
0.15104120990316394,0.6665150583555411,1
0.7360566617634483,0.07466815858550047,0
0.16388106353445053,0.9828417812758462,1
0.9378205151760447,0.5262949324766636,0
0.2645306410319165,0.4662829095407258,1
0.543978811790596,0.3971641269824123,0
0.3816124549069321,0.7071022361817771,1
0.8274153851909737,0.8210714958030191,0
0.6861603190499375,0.7621883626387866,1
0.5980653291860244,0.3462456649947213,0
0.20108144082174695,0.9665065523010514,1
0.30109374611479334,0.3057964084402517,0
0.4823964414840669,0.8333910916617144,1
0.9844341373176151,0.6289419243907747,0
0.29563948988998145,0.920148757627755,1
0.4815625738732343,0.2583257968574246,0
0.3640557262028967,0.7141020191256746,1
0.24028113822717645,0.028544209112328023,0
0.5112593820761501,0.8881370009611007,1
0.9072537979490325,0.7824616916762798,0
0.4416030532812045,0.9733527133103507,1
0.9563535467056795,0.18890248660218079,0
0.17948657756380515,0.444913467038733,1
0.9651128541790805,0.9904410481718766,0
0.058904492448673906,0.9558425485363359,1
0.4090172717124797,0.24189532400556368,0
0.04905379057287773,0.08394108403967993,1
0.8347691922101781,0.17499692791708243,0
0.293153052194419,0.5534976299690844,1
0.9192446213354132,0.39176207565613197,0
0.016590538873995753,0.3699018712720151,1
0.8842140371982264,0.861392882669636,0
0.17751843275636026,0.6210652259055933,1
0.9368234378572061,0.7190832024699535,0
0.03567479794973982,0.9584814031094854,1
0.8100406222805576,0.9385075045379412,0
0.019944259929959185,0.08187638723090762,1
0.7520656350596225,0.7805486935492331,0
0.1496041854047533,0.4496736863802313,1
0.5252429215236375,0.13131243186541253,0
0.20988177422633936,0.9898510765249163,1
0.7337066715663478,0.08030498222140514,0
0.2559382648324624,0.7973486377970579,1
0.5337967263759525,0.4990586756934463,0
0.03617213809799047,0.2606189753607514,1
0.7892318671124483,0.016626398076307503,0
0.2307707113053642,0.7608338159404346,1
0.9311156535216316,0.0794678373218266,0
0.06963219987944269,0.8380970065186419,1
0.7239312842120936,0.01629339669634622,0
0.5815125462821713,0.9081625820061686,1
0.9231564351409831,0.6695842917423396,0
0.04079462522724797,0.8747098638216929,1
0.6010507996545901,0.53479919759337,0
0.3224526606142242,0.9319572251258788,1
0.8472803196416927,0.4921156031215662,0
0.29390141844415396,0.33362440579843566,1
0.41458489718413905,0.42369724331156444,0
0.10048390257326123,0.8463338501566382,1
0.8450752417361018,0.16774610793229117,0
0.10394536287837886,0.6111412761164681,1
0.8043756155880558,0.7854454516534398,0
0.22234872389165183,0.6096944841474818,1
0.3662270215914587,0.15322608516152758,0
0.028923601011300426,0.9006026283185183,1
0.6412419406146843,0.034910891744853956,0
0.3726339278421248,0.4585743150622754,1
0.9150359067092346,0.3022710370504935,0
0.05878692115265105,0.8196714670288822,1
0.8588534793256264,0.9077626561670804,0
0.4436003684234926,0.512597034972781,1
0.9933263652705439,0.5782655132015083,0
0.1728011004173049,0.7073869000933154,1
0.849957557438931,0.8616223601119969,0
0.2791736292187553,0.6534006586373333,1
0.4243150623827694,0.19436011488501137,0
0.11384052435090486,0.35188840549649747,1
0.6422762140488426,0.24440150167590668,0
0.21304833930290512,0.6989221138800052,1
0.7901995095113774,0.5486916199549595,0
0.45302838741113616,0.9083291362663966,1
0.6244268917945568,0.5091941819209228,0
0.5492619937965849,0.8241761505726047,1
0.4520959907635632,0.008794355266556919,0
0.16236336113099625,0.7296427544388249,1
0.8294994377628998,0.6166882348052,0
0.7627941795162475,0.9218074743860176,1
0.9236040644738457,0.5829210861107423,0
0.637952118239575,0.705903006171102,1
0.9910112919933263,0.15010200093492432,0
0.0016855559493678118,0.9157068011970275,1
0.3280228032954893,0.17878892863598317,0
0.2522977299526742,0.544332859571774,1
0.9628806529383677,0.13949475933952837,0
0.5130243426818969,0.6065602934811595,1
0.6102347367105969,0.2510442087825122,0
0.5351450089229707,0.6200464627873196,1
0.7976916973045246,0.3174540769319807,0
0.42827935510595794,0.6687453521450104,1
0.8075995779195076,0.3186615856339369,0
0.13491318725526513,0.5958438762449011,1
0.308682212222705,0.12301575878984439,0
0.2870596353563556,0.9417712816766707,1
0.508233791686594,0.43037282776789043,0
0.4343024382401319,0.4520151555179516,1
0.6385580876951112,0.38708223606799674,0
0.10999462657945103,0.46886649605653596,1
0.8238546676441297,0.21114454816317918,0
0.10829066726927472,0.3942284518402266,1
0.8782896964596582,0.33527120856603265,0
0.2279300898080554,0.7025452192637249,1
0.5746224411283459,0.5092866828425114,0
0.10681530934728989,0.6936656161705681,1
0.6349827730190155,0.14691054670043502,0
0.3334823011321878,0.5817032827994287,1
0.9006978026883647,0.3170914386397701,0
0.44240833732331786,0.5505966209039257,1
0.3626594532351436,0.0739915641026826,0
0.2851568959384194,0.35571426763186575,1
0.9964076645176364,0.9028306841509774,0
0.0896220145450396,0.7493948659907047,1
0.97026763450345,0.36601524575034505,0
0.45576176369867727,0.6986484699304006,1
0.08793466486144608,0.05007655804359368,0
0.32759970580148756,0.6138793349456673,1
0.9806785155295145,0.6502915100395468,0
0.11078084075672645,0.4804124071200552,1
0.8466067191680856,0.015005461949249121,0
0.32972409641509703,0.789874129265051,1
0.7895652731155935,0.46599486033438686,0
0.18133386055906597,0.2313077115276001,1
0.9527383463492219,0.14285780316827645,0
0.6112744009967426,0.6769328990495211,1
0.6588796516172344,0.3944578243010567,0
0.2742062706101175,0.7671097853449429,1
0.818645643161829,0.6950760060539013,0
0.491787672393163,0.9530753224976228,1
0.9948304758805869,0.6250258876019213,0
0.06867492439028222,0.580772196635088,1
0.9156808630085325,0.79507006728123,0
0.24489076232324192,0.666225978039624,1
0.7702257976674367,0.0658499877199229,0
0.17105255890472626,0.7429256205173621,1
0.49745403452214587,0.25269881483058665,0
0.1824044709249686,0.8350918676558781,1
0.8921588373235614,0.06441973966062076,0
0.05848864204438542,0.5400096724785113,1
0.28181353709496026,0.25610048904294447,0
0.16201226082035503,0.5209147890422816,1
0.8447128739220802,0.8293250918520775,0
0.029731831945421394,0.4834840531682727,1
0.45876075045531806,0.18671430910900932,0
0.47317224771688726,0.9942322175135172,1
0.6994232479790788,0.2743792381132798,0
0.11645641815585461,0.2993572263728208,1
0.3625174843939921,0.04729045781814312,0
0.46438294626567267,0.6229521855636877,1
0.6569365486246225,0.09419932150797516,0
0.02962986218050956,0.6431315310347301,1
0.5135906762844766,0.5361740132905176,0
0.178186427269593,0.43615944317929045,1
0.4911082047017541,0.3515026766859579,0
0.24903626677965862,0.8548940597716954,1
0.4941674463404808,0.41813528857599347,0
0.27413453979514835,0.7176944681902252,1
0.5893750945063624,0.1649609071359034,0
0.28511773635423665,0.9476739179372269,1
0.7503744027886711,0.5155203828269057,0
0.11217478714320483,0.1321513668293378,1
0.770182224905391,0.4068551329773674,0
0.43348272081563355,0.5853532818633013,1
0.8785321827563474,0.5678282610059596,0
0.06666664636367248,0.614946962875275,1
0.5947595456502132,0.1970658024527162,0
0.20527233426323466,0.28047898236111357,1
0.8443635636454644,0.9473714915568473,0
0.2619024168811803,0.316662729897078,1
0.5365585160320835,0.09392753699015477,0
0.3677027512083647,0.43454291214846497,1
0.4935976328884516,0.17946922947483768,0
0.4029518129648265,0.8674363529057101,1
0.7577694191734345,0.27785471610531587,0
0.5032022107735337,0.6199579208947188,1
0.7157885779916943,0.4638224128024827,0
0.5683893389928579,0.9457779380181327,1
0.5537767303054019,0.5243721654607921,0
0.10883565546642027,0.9579923607970066,1
0.4961108480566906,0.4460784159115939,0
0.42018832980402243,0.5282573681871265,1
0.08988831499723426,0.019557821954980792,0
0.005486310950908457,0.45821924963489014,1
0.8964301892999581,0.9524545703067525,0
0.43554714211918333,0.9189696633044866,1
0.7543443754480521,0.6318300610709591,0
0.456336988055266,0.5996930029946367,1
0.9925656927414399,0.2902422969103091,0
0.34159919819060314,0.7484475374876519,1
0.729846057516538,0.14650759641928812,0
0.2949975015935954,0.609503039027668,1
0.7017930810677022,0.7205042000601357,0
0.044700993267896894,0.5164084876458523,1
0.907437172720871,0.6651027575249232,0
0.30756295462489514,0.9668985635696707,1
0.6820421421813956,0.7042301098492142,0
0.443311219508597,0.5225894893823337,1
0.9124433057068222,0.9363045673713768,0
0.7484843923644384,0.8738929195272296,1
0.5510623617511656,0.2181168229867183,0
0.24599962285039667,0.8954324284433358,1
0.9962946231014422,0.5977346884057299,0
0.09405127760428511,0.4660327834320318,1
0.9679432275072208,0.28794355914998093,0
0.34515186574647283,0.7170523830496526,1
0.7449641539548633,0.4094377727717564,0
0.1375610096688672,0.9599599907689449,1
0.7249312963059608,0.39632724198294744,0
0.3418983483882396,0.8286847035052991,1
0.4860768621756285,0.422093756821325,0
0.6721650487630653,0.9469156762839671,1
0.7497596809994287,0.6456658086656902,0
0.13922972886971696,0.24608625193800437,1
0.4941776162700182,0.47182904424080596,0
0.2543714403796872,0.3045381595711717,1
0.992254415885623,0.8634003061532278,0
0.10285896447518805,0.8034431104993691,1
0.973000315690205,0.46999509061166556,0
0.42236790728576445,0.9176313392013639,1
0.6189408081875436,0.14668293313539726,0
0.09030189994967297,0.43952459400338384,1
0.9738382044519314,0.5228131241504853,0
0.06540420131142144,0.14361444712975224,1
0.868098400518729,0.06555733744984138,0
0.09955446071512242,0.2052268595913903,1
0.4344128572678553,0.10077421296417177,0
0.20922024528173444,0.9260960923445524,1
0.657471115698606,0.46191019351294826,0
0.5786536203188725,0.9106543646069528,1
0.9510705853721093,0.6196213579208276,0
0.6112422883332214,0.9739065481572156,1
0.6882743056460011,0.6894122708374971,0
0.40700370707485234,0.42437046947680024,1
0.924216365176868,0.2788840494165872,0
0.5210856786007219,0.7693401581331324,1
0.5477066210872804,0.1736214448079768,0
0.6600613391548611,0.8158410530404864,1
0.5109943148840184,0.024227376188573957,0
0.16068760418621153,0.3052412864772577,1
0.9335960190070827,0.4548974528297567,0
0.06166956372888621,0.8507738535180516,1
0.7866495976902074,0.8697829517314508,0
0.05996252660367363,0.39582446013304595,1
0.59751998105145,0.34420019314935546,0
0.49764201552214615,0.9377753321872239,1
0.7771906415704671,0.17084212227908246,0
0.6630352966313946,0.914101775814515,1
0.5656544415677532,0.07662186149071915,0
0.44418038316553354,0.49838576662686973,1
0.5886010422916174,0.008376790282371926,0
0.0013181724838037256,0.4534871500956663,1
0.7767754695404357,0.07919399507264857,0
0.2631224455289015,0.6911473407773809,1
0.8690531035044978,0.04272162080881059,0
0.699330038289174,0.7840780318351311,1
0.8796305422876249,0.30737357831449075,0
0.550974299352932,0.6864845315891441,1
0.18409694379401897,0.0827871684580348,0
0.3676339890806428,0.6101760169536609,1
0.9606487305773687,0.7383256183765184,0
0.2222430205201643,0.8309830375853261,1
0.5125455828284536,0.37549931173117435,0
0.009193972360928893,0.4640744740157612,1
0.9804352914524511,0.726273479198248,0
0.4067285757700747,0.8382321476264765,1
0.8042143949987923,0.29903331563254043,0
0.3622314178746857,0.5427976144102638,1
0.6647809586862786,0.421034136333855,0
0.6444468057595871,0.752645298233087,1
0.6221474222609934,0.05528449458957285,0
0.18906363307135943,0.7989016857514011,1
0.9044431237893636,0.09560369009849934,0
0.16880794974724989,0.857992136379058,1
0.5343484969233658,0.31634371547668616,0
0.4375384586213731,0.8449881271985479,1
0.8921069663328387,0.5824402830886068,0
0.3179932342127678,0.42794713279675156,1
0.8600936260003753,0.6512450924552546,0
0.5849985911639282,0.8119899035370258,1
0.7534781200700181,0.13671790600056377,0
0.6004614076856737,0.6955626358144875,1
0.8975932575388671,0.05013513555429994,0
0.019368315551358428,0.22882296347558462,1
0.5731650034303578,0.5918938056814486,0
0.15427130367093522,0.249592605209364,1
0.7320469404139056,0.4734603158820859,0
0.7038283312500293,0.8529762913701755,1
0.6736169286719852,0.20163131868890027,0
0.48960828373281284,0.6021536904718324,1
0.5658733747532895,0.49433055688483174,0
0.3635274128943997,0.4170171666810727,1
0.9044237167363092,0.3084324812704058,0
0.09244365804763965,0.6411373993021546,1
0.7974302602067935,0.8705558912556807,0
0.22970439418766464,0.6642720909393806,1
0.8229804393281396,0.07731387810372725,0
0.5664542652613705,0.9806197086408334,1
0.8877695788204015,0.5091690500856187,0
0.15504341915297748,0.9052558288933662,1
0.9589396446963503,0.23145622420134826,0
0.36912411917200305,0.7178698574191678,1
0.8581894515799541,0.19350697916767812,0
0.06836516500088385,0.07179210788186152,1
0.5458663631142738,0.3455594646568745,0
0.32413525441615765,0.3693857907467203,1
0.8652529249081115,0.7586001556722712,0
0.5601272212944074,0.7861044841307191,1
0.5392739952604442,0.09268259934210021,0
0.3431462654550287,0.9959794371396372,1
0.36826516849732915,0.07670230387485566,0
0.25412911460524645,0.414785832164967,1
0.7497765019154133,0.3605019502305936,0
0.04643279188090421,0.3026257587657345,1
0.7099031830455825,0.27541183360224686,0
0.5189240680888466,0.7719980301981785,1
0.9331366354075022,0.12161032742514633,0
0.13907809657800319,0.9581541526350069,1
0.8030990657175359,0.8571731966009345,0
0.0817391807775466,0.8461131168756061,1
0.6536743854753073,0.5954227104014764,0
0.026132088001963982,0.8598939286827123,1
0.8407452853078013,0.2630379416689167,0
0.20873464763662253,0.24313950905443849,1
0.7490922642361055,0.5578595560386054,0
0.01471254831514579,0.09674137691237794,1
0.9924750308223275,0.2940729506290889,0
0.7656623053079058,0.9808047006124745,1
0.9601710868143122,0.598986071559309,0
0.3943299562336069,0.8235487347243069,1
0.7311209426509196,0.04303681124133141,0
0.045878378888233096,0.3232646232790014,1
0.6909830874449661,0.35938763969126053,0
0.22732964361812524,0.3761778972971338,1
0.8373385294111565,0.19076379483364447,0
0.3416108370833755,0.7853459036778532,1
0.7963373998977313,0.14819941646695411,0
0.5213512061258144,0.6208913167456714,1
0.721854934672489,0.1060918491304994,0
0.1803052355204724,0.9881393897584211,1
0.7683354938195456,0.5049301812326256,0
0.402217299776228,0.8603347123714488,1
0.4405260425349199,0.05871629150999613,0
0.07626963212737226,0.4564719580848239,1
0.7748467623562828,0.25169471424853596,0
0.04869818590677488,0.3709501215297477,1
0.8952853551559299,0.06718048846849645,0
0.13468181921976108,0.8672965770979719,1
0.5087576998405834,0.21606856638032856,0
0.7502233207280886,0.9808020093415925,1
0.44026354464340134,0.3345530141571418,0
0.4430995528981527,0.49914259745504364,1
0.35838386977831116,0.26389180210254926,0
0.28239448226947717,0.5144049208796694,1
0.5087950327070699,0.08115033037515307,0
0.23973079257594188,0.677228123475746,1
0.6681253401387492,0.6136778900612467,0
0.08062618080188733,0.2686106294433932,1
0.15302477830715555,0.13927725452737005,0
0.2581272534583956,0.3386247829554768,1
0.679251750415811,0.5873901847024804,0
0.0780065863994509,0.2974735945378172,1
0.43445951584407927,0.3997390765110037,0
0.27280083162279123,0.9719309202589643,1
0.42639500313761414,0.33423706953443555,0
0.050861140704355545,0.3020455000254272,1
0.9246110872122134,0.2367842861844105,0
0.1524579782097909,0.6699420158023515,1
0.7081157785502659,0.5170761689542812,0
0.03990315746515294,0.28928620430067165,1
0.8471739800858283,0.9835598477991798,0
0.6146658362052174,0.7946227504954273,1
0.25876042117062314,0.08922065683386571,0
0.26240172627964786,0.6263664310581961,1
0.6025020047995423,0.3729635404578373,0
0.13476089717340245,0.26041261403562144,1
0.8146980183169166,0.8211612885200187,0
0.138254805738929,0.712175814433459,1
0.8948296161057374,0.4854957578312158,0
0.13811435105020697,0.34766538458803653,1
0.2570569119007491,0.10682652905588186,0
0.21857892697443826,0.7038239127890923,1
0.24908212664546692,0.1286277771066251,0
0.40095573548938934,0.8969582016837512,1
0.9962042925265219,0.6926394126491809,0
0.17059428351133976,0.8271967394305078,1
0.9065765305663724,0.42870466345297087,0
0.03547182334983823,0.2814358874358889,1
0.811581694323245,0.7167140594537236,0
0.24509869663328032,0.7481390542322925,1
0.7585905744872301,0.07676061621792274,0
0.4054628067909969,0.6380351711254738,1
0.7318530089522347,0.02521551055591642,0
0.3031486231545917,0.4277588777395165,1
0.8882921262638968,0.4792274199780642,0
0.1470659100805527,0.6384319511604879,1
0.9693410004243692,0.5270781919934061,0
0.1916523112455235,0.4482718673403271,1
0.6295624645034629,0.08316901572580293,0
0.04918967733053259,0.8841767264284776,1
0.9095082971485638,0.7901222943263,0
0.17000736365672486,0.4300944191573346,1
0.8919801246480283,0.9873881704866021,0
0.5738122682480324,0.9637006878396343,1
0.7393445271140534,0.4786261577403087,0
0.466430048810335,0.7703895458923825,1
0.9044288927730644,0.31774153079233103,0
0.5408951715906818,0.6683830964779311,1
0.9949114699085007,0.5882238796526968,0
0.42461490733769125,0.9016326954827913,1
0.3692563237616955,0.211326003278837,0
0.2211639105050699,0.7604299917047523,1
0.2581289502480767,0.13981351665146313,0
0.12554288210716225,0.4710199221773418,1
0.5601941613662945,0.0781692358735101,0
0.027163456298421984,0.5059999848825947,1
0.905956543990622,0.30281481829621393,0
0.6065605754322225,0.8719305731637762,1
0.941295943483574,0.04724933752496885,0
0.31172048427924115,0.475998777775097,1
0.3335643368771096,0.08995791707687961,0
0.4872240917815458,0.5963210518386777,1
0.8035433133881634,0.667442340319061,0
0.1087271321565616,0.5216518307844307,1
0.524245748944231,0.529254805132126,0
0.8197729829739313,0.976532634434528,1
0.9132432498820041,0.13230417395466332,0
0.6611525289761546,0.8734173619299274,1
0.7942917805228705,0.39270934367079613,0
0.4536996088137263,0.6015385283912619,1
0.9324095392077553,0.4708836110642787,0
0.37690525929596186,0.695826814237972,1
0.8399290227172981,0.8448811903048639,0
0.5597493078103001,0.8336900472950902,1
0.3369476317489887,0.06736980163709694,0
0.07206160718865007,0.3378606802643125,1
0.250441436758131,0.17196442468150852,0
0.27938455321950717,0.9901331250918184,1
0.8348185987939153,0.5926091477302358,0
0.6393857596534177,0.8345192268204332,1
0.4350362070565811,0.20101406740679395,0
0.05707672304270006,0.24722390217626722,1
0.6733650001925681,0.4448818952658271,0
0.019092139757824422,0.7105662714061494,1
0.8103508730923052,0.8225931075156461,0
0.13796035821909058,0.6913169305725582,1
0.5628398566388321,0.534924760086748,0
0.08830412874019855,0.28603552983158864,1
0.997889430716238,0.047462911910448824,0
0.2778240662848602,0.2912522732734405,1
0.5679785206419923,0.4806826989099705,0
0.50433926059331,0.5890590769575427,1
0.7227425275203596,0.6986973479167168,0
0.32566412642244935,0.5742091638809116,1
0.9605446430774925,0.8702806261120921,0
0.47071964000707966,0.5684466310636693,1
0.6198606637481271,0.17543542107858945,0
0.11296970443627485,0.18231783054216366,1
0.42923569053212307,0.31051831722210144,0
0.1717884658420522,0.8618738978694552,1
0.7443798686025801,0.8384989915893191,0
0.7939680629324206,0.9642870294660151,1
0.9150904941729578,0.4263728561848298,0
0.5087315856866821,0.6245725771356518,1
0.8259012218814036,0.9458882364063811,0
0.404364135217011,0.550267060166101,1
0.7109473547557154,0.7597867242855826,0
0.41718511953971105,0.82086261665568,1
0.9962048930283515,0.4597292904850103,0
0.20289948603843488,0.3550106404844423,1
0.8737575692213199,0.9986773729162514,0
0.32481382380601576,0.8708056205333924,1
0.6455824005640326,0.2638771922141855,0
0.43780233333524043,0.9544168940869051,1
0.5234557905659396,0.2272888879037066,0
0.6984983154652402,0.8017188462792398,1
0.8850212829419625,0.2359749155730113,0
0.33206904739486365,0.9281468122689629,1
0.9203486738671206,0.778387340966533,0
0.028261048120604038,0.8083634369339522,1
0.3374672748418721,0.04021106601642699,0
0.3456117090112648,0.9459310346181656,1
0.5109423477886011,0.41313495908140874,0
0.4308052800124801,0.9777185672812156,1
0.824735362067867,0.6788837578923086,0
0.45287651733827383,0.863223566301215,1
0.35547441690896553,0.22593720925347993,0
0.12859951673708914,0.34019181324276293,1
0.8952017856816753,0.9791060980636628,0
0.38495941386972643,0.5694603741628358,1
0.8161389811208148,0.08691373729699126,0
0.1120796074133995,0.8801249112171501,1
0.43990465907025966,0.09218597248045224,0
0.07536312248054933,0.4182051161024307,1
0.8727352962897412,0.7213541129111749,0
0.3981214992870744,0.4578773195766236,1
0.7835156398186304,0.7240681106653419,0
0.3102160810764685,0.6711039253311676,1
0.6268835283470825,0.6472078028840329,0
0.26574136449172947,0.6202060012377505,1
0.5723014283411308,0.2512528034005671,0
0.00028311652439949597,0.19004012293576944,1
0.3091940449381966,0.1467812246310617,0
0.43239286327383064,0.808988167277714,1
0.5834635431021431,0.4668376823958127,0
0.26191644520150803,0.9195588387784311,1
0.30246692486091453,0.1343000239907699,0
0.6249305506153255,0.8363878167410389,1
0.8657127339065065,0.4879549703981132,0
0.16773252931921956,0.982734591577661,1
0.9906475951758555,0.2873998091920831,0
0.038437253194636756,0.11852345718389579,1
0.47927923805529415,0.10801140006186694,0
0.3633868919806674,0.8045054746061193,1
0.5642958254310279,0.20803564330772606,0
0.4368542588869876,0.8473968835718864,1
0.8630564683326611,0.6986503873006591,0
0.6950445956191769,0.7964063156487381,1
0.9526535702476717,0.3189915081967235,0
0.37138522011414865,0.4995706539474799,1
0.4327892506907498,0.06397021625739752,0
0.39602093412473427,0.6495414995536718,1
0.5160920369753709,0.026159559557695444,0
0.6014230398197374,0.8035005669506808,1
0.9361340202279504,0.6834341236390503,0
0.60841835272548,0.6699305223019244,1
0.12272556207468333,0.03343544229870643,0
0.137275054900867,0.41033660872055344,1
0.5292384568892871,0.242047190642956,0
0.3324039315001519,0.9341095288671634,1
0.3267554822011042,0.28604904462300595,0
0.40129461983338255,0.49630778834957934,1
0.3135917352433527,0.030048346678460458,0
0.6358205930716683,0.8944993417543694,1
0.7281952476747122,0.5328245094809129,0
0.4274872701650658,0.8523695233415559,1
0.27961388902373274,0.2267916760118842,0
0.2218653532245256,0.6660373667516876,1
0.7170488025927109,0.7423470449628718,0
0.29565202720489325,0.9144068424529909,1
0.8464718128653788,0.9457540990791768,0
0.341756867328582,0.3812289851628936,1
0.973917658970632,0.8526659987333921,0
0.6259438333571439,0.9318673824567235,1
0.9474263883507289,0.5354149791100328,0
0.029157302061605384,0.04169600865692291,1
0.9074009567368866,0.5706482614761065,0
0.22467477570245054,0.8186611088750128,1
0.6190793392109213,0.40694102318191827,0
0.06012685749705882,0.5767357437098902,1
0.3039648620594002,0.11478199381513765,0
0.5564264392615661,0.9017761386854849,1
0.6683030362699615,0.12859958803015858,0
0.26291800608939553,0.7111460011793692,1
0.13519768968289625,0.08613716804836713,0
0.43282666386355784,0.802844529282194,1
0.6234746826321121,0.576445790721359,0
0.6225152068094257,0.942507087352457,1
0.3945320320686957,0.2896923494099145,0
0.15766146756950938,0.38079974552448304,1
0.6364920736868744,0.6438398752023273,0
0.4083628162740831,0.512230250194563,1
0.993834435669565,0.011456633441934039,0
0.09483918937718527,0.18745935787793278,1
0.9967080026155264,0.7910602414295567,0
0.010974973436548296,0.6141558873589974,1
0.18582246155615412,0.008021779787163563,0
0.7668680668772133,0.8813008944414352,1
0.7400405467247901,0.4921576128976889,0
0.13050108154409157,0.5925296649551659,1
0.7932212919542163,0.0795529322678703,0
0.3062352603503774,0.9886050315257359,1
0.5999391679248793,0.25341245854232475,0
0.32262544327682496,0.5758134747658121,1
0.360132723845054,0.366611506208507,0
0.4522103325320711,0.6726512069531984,1
0.8133412372734506,0.7702840713331143,0
0.6590555193304362,0.7591291070577665,1
0.7619022792641308,0.4100028394536226,0
0.4262995008652751,0.7525070411136616,1
0.592475544906828,0.36270302980274904,0
0.3648568658303166,0.9183385081160554,1
0.9117824614476467,0.9309064498073018,0
0.5532441339447649,0.7583773596240317,1
0.8418806854343828,0.13552079477612622,0
0.05179902334365993,0.8747478234839432,1
0.4444420082688937,0.01871696522607713,0
0.20536304930881555,0.9709151374173949,1
0.5077011238884804,0.31931459304961707,0
0.10167876442251211,0.8450881865801715,1
0.9218343749361243,0.11314410775033612,0
0.007874414080138559,0.16564959102506638,1
0.7759001394175621,0.16307734010918862,0
0.24164648307439685,0.4836156282412074,1
0.3560784614329823,0.0038906738356795367,0
0.0010100447163527981,0.6512847605299861,1
0.8527031211628922,0.17057159209383665,0
0.06489387790626677,0.3555268674458746,1
0.7370998015080986,0.5608237214276616,0
0.062392881086560936,0.7588751551131037,1
0.7334119169656017,0.7565253560201721,0
0.1309048218582184,0.658037186732985,1
0.6396841577064285,0.23041728038958742,0
0.409759827420364,0.7007814836505265,1
0.8251206298663902,0.4322882156978881,0
0.646718491350247,0.7698108725295926,1
0.30718887195024713,0.13416449346124337,0
0.6835869595498852,0.7863112951916512,1
0.42566865526802855,0.0236685429958714,0
0.1981296794636631,0.6411370258026878,1
0.46743736799199564,0.26998850750119174,0
0.4227447211455446,0.8876197029094791,1
0.9181740116190048,0.15386230960474145,0
0.49098627524363025,0.7386721431022251,1
0.505459847780643,0.1752545806211223,0
0.2673067548551854,0.4549432429681025,1
0.8408352686431364,0.9680749822075743,0
0.7189801831198229,0.8198957864072342,1
0.9405785012217123,0.6794475948827813,0
0.12851502498191414,0.7570887119167531,1
0.7490541566065227,0.6632146786891708,0
0.08599367788875212,0.9170306944829691,1
0.24344425929361835,0.020129510294922603,0
0.11371722223216352,0.507597558483958,1
0.7113649411401394,0.42241273919040245,0
0.5483407714525025,0.5864019201491459,1
0.7640907816971685,0.5260588924898912,0
0.46489319767135084,0.5526785787838174,1
0.9036641933197189,0.34206572702310567,0
0.7844988963765476,0.9925979655385131,1
0.9462487154707896,0.6555834377751328,0
0.05670648750266416,0.5878071313964404,1
0.5159712093364035,0.08818368877805471,0
0.6335474354997643,0.860721243357158,1
0.5049337114971058,0.45581972057412434,0
0.15928232314092772,0.5161906144928231,1
0.919491300792776,0.8367559715283601,0
0.09445082734477117,0.9482599377964368,1
0.6003454839309221,0.5764938263889318,0
0.012555164842277367,0.3148564260304759,1
0.5055139229885931,0.05444028681078572,0
0.36764825850563354,0.7124635698670434,1
0.3956253483597596,0.10179759084958195,0
0.6746327205615125,0.879931609389414,1
0.1578748073656998,0.030769789807627346,0
0.7458706880249343,0.9185340666386991,1
0.719655797950108,0.5913200744038679,0
0.16819244399414135,0.8376245723635002,1
0.675184085843344,0.2535791483753641,0
0.00328134135196112,0.4495431761565505,1
0.8542426409939268,0.8907614421760935,0
0.148021457898718,0.9328041670577518,1
0.8625784460644204,0.7048220925911132,0
0.38546631518205887,0.5975622917785202,1
0.9302862965702346,0.28522780223881394,0
0.19867541805861788,0.5943463446986993,1
0.3579067256009847,0.028182948473401748,0
0.0846914222827333,0.38687207214911645,1
0.9280269328549198,0.9790346850016775,0
0.22106602323781888,0.2448223030565474,1
0.8412392716675052,0.5457122011989137,0
0.3549950087809596,0.45913328768720274,1
0.8733087444593562,0.2727599699176694,0
0.35277142090778135,0.6337668990423903,1
0.8377566740200477,0.4785248539656486,0
0.335478582072003,0.5519751933115818,1
0.9032551818420461,0.8484539474220998,0
0.04795960825439649,0.2129377654163782,1
0.1837438520801502,0.0901099370326035,0
0.6089733330733837,0.9856264944219302,1
0.44078346006115143,0.14912624477157932,0
0.18961145274040714,0.8758175357636233,1
0.9482712604830368,0.9312948422733361,0
0.5003861567577105,0.8832351011158185,1
0.8552697436138239,0.03675792148439316,0
0.3271342977814681,0.7173620122298563,1
0.8551078250768628,0.8571315215937527,0
0.06469008285350064,0.4924264080093377,1
0.24474364797424109,0.011113520540976918,0
0.21415691388291647,0.23548707969924065,1
0.8140440228558629,0.3999379799485798,0
0.3023226618964907,0.5146426105459515,1
0.8593645534544132,0.009830302151002668,0
0.2625323848400931,0.805181745863789,1
0.4661953235009474,0.32063207196356136,0
0.26571334773381505,0.9116825036863464,1
0.6348371752144113,0.15377094571553385,0
0.1383724992246842,0.13983036566920226,1
0.36395417531640994,0.09739057688303665,0
0.23004438514362302,0.9278873779733305,1
0.7921090238838386,0.016413664875962852,0
0.20130706473911775,0.9363500128834125,1
0.38645180367647525,0.22835182387688846,0
0.009495773829756748,0.5053370785257456,1
0.8597203940186036,0.6149832115462398,0
0.1541543334715446,0.5702272876109138,1
0.8848408908417331,0.6531948024491157,0
0.37577856802347254,0.7337799407601159,1
0.932770619951389,0.8171850382793633,0
0.3436480044764143,0.7800098720860839,1
0.666990061513003,0.11509241084150779,0
0.49381598202915045,0.9742106222692495,1
0.7790427314523763,0.7924693406571638,0
0.7608575596561791,0.9012483925937153,1
0.8199080182622108,0.7702823030147201,0
0.025606478863956394,0.6836278748757388,1
0.6677562257622881,0.7080686206968323,0
0.7570872325912837,0.9226323640210864,1
0.6590133835881421,0.4323959147167087,0
0.07735799153556533,0.9121097282906537,1
0.24104638341739792,0.15298461808036867,0
0.42294771714889545,0.9619137045971289,1
0.7485604651517085,0.7247624848729793,0
0.277441618994266,0.6632753937260739,1
0.7410555716380548,0.008194951784987636,0
0.25015646184525,0.858712007523752,1
0.5982286737605144,0.022185325755227914,0
0.04436051805251895,0.9164511485883902,1
0.9805952703809608,0.7696658025619463,0
0.24994501120993262,0.5102842902195549,1
0.3792460870171489,0.12788049890615472,0
0.3721253019944547,0.4987640556972136,1
0.9123789983929357,0.08910484324924883,0
0.14322989739933734,0.8869904250035318,1
0.5290657990454172,0.17428810994920751,0
0.4165070954614236,0.49372431805590666,1
0.705923789154143,0.4849200414255974,0
0.15689090387437887,0.6450065252906481,1
0.2944937913945921,0.1111550944755304,0
0.026672507108031374,0.15322975439329278,1
0.35680163822049205,0.3396580186486856,0
0.3825835951788782,0.5894076021808459,1
0.29904672820517264,0.07622959356928838,0
0.22867853922699743,0.5518146016492241,1
0.8345563179607255,0.08785835948205445,0
0.10603462786623308,0.5082411551386973,1
0.7270912883706107,0.6549886208162109,0
0.4401214702972952,0.4654647541645405,1
0.22338008490141859,0.09633981504898537,0
0.37163282212891047,0.5541206457760719,1
0.2977032383112608,0.2884786591397086,0
0.430778161126645,0.8064176009171058,1
0.933994170082044,0.7471521277980401,0
0.24296231098089482,0.6006161241716879,1
0.7775610691971521,0.1883043168826185,0
0.24697651908725182,0.2640660031223495,1
0.7093931363711502,0.0728942755117522,0
0.010415265977608668,0.22000439412215467,1
0.6301772328187935,0.5953355581880672,0
0.5922930371601726,0.9447822621458369,1
0.9648125350437549,0.6166639311529806,0
0.3102201657041763,0.5330974547849191,1
0.7653923109140273,0.13738484509041116,0
0.2043147814320998,0.297469317616751,1
0.9989845431925998,0.8247061479400556,0
0.5395298904294681,0.9293193983991231,1
0.29095838596018,0.19972830510722395,0
0.30344747149584583,0.47541434394037974,1
0.6451225702859146,0.5900478568087331,0
0.5041734721617624,0.6393502074514879,1
0.5040971038994176,0.19978437444490993,0
0.4333722525960275,0.5108994089576718,1
0.5467876170753613,0.5478548696547741,0
0.4015381426636617,0.48671057428990994,1
0.8445327535217351,0.5306972579336255,0
0.59478367954256,0.7768408985615862,1
0.5263209209182268,0.5115966617048758,0
0.3846984816804553,0.9759036142526318,1
0.7533704208043165,0.6026944956598547,0
0.3958088499054988,0.9332282070197145,1
0.5463055999078038,0.4829612369791124,0
0.6205091362718606,0.97217005302742,1
0.9069119068656535,0.4215864024579492,0
0.39039063117227246,0.8886467155988228,1
0.726759620445359,0.250465045265319,0
0.34288049144275845,0.8941546887193838,1
0.6543704438484707,0.13591805340293073,0
0.609656224746769,0.8086784402230734,1
0.2987187869938861,0.2994757089311204,0
0.32551701593813753,0.8745705283737341,1
0.39919289960173543,0.274787697502461,0
0.037126284953770794,0.4300822112437236,1
0.8562472641134751,0.7710331506999956,0
0.2329053035528882,0.4547048160075713,1
0.8625838657697156,0.286204262829562,0
0.3600501184838778,0.405583958799567,1
0.5379052417988653,0.4664371126124519,0
0.3509863353662077,0.4043522024846339,1
0.45255205112571995,0.11466524221088492,0
0.3350738252325537,0.9331482999926252,1
0.8670710658213349,0.5939283492453731,0
0.5787963336254087,0.6349891525055806,1
0.9990489495478005,0.9739196093185774,0
0.07119266074745534,0.6140197937000276,1
0.529711718766969,0.4631282443261805,0
0.058984278203218166,0.451841899491062,1
0.48527742025911025,0.28640403826405747,0
0.1530393693665626,0.46973665650211105,1
0.8909202047032755,0.3470500960994566,0
0.45494854123990847,0.4923197672863552,1
0.8398315243433552,0.7906045734432984,0
0.047659749536105855,0.466854152412728,1
0.5517558672754618,0.07867609049642055,0
0.17377888373077421,0.45068716948017873,1
0.8495801334828667,0.387141274210579,0
0.33260575618539356,0.8700493514790957,1
0.40388635228226355,0.3390129680987153,0
0.0717891698416191,0.2409294420046474,1
0.7292158627482811,0.03772562968049231,0
0.036185069485331955,0.32247300808191615,1
0.3678845680533317,0.31459739085535554,0
0.2722731546567976,0.40522081882539085,1
0.713128614329728,0.14219805142050945,0
0.43179274613376095,0.9224163029553317,1
0.2446987679408229,0.20382198612378966,0
0.11218744394761715,0.6053461864395651,1
0.33929309019508413,0.12014041412940724,0
0.06009459849594323,0.7390913231395787,1
0.7034811462203299,0.22375090126917052,0
0.17384240281317398,0.36342853134116715,1
0.8318567751359618,0.42142691390848586,0
0.10572336346040379,0.8895297549770752,1
0.8402260849391978,0.7809075561609544,0
0.39859131829198224,0.5680897494862576,1
0.685550122911492,0.3429472097020978,0
0.07764718274185889,0.6171999952531312,1
0.926448046668382,0.7123576227802249,0
0.42279290314903406,0.957982874294677,1
0.6761754645952632,0.03932517075648878,0
0.1767672731720279,0.761437554254726,1
0.6662646398741496,0.5995560222556549,0
0.6312668087051948,0.8039399443143138,1
0.9739625737675093,0.9093323779143424,0
0.13956245232316877,0.9198752346563744,1
0.7245253228184557,0.3522333607521648,0
0.04198346181869217,0.8047061471821559,1
0.4516952317420375,0.30438300938207885,0
0.6826994831960039,0.8242090665755877,1
0.49815217618074425,0.49359823198067065,0
0.13858573141477482,0.9739208970290367,1
0.8586207236375218,0.47179769416613715,0
0.26965465337835237,0.4188021897257588,1
0.43088033319145336,0.35031622739175716,0
0.7234827681901553,0.8891564281382643,1
0.16202597732449564,0.015695655435187805,0
0.31441633536329117,0.7708983695482899,1
0.860516098642018,0.8854189293540965,0
0.4934461787108143,0.684831187642431,1
0.917634650854419,0.7954486697427524,0
0.06425606156631203,0.425864963558813,1
0.9562001314103988,0.20823344725966908,0
0.057701082255322445,0.8075294927141728,1
0.8356130598328716,0.7215969903588573,0
0.09459583185238307,0.9512083217037387,1
0.48152326283256697,0.03375957598806334,0
0.6719456064803004,0.9182360823087901,1
0.8562419220617595,0.5038005935602771,0
0.5645691101112462,0.8630244196389618,1
0.8295359490349082,0.41449777339767135,0
0.24225624583747585,0.8553033144620991,1
0.6840659012568603,0.6361226122393144,0
0.035386977265763564,0.9335312050852036,1
0.6916489531624166,0.3029784311250029,0
0.6234767822847762,0.8330554156558064,1
0.790071401355235,0.2843493247015383,0
0.30797077273546614,0.5021908800187622,1
0.47316425727481515,0.3289124911743214,0
0.4029084691952636,0.8920035993772986,1
0.9642857796719195,0.9012044148320101,0
0.2289247349204142,0.2652911130607838,1
0.9911045065106635,0.19634608529465714,0
0.7450971202790689,0.8646144408076882,1
0.7255727074085605,0.039269869396146406,0
0.14244827588275177,0.787453266211367,1
0.5351603088297425,0.5479445371190851,0
0.44443924825806236,0.8165740849972561,1
0.4228741056108746,0.2527838134590733,0
0.27337985502457907,0.3036161270785087,1
0.8981734710019544,0.5308697059546093,0
0.03754069685861505,0.6243170086532444,1
0.94114940738822,0.7300689047038721,0
0.5523722796325466,0.9089863984647769,1
0.45000635281126156,0.3255874601074431,0
0.17406014575876783,0.3235747888124746,1
0.6459345783439854,0.16584166559780622,0
0.20960701595171505,0.5387646394122227,1
0.8001776544754028,0.8012583983705814,0
0.24846252802240287,0.7997335285741091,1
0.8560996874594696,0.3457816304537994,0
0.26726115833924746,0.4222879347883777,1
0.9124900383309033,0.7944251091709936,0
0.3542377645202319,0.4158410684119138,1
0.3483369617256308,0.03548057309890407,0
0.7032954922392592,0.7992322875550892,1
0.46555117738912866,0.18657447258771298,0
0.1302207300220941,0.5613075068692093,1
0.5366170293398617,0.029651232768325708,0
0.1519412755452313,0.16621497644849237,1
0.9235382171258465,0.42154507395943575,0
0.2033092892527204,0.6113495398175942,1
0.7524174889191314,0.6058673405977262,0
0.1297361662666111,0.9820521433702721,1
0.9676122064703594,0.918487279035752,0
0.021751518000619363,0.5402027046570365,1
0.9700430153575793,0.3838945964424897,0
0.0413037068403147,0.7808133299891132,1
0.6682314962838025,0.5792501079211676,0
0.16507870051638407,0.32870244387249103,1
0.656852398528188,0.4259642121696585,0
0.11215132604263112,0.5915400494177432,1
0.6326346276269575,0.006692784201099422,0
0.033133273302631716,0.7874947097054504,1
0.8964760040766353,0.05369950981970939,0
0.0030236360082489533,0.0631390971534338,1
0.863007008493553,0.4775787262761758,0
0.23580961670890177,0.2578822894630215,1
0.8807315500821492,0.48370780399282154,0
0.318427053200231,0.641389533684281,1
0.9565691523744206,0.8163529298131819,0
0.046491828187228856,0.9199462819292192,1
0.8020875348133607,0.42049764268284084,0
0.48471215143938007,0.5899224269916472,1
0.22168350748272825,0.11983226383612511,0
0.46266998860720543,0.7369321574966771,1
0.905686339396159,0.15116209899595612,0
0.24810338393484932,0.430655437605341,1
0.761826976057491,0.09813324907020227,0
0.5581233554837881,0.7054889865026029,1
0.7412014352938813,0.793960873105691,0
0.16255366338644417,0.36086768630326027,1
0.7396615558878683,0.22106902404203554,0
0.05695636235771662,0.37459044113783435,1
0.3068282333709468,0.23470557759762478,0
0.23171409380028685,0.4549973659127776,1
0.7895981099401427,0.2566181034517847,0
0.5643177237289597,0.8548489841634411,1
0.6633181902864788,0.06115592788454338,0
0.3291019983193839,0.4236995122766535,1
0.12266090201443702,0.015549003868296496,0
0.15369024045168922,0.335574426402778,1
0.268571797640487,0.015307954564570347,0
0.24016786707286297,0.4379897830845342,1
0.9106103660485731,0.3929255704561365,0
0.6739433165401035,0.8980402455664461,1
0.74289331560912,0.5187099329624525,0
0.07787662449092592,0.2675258591245717,1
0.9407435429630921,0.9412243113999332,0
0.13583500844808571,0.4736742959828688,1
0.2840512070065221,0.22576849830426138,0
0.1529058790868787,0.3791732859568743,1
0.8072210269470033,0.21481440026584153,0
0.7938317751612753,0.9999505782955739,1
0.8039926148670119,0.5705770311582391,0
0.0073261077795026,0.7161300688464864,1
0.8377167928278891,0.9734038528514845,0
0.08629405814368485,0.9420076418592844,1
0.5348917111332836,0.4812585447529084,0
0.035269006410154846,0.9124128021873632,1
0.8246253815505737,0.1870824421922237,0
0.08902772161732941,0.4006127206484441,1
0.9566989222994968,0.7852608036010592,0
0.440107207399826,0.5924106355590025,1
0.8070798999747094,0.5146377656509078,0
0.10265507458072654,0.8316280548660555,1
0.3249632649693398,0.021434211022957617,0
0.04828745476442475,0.6320696754754069,1
0.6907572776913498,0.38038823828721124,0
0.40445062718863056,0.7932238166895558,1
0.9358157116037205,0.23961394127956337,0
0.07758405449611128,0.9402530961130714,1
0.44424867656632183,0.10085248257731605,0
0.5385697255494992,0.8984446871930273,1
0.7862195803945699,0.2773578669438105,0
0.022305774173018933,0.5386047115049457,1
0.6254471841469865,0.5139355525411161,0
0.038704788641351295,0.9739137509687159,1
0.5456233950374528,0.38947149933510306,0
0.5072365518261078,0.8723804861462576,1
0.7110097090830046,0.4331893299808537,0
0.20129761008842573,0.8644548126612304,1
0.9025337339027611,0.48666698172110745,0
0.06373804207196254,0.4874471494936592,1
0.812221127438579,0.3995366321957283,0
0.3249951816045744,0.8074720517012599,1
0.5369868922864179,0.5201651009983652,0
0.41748630958880606,0.7138698114023182,1
0.7136559163614559,0.6642371737207609,0
0.32149456033003565,0.9657184357156859,1
0.7034682097497537,0.20864566847081822,0
0.37288730156856376,0.697526084731043,1
0.8378105558088732,0.142733414037586,0
0.5053147602902768,0.9934983704404958,1
0.5598001855185636,0.2635675904572069,0
0.08783299020840996,0.5531177052463253,1
0.7926009699522082,0.3800536235575579,0
0.5628597643438005,0.640204378276712,1
0.7822517929278722,0.6542343963975848,0
0.2591222726221063,0.8681118605479187,1
0.22754304758231125,0.07723253457478418,0
0.09689268041371801,0.5894684985793489,1
0.11170149840684707,0.01355325576730615,0
0.5204645279840535,0.5530651870816103,1
0.6283139659848844,0.029740079022021138,0
0.07579259976556885,0.2964076137527898,1
0.946429959556811,0.043544580428566126,0
0.21243668660373682,0.9876411216109939,1
0.9771077622313836,0.5100993209567768,0
0.530341738689253,0.5962081409404456,1
0.37154563420779907,0.21251643500830786,0
0.45147548165530216,0.8275774704080391,1
0.9754958722428161,0.13145177027582222,0
0.7177774373681582,0.8916273258699011,1
0.8315761271614528,0.7595450629173757,0
0.08112252339611481,0.44675580227777,1
0.3538691013822558,0.03910940795752316,0
0.5206965581181701,0.8266854668055102,1
0.623394385828813,0.6005883241538649,0
0.39271732940719306,0.4756849717736056,1
0.751369097374988,0.4378164876111935,0
0.2888301066901229,0.697560821973043,1
0.908766085502157,0.7476009758695475,0
0.027561034450782507,0.43118978483345094,1
0.9730171900183627,0.7822676308288051,0
0.0130131385151524,0.1532895412349654,1
0.6492190608226033,0.00893516362099589,0
0.21035661301798503,0.24087598175229863,1
0.8066584665402099,0.6571114807887584,0
0.3025199802777703,0.5140480522537232,1
0.2846180019767143,0.018482322983989552,0
0.3280878565030765,0.7492362362824923,1
0.7023463773575966,0.1442019283824515,0
0.29562065038207364,0.3189965649545283,1
0.2103502263983026,0.09549941839619858,0
0.4603587010593547,0.8242942346912545,1
0.6546319064069449,0.4722500348618056,0
0.6840514443094192,0.9756792949029972,1
0.21470682805809505,0.13403603261068608,0
0.3181639126294469,0.3969521227283568,1
0.8888409929559864,0.9915720036078736,0
0.617097612800336,0.7702540325873216,1
0.7972917527657872,0.026654018527699663,0
0.20755912460030024,0.36336546703193906,1
0.45452069220080094,0.16389937274302568,0
0.5135769161540862,0.5459516727832168,1
0.6589357948915104,0.6139600172193768,0
0.45269354441634924,0.7213970756601471,1
0.5102198399709956,0.5076254217476737,0
0.044658173408198554,0.1531351143266635,1
0.43955910688300737,0.43694383354517774,0
0.21371754265223097,0.3943398228131185,1
0.5460053744951981,0.20476637831582867,0
0.373238391521062,0.42509567387295877,1
0.5154707999412776,0.4357851310969074,0
0.5657400276107483,0.877260791967611,1
0.7742262903966253,0.5438221620035598,0
0.15998176713608314,0.5622266183963512,1
0.9754285093504879,0.6467577297077927,0
0.46664267078406685,0.5123234875972326,1
0.6810544961815496,0.4133898456869044,0
0.3252001122293079,0.8768862372525309,1
0.6734280399448072,0.004667942666168989,0
0.016059993281454243,0.14175277682198795,1
0.6778476765112789,0.510140893113997,0
0.2671915260810449,0.7621090212910562,1
0.7754195693664259,0.42302411877263746,0
0.042328887901000534,0.3254578802441648,1
0.9347309892415679,0.8128104279472791,0
0.1299538755278825,0.9228646900013461,1
0.9256937957582204,0.1911373267826013,0
0.10739229138069095,0.39153299956026744,1
0.4767819816313895,0.012652087163485537,0
0.1226532865453619,0.7728976761203018,1
0.7609503074413199,0.4383681681660794,0
0.183769519468451,0.18940317799938788,1
0.7793142636349711,0.03979951980740548,0
0.42600994213894305,0.8600955668528983,1
0.7406530775126522,0.6774863774158197,0
0.6107098690980292,0.6766082762988785,1
0.6942927439381343,0.02058922268304675,0
0.17754130466665952,0.5233995672568881,1
0.9363217868554042,0.5448803521082161,0
0.4619104553898886,0.6099922100335896,1
0.3467628372324669,0.23484666007151622,0
0.42879409783532274,0.539336172663237,1
0.283425520408517,0.0506034899726695,0
0.167749037530175,0.5535374093137879,1
0.35656387705727366,0.10896950317864307,0
0.2625299333812976,0.8114215535961921,1
0.4222541563633403,0.36156091520452804,0
0.013497377199652272,0.7677637542063265,1
0.6523165941896354,0.6414571418115416,0
0.09743775502761887,0.48858838558454865,1
0.9499118398310832,0.18371161490088372,0
0.05733501183716039,0.3776217756255986,1
0.7975562969432689,0.138187349029674,0
0.779873497484941,0.9442428145158398,1
0.6553871293598914,0.3535924373224726,0
0.41349994891882014,0.8352179933987178,1
0.7334946014780539,0.02578145940130594,0
0.42800015660422985,0.4706951173137852,1
0.5287524569840557,0.23061909375245193,0
0.36785161376437336,0.8271778869037878,1
0.4329658051088563,0.309888090875442,0
0.05765582551992532,0.10776382826043673,1
0.44714550440165246,0.29653331373418057,0
0.2536363069346038,0.5826202555209896,1
0.7794404831877877,0.07891636160197202,0
0.2723726541424223,0.840835156524855,1
0.6420326640914792,0.3837570432574293,0
0.363968391113491,0.47757895254675065,1
0.9272879366614964,0.9397217643138318,0
0.3259002082127652,0.719736739888032,1
0.4887676103632793,0.06869962137009811,0
0.21779031154712047,0.6984377808203479,1
0.648382746173099,0.01701980476794951,0
0.23964291117195002,0.5306707858350018,1
0.6638988710327427,0.6409501262310328,0
0.10930413937467909,0.742562535611219,1
0.9201326377359139,0.4720092239369065,0
0.11056726213380275,0.30463762751490675,1
0.9830086681586073,0.2882581818816481,0
0.6436862500955275,0.7964223872835521,1
0.8355646234524292,0.716341916002213,0
0.14779765040156256,0.474384385028901,1
0.779177066188256,0.7702854789795675,0
0.10820767895569083,0.3172798091388004,1
0.5968726595919717,0.4555174974869628,0
0.4673158785200324,0.5032393965731086,1
0.6898802034735118,0.19766644621177354,0
0.1317854648636292,0.6230490467727573,1
0.648570346616702,0.3227142198947428,0
0.2260008401633068,0.8837030493478544,1
0.6951817749617958,0.4253901944576943,0
0.2476916234100821,0.39920737401064865,1
0.9654444213626402,0.6576298337152109,0
0.3955804688601946,0.5061195526908829,1
0.41755995250277045,0.023035261230800796,0
0.14008497990015745,0.9443673629631876,1
0.47839023399736136,0.059070800822639824,0
0.46029024630385473,0.9194514390842473,1
0.9282303489066601,0.9090745348875653,0
0.7074373295284012,0.9781196057572416,1
0.7781132303039543,0.22222420126056985,0
0.3209785813717325,0.750804425116101,1
0.921531677744208,0.6565351250125475,0
0.4363034800761951,0.5265418642575909,1
0.9258933235180292,0.4962699191832225,0
0.5493327694866911,0.8748568633934591,1
0.5163253638703565,0.42388567816600686,0
0.7238299611278881,0.9577810364648724,1
0.9772192991894227,0.9487595717491257,0
0.2717358838357067,0.6466815172623903,1
0.7708113187430029,0.7321646728936911,0
0.4410599399231836,0.5488791108379515,1
0.5064752364516073,0.47563389812090007,0
0.2820573058197652,0.43475999416313493,1
0.9957901148036156,0.3401802597505874,0
0.12917537382485156,0.33994018291070227,1
0.260471124403986,0.0889464480681188,0
0.036357333344094744,0.7481784925839833,1
0.9092475422232544,0.06695840396457886,0
0.3650184099101803,0.834853635406917,1
0.5229106697290887,0.20017176043802476,0
0.09753028672841535,0.9840111430204275,1
0.6738266812483287,0.6317645364220119,0
0.09142182571118074,0.9932481840047579,1
0.8410827401663479,0.23951452401263928,0
0.23916796777662996,0.78875609019047,1
0.9681191305220751,0.12386149508613631,0
0.490337954795945,0.9224714052957297,1
0.8859550195662952,0.6452680147387949,0
0.06626005082971431,0.7009489135571728,1
0.8737872802708561,0.5807104272434738,0
0.17922612750382216,0.8253177360238508,1
0.7507398618756685,0.7331135025646861,0
0.4000238310141686,0.45054561800743587,1
0.5541880714897068,0.4464210657579133,0
0.46492038556507465,0.7494246580302576,1
0.8890646673153234,0.022286649355394372,0
0.0963946479625305,0.8998390147289906,1
0.859356275898528,0.998706342817814,0
0.08904343133778803,0.33581043096221785,1
0.5750108919835005,0.1488438949133537,0
0.04522795824148429,0.5056285653636224,1
0.7785236929281604,0.35605213794656787,0
0.04374330684934602,0.6317523587935571,1
0.9860300668257566,0.020015011385316916,0
0.12303027733853844,0.38452451700601475,1
0.32525458279423103,0.01608191854737373,0
0.504564819123377,0.706156822259543,1
0.799786807913857,0.05082401994993069,0
0.23684774494383298,0.6388456690550697,1
0.14824971445252821,0.1409640181834756,0
0.023530776887549565,0.4591376574362589,1
0.6452859826541758,0.1662026972404056,0
0.31658383122490197,0.5258516771599595,1
0.41162204771824473,0.08115453100234638,0
0.08748500493309719,0.6914766459332282,1
0.34935721557542143,0.10222582641626843,0
0.030633552488192772,0.7714163897800119,1
0.9643343770953442,0.3787740049525463,0
0.29368241171042153,0.32662806495597796,1
0.7667021031303226,0.389261581839641,0
0.22924607767548677,0.8522942490802021,1
0.5496510541500861,0.19976644585946546,0
0.03376181868142469,0.4423826394769331,1
0.8679034807297411,0.21954718787642735,0
0.4246476827322857,0.9907816446545105,1
0.11022144945466095,0.10498973530259859,0
0.47364737613863206,0.6912019494031358,1
0.15493071377786882,0.0935724576478616,0
0.014605254407544122,0.1646336143994237,1
0.8273626296652629,0.8672326028425703,0
0.35865740610409735,0.6335469964728454,1
0.9663324269632011,0.08004293520765005,0
0.09190160193541386,0.24525612185940093,1
0.7609432264011305,0.3140634688832491,0
0.13640243385825213,0.6562097217871905,1
0.924099045963275,0.12346336913829392,0
0.6184297996563769,0.8760015139256896,1
0.9244756453828301,0.4364315663429278,0
0.21584125897928697,0.2953370085963052,1
0.8550865867735249,0.9133266169935296,0
0.38251451669954484,0.5869442827218985,1
0.3363610154571688,0.1980034606934743,0
0.006255291756867898,0.7652937069034743,1
0.27390183009669167,0.1747637620637218,0
0.5750902567924374,0.8075731318058987,1
0.7848383162519452,0.5250920224095876,0
0.3469827099859367,0.7214593265828861,1
0.6561879475837087,0.12427450800732409,0
0.00589581937454009,0.1303659357103163,1
0.672512680561693,0.2918907411854613,0
0.2966960630316622,0.9659386482460368,1
0.31766278499852174,0.30986743844516096,0
0.3521741022959868,0.9675009113993654,1
0.48720357135449066,0.1945144071798901,0
0.04618805422134975,0.8097847604997758,1
0.6521255499009622,0.4158825602171963,0
0.5245451274041041,0.6590954335419391,1
0.9613189851891675,0.5657871933320102,0
0.7080350213064517,0.8291762767926509,1
0.09918344538032708,0.0936156926491698,0
0.3755916262654717,0.8633575888803748,1
0.28329391827108563,0.21485287041436785,0
0.3327859573045364,0.500326600393161,1
0.576376678152118,0.48198867848144633,0
0.37336803780897077,0.6665240163523782,1
0.9556111575090626,0.8621329553778798,0
0.017002560591492855,0.5460879463886267,1
0.6019763379657658,0.3584614012938979,0
0.16746972500074608,0.6366069838421071,1
0.8021910536230398,0.721757292480293,0
0.0054168214456028485,0.21794019068049042,1
0.9303693272029845,0.36793242776367185,0
0.46847835663877024,0.5139664404099307,1
0.5957976004325714,0.4591327509054267,0
0.2635856725087212,0.7929919535413001,1
0.8318442118430285,0.15427916378101392,0
0.12887960775180773,0.5928965632812427,1
0.9416404252053714,0.5481898803119238,0
0.2259933172784241,0.9767640237725252,1
0.8588480379576848,0.5937911029092917,0
0.3317892204125532,0.5205992450343797,1
0.9147806104969771,0.31405756087665115,0
0.08327675303336146,0.9152455718408979,1
0.7631820011699805,0.8008183713885587,0
0.40883747160683404,0.8235445491481056,1
0.8814707067388051,0.08376409282382824,0
0.04017728207825244,0.20144662987581252,1
0.5969269013332452,0.1593166870577939,0
0.012648378097671387,0.8604552245287476,1
0.5156281420599557,0.2895418469223948,0
0.02464710620049093,0.6186162244652903,1
0.36090470034315436,0.024733111110285644,0
0.1332439995140875,0.2131733512498739,1
0.9917262792372741,0.952743258544802,0
0.31219886716953305,0.5674950959049104,1
0.6912644857223934,0.0992127531107374,0
0.4795731555401881,0.9813546835426299,1
0.9809999626837932,0.9616626667222024,0
0.2326794833749306,0.7723438100792123,1
0.9535241981172591,0.4313896614783227,0
0.1316394088094337,0.7592968488274446,1
0.45348868350573157,0.33734007577261393,0
0.271765633040568,0.7962339731933242,1
0.7855936683378278,0.5481724599755793,0
0.33399544308124307,0.9124032761266502,1
0.975103908116361,0.14883286953033403,0
0.5909321039859038,0.9214348358020444,1
0.6932869171107943,0.4961273162227947,0
0.7582580019170639,0.9403068194794705,1
0.2777625853931973,0.19545244463703015,0
0.4287159433540373,0.5240911264341275,1
0.4220157145943143,0.41391899367831086,0
0.05968738443111399,0.5613218724090067,1
0.8629042508813335,0.9571733162176728,0
0.053131523159602234,0.23134388137963846,1
0.8618155070620092,0.33399560529467043,0
0.1822888002747266,0.31102772925138855,1
0.3081934432420227,0.1777787369013628,0
0.3466503837439562,0.9333234337667279,1
0.9501098451581588,0.9825989229391134,0
0.10150913847134857,0.3351646116291649,1
0.39187263833722175,0.34832822163691424,0
0.022961153005064516,0.8734730115898066,1
0.9666286536210972,0.6590351808992319,0
0.1030704184928467,0.9874623629508213,1
0.532535268990938,0.40798882059189445,0
0.2046078424340203,0.5667745145347439,1
0.5225426352239633,0.09376359723064043,0
0.03255066791190664,0.5424847827276892,1
0.9546974695444594,0.48366646441029304,0
0.7847402616403066,0.9405343512936528,1
0.8648553480594453,0.14224208900202073,0
0.29192181603256684,0.47582835422563385,1
0.8509545398110278,0.9712911895144699,0
0.10130414108406638,0.5850329111377857,1
0.5868987392146094,0.2302846060900834,0
0.09460849470695543,0.7448364955144602,1
0.5768637536779622,0.19434606044515013,0
0.32504463044958953,0.7795145320347101,1
0.13549823842752973,0.0787106296861767,0
0.6403987574102877,0.7967589899745996,1
0.4523913092490681,0.45786110550455883,0
0.47905879517053196,0.9249999510840827,1
0.4250921137010386,0.31379066596498784,0
0.7027654879524925,0.8901826473095179,1
0.7617184459976859,0.7195393361414031,0
0.5098251021081532,0.5875557928427785,1
0.9066907157994363,0.9835613999556156,0
0.10673174786867357,0.36396266351595363,1
0.9076510060171366,0.780524106403488,0
0.05197921563588259,0.793313221910668,1
0.524499477963962,0.14722390087124737,0
0.6732848732941875,0.7609256216807218,1
0.9645716402035166,0.09118635638696204,0
0.7061254275813744,0.8941872676398952,1
0.7240930567723555,0.7385037683510413,0
0.44477378865641815,0.4986136829100747,1
0.7995528573064806,0.5472657450268416,0
0.18349733641239396,0.9072892136194778,1
0.855241449704283,0.8502919378301227,0
0.14524863524732368,0.8093930507683691,1
0.822852788891256,0.17077771166565348,0
0.1746738427748853,0.799552391403839,1
0.5078595200564981,0.17000668944908204,0
0.3559774604599243,0.6213382265420118,1
0.756575049826895,0.6064098955839344,0
0.5454271015742951,0.6382493529759353,1
0.4232654900700592,0.07968946438513036,0
0.6233855753509968,0.729178209499035,1
0.7695829456511535,0.18028391064753357,0
0.4716174820841791,0.9637568972143359,1
0.8676110464449809,0.12525721060841777,0
0.04011760898509342,0.28838697583894346,1
0.8706267970413636,0.3051805836224878,0
0.0879219441159308,0.6274592552228517,1
0.649213637181424,0.1342169558849512,0
0.15411093784052543,0.8358858749808361,1
0.6418161191151167,0.099130412217734,0
0.26189014231226426,0.9144679745895195,1
0.8141412240073623,0.07540459606517302,0
0.33506364091496865,0.5498810572902886,1
0.47826664750329406,0.1708444694559702,0
0.18714904209462724,0.20939590705973132,1
0.541859574932277,0.4683164861359187,0
0.35269673024645054,0.6253091491816083,1
0.9709615373637726,0.9294532859853042,0
0.02388080171855289,0.04337708563345943,1
0.7935922397297939,0.20943582218439694,0
0.32049412840620295,0.9016784744340681,1
0.9931337205615838,0.5621971173857006,0
0.5151816555416522,0.9337621288401567,1
0.951952482268189,0.47659076155722535,0
0.30836362429893205,0.3453921516675812,1
0.7428955329400279,0.6803205007034302,0
0.5613952113562775,0.9947732277560764,1
0.70025455734523,0.2558283991629521,0
0.22564228709802936,0.5168656597075014,1
0.6597557018712562,0.34486050129329104,0
0.25636305010112015,0.4965299703016861,1
0.7762126547265114,0.07773380023916576,0
0.7268508259109584,0.9069158013164677,1
0.3831017032773657,0.22163426745748338,0
0.04611470630905057,0.08750797565306945,1
0.6669556028243964,0.20356456229972852,0
0.5541539351263008,0.7228732351132289,1
0.4135866053194278,0.055120584863584066,0
0.5624118845233312,0.8115088623586183,1
0.67594043473549,0.7209044186111958,0
0.5843006453840517,0.9218675237610425,1
0.42613839534644027,0.23825290733163906,0
0.4309770347709355,0.7942805525379987,1
0.3340043367872778,0.14887952518028114,0
0.41145226212722696,0.890759348004655,1
0.8286243369405283,0.5589441906240336,0
0.3022452802810379,0.4296441966872384,1
0.934687228244631,0.9059967332902831,0
0.31030200478242964,0.5606396458552433,1
0.7066418102812361,0.008305442097967464,0
0.45162276820000635,0.6200540134949849,1
0.6500170052871808,0.08402420349063755,0
0.014050224489316476,0.407160694395706,1
0.7762687818549535,0.23666142914148802,0
0.5110973573573317,0.915250886055957,1
0.9613914666583525,0.4917948927711706,0
0.17536021189977546,0.9669727039957161,1
0.9132127345240754,0.08914447379955837,0
0.6550993487889152,0.8408081929751889,1
0.9538096858320001,0.33971529502767306,0
0.06833613179531972,0.8105049573374602,1
0.607545522342166,0.6277112184137552,0
0.30577214954680854,0.9038228173984192,1
0.46220879133314086,0.37134358647475485,0
0.5912632390202183,0.9816286430993703,1
0.6706913710397717,0.732137346472997,0
0.3931124969918621,0.7792087367468133,1
0.8294210755998798,0.2971908102392886,0
0.37712230834198435,0.5064482605855039,1
0.5947891732115669,0.004075226719541636,0
0.3425424372124174,0.5115312827079871,1
0.8370842638107293,0.5139359921880957,0
0.37225875602984504,0.8880933177095556,1
0.8346946355215225,0.033687390649906335,0
0.1869907365192338,0.7327640289653026,1
0.4726514706068974,0.06308276335233065,0
0.4640557269816603,0.7447547098367155,1
0.5001110643194896,0.20801891425338315,0
0.23434934636858873,0.9208812086239555,1
0.8817995473477177,0.2402066339952097,0
0.46602265775689666,0.7956859156879363,1
0.8289824615069222,0.7048181765912275,0
0.43585820234321904,0.8197111441154767,1
0.5361852866834074,0.4476375172321617,0
0.16420617855896413,0.7592415365609859,1
0.4958721970416532,0.4736308664400759,0
0.483166905782375,0.631854335254401,1
0.8098718007862967,0.2315868691078995,0
0.1119526086551561,0.20376852728305261,1
0.6868931367612064,0.6522303153411908,0
0.14412315545796683,0.6600244814272668,1
0.6913506445775697,0.01455784356221157,0
0.12398506680080179,0.558376052792693,1
0.9319669691963017,0.3620692230052044,0
0.061919865655209794,0.9606005519623508,1
0.8382705131305535,0.7781798393507062,0
0.024707684071250013,0.13502853968621653,1
0.9155297547873257,0.15531774656723518,0
0.3251341775086206,0.779774227738743,1
0.48970761783792605,0.08238289788607245,0
0.252408406881525,0.808029667716887,1
0.3096378983187138,0.07613275887809479,0
0.3110320096852913,0.7603140796796126,1
0.21380746356639224,0.204664484352845,0
0.5814563417962867,0.8865773902054828,1
0.8961643546024438,0.5490802856432186,0
0.22195457183752365,0.657102236639198,1
0.8363120362995908,0.24919696634946364,0
0.690770354740429,0.7819305424898955,1
0.9741296820930959,0.6071323685537823,0
0.021574905349018625,0.6962841913555697,1
0.7139526526625316,0.07170386347004132,0
0.3361568114547677,0.5054940949345406,1
0.8933636046373464,0.8263903767724725,0
0.2140906511513576,0.9358371389877318,1
0.42838896833623874,0.07993911193792447,0
0.27077197506862904,0.5677037828458453,1
0.7570464063387929,0.701598383038655,0
0.6726468519270858,0.9684141598177439,1
0.5980747765793344,0.5729705555740067,0
0.12979683700437517,0.8033323284030811,1
0.5448064157029603,0.14364427338661323,0
0.20531474978281827,0.478436968081557,1
0.5091734444326106,0.05002207655110935,0
0.5715568348188104,0.7810223253963879,1
0.6420930395079826,0.6428314585710548,0
0.07384395768984497,0.20640554842068082,1
0.8142441908477155,0.5086790733659368,0
0.14015556598402878,0.28910172993102534,1
0.8538985229763497,0.11657347073289781,0
0.335020784559674,0.6852133866487172,1
0.9092318714607305,0.17443803885852704,0
0.5177684661469024,0.7514889438470913,1
0.47154352114152764,0.2736629537709492,0
0.11581589347198162,0.3291345767695566,1
0.6777643235323876,0.0021621256714218218,0
0.26105945449445855,0.6183109974229238,1
0.7158881177708225,0.4977236257817137,0
0.2755636788132966,0.9428872707118083,1
0.4564248310821266,0.08180003950157255,0
0.11356089501135558,0.43653191886762754,1
0.5688840137386383,0.2988369410728371,0
0.03649551909568882,0.21551180393484104,1
0.7350478791095112,0.48260119070647045,0
0.538762557596497,0.6059507706642071,1
0.8536264389461212,0.6157903571693923,0
0.13125219636395413,0.7397327198941617,1
0.8093792503424692,0.304552883567897,0
0.505542633722867,0.8014445275185397,1
0.6847698722974501,0.2169861519545595,0
0.05424307408268536,0.9277555142926244,1
0.6067098241708105,0.14862180803743807,0
0.6558333548100019,0.933852837244763,1
0.8172903286135583,0.6378592779060948,0
0.160655754393643,0.4176379829162318,1
0.342915932698029,0.20136677590284457,0
0.10485526952719315,0.6905604899667533,1
0.5801192382749588,0.20493006911182066,0
0.30055920559482785,0.9905115156850497,1
0.05923555281004411,0.01879875001981013,0
0.055456972938902394,0.751750949563733,1
0.48711272880876877,0.4222391758379743,0
0.12592661100888847,0.2986701303211242,1
0.6599391632317794,0.23783496715410446,0
0.393939405935367,0.541457804375623,1
0.8530069143397392,0.12469428189889609,0
0.5289635673604531,0.9148210184160162,1
0.40526852582571127,0.15993866317813432,0
0.04137373412208967,0.5541937053379897,1
0.8976248032561358,0.35289847226479165,0
0.4954350581037612,0.8810935073737457,1
0.16082623837988375,0.152713711704076,0
0.5646933299773925,0.6669361157447747,1
0.654098972147429,0.48184362045393636,0
0.667697949667962,0.7563834049800322,1
0.9592405358930934,0.9169023461006692,0
0.24700052255370764,0.35133682095918073,1
0.9175526832177511,0.01202782828847937,0
0.3722098826144443,0.9750250296838606,1
0.5702146439428551,0.09186926555833341,0
0.13967771544327345,0.5528195423454633,1
0.5515787398597385,0.21223531722082134,0
0.4112475121827096,0.7475242010248342,1
0.9732527587572557,0.8145175251579386,0
0.14864375509276084,0.5125253899289293,1
0.9499255445287891,0.13257531307293002,0
0.05475024302146059,0.7744528852991572,1
0.7823837398791388,0.5244336843602806,0
0.011810882569490588,0.9287725507702116,1
0.46437815700846863,0.22513473491701264,0
0.7141364839696349,0.8083143886024302,1
0.9605572294894986,0.7012975439400995,0
0.1803672140139425,0.7608228463954477,1
0.24584021249698074,0.21799738812338176,0
0.16152204009896187,0.6115619930615639,1
0.6493523754927141,0.6159626390087024,0
0.18205922962520915,0.5805538053313161,1
0.48822558244078607,0.28371421767455474,0
0.6243485001908118,0.9066803991384247,1
0.5449721999498114,0.24696447295568336,0
0.032120135741406486,0.30341865472144447,1
0.7972395812704092,0.38280764730892514,0
0.3336562777438955,0.9528569772835266,1
0.5231943358894919,0.39734711316368665,0
0.3710771994779476,0.723182521137337,1
0.9586995105005001,0.1615598880077248,0
0.1900244113587708,0.5071222838104119,1
0.5717065490577901,0.15092621883140322,0
0.5453607749943087,0.6511769706472559,1
0.5662816301142231,0.3682371972983757,0
0.21228021041803558,0.8788071935150384,1
0.8945426621062949,0.439578687302177,0
0.09840205005541036,0.11358514577938406,1
0.9677923663019162,0.522945301385814,0
0.24611924114217398,0.6848927882588706,1
0.2584502301044903,0.011728677456829928,0
0.014544897012740199,0.06079285266465595,1
0.7943028372813133,0.4749357253707007,0
0.08231680328754176,0.6470892094089007,1
0.2530124562476713,0.010810852516926817,0
0.5415539008808833,0.7591236011478651,1
0.9299654161121621,0.5084915286916687,0
0.3768783507665747,0.3874539667351996,1
0.7547283821540932,0.45722617846470914,0
0.27338486746714585,0.7647495161804025,1
0.9327308405606431,0.4536554266890729,0
0.25528377360232557,0.5542770061795638,1
0.46824911164513894,0.416243441351132,0
0.06948833873850924,0.3316573894869389,1
0.9663181288710282,0.9080092854086756,0
0.0975028310529995,0.986106675709105,1
0.989613473679347,0.212270455201088,0
0.2171306212061319,0.9079210617027051,1
0.39591403487084653,0.3581410946865924,0
0.6616460274109013,0.8936182133532258,1
0.299276683796008,0.00805745649790035,0
0.5639959347027205,0.8789268303173386,1
0.5902146447686274,0.23432736058911707,0
0.33355427884934796,0.9976256565739742,1
0.09552385403378671,0.08992702780252537,0
0.2961517613475899,0.7374367123334127,1
0.6767351040604468,0.6821373110434343,0
0.5404438811263467,0.7539969720391257,1
0.6214856140146435,0.5175706250449572,0
0.15368755819165114,0.712480727717754,1
0.9429846054804547,0.04667459122826789,0
0.1109514087904333,0.43950677311646025,1
0.7135282388766996,0.476227372863825,0
0.0535872115516951,0.24547160274511703,1
0.6254609069092322,0.6445185127520296,0
0.34996181398909,0.45394583502907104,1
0.7809057582076337,0.7267373594418635,0
0.49149122445079385,0.9059660504175161,1
0.28142022934536537,0.22283977003699973,0
0.3651586008619574,0.8195922720262903,1
0.41760580669185166,0.24435706845526595,0
0.6103088605644506,0.9466934207614276,1
0.48141457545613775,0.3370864065920257,0
0.3037399316407554,0.31259285994641284,1
0.9014727561677534,0.6506307776163208,0
0.037438937282027185,0.179052261997645,1
0.8325604869488216,0.30790716863830014,0
0.13842052975939212,0.6379147960064024,1
0.376398453522113,0.007751243663481122,0
0.09675057665476716,0.5804571658408396,1
0.29326591637788657,0.21150757121377517,0
0.448950827317523,0.6835859907716417,1
0.846275174924013,0.7817889296026489,0
0.049782560639545115,0.8364522727700664,1
0.6257842628063267,0.25395275161253494,0
0.4033685035941832,0.6044302273811324,1
0.29109120902324037,0.2212895532765825,0
0.1307161933280817,0.8246532287553242,1
0.9624235832176694,0.42894112506336035,0
0.33567191256444784,0.5185467061588721,1
0.7871093225691822,0.07537475713936015,0
0.5064129923257805,0.8202540567949113,1
0.5548278811663733,0.07234180416657177,0
0.6200640855466314,0.8895713200379719,1
0.6994562505657731,0.2097632632669677,0
0.07860204776418744,0.5205355486953647,1
0.7131228098243333,0.5129816238375198,0
0.1811589675204911,0.21622854410245962,1
0.7884853594855054,0.016915024349010488,0
0.1649300172938587,0.8530064338892109,1
0.7840571780586656,0.008481196663929325,0
0.6314115470566595,0.8396673033585588,1
0.5350640767129994,0.2944714678673481,0
0.6832959266440762,0.8769575389029144,1
0.926025927241093,0.15487086054176413,0
0.09748519952073176,0.6526348920956646,1
0.3253259875250498,0.12642735496530577,0
0.07877764938886589,0.28198556114128226,1
0.7308540041120762,0.5675523842223518,0
0.7049338402337593,0.7918643098344894,1
0.48127822490993677,0.03698072916415307,0
0.3590230354422359,0.389176689038217,1
0.8229437912960541,0.507905848407951,0
0.02934128609390818,0.48208731586114273,1
0.31345194364605367,0.08990841791785387,0
0.014541999878990852,0.7956611165950587,1
0.6065207359045431,0.11390436950895322,0
0.41165744905282053,0.7360493324431093,1
0.8268726157034787,0.9734807180798273,0
0.2570652945481515,0.7571284892986824,1
0.7973375267732539,0.1938264634090664,0
0.1811176822084435,0.9068503004829432,1
0.411212964730462,0.42217969582404424,0
0.33090311204573375,0.40823266276990944,1
0.8306894494203165,0.6135522166920927,0
0.30012838644613327,0.3835286105609854,1
0.9060091784793045,0.9105285771396098,0
0.1921748775322617,0.6434256796829316,1
0.949649207923554,0.8845644420213834,0
0.3778533256424975,0.40147251373313175,1
0.3133148511295667,0.07374337700281042,0
0.5168979795824428,0.5690479118951078,1
0.7549224764972893,0.08908976954196979,0
0.013354430554593844,0.8221710859484593,1
0.6385564837853653,0.20256592285278208,0
0.6308316327023799,0.892582920043639,1
0.25634957308256556,0.0852978183492289,0
0.18095240714322236,0.5722361138644001,1
0.5298618669451146,0.30894144738890394,0
0.4809067685556708,0.5930878947880343,1
0.7485620710953328,0.7185260264324942,0
0.037901053136110474,0.8768709101287147,1
0.5931694228972646,0.1526957542402717,0
0.5461727846197924,0.8319828352154428,1
0.9037979771067084,0.8391621568574321,0
0.11192140261401362,0.9349655688193416,1
0.8855464368736814,0.3836684903427725,0
0.3314588341006445,0.6501229014115837,1
0.8892789699083807,0.5555209900022313,0
0.5993334251557557,0.9422120843199798,1
0.6144050797682821,0.5302602503743422,0
0.2552266542593824,0.5921757359049354,1
0.10281297393874633,0.09179334571382836,0
0.34581230097825333,0.41967949133463234,1
0.8059637771556042,0.5642662652275677,0
0.11205559830497513,0.3470316050479543,1
0.42700684299344727,0.408499491539709,0
0.15563328020102296,0.2948095360187519,1
0.8598178873135073,0.8549898443019922,0
0.1082863279120474,0.8931733675559675,1
0.978365732204788,0.2030983270607304,0
0.0734731335238068,0.5984083441122897,1
0.9759036302521722,0.00766633086855073,0
0.43906016998743724,0.914359467400029,1
0.5868483350942238,0.49613787006061616,0
0.05716735868646039,0.9832864069059934,1
0.3565029065273362,0.06311000569737546,0
0.45099714935111346,0.5034296833988499,1
0.9589620098851286,0.16631637964123092,0
0.4879262093028206,0.516043473316055,1
0.6524839058888824,0.14374167713837338,0
0.08103180801959597,0.760106299623661,1
0.33197700321171986,0.12417385053659924,0
0.27307276132690683,0.46794777997693426,1
0.9604760816429345,0.4785573417057867,0
0.37777019554200086,0.8460522181061962,1
0.7148523439173585,0.025241091827234885,0
0.08105894556609383,0.7177150383238584,1
0.85047431335087,0.24641720852640547,0
0.5937246428955331,0.826053232375264,1
0.5224626718916581,0.5340330886742121,0
0.6172789124234558,0.9744180332158259,1
0.8661162204273731,0.7670916848802557,0
0.2205968134772941,0.726987027376511,1
0.78235370118466,0.055054638719468696,0
0.11046495282665625,0.8651190942894401,1
0.28326437403159177,0.2282453452897475,0
0.13599474568848124,0.7595930583266608,1
0.5153751661575319,0.4981978748821,0
0.09489032434712175,0.9285044470088462,1
0.6527765369691833,0.07874055456812612,0
0.09926249850480762,0.8099063809430187,1
0.8711952004549927,0.3283092695418751,0
0.10118978737564688,0.15026950074566026,1
0.2674955781787858,0.18428778584805316,0
0.02695815967945292,0.6378087786075903,1
0.5022187696127728,0.32121398886115593,0
0.06412564188322933,0.7562572527650822,1
0.22142172424995943,0.0817477997140893,0
0.4283781602817994,0.7471242577749474,1
0.3783817835893698,0.3138899046965353,0
0.16764326351970626,0.5596942534622456,1
0.897502593010548,0.2040581059219746,0
0.3866927428200436,0.7091949230285614,1
0.8841120634367172,0.11607350518472581,0
0.1817874205800215,0.9562161447762082,1
0.2813285058676275,0.21471573548207934,0
0.12637664430455942,0.5782748896875581,1
0.6973298931975471,0.279974910788954,0
0.35463246992448527,0.5942895095598444,1
0.4902966681927937,0.30914301119327803,0
0.31440656712601955,0.9960752031718068,1
0.7016763880545313,0.16676760114046174,0
0.19670203929058283,0.5101131713586444,1
0.5333225067678771,0.5277210868633484,0
0.38820344428432174,0.9745006363094871,1
0.866371390501532,0.34473611125629766,0
0.07340005451207421,0.43111505906271097,1
0.5013861433125052,0.33247585867571716,0
0.17499287760501903,0.29962384495341965,1
0.5834180828509429,0.12821806472482433,0
0.05128125042873155,0.509951640316975,1
0.7989978314154959,0.7391597894152617,0
0.31354309019877835,0.9510599576909605,1
0.3479584289387472,0.09605624345907493,0
0.17652617796124648,0.3282513323084376,1
0.4829640665360704,0.3830082372277671,0
0.4437816813358604,0.9159276447058999,1
0.7323914281789097,0.4119228597323302,0
0.5662516176672028,0.9640010306458163,1
0.9833361427322262,0.5625793772867779,0
0.505773552598488,0.8793320190092282,1
0.699244038635074,0.3829646635231361,0
0.4678537895621725,0.7336454535967095,1
0.9610611450797749,0.5743467710724811,0
0.6315239082797189,0.7809692686311932,1
0.7736288280996342,0.2670498440034875,0
0.0077361845215491165,0.9978002114646839,1
0.8272249230595359,0.04403021413353214,0
0.2929266241653449,0.7006036721626637,1
0.6020085059428341,0.27752859231158344,0
0.053444592714142036,0.45542269226316656,1
0.9148098016968645,0.33888367531816266,0
0.6546529429696374,0.7420162655673287,1
0.732209859572415,0.4877123290233888,0
0.39463199424840845,0.40965609123865654,1
0.5280438558274065,0.2106069121415759,0
0.6475664998826876,0.9984013989423804,1
0.49696495466031076,0.42694494890503176,0
0.28697298003581484,0.4193383163799166,1
0.4531605592522737,0.1673065107742292,0
0.03918835393849818,0.08319873822475943,1
0.5086511061819919,0.4596947170950738,0
0.6890913384999185,0.9056509096265997,1
0.5326529136614031,0.007177663705651649,0
0.13138376913827998,0.22976434009805158,1
0.6643973755916328,0.09648507404516715,0
0.5695481262244381,0.9866383994097436,1
0.851444245345268,0.9241242222408665,0
0.22174059075983465,0.6546925084393332,1
0.06299536872220113,0.06067070173163147,0
0.35621992661179125,0.6951404102741204,1
0.7866321121763048,0.12443703418868923,0
0.3118189880471902,0.5852543947328119,1
0.9768158497294535,0.844642411742026,0
0.28550648516064125,0.8927638664331592,1
0.5543191843608817,0.5253582606513119,0
0.09474878656144381,0.6869023297500929,1
0.09886145095976595,0.06304685308768099,0
0.7926643504780555,0.9535905074337936,1
0.39644703508085477,0.12700114854150346,0
0.5383317130193861,0.9655132906830604,1
0.9057791652475765,0.9039406760044021,0
0.051731164354632986,0.7205964491194596,1
0.6661460736321051,0.28342342113775154,0
0.07939864388781548,0.845681513339443,1
0.4769922476523758,0.42493227273327805,0
0.0003981789898264143,0.9079670542110098,1
0.9189212140289688,0.716478356830358,0
0.4895979185209465,0.5592185296412959,1
0.5669934919004347,0.4437110830840497,0
0.08913354145443175,0.19993666242289754,1
0.8867375747364166,0.49614043980631606,0
0.31853301355828467,0.5454522096156262,1
0.37938478041261914,0.06608401340385628,0
0.5211827337694261,0.7950463276825432,1
0.510138235402283,0.40142924720402595,0
0.19270506684438282,0.2941787103525245,1
0.40689540523192047,0.015904393743165768,0
0.32039077938204685,0.8385081847275532,1
0.8309986583720483,0.4076210505962956,0
0.04721784374048732,0.4580456036103828,1
0.7898204511269978,0.4907083528163706,0
0.14923335794944648,0.5660805005919023,1
0.7801887028148603,0.18315063428104839,0
0.3274965883783816,0.76176993201348,1
0.9885427196878065,0.36222340237559114,0
0.1345790685573406,0.9198129055428325,1
0.35707728611084477,0.04148905383301338,0
0.18231115344882354,0.8256966100121281,1
0.9924532627054433,0.807544962243529,0
0.14719265821581284,0.9520824050354038,1
0.8512728683942239,0.9045220265412478,0
0.17683875777789526,0.44531490472645485,1
0.901188904463014,0.1560740126495085,0
0.17001777012249042,0.9319427624233892,1
0.8536416908756459,0.5243066151610359,0
0.5116154723348642,0.8402773238553293,1
0.5463386891002086,0.011040599276519125,0
0.08804378608526786,0.40641050055357264,1
0.6039317435577006,0.6189408886761316,0
0.31563865826119974,0.750236896338895,1
0.6679510118486208,0.059018986208497215,0
0.7411547223155525,0.8678133283754014,1
0.7021234646575324,0.2381052412273993,0
0.06310884341790002,0.9308720754769684,1
0.8105351087311752,0.3860384771721651,0
0.5597795453469263,0.8296282730291623,1
0.9313298983206649,0.44069340590130435,0
0.07770269806406438,0.6761762694311578,1
0.7203498221393728,0.5511360871333403,0
0.5982965521123177,0.9840403125343514,1
0.10830191089004981,0.07000840362008964,0
0.33744274503706295,0.4912104511913117,1
0.5759147642269067,0.20088119351642109,0
0.48348927556641597,0.881636198315945,1
0.7376145806433467,0.2968050963403305,0
0.7080746827148912,0.911633681574133,1
0.9598743956259044,0.13595881624929174,0
0.11903866822573927,0.8566822728888854,1
0.6950398930629211,0.5496881333170606,0
0.0966108799947244,0.8175851111747534,1
0.940093428658663,0.15288324316805324,0
0.27623055442589695,0.47426789851353,1
0.7420925101985881,0.6070272236727645,0
0.11509078360035463,0.4816972941659573,1
0.8872780964597411,0.775621198300967,0
0.3905253736536559,0.43358682935275483,1
0.7500655515354825,0.43388080859650346,0
0.05808909871451817,0.5156520436687799,1
0.78293926563967,0.8028015431839667,0
0.15672366708314123,0.6051419469417862,1
0.36196157929932826,0.2767529781960869,0
0.34604957546615267,0.7855900905829175,1
0.8482152422742377,0.034867716608878885,0
0.3911993237541106,0.9642923861966987,1
0.49718551814396794,0.44326538670794036,0
0.10739220781064573,0.6237713117113555,1
0.7463617045454279,0.0628941570374365,0
0.3630322677333313,0.7029574082058209,1
0.2946723884558833,0.13609976608917063,0
0.19497873752549133,0.9284930714968989,1
0.6294915948495041,0.6390360656618052,0
0.21396598700703573,0.5906553410438914,1
0.7343904666762818,0.1768027417183241,0
0.39785357422742607,0.950785280314748,1
0.8642266240111639,0.09911166416204531,0
0.35146434452026165,0.6804090298803039,1
0.9994776829066808,0.1904790057382898,0
0.05752258035999924,0.062099870877519,1
0.7678425887947865,0.08477420423794835,0
0.4370783369133666,0.7805370572764856,1
0.5889382267070387,0.3675685770728431,0
0.39961772257615835,0.43625837649291854,1
0.7826355278442295,0.8071484972793039,0
0.31857392312029154,0.6317813133461497,1
0.9494025776433974,0.34294865346699566,0
0.203211782608678,0.5281445290507456,1
0.04525269008303634,0.02141523531448497,0
0.40908492120820594,0.7155175660225516,1
0.7989328510509838,0.14296284719347196,0
0.2877984641483725,0.35474131312059365,1
0.6041012709834296,0.1401288444783767,0
0.5206881333360885,0.778205909019363,1
0.9360049617962702,0.907508629008857,0
0.6227679619603268,0.9352101263002478,1
0.9456075293778186,0.4954776736683024,0
0.5104304335688229,0.8706078340073828,1
0.5427292747927617,0.08258055579980106,0
0.24524805617956058,0.3589165813249946,1
0.21533154445517688,0.09075434250755654,0
0.5939330983709332,0.9594472505262869,1
0.6380628110400792,0.36014839375225205,0
0.32180117239631834,0.49380827978895847,1
0.651334938867386,0.18288235643442297,0
0.29912469458022906,0.7003333883675081,1
0.9964370938739013,0.6334417635382196,0
0.5278418452470667,0.6318122553961119,1
0.626533934875125,0.30256003491322847,0
0.5022580316196344,0.7085125145133795,1
0.7439705428325567,0.10423561647132673,0
0.030954784677991065,0.21830594626163946,1
0.907270790972427,0.22669138825368573,0
0.0902693527689078,0.40757807314533345,1
0.9857562488925271,0.38643688730050063,0
0.4204015927108691,0.9686107662796327,1
0.6342293000071367,0.518763767333169,0
0.1335282983138949,0.6069935763184917,1
0.5041644856142791,0.41570669833384555,0
0.7069371862414016,0.9120464401058714,1
0.9623087476355598,0.7095361766252375,0
0.11798371775486616,0.5206757388284329,1
0.9773666479613204,0.3399305116211283,0
0.15395756120160498,0.35117042744651084,1
0.9091274125374597,0.06549838604248981,0
0.36466525122907834,0.6599302004632467,1
0.6544383951869117,0.6037374153754949,0
0.15532713032386603,0.5831193797212828,1
0.24545918547441603,0.14146780751703192,0
0.08009336367242348,0.5796773043308335,1
0.6185709279639339,0.19052157789016644,0
0.12254182052229201,0.24141583482272988,1
0.8933047375734634,0.35187868313748094,0
0.5633796081758249,0.7255858968120567,1
0.8371578972050387,0.1600335724322447,0
0.007948424297483436,0.7979839630604383,1
0.6887571127111727,0.1758505161243349,0
0.10117803202440301,0.7504713269935845,1
0.7079542220867431,0.20927533966982348,0
0.1599489647800455,0.37404680665867873,1
0.3603077124124032,0.27448306983443915,0
0.07785466488831294,0.6903188187163897,1
0.735527184635774,0.2697048170117623,0
0.7147693132826405,0.9019265576283468,1
0.39361313293119193,0.40085099345990705,0
0.02448293951791336,0.0895343438448486,1
0.1678061391084903,0.03660008210950105,0
0.2003229641291756,0.8531176309283615,1
0.8861053262057939,0.34038476955602326,0
0.09828999349334033,0.4083542978550113,1
0.9901596918770929,0.7760369233675517,0
0.4062400618956644,0.679103485785691,1
0.2619372517220492,0.26239265577126525,0
0.006659344228284181,0.21373546515877073,1
0.48133066261603785,0.4058331496853952,0
0.11902274397171797,0.38397098017168385,1
0.26593489757189015,0.10906779788159005,0
0.29143468087168867,0.5843640932501362,1
0.43159923900644936,0.20066323345229153,0
0.06940049823611394,0.7235821089526591,1
0.7576401217311272,0.5300496429492455,0
0.42762292920014267,0.825083087198993,1
0.7505275412506656,0.17040514547277863,0
0.6677672669912406,0.8842756353120896,1
0.7420491982888034,0.521809398691337,0
0.14712093852994446,0.6048755241774497,1
0.8842847290756181,0.13804069839294708,0
0.5556309736827911,0.9114505055920544,1
0.8092889750006339,0.5808146572256668,0
0.04304143078002598,0.9458644841331918,1
0.206143907531797,0.19689044197289296,0
0.5963723850117172,0.6541928902339439,1
0.6419724156004508,0.43665074213485133,0
0.57891187063906,0.7113190463514227,1
0.4633303123774297,0.11199394335719315,0
0.5311348996963159,0.8477191454433762,1
0.9759152729880496,0.916796601873848,0
0.16672214375255212,0.4670172677533232,1
0.5728828298303109,0.04566526351069877,0
0.19219289418274654,0.41396644264642335,1
0.513997582420492,0.05674032237241822,0
0.07014980709305985,0.2073161934513862,1
0.9493956480076374,0.006599136174571307,0
0.5941043478238869,0.8376631716330556,1
0.9295737750947464,0.23747278196473454,0
0.601893672470902,0.9400897035675503,1
0.49237750757440824,0.0740017390543748,0
0.42709429209180416,0.6562528137292208,1
0.5802986125990405,0.605803809286803,0
0.47504947904989603,0.8402272518625764,1
0.3911704790463575,0.35573389367482067,0
0.013106514064107233,0.9433061642848597,1
0.6051666776441003,0.6263927041624777,0
0.4947421114471029,0.7554998343018486,1
0.457117906441727,0.3628469899532566,0
0.1162382338766057,0.27391236380017225,1
0.7407539962970758,0.021443081097034522,0
0.22277684076112714,0.2697011397968415,1
0.988029202403807,0.371339969787034,0
0.5659244444535643,0.6817463170903488,1
0.6707387125676881,0.4668883579413784,0
0.35137885621163367,0.8089699434889717,1
0.8789440617801598,0.8185281093321772,0
0.03421978958891658,0.2531042094044791,1
0.6603122628754001,0.04606152658560614,0
0.26606860997633264,0.8418980076746372,1
0.5012670765418691,0.4403265985333211,0
0.25690104238498757,0.2840923382335282,1
0.5524232051012282,0.19987786728294343,0
0.3903675972273871,0.9226671861582595,1
0.9594765966777388,0.2640208535030317,0
0.45984387084655487,0.49733615487372285,1
0.3399648353302146,0.16343592055895728,0
0.5943898078874518,0.7059156320533363,1
0.9024498021813937,0.8677485896060717,0
0.5493733869618885,0.8742935539208141,1
0.9232792596033901,0.17061234144975956,0
0.22032964107508235,0.9989686836914746,1
0.3311983304909104,0.3034501557050613,0
0.08699525717233536,0.8821814083746213,1
0.8675212766631031,0.38037955380262367,0
0.060756800448401815,0.5983144561816535,1
0.6789782052096408,0.7297641126073341,0
0.34083174522115434,0.9546570618051101,1
0.6019232171441642,0.20449779962617376,0
0.09589006662834776,0.5976439057851228,1
0.9255018812522244,0.24111843927814014,0
0.04547945051083446,0.29986113983443374,1
0.733220023159578,0.2183987700275415,0
0.08448103606876256,0.2318468730100134,1
0.4012422951010127,0.13490014508764658,0
0.6289304587064424,0.9129761401296138,1
0.8111548784228525,0.5858700627738301,0
0.23389290700693455,0.48779235835579027,1
0.8773259842826849,0.917502915871048,0
0.1322758475979703,0.5564750416360963,1
0.4153856795243327,0.38585902494809166,0
0.1984567845388534,0.8730828838750366,1
0.945689194763078,0.8331629823753595,0
0.30991642303656974,0.9585223672811847,1
0.6608482872618349,0.17121601919437457,0
0.6360627098305238,0.9335657697531609,1
0.3919721961979783,0.06652713492315765,0
0.36276996248394966,0.8824964459153086,1
0.6239688172955858,0.49715370406218296,0
0.19409404206477276,0.3173020079822102,1
0.5628556308819753,0.3979568297016891,0
0.06447079791580368,0.8811700828834125,1
0.8594254607717082,0.49558393418629687,0
0.37266327293753343,0.9000069893350577,1
0.5084147671110969,0.16006721984746286,0
0.1063174748211132,0.19700572552295192,1
0.7393755594491158,0.2467123189070881,0
0.7671920506276516,0.8997859497497461,1
0.8766170241896645,0.9951076309865237,0
0.08998882161098021,0.13954239849039907,1
0.09487382571885516,0.031363281785710906,0
0.4770082833320263,0.958337660272725,1
0.7909951000851994,0.7209615530912724,0
0.5723705638963799,0.622052782704949,1
0.9755686747111798,0.8103866724500024,0
0.032160974260122877,0.2569493924312001,1
0.6227246869763277,0.1684932158346557,0
0.25230186207317173,0.4458728182661966,1
0.7640432185014057,0.56647193945023,0
0.17168883211552832,0.17498900947946983,1
0.7284924102093217,0.41979301542648817,0
0.3633028603218271,0.4403684407168832,1
0.5011017415425326,0.43356257852690283,0
0.3006342251038704,0.9737994315842706,1
0.3711628937298119,0.006863999566266488,0
0.11989306301031055,0.2010528256140458,1
0.49810775969894083,0.4120270479106315,0
0.3949938130295627,0.48621586247042725,1
0.8681342384941784,0.6174684684566539,0
0.1971767162192083,0.6702299854010554,1
0.842178813464845,0.5634876238880273,0
0.6113718732366178,0.908758130122911,1
0.5910998113044607,0.5429819060763799,0
0.19636610673023192,0.676258877875033,1
0.707093840038787,0.17418901289122746,0
0.08148516710540066,0.8326328884320505,1
0.20728837728269123,0.13783501974420254,0
0.14008841693402396,0.5484933724113881,1
0.7457853820688161,0.5671893035537834,0
0.3083440565094304,0.4786946129830416,1
0.8220010210089234,0.9308558483764179,0
0.2535925959124491,0.8047948909270779,1
0.28182294852408796,0.23183795879611102,0
0.19715924410076402,0.5915519417164752,1
0.5756808380315681,0.22979210254536264,0
0.5397891345832886,0.6033529537243862,1
0.892896139360732,0.911557383459474,0
0.3651345077499347,0.6514647911929841,1
0.7184579819989915,0.661150997615417,0
0.5081381529718549,0.599895141147913,1
0.8471760514336059,0.6410739229875759,0
0.022236691857628,0.13821036837876566,1
0.5104093113546595,0.4746507146111778,0
0.4431177315886672,0.8888791437877095,1
0.9733100257823687,0.8780704463966247,0
0.1739887997046521,0.71764154545123,1
0.8538944353295068,0.4002633429486452,0
0.3100041697050442,0.43700153717207046,1
0.6558234080061549,0.0041967806607307034,0
0.09487184497317447,0.8496206708865642,1
0.8693810252693858,0.7512408134348035,0
0.049982861893153596,0.6048342180162477,1
0.8111158163859087,0.4231260154643737,0
0.15851874083973283,0.6934325649704798,1
0.7788353859342304,0.7740466473982591,0
0.010696992353624868,0.0894117402093011,1
0.6442023266312884,0.300904326481807,0
0.30685825415255996,0.6338657311104217,1
0.9083915005116522,0.34456741124712087,0
0.21090593832097637,0.697144669091972,1
0.9451070229596393,0.8528441029638169,0
0.22598897335943602,0.8953087517701273,1
0.34780741656152847,0.28290701192886336,0
0.16848362436037734,0.985852168885258,1
0.770921792079241,0.06510496788011733,0
0.1675183071386206,0.26735365209207573,1
0.44682170121904874,0.34875139378764475,0
0.46122561019838404,0.8681769656979321,1
0.07724517827616106,0.06616497591292159,0
0.22986160048088755,0.7342295099473843,1
0.9307109615320975,0.5867674334439934,0
0.5423100763317225,0.9015579623726615,1
0.7679056038944184,0.3867034527039691,0
0.40600778775954327,0.7501297427463125,1
0.9097648603519879,0.1883334914155469,0
0.14525807052947326,0.26471776492207544,1
0.38506464677017205,0.20931553025430005,0
0.15313141583475454,0.9667111610827834,1
0.9591581146118663,0.6303385160083306,0
0.34703806122279945,0.46896685498501756,1
0.9353462031476497,0.13397174057969763,0
0.21558987045296407,0.3899725178312141,1
0.8613514764397763,0.3665857815460227,0
0.08508622985270153,0.1915086041193983,1
0.8187038490730979,0.17732369811218185,0
0.13421336706637388,0.37381136756963484,1
0.8321453865838195,0.591938668444256,0
0.32291978923883413,0.47060865532860785,1
0.48275662717381607,0.007256059854421348,0
0.5549906138855074,0.9874659647299041,1
0.6093474237610098,0.5838363403479543,0
0.08630307391536607,0.5380710313610548,1
0.2525822640647555,0.20491413500084799,0
0.21290942164826987,0.5093804817605684,1
0.44634330828795143,0.28437456111356274,0
0.2954777562014437,0.978932721693702,1
0.491916527665037,0.04285428952553649,0
0.43540042375267074,0.5356471995545382,1
0.8794982013458319,0.09273374153619307,0
0.03145012696718508,0.8533236210591212,1
0.8196389555993109,0.6783729192640722,0
0.5538222868784077,0.9316760247288872,1
0.2008251687562379,0.09868370517472802,0
0.5773985502553856,0.7515123823317386,1
0.2680018601662505,0.22232873686792565,0
0.06973255060304262,0.5617275419141401,1
0.5195627601607649,0.19295560494327857,0
0.2507016844031942,0.6085636672636643,1
0.15741972598854748,0.030855747077600193,0
0.6989025306605999,0.9570322939215619,1
0.9692695315262942,0.136679777917873,0
0.059365579102275245,0.7165643353964457,1
0.9055423455512543,0.6774911998412786,0
0.23015850540192806,0.7995220227758074,1
0.37778178556755326,0.17063052480042729,0
0.13125683832083546,0.9091119818579674,1
0.5721362728554286,0.08773625025100662,0
0.6454758180196336,0.8222794262984624,1
0.7735362781775987,0.4017637795644744,0
0.3034491771213229,0.6204165274409897,1
0.24400751155728884,0.01066489246796809,0
0.3325227325565302,0.5884861331593015,1
0.6327068232578983,0.35950736647248405,0
0.23690343552892223,0.9998655941211735,1
0.9505381242372284,0.375509677555135,0
0.24706165147644976,0.3202557457086147,1
0.2914460729243634,0.15292275367100272,0
0.058366645829436736,0.660431028555153,1
0.609313060105056,0.4110574177402758,0
0.577786836214781,0.8564502157002417,1
0.9276607958319357,0.6620607477517639,0
0.1469177689788006,0.572667401516856,1
0.8365117278792016,0.716430744709316,0
0.0833055965898637,0.5689061444006643,1
0.8713603965979393,0.7593555795007535,0
0.06318134806633502,0.5362481433067597,1
0.965788838291587,0.7760337150861013,0
0.3580817000288249,0.6488032414852241,1
0.043131246586826655,0.0010195951966388561,0
0.6902709922429066,0.9017995607161725,1
0.5655076805719237,0.04442326607148628,0
0.27036987453765493,0.5666701653208351,1
0.9474074354757157,0.4603468091513515,0
0.3902568537464871,0.635015347981518,1
0.7242605981249979,0.12873372183044973,0
0.09243919314470173,0.361216035259192,1
0.3609909815484582,0.2716728297535602,0
0.37438438065158486,0.619215193210122,1
0.6740742489159292,0.7200896345226769,0
0.2080774207394841,0.9261388445738487,1
0.2598109302327326,0.2232129517661967,0
0.7652845672628773,0.8773958759410445,1
0.4792769734531156,0.4302679238559153,0
0.35187106810727165,0.8605098559057547,1
0.590766949506591,0.11662738389061622,0
0.04020273760981896,0.2334805752277187,1
0.8802996051666171,0.10838592976612449,0
0.19601135565646,0.2946667089349436,1
0.8145275935240973,0.9070602810846992,0
0.07066875427877861,0.6492991631600488,1
0.40678258837134296,0.26888636860016657,0
0.03721893488618144,0.03778051145992112,1
0.4302019330695315,0.39606442728918556,0
0.17353123491794697,0.9942380924917138,1
0.38720991485430833,0.11049513517235221,0
0.3021939956570333,0.9245897531968533,1
0.8908490023644966,0.4986990398892768,0
0.4233204349374554,0.6199697726639584,1
0.6921516843082443,0.5034997451507854,0
0.25583320902574236,0.8180615878125681,1
0.7794082661880464,0.2722311780156077,0
0.7927744823591091,0.9422323768466199,1
0.7649254479432744,0.14545950837606214,0
0.17669488995535276,0.4743313327472308,1
0.8240403852021162,0.46943040412760784,0
0.23860991034252654,0.738229230706905,1
0.8443450410794672,0.5998463496407545,0
0.2715641728976699,0.34826689192128346,1
0.9045846988132951,0.43180193288850865,0
0.34782388626302363,0.4017876224410629,1
0.7247919485352857,0.43767342450505087,0
0.5056793335587688,0.5537327241266127,1
0.983449224702851,0.8396704933522418,0
0.06660412498147616,0.5587606415979973,1
0.7284169650404736,0.05807466574979325,0
0.0023347999239019535,0.8610835907787933,1
0.4181072422088583,0.3064640007325504,0
0.4164019901928049,0.47786494826700676,1
0.6278254424417435,0.20826163897227312,0
0.3331685684032363,0.9452111225132835,1
0.5019492256546373,0.27858844782412007,0
0.5185879843830186,0.7544159769917304,1
0.8864643483815983,0.9243129900368237,0
0.0631839957826793,0.5106664059402095,1
0.9907420931065698,0.49192222244983175,0
0.019781679809018127,0.6949971379751461,1
0.880909677424594,0.18568110081541433,0
0.580196409160874,0.8126158426356033,1
0.6225894947321609,0.43503426041691173,0
0.17314213522055355,0.6776470441749927,1
0.6366210732705916,0.6224077828751837,0
0.22985495516215937,0.8553399453087649,1
0.2854707046050666,0.14902550464090691,0
0.00201014575821179,0.9824961042457773,1
0.9319501094721778,0.610436040274834,0
0.2983401521952368,0.31100694842209586,1
0.7990418276596919,0.6411666710521585,0
0.4876023410107587,0.8852559171195202,1
0.3296054661774147,0.11566258982201849,0
0.19289724875102465,0.4904920792900528,1
0.9084910443071513,0.3833299431375319,0
0.5325340788183401,0.9712765017731273,1
0.724286267632532,0.6854348600872442,0
0.5485226128574995,0.6330592126322382,1
0.9379766431587129,0.5389240658445101,0
0.26959508446557867,0.34348858079273725,1
0.6424614090622176,0.05668837620176714,0
0.6184609310613176,0.8381485460615102,1
0.8260871283506286,0.28235385705249505,0
0.023849163164403553,0.35807832688743924,1
0.8868310880069353,0.23048779549776366,0
0.16959203269504686,0.3339552641462039,1
0.9915763994678817,0.5886139734858159,0
0.060143726481862725,0.6849936484685455,1
0.7745153336577915,0.2625032513605211,0
0.22241944925225443,0.7483364743187231,1
0.8604942264620739,0.14286107491264977,0
0.19763865514282408,0.4370830558694204,1
0.8599176614738218,0.5188168303907927,0
0.3063916382067007,0.8153353874686557,1
0.7533264391204465,0.11892302342251171,0
0.1639151820639897,0.5288019421680087,1
0.8704901699436307,0.5988430523264248,0
0.04331762637315939,0.43372795292929256,1
0.9780656524975085,0.2480272302005505,0
0.2894819442581642,0.8104758511870105,1
0.4950773648316583,0.4883282555996681,0
0.4741808701113017,0.8994251634245706,1
0.8824356907307798,0.20526552966179334,0
0.705556404488837,0.8862172656921621,1
0.6299071514394748,0.3176840949107165,0
0.1971104857011894,0.4328443750793144,1
0.7414987541736637,0.2739141592539531,0
0.3103273663384416,0.39132632385326593,1
0.21096434189563118,0.06621890663180374,0
0.5831120303540466,0.8598971174561104,1
0.315832646093021,0.1351854999568447,0
0.04152388947662533,0.9929698130884896,1
0.8906759805347535,0.47095599488823103,0
0.26304094617682217,0.3883258818420675,1
0.6888383886149423,0.6647352998914862,0
0.44517949761999764,0.5395412803962875,1
0.9770612763482828,0.28070581812759754,0
0.03774075346308903,0.40513444472926863,1
0.7659925093680904,0.18657963887875018,0
0.46974610557361574,0.8649231238282862,1
0.37621604957718324,0.32347503706343683,0
0.006503676362093813,0.5779776600687255,1
0.39974411416375,0.407533355422685,0
0.5051736565366842,0.7666401449946603,1
0.5911252585449709,0.5482662698619939,0
0.6942070934080392,0.8198480798657164,1
0.2418782572181506,0.1360049054116801,0
0.2709349448649073,0.4143467012067854,1
0.9918495782993336,0.41472970826417366,0
0.4247603833016881,0.6210578474984187,1
0.8241333703479368,0.8680790785370338,0
0.7631307040619133,0.8795139076675689,1
0.6331549329368422,0.18615066820519532,0
0.11750396418511411,0.975158100071507,1
0.9070899865086754,0.182039982142309,0
0.49798396055072425,0.5857239697702779,1
0.5078608430274465,0.021627935457373737,0
0.13284402218165903,0.7521368257325102,1
0.6752722649785677,0.17737842743433985,0
0.4024443527948637,0.9027350016305614,1
0.7191446564344319,0.1960043257420142,0
0.17643829809874667,0.7066672164093889,1
0.8914032189959646,0.590688166277856,0
0.10379246353912319,0.40924529501189266,1
0.6620589627433268,0.229557426292198,0
0.6181834543652712,0.6992010109810025,1
0.863229326390075,0.01814816895968674,0
0.19265381599188147,0.8687125746918415,1
0.15981278181988245,0.029671838361510994,0
0.213031421775687,0.941659687623505,1
0.8587471740164239,0.4798163535410451,0
0.2930974403421345,0.5977121194963242,1
0.6968992278230056,0.2566207222786593,0
0.7579676419166932,0.9465479466515875,1
0.9765758243610858,0.8714161086730787,0
0.072265262902942,0.28347330032833395,1
0.38724813363662625,0.29106838169499205,0
0.26278312301763085,0.4615391795870235,1
0.9310782956161585,0.33354126832872366,0
0.07318646768519188,0.303994003341155,1
0.8481178355147425,0.49539983034234103,0
0.09757180535541643,0.5634251403286231,1
0.4630340086579531,0.37875645409387304,0
0.8023895398401609,0.9897660382656973,1
0.6996366574838069,0.568049448832084,0
0.6092123853632383,0.8546056806107477,1
0.8888621208177073,0.3779776497273921,0
0.26757442451406044,0.6486496720501742,1
0.9934531310034405,0.8136625304439026,0
0.5249743585623976,0.6682329438783635,1
0.6161368097626009,0.6453663269706648,0
0.2772760581817624,0.7472935641891258,1
0.7320539870694803,0.31453491865835936,0
0.0902964522450187,0.7900453931993157,1
0.3858146260043738,0.37252843844793737,0
0.568571277661731,0.9891703257645713,1
0.6042220167537581,0.49066316991466175,0
0.25478270883716614,0.3860341241553299,1
0.9471321044301937,0.2622949789550839,0
0.5945002047992931,0.6508098018122392,1
0.5547736745845683,0.40578309113487976,0
0.22744417288505214,0.6380860086679401,1
0.9316672907851259,0.4776166715664806,0
0.582139905159119,0.8997776644147835,1
0.7538844957700482,0.3913506792016582,0
0.3527453286086406,0.41297809872875246,1
0.9203374348216699,0.5839174327121636,0
0.031982096268148186,0.8038906297251034,1
0.7113609851435146,0.02880006286587189,0
0.34809253939893614,0.4766541457590857,1
0.8319364194974841,0.5508437920501987,0
0.003476289842984759,0.7463276019867738,1
0.8064257934169958,0.2905829011963085,0
0.45017152344441913,0.920597181313125,1
0.46774254500902135,0.4454358443237081,0
0.17266589993911463,0.3684901553412273,1
0.9216071637072097,0.000994868390040815,0
0.05848565179251364,0.3916096504671469,1
0.8076816484322195,0.9034307124206356,0
0.5102444820366224,0.7026314882010605,1
0.9218856222956083,0.3815761099668181,0
0.41747962638143754,0.5328194114658201,1
0.7478637656859443,0.48678054742387433,0
0.2533763046273325,0.34680002733412607,1
0.8113875030678874,0.7409477138388476,0
0.22444810528178427,0.6529741876359293,1
0.8673092505789413,0.2659713468231074,0
0.035471275210262054,0.17636965320072007,1
0.8523910880636664,0.664623832383013,0
0.08531560269484106,0.5147857595123556,1
0.6863166305927724,0.029599290009685975,0
0.759841159032231,0.9863741658757804,1
0.45913813824790406,0.39202969746153016,0
0.4727304699150574,0.5763216535099087,1
0.8664109025045159,0.47669243704284003,0
0.5312619387435036,0.8476352845743484,1
0.42535211140563256,0.06694259430867155,0
0.5569723476244223,0.802853045101024,1
0.19380431623815686,0.11690429396288449,0
0.5804429594824747,0.6297881104328282,1
0.7340495052391341,0.5626613707016604,0
0.25860673431137415,0.6927416446340343,1
0.22906154627130526,0.2278214896767935,0
0.33723478797249207,0.7729639460302163,1
0.9135299572741927,0.3475591110402132,0
0.10858229662253782,0.43446322251048797,1
0.49774412085264874,0.14675894463068528,0
0.2539304076720986,0.9891188620498551,1
0.09331666841890296,0.004221807929900456,0
0.04940627714362811,0.24800928863069138,1
0.2817652731485598,0.07485854981196349,0
0.2406851834822311,0.9933135286359287,1
0.316575424773442,0.13328076631654728,0
0.028310316773205835,0.2364194882179913,1
0.8838345391434617,0.8891737772239244,0
0.10315439680358274,0.2842131472104201,1
0.5412391837181424,0.1523218153913679,0
0.15591014414396853,0.5508471396496442,1
0.7946441238242087,0.19476845235457274,0
0.07849035288912987,0.33317145978386575,1
0.570573203704794,0.09407149682183946,0
0.03809650380786089,0.7063058819636263,1
0.2504417356472648,0.23195289153587706,0
0.370317987947285,0.3849086958605126,1
0.4294561914359821,0.25445245265169836,0
0.22793155805611787,0.2601280556690202,1
0.5723672596280781,0.022718233064313198,0
0.02830820246488408,0.33661344999734033,1
0.6398220925666833,0.03331591062853989,0
0.10212304895689661,0.7013273294203046,1
0.6504913856883917,0.29678101977432303,0
0.08730804478607301,0.6860319126766786,1
0.5424283787703872,0.5029566439883606,0
0.07060019844156795,0.4175197351999451,1
0.8948780816797786,0.5821913883114963,0
0.1534442154147856,0.7709467100795443,1
0.5389402439522215,0.4313364907971251,0
0.31855469177019435,0.44910345416508357,1
0.502146553093477,0.11987231614849403,0
0.15725490278332332,0.8640607256124393,1
0.9983313534504556,0.29562380721097137,0
0.30944079228963406,0.7253235909134188,1
0.852413159009428,0.0992434810833237,0
0.08293922115980268,0.9881062259669798,1
0.6777764291476108,0.7241028615475433,0
0.26486237006719715,0.42736597203412274,1
0.87863898091741,0.20485222606715847,0
0.03802373337630327,0.8593808313192755,1
0.7916565073736901,0.09031950660268018,0
0.43542720289814807,0.476394233962682,1
0.8590346339004364,0.6304217951443675,0
0.2013858918089917,0.2833543764123102,1
0.5299426035216317,0.11404341685267705,0
0.0941557329812045,0.580181044557929,1
0.9234772304346549,0.28605315461805936,0
0.3631654773387376,0.5747353105655768,1
0.6626750390937034,0.25821626564686817,0
0.21263751653147311,0.878753058273237,1
0.9737514423580187,0.3669393697276023,0
0.27367628543101896,0.6685592174522998,1
0.8370657665466249,0.4741272501361702,0
0.03732334845271312,0.9508219119047362,1
0.7249026397168047,0.5592961606202516,0
0.02489563432602382,0.7622005690708696,1
0.28804792827466696,0.007500067578000369,0
0.1854879805735028,0.23283124461089066,1
0.9109317836704472,0.12018060741053116,0
0.21726273964849918,0.36100759648477576,1
0.6647328406843007,0.1487222811986032,0
0.025888924646909506,0.5271307638524828,1
0.4110614633370755,0.3177412772233985,0
0.5446563949565951,0.9295342821596991,1
0.8074492693845763,0.12460117268243753,0
0.010948688838111065,0.3114481284671763,1
0.8657129079201471,0.4403788054081209,0
0.5531812965105036,0.6227281016470274,1
0.8737584942099949,0.8151061256964877,0
0.22880440223088405,0.5098795379564648,1
0.8954448306102413,0.8438212686546847,0
0.5470262569451706,0.7369142585355118,1
0.4722536647107106,0.43212013347161293,0
0.6026453318566038,0.7256178264790965,1
0.4921237893754987,0.21466719928303402,0
0.21188736175385003,0.5112188470043586,1
0.7343977812920552,0.41027331595263694,0
0.05160675131571757,0.8416936581266851,1
0.9914382882825867,0.3388696100977421,0
0.32260443223188573,0.7832342188805815,1
0.8360402993283852,0.9831044439339331,0
0.19275730309804906,0.7070092566802887,1
0.7604341002924864,0.45899596863953873,0
0.4919180414411144,0.9607733097370309,1
0.5634801603603459,0.5252664641926932,0
0.5318053399616343,0.9422851022435771,1
0.5565606815689447,0.0276424550705775,0
0.511593062151836,0.8216875593270259,1
0.5738245659252823,0.39498653196001177,0
0.4861843262917819,0.9720449504835781,1
0.8390827863739837,0.18793548438768437,0
0.3086301223482768,0.3296926904922559,1
0.460627325547325,0.1289111097672906,0
0.6180314011465248,0.9170735148459461,1
0.6344217780886741,0.18959684297263046,0
0.2854963152500195,0.5394176875928995,1
0.9562871006406372,0.7464177292899185,0
0.13294530731301746,0.3595312100056778,1
0.10231143348967431,0.05730457319129123,0
0.321931149953671,0.5595499738972375,1
0.6175409118078304,0.43437140191638013,0
0.40445650132895283,0.8760396515569588,1
0.6754062528549072,0.45206101307994695,0
0.18320138352864124,0.5062834326462398,1
0.38985437813425994,0.19876244191683523,0
0.48930598100302625,0.24301286868133054,1
0.611742981650953,0.016139813475214204,0
0.03322675224177307,0.821725680197834,1
0.7755813465543683,0.5625117350080455,0
0.6448811077000661,0.08111462948533266,1
0.9371118892582513,0.8162043477469507,0
0.3327294387836116,0.6155051425159884,1
0.6740941051412567,0.7226646096059994,0
0.5642848516188242,0.975584828717943,1
0.8235796980423075,0.9501933553664047,0
0.1330457521502767,0.17689490083986525,1
0.7941536155656821,0.3312298043190878,0
0.7705403852210888,0.8416273889622207,1
0.6181454856532395,0.48322123952932927,0
0.12820830985610243,0.3972493801078206,1
0.4800427310788511,0.5215339444867784,0
0.14208904609744566,0.9939617312987175,1
0.8736991154259605,0.5143229962272448,0
0.7256417205038087,0.8664058301643415,1
0.807546312497932,0.5025580493788505,0
0.09651601311332703,0.2347913891345137,1
0.9437349061607763,0.42613938820316233,0
0.6083670838450966,0.1667230755529916,1
0.3925517548930154,0.5052490636010815,0
0.40924787327555745,0.8521326432738514,1
0.5326335257731164,0.9907062812637706,0
0.32397547160942897,0.8635412577872819,1
0.4616317138070495,0.5803194428094066,0
0.3695114552272435,0.04078420407136896,1
0.6706792486454017,0.572713825848794,0
0.0035745714906344483,0.05827538755913664,1
0.8472455776735848,0.8225753558019513,0
0.02916732336004524,0.27710671126269204,1
0.9863885736599894,0.1410571951523948,0
0.014262387299254886,0.5062728843457016,1
0.7972164748336967,0.74043566562142,0
0.19159146465196386,0.12123727652722971,1
0.8243015577843764,0.9741277236707223,0
0.529295255394594,0.8480546247966063,1
0.9488686175468147,0.3811677376190439,0
0.23297622177989874,0.9468218614896973,1
0.5789454336662446,0.32337333476927166,0
0.1505799078765837,0.42899991338096555,1
0.503712585281712,0.45626465272214745,0
0.07542233305683943,0.55956709432646,1
0.9254541040473263,0.6721883697827159,0
0.3962105139037143,0.9014160578977194,1
0.9217471931473337,0.6255601283327074,0
0.18874616013494572,0.05681152611342244,1
0.8952337746048928,0.35591231226813724,0
0.1443085053258355,0.18763287258933747,1
0.3353266167283435,0.5901251103259834,0
0.10800626929292179,0.9429519216133937,1
0.46698254611233014,0.607956596656909,0
0.07151878834859926,0.3707134024549962,1
0.6220190187823708,0.7014308575267832,0
0.3819899878666072,0.7919403593593451,1
0.6483109236119483,0.3287489938507574,0
0.594600250175759,0.7272460493619671,1
0.9241885419452404,0.149609385659925,0
0.2577498080850128,0.2136456088719466,1
0.986901664526248,0.36400271381380556,0
0.022056691197844813,0.1841374395686617,1
0.5532834118778733,0.9830299474762745,0
0.04443563106973669,0.8208347169913321,1
0.27811281526947396,0.4228405513653556,0
0.0020504012670861105,0.11179186052453016,1
0.8952696373130572,0.6534015871408146,0
0.6260157994133511,0.2069100542974549,1
0.9080210074150826,0.05307537866334211,0
0.049204925758580154,0.7777919786991561,1
0.9243610227823952,0.9249433116760702,0
0.4632509422027239,0.2933776952358971,1
0.8989953209280169,0.6173343769782741,0
0.34874777754373243,0.04102376892856063,1
0.4646157951828882,0.6230649918298085,0
0.002162948897367234,0.2856865946889483,1
0.995286858445413,0.584462150746823,0
0.39372342092258217,0.9944642301439609,1
0.8147354078036071,0.32365561995198877,0
0.19889488167017422,0.10439892763410841,1
0.8163048438261197,0.7073057217165878,0
0.3712304763458456,0.06659860776588544,1
0.9855901971421466,0.33808258181673656,0
0.02858168339542544,0.6111929749330048,1
0.6696439789019596,0.49310611620522093,0
0.22283942329897932,0.5607600076241139,1
0.8496423235012157,0.37014807023537033,0
0.5966708059772505,0.2965121289532384,1
0.43929638863786846,0.401885083638012,0
0.3467701714436434,0.7410581585082819,1
0.5441182768970332,0.6355665313017789,0
0.3654519547744638,0.08015423502943675,1
0.8620310571337548,0.05995537854265187,0
0.11862593975455038,0.8250926100591099,1
0.7621989348640335,0.0706036871941692,0
0.27799350642144627,0.8093898081853366,1
0.5342826884651148,0.4325867728826547,0
0.2523898575995328,0.731528421733816,1
0.2399956581430348,0.5200951902151706,0
0.11056276579651281,0.724598624919088,1
0.7524472255032614,0.9225968850371885,0
0.2256176870426413,0.9367411435113328,1
0.728777815182075,0.6012090888744053,0
0.3380634770066069,0.7954573997476865,1
0.7811178506661477,0.9775211375869183,0
0.1932330411724117,0.5090131952634387,1
0.5609923161322643,0.9939089398782374,0
0.31760064762244566,0.9001244090810099,1
0.8119759167739852,0.8827679082722586,0
0.7606706864808673,0.146478078390482,1
0.6886099230930135,0.6998314965984502,0
0.4684397041051864,0.7139610214056431,1
0.7870908716848716,0.7849352371909101,0
0.4114944456825673,0.17624569179448557,1
0.7394750060897924,0.541639088388036,0
0.326431961486205,0.15761225411939916,1
0.9805425185452429,0.11651107442728559,0
0.5226090775284962,0.10546380790450038,1
0.3828252868471388,0.5768338443203119,0
0.7407139322985967,0.20404278990150482,1
0.7997383713842435,0.31934045204298867,0
0.6357862812701472,0.7617864136447607,1
0.9823868336046856,0.8505592627367582,0
0.5513116082436669,0.17459308198186663,1
0.785883876087244,0.9075966141058405,0
0.7086692102453023,0.09333920339657131,1
0.9556765408672215,0.660157800607033,0
0.0006890448518209746,0.19669136004120036,1
0.7993808688855992,0.7946572917266475,0
0.3442778555962941,0.15133658530673477,1
0.6847627669895179,0.33993716001294716,0
0.46858542440756135,0.8291153509013978,1
0.8559554766037537,0.6249271213578091,0
0.42635314746103703,0.6661455842183862,1
0.38065049833235454,0.5828915497830927,0
0.1910776562783243,0.27888996544770883,1
0.5237767096715309,0.5933079800034425,0
0.7427793520127091,0.803721493014923,1
0.29118533222159326,0.5028073574099973,0
0.33424853359069995,0.12685706066417368,1
0.288665707280644,0.4589122601679234,0
0.05657013548150236,0.06608574568015846,1
0.45582222991691324,0.5859573383077182,0
0.38624591237116546,0.1700698282650972,1
0.6670193806792458,0.2952364361572287,0
0.32130110389630717,0.9143724203607948,1
0.5011445209675656,0.39961167554063726,0
0.09026246481346045,0.24077878015503418,1
0.7400039904529093,0.4754480748083867,0
0.4295430510413145,0.8811158645783095,1
0.8298521139570375,0.5099849517144457,0
0.41054755427921963,0.8711195765467734,1
0.5396560107178587,0.4878430712254107,0
0.6247421041406352,0.7416313156053304,1
0.4135211175675674,0.5301348031993857,0
0.627169797404463,0.7285736111174863,1
0.7703534183792718,0.01427172174035607,0
0.11700694548749024,0.12556716517435385,1
0.923719903344026,0.059645786247852106,0
0.46167877640719557,0.9396104103631081,1
0.8002176738070021,0.7837195338494409,0
0.15174376604328443,0.7960678746432232,1
0.4866051665178819,0.4262893147593948,0
0.15200114572639012,0.12721266803723008,1
0.8046546617809719,0.3106758095886816,0
0.14349293707601496,0.6933923556724161,1
0.633075485829055,0.3014799542435157,0
0.7342947753880675,0.8500160797193002,1
0.8241799322282721,0.24097290378327296,0
0.24892134779979103,0.29739382206173626,1
0.29244423304650224,0.49579231345548935,0
0.04344677736308045,0.7670691013692557,1
0.7204270303153819,0.4418664130428501,0
0.7267437528117727,0.8978129450191735,1
0.7661831816894081,0.9350457048587071,0
0.22185300697234855,0.9383693289067474,1
0.8619777035499824,0.9588239772320443,0
0.43184838268434167,0.9203156465754064,1
0.42376231791765107,0.5932213862233062,0
0.7012710991093842,0.854887259136463,1
0.8898130107815989,0.42888946160660646,0
0.5714626919409082,0.9689308748205141,1
0.6790054199697131,0.9718397914155236,0
0.14080518682766408,0.23348121924215115,1
0.8675455678645595,0.291885803898545,0
0.13673501829552503,0.45775407152526704,1
0.6981543846368629,0.9616262498581881,0
0.5964038214711789,0.13173322315013059,1
0.9316979159310972,0.33847726168932335,0
0.2135439901202162,0.4268839614327815,1
0.8858703181828612,0.8860666898503566,0
0.21524217260575096,0.5964300417027388,1
0.8429681497534409,0.285688043617504,0
0.16507858149423782,0.37565124067809286,1
0.6184921585305092,0.3233466300850003,0
0.12066040264259181,0.6076095765922221,1
0.7813966475806244,0.5657870908325379,0
0.5268933633106719,0.02881849595052033,1
0.5652499364179359,0.9966552895079468,0
0.5673690484237859,0.21769615761514627,1
0.30489401462157706,0.42466059634602693,0
0.028210424066057005,0.375463673315628,1
0.8493608098480508,0.3687662333749422,0
0.4551463480663638,0.1013264033992829,1
0.854940305253703,0.07843368979977827,0
0.03340215377044986,0.6628375657118785,1
0.850507364506206,0.2215532637741392,0
0.05727875609992117,0.9247665588874668,1
0.8276628895273562,0.019208358786026003,0
0.07924539460021551,0.9280658936837878,1
0.8017346769087594,0.7916023795884105,0
0.15899154374983127,0.14298797452190137,1
0.8848101201343063,0.48144470050762034,0
0.6565620762483568,0.06234100156867528,1
0.7821296584613635,0.6220998736822867,0
0.2797952487492934,0.902494692686015,1
0.4237031948594776,0.40567578122053494,0
0.17981562758581893,0.7136553107122361,1
0.9193757185879826,0.9657791578552168,0
0.22768757903654357,0.9644315723322001,1
0.9179587221784038,0.243721704025054,0
0.06031918784068535,0.9425474562130155,1
0.7392471126865322,0.3925860869493688,0
0.004215403641697701,0.6087039091377849,1
0.9088229623141983,0.4223261460330019,0
0.0972169060314757,0.8324347090504539,1
0.6064520844967738,0.3645070193895319,0
0.4499563910576877,0.24195696441176628,1
0.7648385095808342,0.30710980563148327,0
0.6276620171109615,0.8991566093303688,1
0.9705119732005435,0.21020298297510343,0
0.1105492950128929,0.12716685505821435,1
0.9463629464503349,0.46747468448539187,0
0.5017001675804149,0.9292910637604823,1
0.6139397918544269,0.3138575090439386,0
0.5422673315056012,0.8529751163926627,1
0.7788719328250204,0.5373960819589546,0
0.22820307510678806,0.6754915810583055,1
0.8549980385315966,0.6704632837954845,0
0.5017451394743313,0.6750087591369331,1
0.7775878416805099,0.2459884910663589,0
0.40298562506417146,0.9257072760863615,1
0.8329792523842954,0.01713970918987584,0
0.7061761954167007,0.7542477824608353,1
0.9669858507505491,0.013322028757181248,0
0.45588125168811977,0.9039154392572772,1
0.6713954996021548,0.9577787717040384,0
0.30779253694472497,0.280031924835634,1
0.799971698855315,0.054552751602647054,0
0.5859596243785431,0.7425271930115573,1
0.7876760734586206,0.7496315169839398,0
0.16512813198629295,0.6377514060225086,1
0.8496241838030021,0.2309257359459398,0
0.16380163563276262,0.10420194232988944,1
0.9782965455314642,0.05355935361408748,0
0.29093814068260926,0.7128055928766106,1
0.9343558278487284,0.3347496085095525,0
0.10901203035119023,0.02036782797302683,1
0.8916599267734099,0.40490203995636387,0
0.7322365318920875,0.8356819621140319,1
0.9785426575832227,0.1164507817763466,0
0.09001587917801435,0.17592373448210674,1
0.9967778581983613,0.30999468055855706,0
0.09947461284894188,0.010576315603661679,1
0.8565045923799173,0.5170126367365857,0
0.34437638684521477,0.6459992259198244,1
0.8800578966710177,0.3964436002009393,0
0.5961652493473024,0.2800684899291098,1
0.9016328103035991,0.8915338190290493,0
0.6735339007394082,0.7452732224233569,1
0.3271109609397437,0.585894814308274,0
0.4791685393590175,0.6672312915302205,1
0.987206160266423,0.21779889778700146,0
0.08137496321380133,0.5135506522804033,1
0.27949643448905326,0.5296351644553996,0
0.6320352286849055,0.7904146423483073,1
0.4524730321988495,0.6379860896549352,0
0.25446571116349537,0.0740510281752087,1
0.697165741653216,0.3711002627563448,0
0.36064515195519187,0.8653237097661235,1
0.9324986502621041,0.9939760242813744,0
0.24691554032173013,0.3518780075302713,1
0.9546081532499893,0.7136586277529223,0
0.1246634581833459,0.7258860041900306,1
0.5066629171355118,0.5431407577814328,0
0.5659023963408412,0.14278558574123967,1
0.5541716250194286,0.45533094429930476,0
0.17158356034049682,0.11020022534793594,1
0.5055259255410078,0.6263103083588375,0
0.0326822364880075,0.21918689811744707,1
0.7921435655779065,0.6605779585449175,0
0.7567947140771701,0.13843279743718517,1
0.7455583675684335,0.46455288663847616,0
0.7064283732896722,0.8692198986321755,1
0.9785600113422928,0.09253489564973005,0
0.4352124047115089,0.864358199566986,1
0.8224136883167708,0.8511621097752106,0
0.27752803323301545,0.31800417787827095,1
0.971834508241897,0.8973873198839882,0
0.10194468532346368,0.13499590431158637,1
0.39341560246891083,0.5362723203414219,0
0.003402112726737516,0.43235780823713854,1
0.3928240394373732,0.4609483030828526,0
0.2777507673066054,0.25358263632587486,1
0.5669440387352357,0.35406029134749817,0
0.39741889967897304,0.8614920775987596,1
0.6870819307494277,0.4028692679042155,0
0.08340928612878973,0.2558883961158055,1
0.9709867078792327,0.45826743007313286,0
0.6507148369400487,0.8773369838380459,1
0.602423220768945,0.42648218092898127,0
0.6933104452482439,0.23367488485523547,1
0.830923879470779,0.5513178566504385,0
0.3076453492925133,0.06200521110738044,1
0.9887850843401795,0.7190902963005767,0
0.4594477189139671,0.1307062416247584,1
0.9647506180847104,0.11066710172183891,0
0.188560463750038,0.4560478086529616,1
0.7624535226743955,0.2534082244590542,0
0.2458026228902479,0.996792135202207,1
0.4164338180782048,0.5136778925119594,0
0.017947643838429728,0.8077194067671869,1
0.8954274616140826,0.5159870391098111,0
0.7113112576426422,0.0900322178616696,1
0.43287637344646257,0.4448230571455989,0
0.009236612545595713,0.7657052147063174,1
0.7629999608672193,0.25428196291352134,0
0.6262256458406645,0.1462092777341223,1
0.3345757806773412,0.5140023329925225,0
0.21998571805287515,0.05373762090895451,1
0.7952453623000425,0.06857374004966321,0
0.331144535905775,0.6526706695584248,1
0.5015699644387882,0.6592763226115679,0
0.20366167594999296,0.9807688928674937,1
0.9649369366260462,0.6366036135992924,0
0.5388068771761927,0.14800242716270762,1
0.6902439083738424,0.47891261780651195,0
0.008364456190849356,0.1951962873030929,1
0.8488474699358501,0.5921688492059671,0
0.5358926519164412,0.8960968316440465,1
0.953552555102818,0.9283516361417836,0
0.07290975863959193,0.8301198260301262,1
0.8280405826650992,0.7713749831578455,0
0.512053981232202,0.2806749190228257,1
0.7103340833499372,0.26058564728788025,0
0.1217263347209534,0.205055907009966,1
0.9336535582975903,0.6026808236964767,0
0.3888783227252167,0.8258446528702617,1
0.6763751971204071,0.4075662457327769,0
0.5838309830224366,0.15887267204703637,1
0.6530698611191029,0.010410947194012365,0
0.5273930433796488,0.9450777967772813,1
0.8764565421408336,0.030558409530317743,0
0.3117215869062874,0.9817869771170376,1
0.8009814972007281,0.3107929501334752,0
0.5306071865570448,0.8842811401936249,1
0.6194420099374491,0.5642820849360114,0
0.339971804160926,0.9504962782282371,1
0.8649757430898504,0.9508931584079139,0
0.5578302403548625,0.17009532364247182,1
0.9075845387945982,0.8575996020014502,0
0.28237002057683946,0.1081595919195043,1
0.9816196380683471,0.2705944063987229,0
0.062593130516862,0.4229849096268289,1
0.6718653900245393,0.4985292997535631,0
0.06937899241561762,0.02593211322025768,1
0.6946556537925961,0.6429312460491959,0
0.33949824619150026,0.32998815494712663,1
0.7014547074711199,0.3096094248584824,0
0.13826844166895202,0.645433750979193,1
0.9565548029417216,0.22672827291188336,0
0.6574819639457399,0.1516602494794016,1
0.43582015264101703,0.4617170965622768,0
0.03729052034640945,0.3771875801021629,1
0.6876309791203808,0.0621229352776449,0
0.5875644556151876,0.9668379970905803,1
0.7418507024299851,0.08723352916801874,0
0.43339081579569394,0.20877262174027367,1
0.37419837656323274,0.5223921887924651,0
0.11038947970052038,0.08399383105867875,1
0.8958899201432884,0.5093213612079501,0
0.27314931222112593,0.4184805624556067,1
0.5619725387642415,0.5398977449717106,0
0.03046911035753319,0.6034735677288883,1
0.3451864277857192,0.5531013518519545,0
0.1845117555198712,0.2845216819392926,1
0.567092724669018,0.012654643829566936,0
0.5071586055619076,0.26807291553339363,1
0.5697271638272072,0.544907643670258,0
0.3049248886138849,0.8754443972170834,1
0.7884251048968003,0.1349802183143023,0
0.3324653760610574,0.9418616856888888,1
0.8096935900936614,0.22442057396058945,0
0.2349502921551262,0.102190417391259,1
0.9583870053523551,0.9261467202437291,0
0.6845709659599969,0.8861384564210649,1
0.7637562048423505,0.3929102017121743,0
0.11176794182863992,0.6262706337145689,1
0.8321705528294122,0.5971460579273501,0
0.2969042724624067,0.9923578008133513,1
0.46083239291612166,0.5178609786103934,0
0.28552581094358986,0.7961902632108124,1
0.795574996413159,0.6167792296439196,0
0.7182526151191527,0.8555910730813293,1
0.9484296082969116,0.6235808706843565,0
0.5312223500857899,0.02470128004273675,1
0.8267542764685863,0.6911598594554745,0
0.5512018185764043,0.9367433489779347,1
0.2498778260101291,0.5455590326173383,0
0.6142241533670273,0.25107168654543066,1
0.6013777714064038,0.502651604724272,0
0.2638897605643089,0.10876594868498113,1
0.9703145066026183,0.8075934488600862,0
0.5243307541579478,0.7062244955733997,1
0.6606417512930192,0.33040319421425124,0
0.01481707498052498,0.47905418807593003,1
0.7344418033229747,0.6473343873002071,0
0.26748334134047125,0.7607636999589525,1
0.6786529533699465,0.5479659801359752,0
0.44273982567074666,0.9996573182964162,1
0.8420371966186952,0.9629608496965432,0
0.22065862729744057,0.6913609305937105,1
0.9291810720437834,0.06199292909264131,0
0.2999520865120687,0.28687550054352673,1
0.9942461924544392,0.2792686560702611,0
0.5146269971780758,0.2190010376324577,1
0.9144815070449146,0.9085533099255452,0
0.4571499945515993,0.28847618957803534,1
0.998256317226924,0.7690809965736676,0
0.38550139388897164,0.8239408688148692,1
0.23912154478508985,0.5259908789714017,0
0.28024751735787645,0.711165890296722,1
0.7261141933287182,0.4446127414507901,0
0.6682015577107686,0.7607049148004609,1
0.7488981903052949,0.49517173338375853,0
0.054142860045453656,0.8424191278037398,1
0.8223364812412411,0.7501177709822369,0
0.12959812570625673,0.5021954999382203,1
0.9010991145006007,0.01151894790664465,0
0.2296905427260274,0.941856272975473,1
0.8578977645329809,0.32295065200892914,0
0.30776338783012125,0.6364195654717554,1
0.9496774814025383,0.8248785583784145,0
0.3437843026948463,0.3185894562336622,1
0.896740916543429,0.9389092289967191,0
0.33279658910767174,0.08514193854292529,1
0.8200118251089759,0.8719322634482476,0
0.36570155405290095,0.6291810044293744,1
0.9265445701352529,0.8866320175616577,0
0.2942600924356388,0.6788066246127833,1
0.8083593577895475,0.9597757232188058,0
0.6838549796569802,0.758278761327379,1
0.7485903317651093,0.30413836512203873,0
0.4079967437392399,0.11130704643734923,1
0.9776395770960858,0.6368424683521633,0
0.09783277563470016,0.1310079673883071,1
0.9934956321415982,0.5719864313518004,0
0.11947679525409682,0.1718415072164945,1
0.606029838076241,0.5788656776898224,0
0.2048280092295527,0.05323483518421024,1
0.8763190435085259,0.2877495597210432,0
0.24113566074304338,0.1355625394462736,1
0.9165355606069614,0.7156456193658062,0
0.09145901145678903,0.7508267549653437,1
0.49538817339265295,0.4812180443152789,0
0.14450371827392627,0.4620481935401224,1
0.34465539408317014,0.39736890485232323,0
0.6789306244667285,0.20786511835906074,1
0.6192841260190777,0.705786306022402,0
0.04863455158818275,0.2914420026875908,1
0.5445382834568626,0.6149144163863791,0
0.5296135727806449,0.1931470330329157,1
0.503438199277171,0.9997706035565241,0
0.05159712790237747,0.8895959351285643,1
0.30621889398115687,0.5626887829176009,0
0.24343088880549002,0.13883989141099673,1
0.606582223946294,0.5187446138144438,0
0.4745357066618946,0.026824298074966557,1
0.811803896922521,0.9589677840528531,0
0.3938726864979133,0.34414023005237215,1
0.801380683639469,0.05282424425903132,0
0.024857201361516812,0.9777954569559613,1
0.8847393449231014,0.4590554576163368,0
0.05750992454580095,0.78541933169527,1
0.5044661691754393,0.3950182064046821,0
0.006288769303044894,0.5283499657941441,1
0.9704521836891806,0.4909477925806045,0
0.01919955128226114,0.7924459307973397,1
0.742263886028586,0.9401553095276444,0
0.09973690848642802,0.246548150283875,1
0.527573612531034,0.006346029901710737,0
0.21109610454554217,0.24294101901225873,1
0.497052006757832,0.40548702222330757,0
0.022923576287338543,0.5853781866513237,1
0.5380897516098133,0.3510581850359832,0
0.5955573607403065,0.08287306978643105,1
0.9123409657716166,0.0219174246677859,0
0.406076075182079,0.32121603189895975,1
0.533083807158332,0.608768369702641,0
0.3874514428700744,0.22384747424269846,1
0.3217643632772025,0.4845540940339522,0
0.23350987332244322,0.18985416281832468,1
0.8013056280436117,0.25612419320375646,0
0.726361321158905,0.09439143593080446,1
0.9439325252548911,0.7913895554548392,0
0.004487208019413602,0.15550017613536637,1
0.6399195561786838,0.6503598464436612,0
0.11889324684213765,0.15383242367915795,1
0.7626269655184621,0.22681978240326883,0
0.35324204707202667,0.2608175884494782,1
0.36368715419158215,0.41779765606460517,0
0.44665790718470055,0.9673372114093549,1
0.3313331821684753,0.4358592792245015,0
0.18318288268890637,0.708681262352944,1
0.9566161537352701,0.8995035126763075,0
0.323318715479185,0.962223782085224,1
0.38858889287821907,0.6255446488159635,0
0.13470521202040564,0.1364576320620996,1
0.576920344986353,0.6848693516840014,0
0.22379917333250765,0.04831578266451464,1
0.9308222295238099,0.2681842430432452,0
0.5969596015037049,0.8927442878373978,1
0.8962258364016027,0.054663086921302395,0
0.03341165284372549,0.2900406062768027,1
0.374565145467762,0.617714616187964,0
0.04182877911211047,0.534988691599957,1
0.8071928822807035,0.25497226206337165,0
0.2881440447278676,0.07054948025577457,1
0.6307257783674171,0.5693181931781245,0
0.2926338476869673,0.6826137987876599,1
0.7402483602798493,0.5666233527920718,0
0.42498942180754573,0.7339812032292666,1
0.8865954509814508,0.333944438223177,0
0.0732270501682688,0.37143737910453656,1
0.4772420207284407,0.36080068660033204,0
0.6785519351558448,0.8825540085298655,1
0.808176788157888,0.3211389271232469,0
0.051897563059812746,0.1890126922012958,1
0.9556725387191869,0.05748972787563966,0
0.2504315082106706,0.6013960479423526,1
0.8681386499427199,0.015503264735196143,0
0.16413746878484836,0.5548554829824004,1
0.5606349793063974,0.34083170858915113,0
0.36870794937559803,0.7250668189487394,1
0.8742619620639283,0.9672383565122546,0
0.5929056992494438,0.8160839376700578,1
0.9446478724042028,0.9664135176668075,0
0.07309793696750111,0.9752989130950909,1
0.22409715867562963,0.520028921030319,0
0.10707410956193808,0.18459022627838484,1
0.4212852083034999,0.5289682446596875,0
0.677888038246433,0.14297742039414862,1
0.8968392785655823,0.9952179187238939,0
0.1695351306719356,0.5048638761692279,1
0.8035225725289672,0.7971803893064402,0
0.210020376424774,0.9805862211418926,1
0.831258528963906,0.7392215947569654,0
0.665543129708303,0.8484779335869224,1
0.38732637964669026,0.5058686258432997,0
0.059935497496746315,0.5838180018099827,1
0.7626537392069562,0.7442382408661488,0
0.06514217287900759,0.8030558942272363,1
0.5028969395596407,0.4113962594631039,0
0.289080283876043,0.1910067342646925,1
0.7979114647732602,0.6509926470338512,0
0.1649330617225533,0.24179278721410513,1
0.8647973495326383,0.8997311730435137,0
0.16825692362225098,0.6653994123635383,1
0.8051551250101449,0.39470703235007987,0
0.549498434885744,0.2533333350366961,1
0.9151375341631863,0.8936404295319679,0
0.776230005646782,0.8371987992738936,1
0.24400720607413595,0.4837920386335419,0
0.6090125816222619,0.8560219317134609,1
0.39984389142206644,0.6179323123899653,0
0.3921372565680359,0.3264569339770921,1
0.5322878209622135,0.47320250626074367,0
0.7555226512762444,0.173754084638453,1
0.9259380824237615,0.31364237606268963,0
0.3170722366946801,0.03597541822414685,1
0.7983140669027705,0.08516405334033539,0
0.7318403787168452,0.15242650752568487,1
0.980791911321712,0.9902374193345456,0
0.33914253093406643,0.26808418180660865,1
0.9539350918259437,0.3824978532100045,0
0.021315651881802178,0.6120776879577908,1
0.8298067003366013,0.5065160400836973,0
0.7106287565857486,0.8856016940946554,1
0.6335967545213265,0.9695211967071986,0
0.37359406467040013,0.6421495547816982,1
0.8697220589065561,0.5058584769418055,0
0.6568991122551257,0.1438462385704644,1
0.3735708396868407,0.5001918275572955,0
0.2834825056529492,0.0246176045318226,1
0.34413338713578645,0.4009950599880089,0
0.17324614937815097,0.926115318194094,1
0.9978935980767132,0.42669640966090905,0
0.03639421918278063,0.04744406863442985,1
0.7985910008303887,0.3899604806188708,0
0.174457384818401,0.33121590336197815,1
0.7853349902708511,0.09296683104762493,0
0.017864186748754562,0.5510855954393429,1
0.9716563094872377,0.40546197156304975,0
0.43264239324514076,0.07660134558948384,1
0.7326721576389813,0.6306681673487712,0
0.30189752136488046,0.22404729822601233,1
0.6217292988237073,0.020817289451781185,0
0.0663901639556187,0.6362687208463814,1
0.731983316838058,0.26794844437201804,0
0.6975446475099661,0.8531138652284272,1
0.7248028077173228,0.3464131967456593,0
0.3513790223530515,0.31077833523418674,1
0.9810586310058139,0.5624766766244824,0
0.5769843909027575,0.2586901814480368,1
0.9016903193521648,0.6159580107263714,0
0.08942663869841239,0.2067147560105046,1
0.38968529927758644,0.5564247317227528,0
0.4972225603972341,0.19943206593867968,1
0.7014772143485813,0.432398603035436,0
0.4667564572451637,0.8637259280900839,1
0.7748781466290541,0.4396040853667703,0
0.352055914298792,0.9032748010954629,1
0.9875144751811521,0.5711949281348131,0
0.07345789166814032,0.39492258903280364,1
0.8645538762408572,0.5062123271961496,0
0.14469331261644625,0.2013851365400433,1
0.8446742330646125,0.10957443533736477,0
0.07108918340287507,0.36659551127320555,1
0.4180478650809477,0.4440961492176594,0
0.637832819378848,0.23409892483942019,1
0.7982181235273378,0.6465426255136488,0
0.07999004465709814,0.7548595395124098,1
0.9610898504733258,0.9988551023748021,0
0.46853395094447436,0.1402045258553155,1
0.8329287378054213,0.911210705475191,0
0.34769933009804266,0.7518849201239766,1
0.41045206701219505,0.5765915228285066,0
0.17176030966977618,0.9507237222390176,1
0.5303780828865685,0.45018787906966407,0
0.6363254223345833,0.05789735952581021,1
0.9617801373428189,0.13302021594319724,0
0.269402712923565,0.18050100133755986,1
0.9088734141104814,0.3735218948051846,0
0.552899738315814,0.18694545607323432,1
0.955434322006872,0.10806959170896957,0
0.581476789177112,0.22993125633630307,1
0.8402116046040542,0.22836107842762943,0
0.10356458553500958,0.19025227654463717,1
0.5513836106854834,0.3475219587893904,0
0.5413722858824777,0.6892464711835607,1
0.7924130837821745,0.5539255496063514,0
0.09230872147899116,0.53442679223068,1
0.9785125328843296,0.013081036225043197,0
0.4748878334735015,0.18752732010748674,1
0.84060816464849,0.4257432974335291,0
0.6127413851823196,0.8511170972968904,1
0.5856083198452816,0.3504546617362492,0
0.156806227226715,0.9811886357261709,1
0.7852777018430351,0.3957704403797515,0
0.6347266403149089,0.19741290499720032,1
0.8927527079224898,0.16205165576480574,0
0.6307915739797824,0.14814081778659183,1
0.6973394950824897,0.37648596447440374,0
0.513776969862799,0.7803992782439947,1
0.7175058593361029,0.054343769988805746,0
0.17214770046652783,0.5840188458228678,1
0.4746682451421629,0.5721072127969187,0
0.3570493208002553,0.15126171162272328,1
0.9163548696116902,0.6361716445829715,0
0.4190580681678725,0.8249944212848523,1
0.8305161234160442,0.2636546315470363,0
0.5879927727991353,0.9204968389449056,1
0.9082809974219545,0.4376589141299009,0
0.5289946775478048,0.8710990444527132,1
0.5304348845959299,0.6526951890616974,0
0.625602820888394,0.050741274742030384,1
0.7363083283997401,0.48733740514048396,0
0.4036401614879992,0.02918378702904556,1
0.7270764157466929,0.6589119609537093,0
0.035295241745797123,0.22660644862680812,1
0.8556512172412744,0.17259009788869206,0
0.27617983063442697,0.014128482378368612,1
0.637957717556667,0.4250668751696284,0
0.348666662093144,0.1361898612672392,1
0.5308345906512753,0.6764336964407266,0
0.15917534263041933,0.5697236044378199,1
0.7339029605982641,0.9259329112304151,0
0.516138223158016,0.7642975238426959,1
0.7972929775004738,0.9214632199843034,0
0.37817314073630237,0.10976036157273128,1
0.9434819037867072,0.09580595102033385,0
0.27231680927861857,0.39036787286973007,1
0.30287016596199556,0.42477472266134364,0
0.2664027566929972,0.38373002180880234,1
0.3925511460135481,0.4577307618950597,0
0.271765760225428,0.044486869381140215,1
0.6989187337932441,0.0035374033096617907,0
0.17968958443281013,0.5619726275340843,1
0.8844679472603877,0.9159426675264897,0
0.13084243336505263,0.5377739554756436,1
0.9567077152917519,0.771901308267684,0
0.14593803007048367,0.14427471808295822,1
0.7679812068281955,0.7094150060509876,0
0.00909617308569266,0.5006250775302173,1
0.9127491222742278,0.2499651033525,0
0.13722485619835578,0.7742735666637246,1
0.7978282437718687,0.9443541953646684,0
0.4940086276070955,0.1773896612673289,1
0.8664136735335055,0.8435530996622141,0
0.05695738444328158,0.17038172439265875,1
0.7970633873307572,0.9093944497070815,0
0.5969310099360251,0.8522167264889408,1
0.5955138228787292,0.4655469246413745,0
0.012251597235699685,0.14228151029476044,1
0.894552513991903,0.6286334490811153,0
0.26668416351753665,0.2930728043504932,1
0.9395354933388208,0.3994671534176276,0
0.48849060374179964,0.675760372240103,1
0.554415489125842,0.4525569264182573,0
0.1739266253162386,0.7404309905304562,1
0.5898854078715187,0.4557503553936987,0
0.3053195472810256,0.0005050857843030832,1
0.30311029489056374,0.450029925075794,0
0.07991437039183003,0.19378926226114046,1
0.7026531158612298,0.44690767950680477,0
0.10249082038085577,0.23140810235434306,1
0.7855865400371875,0.3871841222291018,0
0.23732375162635833,0.30849325487339974,1
0.9354379822957835,0.9759956869357743,0
0.2114654611091613,0.056651176021307426,1
0.7119334835375456,0.055686000193113094,0
0.6819201312205366,0.7788079007907116,1
0.9680192660502644,0.8464761749860386,0
0.07634554378086367,0.671365489452479,1
0.8147529721489487,0.6109512529166827,0
0.18798225645166333,0.25000090584216383,1
0.7055911310863899,0.2680404763816885,0
0.4232049467461807,0.04546902365546046,1
0.7150514594248041,0.051561037986121994,0
0.6169628440696758,0.8675297678501747,1
0.791164787422307,0.4809031772642748,0
0.41752521938037324,0.7769063000667561,1
0.30283890614613873,0.4454110773167146,0
0.12681413681500642,0.588611273639392,1
0.4179028919488488,0.5022625828516604,0
0.4146229768604156,0.7313032823479113,1
0.7206141781178056,0.9677869015065149,0
0.2059601569881503,0.6491155409743566,1
0.33785732012003167,0.5251214244171218,0
0.562537188869338,0.7452591637383587,1
0.48197137126109124,0.5285557285110491,0
0.48705700750490755,0.21094212936605083,1
0.8521757196038929,0.5988932730340555,0
0.08231408382516403,0.9227478697541139,1
0.7708344391705683,0.08915133287715526,0
0.580373385835456,0.9703262142942134,1
0.3303889810977354,0.4623039576246798,0
0.5682426691946852,0.8955198943376236,1
0.9946485882925686,0.02764811975547332,0
0.17862386342580983,0.5154643782457414,1
0.5304861623991222,0.4047327937508661,0
0.38170619633940084,0.2509130965015971,1
0.5517032350773402,0.6019082116409333,0
0.04478307637259793,0.3899686178456533,1
0.8976019604512769,0.1287088832657559,0
0.542265452861638,0.05198551299693088,1
0.7242550754933538,0.6356190323636364,0
0.028497614642915226,0.8083109536670547,1
0.661423569379828,0.38455660235654465,0
0.1302060555697675,0.7687986176388596,1
0.8724019271916019,0.7364604696033386,0
0.7540135642044622,0.830453288126516,1
0.6753940076948401,0.4962380897655633,0
0.5885178694755868,0.04189676038838286,1
0.8239081341668891,0.5994672175663707,0
0.24790397374234618,0.690853295798939,1
0.9204693556598953,0.878614899644532,0
0.11001559676770589,0.46022280797805837,1
0.7784884791538496,0.7286031702098301,0
0.07160161587820824,0.46737042025512887,1
0.6029576766178193,0.9999484968692297,0
0.6186871583141025,0.17406064519418152,1
0.48460728162629885,0.5329634379898519,0
0.31962903256714603,0.8299413494335273,1
0.2876905711944001,0.5109504261720682,0
0.40500808073364636,0.765883323553054,1
0.5426802045680723,0.6785880504740682,0
0.7411183578987123,0.13579768411852766,1
0.6267649695787367,0.4959577692210424,0
0.25824228736516597,0.0257446965822965,1
0.8189094489435765,0.6344132836189603,0
0.07305033812397488,0.7609887513280196,1
0.5015668854148664,0.48187311238068853,0
0.4359967417346444,0.6992568882984891,1
0.5713340426648104,0.5391108149777408,0
0.41318610891098273,0.9399935271549112,1
0.7152693375507282,0.4466963283564014,0
0.010683758887447548,0.7585547017269098,1
0.4478905717254421,0.5232659481027632,0
0.12610016516335043,0.16413483694778908,1
0.7202530100601559,0.9444243951265979,0
0.650075494687278,0.1511796030791549,1
0.8518034173286756,0.7884848604049719,0
0.1963614080403413,0.560224554446143,1
0.3262331993951404,0.45033346355463677,0
0.3877840545202399,0.08543196019991761,1
0.6228121794202359,0.4305601333321054,0
0.6857141596732502,0.9264044851049725,1
0.7114536584906617,0.6004815056074816,0
0.06762434680531992,0.49168573913934377,1
0.8110684996586077,0.7398667270627537,0
0.6987632739802692,0.904701296561461,1
0.7627480288815219,0.7115074780945739,0
0.023732440000555743,0.8793040280240544,1
0.941745494605682,0.6665452482788062,0
0.36392375518304054,0.3809251332520308,1
0.8723475084680357,0.37590050232270167,0
0.15989787753286577,0.7818750051735553,1
0.9726313101212017,0.8208485955370336,0
0.042174581403746636,0.07990623246942552,1
0.5320046478993641,0.6505584657298434,0
0.31600853595337475,0.11445852076982821,1
0.6956351569706843,0.0265857742804243,0
0.442024123662653,0.022498875553062847,1
0.8425849890199308,0.4374254505534464,0
0.16825650483890298,0.27625745572809146,1
0.7005235985824846,0.7055699949624696,0
0.3396050228756151,0.39247648456953144,1
0.947596093826048,0.31247972846569916,0
0.09827479828611807,0.5040014458660297,1
0.8397495371620087,0.09063295150337825,0
0.7182568001271017,0.8015933562242344,1
0.7569331958924571,0.6804769379286858,0
0.45916238920419417,0.32010767745034696,1
0.4851735324299272,0.5488176876283216,0
0.5047408185036549,0.06178589095028875,1
0.7808549594107382,0.6508277292766086,0
0.45878463678679937,0.8283837968282146,1
0.6714981196498071,0.401672749783209,0
0.2177574094432586,0.7835962247869634,1
0.7019374411377312,0.7234900639261522,0
0.43545905569220367,0.8261964325412212,1
0.8558073573401862,0.25776485672490934,0
0.442255388522367,0.6544708553521024,1
0.7825146301417826,0.9961378953830531,0
0.44571916831296055,0.051595595184896315,1
0.8221456626304939,0.3169755123929662,0
0.03114229345845876,0.9957614291880528,1
0.7224543886893066,0.4245377797970221,0
0.12460163450282957,0.9270115610120119,1
0.6959647943164048,0.9846307116864678,0
0.4715899330713976,0.7743012565173842,1
0.6279460053014332,0.5557959091160192,0
0.023728356743747847,0.08830898770374573,1
0.8789529444579939,0.21697575097094968,0
0.12481695255037983,0.2543375245144125,1
0.8847232267776318,0.6085905585449128,0
0.04038138271839253,0.6700145671165502,1
0.8920513742113393,0.27162802003288267,0
0.27845436001100743,0.9177716764599542,1
0.8474040107744244,0.9624590117412565,0
0.4254034718040247,0.7324510255272029,1
0.9133696277213528,0.3740293970886397,0
0.16444964127362516,0.21602235248836932,1
0.38249493376071586,0.4745140398089305,0
0.4835562787791735,0.09990675110357616,1
0.6698892093328279,0.7292275307592869,0
0.5506954467407117,0.29557705445936444,1
0.6999872209224934,0.5299769528381347,0
0.3626575727432504,0.15033073370454708,1
0.8503109820728274,0.12193100500591103,0
0.6817722370854798,0.26302745875100064,1
0.49637446082171777,0.5889156478469851,0
0.09413943379337131,0.11698780095649697,1
0.6724098643112542,0.4617279710685742,0
0.16761411100232393,0.9532690255393091,1
0.5594460924900551,0.5783653248260516,0
0.16170878180315684,0.47235495588824306,1
0.6810235699870548,0.4031899980958046,0
0.5027859396057158,0.7876557440236559,1
0.9547252007448048,0.2972915074588044,0
0.08749491726398362,0.8839050911419503,1
0.9237870123521726,0.42073684562022196,0
0.47389863999962534,0.9005274324954881,1
0.8722141353188757,0.3474580439461813,0
0.610333167542377,0.9419229516639541,1
0.8640030304053335,0.973669754318073,0
0.09809699038586495,0.4231416623657659,1
0.8060680524945282,0.027543785659606024,0
0.3837976489488034,0.6901737187037634,1
0.7649324810661328,0.8954685657188433,0
0.646378139202105,0.9315610215851173,1
0.6280952525338839,0.3227071128224892,0
0.1920720983798503,0.2896627568116681,1
0.9161166639158318,0.31258176882217603,0
0.13191506799375308,0.5446518501120767,1
0.5601100421862835,0.9829261885102725,0
0.174843962372894,0.05438620815587192,1
0.9515566863559969,0.05450906939536726,0
0.16802886485304802,0.2086460304516764,1
0.9358496508300402,0.6387935072701871,0
0.3631603500327275,0.6988206776559558,1
0.6316470016426845,0.03619615107557539,0
0.5091386002959427,0.9890937247174082,1
0.2616472543407118,0.5057770266285361,0
0.1060205937000197,0.24861813012051104,1
0.7653795694463679,0.8892236591212773,0
0.4535322392856602,0.9874785644716926,1
0.7419148725736923,0.0661777921436747,0
0.5749099189951369,0.1658550033448658,1
0.9052304170025766,0.8893217087448806,0
0.10914536237089245,0.3889627216731961,1
0.6077909593673532,0.9817999910038818,0
0.29098175437245255,0.2570724517897778,1
0.9163420504932192,0.7405948206085168,0
0.027755494038679274,0.6734244004931321,1
0.7738691295310632,0.06471787642590343,0
0.48678535507713105,0.9798436325772624,1
0.305224901867551,0.5131013651604522,0
0.4041720133378409,0.09729080999611195,1
0.7651044255172976,0.06439217450905355,0
0.24415743082758257,0.066855125127248,1
0.9547764629028214,0.016339585656854227,0
0.17032062558004224,0.11109653985128387,1
0.7125196351515882,0.35426010066565117,0
0.5185359512327571,0.19553909186971985,1
0.7620581618496143,0.45788562094410323,0
0.5137025728738953,0.7315528952711826,1
0.8423630120922952,0.8968408261476699,0
0.47630132323673213,0.9906566509948028,1
0.9471140816652959,0.5499938530020064,0
0.1928426855905251,0.10197714271454572,1
0.30009316225332316,0.5458383744590545,0
0.72596300423091,0.863443566307959,1
0.7689184503844133,0.011552733777465685,0
0.6921195236810298,0.11052618235975764,1
0.41215791640934374,0.46058400907520225,0
0.15354106505212184,0.005622444687425121,1
0.6653449331350143,0.7229530766152441,0
0.02972720931034023,0.6903016258113674,1
0.7544268086294604,0.2745185971828391,0
0.04284602872552923,0.6038817361351739,1
0.5254872862561205,0.6515491556885314,0
0.37454233851448826,0.2035853783787387,1
0.3580221212960524,0.4360642588108429,0
0.30957517728279726,0.15700110789697908,1
0.9973667067872752,0.8001686054889964,0
0.7185602375145779,0.18683987997898088,1
0.69680377026952,0.37309269665470124,0
0.6260953313099265,0.8939403464257241,1
0.7791959628563024,0.53825601399795,0
0.162664681151107,0.7223997670465091,1
0.6182230544918864,0.6922150053580758,0
0.3337691949239119,0.24644407899461318,1
0.4929589913846314,0.34726232652743894,0
0.16673775780074784,0.394795400370587,1
0.47394812416615706,0.35520923976108854,0
0.5101045625625475,0.8934704028860413,1
0.4578108583476659,0.4223195603891653,0
0.08741271480002943,0.8873291957821359,1
0.5560363835797156,0.34293662127735947,0
0.1084980753148399,0.174542822826381,1
0.3692507433182389,0.5836871865780926,0
0.056494571217284406,0.48638051458092446,1
0.9653323708542314,0.6184533381499844,0
0.05295254010920236,0.1569102358315385,1
0.8810469646744912,0.8298869017846875,0
0.3075021437263463,0.8508431267689748,1
0.9294720475706364,0.3275294420263639,0
0.06327452989879045,0.08331614414671273,1
0.2737642800190758,0.47092070468396596,0
0.23538344669701727,0.17884049391438772,1
0.5297698506078643,0.5188015200176916,0
0.12018250754327298,0.7110261688513186,1
0.7548303153311868,0.9596437699897636,0
0.43401423036647935,0.18532487437291534,1
0.7487759440672663,0.2843051449420949,0
0.6899162427875046,0.095061050758804,1
0.5942191499339587,0.5077646466783899,0
0.23079614698528905,0.5650669648499286,1
0.9719539705485518,0.4870442907386122,0
0.3744329481184947,0.26931238889995945,1
0.946068068330322,0.6518720543608986,0
0.7864046350750723,0.18832287888715882,1
0.8563860481540807,0.7441720256455991,0
0.45989051935247893,0.6578371287457506,1
0.49257360376927417,0.4521165810759248,0
0.37670089809563356,0.2985702767259665,1
0.8954750094779156,0.030623875092315123,0
0.29641311771394796,0.6920367365487006,1
0.6055954096389061,0.449195757728741,0
0.1576482423173824,0.2558953107754325,1
0.9433802215830179,0.7358986799544343,0
0.45103143084259656,0.7619434046384458,1
0.9505620511864931,0.7658178335662333,0
0.6809956959420975,0.8338290963401014,1
0.6443500113599933,0.9835640343521772,0
0.4397107235519153,0.2499338027330411,1
0.8563506607123342,0.5209707438833828,0
0.40884798145192736,0.6971762850624744,1
0.6430543960547247,0.32166189392127686,0
0.2826645335523228,0.7232642854298005,1
0.7229889968316122,0.3725193726429753,0
0.39668459132273626,0.9922616213991972,1
0.5431244919038716,0.5274498467565052,0
0.27111784767184655,0.26227226956899086,1
0.6971877638884708,0.4109424562652578,0
0.1518931307198761,0.5986494824504492,1
0.5112755705129526,0.5314516748453842,0
0.12667742318218378,0.11659093193951131,1
0.36659796816971735,0.4482294675970748,0
0.3500813163098565,0.7399289400509866,1
0.9263762775461651,0.9466441160236411,0
0.20101739608506908,0.751176195145578,1
0.9311029956774589,0.22980880817280314,0
0.586382749325596,0.7149994418498677,1
0.8559731093041483,0.68306101189271,0
0.15376213550738638,0.8215622428847676,1
0.8804630425853267,0.3134040209947734,0
0.19000838639263373,0.5055533147859823,1
0.30151946833046606,0.4227568396969711,0
0.38791801478028,0.37256967523314544,1
0.8247021714429418,0.8797727753703167,0
0.061320693507605495,0.22399066140784263,1
0.9438045506509976,0.8540339801869479,0
0.5060106687467592,0.9599859504364734,1
0.8428962228981931,0.7289446654727125,0
0.27474573330745,0.9262560712281602,1
0.8231174944599311,0.7830477759810329,0
0.1957688612646209,0.6063618177531453,1
0.8481388505503763,0.08531159520446818,0
0.3027939144419727,0.33619375947825436,1
0.7428257345400859,0.7467955890305681,0
0.4109084939325329,0.3506107453830205,1
0.7752768043641535,0.3689857610278242,0
0.2949076363986065,0.7154996388514029,1
0.8583212693217018,0.5698975154467769,0
0.35552337114552957,0.9526837523657524,1
0.5567304403307572,0.6273387323215656,0
0.22290523535136353,0.1176059373233358,1
0.6362817699428669,0.6257212011491329,0
0.5546893217355388,0.08653669623365623,1
0.21487777241981587,0.5122928300975839,0
0.2554803189583267,0.8772018812732753,1
0.5696746057370579,0.5218636841491734,0
0.5410514869930002,0.9476777928641409,1
0.7731262217790473,0.8904215576424714,0
0.2193477149916092,0.10330624748130013,1
0.9600967364797824,0.6549709665036234,0
0.18920891759548308,0.09940279600889257,1
0.7368274895495032,0.7012263282833527,0
0.5600701961175447,0.8880275675075466,1
0.925168336891977,0.8656934395478489,0
0.6837044353301239,0.9143707160853546,1
0.5721677202557534,0.009395926075203453,0
0.22728371169646344,0.7084569069632369,1
0.4537559163941659,0.3648658751711975,0
0.5981738491874009,0.9331128832382395,1
0.8914602151777097,0.5209064589732069,0
0.34084841841271796,0.8241524032844624,1
0.7346978110252671,0.9692114125428537,0
0.34120710623630834,0.12403471369997354,1
0.38253636106793243,0.4275185699367512,0
0.034997037135725995,0.1456932061902938,1
0.9375627310586584,0.5169296842480294,0
0.18850401627971358,0.5009967928343918,1
0.7773106831303257,0.05373772495813167,0
0.4448588619515508,0.3176316936515189,1
0.9328684404476606,0.3870302897052118,0
0.505582571631177,0.0030459596836517333,1
0.2506340387548399,0.48008196249848245,0
0.06903869334436441,0.6850381041525456,1
0.9978080089508438,0.29581749117382006,0
0.4084311484026445,0.7002319963568234,1
0.9279036005747991,0.20327927686022218,0
0.33380100310616523,0.3405813973897973,1
0.5915150815575491,0.6625947763939914,0
0.7481220661607327,0.11845872532397439,1
0.5428886311102469,0.44390963288108853,0
0.1490010392254797,0.49545615057865544,1
0.8889477721694121,0.5405993599995433,0
0.6208827731932245,0.06462228397879488,1
0.980389656491708,0.1660583363965462,0
0.30126780454079094,0.6114466037238006,1
0.8845832286292433,0.1727523359778893,0
0.10635734961273846,0.9690369431097158,1
0.8512556930925814,0.36892090015345047,0
0.5860726323328526,0.8552737105657109,1
0.835952944049581,0.8573001790300644,0
0.23049906374956752,0.09234912937331985,1
0.7722222587570879,0.738245497374324,0
0.023556006005837515,0.38864935863472105,1
0.5602042477412508,0.4118150190826241,0
0.19521662008570617,0.6827074366752134,1
0.8249449115224253,0.7931801799832522,0
0.5978033326076598,0.9423051124439051,1
0.31980011929147656,0.486478566906864,0
0.03732590575325612,0.34810426597098676,1
0.28798362796662547,0.5676656837172928,0
0.3112278925058234,0.29454712486878765,1
0.4966949026908192,0.5509672997351639,0
0.25285705224998223,0.26195959729383345,1
0.9734837316863793,0.6503000440037168,0
0.29270763529090227,0.9366929048407842,1
0.773089167193807,0.9744709745487214,0
0.29088777622242146,0.1592360245449006,1
0.9026682645730119,0.6149254347811328,0
0.4381153192945575,0.7438025883640043,1
0.7487501513106721,0.6849119269512557,0
0.02207472296913704,0.3457809617955816,1
0.7580008665171912,0.5988292140046478,0
0.009669252768092496,0.46879233221028316,1
0.8177815580112658,0.9533649792423282,0
0.16786510542891153,0.7613671094403496,1
0.5674700383630702,0.6799667730157456,0
0.013093387824791858,0.01354582524453607,1
0.9100720608169021,0.15587716296896992,0
0.108990871458572,0.47198771307265563,1
0.8485073261763769,0.3905947283274296,0
0.3005415237966711,0.171934534905136,1
0.8941314047601479,0.49927985863195334,0
0.5084365395533699,0.9372682729040418,1
0.8199618922023069,0.3178953513066034,0
0.3937581897138305,0.723617037550424,1
0.8313872556731554,0.1789471680583995,0
0.023548753090188335,0.8954507716921828,1
0.8340007936867311,0.9898909244503327,0
0.26557421711266305,0.22525011432505648,1
0.8271096321449504,0.9670825468029461,0
0.1877227019703558,0.4173514639392474,1
0.7942227736707574,0.6419844526843105,0
0.6829769977550997,0.1523627341021272,1
0.7471581001080793,0.25491486642456607,0
0.03178250959159423,0.23699091568334762,1
0.7595813196138306,0.09127092239484236,0
0.7026064400315695,0.8765285200372323,1
0.6147345239895413,0.3946264439491046,0
0.053891175666694546,0.7347009289531151,1
0.7581396876754479,0.4340753338128194,0
0.43338062897000373,0.1490274760907181,1
0.6154889191890146,0.336069068168089,0
0.18370202343730235,0.11336714142349613,1
0.9768939317568882,0.7115797046349506,0
0.006847551477540681,0.3136179423612969,1
0.9074699753606128,0.5870956496574997,0
0.7079808897207293,0.17253492962141548,1
0.5912808996684075,0.43951760509204496,0
0.027409927854798677,0.5656977658262861,1
0.7702376604218396,0.9608042146719395,0
0.38396026096984226,0.6622781169468569,1
0.9596473919806088,0.7005347545802124,0
0.0025601960831923565,0.15955874746347676,1
0.7948179599771827,0.46582753608658756,0
0.4954847562543351,0.9891398284545245,1
0.913775559668553,0.7163106829218892,0
0.46439237659730637,0.7622218498712183,1
0.8619151011881743,0.6753566799929253,0
0.029390593916396535,0.30263080491489425,1
0.9004899803252735,0.0008634495416862675,0
0.6301309392067295,0.7182484293473382,1
0.7121055791839156,0.709215865169986,0
0.2702925555703727,0.39838289159928264,1
0.5469551405639547,0.629814435009979,0
0.26010102098932086,0.8424347954920659,1
0.3764405581447414,0.5984882473758021,0
0.6681536349098441,0.1912210827481573,1
0.6860579886462145,0.9355077306322318,0
0.08611361145528384,0.5658137177802148,1
0.8613210957656142,0.13778287364916586,0
0.2053797338805372,0.43586649834968916,1
0.3312943450488084,0.5636064927686885,0
0.5842934444689722,0.1907530583210405,1
0.5662879984792052,0.9976319913999914,0
0.6217826626914057,0.8565129189026013,1
0.8216102477112452,0.17409543014876583,0
0.06772551782318192,0.6706375607461484,1
0.8476695469098787,0.10945325274992768,0
0.2312770355042929,0.7862584142794379,1
0.5688593868997304,0.44643272665873024,0
0.14045063358404053,0.12707815266171296,1
0.8546345060905773,0.5080664879424086,0
0.5589070152342537,0.05465560291876648,1
0.9198141155661136,0.036758760889930575,0
0.048355447697333465,0.6562299238817748,1
0.8107615764019114,0.5951569909893825,0
0.4320728319638535,0.13695224976793652,1
0.9286529686170379,0.503716904850164,0
0.1977680376612615,0.7797063106039576,1
0.7588302236568675,0.9255023404418083,0
0.3162356232917245,0.9753094757489434,1
0.8270724118164227,0.26220427327532536,0
0.22630379516877486,0.6526843656858805,1
0.918892789453167,0.6810470667043885,0
0.08481878194657466,0.6663245154575039,1
0.9941001395196927,0.3512777073387614,0
0.43418726152407583,0.9077558790003688,1
0.8146214422811485,0.9245250023830663,0
0.6006962224950044,0.7931752491471454,1
0.8620201572295441,0.2506495784565548,0
0.5467841203436633,0.020585719884905984,1
0.7979327388952374,0.2416161363919459,0
0.02009235965759182,0.6985008991631687,1
0.6837632270354883,0.4250901672058154,0
0.11831491997227994,0.05069567184676449,1
0.818756705361747,0.714632221830276,0
0.6415126497126491,0.8716856875133684,1
0.5857817816580716,0.32675822630536056,0
0.26438242376798937,0.9649615079977264,1
0.8231742492578605,0.19068993841907822,0
0.23836335138723597,0.4221039834274877,1
0.24923379288403003,0.4432088364464062,0
0.408000070809323,0.9313505858166433,1
0.7479627338214112,0.5723167840076301,0
0.6018161808038133,0.24630532826456708,1
0.7263357244468686,0.7366705602032455,0
0.11618696621627955,0.14248596398005364,1
0.41401452784107506,0.5956120084545016,0
0.6410731809157212,0.26130497629661675,1
0.8263639967963522,0.07615297694016498,0
0.2047213992390572,0.22973448084711878,1
0.9873071575851496,0.41837193581698773,0
0.29874284060221956,0.25252260431195406,1
0.731208924195219,0.30837818105438164,0
0.028114169697401326,0.47741277750163047,1
0.7288554555775666,0.7300678544993784,0
0.28132780252340717,0.40796064111413655,1
0.6517428032205004,0.6860945337176115,0
0.35838155942695304,0.8323594678486622,1
0.5706329097972351,0.6207422317194131,0
0.04063361714578684,0.7817294126814393,1
0.9715812859199682,0.46564323237541894,0
0.2383317139391382,0.7748086476826264,1
0.6647850298332091,0.010547229315699291,0
0.44288488073831134,0.9663226319412338,1
0.6114287179105307,0.6273955488315054,0
0.07663613653743473,0.2725132360495224,1
0.42460386783138215,0.4815507287908233,0
0.2748259213210478,0.3030429445411438,1
0.8631858831449335,0.8772340772755659,0
0.3340245608877598,0.35082403756694025,1
0.8185335011127814,0.3760625172665675,0
0.2568308595265786,0.1109675813946902,1
0.8054449257216947,0.7037333823620189,0
0.24165861517789644,0.03580409106700122,1
0.5274436747989756,0.4739636895773832,0
0.20782078635302548,0.2937397086249507,1
0.3279966574309793,0.5652451777681631,0
0.5145091648566403,0.9555112737832631,1
0.424702194073762,0.5836489780393411,0
0.38828459345038724,0.22371095889702486,1
0.9446412036225015,0.6647715526475007,0
0.3086247186970993,0.1446393060127581,1
0.4673563016435097,0.5833800671677489,0
0.5180982649243866,0.30644108262326086,1
0.6069469934173517,0.9979476769143246,0
0.5708446214044413,0.10896695012877056,1
0.42657686652202986,0.3940835392673935,0
0.41309841555503646,0.09034416255916067,1
0.7434997465001777,0.747930472961952,0
0.13231981441515583,0.314280486198133,1
0.6724798122191508,0.6196854170270903,0
0.3839899356266002,0.8015339651891141,1
0.7969055055475948,0.2562565104771011,0
0.5674564234466081,0.1870924668886621,1
0.47352438470403746,0.5178377335420593,0
0.35266747101706775,0.35340590096615276,1
0.9917490978729653,0.24280199445048456,0
0.05049850054539906,0.6689581979006255,1
0.8169079005458354,0.04857677123859727,0
0.08893761946571577,0.7690472760642211,1
0.6051347771070246,0.3480652654779798,0
0.3509395909466476,0.7075208513270669,1
0.8135919894105925,0.6253345312949312,0
0.5441906034816629,0.21652280500970333,1
0.9159104237397286,0.25902847012656705,0
0.34191296451484565,0.8720141492351116,1
0.33769199158786933,0.5684576657470705,0
0.27045454909800537,0.18638505042253783,1
0.8465241680788881,0.6287890903159121,0
0.1633421145488828,0.816223115373281,1
0.732223767814483,0.5793057711978348,0
0.12545848741226207,0.385092764047276,1
0.7718585996114357,0.7107160285103443,0
0.1259075916454384,0.5606709138284551,1
0.6811133082437643,0.5553236729498051,0
0.11783506075773631,0.1588215550226464,1
0.455456771811098,0.37424057596337745,0
0.6014314972353958,0.9141551768046235,1
0.9320615330661897,0.8350333514305888,0
0.13433294705580545,0.13582330031970802,1
0.9731116387359852,0.4785905429866991,0
0.6357178974360599,0.07190948626348093,1
0.9214318343177876,0.797045602724909,0
0.22831071847890416,0.6930894420478715,1
0.9765032809555914,0.12210979160026247,0
0.02760022321926281,0.050800360037672077,1
0.677585502858735,0.5329807889088157,0
0.033638241661390955,0.7423904533352838,1
0.337964144356135,0.4925975475830362,0
0.4362684312625149,0.788630015464458,1
0.6165960829250999,0.6728756894218173,0
0.21258829285632674,0.11221542114192073,1
0.7543508595025394,0.4323406641291042,0
0.10890782615336092,0.4984052369360368,1
0.9178298530793618,0.5070349358027647,0
0.4364665088492429,0.9912638451409405,1
0.9616430651710585,0.6922974312306744,0
0.3558672532843288,0.9248142541797612,1
0.564499215752125,0.6771334744136945,0
0.15328411714290646,0.7762143276318398,1
0.8976949336447256,0.3811005496033746,0
0.5070580520018513,0.17117991423219947,1
0.8044248768669215,0.8265559535922137,0
0.008900967658988734,0.948334787354373,1
0.8877776619799562,0.16685511426102873,0
0.19682758183539661,0.7338454524095221,1
0.7817400481304563,0.6548680568832246,0
0.5609003656428053,0.09699225438616654,1
0.3992314084618086,0.3813770316172327,0
0.052081492986477906,0.22012811993002912,1
0.40346026329067264,0.5473704678309109,0
0.16190925319681704,0.2701688030145546,1
0.9166124939837975,0.3738839723157985,0
0.22734419330104516,0.652348142198798,1
0.7363466794468819,0.2462523603665997,0
0.48990829769762967,0.10823827712176459,1
0.8689974179822013,0.7803622715753495,0
0.19170258563327547,0.6072756133016317,1
0.897453117884686,0.09097840569340354,0
0.046013602748413596,0.2651906604165274,1
0.8031714223032258,0.23932519808870978,0
0.08137475757809454,0.5573012014802348,1
0.9145093487162591,0.6812372454217707,0
0.08479355176492631,0.29126086345751967,1
0.9376313243093037,0.2964714935547653,0
0.14356874661251395,0.31921040404957846,1
0.8635182373609263,0.10971959942160903,0
0.7322856236009082,0.8243038135877552,1
0.5008929375205272,0.4257281610662381,0
0.4270228779582196,0.9957339087347601,1
0.9513989973058795,0.11622589548067597,0
0.19557836277749996,0.863052044737839,1
0.6425387258296648,0.5691447760528026,0
0.43472929425207374,0.8316678771869349,1
0.6155953771462551,0.6914962997239995,0
0.30874507945202334,0.09088274339009572,1
0.8959062250955312,0.33464896960795776,0
0.7469953880954661,0.1195991693233085,1
0.3784077740792998,0.5480023483451627,0
0.014868047992027456,0.24242578616986454,1
0.945129913785779,0.7820074135470763,0
0.5233747834041448,0.03112260236831177,1
0.8068000338704536,0.6799977240056763,0
0.12049467306137307,0.9117491211316232,1
0.9975495619979788,0.9118332042425469,0
0.7671556363603522,0.8308449251608296,1
0.49820627300054543,0.4597654310661665,0
0.71033166055067,0.8752121786999136,1
0.8963583357963282,0.668527781923146,0
0.13580646872182567,0.5933121241945551,1
0.6035460675163558,0.33733360748440844,0
0.6134331276607116,0.8571265131609253,1
0.8265991102261729,0.31022785155727417,0
0.17198551181225197,0.327607264788745,1
0.9290565029090982,0.9776259969097032,0
0.31067173610497634,0.001491677749447029,1
0.46678379186129837,0.43788206181470857,0
0.08245025448393639,0.7497532190130777,1
0.31582732700329086,0.5570280244491963,0
0.2015592245182949,0.5595320696129369,1
0.45018051625614164,0.4423748574983051,0
0.03815477589544436,0.1132435828875088,1
0.7243222889053774,0.45511152231663465,0
0.2263792878865435,0.9126286699223664,1
0.8063136062100843,0.0349126718578785,0
0.41789853852196934,0.778679303264459,1
0.9498429933874349,0.754538171880371,0
0.23199153212390478,0.18916738459218818,1
0.559849326403655,0.3317961574647096,0
0.07141975837973902,0.13682906155505858,1
0.42062993717300523,0.41788471419624396,0
0.06844113716719358,0.47133105810316567,1
0.9395256660927218,0.8464377371301544,0
0.5458362495367947,0.21765952837685,1
0.5493910846453565,0.39560057195150555,0
0.24391997737095727,0.3553573077150277,1
0.8255495025884746,0.4668617641833629,0
0.10730479777611635,0.10755795618306663,1
0.34236047552128535,0.4783929051754947,0
0.4312017645768399,0.7437347105258768,1
0.8307166075709189,0.5320467290551473,0
0.12547113650955777,0.8629847397545696,1
0.9473841714579727,0.8388803206075637,0
0.5606785655079889,0.7809883488662921,1
0.6624096370287551,0.37048675160801703,0
0.12473124139295844,0.7372342690463966,1
0.9958913647698491,0.32406216111183606,0
0.41930318904603003,0.7205522409502985,1
0.5101140356281282,0.5307436350774469,0
0.7297788674976738,0.1103915959771059,1
0.8573692517215488,0.9600988159005149,0
0.20461100319232484,0.6237096090253487,1
0.7783645544024284,0.6106858514915565,0
0.4062925984485327,0.3292236104151034,1
0.8894409581747783,0.4420896989930878,0
0.7706059662386244,0.8518587493583638,1
0.7314650161415138,0.01745927856064944,0
0.6565009055855755,0.9204129701944871,1
0.5664505231350883,0.38380869401340845,0
0.09077853141428427,0.08592815905890039,1
0.9762636888275348,0.03391873065428397,0
0.28417188098743995,0.14359852409354146,1
0.2921120855200702,0.5432480507552773,0
0.47558153183960805,0.9579100240261317,1
0.5293153330440902,0.3716633283715627,0
0.028571017493628004,0.7981263495359322,1
0.8633302480573836,0.48615826656749905,0
0.47905011056723856,0.8584266958467943,1
0.5112388605700484,0.44836042418687616,0
0.018923263719893613,0.6441650353686976,1
0.5735520340186474,0.3116201735945655,0
0.45081028862278516,0.8764208129693349,1
0.8539143786126417,0.45777774150024286,0
0.634751081503623,0.8449685392254996,1
0.8132891686409677,0.8159626204168032,0
0.1345152689103677,0.58232755110864,1
0.9308864954294094,0.7048988004472302,0
0.6351831094471633,0.08032042781221482,1
0.9729742890193546,0.2625017338099246,0
0.02392718122179205,0.9931906366052224,1
0.8208769665033859,0.8479407516589381,0
0.24156965384360163,0.06914403654679513,1
0.9674121875482897,0.9235538275461913,0
0.26220763364244826,0.969147026878167,1
0.5582936082939234,0.3410022036010347,0
0.6041457534001419,0.746682367426299,1
0.886790397436856,0.1244077644497471,0
0.7714627344890136,0.7948201019245142,1
0.3886631886715517,0.41270396461684333,0
0.2210878375061407,0.9794136941115459,1
0.7411594226633468,0.7242358285501957,0
0.09107442309049474,0.5767557005466272,1
0.6728853404698849,0.9437394787494825,0
0.5540198755083793,0.9727953599765743,1
0.4646519188157109,0.37289218040627325,0
0.6541046692896156,0.2267032976510479,1
0.535801185593966,0.5121005256393522,0
0.03923953638520927,0.09888537904834382,1
0.6217827730180324,0.44200720655023373,0
0.3069379743601699,0.06371571130588427,1
0.7694507086800147,0.24274989929955637,0
0.153520310110851,0.6609268652842649,1
0.7843235006232746,0.3615637144023972,0
0.5602792555352645,0.14804064830149233,1
0.7423360374779262,0.9344952068046559,0
0.4137134389355648,0.6732064437957439,1
0.42051701065841285,0.4634002800489525,0
0.24303503571659846,0.29261759183773584,1
0.7028927507074019,0.9624487017677475,0
0.7156141341018258,0.7834776523983873,1
0.9818026040986535,0.008136920837802708,0
0.24884123904184852,0.43319983430744113,1
0.7222505965144038,0.9765011210488733,0
0.026982248453989,0.1904366990250944,1
0.870610299949657,0.9569279312370925,0
0.4333120593106935,0.20156913752650207,1
0.9752044560482683,0.3567647763168248,0
0.10310401877425823,0.12471815463157343,1
0.5207223534400603,0.6006042168734955,0
0.4462721868601416,0.0065795998727201654,1
0.6535778867186893,0.4993411176267678,0
0.3112149426515969,0.824479057744388,1
0.9451375228091021,0.8080633755195185,0
0.6484335707159462,0.8647681875984696,1
0.5490829412862877,0.6230178252656664,0
0.2998966474324778,0.7939884259178766,1
0.6076556124363323,0.3481440253939325,0
0.036885085778606164,0.8424900578569222,1
0.5103200316479001,0.41924497030858054,0
0.18116816228289934,0.18748600738950327,1
0.4646941993041033,0.5496920439963208,0
0.2783234125034254,0.16417211481084015,1
0.6919223253013923,0.37261851269155266,0
0.48204141530570876,0.7593680852245014,1
0.8497861478281078,0.3988328566154188,0
0.631170999215684,0.07932132314930695,1
0.9777674707531927,0.9229312750293724,0
0.570203239126218,0.23850686489064743,1
0.7967478511068556,0.5465391478271463,0
0.11397053504735888,0.03771688828876041,1
0.9992311003476467,0.7701651963125024,0
0.4721179528637359,0.17409159748998826,1
0.5175902166011211,0.643441975198443,0
0.6292368450739365,0.7923097061684933,1
0.6222069984337086,0.47248222837928355,0
0.6169503991781915,0.24611324729253303,1
0.7486259377819898,0.5088392418562739,0
0.44710963444906016,0.2494440772564115,1
0.8909954548879956,0.7325124258890284,0
0.09814313573939815,0.9734817564627348,1
0.97720289853962,0.31904386255841777,0
0.42506210279170187,0.1710404085381897,1
0.3403142609238998,0.5056862972484831,0
0.29528701209887875,0.8117232464269833,1
0.5044177630376926,0.3511339526793187,0
0.6221578108322618,0.8711630320434693,1
0.6823642730972909,0.013860414209282412,0
0.18085820859235657,0.68144899620645,1
0.25729938467154756,0.5499456578258916,0
0.47613262203694595,0.27956908378537937,1
0.9125650683363375,0.5955213231085615,0
0.06447597840645569,0.20541261251231435,1
0.7754504371528625,0.3698441701733056,0
0.06695569498836251,0.35953725267944603,1
0.7047497956950125,0.35300158372991053,0
0.38840325893748695,0.078651934234379,1
0.455864541857807,0.6493606618536392,0
0.11333995341667347,0.3893688544063518,1
0.7229580500529358,0.08795011234478489,0
0.44795092645277723,0.8649117193124151,1
0.9730976597564123,0.7574688390971339,0
0.46533934929346865,0.30056326449504434,1
0.9290573786259292,0.28504642802945945,0
0.13864731954403808,0.5312824712018257,1
0.7976605706518204,0.10082153811835914,0
0.4663300084325218,0.15465580581321114,1
0.7658197871980612,0.7493472765750535,0
0.17164583248745668,0.2171003233955635,1
0.9318145308361332,0.18040304769816207,0
0.3979674260771173,0.8638848959613133,1
0.9087095027626158,0.17674362432892066,0
0.23363129599604415,0.09484772084618176,1
0.9841699482702396,0.4715012453252099,0
0.2584154113981235,0.37637319867802144,1
0.6396004507982093,0.6604410379052594,0
0.6689639028971457,0.8779355875265072,1
0.7824889685893708,0.46911313631913887,0
0.5920243522134951,0.805781961765844,1
0.9123012336800187,0.09697019912043747,0
0.10946220628291148,0.42256365146017705,1
0.7671332272430388,0.5706788561428308,0
0.18752949552042109,0.28237159164890946,1
0.8869215379692915,0.02361407351768552,0
0.5939631132109705,0.11565469069722834,1
0.5376747940855238,0.4210833350451112,0
0.35946359737277755,0.19393493574961096,1
0.865677009585329,0.5225003765187004,0
0.5382263056108306,0.037551734264834935,1
0.6671022945366054,0.5780670539874356,0
0.20429550900942517,0.4029779985400942,1
0.6843964140156473,0.6479631950055114,0
0.6520324400226504,0.8007941700090694,1
0.8257758633815608,0.3615531165124143,0
0.2551260396777276,0.17772647890707438,1
0.8381152575771414,0.9187964098885523,0
0.3833960440181947,0.9301950490909022,1
0.9564361118770116,0.47371457970562814,0
0.3586928530847213,0.6150519711565813,1
0.5759421792125685,0.4799290889518817,0
0.12431862035435437,0.14799091088359628,1
0.7894673352693415,0.5146073087986067,0
0.1773986319148002,0.12945478354110573,1
0.41189455388629403,0.4770508177369628,0
0.4788308467463104,0.3194028656405231,1
0.6235793994748466,0.5897977110629198,0
0.6740476508053372,0.127206415494742,1
0.8507994334106437,0.6472880270562488,0
0.015442448717885915,0.41047213969260865,1
0.43795891907809303,0.3844146395088388,0
0.17932369901016354,0.8880390375745381,1
0.42330174279102695,0.5589201025081565,0
0.31196441424953714,0.19352249865363025,1
0.5652429351719525,0.4876500649521931,0
0.22026654814329893,0.2504380032924137,1
0.9041798436222889,0.3185834560956695,0
0.3638020782226432,0.8684078355590225,1
0.5998708602870746,0.6086632549928143,0
0.20612566302669366,0.25071102031877146,1
0.7757053220960428,0.035958803731879097,0
0.16391440066895335,0.27736768074753637,1
0.8052650693577389,0.7497047346878635,0
0.5974058119089035,0.836577418525158,1
0.2191771418091728,0.4749412108372304,0
0.06623954621290584,0.13544398572252025,1
0.8653012410224132,0.2400439481602803,0
0.5225953244871043,0.7860183652219224,1
0.7490462561813114,0.28154619082455956,0
0.33771328705220893,0.09377585405230782,1
0.8445251805832684,0.48344003917892564,0
0.6092994044745248,0.21198835857315823,1
0.9966168485480599,0.5056987938031003,0
0.17333474534101911,0.8439991371133075,1
0.606973810985089,0.6669040080430996,0
0.3906305627497114,0.3318599288005373,1
0.9743879677596555,0.2186722994031236,0
0.4797706137893403,0.7412834748792901,1
0.5482024522280302,0.016671653021116617,0
0.3791963910879952,0.7469142693426131,1
0.7079952391742723,0.3756284222793489,0
0.47202125434599207,0.891699522026098,1
0.4706286052922416,0.3726754015981599,0
0.1938032840377174,0.8071371605739698,1
0.9248881556676247,0.8393904533251829,0
0.27679509457586726,0.9865630925341246,1
0.9035832567058345,0.5784743411954548,0
0.2330441702694226,0.932158477880535,1
0.6865722985634175,0.457305271204676,0
0.5913572354282206,0.1321239957660869,1
0.9692387596607522,0.5428767462600197,0
0.013398968357130392,0.015650400342604565,1
0.6749972108453521,0.7091578787228601,0
0.3130416055413263,0.6296667830806202,1
0.863496837060894,0.31816814769245183,0
0.631323897415945,0.9054548564022331,1
0.7452146116571187,0.33188983092167634,0
0.3531211249812539,0.6889636371268761,1
0.9739922114039966,0.6648851592001305,0
0.08159137549040563,0.2648195551587301,1
0.7670294601785692,0.3908264268230922,0
0.10256779382446424,0.9338817060630972,1
0.6893486732268641,0.3713463421387635,0
0.1132170424357789,0.21456596488724933,1
0.9740211791778853,0.44262885340424707,0
0.06316304221360014,0.47520618045998686,1
0.7187154466847744,0.9847656500878651,0
0.035485085404335925,0.08389876129273766,1
0.9853908205881954,0.8135154340796505,0
0.13048396132413198,0.02382197251839213,1
0.7084891032336573,0.42935231128626394,0
0.5615753585077781,0.05620360023784354,1
0.8031573343207605,0.680679602570249,0
0.1424793857850184,0.7598564412806681,1
0.8228191972081158,0.49467580186761473,0
0.00019681476404465048,0.3559337011282111,1
0.6720012153628651,0.635963117882726,0
0.6787405998455208,0.824369585718421,1
0.7537793993146806,0.094562598258087,0
0.1815279040017681,0.038392017729647177,1
0.8700411824970927,0.6201701340551077,0
0.3385428015165133,0.3383663282950464,1
0.828923547769868,0.3984475044636009,0
0.07328876536022666,0.4021613654897551,1
0.32067007384773694,0.5550077005594115,0
0.642737893803956,0.8689914694453919,1
0.3733020689887525,0.5143878061454121,0
0.29708514865317914,0.1444947253539769,1
0.2790208494080345,0.5347194119754584,0
0.11306177667351458,0.07263454717973883,1
0.8640904989030515,0.7450662942172873,0
0.07020370596846193,0.3711239936237847,1
0.9111749377951408,0.7598183391526071,0
0.5531285819152932,0.7085020527481445,1
0.22704687406682922,0.5273774341157457,0
0.1630917802926216,0.29088254662891866,1
0.9419807144981941,0.13282942453355828,0
0.47274766096100806,0.18517947291429404,1
0.40591230056454775,0.43816762573533563,0
0.2943817096755873,0.00198006672861617,1
0.9711706294949993,0.5237805469826001,0
0.12955707160530172,0.5586838545130538,1
0.6164897916668372,0.012458756145366512,0
0.06037863399326071,0.2843317155874503,1
0.8903401420156714,0.8424816499538141,0
0.4319807340199703,0.2846969154043715,1
0.8779562592751339,0.12334727377094779,0
0.025799000920193715,0.586729277670045,1
0.7505989089249592,0.2795318032352895,0
0.3783058904880324,0.3061223410588675,1
0.7043364198593984,0.6039612695446556,0
0.14376097369077367,0.5354896681764083,1
0.8302602928150126,0.8977367795901124,0
0.4046279394655008,0.9853850959478394,1
0.8242204226818097,0.7088053288487532,0
0.13290186187420272,0.9059126011164866,1
0.9011805404353497,0.6754226178884417,0
0.05021661080866813,0.46428834950816356,1
0.824226257984781,0.1371448954250104,0
0.3732697034718302,0.8724163008540528,1
0.5995686836022208,0.5576125198000131,0
0.4631438584900943,0.8445968726075379,1
0.9343642415888209,0.02985555375742832,0
0.026869512765445247,0.3773250718204798,1
0.9741967320071145,0.13896345302237711,0
0.19136487710628525,0.902417874109239,1
0.9563896549850666,0.16752602004461525,0
0.4844129535309156,0.21832872436479733,1
0.6601580577513704,0.5637363512545699,0
0.5710571604785426,0.037517882681123216,1
0.9413257729424667,0.5830309834957826,0
0.7410813845652213,0.18793554623760866,1
0.8285289602688783,0.461157852167281,0
0.4603184163916173,0.7851171942163714,1
0.273899294278783,0.5208554730519106,0
0.5617390586852526,0.17690682302411376,1
0.9908363384780569,0.2698687173128934,0
0.27914727198793376,0.7585577944936469,1
0.7859173062399607,0.575626586247603,0
0.30853251086911293,0.07371710868337122,1
0.5669182440778792,0.3974091772990207,0
0.5118228831551339,0.3150085121711369,1
0.8143536487327568,0.8651344007489845,0
0.4014079682619669,0.8360050013715258,1
0.9064492908142905,0.07203694626307511,0
0.21529215254444956,0.9793320596454904,1
0.7356333964937961,0.4275145360507525,0
0.027547360696209555,0.4606018364704856,1
0.8463745933127022,0.7202291834710273,0
0.247826114593791,0.8131815735085574,1
0.9477652935738339,0.3104109478262296,0
0.38507894826293565,0.8068625676262792,1
0.6797764535069207,0.9334160504663125,0
0.46464210187814425,0.20208825675450948,1
0.8038095787383771,0.47991914146795644,0
0.04850607552427155,0.6953952671297902,1
0.3134143712564732,0.43435341582764575,0
0.08328663442864326,0.7158213705902279,1
0.8506898566060422,0.6390409361984515,0
0.06594094645789406,0.34054818003628806,1
0.9676147638671554,0.6762903262197545,0
0.12341320260718525,0.15369170534903298,1
0.9174971007206599,0.9044326889698437,0
0.065782315952162,0.18744277618369187,1
0.5556109947295828,0.4240199216480086,0
0.26339515315001416,0.7203069124400925,1
0.6294942571662802,0.6052705093278,0
0.31333191449957387,0.10055490354461472,1
0.9748547089432185,0.9197042962313918,0
0.7405211064145256,0.7713877441502168,1
0.7395072536303802,0.5841201508620069,0
0.49970648248419036,0.17241454038298598,1
0.9057797328796906,0.5399604111958881,0
0.07384832948304243,0.47190861290129227,1
0.7104401313483009,0.27780319747979776,0
0.7254429776643361,0.19196943329300598,1
0.9939984484763832,0.9617798654688345,0
0.11880432376006089,0.6033083854856743,1
0.7920571801427153,0.0659827671220774,0
0.11307829804157998,0.9893288286760963,1
0.8469929221556292,0.9743730614330801,0
0.6338398787541788,0.9093956377434415,1
0.626441396313967,0.6048800117402093,0
0.38717766110705965,0.8860776387469814,1
0.961271797246876,0.2479813780232577,0
0.34150449265498406,0.7549845782969753,1
0.9130637247857953,0.8446382231115005,0
0.6870241012522484,0.20235699565020593,1
0.7854830370182225,0.11720907264894198,0
0.14479088710744836,0.20742942333193215,1
0.6466722032485149,0.6335064360912064,0
0.7088632804008573,0.7893998206390793,1
0.7412593146555676,0.5243934721061292,0
0.44661251895498,0.6690092096411931,1
0.3315569856108215,0.5074140080117274,0
0.15594497886357994,0.6314794759360453,1
0.871307205810328,0.5699747611874323,0
0.07749412774892905,0.23272839221710728,1
0.8001765221916711,0.8850900422697724,0
0.5800491445991895,0.8793579461131344,1
0.710165766697831,0.4821785011098163,0
0.11515208556297007,0.45789078758971924,1
0.6842300803950487,0.5553604922364217,0
0.04290028436411464,0.13573019811121667,1
0.892536497823715,0.5769547453815178,0
0.17707552948142657,0.04814344328248099,1
0.7489761757442912,0.309717432744784,0
0.025845780840707544,0.7485107487896829,1
0.9621859643727851,0.1912087418903392,0
0.5383197609839006,0.0924497915926723,1
0.926325836201049,0.6707756619401213,0
0.6477287718849802,0.7490696653675554,1
0.9982471058554669,0.35489165999339256,0
0.05609881174816467,0.3119567143238544,1
0.5522375094914018,0.3494745239938134,0
0.2764757168842512,0.6709935253199044,1
0.745157205236783,0.31069287686790736,0
0.4980972785972585,0.20468869165071435,1
0.7081293375313474,0.5917484491758614,0
0.6736888001458464,0.1853449547946514,1
0.8546048012490629,0.8599063705767557,0
0.011234724800048723,0.4399429529311569,1
0.6770414774890604,0.6896298459279897,0
0.19623847583094334,0.7165430568017502,1
0.7017679760928295,0.5780082103704074,0
0.502971302272531,0.6756966629593554,1
0.6355797185462339,0.43803271439825764,0
0.5469533219642093,0.7341189775634662,1
0.6252572094461627,0.394287325925869,0
0.5057199765692425,0.07260693561402964,1
0.6890833869966881,0.3914003965433587,0
0.29473849758567994,0.7786768859675463,1
0.9249570193034568,0.21182035031423507,0
0.6737878090580773,0.09118496513020169,1
0.9914588293430345,0.7894201612591301,0
0.6784347692859602,0.8586720155912947,1
0.8582800270402888,0.5058481929109963,0
0.07081110364494281,0.9734555292053753,1
0.40444938367980365,0.5388468615576055,0
0.5855719763301673,0.09421109117097903,1
0.9687078005465319,0.030249366819877666,0
0.43890534302044226,0.6540574586673416,1
0.6850770345323247,0.7176995920772767,0
0.08392223858481507,0.13780286514400653,1
0.7369319836895282,0.5200516137300509,0
0.4536488261820878,0.997587131689602,1
0.9488218602812825,0.8314589272202806,0
0.12998616860121548,0.04987122001588962,1
0.9321615073516378,0.2475838716904305,0
0.4392220832772943,0.9341108902033226,1
0.7784218772283594,0.38259945820583374,0
0.27655607701417706,0.811372597055837,1
0.7210722992903564,0.3045024152981266,0
0.7872888239030922,0.8028848887534206,1
0.9425688632803444,0.6482282512677758,0
0.36452771676628415,0.014702288727382662,1
0.6334717832422195,0.4691356535997263,0
0.14344856753259472,0.10649649866239241,1
0.7665992850441132,0.9005410857633444,0
0.5801009655862488,0.8359639722397146,1
0.49136379616597914,0.6289789994391614,0
0.6716246569865094,0.1351342996986431,1
0.2584052926462852,0.5184393057071587,0
0.12023800493010428,0.7505356756324617,1
0.6733085499073864,0.6351568778990657,0
0.17913784175666791,0.7081010009783929,1
0.5068854330956749,0.39462924918450204,0
0.6472929263878014,0.05733164328957252,1
0.820378760541548,0.4229604753757774,0
0.10786421228119314,0.7599973774517733,1
0.537081884229567,0.3364012935490126,0
0.35073510186360124,0.14478665049869732,1
0.7306221498469317,0.3794551334190266,0
0.23148911881183432,0.6331961260092831,1
0.25541759847138357,0.5538061889392718,0
0.5486546327476888,0.16230723395532576,1
0.8459358892281225,0.6058964973364129,0
0.3374843092649351,0.1834170667154016,1
0.5735394323586698,0.5912549180730341,0
0.17795870972824923,0.3426690018518863,1
0.530694207459433,0.6156265762911715,0
0.2897068385792734,0.2596694734442828,1
0.34566435111825566,0.48263471059163565,0
0.5412320016791223,0.06321199853917525,1
0.9551852125550956,0.1652504012911966,0
0.101487472807957,0.3717056064411999,1
0.5463800910491424,0.6062924378104407,0
0.10300046613320779,0.15337278041667324,1
0.8365846240274384,0.37801129307869397,0
0.3922057574231963,0.8512188447563145,1
0.9662082158256556,0.19098460098104753,0
0.18737955537576978,0.9289385690192612,1
0.5406380362422568,0.5370366853824303,0
0.5567095985007516,0.9588932440497402,1
0.758472883753309,0.9420831079865749,0
0.1669310142849808,0.6123940086720262,1
0.6385091427824535,0.45835080098799674,0
0.6273879161167606,0.14940817453377253,1
0.4780595718917978,0.4522013650315443,0
0.543173226808742,0.05274186242593559,1
0.8205769425805137,0.07149621960391206,0
0.7456268025246549,0.19179445634608794,1
0.9374121740609437,0.08693115128289275,0
0.4656575931644643,0.32439302489009714,1
0.704810725836079,0.6797067408208839,0
0.3775958292846683,0.6309060656053762,1
0.7492563787029383,0.5445384151782902,0
0.16849709294534443,0.7176735345163902,1
0.922954477902531,0.23148252183475293,0
0.4023423316115916,0.8761760153941978,1
0.907396856434589,0.0763839505780205,0
0.2063381229049368,0.6801493211866052,1
0.7520920418519298,0.43083593296888356,0
0.2465988037793455,0.8739715845544599,1
0.31482080441377736,0.4170913948908319,0
0.3330030269985125,0.8007419431061826,1
0.9604984368344307,0.14924502446080534,0
0.2046095906218952,0.8565602669265062,1
0.5778739352129978,0.5293563535901177,0
0.22771047403118205,0.29976355086826256,1
0.8701748491804673,0.039974748473047605,0
0.7656318896910491,0.8663595260516341,1
0.9142775631165944,0.6088626484505288,0
0.12400471742009334,0.614296987648113,1
0.8386580110714583,0.25350651194488094,0
0.22888850589028886,0.3358551890921242,1
0.9877331160324433,0.3450875752956918,0
0.7508117892888072,0.8415108942002028,1
0.7818236023529154,0.5424049519482894,0
0.20220919290572414,0.08483506653216766,1
0.6579585554900572,0.6476741956827222,0
0.6017559311007648,0.8296101746051413,1
0.8321016858847862,0.325977797734748,0
0.5583515893885621,0.7330719524636894,1
0.824425433073651,0.4220177829761421,0
0.7585944566426618,0.15656306655718044,1
0.2940954873576932,0.5739197880298771,0
0.09817994324292623,0.6732746994508838,1
0.620947749892039,0.5528996759548777,0
0.17806106171726088,0.07405407756572302,1
0.9421184836592053,0.5540971941849309,0
0.39094817318545616,0.9045013809980208,1
0.9373859271351339,0.30003932791256294,0
0.739384753756431,0.19052091528422,1
0.8271752442937925,0.9360929662955741,0
0.013373634466033457,0.25804676794847203,1
0.7989188432801323,0.750659503429955,0
0.6478339952629448,0.8584187730365136,1
0.7266428010486737,0.0723245844421998,0
0.24184862720184397,0.15238173788493437,1
0.999931408424322,0.2258253859952173,0
0.07985657449140693,0.7789512490901546,1
0.6971793030550325,0.7115819161282693,0
0.22850626654092077,0.3846184732748833,1
0.7616651319433173,0.01614650592354494,0
0.36057182931320375,0.24240714645993067,1
0.9121013374263027,0.631578752980888,0
0.3901087523070432,0.9275480246148429,1
0.9932707876027074,0.07621243043237669,0
0.28544912036198156,0.35570810140191056,1
0.4634022233902987,0.517390963087711,0
0.5641787385566407,0.19058234744832758,1
0.544634257346469,0.6318648857862209,0
0.08298468336226916,0.8874871494379907,1
0.5505716205259003,0.6689948514681813,0
0.3004685821646973,0.8529476554921,1
0.9955392013416313,0.6548751701827734,0
0.4862866563085769,0.6689903606634773,1
0.7429177394117127,0.38061953589057174,0
0.2896947206831697,0.9178315259651616,1
0.9002662937857133,0.4805394565642723,0
0.5104929648786397,0.8950130351426111,1
0.7124392429529256,0.7377571839932867,0
0.32776847572105494,0.633738874125537,1
0.3710939916332072,0.5243994677098818,0
0.47409342870024473,0.9850011816094597,1
0.7441691164899585,0.6654930474956522,0
0.07076119248799584,0.08566717768236354,1
0.6908988972940611,0.5878689766632962,0
0.6458591995079581,0.7788515795945223,1
0.9156970689775654,0.3632017913824639,0
0.45543535057015094,0.8684375655330182,1
0.5038447931024627,0.4416123053747243,0
0.010684774504463035,0.40952694071939044,1
0.6466244467091069,0.6408531155348683,0
0.04472931934511337,0.11478414284254634,1
0.5084860714239736,0.557587126709983,0
0.13162361473855744,0.49486590564818633,1
0.7995639976777547,0.8898220058556177,0
0.1359646416518493,0.5203143994515254,1
0.4978544782726009,0.5025756610748937,0
0.4054470641886555,0.8873141513327564,1
0.31401130318154635,0.4460415466445181,0
0.04365822155533161,0.210603667005973,1
0.8599805690440189,0.004043754871057459,0
0.5328377975985541,0.9439741248445489,1
0.9841051514100508,0.4008032736181373,0
0.23277993720238643,0.12545973763494767,1
0.8244208576111758,0.9765486242224791,0
0.13674292177600023,0.5742490165748841,1
0.8009932446492707,0.08161135639088635,0
0.6084276205034833,0.8763624093778688,1
0.262983882485889,0.4372390080930012,0
0.7336128769682086,0.7892388702923295,1
0.8975429165712843,0.8704200046563801,0
0.11271310671935075,0.500862421602015,1
0.6988929057446104,0.4938934499465403,0
0.5247336586168694,0.822507785583527,1
0.8096375247357808,0.1019338305549039,0
0.36267220922254584,0.717995464903445,1
0.8261150034186705,0.6418305758465662,0
0.19060781143096717,0.6522506673114264,1
0.9541263195176534,0.28836521575167473,0
0.621548582001887,0.19119437008632556,1
0.40587982224164976,0.4139861896550674,0
0.11508647490843105,0.1689219082804364,1
0.7231250906617637,0.7455723756225314,0
0.23032899935433115,0.12235583627031588,1
0.6266974515077376,0.61526354664511,0
0.04648772242673693,0.606436471283879,1
0.9917686308105745,0.6424259277285571,0
0.4821896773133879,0.8486834683123103,1
0.6400244891459557,0.2864706634738926,0
0.0835241628313741,0.017909247180629695,1
0.8312232923761973,0.09282158897358761,0
0.1639369670350278,0.35561708556730787,1
0.8350768625691923,0.130668809802566,0
0.5062855173821086,0.8228397458531758,1
0.8451072008192889,0.15967839771838166,0
0.22305478794143063,0.08404633441067522,1
0.7289046927786588,0.6850714944074558,0
0.561923925416352,0.7421160658693796,1
0.978888511412184,0.8267511441541273,0
0.4286094604037707,0.7529501814225429,1
0.8727199003798194,0.25308759601956077,0
0.3933878898768707,0.10758521023549017,1
0.9421143615252231,0.04768054704182789,0
0.4667599858354249,0.7541090706399965,1
0.9597088545835047,0.16422531337611168,0
0.24424646688960472,0.2672747377821857,1
0.3727989262786673,0.40185078713325584,0
0.5118783584744248,0.743293190612056,1
0.9790518731683773,0.25506978215699605,0
0.3490072391060085,0.32643113173844795,1
0.9584531190462097,0.3648591490604389,0
0.25068449106635304,0.8612219407026186,1
0.9970240320899886,0.08497234055357927,0
0.4197592707702489,0.9750093507506802,1
0.8608030639695475,0.8966119910168013,0
0.26476484973536485,0.7170079309101227,1
0.6362987374965557,0.4582712687618634,0
0.3472551686047781,0.8749330929466572,1
0.6589738445367816,0.5774338352687655,0
0.09486788280662017,0.39969835125183384,1
0.8759503338530257,0.24641104390675295,0
0.15080997407018748,0.9856793806452977,1
0.8716755605779275,0.630018846007601,0
0.23201596209844866,0.3608754875357998,1
0.7388502392620632,0.04927744502866116,0
0.49565115718941366,0.12615527587406072,1
0.9681800132743842,0.8061854347381758,0
0.23421010737692294,0.94080430001619,1
0.8626067614796542,0.3744732681343661,0
0.11056392127282666,0.49995894752600456,1
0.686062912773299,0.027680824639586876,0
0.4077637511787615,0.7562442536259749,1
0.7935830153540431,0.13298409867411665,0
0.09775206745237175,0.001801694514614538,1
0.9034164331108123,0.44584339778139725,0
0.15250899158011932,0.7686280586440998,1
0.8789989897535018,0.4127863515057941,0
0.6545865861902855,0.7276344581986204,1
0.5016059494113496,0.6328106739632333,0
0.11432932836970966,0.2679566554593339,1
0.7987926377358753,0.1876713428252088,0
0.13844508553201573,0.5207350331814667,1
0.32185904911064345,0.4313865838361005,0
0.4351384451866883,0.265367636622566,1
0.8508116264857606,0.8056329920932361,0
0.12699180865896942,0.44361103548908076,1
0.8227522151625649,0.9501576169726407,0
0.1351413781811016,0.6476065873112126,1
0.7443407574694708,0.07021995646295409,0
0.13818646088034248,0.1633817805325648,1
0.7909416642044638,0.4161112182735166,0
0.026889276254701167,0.1925433752340745,1
0.6759722176883499,0.5473153603163811,0
0.6227595569967019,0.8383963911593436,1
0.9368598351532154,0.4793951779713468,0
0.43310960583804003,0.2555729852986588,1
0.748777810870973,0.9429316230080446,0
0.2890722757927161,0.8783690593229295,1
0.46016557509149236,0.5976290885735257,0
0.18475221239031903,0.22445278527271229,1
0.9883224366724271,0.6613163221387846,0
0.41927471729050003,0.8619807168813147,1
0.7009851734101724,0.45326886734500804,0
0.2718548653937438,0.3816413625681736,1
0.7715943303743186,0.6467601062804468,0
0.18075405819550727,0.9953146413590191,1
0.8626967886530973,0.012096427024423595,0
0.16864310684468609,0.7674295156286022,1
0.9215654388056556,0.49789655245807696,0
0.12281254586765677,0.7988981094162293,1
0.9386271721630066,0.2679024534209543,0
0.33275720961374444,0.21934515849876857,1
0.890131655393188,0.39625966156283854,0
0.320417116554659,0.006997686239031631,1
0.8007792595429548,0.5608351580086048,0
0.08376990240832327,0.2247627517694536,1
0.6032699386098381,0.346882428614377,0
0.6216685153527847,0.2809287199467235,1
0.9673797007504562,0.5526164753572834,0
0.12134560430405095,0.669581284644986,1
0.6331457708262525,0.43305223018983485,0
0.5563663777190618,0.02666549175168864,1
0.5556112999681905,0.6266189741438484,0
0.06303465551095999,0.063833571803531,1
0.695164189316556,0.7384891405307275,0
0.25988584340224963,0.7771792379383795,1
0.6259879957228894,0.46843094728979495,0
0.20050112181265123,0.8661149122661641,1
0.8377780606799797,0.3424111122340603,0
0.0617561094551109,0.532104740861891,1
0.7269618111635225,0.5057429113403651,0
0.1201658179156373,0.6922461687852063,1
0.5196916479458625,0.5469053815472275,0
0.553096482001376,0.9611033192995859,1
0.6757357141292301,0.2830107419378777,0
0.022631470598643122,0.7694644005018713,1
0.6387573573704598,0.9846799831128531,0
0.40256500179070287,0.3456567041969755,1
0.894578127518258,0.24100544012645675,0
0.35889124502412906,0.22106594430048898,1
0.8527052436686383,0.36566678962762134,0
0.5162159742305166,0.2758763936980537,1
0.970055692899916,0.1999832297430273,0
0.518848737487684,0.9704982288196612,1
0.29734424617964794,0.4509217397804074,0
0.11822536592360788,0.4559392104150183,1
0.9947560706381964,0.08602549265540305,0
0.5192362325350185,0.9592159936716022,1
0.9569218821168164,0.43073406169089945,0
0.23944868181722567,0.2594561242488592,1
0.7480931052537368,0.694514473696928,0
0.05030489657967696,0.9932899620187033,1
0.6731489850151496,0.6572633664897227,0
0.08794019074302895,0.797320897599433,1
0.4197874895221576,0.5366559944924549,0
0.6349763376721956,0.7373244228487597,1
0.5063263849089248,0.49246161436592184,0
0.003420571050488097,0.9480140892733866,1
0.4136811445774915,0.5284600712227983,0
0.3118935573888838,0.08553176249403327,1
0.7075844799929862,0.948533613961846,0
0.725365263074581,0.8798293304245353,1
0.7156044133666661,0.5583511272230637,0
0.04096622663157856,0.32274317380548,1
0.9778280117119754,0.48625974409717454,0
0.041691272163626114,0.4740079976692495,1
0.8683818647687915,0.07207288044580407,0
0.7599644456376965,0.8648750416668789,1
0.6845102453668229,0.009242661074602254,0
0.45745691731500937,0.15730647488556715,1
0.7924306357278335,0.9526902991185803,0
0.5263315690303798,0.9234134073759482,1
0.6057150960474509,0.5996489610983251,0
0.1275301469059562,0.07893204030925494,1
0.7986335319432221,0.7312138973587599,0
0.43098563195660555,0.09777755003753308,1
0.7260200909747873,0.6819363072817434,0
0.0302436670749483,0.7154091833242768,1
0.8005604209578586,0.045436598785287385,0
0.03850335472132527,0.7598736050727521,1
0.7300579700492559,0.08788335318269824,0
0.23323259416309983,0.9731947193053374,1
0.9836506593691289,0.7280399420874918,0
0.015773285325837882,0.8691540797667842,1
0.3107375032945411,0.47063647060655933,0
0.1744736058097549,0.2729395564369903,1
0.9262714034867149,0.2617305795024607,0
0.09490322755497616,0.25921362267759807,1
0.6720254107520417,0.04506262080376122,0
0.130978771649777,0.5363967620451074,1
0.7768945765236758,0.6741327203781234,0
0.06441801951133441,0.8349706898288292,1
0.6494902680326257,0.5505225986352033,0
0.2658983760811344,0.8815713459054427,1
0.8394306001625893,0.9788477712701331,0
0.15117624510545102,0.1489166173260582,1
0.916713802206217,0.34626891342693467,0
0.2978785575010553,0.26758131520822326,1
0.8365371850173592,0.9239888029806063,0
0.013862919058476808,0.15967764697770503,1
0.7121925894685358,0.42674919890543583,0
0.03303087692156392,0.10891344922162083,1
0.8822633502170356,0.4212168442150007,0
0.5487854534621965,0.8707595209006324,1
0.5763837423783587,0.43258660407608485,0
0.06413602956856856,0.12740169772887033,1
0.7765644029882248,0.4190512703895697,0
0.3544648791800665,0.9016867079214576,1
0.3981154752483489,0.3754494364861056,0
0.3705452763595286,0.2096450021814037,1
0.5601926987294693,0.40263633462754544,0
0.17697828325683962,0.06596562074352674,1
0.5870402887704519,0.5894046811701444,0
0.41596056779423796,0.09719524164985305,1
0.21328979628344213,0.47911223337152553,0
0.4696060749606181,0.13100434110323844,1
0.6753314954081862,0.5548009304551078,0
0.21860720601263828,0.3915966308603577,1
0.5135092651221499,0.4901348069920286,0
0.23585905949744035,0.20656373365056657,1
0.8386135802484679,0.8071104464789969,0
0.451056527914775,0.11967667918599967,1
0.8373345342918861,0.30262068102967166,0
0.3521139666859461,0.8220670229413587,1
0.8064993539072326,0.758869967692507,0
0.18044455473416288,0.948422710253804,1
0.957453658419194,0.30716994967553035,0
0.511343103684483,0.2354330720785014,1
0.6704731035448956,0.278076436072213,0
0.1378997828976335,0.9377167398496721,1
0.9018363583727331,0.4979864173352593,0
0.14327115649410693,0.9291105416637587,1
0.8189186084681307,0.5532122086632364,0
0.03187725387012963,0.6104901991284115,1
0.9395764437582351,0.9877750318263121,0
0.18027450035695936,0.04049021022379706,1
0.82909451701907,0.31912561294270503,0
0.398815217602015,0.8125800502754589,1
0.9071066219141658,0.7505995636577388,0
0.17444775829000558,0.20201773157302094,1
0.9432948328919257,0.9683342987332895,0
0.15178922172363696,0.36354650796242793,1
0.5050194833350135,0.3629301633554364,0
0.17196471487982146,0.32161555050124,1
0.6062178160812023,0.02443853556237019,0
0.0017922924699829146,0.8642126390663416,1
0.7538192982797196,0.2695072047531034,0
0.08360777153085519,0.20939004360597557,1
0.23089417634621212,0.48225837669831306,0
0.007433039267220165,0.7931370252212427,1
0.8011619953074801,0.4121529117414978,0
0.6885390911837023,0.1666322662053853,1
0.7018720295496095,0.7122014074673599,0
0.2516867311640455,0.1494542766470971,1
0.8509363968180784,0.39707921116267475,0
0.27005595910225777,0.19431137969362422,1
0.9567255931131692,0.25011858167874634,0
0.30995118991647863,0.32427393892143286,1
0.7832204189706389,0.6472224942609939,0
0.4296073243993579,0.13919764445970384,1
0.8297935218464062,0.1947369936121751,0
0.3545490096036028,0.7603068509253308,1
0.39895832233324546,0.42361150990066565,0
0.20518699025386733,0.3804303541759151,1
0.7989303928678737,0.6533029499649888,0
0.005366403329143621,0.5246090987475139,1
0.8595117182644594,0.05889122556009141,0
0.7149558014563278,0.8543748475447593,1
0.8682885227986449,0.16112179779173585,0
0.7495812197082666,0.8645529819431532,1
0.6734276267914145,0.613858771444873,0
0.6098891873604282,0.7583963671870914,1
0.7920456913582514,0.3689462559175857,0
0.3505407279501913,0.18931243800580866,1
0.8899455134686801,0.9807771765817379,0
0.08716093786923973,0.4029652490493798,1
0.8982084189295021,0.5045488803220725,0
0.02958249551198533,0.8699406151959665,1
0.9143370010726658,0.09831324169682054,0
0.27059459748646875,0.2756197103950838,1
0.9703067958304255,0.11257739622162499,0
0.41308259305787254,0.14386133683326385,1
0.8228818308694498,0.9370515245145409,0
0.2840264619778613,0.0808530946434215,1
0.32029054231991705,0.46237907844484916,0
0.09391860565545762,0.046157417784213006,1
0.6682083311687912,0.6915525847683076,0
0.18326597581543114,0.35907371140021094,1
0.6709271329215157,0.2852511304105144,0
0.006195089433621126,0.2934239977985389,1
0.5532548070237406,0.4554149436797542,0
0.09880407686407111,0.9728213118254075,1
0.8345656572087836,0.28720629692023447,0
0.7406394139940489,0.16490037479415365,1
0.6321013783652755,0.4568028659532356,0
0.10187915711341755,0.6128479859096041,1
0.9377027570439912,0.9396953456211,0
0.665252689106185,0.7539340652465472,1
0.8247504333108479,0.5805378671442378,0
0.42531898937284296,0.9020615458235067,1
0.7541630699657198,0.27692825305176194,0
0.4125269319103294,0.8784473509989557,1
0.7457361883888649,0.7562865884981982,0
0.18767939357689645,0.6834719946222171,1
0.9780051730980629,0.7603259844849769,0
0.030916225621537063,0.4839824831471743,1
0.6547836718729515,0.5698866791449071,0
0.24890126490064268,0.10458125488707581,1
0.8180778997416147,0.05169535588260343,0
0.07278987524016822,0.1700917317681343,1
0.9514450940785876,0.9758501062279898,0
0.6356101947266167,0.8658011394295513,1
0.7863145059527059,0.01795064956864867,0
0.6119481680200349,0.9163465480663985,1
0.33118221322507657,0.47977550603532426,0
0.6445152726905735,0.8544340042394583,1
0.9034051648243312,0.1937111334797702,0
0.0966961046009468,0.5226875097863575,1
0.8264264760103553,0.7521476689309511,0
0.03634844051236574,0.6626930632345022,1
0.993763773406699,0.33263341725671447,0
0.3905551223894804,0.2310396309297199,1
0.7450291945131126,0.9297926863422749,0
0.5443762602791412,0.193831410608573,1
0.7014299776503778,0.46052370146538923,0
0.7265769955507995,0.8618910042278078,1
0.3250404243238145,0.4285331132213702,0
0.2930851199246237,0.3804457130764024,1
0.6839956225849867,0.6772367733418486,0
0.02012545260719878,0.565591922436651,1
0.3308271790182198,0.487299265274717,0
0.1631137448300054,0.6035270523048943,1
0.8819510296876977,0.980241662303343,0
0.5315847412817993,0.03627211664951335,1
0.9577589870314571,0.40794213611909946,0
0.7253299696748687,0.8690929293639383,1
0.4569350046766093,0.5352308937203033,0
0.019475709410255337,0.055815209746484684,1
0.8369109378223971,0.1822860434184741,0
0.11939342419141985,0.0717343443816183,1
0.8892733715574566,0.995691239694712,0
0.27120261862771056,0.8072191496095632,1
0.9868605180246007,0.8358127399489238,0
0.16364057956580902,0.5011553229995983,1
0.6726012542099515,0.640458614651339,0
0.6641194166466867,0.8197295274820976,1
0.6155811513042942,0.5509092540186767,0
0.10312681079208352,0.842066778182379,1
0.5947052269408233,0.519271084160361,0
0.2567550094307921,0.1255796086277714,1
0.6227634502322912,0.4513542377478964,0
0.2097101874334777,0.08006208156076844,1
0.816256466228719,0.021479578956560053,0
0.7228483585712268,0.1115232493774384,1
0.9337422839838884,0.3582627865755238,0
0.17016798951693424,0.6689835566235838,1
0.6210403374081215,0.6619613380691405,0
0.031869614208194785,0.567684444769532,1
0.7116100457176276,0.3067242074469446,0
0.1379486068235538,0.36583838255222856,1
0.43907152185760057,0.5440572204246675,0
0.7477860652709413,0.8594015685133394,1
0.7890158515758297,0.7718862759892252,0
0.2301622078581459,0.018374241409406022,1
0.9650557984590218,0.9731471046657013,0
0.3760675026002558,0.6465782509614812,1
0.25000310339652887,0.5376072289365667,0
0.6637387345372595,0.24421632821113826,1
0.6843322280101116,0.0502357947560198,0
0.19978244786261212,0.04582770141247461,1
0.6292686411903716,0.3535378407750843,0
0.12099016053192535,0.706243135197691,1
0.3071426294247265,0.5373936467010634,0
0.05440248133601677,0.6527244677205911,1
0.36688740337590575,0.39459171860820774,0
0.45507189771298306,0.935266316302902,1
0.9262615843346574,0.338405524065978,0
0.18530466559904046,0.5261439555123617,1
0.9032770778183922,0.22435724169512805,0
0.004451073988421594,0.7235998203715632,1
0.6060843443461086,0.5245499881487422,0
0.6387995483064546,0.23876758640742357,1
0.6131235877467264,0.9688881056144787,0
0.6066930224072576,0.7198113454216413,1
0.818898920575161,0.3649732674239018,0
0.48615382459572887,0.3069282246866628,1
0.5407323869168315,0.503650323760255,0
0.165814217696852,0.3084529041984998,1
0.9343673207619467,0.3764776367344208,0
0.021918014416096643,0.1495687442011675,1
0.5318210455645772,0.009498096569457326,0
0.5109728902557538,0.7963773827319659,1
0.9459052819399091,0.695236774189294,0
0.6022674595904182,0.11994809697490016,1
0.601130264041823,0.4650883946551292,0
0.1814188956418512,0.6990109925569367,1
0.7983017188192123,0.592516296978505,0
0.07145990296015947,0.7179602182473108,1
0.7005512863954174,0.613623259859524,0
0.5331201597445928,0.801982033604858,1
0.22517156853244824,0.4777668299232971,0
0.28078660863724547,0.20315037459645036,1
0.5666424741688534,0.6828697356911932,0
0.07280644862575392,0.21976502004058962,1
0.8439294326983459,0.7295898251901638,0
0.04425865668064077,0.536787129941077,1
0.7866598593978171,0.5891585547340042,0
0.07198418323073685,0.2458798851168832,1
0.4680608363025148,0.36663140683187945,0
0.22352484821944651,0.8926973694444993,1
0.7237656943324723,0.6678534488423592,0
0.4665616672540478,0.8473005357802549,1
0.8315072861256555,0.03487440466108449,0
0.5888478014982306,0.94282923301202,1
0.8239301692565916,0.8423771851159285,0
0.605356434010046,0.14531668814472043,1
0.6926283217428572,0.4258955798906189,0
0.04745179959915391,0.95972066406583,1
0.47777215016266195,0.5515873195530757,0
0.5540064327396442,0.8707889467869995,1
0.7911251600067664,0.9400659236142813,0
0.377240559330684,0.22101661788115545,1
0.7308993180604941,0.4934061814117996,0
0.0965531824797694,0.44247926803242144,1
0.9911333161977378,0.7176723805992924,0
0.2505805601989586,0.8764126075990515,1
0.878653025656673,0.08516086331728323,0
0.08633894833509115,0.7968158302570284,1
0.3425798964528558,0.4340958051501054,0
0.7306354902042987,0.22654203527087158,1
0.7096590132010667,0.7293498872822011,0
0.4168818406246285,0.13693458932950864,1
0.6747269888470734,0.6096569578886787,0
0.4194502222500832,0.017502069531120656,1
0.5960477536546932,0.6138555697745621,0
0.6040243166081866,0.0978231729877782,1
0.2918930479463425,0.5811546490814848,0
0.49110632791119513,0.3063461175652674,1
0.5947770609733424,0.5387668860564171,0
0.038064899741521496,0.3863065050064204,1
0.6313129668252428,0.4446575608920258,0
0.3816903206550263,0.13357707547699604,1
0.8192486993365063,0.2324807904809636,0
0.22696192519624803,0.9403348259299831,1
0.4673766597093221,0.5207488239507893,0
0.039540160342811825,0.09334716075150584,1
0.6108200929887004,0.0098812596722746,0
0.5795953315841431,0.17165450072561284,1
0.5128302519316971,0.523687021864681,0
0.4685046878809713,0.9206544022266844,1
0.9396825191016532,0.026705159595786676,0
0.4937095460235794,0.08685138573432671,1
0.30603702235451924,0.5117550229207779,0
0.05336231877537667,0.9377009205300108,1
0.701622666618259,0.632437325087716,0
0.1683377642332622,0.5347914691483387,1
0.4077160877888102,0.4506342616168617,0
0.3390436753351822,0.32816591887847624,1
0.8838192282868756,0.6764897839192967,0
0.5971326221569908,0.2795542765826379,1
0.8811670931937501,0.3504324711647151,0
0.33415176498073385,0.771997815181367,1
0.9520705137467481,0.25309091702163755,0
0.6269778537741983,0.2806579961469142,1
0.5898426597336395,0.6221183596773202,0
0.31175179753261817,0.08040496874239855,1
0.8075444276533322,0.7860861333125084,0
0.2576606061651605,0.06589307215416584,1
0.9816432506389146,0.6175937407654128,0
0.21851153357497233,0.649444034062465,1
0.5858386748209384,0.36521371554303583,0
0.09864717862597194,0.3928023504787236,1
0.6822415915854918,0.697356658460161,0
0.39780727708627617,0.1777806861848542,1
0.7264816522311998,0.41576537026693017,0
0.5838223077974429,0.8430286554185927,1
0.9758419938537725,0.6473356654063179,0
0.4482408145146026,0.8626332147387697,1
0.8599574309428523,0.01953202857993941,0
0.46098558434963655,0.7345786081107729,1
0.3499428124574805,0.44978897233140835,0
0.3376649680077073,0.7877488554727606,1
0.3722941564938622,0.3799939443906377,0
0.748485495867258,0.7818233390171181,1
0.74068969274056,0.557626545949143,0
0.32394441039406585,0.6682865724052658,1
0.911195266994022,0.060761076165469774,0
0.6109025625340866,0.7558381112610575,1
0.45426687622032713,0.5124479929480753,0
0.6056110982521007,0.0538590332844453,1
0.40841497285601924,0.45989323540782123,0
0.033209913263239854,0.21326730556035578,1
0.9090391043435007,0.6531745104617631,0
0.5191885030260015,0.13267848421285589,1
0.862690194660858,0.5612705919329068,0
0.01806032666912416,0.3060625669732322,1
0.6251881301455061,0.385146480837403,0
0.2458603327230401,0.23742900048050897,1
0.8048813279104936,0.832900101053703,0
0.42523884359014297,0.2506499106934075,1
0.9364302740954626,0.805271593884467,0
0.6461988231650693,0.059688969194504615,1
0.9573529582493217,0.9262466066402844,0
0.6211118176008986,0.7675497884344926,1
0.5228802467543816,0.39283593554983565,0
0.6455543356679095,0.19279313330448766,1
0.9982826847621393,0.6286958452711289,0
0.009251783135283409,0.7593139641983451,1
0.7295261567769165,0.04563115729039435,0
0.3470211497024134,0.14037500994468965,1
0.3410452810306801,0.43154886775978907,0
0.10376478540164091,0.7037188186362355,1
0.6717792648174147,0.40181580152963114,0
0.3313250637876868,0.3530231595106724,1
0.9942908710334265,0.7954184732848368,0
0.21687231035531207,0.6342541294820941,1
0.7724067197767047,0.6143876941871267,0
0.2164772334241707,0.16658831656489792,1
0.7229339956403291,0.34150135720546093,0
0.4741249180078272,0.9760945967726973,1
0.746768341516609,0.9534281358595178,0
0.29266276431565375,0.791270782786216,1
0.6906234864412203,0.6472214701629921,0
0.17914740344250346,0.47107483720554333,1
0.3466659544145837,0.49268535330756447,0
0.503380059654345,0.22061080677761702,1
0.8187925622959393,0.6595114239658978,0
0.1041777751168893,0.48734478212739984,1
0.9518163554687149,0.26050343870770043,0
0.24169331804752536,0.882200419528477,1
0.5337442948771622,0.527243515945541,0
0.3788443840679909,0.7705404813539879,1
0.8225354629257231,0.745083294979866,0
0.29789623019951006,0.2342490505829613,1
0.9464773144877733,0.6243274213512158,0
0.2584629743848462,0.12353416541535556,1
0.6807188926435116,0.9686414684692264,0
0.17800384362314914,0.7918952464419324,1
0.5339848453336742,0.6081810500235872,0
0.013462259122340448,0.462699473867221,1
0.7715264685680057,0.08070760968525048,0
0.1676507088994197,0.1768444848764853,1
0.5448869327245406,0.4143813778461639,0
0.22753832773818872,0.24394178469989425,1
0.6711148891131891,0.46644715138575077,0
0.16639905940699884,0.5382326032449085,1
0.75276569635794,0.5630763221054227,0
0.3734354848939183,0.10438186714081255,1
0.43719083097434164,0.5007793958559165,0
0.33212985135556283,0.6053442915895011,1
0.4951885476067417,0.37827628967770355,0
0.013143218182439687,0.1979056467030822,1
0.9271314129672991,0.02068137872510023,0
0.6174317951894024,0.241077578780598,1
0.9754606578001359,0.08138203184085868,0
0.3433133457110198,0.7425297149686259,1
0.6806873258295253,0.40371398782381696,0
0.49120769799358566,0.6742254088030315,1
0.9571169084394944,0.015264531561315686,0
0.5649855125272386,0.24722000335155858,1
0.6391491257903312,0.5578455879378278,0
0.09826918780646232,0.32245963599771554,1
0.4504071990078855,0.5545646628191551,0
0.6309612360715898,0.27510468278725375,1
0.9481986728150765,0.606622217444673,0
0.1256581032812223,0.9890398935709203,1
0.7384487280781172,0.2970005935390706,0
0.3606200760077197,0.04040129529265868,1
0.2871945757122091,0.5052565058607827,0
0.17319655682111912,0.7512912908832367,1
0.25460398070756796,0.4513596441871943,0
0.14464272029670544,0.88898472449128,1
0.8314989526377765,0.2597859621579055,0
0.7707634822188416,0.7914087723013657,1
0.895042790414702,0.7783158223254057,0
0.6329161722523169,0.814997756078566,1
0.9107321195726269,0.060651317943705374,0
0.15791794445031193,0.6476234821037404,1
0.8793603500654434,0.8309081940349851,0
0.6215644369385244,0.72681945626107,1
0.47943549960398146,0.6005192254908905,0
0.2692132491427808,0.6483279334591553,1
0.8331270846252716,0.7880219633963725,0
0.48834683078631147,0.12255684711098913,1
0.9710486335589211,0.42459564788925475,0
0.44702623856644197,0.14196734519260057,1
0.3646136092266896,0.459209092970288,0
0.30446938591763006,0.25708886891722504,1
0.8147178676230076,0.5730784424300388,0
0.2020855149533316,0.45432861081786236,1
0.818201007465299,0.9251638999020237,0
0.5370404053575918,0.04597436095858387,1
0.24531520642848037,0.5225069844467222,0
0.2571925464813207,0.8233267922329423,1
0.844329029894338,0.678371421025627,0
0.2863898465259529,0.043792018733216476,1
0.4831171967793282,0.6454454450080245,0
0.5797454964848705,0.9506687948963767,1
0.573158029609855,0.3395674076363927,0
0.5571979921452919,0.7302697698694891,1
0.4703375871533637,0.5724342563531442,0
0.59225803031138,0.2448588782929808,1
0.7597903156542501,0.729508335020811,0
0.5697589386551745,0.23942660071377897,1
0.7499762280620657,0.6434050091202889,0
0.11955995666586261,0.9736811672519954,1
0.41366787404114436,0.39330236771774807,0
0.292326673827227,0.055416740920071095,1
0.9491042722734367,0.3449554235462958,0
0.23573721030411277,0.7539816794981293,1
0.9912481412120451,0.2822622449863015,0
0.39855899731210853,0.3272072444831374,1
0.7418743882016522,0.7172104179501892,0
0.427307654495515,0.9457461160020472,1
0.4511936434222208,0.35625684737728647,0
0.131162891789111,0.543559869957559,1
0.40993908732814477,0.5819548241760535,0
0.07563531701094484,0.40132629624355176,1
0.5645112960959496,0.4010404476481314,0
0.46079928099127543,0.6964898968327466,1
0.8537391964980954,0.4159873522334222,0
0.7009563815393818,0.8442935559326925,1
0.8152423200240995,0.7384817907727914,0
0.7377612521180426,0.13836382978052042,1
0.9495213247817916,0.3705631534375804,0
0.6443523198997763,0.8970537700306478,1
0.35882821100229256,0.44712505788369905,0
0.6162349036235819,0.23207600518281124,1
0.37674653777255085,0.48542612191298384,0
0.274543950082909,0.12116836381051244,1
0.8752421127752191,0.698248126021407,0
0.39110531256028513,0.10932629060710264,1
0.9738499696416767,0.21318730997132274,0
0.018022687433897233,0.317922719709381,1
0.883952370451992,0.9195619089135165,0
0.6481830837790343,0.1970591475421294,1
0.6889881545937957,0.6874992972032382,0
0.10165937486385479,0.9674147686189712,1
0.8727321185804354,0.26901131383966725,0
0.5251848541457588,0.0660304916520188,1
0.9591822424204168,0.6278793626413862,0
0.14610134685711795,0.36472145746643525,1
0.9199201701726151,0.629130892416453,0
0.034047478502530315,0.984892249542439,1
0.871146167771792,0.6934848269429867,0
0.33490515823288536,0.17216260713012077,1
0.9261387715409791,0.8919715403742767,0
0.029280124515985162,0.14176730052360964,1
0.32893538306033476,0.5541378833204661,0
0.17947782021777592,0.7621378769485997,1
0.7284884436292128,0.9228510808417997,0
0.056159536032690194,0.5975304825767621,1
0.3424228919261818,0.5792974505418824,0
0.33923552656797795,0.19705642959429792,1
0.7662051095515032,0.8974191944238575,0
0.5542354608804063,0.7188017953392768,1
0.40751646526345275,0.4408144839718119,0
0.4460047045565646,0.16317227510076282,1
0.9205407007269862,0.7083173078233269,0
0.5592905189035053,0.1786875750034329,1
0.42447448567055324,0.4918824664975171,0
0.11718818874968318,0.25423766093848077,1
0.3324339047678432,0.4399801164616919,0
0.20030685371999757,0.7360377272053168,1
0.9147752085124745,0.8160789414865962,0
0.7870519609267493,0.17346858073732463,1
0.8670063352825494,0.22944767830974966,0
0.09987504944688497,0.9680477317793181,1
0.8581124684120748,0.7101766583475909,0
0.6017653312271477,0.8571768769310233,1
0.9554670426671701,0.7187619316726012,0
0.12130305813248254,0.5891104816505092,1
0.7706244332859989,0.25101032776290233,0
0.2494784214682465,0.6802074819641182,1
0.9274437057369963,0.749820558998483,0
0.3786679080045935,0.048246299988252694,1
0.8564802378791688,0.37953627269754175,0
0.09470066963837531,0.005357637360216105,1
0.8345289215597029,0.02782400682446362,0
0.04759199017387916,0.24204687466680197,1
0.7716284525184357,0.39510348925733296,0
0.14470109781086193,0.20519424907172357,1
0.6939530567914495,0.9393402530891868,0
0.3434145622900149,0.9484469982733416,1
0.9816419469284796,0.9509324724373128,0
0.5617101343127077,0.07843007035776861,1
0.6326421158812533,0.9996774126882838,0
0.4988304220700738,0.7930530887097433,1
0.6910805015351006,0.4495345372247239,0
0.16222318122397839,0.6650495548481202,1
0.8305490178271285,0.2661582587797665,0
0.09527972921027894,0.9624675943382164,1
0.9185426716161998,0.014408019194842359,0
0.7034877970309198,0.25153289673039714,1
0.6108128425286726,0.6584801719171879,0
0.04582980166373307,0.9474233269866208,1
0.6343106227914166,0.295495557406075,0
0.12109202301192801,0.144701359823472,1
0.9291833573518682,0.2570063737192957,0
0.2512070183748587,0.2335132596312638,1
0.8516960832433245,0.8039402343817839,0
0.035442868961131246,0.0007981394520226726,1
0.5695802700259781,0.5076930872375622,0
0.09961246453173911,0.798538055486661,1
0.741236023551201,0.3473839211586499,0
0.5185813237710204,0.8560681814187973,1
0.7189753817049278,0.05266804502952993,0
0.34521295410650943,0.13519701598248335,1
0.28166608576481145,0.42116790982781227,0
0.602996015180076,0.8991124056445277,1
0.8727741087557714,0.33991569098829,0
0.32002105751963783,0.0819649629791459,1
0.928097626541305,0.5357480921243346,0
0.2317028576482324,0.6764060396328868,1
0.7811873670085463,0.3253960721705512,0
0.13264933629246656,0.9971380648916438,1
0.5347298019578155,0.4641628266403395,0
0.2572899912008134,0.6695598004861254,1
0.9937533774606757,0.8760352454664612,0
0.21138598130463648,0.9468520906053679,1
0.3575053515824249,0.538908380668245,0
0.6322666825762666,0.8386710942365387,1
0.9580116963021762,0.7353250773020688,0
0.22891678309671326,0.7458174512075724,1
0.48016719236962435,0.4521215059218513,0
0.28799477419864583,0.16134737192895765,1
0.7455487290241954,0.07555618934249908,0
0.485947500712512,0.17030778756960674,1
0.978245596820144,0.2882655177721014,0
0.5262661439665646,0.04268534690074677,1
0.3035309496555765,0.5099788685321427,0
0.48328756760515357,0.14008612022298972,1
0.5701125816072071,0.6395948338824622,0
0.20975485393310245,0.12700799377531202,1
0.723394263407121,0.4395971701429038,0
0.02094700512828207,0.1977275521686176,1
0.7951732486199192,0.9752756150521052,0
0.3337632300278406,0.12104827020691078,1
0.8681349838759467,0.14467431309025058,0
0.35564481452833296,0.0574296873518888,1
0.9216099776423003,0.8316072882602471,0
0.07726562317546704,0.8664715761046734,1
0.9823380365447236,0.33209796631855093,0
0.35993933805263756,0.07943274422212332,1
0.47195440109866305,0.6238920644484093,0
0.13070176289770308,0.8193697171759308,1
0.7728529038933536,0.29849145462633964,0
0.5722303338523995,0.8164092128334908,1
0.7427279367888123,0.25408154420437534,0
0.2925125807517974,0.6877399822825951,1
0.8199723408865102,0.6078652491069738,0
0.6334553948380237,0.7864193562242912,1
0.7159033359322879,0.34878088298177545,0
0.1600269221484354,0.43593292679497964,1
0.8874667936714727,0.8600294519069656,0
0.6899442628795358,0.8225646216954539,1
0.8133757782465216,0.6368041779807007,0
0.039185578967964596,0.5450532474164322,1
0.7972358594424185,0.10392869700259433,0
0.012054652078969386,0.7649775450803149,1
0.9513255081741255,0.15982652785623286,0
0.5754631043414036,0.8279105617037178,1
0.25149241416626067,0.4757866472358575,0
0.17977630818253953,0.5422324816002707,1
0.9660097487795998,0.9300665978055632,0
0.49389666606843174,0.9009835129559884,1
0.5235485710013419,0.5396101322208465,0
0.6809358580653139,0.23832658074640933,1
0.8706336676732517,0.4011984608099822,0
0.016057321973767746,0.8611630551935663,1
0.8122568398805261,0.7493869233284955,0
0.08099347171528959,0.5783157866109444,1
0.8785317204589481,0.31156153198897585,0
0.29001324400306194,0.8013803845828013,1
0.7023843607693255,0.683162559780166,0
0.5597545033946019,0.9252106930117739,1
0.7693079416385926,0.901471334775346,0
0.14532859145014898,0.4705548438065822,1
0.2802778349886983,0.4872453026734157,0
0.6151562978148931,0.8281392077492432,1
0.5345095100855445,0.37705571411536976,0
0.15069537387826526,0.5548829297797931,1
0.9162704228120876,0.5446813018075503,0
0.597607332628602,0.8398909103105222,1
0.936029256918718,0.8463381262418571,0
0.19198519401018144,0.5713598087753679,1
0.8283865987782078,0.3534266483827615,0
0.6832710884788705,0.8690973434137077,1
0.927954775229624,0.9029369851284533,0
0.5832001247153724,0.9523303071278175,1
0.9751400025284155,0.46315728362223363,0
0.7124592745207211,0.10283157971677626,1
0.38714922703851173,0.448450151263333,0
0.36039683423920355,0.17294903279974527,1
0.9451890983047913,0.17636708225519704,0
0.08282849066212083,0.6087385507387364,1
0.8326048129785752,0.889804366367337,0
0.3932411128701673,0.10517106087413486,1
0.8232351116309399,0.5006682362066417,0
0.12546544295116924,0.8091247085414337,1
0.8377610057959771,0.5461459114518106,0
0.17234721007142395,0.5143001466858739,1
0.5950459516142619,0.44007562202413375,0
0.577146306131825,0.2302888490684475,1
0.9575174435977284,0.3832488750495464,0
0.2402284168134975,0.6775581866072331,1
0.6398629158897015,0.34294884200392395,0
0.5332148320817262,0.046434328318763485,1
0.8633190099883765,0.7688202230837842,0
0.18106647537734488,0.952226742924272,1
0.7738369098201687,0.28728153821688374,0
0.7162255837864235,0.17188791744372034,1
0.8572799062961275,0.522696759463937,0
0.2119912286489275,0.03855342313204124,1
0.5490348966086269,0.4850052077306344,0
0.05526176040440545,0.7850637516795538,1
0.5964906829254163,0.32767363219805234,0
0.22986747207566793,0.7460713693304062,1
0.9805317978092032,0.7562744374745184,0
0.3745849876447839,0.04203396150468197,1
0.9922043307010355,0.9959210641205477,0
0.5173017518942121,0.2423485886102862,1
0.5622609336463246,0.5338741538829114,0
0.01056174094165696,0.59725918012169,1
0.5020387226777405,0.4661098043881233,0
0.3138158061803048,0.16201443927699533,1
0.9215271325088891,0.018691688062882017,0
0.1087410628978106,0.30230354189466824,1
0.24678120841073037,0.4703693904359687,0
0.2453997918165174,0.0008318389655580516,1
0.5310949393552925,0.65793751704501,0
0.1257412539930124,0.08165150364290996,1
0.9357605243335265,0.30441943606573696,0
0.33036909753424315,0.3778577911129475,1
0.6980047937448852,0.635901056737969,0
0.3300620861190885,0.20750573644277304,1
0.9741681699788883,0.10190234226614447,0
0.41813957715988415,0.26759833753394224,1
0.9017358036336884,0.4045634573843562,0
0.3804339722513642,0.2574327235384911,1
0.9991080136972758,0.9946354390491956,0
0.16797175592518399,0.4451738405861606,1
0.8972190218255449,0.7721146665689881,0
0.48656975468737107,0.8652454612530709,1
0.7457698972036517,0.985570769047521,0
0.04648971961228421,0.39710951188493193,1
0.5895736231855839,0.38344063389407834,0
0.3130374168092961,0.7052854160351942,1
0.32952923818621394,0.5806753128561435,0
0.011026828153382073,0.09256606881969576,1
0.7996241183804247,0.3475208316796251,0
0.030580285406994978,0.73463623762072,1
0.7088686297645418,0.9357938038016257,0
0.226279498245627,0.30465261771990626,1
0.561513540973595,0.9845514346365671,0
0.005275685725195656,0.1252966859166924,1
0.8595431849634584,0.13807488263872492,0
0.19089183918714203,0.8080578601692237,1
0.9992187220795983,0.9425042667374024,0
0.3273777078753536,0.0836168008305822,1
0.6873562966852537,0.4249707285803742,0
0.6845621110735958,0.82884038648416,1
0.6366068055784091,0.44644906297484255,0
0.42734400835775654,0.2858552410042473,1
0.8582088161685684,0.13133692152936816,0
0.19093471084606184,0.2232798933554515,1
0.6914039689512234,0.33913895034350805,0
0.5595132563052898,0.7245332720429082,1
0.5276225374552703,0.39026533458687473,0
0.0771534887419385,0.24379634425255148,1
0.6739863797945145,0.4077650973189738,0
0.2710753180337342,0.122065202549698,1
0.9144984929330313,0.17492537084147097,0
0.25175286396791074,0.3231605771356487,1
0.7122088586372946,0.6867632073670624,0
0.29047591180661936,0.8152726822170145,1
0.40257682894237,0.47304192119247557,0
0.17088164305948306,0.41750556575166675,1
0.32873570929219864,0.5057372615442971,0
0.1687758182575847,0.9580494822665001,1
0.9869926790452177,0.4651921853290488,0
0.23980840886441812,0.3037051223933972,1
0.6982785648110652,0.9861773216504367,0
0.05616105019665063,0.8063120950944612,1
0.6309136108090753,0.679825660319822,0
0.4150240911532871,0.881550556928745,1
0.9799045628445651,0.5180759217671707,0
0.28745760889136085,0.729980193309056,1
0.6685431183161421,0.4688674681705942,0
0.16071332758920898,0.058313780481466626,1
0.5535320170388984,0.49116497914689516,0
0.67694722385636,0.07079527770917093,1
0.687382642106397,0.37582150124580893,0
0.13320766128009642,0.8669130427429205,1
0.8630792214627396,0.7211796305981153,0
0.017369150315408755,0.2296474795644956,1
0.8984779749744746,0.03864615611740907,0
0.015494683547859989,0.11371804363321969,1
0.7405609656867046,0.27084866088058035,0
0.05566518944916066,0.6312670909772222,1
0.7122566576568328,0.6152891127271638,0
0.38500828322696834,0.2348947047829164,1
0.9396663021355812,0.024076227351599533,0
0.12277788431882597,0.8869787803514906,1
0.6070163556210145,0.40549839899677076,0
0.26966883941341957,0.03545162329738383,1
0.6432446590795254,0.3608468237319321,0
0.4119630534414386,0.7713184481106051,1
0.9002061209781224,0.6244240651096606,0
0.12481728268589043,0.31125583179432026,1
0.7254038035632766,0.25403482171028957,0
0.5429779284782074,0.19972533847581309,1
0.5658928986878855,0.6257207344677199,0
0.5385319678102239,0.057465905661052474,1
0.7142931663213264,0.30756203659290937,0
0.30655365781487154,0.33051919909590055,1
0.37732601703037083,0.4513435839916665,0
0.7640748849164758,0.8315004343230927,1
0.6973569208673109,0.44133716285300983,0
0.5776268348078765,0.9258777610880217,1
0.7021234442127858,0.5153054438529798,0
0.31235329753640584,0.08082637521671776,1
0.958367469385258,0.5324454133359197,0
0.19129876371322296,0.9037563158493306,1
0.6308948594267753,0.3719183373300684,0
0.7530345354527485,0.15050970671741581,1
0.8236883015740571,0.8297574268487259,0
0.2035837941866946,0.972435957914427,1
0.6135722694441033,0.5763028012183582,0
0.3298856057261793,0.30884645578244496,1
0.946240478045399,0.9682254356654532,0
0.4316813848626194,0.07701071068202725,1
0.8096793098058002,0.07969307814105764,0
0.6042193288101715,0.12193206011773183,1
0.5857483145597252,0.01822666398613826,0
0.22791618114180057,0.6244780854404393,1
0.7893171067153524,0.42079094626803104,0
0.24797303428306738,0.12715909743462883,1
0.9972463111941723,0.7686886161470204,0
0.6897805246744557,0.2462426500761623,1
0.9353044043307102,0.013488391136044386,0
0.4461041056809246,0.8568898036551339,1
0.8977014644723013,0.5100423188800552,0
0.11308508504792647,0.8846580132575523,1
0.8982988273250295,0.27479748313878016,0
0.7494426223059713,0.8146849064508783,1
0.7536416086118574,0.002495339101205807,0
0.034961350401891966,0.14591402993314773,1
0.974749495583381,0.4139508565839001,0
0.5424596228752826,0.06230208711675278,1
0.27346098871282587,0.43557012184773214,0
0.19943356669905032,0.7713524296987344,1
0.6829571096744868,0.06706282408906383,0
0.09430192123508863,0.5185944546958879,1
0.7635299022696648,0.48393555048752457,0
0.7018855070647034,0.18210823215188565,1
0.4643732529805843,0.5558951096260946,0
0.04208524940912728,0.33466877406967965,1
0.4299956568382092,0.47019084073789785,0
0.1311174177034239,0.12438446029401695,1
0.9153600076427381,0.18712883247664402,0
0.7183333195571394,0.7805987553556009,1
0.629630320612844,0.3476896940963172,0
0.2582054741318247,0.11312058194163754,1
0.7982183273025218,0.72053739230132,0
0.2837578176123956,0.9586246092269539,1
0.6905787896741764,0.994714227555269,0
0.10070110721034753,0.6559277447743933,1
0.4249489270796597,0.3894317984071136,0
0.4918366450453605,0.19582912863661595,1
0.9842629580784535,0.8969539751865546,0
0.35507056282731864,0.6838934032904646,1
0.46384097848781947,0.3842290334796221,0
0.20993335025754656,0.1484946278061755,1
0.9523680027994995,0.7994262690145109,0
0.25044614278399424,0.9282138443799157,1
0.7716427420237981,0.5345358098002306,0
0.019994503467369085,0.25604165122526046,1
0.6364577263052971,0.9671624016765095,0
0.10700350145967086,0.5563825675141835,1
0.8196142942883063,0.8712314170948625,0
0.232530557208934,0.7536460774644378,1
0.8146436800092183,0.5753968531561349,0
0.403168711488361,0.21263139435317424,1
0.9783891766905605,0.4985135736279499,0
0.40593392844803655,0.766036631092297,1
0.8142091593094517,0.7051886601346361,0
0.05959689226889231,0.6831076867156972,1
0.8998520557867713,0.2619750201048625,0
0.741865908479577,0.2029163517316529,1
0.37010828931419426,0.615813328713523,0
0.21636427888678256,0.08233632280687109,1
0.4568561107448358,0.46972371367370713,0
0.5671510644703873,0.30619052144139225,1
0.6946456411717131,0.6845408933509152,0
0.35995650412906,0.8697621124281585,1
0.9619568042226541,0.2073120592078952,0
0.01916624713131354,0.34250824344530384,1
0.868442126758306,0.47633736950910677,0
0.3033321103193489,0.6796821222699547,1
0.954618957116507,0.8519026987372598,0
0.5928507605335961,0.8752341557630875,1
0.5365965220127354,0.6743353049922017,0
0.03587174085994638,0.36205208312564185,1
0.414477603936085,0.4344017722887753,0
0.6925699845869543,0.8159108629265962,1
0.24066632584260705,0.5299187127670697,0
0.744641275228941,0.11582448529390543,1
0.6415780986167042,0.3111640461794255,0
0.17118071729513817,0.4779054717796005,1
0.9421023895354468,0.9587171466905453,0
0.7405782570941811,0.8558158443529159,1
0.6742774748791664,0.3349508336455653,0
0.27996127006544513,0.8457719881204371,1
0.6916363365618386,0.9931246715866969,0
0.35275305204964535,0.13627051642640686,1
0.7898368144906643,0.2646486652190049,0
0.0017643137648484242,0.998786401776854,1
0.4471541269852346,0.5813654414370484,0
0.12249778537111888,0.3964890238721952,1
0.773490042922179,0.5211773003046426,0
0.5643658478832838,0.04435565344167369,1
0.9780548656985784,0.8862245499644729,0
0.0837007227764911,0.8488954278167541,1
0.8508383177309379,0.5853092041905488,0
0.671984970307117,0.0859410008936704,1
0.7198994929377345,0.9535746743400729,0
0.12578502074458864,0.5967919939442413,1
0.7958584315919317,0.2183607810177851,0
0.13304081638317955,0.7336710657108749,1
0.5481878051256014,0.6220440713048158,0
0.34867975636091864,0.38633880552764566,1
0.9895765519765541,0.6135561921668461,0
0.2794894540147015,0.23503158822728565,1
0.8833928336923594,0.44944264698313663,0
0.3386555796379337,0.3580563453705411,1
0.47105050620121847,0.5346432379528948,0
0.11638287807043701,0.05026477397365503,1
0.5916210625202943,0.41826738039814126,0
0.7201276234686181,0.8867869957202502,1
0.7796485844276179,0.12626233520409125,0
0.07437856768395368,0.5662543516757461,1
0.8676883508259707,0.8344012424915763,0
0.5472319263221631,0.21814703531144874,1
0.4697481825451608,0.3552372074773259,0
0.6531733453516319,0.7260308897032179,1
0.520941832252614,0.5685539557951146,0
0.3940812830792757,0.9421358860191683,1
0.8866742550949336,0.4356357419632857,0
0.3248630768337467,0.07669903743949091,1
0.6431037399345503,0.33088619269530317,0
0.15681237471267717,0.9520329804497215,1
0.670319235799152,0.5583416564088483,0
0.2821407161779015,0.595443781395194,1
0.6302788300467924,0.3434878848253833,0
0.030722461084386254,0.24135792893271069,1
0.4245702841070821,0.39757611415284966,0
0.31371938536495936,0.09664561305769936,1
0.7231184313907408,0.05527419167335301,0
0.48423164717170064,0.16992023917219756,1
0.3404477846663443,0.5227807195366125,0
0.20457232403262215,0.7792414721600216,1
0.7947912661556591,0.9486206856448086,0
0.2825693432784021,0.32988140946170064,1
0.8474204426036008,0.5965932143848492,0
0.30268810142915137,0.15114184024043142,1
0.9705748879957815,0.14133611694663006,0
0.06664545660266874,0.9300553579391163,1
0.45828063943855024,0.4907238036808612,0
0.27371844599981976,0.07360360426445145,1
0.8150354487009608,0.9620674184009202,0
0.3799243763381973,0.34417351641205884,1
0.8698408869169431,0.06957888798474765,0
0.1798988670332603,0.2501666608848171,1
0.9345672564611374,0.23115452117718793,0
0.09978722159906372,0.9300103784725121,1
0.6886135543257291,0.6584561588040243,0
0.16966461735029037,0.09537688462663996,1
0.862774343271551,0.683836038682621,0
0.6364802979852746,0.7370989466589234,1
0.9647922856577719,0.24074071574646483,0
0.2897851151999705,0.9834074795791078,1
0.3461828420926609,0.5514547265977006,0
0.040341057669337044,0.37908580925213897,1
0.9913042307653537,0.15126556565463922,0
0.6460563397189713,0.8260361908840846,1
0.7313334064437605,0.991342055926702,0
0.4883669750902975,0.07490099053701593,1
0.9854143291140788,0.9990622137620633,0
0.4910708745136084,0.255605596143089,1
0.7897889860560102,0.9803246111531945,0
0.05542383563853648,0.1318618861873031,1
0.7012821676755999,0.6857327131066834,0
0.7674093654111191,0.8784855961149333,1
0.676992271402003,0.41294695097520173,0
0.1817741221870861,0.06438637824414584,1
0.8189620121474201,0.517454181121074,0
0.3031884404835711,0.8661656085505471,1
0.4164903912176655,0.6160365783782631,0
0.47190257671062785,0.6904315122978927,1
0.9813506136191757,0.31803552589232986,0
0.3813486157702989,0.36991118341101803,1
0.884074893560568,0.6493647131635456,0
0.786992974728744,0.1428881286713406,1
0.5238856872653244,0.6114823895396357,0
0.2345187882630272,0.6053945569697556,1
0.9353750926430217,0.19210102561928666,0
0.2674524147807221,0.3405265161891461,1
0.8360379027493158,0.05087620883844901,0
0.4819354665454384,0.9449298710300706,1
0.9449773892988232,0.2948211909363293,0
0.22908060003682673,0.38626346878492246,1
0.4216181809881987,0.511156706180509,0
0.10722518369513168,0.043585438846213465,1
0.47715376350644134,0.4243529942008406,0
0.670621324266571,0.2451058365829163,1
0.9022895190105688,0.4377467322425078,0
0.18840987694451594,0.4531729046833344,1
0.6977583007209113,0.6888673118798704,0
0.10862961534857551,0.7892832492383365,1
0.9234177648694806,0.7739850350662307,0
0.4006167452039693,0.23249516454897767,1
0.9784129458504986,0.4460444280996395,0
0.23230366454857976,0.23577329016498094,1
0.8889568995908089,0.4897752917518713,0
0.03248735223952015,0.8688033127452661,1
0.7976635431418142,0.1457659288776908,0
0.001332614519520714,0.036241227567985645,1
0.27531857300449447,0.5403855459773658,0
0.004233547074092514,0.5975088578764087,1
0.7793521057270306,0.6417619750548019,0
0.08760127663714345,0.6373450475135888,1
0.8348975393945045,0.8933813583973323,0
0.02403154262734153,0.26392486340627197,1
0.9147864082699834,0.600657993274738,0
0.576934422176171,0.8670941081994024,1
0.737997038748445,0.3954354226593103,0
0.05853758694655398,0.04837618721275183,1
0.6087708113406501,0.47260172464654626,0
0.021770472210478564,0.8576675004380055,1
0.9338975738176771,0.3903650080041947,0
0.05723308193634913,0.7516590048864561,1
0.9455142439048265,0.51882489341561,0
0.10128403901545568,0.9883078215196315,1
0.638478968816814,0.4068162614035261,0
0.6285403790217354,0.8985269290369862,1
0.25603725955752543,0.5456341361981283,0
0.13162086748961055,0.6981073010223203,1
0.8535447516662966,0.4839314148586443,0
0.32377610799828793,0.8842679570769724,1
0.9693969864730854,0.9373788385465535,0
0.6644660532196517,0.2031775113890304,1
0.904963756915443,0.1971853814904455,0
0.36981254490717475,0.09647977291124288,1
0.41140637192860496,0.4559435697696296,0
0.5403990474073629,0.2862278056078106,1
0.929263976754691,0.10964818786784836,0
0.584573121369166,0.10583003560866144,1
0.8961723411680403,0.3819398302198306,0
0.6331170593919079,0.06413143563480572,1
0.25964315885396494,0.5060695881272942,0
0.35047181508273306,0.3644403632555838,1
0.8422492390239341,0.8437276905926333,0
0.694739259516807,0.8094583610961362,1
0.8878456894837295,0.22430672831189313,0
0.2605173166526553,0.07866410677952784,1
0.9317226017950374,0.6215476819771574,0
0.5233719401325992,0.9609948988827262,1
0.8583800248960705,0.06540275839309706,0
0.7229378972208372,0.1559775437304729,1
0.4386631696672052,0.4819379408367669,0
0.5259070542879515,0.0874013908467367,1
0.8762453848752486,0.11111701722098366,0
0.3435518232331378,0.839154990339668,1
0.3753407047916256,0.42367940934425674,0
0.45114618746435486,0.7726800696563515,1
0.8713073479809587,0.48524011090328945,0
0.1361803960111897,0.45612833765170724,1
0.7239809963366307,0.2692126786768828,0
0.41759855958147296,0.817800788403401,1
0.7678605687228025,0.6640239729046288,0
0.0062172239298711185,0.734054916138852,1
0.7990898411819347,0.2578770472067873,0
0.17726365029850666,0.30686085526042817,1
0.6870392770472915,0.29618844164082925,0
0.6262227491331962,0.07029567145283067,1
0.9201264579281914,0.863503659089081,0
0.43690552486259204,0.0029201498321325126,1
0.8936591752570358,0.19553298762923033,0
0.05196906225704012,0.30700935559064124,1
0.8735596396377264,0.8315862926925155,0
0.275515422248387,0.5896030384047577,1
0.819572359680671,0.029358458863880443,0
0.27253925086205766,0.7065125753197997,1
0.8099721902577397,0.6181068137020947,0
0.5611629175354921,0.9575467154356592,1
0.29265257300584935,0.5670213946671946,0
0.21221757037211675,0.026568237142465145,1
0.8862208144192498,0.47129406213875846,0
0.545096115904575,0.7374587476160199,1
0.29953631127327385,0.5151914267055379,0
0.475487773321444,0.31669006879717365,1
0.9387874560531555,0.3895938841796269,0
0.6663857698570342,0.16551725259992123,1
0.9360698553723489,0.9486208366509984,0
0.14320361496484701,0.6815732898561805,1
0.7862122506421555,0.054871061346631333,0
0.22197340525013742,0.006415898360928596,1
0.7085111110862746,0.4684996949309149,0
0.6901239610211659,0.8357456595586746,1
0.8188976792722245,0.6950856711293869,0
0.3005315997580529,0.9474577017986233,1
0.7526601206885019,0.7434580992270705,0
0.3256268375977852,0.3432507612474247,1
0.8399045940140373,0.6520749860459017,0
0.1471262933786811,0.803343622871011,1
0.3036214548791377,0.4612248142973243,0
0.3246220591676011,0.940561200404072,1
0.7510745253638911,0.687363895910254,0
0.04547753882288608,0.8212645072953774,1
0.9667630214522007,0.20588901616115607,0
0.19790411137222164,0.9528221855743957,1
0.8292296766521285,0.1832520909107921,0
0.6462665999424622,0.07173899489167679,1
0.9799913729429917,0.9296342916836562,0
0.18586290425756158,0.0586472878788431,1
0.7720647678359837,0.7246664910838656,0
0.34768295502771496,0.33364780390392457,1
0.5556336938533183,0.3819728570704837,0
0.18312143319593743,0.30683880493653926,1
0.7554388033139834,0.90872469983724,0
0.09713514254149402,0.9474847183809132,1
0.7899380835240254,0.35324695715480325,0
0.017587813885486026,0.9549650166347377,1
0.7753895163044787,0.6049937794597969,0
0.6202204727588558,0.13605519543331246,1
0.3304199851067776,0.5453773348042734,0
0.0683284612911792,0.49806352503779827,1
0.7610045124071825,0.7406749481935361,0
0.07493119526402914,0.7696169079207249,1
0.8232019513413508,0.7533694788931905,0
0.06867909153193463,0.6149318798360505,1
0.5976689711322869,0.35852681680859444,0
0.26542277816131254,0.08395451419882638,1
0.6014078902571569,0.35786827356785356,0
0.43858356422716227,0.6995093032535021,1
0.7213042304005549,0.5104234306052305,0
0.09355750005034169,0.16868360718504094,1
0.7464995839522316,0.921619101922097,0
0.3176852317084303,0.8586806198808874,1
0.9905087808353759,0.4690064684092704,0
0.5773693589708941,0.1647872807626003,1
0.9047879849155281,0.21044098047689763,0
0.19291845882693148,0.8876643698628318,1
0.7839074751563562,0.8765174971877079,0
0.5535269329993588,0.9593767742373049,1
0.9552267321284603,0.9773053680240531,0
0.4905096206506556,0.14858250231431436,1
0.4575133410601262,0.4537669087924773,0
0.3059483055347866,0.304862893581491,1
0.9213143474325142,0.2630808282589867,0
0.3690681468567495,0.7785400776882266,1
0.37579804554723284,0.5932439449355369,0
0.16029036602036928,0.301483963716902,1
0.8425716710439008,0.2579426872982118,0
0.31492331680560637,0.9720532403533612,1
0.9906248404065879,0.30207406671596115,0
0.4641420459083452,0.1250232978930239,1
0.9204216077228592,0.5534989572772112,0
0.09071337245601852,0.30744824348475785,1
0.7399811606497467,0.55163916161373,0
0.34835409663528105,0.18176634872639108,1
0.9975122884200286,0.4584332846004927,0
0.5454308261475082,0.9221306570995336,1
0.8270509587589515,0.09130193974460243,0
0.28916585735406364,0.3095880484751924,1
0.973592077185065,0.5822956624447726,0
0.6843628614006071,0.9003530201077057,1
0.6272053088693287,0.339704615700571,0
0.519753666597489,0.03590861048844918,1
0.8184986608035109,0.22624530874385318,0
0.11992909549869646,0.11225325492419536,1
0.7501507264090232,0.9849111421933141,0
0.10980542741904109,0.0742563469147477,1
0.8782494524306415,0.7011215440609984,0
0.07915816703146139,0.46702280866333523,1
0.7455810042207108,0.0615187656750259,0
0.43841372044260263,0.7914346822882772,1
0.7023248593558477,0.28736425565964874,0
0.0932190001219404,0.16303122417897287,1
0.9769371625370105,0.2567264690109414,0
0.5807021766265661,0.7463856198005205,1
0.6149453918708038,0.5235103597809151,0
0.2571794420148076,0.6050724417499564,1
0.6215825704452098,0.6900006187576659,0
0.31381456003825636,0.9720440523418211,1
0.8443951930317571,0.46071035567273133,0
0.0014683465675007223,0.0679511088375695,1
0.9075324832898075,0.9749411180426144,0
0.0382869119871605,0.2647056768716479,1
0.9160575750991934,0.3807297918040372,0
0.3293596420182605,0.7444678334771245,1
0.998231866857917,0.08224030608739452,0
0.5273973575320438,0.6940013649654463,1
0.7768135493964469,0.26610762654119025,0
0.5422731399614823,0.771374641394942,1
0.9005503801485851,0.5510664705490322,0
0.28695791236299295,0.34613751587475705,1
0.4972803277743246,0.43702276196380374,0
0.206187830263716,0.47426444337701446,1
0.27519272673067174,0.497742355063303,0
0.018537747322804665,0.8557148676149519,1
0.9735241325429215,0.14667679178360016,0
0.5527513428812167,0.8761053199602616,1
0.8717519541984984,0.13439742916259356,0
0.06765989964191799,0.8189937841451728,1
0.6507175945529347,0.6014308284748153,0
0.5267683495671281,0.08707396033713788,1
0.7167453917966451,0.6089145706125768,0
0.11920109040293292,0.707640535562477,1
0.9916514072352473,0.0267962228527987,0
0.4261306672412777,0.09862351294416016,1
0.8655863018555294,0.2446910807147311,0
0.5127494167497612,0.012467609392882717,1
0.8247854757633148,0.9694451053309229,0
0.3565583408250469,0.6907936500621995,1
0.46882838702956964,0.4947866084503424,0
0.12267986356902161,0.09110490847607944,1
0.3853475030336645,0.6034462462642053,0
0.4232307047096079,0.8569037192348191,1
0.7022693860721441,0.5734427390909126,0
0.30707300688748607,0.055057688972689256,1
0.6372631071838644,0.4486865491491372,0
0.13801419370289547,0.03678147127260212,1
0.861807093308635,0.1809502937025712,0
0.20635604150463482,0.17478778270941397,1
0.8477349694909737,0.8957037664107096,0
0.4916717719892679,0.1210191148485289,1
0.9927050470219551,0.543101539826623,0
0.0294961137183698,0.4669312804308714,1
0.7100518365708477,0.6487371591868271,0
0.5709520986371964,0.7488404955961186,1
0.5311150607924594,0.006203147647341978,0
0.07374331946571622,0.3019812913034059,1
0.6964347315875155,0.5598404311338109,0
0.20454862970195686,0.6002999351498807,1
0.8491061334837565,0.731586121045784,0
0.34376831933454377,0.8089805212299797,1
0.28586316442991133,0.4387868530375112,0
0.13368986163110308,0.10697277306493824,1
0.3885425612346537,0.4433700186320011,0
0.06688917903398806,0.8805583526511999,1
0.9988996115857688,0.7544293065037294,0
0.5022004300704527,0.00341197732099896,1
0.6837140353680161,0.3058660870300972,0
0.3122093688669897,0.0634861052428336,1
0.5578091677470535,0.4843920075803636,0
0.48141788366614935,0.2697363739787808,1
0.850738874537361,0.6710858927027412,0
0.10586543051299036,0.6952902338252493,1
0.8898813996218483,0.8230830102223666,0
0.042747644659761996,0.0673770274782125,1
0.2391315846257912,0.4611242158637613,0
0.17860704866118193,0.11924485725671108,1
0.9715585628252773,0.9358296622104572,0
0.6266312510043678,0.858565173818189,1
0.3769267963836256,0.5617813511972595,0
0.38590369028021987,0.6385495590509551,1
0.8155913888463253,0.1105273508160084,0
0.49109397018249634,0.12621732839505917,1
0.838475143090272,0.8097013859613503,0
0.4514426860382881,0.8379204275794124,1
0.4034906063543049,0.43247249189744486,0
0.493737292122454,0.041232973109888826,1
0.727777288843549,0.9829154966793864,0
0.2003087849465971,0.592886547328513,1
0.5584281806118064,0.3581243191151011,0
0.40306027444537373,0.972039411085562,1
0.5100609931461276,0.0024724427490685486,0
0.3782611252076531,0.14769935723108707,1
0.9570560586050327,0.18115647102653565,0
0.45839046007388395,0.7145068135000163,1
0.9824336127905887,0.7858069144298153,0
0.32120733982641936,0.08378974314826915,1
0.9618799004756092,0.03527421172825895,0
0.3698207171339304,0.06906824631719155,1
0.5765738871916406,0.9998230688559284,0
0.5791977662498533,0.7331552391413309,1
0.3859315569982109,0.4010281344740598,0
0.4894447746261318,0.7116254354618966,1
0.2275253278925664,0.5295664756033809,0
0.5910983933699714,0.763028480064048,1
0.48666479038402943,0.5542937806431318,0
0.029431436499560815,0.6317995163497601,1
0.9789041186568401,0.3609215024146206,0
0.15432788674579156,0.8293450239995224,1
0.9687014596683887,0.4649167272433474,0
0.07782705074583984,0.8044858696754358,1
0.9520774876897791,0.6022313244186139,0
0.08178382305946352,0.8027465838990109,1
0.677349582856286,0.3613798239575665,0
0.17412064771457703,0.6018245510986677,1
0.9939332244255991,0.44299209219254143,0
0.16068216816912817,0.45898035953530825,1
0.8244650049126627,0.11231169053088763,0
0.450556495093555,0.33731918060195154,1
0.799613444418348,0.34013533538599794,0
0.18542774878055723,0.29016322919744153,1
0.9933319413555838,0.8485323742259064,0
0.5310065420408967,0.3112747107345504,1
0.39062680335297784,0.40038525288138715,0
0.03791379118703264,0.7587024064433074,1
0.9736284422346073,0.8650594585171905,0
0.21359849108335438,0.6577353077835587,1
0.833427806196283,0.7133532917762992,0
0.17316351046479972,0.3139252512241769,1
0.6289993923349473,0.4499408763807836,0
0.04721819391025628,0.24665716015924688,1
0.7374618978447112,0.7418816658532568,0
0.09778341833672222,0.4701553412558832,1
0.8968967853494846,0.34428088566480064,0
0.46573894962885465,0.16058251298641646,1
0.526023785329547,0.47248509955005213,0
0.26728747746059767,0.9314163356431285,1
0.29221573234136466,0.4351398190825263,0
0.6811687563332648,0.08522185639671909,1
0.9363863406307521,0.8822981139783045,0
0.5413244210205329,0.13079001639955645,1
0.8253315128779329,0.002147864758619167,0
0.3190376011370012,0.9974859264905044,1
0.6968941964314456,0.6908960149995346,0
0.1672855278356572,0.9211299448391057,1
0.8254198908070138,0.11543064455359131,0
0.12045591497126995,0.26693044153302004,1
0.9944675334464603,0.5526807187145633,0
0.6369144039956116,0.2547199777436966,1
0.8282992683080892,0.9562951661946948,0
0.3063648298332039,0.10377178399827436,1
0.9956305480652321,0.9369494988189246,0
0.46893071361653804,0.8643148439629046,1
0.8778829967241478,0.6120848495841028,0
0.08801290756375302,0.817297121972954,1
0.8201482832042778,0.5487053319642242,0
0.6326044400328904,0.2059836733524335,1
0.5966046734111403,0.9976183631647223,0
0.007508934414073853,0.7869475974216549,1
0.9737416429257746,0.4358365081322304,0
0.6995060424648718,0.10940793811375238,1
0.5122424549550392,0.5115023521483255,0
0.29492863830308524,0.9670702287255435,1
0.8721792053301128,0.9656488831506351,0
0.02567443249138157,0.1489486005915014,1
0.9191917531041913,0.5971961277732004,0
0.6990335612548767,0.887681811928658,1
0.7996381515915145,0.7439223184771792,0
0.26517468309707637,0.92850103082261,1
0.8722396189515734,0.09683577421596401,0
0.6656001880884799,0.22518579797630378,1
0.6815028763047533,0.39948923506116796,0
0.24823897202326384,0.7299063650769698,1
0.404158367631709,0.4273500471352918,0
0.020398228256991113,0.7560915328189391,1
0.6335026046917485,0.3810341072681065,0
0.2249648835682646,0.9247283694475062,1
0.7175074935414137,0.3811330252665913,0
0.3225961459776807,0.8891176379384914,1
0.9239756568589564,0.2664590511969003,0
0.25430730180442696,0.7616921988406766,1
0.8769021787273833,0.5948426937679091,0
0.16988484717452768,0.12274557367646932,1
0.9360678148352853,0.28303048572282186,0
0.1113244253015433,0.6000173694388419,1
0.9732298587219959,0.2578458554488533,0
0.4219911482460944,0.10756461640421866,1
0.25543360271576754,0.4489689046344727,0
0.23851163002973985,0.08229892318385046,1
0.957255536180033,0.17604498845211036,0
0.1755346929981233,0.2219140839352859,1
0.8338827528224274,0.36545120755494387,0
0.5866822879597615,0.08311867356969427,1
0.9151409846346752,0.09662883779611386,0
0.4621075940678727,0.9543461926659041,1
0.2857255814216575,0.5320427004549214,0
0.0380100769011289,0.13034033126020872,1
0.2988458100504584,0.5263841110136417,0
0.13474998677495043,0.8903393955094163,1
0.46242134671515545,0.42517611709195335,0
0.015560911456643067,0.3244809433193858,1
0.9082523093314705,0.02544281418099592,0
0.18344224184217506,0.9671115370745067,1
0.7992936727466583,0.08596489255233675,0
0.0235528197303726,0.09525075157073637,1
0.34156273480188803,0.4962701081067109,0
0.49720787618613715,0.7346921272038442,1
0.24980507565055432,0.4870819074281755,0
0.07362413067935003,0.22563992751988915,1
0.6503737173922032,0.355669559830358,0
0.24889004101521128,0.8262246701648467,1
0.27006243302921085,0.4345776546510536,0
0.3585907098579638,0.12914971511727658,1
0.48192004625527063,0.4292674960547208,0
0.042382289769332004,0.4034023157624209,1
0.5538992103941996,0.4762529793401816,0
0.2790080350962234,0.15058094273210298,1
0.970350996024533,0.1817462011254073,0
0.18319366805957582,0.7837374519489083,1
0.999024830185578,0.545066001566157,0
0.29711563360767546,0.0482379472147878,1
0.37348872600646366,0.5648303996597156,0
0.32888216174606644,0.1893697698973209,1
0.983831634157746,0.6256416730732939,0
0.5206048553365072,0.8814613891202827,1
0.30546873926541473,0.4523863239080126,0
0.05301988629029086,0.8311413253822201,1
0.982177319177075,0.7269492038200925,0
0.19917323578074764,0.02281318860256154,1
0.773247471738144,0.38898896584687537,0
0.29251514103059606,0.7153819505095917,1
0.7751461501061321,0.0004089527243851254,0
0.1166534737455005,0.7968849374512686,1
0.7667621802640789,0.44067775367381634,0
0.36257777743041575,0.2623757726864666,1
0.9433505109813429,0.5797289117060035,0
0.4104923618319908,0.13085341645487536,1
0.7457887561225703,0.0011213303693158316,0
0.36098672040686175,0.2879332628949942,1
0.9702015614535822,0.5039864903351389,0
0.6207520089956475,0.8392846667070308,1
0.9410786345311737,0.7071841311205355,0
0.666058848723676,0.9192061155462007,1
0.6621562310074545,0.6181007998606697,0
0.006630598629747353,0.7412191481394005,1
0.8821510364619944,0.6866671426755993,0
0.43303073021751737,0.9937443325598944,1
0.9413222376376766,0.3637417168822138,0
0.039638435212707934,0.3386401848874282,1
0.5997444637936653,0.5838565233498632,0
0.31673892148337845,0.02683869756872237,1
0.601107055017637,0.6009280829930593,0
0.0553416682509833,0.9355892377237928,1
0.9706592333963797,0.272903476410435,0
0.5914354419056719,0.7611267943374229,1
0.7718752755507032,0.08617197756083284,0
0.1364442017130908,0.8979275786665099,1
0.5551594849619481,0.33959548467798817,0
0.3742395289545368,0.363634753926275,1
0.8768846086852665,0.6921929202593119,0
0.7883323206936278,0.8352088637151472,1
0.5837375772040871,0.42215483259793574,0
0.18107275529430822,0.17462676981723346,1
0.737459875742561,0.29417535407892725,0
0.12944567165476295,0.9356645323469998,1
0.6247890649323566,0.3567042086526234,0
0.651388224524422,0.8608042750196161,1
0.8553503766950777,0.6417617416185272,0
0.08871386008670756,0.11433851714547194,1
0.3454761266044939,0.5163934019410589,0
0.5018010785788397,0.6909330282375803,1
0.8464806250117815,0.6673749543770602,0
0.056297378551469324,0.34187427416421357,1
0.8807154685951558,0.40918309617307647,0
0.30933090688071807,0.3643856703108376,1
0.6985633940797312,0.33557736948965233,0
0.4743672598129727,0.2465350646475707,1
0.9499356416746005,0.951610293695254,0
0.20370446303885892,0.32060810756759894,1
0.7959431203659031,0.43588063323401305,0
0.09551366205179879,0.2432770761402353,1
0.9592406518009129,0.7049187966892384,0
0.1164325449079805,0.37484899465325927,1
0.9476516636716844,0.5091850909952685,0
0.4824672577946766,0.09122505691598837,1
0.8384767302462542,0.3510438291664817,0
0.4644534574917919,0.2515663808104841,1
0.7225989627653392,0.5496081248489625,0
0.07300262866422169,0.37740426276339933,1
0.7965912734415854,0.31772882227649,0
0.5067598455462546,0.8100932815862801,1
0.6384749148408179,0.3954681365738921,0
0.6305402585699065,0.14205427749623634,1
0.6251064033550675,0.371998271955013,0
0.439986491976881,0.09040822697456063,1
0.7530051449184794,0.5378079060647558,0
0.2892200062663485,0.7858522508349348,1
0.7187187378619224,0.9189179505951359,0
0.4606385665018946,0.003940313714054677,1
0.5229405547493948,0.4423742595191319,0
0.053451829788579985,0.35048585688550404,1
0.9305416703243943,0.12909406220569475,0
0.1664892482877549,0.12815292776723863,1
0.9747020925190364,0.961296919164827,0
0.7247431407892706,0.8398364672772787,1
0.891783347858805,0.13374990905065298,0
0.36198824128944906,0.6968401988100401,1
0.41628810874780575,0.44775412881768784,0
0.037467700013892435,0.7467130785302918,1
0.9367381983363473,0.2702894765740762,0
0.29018492919743377,0.7203121248899231,1
0.752771077623004,0.22925030216814257,0
0.2687312819382234,0.3253680701351559,1
0.9048840591176052,0.6880798997926798,0
0.20621571691591734,0.5245588806608275,1
0.7197017056875157,0.6787721932960095,0
0.15976099585036374,0.2271179259489874,1
0.5528619558959554,0.37855703437953214,0
0.49625038872485017,0.8462506602643576,1
0.3779163607539078,0.4297445517469911,0
0.29279603663897924,0.03763588507697968,1
0.6204485012628683,0.4959777612719466,0
0.1899704221360451,0.4874888685585982,1
0.698048853038814,0.06189377405663854,0
0.01526092648325783,0.0061107878147595995,1
0.31914414954361836,0.4920293374564588,0
0.25660125635497366,0.9990279951653992,1
0.878222121185399,0.6769958880571312,0
0.4294780034169978,0.7444731842589173,1
0.953719263438417,0.3036807734446988,0
0.2328525734432665,0.12063080078164035,1
0.8137840224396089,0.2476468526058545,0
0.5759920830039128,0.24161804811797827,1
0.9944631260142263,0.7204304917048482,0
0.19467496462678757,0.34942374404411436,1
0.9479823095759906,0.2566952240677768,0
0.7483199724115087,0.149805713836915,1
0.4296961898060724,0.6239265156286413,0
0.0948023242422188,0.5192406305299769,1
0.8312774409581648,0.7980253003850254,0
0.17096995035496654,0.9371497921975305,1
0.48159975394013854,0.5803268026384502,0
0.30163247408130034,0.8161093804922122,1
0.2528677341247164,0.5048625985030585,0
0.07814940236280432,0.15094028429376227,1
0.9410536881225122,0.2402426988284181,0
0.16209141161393992,0.6842747615335836,1
0.8311238960710375,0.9079501989204021,0
0.3145534518383172,0.3618755233916763,1
0.49405792320086717,0.6451894502220303,0
0.34647539251007686,0.35986628363564066,1
0.9919216553023888,0.6646254500171507,0
0.5598954984220794,0.849934759019487,1
0.7425384871497077,0.3354772081506996,0
0.2607907611166037,0.8959587851234297,1
0.9744828106373338,0.359090957961145,0
0.43175692959865586,0.17406449292894588,1
0.30118413437434477,0.5385456952622992,0
0.7823079382492019,0.8658492009951347,1
0.8875689546089982,0.8619715542307758,0
0.10168006361578041,0.3210099297257707,1
0.4336433586654247,0.41168579180848763,0
0.5476584235928602,0.7107111099947585,1
0.5428740499980561,0.6460749274777327,0
0.33779763874281477,0.9027009309545305,1
0.4587254699457537,0.5617412713032186,0
0.23241145776029704,0.06480776492706886,1
0.6703754202470993,0.43503118152966547,0
0.442682623372443,0.9457172076980251,1
0.43182601828225187,0.6378522954593696,0
0.7696259060137947,0.8206189795112392,1
0.6096587171770712,0.35987246187034816,0
0.36963787101171297,0.06146226042725178,1
0.9235187995122378,0.4484445654149698,0
0.3141699851394669,0.8319285862152448,1
0.9385689837905041,0.36876302686579554,0
0.7020344131044898,0.8778312278847916,1
0.8304961543243505,0.7581952294436111,0
0.18884971020738517,0.8187008889429002,1
0.8109015089819773,0.5567087386827458,0
0.09119194263128705,0.6218144454837483,1
0.939592896099186,0.8940071491427972,0
0.31089691895949145,0.8844198624275521,1
0.8101750344585454,0.3294323871294921,0
0.33235308804039554,0.2778896011167774,1
0.9363170215108433,0.4753971834863878,0
0.1921518824914764,0.15439412552496656,1
0.6515442825198737,0.6780629272024838,0
0.2615527823951792,0.7534085593084434,1
0.7595526642664838,0.5827949476821902,0
0.2865430650347416,0.8143788247271495,1
0.5896758222333058,0.3870830632742488,0
0.2346370138159054,0.9190281273133655,1
0.5501261247867347,0.516811808982547,0
0.44939421813478786,0.20620557699980469,1
0.6532012018046258,0.3140931720584419,0
0.3254429508210238,0.7572799529046788,1
0.7742135132527534,0.9427157294191781,0
0.2917295925985085,0.6545267224579607,1
0.8848898567144309,0.8802550522073841,0
0.3424228821057682,0.7477914182941775,1
0.5228648073728276,0.6631933007761363,0
0.36554175692459234,0.8468051101490232,1
0.9578364318172118,0.4724713822307085,0
0.06494037109083461,0.29218631643253257,1
0.7350199290354793,0.9335285262677869,0
0.30139781656694964,0.5978388186857683,1
0.8807118108685031,0.25023108171944153,0
0.6312811678818268,0.7430663560278318,1
0.7265688824968515,0.6282098031718268,0
0.4661889089575112,0.2676200202015565,1
0.7423247802969802,0.509413847680814,0
0.4179115877081212,0.2771225301659307,1
0.9967514645060541,0.3037784621447479,0
0.10639106354165762,0.009462279177166022,1
0.443655456018616,0.4347674714461456,0
0.1543997947357123,0.8148931535088245,1
0.546342213053315,0.5473948387069871,0
0.21396903445564375,0.552905912165857,1
0.996475332165079,0.7583729264988573,0
0.12697394341682944,0.6508325792303863,1
0.6556948356637368,0.4623580972661083,0
0.1582915925795425,0.19267281184668816,1
0.8452374457632972,0.3609912091929818,0
0.7477252760087959,0.1678870313726708,1
0.662699419666347,0.43220629826872714,0
0.4211127568181756,0.3269868788479997,1
0.6894013869548491,0.7066962155221554,0
0.06365340421420873,0.9910817251255227,1
0.8943759509693195,0.9338107557785387,0
0.43917980364640985,0.8075872599936998,1
0.7442405400798231,0.028353871957724985,0
0.4970187325809393,0.8025669494427535,1
0.7859389640506895,0.4424538118168505,0
0.08906013170002514,0.790437919606869,1
0.22818849081370352,0.49057418063219227,0
0.3370262445550949,0.2543328240593863,1
0.412485915780915,0.4676816783442277,0
0.25100778584992267,0.346068613375899,1
0.9149450534345036,0.9003963803560847,0
0.3801655850168836,0.7709086959721544,1
0.3909921498456951,0.40046840167704556,0
0.5594005219437888,0.13390045306663745,1
0.29590053601256905,0.4693966586633248,0
0.34371226085005147,0.8582928404329283,1
0.5268912244264619,0.5942232688622598,0
0.5521460777986721,0.1359290500640875,1
0.5978243537013237,0.3576051705266563,0
0.3119278818751462,0.1018395745964974,1
0.7986102575238369,0.9368421528144801,0
0.2770300571321702,0.31379729658084343,1
0.33910766939570425,0.522609121197744,0
0.2484947640805002,0.05696921852970804,1
0.437690825375302,0.4873675671960678,0
0.3067519049763152,0.3591632826686978,1
0.6963017745582852,0.3107847237843637,0
0.21232287478595646,0.9707030534027132,1
0.4866354437362327,0.4541656941889921,0
0.5299532328142746,0.7795255359792362,1
0.8591374724876686,0.8106581115646773,0
0.1771020253525396,0.7776860556408209,1
0.6263320195072746,0.31515398559259067,0
0.3416481675609977,0.710246143971079,1
0.9420073074969364,0.5150620993259006,0
0.30255966865285466,0.6720903863907065,1
0.8027239735361711,0.43279621493846854,0
0.031358416253281285,0.0019312443702395043,1
0.8363412451162837,0.7338852584572575,0
0.007123408701139811,0.3703160802381448,1
0.5735956578303638,0.6210437308340352,0
0.3837358445920205,0.9192860485696163,1
0.921486984082437,0.7091408728719344,0
0.4353152619287771,0.3024317565105936,1
0.39925516281699414,0.522586226982881,0
0.07779801219285909,0.6359913216074938,1
0.7949147137703586,0.5496710997157073,0
0.10366695652509061,0.7828155535736046,1
0.8458374323885577,0.7978385498105264,0
0.2686594354398083,0.05580725936867026,1
0.8873733898378365,0.34655198965816325,0
0.10766009171087909,0.588746575559712,1
0.8571922116206666,0.783132851973691,0
0.3148555377143799,0.917394474442932,1
0.8112750044305586,0.0790902104023602,0
0.6005595136089383,0.9480440190545558,1
0.60756282114049,0.3256611202463432,0
0.34576965813621796,0.877722405388642,1
0.4612022459896332,0.5189097685479397,0
0.5085560721446284,0.7648479528013554,1
0.7164919899804385,0.06852530233755516,0
0.07256625963325869,0.15904010511359568,1
0.5138305002082473,0.6671703070049252,0
0.24926291480201057,0.19585032829019722,1
0.8537532531633786,0.32527842669078333,0
0.4901125926567057,0.24860061966290237,1
0.2442209632761666,0.4720906530124547,0
0.35822188747066774,0.7061914206141614,1
0.9918504422605806,0.30036197386435026,0
0.22051481787227867,0.44955078861895226,1
0.9684799892915555,0.6410687279008375,0
0.2236746754534913,0.7566276283046002,1
0.8493596550787126,0.5680136423255059,0
0.21963880299510574,0.2463578942681991,1
0.49875945347108697,0.5917583220969318,0
0.7024655805046631,0.23224120219322308,1
0.7065101292909091,0.7236040226705003,0
0.4363080579723583,0.9042020096852623,1
0.5519254572098738,0.3272586894829731,0
0.19898689781230372,0.9634494019273505,1
0.7757434533934361,0.6646864730900445,0
0.1559170547696086,0.18910148415042194,1
0.7002796070534317,0.7104856400496664,0
0.4910060540852662,0.2559005850837456,1
0.6511995778118296,0.6390582699515924,0
0.01667569396470292,0.4527008212602196,1
0.7489306469558009,0.38363546150227223,0
0.5445453481348457,0.8743507432285481,1
0.5114663490912482,0.43712350509726394,0
0.4989946183385302,0.8058223320481295,1
0.944350633017329,0.9424186534442203,0
0.3966462742830651,0.20982693204093772,1
0.24538687149589733,0.5580059369123096,0
0.39078687696763237,0.8546949764835734,1
0.3847674341503885,0.4271908485435566,0
0.5600344327708259,0.6980734905497834,1
0.649779197166798,0.4638771189088733,0
0.3813347635520976,0.09385532527024576,1
0.9760861021989488,0.20570170395395004,0
0.22484527691391976,0.242999052014772,1
0.7098397148508092,0.6180777505382151,0
0.5905179065275659,0.17227034155176058,1
0.8191928859450941,0.8491591809063852,0
0.4802665409892627,0.932508954539196,1
0.9421094884627951,0.0015667959119536334,0
0.21974756655543437,0.4015120372569001,1
0.43007294259585205,0.3724530680562933,0
0.6221626745354696,0.07779166220851741,1
0.9834318214437318,0.5461945736017808,0
0.29501180634400137,0.9656514446500036,1
0.5242852356635899,0.6036062706774009,0
0.47383701979272386,0.8669344115027748,1
0.31878072227284415,0.5734177618643029,0
0.2708656668965107,0.15949386180928082,1
0.8539263264892788,0.7404688029683023,0
0.07147941414516723,0.19507034514652588,1
0.9726297974064232,0.9937664844230216,0
0.5410344016898643,0.8564278393417792,1
0.8428515492720023,0.7211259984048087,0
0.42990098955336464,0.7439910359502557,1
0.9070386194864962,0.4739309961357019,0
0.18572876435544927,0.3058221673206698,1
0.7132618554331878,0.5866664360771313,0
0.03591962744565047,0.6020572724993553,1
0.8514801599472756,0.23651152619044002,0
0.27720515601685436,0.0200107811791308,1
0.4944372779641656,0.6062972422526569,0
0.7064346555194032,0.7631598874994889,1
0.5618496053093538,0.5814099871504942,0
0.028627055962412884,0.7189074995704556,1
0.9743647442328234,0.22569116586832205,0
0.613674296170263,0.9052871638082164,1
0.5314419891159509,0.40506760734110014,0
0.32225275414883403,0.8616514007403157,1
0.7938262353806915,0.22815439483861988,0
0.35901335974015325,0.6827595280434317,1
0.791535080998836,0.9504034413826086,0
0.18486953747370893,0.7135940393869142,1
0.8976847194729621,0.2544991593036001,0
0.5104901524938303,0.6901763205044271,1
0.8228358446476278,0.1808421769582732,0
0.07337647115688617,0.38162680875017796,1
0.8959923875882921,0.2834893634364113,0
0.04837453799148017,0.33281952049911145,1
0.9277957839821015,0.6561032575343511,0
0.06534357628556764,0.03103561828735968,1
0.7893814327882372,0.39638449424937305,0
0.07687659994844787,0.4161051864092382,1
0.9917375431114814,0.5861235894659252,0
0.09900075486776638,0.21863179722182458,1
0.7764221707111764,0.5354318629912536,0
0.07872238933562747,0.9880731391033749,1
0.7512169275682218,0.2940028479387685,0
0.10941291995848468,0.6994029318597973,1
0.6287525970162824,0.9637338186488239,0
0.06328210850342997,0.284970418854924,1
0.9962307429930806,0.0007280532272827545,0
0.37976614484700444,0.05150816657435364,1
0.8487393115008303,0.2369940198101318,0
0.18685364612389077,0.18992713954116025,1
0.4660887813896202,0.5190076134724683,0
0.6452333789673768,0.2793638765698726,1
0.42091958773166727,0.4266921789509349,0
0.02163333032892456,0.5368175348927878,1
0.9821339466881989,0.22944012980042328,0
0.3114383735681875,0.8256329269769368,1
0.20633098132295769,0.5102359062762635,0
0.015723364290733954,0.8162880801020026,1
0.8262413288403356,0.8382365049127994,0
0.1969911973745223,0.22077225315762383,1
0.9455821791780802,0.6544994557564939,0
0.32693273040952264,0.07598245689235672,1
0.9293490262143771,0.026265982507173047,0
0.4782205726596995,0.7745166486729456,1
0.6659797888308533,0.28144333922938713,0
0.23450855800982806,0.9758707768661693,1
0.9854983831944423,0.7829655193256476,0
0.39642652470228135,0.9430053105975538,1
0.9378297256184541,0.7841371465702135,0
0.27099329354281,0.2414958201300963,1
0.8970747103486955,0.5637434165074213,0
0.0020139493847872725,0.002180281800501005,1
0.7068146474419444,0.3341088625609805,0
0.31144641199723144,0.1683722886868847,1
0.8978645752779171,0.19482849778349298,0
0.1645740674081333,0.9297781759145621,1
0.8190037212366374,0.6234336861802273,0
0.41342099570498925,0.12285753091546747,1
0.7198783601783277,0.03967356974775271,0
0.1168013302588975,0.5798149066685836,1
0.7679024531370129,0.6001448293111856,0
0.035398367248835494,0.6081840124810738,1
0.6719572178759866,0.31737977642841764,0
0.6911647671248661,0.1758080157794233,1
0.3712605420425129,0.42383679148058817,0
0.09569224376667762,0.18554291295352643,1
0.5705551807013942,0.362003216735887,0
0.007752376518216142,0.7413309847103123,1
0.614361200036702,0.0009246899596834224,0
0.468843808751084,0.8164799951124524,1
0.680523094145093,0.2871728615948764,0
0.24786623497125504,0.5961959312386685,1
0.43856937739717594,0.5865370613058323,0
0.45883391422682973,0.9700095238927203,1
0.8086734186589469,0.06285979141455966,0
0.24407277395442684,0.3059187962888078,1
0.8011548113638673,0.4335216796869088,0
0.32084032025407827,0.7605089053128673,1
0.5155379193242505,0.3927146642250916,0
0.40084977993969806,0.06784464376885613,1
0.9743236483802519,0.3588893731378713,0
0.21562002520217816,0.30924457057219157,1
0.9701230914604502,0.056819810797328785,0
0.2525511898926689,0.6198966388442761,1
0.6540965531291749,0.5083628961826548,0
0.33864739697634816,0.21630626927247865,1
0.7147785082416015,0.6840594540589336,0
0.11639915263774991,0.7705920400895471,1
0.7413015423220357,0.027711833298449173,0
0.38025997100552644,0.7528632811142018,1
0.6470586272546508,0.47371450013785643,0
0.18937437768022847,0.5339876226972554,1
0.9328641905623215,0.7217457562601415,0
0.11653675555099752,0.5500576986481125,1
0.9921782610504533,0.9683936129832169,0
0.5808146553242173,0.8694849049914799,1
0.5144059514076356,0.6447404648675935,0
0.3603848637719508,0.30614908909236005,1
0.979191168183512,0.17445365807127244,0
0.6507542158610955,0.15981450052338497,1
0.933990252041853,0.581025994848616,0
0.520044615172128,0.07574007095507085,1
0.3526999847798984,0.39016383497189466,0
0.06796432850033418,0.8054578967080704,1
0.8702473785544104,0.8971386333784397,0
0.27281020017700697,0.8738642844743968,1
0.7889864655814648,0.025898954428800636,0
0.6244058743191113,0.07646495519780938,1
0.9438189299052704,0.45183200887334685,0
0.409235599463908,0.9465393674431415,1
0.964635557615568,0.2651456438183617,0
0.09759458665116927,0.46763511211162956,1
0.8133322150983908,0.6080205001380493,0
0.6854449932232936,0.20685308733071395,1
0.85054202831292,0.6631488092461745,0
0.3969645751015395,0.9659068000089354,1
0.3072146305683595,0.41303563695090306,0
0.057153031810904364,0.39215638134916964,1
0.3843390181599564,0.5457695619523575,0
0.06281332472467616,0.9919510702813895,1
0.8697603178950006,0.6186571352405335,0
0.6024586696413071,0.12789663428361087,1
0.35833520276048914,0.5697975370347892,0
0.2027722336214426,0.5589391080383734,1
0.9703210924043443,0.9509750322671087,0
0.10124066614652194,0.4197285892520767,1
0.3044133092916188,0.5109013879700762,0
0.6540821370393676,0.8951550557231984,1
0.7892062644992319,0.25827739583645637,0
0.5932248639203773,0.17735961283045243,1
0.45259558208707296,0.4033140095848071,0
0.17105196953834656,0.9959502902556213,1
0.86162881440785,0.3991252406008252,0
0.1849832498538453,0.4884017215103791,1
0.9354051800646465,0.2693998866785945,0
0.6366369757515025,0.7209948046240199,1
0.9866089414940417,0.6764147165814212,0
0.2117975753055299,0.8314066741388778,1
0.8234905203672115,0.15398507254455207,0
0.01530023145344872,0.046626576452885926,1
0.7368095229561706,0.4542589054613698,0
0.6008627867340247,0.8822321201713815,1
0.6286849408775284,0.49895323005281267,0
0.2152243269244355,0.28050189562672234,1
0.8912612570278462,0.3881230733967067,0
0.10924437240925955,0.1827496150321587,1
0.7483175765163324,0.24949122015386815,0
0.7314410706635923,0.2113451025435933,1
0.9694821664019,0.9003177753723144,0
0.2729027002355352,0.06474496341432734,1
0.6163973940595273,0.46786715237585363,0
0.7190949598567709,0.08783577716691049,1
0.9910011871114381,0.06713483704970014,0
0.053746822767219316,0.635358157894352,1
0.8808521220445172,0.9140575252256306,0
0.3190887649787134,0.11394115960653095,1
0.5895576032152111,0.5815410931317552,0
0.6265963264707437,0.20281226562296484,1
0.9341715236942617,0.8883456590092553,0
0.29233387942443,0.4140985367611669,1
0.7405222322657947,0.2984519168894706,0
0.20951629763792778,0.7276068516954624,1
0.8375197793513466,0.6217177727086906,0
0.5661196093199121,0.9479869232404281,1
0.8014300160853717,0.7563362436577284,0
0.30929972577431986,0.03264872663776497,1
0.7076620994437891,0.2940516433782716,0
0.5943365320430115,0.8986573551604092,1
0.9299526166577858,0.3481186168815935,0
0.07249301390858076,0.9762738073364893,1
0.27811609906649737,0.505499761829836,0
0.11485810220731119,0.4269547139477734,1
0.8204234360236962,0.7485198614541795,0
0.038183584387588065,0.9695833227499036,1
0.5565650994536594,0.3769954630231106,0
0.354062854671755,0.7879980009645372,1
0.7515974413495571,0.9525754055550797,0
0.10202834549013284,0.920629342857102,1
0.23403776064091475,0.45881804943265136,0
0.5689397982750213,0.7497838171600724,1
0.8630341076876198,0.9334037391159089,0
0.0400701754224112,0.7971857030468459,1
0.5500952160054426,0.4152211046953018,0
0.6549720608650115,0.8695312858495787,1
0.742727036949691,0.40701026173939037,0
0.34666637182638704,0.806371972499084,1
0.773713362933244,0.4129107703380549,0
0.7799825691022367,0.14022418208426224,1
0.3177352905131472,0.5060376501817005,0
0.028166078733257605,0.7981873209985352,1
0.8823711553282587,0.45841259565546155,0
0.4569561260756896,0.6707631683153757,1
0.42880749979955235,0.4455057397627875,0
0.139664001877155,0.2224142138300561,1
0.4624507390337732,0.4824034848401044,0
0.47639579634445195,0.9083855746179167,1
0.6866262753238578,0.7083085834932962,0
0.059683076076082364,0.6888204560437918,1
0.9772153870205138,0.3722567354660924,0
0.3751422486296432,0.9327596986191734,1
0.738927989250591,0.7369766621995109,0
