feature_0,feature_1,label
0.3834415188257777,0.7917250380826646,1
0.7781567509498505,0.8700121482468192,0
0.6169339968747569,0.9437480785146242,1
0.6976311959272649,0.06022547162926983,0
0.1289262976548533,0.31542835092418386,1
0.5701967704178796,0.43860151346232035,0
0.10204481074802807,0.2088767560948347,1
0.6531083254653984,0.2532916025397821,0
0.11037514116430513,0.6563295894652734,1
0.8209932298479351,0.09710127579306127,0
0.09609840789396307,0.9764594650133958,1
0.9767610881903371,0.604845519745046,0
0.039187792254320675,0.2828069625764096,1
0.29614019752214493,0.11872771895424405,0
0.2653894909394454,0.5232480534666997,1
0.2894060929472011,0.18319136200711683,0
0.020107546187493552,0.8289400292173631,1
0.6778165367962301,0.27000797319216485,0
0.29743695085513366,0.8137978197024772,1
0.8811031971111616,0.5812728726358587,0
0.5013243819267023,0.9560836347232239,1
0.660173537492685,0.29007760721044407,0
0.29828232595603077,0.5699649107012649,1
0.6521032700016889,0.43141843543397396,0
0.36756187004789653,0.4358649252656268,1
0.8061939890460857,0.7038885835403663,0
0.06916699545513805,0.6974287731445636,1
0.9755215050028858,0.855803342392611,0
0.3599780644783639,0.729990562424058,1
0.5210366062041293,0.05433798833925363,0
0.01852179446061397,0.7936977033574206,1
0.7044144019235328,0.03183892953130785,0
0.23789282137450862,0.9342139979247938,1
0.7301220295167696,0.31194499547960186,0
0.06724963146324858,0.6793927734985673,1
0.9903389473967044,0.21689698439847394,0
0.38346389417189797,0.5883171135536057,1
0.6874882763878153,0.21550767711355845,0
0.21331197736748198,0.5182007139306632,1
0.8638556059232314,0.11753185596203308,0
0.1320681063451533,0.7168596811925937,1
0.565421311858509,0.18327983621407862,0
0.7486636198505473,0.9037197397459334,1
0.5521924699224066,0.5844760689557689,0
0.4856275959346229,0.9774951397444468,1
0.9413777047064986,0.7992025873523917,0
0.01323685775889949,0.34723351793221957,1
0.9818293898182532,0.47837030703998806,0
0.13690027168559893,0.8221177331942455,1
0.511318982546456,0.22431702897473926,0
0.08110138998799676,0.40724117141380733,1
0.13248763475798297,0.05342718178682526,0
0.011427458625031028,0.7705807485027762,1
0.6720478073539145,0.24536720985284477,0
0.5573687913239169,0.8605511738287938,1
0.27032790523871464,0.1314827992911276,0
0.45614056680047965,0.6832813355476804,1
0.7786953959411034,0.7774075618487531,0
0.37381313793256143,0.587599635196389,1
0.3708527992178887,0.19705428018563964,0
0.044612301254114084,0.799795884570618,1
0.518835148831526,0.3068100995451961,0
0.03536243575549092,0.43040243950806123,1
0.2775960977317661,0.1288605654663202,0
0.4569114216457658,0.8820414102298896,1
0.7241676366115433,0.399025321703102,0
0.3277204015571189,0.7567786427368892,1
0.24002027337970955,0.16053882248525642,0
0.5909841653236849,0.8577226441935546,1
0.9518744768327362,0.5757511620448724,0
0.15941446344895593,0.6288984390617004,1
0.3553688484719296,0.3567068904025429,0
0.18523232523618394,0.4012595008036087,1
0.8694885305466322,0.4541623969075518,0
0.23274412927905685,0.6144647064768743,1
0.13105523121525775,0.01203622289765427,0
0.6184802595127479,0.9742562128180503,1
0.4090540953730616,0.16295442604660537,0
0.49030534654873714,0.9894097772844315,1
0.7832344383138131,0.2883984973314939,0
0.4240889884358493,0.554687808661419,1
0.7065747062729789,0.414856869333564,0
0.046007310887296926,0.2326269928297655,1
0.9689717046703518,0.9049483455499269,0
0.1059061548822322,0.9509526110553941,1
0.6897682650777505,0.05835635898058866,0
0.171853099047643,0.4492916486877381,1
0.8391891222586524,0.23774182601563876,0
0.5922304187618368,0.8967611582244098,1
0.5520782766919708,0.2716527676061459,0
0.37303486388074747,0.5249704422542643,1
0.8623185468359024,0.04869029597552854,0
0.3484759890334971,0.7400975256176825,1
0.5436780538280952,0.2826996509455366,0
0.3726790698209955,0.5305372145627818,1
0.6222310588397949,0.2790679482285984,0
0.11570323332709365,0.5771402440203418,1
0.6003922370976396,0.5887396099702882,0
0.016871673370039697,0.6964824307014501,1
0.5098071966215841,0.33396486959680916,0
0.09724292563242465,0.44203563772992527,1
0.6939564109345475,0.09088573203240946,0
0.41030156269012563,0.6232946730201306,1
0.6188261682413765,0.13346147093493443,0
0.03603381742856948,0.17477200416093996,1
0.9521426972954208,0.3000289194759296,0
0.0764867690302854,0.6964631446525006,1
0.6725823112965214,0.5289399290308832,0
0.32798800090807967,0.6803486660150015,1
0.607249374011541,0.4776465028764161,0
0.238413280924058,0.5145127432987567,1
0.45651989126265535,0.3374773817642399,0
0.34339172879091606,0.5910269008704913,1
0.97622566345382,0.8897936564455402,0
0.24190170420148482,0.4322814811812986,1
0.11732048038481102,0.10700414019379156,0
0.745398073947293,0.8481503803469849,1
0.983426242260642,0.3998016922245259,0
0.14780867669727238,0.6849344386835594,1
0.8620625958512073,0.09725799478764063,0
0.16902540612916128,0.8595808364196215,1
0.4706209039180729,0.11583400130088528,0
0.27125207676186414,0.4037927406673345,1
0.6713834786701531,0.34471812737550767,0
0.43176012765431926,0.6145276998103207,1
0.8224067383556903,0.6534211611136369,0
0.6063081330450851,0.7032174964672158,1
0.959142251977975,0.10329815508513862,0
0.029190234848913255,0.534916854927084,1
0.5241838603937582,0.3650998770600098,0
0.01912289744868978,0.5181498137911743,1
0.37321595574479416,0.22286381801498023,0
0.08531092311870336,0.22139644629277222,1
0.26503969836448205,0.06614946211695472,0
0.559682405823448,0.7734555444490305,1
0.7592824517166681,0.3645446259967866,0
0.26090449938105975,0.4959702953734696,1
0.6128667531169923,0.0813695988533053,0
0.7196201578422882,0.9663899714378934,1
0.9308187172979732,0.5207614372418605,0
0.0013833499989991394,0.24768502249231594,1
0.8587774682319022,0.458503167066445,0
0.3361022663998874,0.8806781230470796,1
0.9918903291546294,0.37674126696098675,0
0.16604782452124567,0.9227566102253654,1
0.7781715954502542,0.8442349615530241,0
0.4269043602110737,0.8428548878354571,1
0.3041986915994078,0.07535906908334034,0
0.10761770514958191,0.568217593669845,1
0.5964330653496227,0.11752564290363765,0
0.24217859412608544,0.2503982128535728,1
0.4083029083397448,0.3774065725888873,0
0.70903546018329,0.954333815392692,1
0.8975427646494055,0.7699671862500889,0
0.40302600240428865,0.7452329600321291,1
0.48767632353820756,0.0005459648969956543,0
0.06355377483615843,0.20825325212148382,1
0.8028933715613342,0.15914623694224284,0
0.11566187190501331,0.7278881583695115,1
0.8119385616910193,0.47938454938918806,0
0.04934894678843971,0.29288856502701466,1
0.41810921174800086,0.17295135427115638,0
0.5156383466512517,0.8890599531897286,1
0.9195074069058207,0.7104557595044916,0
0.3589952783396321,0.9371170419405177,1
0.8735568272907714,0.4918922317083445,0
0.18551789752317627,0.5326685874713607,1
0.43307744910126844,0.3573468796779544,0
0.2899134495919554,0.5777094243168404,1
0.7955903685432131,0.34453046075431226,0
0.5678460014775075,0.6211692473670547,1
0.8667885432590956,0.6277347561952844,0
0.41669175690871096,0.8108386151289514,1
0.21145479578241355,0.059383188005789234,0
0.11589846882587973,0.8998667430000302,1
0.9804856634690068,0.09645086069738418,0
0.3423423766251579,0.7573641432377087,1
0.6573189166171418,0.5173260835160801,0
0.03855724605899835,0.7731100525054192,1
0.9031496468515715,0.042924190608832014,0
0.09973294723475401,0.47558911708484375,1
0.2981873596630641,0.1509348973110416,0
0.310839977143316,0.7186263903411519,1
0.853606042296272,0.8894479088158666,0
0.3165007454536064,0.482584241712101,1
0.7348137746305611,0.17649938888906014,0
0.5063122240233886,0.9998085781169653,1
0.5349081983832014,0.2902480425599284,0
0.5910653808339902,0.9217190668708333,1
0.7239413985013259,0.5591737821017022,0
0.49236140669088413,0.8738321783347182,1
0.7368531616807855,0.09767636744772412,0
0.01006369565609333,0.47582619585722274,1
0.5200814166356731,0.03066104832571792,0
0.10747256776880454,0.2875445022805615,1
0.48945863543469814,0.2436778752812322,0
0.18534858697938283,0.995815292959635,1
0.4714573193542654,0.0680930992421066,0
0.3167306665534563,0.6267064759591049,1
0.2656325475414473,0.01350870662671888,0
0.25611379502001796,0.8237176720231694,1
0.71514325202536,0.5580512366572625,0
0.011355128512192558,0.5112217875736866,1
0.8590026396580586,0.15202722720956952,0
0.1858976028554975,0.6915081078315353,1
0.6394627744740102,0.5206777914825536,0
0.7008556494477377,0.9132843408854808,1
0.3542248218272628,0.12027734497946962,0
0.8281466132166949,0.985108679337132,1
0.5189899203864318,0.06607426385167192,0
0.16368426115164847,0.44137414333248615,1
0.5220624206822644,0.03516005971619418,0
0.11052229405266056,0.6308318084098038,1
0.9878891693335261,0.6033229922907446,0
0.19891133466685962,0.95612315955996,1
0.6383901057769485,0.2808594946322427,0
0.2687090287568493,0.8002556035835235,1
0.7510322995349188,0.15597792803445654,0
0.01809635820147515,0.5905853790479337,1
0.7986892488839027,0.9234555382041066,0
0.3884041171691053,0.48627208632931485,1
0.9838538296816167,0.6973302508300515,0
0.2637676864504621,0.9446257184221241,1
0.6646655865344386,0.42305444016612115,0
0.36747532225192725,0.7068718094201221,1
0.9279761665983579,0.8668609136593749,0
0.3695235401396495,0.3798939037860174,1
0.668218229542771,0.2867166830403943,0
0.3442891646989389,0.5488492673993047,1
0.8075638041598735,0.051007308828755815,0
0.14837893767737564,0.7732591260670232,1
0.9829991349165325,0.9822477772883441,0
0.11861551836576589,0.9382561369639623,1
0.1858167482259957,0.1047361066812933,0
0.4248539212016895,0.664197105081149,1
0.08579460051983512,0.06268886202364055,0
0.16931269054360076,0.9650949732179694,1
0.8054624374049966,0.5861079417411448,0
0.5120807159237846,0.9717630761139511,1
0.7879157509538762,0.5552941074669596,0
0.11891694214601356,0.4175392009968566,1
0.955046681006283,0.9792863199891774,0
0.35909708773029625,0.8877008357273198,1
0.4299967804707131,0.035742682500483736,0
0.502105580724113,0.7861884994650608,1
0.7935673680483519,0.30065115869676684,0
0.10231681588759423,0.292177365167522,1
0.8451540869957204,0.3827642192427715,0
0.15236448365130972,0.9960712710101872,1
0.8671145415936629,0.294266164129689,0
0.09781016147905275,0.8843603632419503,1
0.711870450893322,0.05373354735373537,0
0.16743581945953923,0.821903908407869,1
0.8830775973191353,0.9665751069241639,0
0.3421038752037887,0.8234717190675371,1
0.9608125288226779,0.0651214685488184,0
0.5579874006096327,0.9824448830007099,1
0.6658713983098399,0.4008795636319853,0
0.5323203282585608,0.7031890160156643,1
0.5775900900433487,0.07527727983273447,0
0.3712869442824993,0.7665910506061583,1
0.7079823546511866,0.7672100660540969,0
0.7396325011799493,0.9568705691056464,1
0.7932816727570482,0.6599705485232624,0
0.7748797793474019,0.9440324664280993,1
0.7018404829444163,0.030192773268711615,0
0.44447895535227,0.5023932939071011,1
0.6455442945794939,0.3448565866227481,0
0.48714812691737464,0.9903685221395796,1
0.11834943401946907,0.02519028929050615,0
0.12208560683646719,0.2596002334976195,1
0.20986047387014195,0.13230567485306288,0
0.10185461524821648,0.13417363807828764,1
0.2987503108519409,0.2550637853166394,0
0.10668244680271344,0.4087738294698373,1
0.8847648222993799,0.7019775951661972,0
0.13168728181445688,0.3970136667776334,1
0.2848855205537312,0.10398807754342043,0
0.48345899817102334,0.88118825140944,1
0.5265840288204692,0.5379457791519024,0
0.305188702693029,0.9834339782345762,1
0.7690469943201406,0.6778949696185212,0
0.19645099182095394,0.6715276967657582,1
0.5147671040351863,0.14043952137105298,0
0.3538190325726409,0.3782678171051327,1
0.9832748650501553,0.03042651533700591,0
0.22774099334728648,0.44679332036908115,1
0.9296187394467544,0.6672147067866749,0
0.5509939701854862,0.98046645884063,1
0.7719308674089599,0.41308612590388627,0
0.07382628156424853,0.49096638554047445,1
0.7998654355823109,0.3109303803440895,0
0.19399079760019733,0.4810424481098726,1
0.8625592497840949,0.586277321520618,0
0.3502712073448542,0.9197379807712738,1
0.6405645935212184,0.6886483169837135,0
0.5144803410895479,0.5468681788063412,1
0.7689194362148217,0.8565674676693013,0
0.034267040352229494,0.9985265777083543,1
0.740347196631592,0.8210151951243089,0
0.7137177590011357,0.9154076488518006,1
0.9191710007237996,0.4116264595084367,0
0.19889221776744814,0.6568383469519833,1
0.6844985465240676,0.41733314206259575,0
0.39312241522341707,0.5897118179929232,1
0.9290661572687678,0.05352962020731811,0
0.11222431582828851,0.19333464076691398,1
0.9890884372297908,0.6628564785571198,0
0.00036734375145786036,0.2737326293884642,1
0.6383628950006773,0.1017702665445448,0
0.41512525483179386,0.5199849899533098,1
0.79895316400818,0.07799281787582457,0
0.06659633223555117,0.23597038524157,1
0.6716898576108536,0.470321282336041,0
0.24029232003016665,0.7631402302547929,1
0.5620661107547191,0.4562225019615531,0
0.42880977016034294,0.5551938823233694,1
0.851198471715004,0.771077346815188,0
0.3772689326657602,0.9260265066284805,1
0.6143462999796309,0.22149017880295774,0
0.43125784684189816,0.6726271392574619,1
0.8526890057422694,0.032775901293363385,0
0.5168330403809708,0.9829264779958555,1
0.8996517033276689,0.11646325416191616,0
0.7284739655410148,0.9006752388088651,1
0.8496898764211883,0.03294544853123238,0
0.23125495297968846,0.3078740979600233,1
0.8080493403229045,0.9270205687863958,0
0.21727897233783133,0.7428982920807213,1
0.286329546873449,0.16674158011136264,0
0.3216976184636222,0.426593909598879,1
0.3883331664744526,0.09412243608551696,0
0.08044851553740051,0.6012277576745202,1
0.8907643464500933,0.8061241514404441,0
0.009059999522384898,0.19172410992184563,1
0.6161829906159595,0.3842731752423184,0
0.3126898434860351,0.884324226389135,1
0.5666693393630345,0.4768013639288602,0
0.17117204815515852,0.4318426506497062,1
0.7716028066943498,0.5439214998029848,0
0.07260006654760531,0.766669301027875,1
0.3685989199435754,0.21927938520306756,0
0.144240102021566,0.840016697735278,1
0.7487223064086382,0.5611209274297748,0
0.2780502383012221,0.5469500618445636,1
0.9682043910905087,0.22619630084200637,0
0.3258548420037962,0.5025093969698047,1
0.7047321944166701,0.6229683229783043,0
0.01331611324646731,0.6062619062265414,1
0.818101050024029,0.34060464388435197,0
0.3154651571670559,0.599581346373995,1
0.9090927570285632,0.18736090142632278,0
0.2019664284242032,0.6937233386722279,1
0.9301263622436969,0.1812676621478424,0
0.6155972191096447,0.9465570860740017,1
0.9178766169931135,0.08105378863406154,0
0.3474596681158475,0.4541652683483981,1
0.9550641453735598,0.5189256786371652,0
0.19419420761346906,0.4131347717827648,1
0.60018442398144,0.22500159467716208,0
0.08353058855531703,0.9371230205317796,1
0.8167256870298913,0.6071806401301921,0
0.5584100265458799,0.7181865260891839,1
0.8256808210194495,0.7468338109353565,0
0.4580209630888029,0.5494185832998159,1
0.9229142906324854,0.617035210641125,0
0.2851749281325723,0.3559275512159842,1
0.26874938707673546,0.12976262256838134,0
0.009247994223699374,0.9277530793237041,1
0.9832027382901181,0.4486006620177172,0
0.1175459407560635,0.38165374664543217,1
0.6443971409505681,0.0603794820255964,0
0.009284450505927078,0.5320924091720286,1
0.29772294755562134,0.22701777179605787,0
0.1663246137196387,0.5526864711082139,1
0.9634699947451857,0.3049641829577222,0
0.0756106730650844,0.4608030422931906,1
0.6981163757068996,0.17633290746448915,0
0.3422263312509606,0.3755885624614592,1
0.721198112930903,0.480107807145184,0
0.5017731306999452,0.8115184706218832,1
0.5231559899920758,0.25052058641717856,0
0.30290480866983505,0.5772840145429821,1
0.42681951511054084,0.26810926491253906,0
0.2715502900064757,0.46185344216193713,1
0.8527361578939424,0.35020195195657644,0
0.06188916884289575,0.8213034776981041,1
0.7791109940193555,0.8051274852078378,0
0.5369988910428293,0.9788569810230561,1
0.6019436981131123,0.0633690045488483,0
0.28757538285757145,0.7689989227058563,1
0.9747744225104565,0.04928525907355852,0
0.2528538777482612,0.7578241076908905,1
0.5323360708973223,0.11495214963711486,0
0.37554935508454257,0.5681622441809498,1
0.84083024241225,0.4972313969773726,0
0.1439765340953817,0.8048229649897223,1
0.6651828444118888,0.1648055898475378,0
0.3175036991866854,0.5955850196361631,1
0.4884424667302759,0.13426702371782484,0
0.5749903272741144,0.7399374807828707,1
0.9682117713312417,0.2953073223358139,0
0.3656763331259183,0.3954107209186417,1
0.29257084694760094,0.24599060595658673,0
0.2580359567417546,0.47338572559429504,1
0.6104897350200319,0.5456289245734854,0
0.18420430651882713,0.23718963205167587,1
0.7547838931965645,0.5358829812761117,0
0.32592393982149914,0.7083602670365968,1
0.9082730864154143,0.4090215115928747,0
0.11492434998823198,0.7240725264090636,1
0.8168251414784377,0.5395366051096308,0
0.4638946746593172,0.6839796113664752,1
0.572450218156556,0.22477732839266462,0
0.5613987175911241,0.7132460130406766,1
0.5902799217288169,0.31144939554220064,0
0.27793535720895857,0.31840293461058755,1
0.8301965798350519,0.8429348593012821,0
0.4212733963164108,0.926265880140584,1
0.7236230943988581,0.2889067713573552,0
0.01923205935154848,0.569872151314809,1
0.8490286349356629,0.6328496569149624,0
0.1145881696756057,0.5402228047861908,1
0.9559123093102045,0.5850510104238695,0
0.38582796974253164,0.5315677222423986,1
0.9409503298781383,0.5756340728609814,0
0.06785581770377547,0.952215814760112,1
0.8012734198599218,0.05029106314738907,0
0.2569754591527016,0.26697589868858995,1
0.6238667252688536,0.43974531184284804,0
0.5301993630119022,0.9514108146164075,1
0.5846628638893966,0.3035488506537072,0
0.1311162289671456,0.2484254759736073,1
0.916050908274991,0.6687825429922609,0
0.005494817809162722,0.27624766746925433,1
0.9949019073529632,0.7456665838750144,0
0.07807485417830429,0.32321520119473024,1
0.6963236850805055,0.36632437083075464,0
0.5428064687528136,0.7140537850738863,1
0.28351378229303437,0.2630787802965846,0
0.5723170159586255,0.8948697402009823,1
0.4543342421615151,0.44732288725572533,0
0.6873517954472738,0.8010587110273939,1
0.5344320281653596,0.015676116049913924,0
0.3266352296260078,0.8216719344295681,1
0.6714275461256203,0.42240749476866457,0
0.5802481665713005,0.8974333267292596,1
0.9107252348428405,0.503527819782402,0
0.0909693392955635,0.9809794008003951,1
0.7105053286301986,0.5051134386177387,0
0.24394081886689145,0.7221507657001041,1
0.9904533093614852,0.8453735371072039,0
0.5015914709407675,0.879417462024168,1
0.5005374588031359,0.23454990206703086,0
0.19026050892333246,0.9905391939211878,1
0.7328151240366955,0.09824991345203671,0
0.16548322833961315,0.6254176103511686,1
0.8382270444539296,0.9354927638714214,0
0.2593738185269995,0.42746140569325586,1
0.48110196401581173,0.2515227381686128,0
0.3242728755420111,0.9246228121426286,1
0.44986153390757877,0.22712881689932363,0
0.3805828679202846,0.4785758584818498,1
0.9961004403012381,0.23220975516359232,0
0.262891177010511,0.3611134366437103,1
0.9444741644379346,0.7283789963268682,0
0.3618012391691393,0.38163932039592585,1
0.8113794039634867,0.8156175864366617,0
0.28783376214007295,0.49497161941135703,1
0.7385922212429411,0.5265842599978379,0
0.568419042866216,0.6091612643556431,1
0.2047813619358524,0.053662906291589096,0
0.030288410155906775,0.40694640027158935,1
0.24783864699076974,0.19288070275794833,0
0.810290763069436,0.9504860360377839,1
0.9338463614733145,0.773853891491353,0
0.48490527519903726,0.6831918502525338,1
0.7190770235550296,0.5595705341197842,0
0.09127072085677812,0.6004710432403803,1
0.867580851341647,0.3130988817359902,0
0.4265713997011944,0.8762619382503131,1
0.8776183773849765,0.6238679005772775,0
0.3779764739828766,0.9787965377421489,1
0.966737743843486,0.5347081744165934,0
0.09884595187690437,0.402908444731893,1
0.6946109034163818,0.043270676442196176,0
0.37743018521539384,0.6702389414436098,1
0.7023391426917073,0.7243309792357789,0
0.6621742342864505,0.8513234378820872,1
0.7581834698938779,0.6338251131552236,0
0.5316058181086445,0.6493727306293858,1
0.28355771510260386,0.2861476039966042,0
0.19085000416415399,0.9019236326293176,1
0.46163936131883676,0.36725141256017046,0
0.2223734692328101,0.5535419594668016,1
0.6621836528441697,0.5809958186732397,0
0.46509178414375885,0.8339346694541027,1
0.6832706964459297,0.518337787453434,0
0.6154234059633834,0.878594237524952,1
0.8838254464445581,0.8534493333489572,0
0.7571297778090657,0.9863290630015888,1
0.4707321549552316,0.014665820972070809,0
0.3150245771146568,0.5006770213261564,1
0.9442598201028373,0.1397301515397661,0
0.08020666233007856,0.5076354697177541,1
0.40051046358150544,0.41091573429808903,0
0.1548694156544791,0.7838366908422123,1
0.7925551673304461,0.7733322203698869,0
0.46109400030335734,0.9651163249194699,1
0.558730990806489,0.3306170713112795,0
0.4549042727134398,0.8719683961501463,1
0.9958300034113987,0.8172485840405118,0
0.49863935274004045,0.5912202854073818,1
0.8464261639788647,0.0581764023767114,0
0.44750343997820197,0.6607985603015407,1
0.5395019250274483,0.15851485058039905,0
0.07687299375237977,0.6893006911552638,1
0.795252812224187,0.3897864227871187,0
0.30420067584686916,0.541045599554965,1
0.73832475679861,0.2593415079870255,0
0.01077776350569315,0.9970463442051004,1
0.3125627484571776,0.20841401420210837,0
0.1992281464241792,0.6566050997098815,1
0.7850663791171616,0.41539495750952704,0
0.3888506288432074,0.5800802641821708,1
0.28834863387833454,0.29136152862599196,0
0.5700468780927677,0.7457637340963282,1
0.7759584418813597,0.07614516220153023,0
0.6650816241420333,0.738402441015417,1
0.9828033489679264,0.4994614891065746,0
0.07319729852497836,0.15411716937731978,1
0.5929463194364691,0.6124252490967343,0
0.45311076628522495,0.8035452949126581,1
0.758365495956166,0.16648113180479807,0
0.46492216869766234,0.6090793160357167,1
0.7567656059114031,0.07899624779631742,0
0.11680700716264036,0.4325966430678647,1
0.8360175827727111,0.6461810255983272,0
0.16090979579308917,0.9044850262008999,1
0.3091918277779059,0.12474018780936369,0
0.4343451101984821,0.926802475830331,1
0.9042874658222364,0.4493691779610771,0
0.19840674774889933,0.603038139426371,1
0.2916492615163876,0.22213992176121322,0
0.1557625765734173,0.2805899772848325,1
0.27363831030002284,0.2107106425777696,0
0.3575196074409279,0.8818267622722838,1
0.63250897428825,0.5146255360086313,0
0.6490695977908352,0.8560349969338062,1
0.7536800891297916,0.6902112815189781,0
0.10409193213346701,0.3056953793966788,1
0.857978579001121,0.4533040523767575,0
0.18630351666635603,0.9798641184223712,1
0.36771261595328586,0.2975853747511801,0
0.32741140405268243,0.7034304233584269,1
0.551569960761176,0.12301675917649424,0
0.5927595785429434,0.7932593060544021,1
0.7014763244005944,0.42785917998068734,0
0.017747959061762075,0.657519895380428,1
0.9999489702149168,0.2698888205643851,0
0.1649889392381687,0.45768477592962375,1
0.9185266283960603,0.2814161142143904,0
0.10784968126068728,0.3885892096203356,1
0.8170569837942127,0.930941311255106,0
0.06958710851901795,0.36547352532599353,1
0.7907728499829019,0.19404254918460295,0
0.33160214566713064,0.3430669324230867,1
0.5784515481629375,0.39711199099606664,0
0.26646127617938287,0.9095826774815607,1
0.9695823723122513,0.942435620587473,0
0.1235937534812156,0.5760767658404541,1
0.9702129436362472,0.7174857253616094,0
0.37273675143760665,0.9357995794399642,1
0.7903403526216722,0.6484683580489194,0
0.10620186761913764,0.9115463022293834,1
0.4740025854219123,0.42848215448923443,0
0.2477964557251887,0.742271569229792,1
0.13388777438627453,0.025210168791350074,0
0.7687722230537536,0.9668005974515538,1
0.9215475478121653,0.007810215405743226,0
0.25663261663902925,0.5646472143098588,1
0.8518938450883227,0.6596954981260428,0
0.6602909185597778,0.7595363091461329,1
0.5678206546639691,0.13950519378682968,0
0.6644912264494156,0.9589616184964967,1
0.4851596313193155,0.09823818465324785,0
0.6645010506676454,0.8676871753434979,1
0.8757651744100993,0.1170530991510319,0
0.2807065905741337,0.47147971671727995,1
0.541633010854823,0.024945629811443437,0
0.025737775583115297,0.7743529494802057,1
0.5461327493471125,0.3236137095467213,0
0.6296183027065931,0.7785842640282813,1
0.8164127137140637,0.16607708859341797,0
0.05862905888377212,0.2001706815505686,1
0.31515150344547804,0.07017356786490447,0
0.3000318716171253,0.9561498341240191,1
0.6975177338688435,0.6341128049224443,0
0.08568587472942246,0.8096423277988296,1
0.19753989376610714,0.059846315550850626,0
0.3307249654946358,0.8334788758433764,1
0.47821563984577564,0.44597266060036067,0
0.3921798826190154,0.7335704476706063,1
0.7738629651893243,0.4056338946232637,0
0.7362608014758756,0.8385085908076249,1
0.7835077656425353,0.6102130583369875,0
0.4113373831496644,0.7475763636496067,1
0.45432872638864563,0.25287988720157717,0
0.38213574020259033,0.42450980790036974,1
0.7991832081050435,0.19996658590792427,0
0.2479272282536652,0.341934148164293,1
0.923341084521733,0.4930168542378287,0
0.27484439421426143,0.7890142462211079,1
0.39952044663635167,0.07679747022711503,0
0.47722248071760787,0.5704366902119271,1
0.9689448200326233,0.16174119463151948,0
0.59559504031795,0.8252821895545517,1
0.9175394862588203,0.7577342701180048,0
0.20237230493598024,0.3345443786657215,1
0.7473574586765804,0.8313036590972589,0
0.1945745242572069,0.8820359225258269,1
0.858856909563651,0.6053904805020363,0
0.17763229007560877,0.41295045442400635,1
0.6464559113657224,0.14131404979592044,0
0.09306714007783212,0.191173764997013,1
0.8382864750148153,0.8938676520674573,0
0.5585830285872317,0.8091995921508134,1
0.5956690044386951,0.17408251105366568,0
0.17307226036346834,0.46242639029914556,1
0.43326482350049333,0.243712226106518,0
0.018173019276237823,0.35259611513765576,1
0.7198520277711921,0.7673608619709871,0
0.6018679759527085,0.8658052565674659,1
0.795336225388004,0.6522569349771614,0
0.013688410984091681,0.20991999008691997,1
0.5796903097452348,0.27459469982028606,0
0.36772668506784956,0.7627336288125462,1
0.8966942501708143,0.27756935052966913,0
0.3748405367135256,0.7290155103364921,1
0.9586012891469076,0.5927912915489684,0
0.013836251172974823,0.9674940497015918,1
0.7473817815582686,0.15570077014486672,0
0.009247106979528796,0.7524914090061574,1
0.9843017276705566,0.4169672019956985,0
0.3162919638346049,0.7306790666385901,1
0.8640576917926507,0.5905726936267424,0
0.02786372412310567,0.9438645773285519,1
0.7354093600258587,0.7378812839173013,0
0.09990807373006061,0.363660441104416,1
0.382989702367717,0.38956684847219225,0
0.5670718548946909,0.7063512805336583,1
0.4421293206493173,0.0019621445973821983,0
0.0979187987907415,0.5012363117860135,1
0.618640753927305,0.20882662478373437,0
0.5592094014310386,0.6819531314673225,1
0.9641009397724625,0.4512519614498419,0
0.1895738658444951,0.4837735463096444,1
0.8865051551042046,0.6356772638808419,0
0.3226629649849716,0.6913108812107946,1
0.8811676940681722,0.8965112620633212,0
0.62663675174255,0.9923469623196748,1
0.3664099003028253,0.09538035199349248,0
0.31633539290556756,0.4899233666388467,1
0.9866223213334914,0.29612672735239554,0
0.17483656324410912,0.9360590205048064,1
0.731450249159012,0.2688782303903485,0
0.30547298012438673,0.8726019267536065,1
0.7284654948930182,0.336350655296926,0
0.37292509626159465,0.5425058428622357,1
0.6492693259871776,0.5544287273924114,0
0.3541393651221608,0.5460138896526734,1
0.8106963460014557,0.7142399748518815,0
0.4713172007107326,0.860143500304649,1
0.94168310582509,0.2621785212940809,0
0.5387518584436566,0.8113770403016125,1
0.49763315709084066,0.27879141669105545,0
0.30527816042104927,0.8603830798416068,1
0.7465108599826601,0.023128386675719925,0
0.3114649593908826,0.47445327221813327,1
0.38462981600553936,0.28852500286289273,0
0.1256644453137924,0.5440711336888929,1
0.9549880481625318,0.3715344084564789,0
0.5158542979015847,0.6849379367067089,1
0.7230306933325961,0.3803149371124904,0
0.18297559358395976,0.315904642828328,1
0.2877976092729607,0.18710434243329277,0
0.2254151537382285,0.321438589165044,1
0.7558082877570287,0.2256774524328019,0
0.02510953817714312,0.8344984319735175,1
0.9204871188372717,0.2626142180446358,0
0.46518955047155564,0.49377406341346375,1
0.9236518593869899,0.2587506748785492,0
0.24375179333158525,0.817352116565939,1
0.4271068084560682,0.013781904624582508,0
0.13253097749036336,0.8514226765922394,1
0.938075781711365,0.7733985390852888,0
0.23191404341416944,0.3776908204064149,1
0.646438892397248,0.1860927313091021,0
0.19970392819903238,0.3680839022202911,1
0.6329171122765795,0.4766437775428183,0
0.04622640047085602,0.6582079130268984,1
0.236564211113225,0.2137071880691377,0
0.48637379410523596,0.992177506697882,1
0.9234419334879927,0.012210519663421904,0
0.11990356732862284,0.7179512067070324,1
0.42275869303077596,0.1047744042491886,0
0.08680861614365021,0.19244701360336192,1
0.8009363887030907,0.1002582045273901,0
0.13479789472306425,0.7950350443033544,1
0.31261711592334684,0.2786720513102364,0
0.3405875997076052,0.6963676936065396,1
0.9131505733137121,0.6128359702284323,0
0.5415846607086229,0.6277788742244063,1
0.8280003729268972,0.7820788107571781,0
0.1450155894271119,0.6973814656840917,1
0.7713023970302836,0.30032157477911237,0
0.37737711316979705,0.8766360800049111,1
0.6481414711893314,0.01734274680649217,0
0.5668964288000554,0.6332924423782887,1
0.6104621520835593,0.24035191041954007,0
0.41057870144117214,0.7793492722768518,1
0.6605821388208081,0.5661929816084119,0
0.09410500407840094,0.3776210926357868,1
0.2420439000235356,0.2008242765381808,0
0.018992988509918707,0.9639676020084441,1
0.26888805009787653,0.10676759258842983,0
0.05690645260383198,0.728557743534167,1
0.7046820311167495,0.15214085470395233,0
0.2131564667521073,0.4492342848107873,1
0.4382812327828012,0.0961552543014883,0
0.3455092984490846,0.8311881586067501,1
0.7761857971144082,0.7777832666167901,0
0.3424065656010231,0.4790215054529672,1
0.8982288010160042,0.4230319829312198,0
0.40454228688038174,0.5359033326412808,1
0.627183234547841,0.505191555071379,0
0.14472724884257937,0.4894972098053466,1
0.3827181981579947,0.391989326810261,0
0.11528118273788834,0.37601733497150314,1
0.9293998221452582,0.8238822097031292,0
0.08966292611132298,0.9501924682159203,1
0.5772967114245704,0.04278380916663371,0
0.20921049112192747,0.3218889624998843,1
0.24954174744284097,0.2274702082086888,0
0.14487610506997384,0.7315013568444494,1
0.1796481751174227,0.05805632067769373,0
0.4199948120491419,0.6935089719274358,1
0.2770661627261115,0.13535111433764768,0
0.5950246157866221,0.8906310472988932,1
0.8298353336783945,0.9416823334062824,0
0.3245999991272911,0.9957326721950958,1
0.8498176287600633,0.9049193013125382,0
0.5278719205461331,0.6715157252329823,1
0.43610982009521804,0.20822421097781196,0
0.27591372180645746,0.5350545571095502,1
0.8999425369158052,0.33810282491959054,0
0.12193298741989589,0.6300171925284672,1
0.9565315903711672,0.39415426604133086,0
0.21581336566329634,0.8614762028764,1
0.465485967436008,0.06558209567040296,0
0.16030521702543288,0.8058308258054888,1
0.6911288860821325,0.5195864408573572,0
0.2196337996488893,0.8676942857212915,1
0.4476403426248784,0.3911357121233465,0
0.41968263143719775,0.6534914117970338,1
0.6634571998860077,0.5251597299929988,0
0.10554968426098033,0.4770742969319903,1
0.9464956116881924,0.2968528676879666,0
0.18295193952533229,0.8779405098804326,1
0.7749598946732359,0.057290038549901334,0
0.5008116982476696,0.5260963484005408,1
0.49226116632238226,0.052819897599996946,0
0.08168893759303875,0.30969464926452184,1
0.7627863472229892,0.5408255176538437,0
0.15775159165898744,0.5832399316791738,1
0.7484325130680506,0.8120567848487955,0
0.3315698041877778,0.6317694004506118,1
0.6240109701292529,0.4964300320967251,0
0.4377852488597531,0.8494852489826142,1
0.675532598269557,0.18800797177707496,0
0.16313215297289452,0.8426887622604307,1
0.5623263097012292,0.14112861301900848,0
0.32885323381140785,0.6009327870197562,1
0.7687358689747713,0.09067076824664133,0
0.11951561836705538,0.4394734931348375,1
0.6318704323147726,0.12987027957280362,0
0.10777613604762737,0.33378340489470293,1
0.7008722190433495,0.4992703565129284,0
0.3220544273636916,0.9851546831184075,1
0.7067857215297443,0.5452011971650093,0
0.1525427686133508,0.5406034186244121,1
0.9393044596914456,0.5398906106106404,0
0.17567656948828547,0.43216660514178373,1
0.5581380068713327,0.07634397475720878,0
0.0595519540101761,0.3763414581904063,1
0.3854696266163501,0.24175051590943641,0
0.3496393671192708,0.4348736293666029,1
0.9328061824822222,0.30833843446623255,0
0.561812911802296,0.6415937343956617,1
0.9474195185897651,0.8646408384568184,0
0.24811224848006264,0.5083733142598797,1
0.6791499961674852,0.6605191053207405,0
0.2688315646932502,0.9784153715112589,1
0.6077048132604675,0.3422413082046126,0
0.0189010682637637,0.7384959296651173,1
0.26664361938950665,0.01411219378059636,0
0.25326145865964433,0.8677099684769924,1
0.8415615453566596,0.08579703513243586,0
0.5681533501260378,0.6797967402259275,1
0.6496612589883748,0.4748675001029421,0
0.041810601153301374,0.6065293910758234,1
0.6648574757163,0.27195643475835074,0
0.03902913808359587,0.09409412769567327,1
0.5824117644655802,0.2012292906236388,0
0.14252078330249296,0.6243000572826787,1
0.6503917479374361,0.12021666718785995,0
0.10398209321647645,0.2156755661320542,1
0.7891842270707597,0.009743265237635246,0
0.11588175867566619,0.6040494237681695,1
0.7740529258445351,0.17557747925462064,0
0.7365733630422217,0.8439686276120403,1
0.7170179689321408,0.39093730515226144,0
0.13559688458288466,0.9739029580424036,1
0.30245659798031066,0.2369650183111639,0
0.3186723521815287,0.6529669842474817,1
0.5721143441720545,0.4140153847751511,0
0.09570169580913968,0.6786381186954319,1
0.5683860268209586,0.26253654507815605,0
0.19806047831528317,0.7339983398129095,1
0.40170047652019636,0.11587016526054772,0
0.2799719892417042,0.5652422453590413,1
0.9625743710919205,0.1911012006151671,0
0.44933099697521217,0.7347733972292894,1
0.41005152137897816,0.15641675422411383,0
0.26266441418502784,0.6335934359532995,1
0.8537210327292983,0.7713625911305236,0
0.5910919631856151,0.7137406204838045,1
0.4328989896562977,0.3257544359864233,0
0.8052882554318365,0.97916100621838,1
0.8123923859918668,0.16836772838981873,0
0.43521552045635725,0.7652582604512472,1
0.685506985378391,0.7149763296261568,0
0.3331501016341646,0.882194579502589,1
0.591998092587852,0.2952841816429165,0
0.8190517657862706,0.9654538957507879,1
0.5546435845852176,0.5830706027877518,0
0.15183827386157545,0.841254064030045,1
0.5994131178177925,0.6348797056291805,0
0.29705701886078384,0.8445658597384956,1
0.7240411659088121,0.7955005888889377,0
0.230476070159513,0.5351480485798903,1
0.6311232710517998,0.35930127868712947,0
0.3384508981600203,0.4826698956039609,1
0.8454039345087339,0.09055108338518902,0
0.4202231604535025,0.8713810215947371,1
0.6944433887319533,0.39911222653602896,0
0.7749456414423113,0.9678570834494661,1
0.5290970608690453,0.13226864238439728,0
0.7479506202532099,0.9832713188441309,1
0.07243264500451607,0.061727978911657044,0
0.5007763078118548,0.6270581276779179,1
0.30335610441348615,0.13020496221070255,0
0.08167126508348677,0.44685965922843884,1
0.7905333354077368,0.38144561378471853,0
0.18953043009076098,0.93054657416206,1
0.6513094388112957,0.06273651131791269,0
0.7692256838949744,0.9721138959242149,1
0.577273336360849,0.3667081396093276,0
0.18440104009534442,0.585645135679011,1
0.4227221924900907,0.04273899302080575,0
0.5003487431628697,0.9368792084893011,1
0.7139339666114515,0.577540710721839,0
0.008162767446609265,0.11963474024441834,1
0.5349498174948405,0.389791444940793,0
0.42802772907525244,0.4991818345516955,1
0.25739277533083826,0.044658824359445126,0
0.013741593071443292,0.5877480868627315,1
0.8363946422946935,0.45263844649673934,0
0.1559204841607894,0.6114227359945645,1
0.15876824849159765,0.14327791148182034,0
0.0934454558835478,0.1486415913275414,1
0.6617870457098052,0.2836191455309717,0
0.17047921327901827,0.8018705034394569,1
0.802240832233182,0.5863030105015549,0
0.12012674395756762,0.6721637765313696,1
0.7803595907073239,0.5655588372489639,0
0.04063403997170012,0.6772030452593735,1
0.8912940059690603,0.6093636372547342,0
0.47405565586584864,0.6676200688843181,1
0.7321717956305757,0.7638242372709222,0
0.5377374935872099,0.894164183762562,1
0.8068743135696138,0.2220930223168458,0
0.32404271547176233,0.6589164331843178,1
0.6254888050590407,0.6176700243373133,0
0.1700970121859906,0.9219801187179109,1
0.7900794282391057,0.385619861610651,0
0.19505500018472055,0.8471371472082502,1
0.6148152219392081,0.06398226218648662,0
0.11520230767278927,0.6650932640952021,1
0.4098433616918413,0.0841018432522711,0
0.11992758304959594,0.5545083973033134,1
0.5718492202749439,0.5195832923153049,0
0.43735139078251306,0.8836410845930377,1
0.40533548163208066,0.3460720743301008,0
0.6893092537821236,0.7810436077246344,1
0.8948692396828983,0.04051673614469664,0
0.468839957890701,0.5798298600121987,1
0.9242743346141207,0.46259277420988687,0
0.11197980678486319,0.2896816676667924,1
0.6213542370919418,0.4431526625579515,0
0.7709683033402449,0.8975087092539015,1
0.6426096986453004,0.3814602801848396,0
0.33197109064231656,0.8382055695407933,1
0.4046758169978758,0.32950361604644496,0
0.31304547218650813,0.924162029492106,1
0.6577626876293591,0.630968665404158,0
0.27345391561770005,0.7461028700926283,1
0.8478048808856727,0.8784202538807585,0
0.24434462826666647,0.8660775723135234,1
0.8635748641433973,0.22594496569261435,0
0.6984450683405525,0.9131511770439525,1
0.4924272227573304,0.16027042870417663,0
0.19664682452455484,0.915896904725474,1
0.6355843417029102,0.25975364773136134,0
0.1449134952643405,0.9674916853073376,1
0.9400753783706342,0.5715399303238873,0
0.16392685014813946,0.4833562954578343,1
0.7774698269400762,0.528439483527963,0
0.3691809440992293,0.6718731713210726,1
0.5248799921284021,0.5388391688458419,0
0.14593729391312482,0.27560864012991926,1
0.6191428258133745,0.09813875382961756,0
0.06418438235411827,0.6701976378921904,1
0.9202589125636921,0.15373198946529187,0
0.24240650415698517,0.9421664820451573,1
0.5896365630842033,0.12950937628619286,0
0.6088362892110891,0.7706961891023262,1
0.9715309283465463,0.7361026993008667,0
0.4543520763573199,0.7474735784826665,1
0.45031205804301244,0.029722184121927397,0
0.4484049445863276,0.856179176233806,1
0.8071506269519579,0.23872366644551513,0
0.02771074949814023,0.3043616434857568,1
0.6503189786097899,0.37789523296801897,0
0.5693060331951527,0.75236630587641,1
0.8569845569668989,0.2638670246226983,0
0.3881798489827343,0.6073203455652825,1
0.6556921456790803,0.0388006149131479,0
0.07765712692326643,0.2877463221161809,1
0.8518839291320732,0.7758148477628192,0
0.016883784429005844,0.2449147316233382,1
0.30077885471146637,0.2573246988236051,0
0.1772552455503119,0.23064852320499507,1
0.5528223556900267,0.4317116640505323,0
0.09161385081875306,0.2717819914832693,1
0.8535026178683808,0.7664119839578025,0
0.4934669400921148,0.654684237674076,1
0.4837717724502756,0.31810636007108817,0
0.29282457597048817,0.6640453737502613,1
0.4721312932373858,0.05101303307194649,0
0.029848052465646147,0.9641902975068014,1
0.3392923295762893,0.23474043001400113,0
0.31616445726221376,0.37079440882134285,1
0.934759914336219,0.39619710872664193,0
0.5295290252524105,0.6400455455225241,1
0.63804180835565,0.18961396933845598,0
0.24146305084159747,0.7329939155277158,1
0.5640695204012681,0.4711410409176189,0
0.7864455027447715,0.912759237011567,1
0.8218955666615354,0.8294014126443887,0
0.4209270640798972,0.8880238522670358,1
0.9936245090735015,0.7520736944502041,0
0.31299077777679774,0.8841752408568262,1
0.9973536810729767,0.0779966370611127,0
0.2551560524061398,0.4413576227998247,1
0.5078190675621553,0.21158420154225877,0
0.4151208649677005,0.9624825097357574,1
0.384073729311766,0.16247550340774553,0
0.2892474845576688,0.7366239439973583,1
0.8185961445046029,0.7448249549157927,0
0.36130004377240055,0.9923815864613245,1
0.34765173962032714,0.16888337283883592,0
0.015228865370231603,0.7778802532570951,1
0.48502589249959716,0.30596475590393424,0
0.029564740126206024,0.2157244497097106,1
0.6978639818667118,0.44806285712189364,0
0.37771593005899584,0.9181717313376463,1
0.9245041076022759,0.6734930647035785,0
0.15579670440750393,0.19456826181614306,1
0.2354276183604621,0.1528502048557333,0
0.21815574826780815,0.23545348102221586,1
0.3667802195520107,0.29762417966413823,0
0.14368104195420506,0.2785103008781139,1
0.846304936696113,0.7912836564504873,0
0.2885886788600466,0.31887835321099234,1
0.739866558764824,0.3840980551084494,0
0.17601521177791102,0.20099158381562332,1
0.10811275170455004,0.02899486998162648,0
0.20849832048797057,0.568548055856618,1
0.15891889101864154,0.11901354720833301,0
0.5614162080757035,0.8457396341581295,1
0.5781104107798223,0.3079831073423336,0
0.26512523712120484,0.3066818621698084,1
0.6955108338077768,0.2872024621277156,0
0.5592181827752403,0.8546498313787537,1
0.4757729089470616,0.28920851215486254,0
0.12066494538423844,0.17108871769211698,1
0.68221575262952,0.5480524065767105,0
0.002125394816527737,0.7477844646111228,1
0.6908741279616568,0.7535250348263978,0
0.35653452504058447,0.7703758863024983,1
0.15839147210138893,0.008906159891957532,0
0.2657813825886495,0.7658853046993359,1
0.8206833599615864,0.6679984760224175,0
0.08143183556633804,0.8387972783999728,1
0.6234800061046875,0.27827343657115255,0
0.48286772884151574,0.8941088823934664,1
0.9662208123645003,0.38696740719155476,0
0.016370154899359557,0.5617502294358646,1
0.6219125897882664,0.3346992638436814,0
0.06197714607419669,0.2788366202003293,1
0.805165180779569,0.05978443594780192,0
0.1037455429652312,0.98219664609004,1
0.47903494480879594,0.48004343260390914,0
0.2721458712913333,0.7377738575166696,1
0.9271504376473235,0.09895565125791772,0
0.173429713261673,0.3686167729658242,1
0.5928977624010155,0.5229846652790235,0
0.14654046155326628,0.9581913711575495,1
0.49306119094522105,0.26039715770152805,0
0.008636591717047004,0.6289255677324158,1
0.2671846591139656,0.1838039549041236,0
0.1834801085039569,0.8188660675130984,1
0.6461075337502055,0.4288983913728056,0
0.12540401379846733,0.17099264596837205,1
0.4576321023341422,0.47245508902480304,0
0.014126955040330125,0.5326941533974526,1
0.4173045001510062,0.4126036845593929,0
0.050859749137671106,0.9766996259784294,1
0.5801252461787159,0.04517657994964286,0
0.46955681635503677,0.9111923814169858,1
0.4608309328740219,0.179531403193542,0
0.3816266291686622,0.7308630646988544,1
0.2672670392793085,0.1644326896777859,0
0.19379415706109637,0.7512853270023069,1
0.4193509917347735,0.31900209544614655,0
0.6909864666521672,0.9718774081798304,1
0.953923591046441,0.24714516599113512,0
0.5240260945909234,0.7283869620900051,1
0.9761205778081664,0.8661700552572066,0
0.32626442173019976,0.8520664607012145,1
0.26652645122604,0.17065621992700863,0
0.6486762994843933,0.7993880680782421,1
0.7561116530041684,0.2240343969920071,0
0.6842730451542361,0.7806391567523404,1
0.6321208142767394,0.14788355200649672,0
0.12785747778850032,0.7767641682552443,1
0.7329052810947219,0.4047577078817064,0
0.16392806682708638,0.9510694250493024,1
0.906586317718425,0.1402892979004947,0
0.4643670243334074,0.7946117182649748,1
0.6578968947929291,0.05846129302789316,0
0.02574421374986946,0.38776814202180654,1
0.5061066941653564,0.25595339279506435,0
0.1427988669081106,0.9253006741749734,1
0.45600704079758625,0.08858766880180191,0
0.10473779394108029,0.11355310707342303,1
0.5123818824025214,0.3304022373824873,0
0.6052555559952119,0.9393676947880834,1
0.602961688608744,0.44671171264723797,0
0.17801758545621216,0.5190075537779674,1
0.38523044669218276,0.0016636236770103396,0
0.05801545716674017,0.7354714682019439,1
0.983472938004841,0.422069590165532,0
0.06184087559631579,0.5086682574346568,1
0.37538921899023237,0.12946952245179288,0
0.386742336087597,0.7427384671441736,1
0.463072623691111,0.29491717747170043,0
0.0919310791981881,0.4501132322637529,1
0.6235774122370806,0.012769027512908315,0
0.012901289752904943,0.7019395885371039,1
0.7785193236144732,0.23307662621872693,0
0.23233768146807765,0.7916177877945543,1
0.7064708347768158,0.004960601569080403,0
0.6374190342166811,0.7375992951678767,1
0.9217565393954021,0.7278953217243236,0
0.7771386408104728,0.9016909835425745,1
0.8668668960548604,0.041387811207380776,0
0.08462076875400237,0.4591125232267155,1
0.9407964010550062,0.16776558081439097,0
0.29935680334672377,0.4690426473292233,1
0.714880021494959,0.597945994636332,0
0.0027258690094982274,0.14552136695687945,1
0.5855502284762111,0.5572500439659939,0
0.05040509231333379,0.7920765760385999,1
0.8960522514968512,0.8776740768408433,0
0.10611794902967975,0.31148371881176407,1
0.8934339104024174,0.10834973446285923,0
0.07806747249987345,0.8808814535788626,1
0.5673197885761175,0.27146543026999426,0
0.6542966336978888,0.7255912918109767,1
0.9692937868690089,0.8862247187814873,0
0.5350312900861803,0.6750779395188993,1
0.5768407836404841,0.14282453313212085,0
0.7534954225564147,0.9643691999319113,1
0.6542627086309983,0.3101296897160739,0
0.6043077792236501,0.7361741349383045,1
0.8081328331130814,0.9312819841207534,0
0.3924666186260425,0.8999673054988357,1
0.7171476260735233,0.06124964610168604,0
0.20623020019896543,0.5187951836942049,1
0.9648642416539138,0.6902621570556147,0
0.2319821333724862,0.2592607569900818,1
0.7695686699742229,0.6786306171329429,0
0.1487804745516349,0.868849903679928,1
0.6571731874206858,0.11223236229024414,0
0.20739098558191005,0.6954265810380523,1
0.8931135181516047,0.06118888421400459,0
0.7933333118398577,0.9378562651668003,1
0.8652060263692287,0.29965542624871067,0
0.8059906020292564,0.9763518248874802,1
0.6513593483108809,0.00983688804630789,0
0.34934616318525513,0.4479603705550499,1
0.8577046552353005,0.27610073226945986,0
0.20087805194596364,0.447342247226134,1
0.6857984253448808,0.5022890565359853,0
0.05053289068985545,0.28826725656167684,1
0.860030137795244,0.8962794072271126,0
0.05438317079697519,0.35766335219883605,1
0.8371540042881199,0.7444630740477364,0
0.12326822327950848,0.7436223991939167,1
0.9867807625065831,0.48095748408864913,0
0.0653915207119099,0.41318356937840384,1
0.4964980821673213,0.16278764942333757,0
0.22918450794406842,0.49999783633137496,1
0.4781379595073937,0.363892774321953,0
0.6947656127138895,0.9454201508592324,1
0.7440794496231079,0.061375868570569536,0
0.04982754879289264,0.2602528047561462,1
0.450965581916813,0.016788717539566234,0
0.007092424504005601,0.11160022513888179,1
0.7855826878141747,0.7336806308500963,0
0.3904229415533713,0.8594879351582494,1
0.5648157586952375,0.1150280632258407,0
0.44164615237650484,0.9152712849542888,1
0.9903061733476891,0.05930393369777698,0
0.47265508002614975,0.9436025391802001,1
0.83252965742245,0.8671034216437681,0
0.5788085311721809,0.9869407771310376,1
0.9895770615282798,0.11971610468122029,0
0.5425125613300261,0.6091939126032528,1
0.8456225589346785,0.4741650601753056,0
0.007852729347862963,0.6890290240813922,1
0.647088366463697,0.5058960465114158,0
0.1630740136830937,0.3837767279336953,1
0.8815425960548838,0.054815826810139856,0
0.17896065132071692,0.7552970782992712,1
0.8414333018803417,0.28555721607880014,0
0.15975718713646014,0.9374075729287451,1
0.8748449947174181,0.4557113195189696,0
0.3603576642479248,0.8605987936330923,1
0.5382999249678899,0.47619222605502154,0
0.3869199915771737,0.7840746259144714,1
0.8408727234633308,0.45146826478665736,0
0.474954644495594,0.5961940429332528,1
0.5213835409110541,0.3500375382514712,0
0.038004487981462276,0.25184447127852916,1
0.6991276180280982,0.36845606233299866,0
0.3831142751656631,0.4067203069274563,1
0.8024040447137513,0.09555528063360996,0
0.2334633085686435,0.5137327034226876,1
0.9036637406018898,0.2670948352502299,0
0.19089503111390738,0.7535587527636661,1
0.6668632040987817,0.6035510202410393,0
0.06424465693991199,0.0977992667178742,1
0.820659020038398,0.9264784449316783,0
0.022402813798596766,0.6855370491014435,1
0.7242306625065876,0.05628449839196492,0
0.054266394648734284,0.14384704566014284,1
0.22867230474585065,0.09332351731567312,0
0.14143220951443436,0.8438238909215371,1
0.7923490214866913,0.2572190963807842,0
0.11688770194339293,0.5590259315099929,1
0.9884214329976069,0.6326775584564301,0
0.24284325984597044,0.6094272384712242,1
0.8799225351602699,0.6168877802531492,0
0.351475059441982,0.7488048209052919,1
0.8142268941187296,0.793437280534362,0
0.09009998820237053,0.5541931862447058,1
0.05130866183311378,0.03038283911238404,0
0.5294293084233084,0.9590058987642642,1
0.25912951022509767,0.12058329235131116,0
0.47242126318133415,0.9076145585613595,1
0.7308395702343208,0.7284784520843665,0
0.33707314042002723,0.6900501377623072,1
0.433218600143492,0.10423286586503788,0
0.3395507309511038,0.3747935310826417,1
0.6830566188960165,0.6009477895248134,0
0.03459012575426679,0.7760049179450405,1
0.863597702236331,0.8603850438750796,0
0.35369242910772447,0.8888328939449607,1
0.571591041233883,0.5201727930021924,0
0.37635007945304866,0.47515341442940906,1
0.5949380307729589,0.5639572035274568,0
0.27968467179171963,0.4781202319371778,1
0.8435008643936305,0.9305106167465388,0
0.5256997148931065,0.7115572532942754,1
0.3549474799949155,0.172985677257379,0
0.1221014186726106,0.30369489093940005,1
0.6746038509929627,0.22193415638011005,0
0.1911172271039535,0.9663717444251193,1
0.9994782500995681,0.5900994975210713,0
0.5081565720401193,0.8997861669773904,1
0.5696508422418475,0.4285110712703185,0
0.21768278162070565,0.3766069869311608,1
0.6256985496114685,0.2628353360875504,0
0.019397983736088364,0.5982939903852376,1
0.6258314142890883,0.22505507332950425,0
0.21586562467402015,0.6785878069331915,1
0.7232848225591392,0.09775912392053465,0
0.20448903080791148,0.2203839392367527,1
0.39300921838654257,0.1479111457346507,0
0.6273970248168016,0.8581642688718121,1
0.8413459203660864,0.5242116968238286,0
0.05846241865712687,0.15052506965642853,1
0.9184122777180632,0.3547046819793165,0
0.1447122867817633,0.3687144441173573,1
0.30431590637157546,0.05787189174887575,0
0.6468215249343464,0.8879207710432816,1
0.8162537513998236,0.6097234027512662,0
0.19184457474798877,0.34026240812561515,1
0.7165267905793272,0.6668048227723277,0
0.4263969157830795,0.9125292544458348,1
0.2537726800621737,0.16459054620342062,0
0.06840084648216127,0.9914711074357121,1
0.8682577473523028,0.6287130625457747,0
0.3867855037467396,0.47709440152749405,1
0.468634224195022,0.2517761776166666,0
0.060842434583877836,0.2942685427636743,1
0.6419142502462526,0.023984851587710243,0
0.217340080443442,0.9757498158285773,1
0.48996963150467054,0.18237171379222494,0
0.13322338813487433,0.2834628391543551,1
0.4045278785001656,0.1702519629762531,0
0.6398546571412967,0.7368454413919675,1
0.8111955617155305,0.49062694324010003,0
0.43065145226838597,0.8148922205470591,1
0.3900580373018665,0.3030692892057736,0
0.4857307866628775,0.7755368723009688,1
0.7905697006854675,0.8856452506740252,0
0.19298210794577952,0.9700227833676315,1
0.9297235523838182,0.5231537257537632,0
0.29966614553662196,0.6928043451973245,1
0.13146213659070616,0.07775737697313989,0
0.3908538678925718,0.6294862004857275,1
0.9236578068800452,0.6819721303815472,0
0.27997823560285806,0.6371856652119066,1
0.22187448682775046,0.05449016214043634,0
0.21492954390011454,0.7369056156720564,1
0.6388649039268323,0.3805746630158313,0
0.5360424408076255,0.8569970748307678,1
0.7337467724624002,0.4646399700689676,0
0.18980381538838287,0.3733456825587742,1
0.722728754448925,0.663909205751314,0
0.33889943307925674,0.48182786087509044,1
0.773224529969948,0.7195559442230915,0
0.2596147771366438,0.6019514224019971,1
0.5290669153175487,0.010686520253527898,0
0.47393787286906197,0.8540873756008774,1
0.9281668006312838,0.6205072571476393,0
0.06798291605090445,0.9823142123446809,1
0.5874588318505717,0.4315860696701923,0
0.12555170305093377,0.21269615262495822,1
0.5465335873757587,0.3285884322865048,0
0.32402805011222846,0.39830332365240295,1
0.7374839894934233,0.22140809653603255,0
0.5967907154163188,0.7724021772527104,1
0.7724184966593586,0.23285290915336143,0
0.023472747932016813,0.5819463389001059,1
0.33311808303924517,0.10783584424794856,0
0.3065370579122182,0.863470095953098,1
0.995082066501174,0.28503201594050587,0
0.3011881362852883,0.9925949324479775,1
0.9150613496497855,0.5948447337089605,0
0.09691401801436517,0.9283330925386885,1
0.7123374361336763,0.36278598135338924,0
0.1850129920243343,0.543775350622909,1
0.784985182331391,0.044669986523723004,0
0.12739389279891733,0.30788685458383913,1
0.6300224972868235,0.3329088828900948,0
0.09783934694564322,0.8948842758420368,1
0.04142908746895546,0.04025668760753387,0
0.489142951174552,0.6929740181623135,1
0.727604010657328,0.6324741705384737,0
0.287243988576926,0.5338767517623665,1
0.6654005697376356,0.313055637104693,0
0.37507368147173537,0.911981144388855,1
0.22891553502815187,0.0965665309509599,0
0.19107940244966648,0.74284738098208,1
0.15423678655640172,0.15041733146828873,0
0.036304373004461765,0.8174179501988372,1
0.3420953907670756,0.30023523991797174,0
0.6155111211329035,0.9850488848424479,1
0.6523451545540387,0.2884891659355461,0
0.19635559007053371,0.5146016719675236,1
0.6184812762273163,0.4653102242138287,0
0.07072084961326075,0.8840570721199235,1
0.9298208966736223,0.6942861467422575,0
0.30384354735519037,0.6612865570263591,1
0.7605174772189203,0.32551731359706404,0
0.1904131239302802,0.6533942786712941,1
0.2068744951796735,0.152719006650051,0
0.5509126291877307,0.6644993180338095,1
0.22844163829322695,0.005224430408054204,0
0.10006356442883158,0.24210986545263669,1
0.7761543873400968,0.08470299481994203,0
0.06987841961235586,0.7083869649641183,1
0.7417424111095788,0.3130639129209539,0
0.1257009545485852,0.16622886434189632,1
0.794779051746132,0.8109813644624532,0
0.11251762066662319,0.5724806300854771,1
0.5590398575042429,0.027689866481070413,0
0.12285801341521918,0.3516076447326538,1
0.6902149262036406,0.7316707998695561,0
0.310285598925217,0.7899447026679757,1
0.57754873185332,0.5341480763426564,0
0.20916915542355852,0.4275265143497434,1
0.7307033740886183,0.44060323284291525,0
0.04922065517688312,0.9265572656292239,1
0.8337804667900105,0.25050581957264073,0
0.06473980874783591,0.08935708417997279,1
0.7031446813789685,0.3444015683259323,0
0.1526430996134447,0.4598882785460592,1
0.04422048482604102,0.02589787253935405,0
0.4585452791351088,0.8818905703558266,1
0.932251450509713,0.8652761532558224,0
0.4354391922905647,0.9237380669378205,1
0.22562127335349302,0.17938901303797283,0
0.3655181108771812,0.39746762521546375,1
0.48909633153699983,0.16934164939439944,0
0.25663082129253956,0.952586329502329,1
0.7099218407468287,0.5353824272656842,0
0.6278380403773827,0.7370082320879698,1
0.8365455473234769,0.960692506356329,0
0.08090392316204587,0.6568105028490137,1
0.9738222583623034,0.7710236857723949,0
0.38644067982498886,0.6814581014047238,1
0.34955124236813195,0.07163112281980244,0
0.07099909226299395,0.2987968142454498,1
0.5594096846025053,0.21787991962622655,0
0.23028506233422363,0.6422605933113189,1
0.5371779333788922,0.16586076072046485,0
0.5312361169926768,0.9694322436001992,1
0.5307212491581217,0.3117238896348954,0
0.2032555404902069,0.9253924603308462,1
0.9075182697110807,0.493973762071402,0
0.14394096349253216,0.25240911127893806,1
0.9267471088454478,0.11720874437914053,0
0.042895897284016105,0.5317543354427275,1
0.8752227692976196,0.43758639901883567,0
0.47416375488813567,0.8368037913632785,1
0.9138082273681882,0.6622127041301269,0
0.46319346074949685,0.6145937933454146,1
0.7850888711009105,0.0062924527236860595,0
0.10408019694404624,0.17521611012760474,1
0.8167522208877048,0.5838266818344574,0
0.27207723249947724,0.6551304024783047,1
0.9643288152633764,0.9056126625311302,0
0.07094386771243155,0.7949861451032598,1
0.9921171349526544,0.17942040244741364,0
0.6598240975827697,0.7264679366833113,1
0.836619250260557,0.3915172929450532,0
0.5685810818928002,0.7236890661029202,1
0.867918274172993,0.4850678073045951,0
0.5494450258696625,0.9055157676783568,1
0.9500793502054751,0.44761927590082506,0
0.18834355939471392,0.9798315439620894,1
0.14340792022874027,0.030643464003464294,0
0.23482889816922026,0.8302416213705017,1
0.7876128168390946,0.11176505924864388,0
0.4019724555060029,0.4580045603881081,1
0.6906958658686108,0.15155712524575693,0
0.06302582462809381,0.2181083358351018,1
0.6983387337955906,0.4044290853520165,0
0.3603335923014055,0.5909656718148829,1
0.5522122769361044,0.40125981512628817,0
0.23132178771730783,0.47072371090738285,1
0.6359084062356114,0.5418335713243694,0
0.2634846692308641,0.9978133537694148,1
0.8325961533454587,0.9574246929957564,0
0.5198964435330287,0.7360321826115527,1
0.8291148883827826,0.5506478913184637,0
0.5135341672340036,0.7821373294385106,1
0.7367926389405031,0.1789108925947802,0
0.002726731562018414,0.8031133212364646,1
0.9819735252211879,0.10749205818689556,0
0.3885032525578892,0.5393588364275438,1
0.14710377487999615,0.054255836314527905,0
0.24904205880259833,0.6510028102936444,1
0.8693689269415396,0.15739584912275373,0
0.499012664343811,0.8951140528845675,1
0.6701677039030665,0.4245907720084303,0
0.5490219980298972,0.5981488937377232,1
0.6768711887458937,0.7137544731778374,0
0.06766175696875143,0.18761356341794,1
0.9460673436570871,0.2285550257603659,0
0.11776113047139714,0.2706672037455027,1
0.7084662629270237,0.10882908193670515,0
0.3035461858281844,0.7334704221276805,1
0.42640105872088374,0.125830759903792,0
0.5418418404493104,0.6370701534375911,1
0.13943224378839747,0.0324427510234675,0
0.22257752087383142,0.6907030954530314,1
0.6874065091367177,0.4054284736618601,0
0.314321644093269,0.612456231292083,1
0.5692414509599115,0.27827812639555205,0
0.2458901595699735,0.528971831559372,1
0.9499454677980209,0.6212291234152575,0
0.21433669344558237,0.6651238586443668,1
0.5091859687217706,0.049491467155628355,0
0.42512346502480713,0.6599743904892813,1
0.8847605119887776,0.8736172045979286,0
0.46665806233093166,0.8039939440351594,1
0.2922915739382088,0.17269329994553684,0
0.19218128376428567,0.7007509186242198,1
0.9294283644569747,0.7445426875848299,0
0.6413007780609618,0.9254372594876188,1
0.2289610081163196,0.01960223306193165,0
0.2643279757500815,0.9731029671724422,1
0.8126551577674923,0.09739122586594984,0
0.4718949858560406,0.6145127612603761,1
0.9212721990958961,0.6074574544884097,0
0.6503911822531862,0.9249654928310098,1
0.8031859794404212,0.07500483980227612,0
0.6626329103436677,0.9057379413575811,1
0.2876483753828909,0.045663217866664274,0
0.2465856395657713,0.5863096890166372,1
0.816553922941589,0.35347992310443066,0
0.181858460291778,0.20570415784288953,1
0.47638823383809803,0.3303001411894396,0
0.36952915010205045,0.8604430801914634,1
0.5937238482776799,0.5165181655683301,0
0.07568570568769728,0.31371767053148614,1
0.6133341193864991,0.4197470517935571,0
0.3612846182579472,0.7471457605830735,1
0.6971596958273482,0.4914397470593961,0
0.23160918076596182,0.9874558514466668,1
0.9103813907255212,0.4381927803188038,0
0.062090597485205845,0.8393728661673138,1
0.6593617967637132,0.46557903681351176,0
0.29748544306828173,0.5173130080204525,1
0.48992567874270676,0.05579741994643972,0
0.07228576139578391,0.17113460410957881,1
0.7932735643458988,0.32083683954135045,0
0.4630882491956728,0.9103238748211734,1
0.9268663899548353,0.615363154243292,0
0.36582710326906576,0.9569236106658625,1
0.6343862397528434,0.6370853691266053,0
0.3060427782278984,0.8647414812341482,1
0.38844558190812106,0.32227435956820105,0
0.6102424918486375,0.7826074429363074,1
0.9156608489950072,0.12553565027562685,0
0.3499613429124586,0.40817814421593035,1
0.925136396120809,0.8147971587996189,0
0.3923070592813428,0.575205794432731,1
0.6320068128511475,0.5958702789757002,0
0.17131443072996289,0.31328722906159256,1
0.4771072314160162,0.43596125319483015,0
0.5922277384495735,0.7803315057970145,1
0.9716191028062517,0.12318852111207512,0
0.04867645966913714,0.6357439833950753,1
0.6872630688813101,0.3887091359837431,0
0.2018204046609119,0.809598136696598,1
0.8112204908685796,0.7573401366239354,0
0.21966451309804047,0.567566961199128,1
0.709869774356372,0.6946186119788744,0
0.14154897217739004,0.7626427949568991,1
0.5631812409527487,0.3372456456248537,0
0.16778600305867497,0.735959019803195,1
0.9023171026611102,0.627864204667689,0
0.8059994989169776,0.9667530778577011,1
0.4793612869850442,0.10603578759806576,0
0.01722348307915822,0.9878447676074753,1
0.7723731077370296,0.400680898855856,0
0.03968651395923961,0.6223145170960157,1
0.747787289865463,0.22798738863031542,0
0.39021473111914784,0.5465005296476357,1
0.6921146879122538,0.35231884144511394,0
0.4553767219453412,0.7920308389451477,1
0.5855655117472683,0.023491401158192926,0
0.1106995141332282,0.3416952127779528,1
0.9728883211260253,0.09440033852282237,0
0.27694333478454236,0.7660041259559528,1
0.8943973411830519,0.218986997005574,0
0.7605517645166886,0.8930837091964431,1
0.7232676775003638,0.35307597503219945,0
0.35872452862265436,0.9404893510638984,1
0.24997869257854355,0.1647904229110695,0
0.3959673292624606,0.7570180166999549,1
0.544245748733179,0.1448563753287675,0
0.04990052927536981,0.14855783939243428,1
0.9392329417135517,0.7286978986682412,0
0.06099703563643344,0.9914233105026428,1
0.45900402274897034,0.019789430833063282,0
0.1832707471881192,0.7189489921540744,1
0.5330356805066168,0.04371621836509809,0
0.1030841611668406,0.5155929737435347,1
0.41791321337237974,0.04958951320552152,0
0.3047968906588412,0.4454133154310441,1
0.6681537597839832,0.11090324122416129,0
0.1986952389926171,0.9784073091128059,1
0.822684554489393,0.06675554834442066,0
0.2674452436822521,0.6240803016413002,1
0.8227320656705545,0.2009265169060389,0
0.13720967479296886,0.16496779055647837,1
0.6531136838100272,0.22433741140043484,0
0.41600647787135625,0.48239981278803856,1
0.537531451344345,0.5184905463875858,0
0.342547995787465,0.6080549794500912,1
0.7422047933730614,0.10872581326500796,0
0.5367042533245971,0.8210120962669403,1
0.39074000582160706,0.15624738243717706,0
0.6769077928446383,0.9136999730901166,1
0.9360706086069424,0.9824770099875554,0
0.7276448018535098,0.9367956851643142,1
0.9205432422211861,0.8850501127176501,0
0.6300614901694244,0.8436475202595983,1
0.8337578807060013,0.5097824983290283,0
0.5494572519173974,0.6398291539559243,1
0.6175294326584521,0.1322736703059394,0
0.20875950660893228,0.42301876341829303,1
0.2862766139163948,0.07746912782586235,0
0.5733787248278139,0.7492823555021945,1
0.8700073629596982,0.5922786870825657,0
0.08924627034682198,0.4985858788649463,1
0.7160043512962876,0.6799575134724469,0
0.004558070912777268,0.8556647760152495,1
0.7578146029737168,0.684161923204092,0
0.012738601599584398,0.61913356412323,1
0.14838953551695877,0.09911316292865135,0
0.28132649058419446,0.5885132250313013,1
0.6869909570545776,0.147165443003356,0
0.12562224175887826,0.7126897771616185,1
0.8122675819649324,0.4465948502605501,0
0.0019200277026085733,0.038529194501316644,1
0.7788555215010241,0.3990191854596101,0
0.4278382133647214,0.7601594776395537,1
0.6382010106193713,0.6572874626922024,0
0.02703440199086471,0.2858883878680828,1
0.45057449641905456,0.12703221804242948,0
0.00511677256246168,0.7587634947029133,1
0.4632150465449535,0.20554669993922936,0
0.03961749637798717,0.9447671695782256,1
0.4859719474528652,0.3464506554000285,0
0.4015426058450853,0.7494793492947598,1
0.6352393935449648,0.5119749249585483,0
0.38821479040104034,0.8515438522483644,1
0.29917027275270824,0.1750787957639922,0
0.530258603924154,0.6983473549683819,1
0.9224716976726163,0.5516775858974375,0
0.3425546179070398,0.8993739525756794,1
0.49014489217417845,0.10474854827767222,0
0.4236921256217083,0.5081314517534994,1
0.49932947442047826,0.34177238897718165,0
0.5703977871139715,0.6184592649841587,1
0.885364217460648,0.5175672725256517,0
0.010184999111731652,0.24078077846325374,1
0.9732562419318459,0.7010542416851191,0
0.0017891186466393316,0.36995840383505574,1
0.9779331891052493,0.0007266990280656582,0
0.03735996350614057,0.6834530622886044,1
0.36603431791414687,0.10227735303949215,0
0.027735020978141622,0.5231652859821224,1
0.9905674753000676,0.3575360696491846,0
0.00030653721113726995,0.01687765732910229,1
0.9404968097628994,0.9666066444882597,0
0.07655580980737575,0.8572428210697111,1
0.11670404555174552,0.07911447068794097,0
0.3147689857552386,0.8813176805938523,1
0.822576301171341,0.004891214783275033,0
0.05432902461921196,0.2628833546030487,1
0.9593549381073782,0.05168511831346656,0
0.007486740575623263,0.24057253304867254,1
0.738979971363975,0.5859865738966199,0
0.260179284890805,0.602134638525865,1
0.6925947805409707,0.5222828495120234,0
0.06065919135061715,0.6160162356561034,1
0.996629040896845,0.5682174775507112,0
0.41387066897635094,0.8401672799469233,1
0.6696777028320435,0.6912255146949213,0
0.6402702336839451,0.926053137760096,1
0.5506449751292676,0.18911778954883895,0
0.212707448722407,0.6899582074866997,1
0.9413008892605711,0.8018281854336542,0
0.37691770173244865,0.7023351294557564,1
0.34063534472196755,0.1205241030781643,0
0.5112201367466628,0.7712525593729496,1
0.5968648886858996,0.546438929059197,0
0.24161426951295872,0.8940493466169496,1
0.9828658385565364,0.0541300762443897,0
0.14068940320214574,0.7311042985282442,1
0.537962891491907,0.5526377842181323,0
0.7504242255351292,0.8961768162502534,1
0.9248238134265128,0.05050540703018791,0
0.533388554333809,0.7401971393745764,1
0.3003441878136395,0.19453842922889464,0
0.5043460496663599,0.8992269707006961,1
0.7153450506039616,0.5726697581573001,0
0.07007694030832023,0.2588076050071827,1
0.22789727877967048,0.22677488117967992,0
0.5552997507340152,0.6425663387203792,1
0.5072630329555733,0.32724071153938583,0
0.48785784403596755,0.730520702872745,1
0.3008933703196306,0.15973980365010065,0
0.4292788343518219,0.6378027120433184,1
0.5724738148502333,0.1269991650499218,0
0.2242444538698284,0.7629217108076792,1
0.6470558919140595,0.45564049055385714,0
0.015344877949039715,0.7196063468648528,1
0.9193473436971171,0.24212015317306534,0
0.3040216458895896,0.7127693188239723,1
0.8039412207555995,0.5178423426461387,0
0.4078775292509511,0.5477531785693859,1
0.761964602041976,0.7535793984909569,0
0.062090952324820536,0.8350537825118439,1
0.17210531223439973,0.061706672830906806,0
0.14847859879073877,0.5200493316392439,1
0.617329719619644,0.30627564914549543,0
0.2440465801236763,0.4528310478371793,1
0.5940274431601962,0.4431674360009399,0
0.3592466881268579,0.9077281976837613,1
0.5887394715110805,0.5660642343822392,0
0.09631765224583888,0.6874972146658489,1
0.569764119012666,0.17687017865102783,0
0.8190376676003631,0.9719797205894927,1
0.6242408941663337,0.5990137899303929,0
0.23522474818799377,0.4639174423486503,1
0.7830605269926757,0.6752730014334624,0
0.19763325637926965,0.39773119362984655,1
0.517133204295892,0.43752344205247906,0
0.26590655390465057,0.4144470974202402,1
0.7454971686236133,0.4467143435791229,0
0.47020433726389455,0.8620196996051985,1
0.8852820636230296,0.0409168324028516,0
0.20767491859763765,0.21715976367492285,1
0.36146543942078124,0.20565587861589218,0
0.30418425833096796,0.8329879457801033,1
0.3231677929228034,0.07610170408872008,0
0.11120292457453174,0.47518193428434385,1
0.9763408177929684,0.2596493653841313,0
0.15413984555745996,0.1693204844998507,1
0.9698255037310617,0.2815309114449155,0
0.02532633220456304,0.8451184246110158,1
0.3682395866397635,0.05651562509318031,0
0.4135568891047511,0.6281556708815809,1
0.42045967095058534,0.3876140806742273,0
0.19919071480051598,0.8327631978128611,1
0.4022183543389827,0.07278304989232875,0
0.3720841154267758,0.5624416130817604,1
0.7536367849199698,0.7582851937053959,0
0.03504399745847253,0.09175484460432448,1
0.7706258117670909,0.7596322224024388,0
0.35236623536044775,0.8562891173064321,1
0.41827703548497885,0.36312148540987244,0
0.17478877130070403,0.45148407639573584,1
0.47821613698674303,0.1841494189402184,0
0.2678733327553571,0.9732639930325714,1
0.6209882239396364,0.013831372461680869,0
0.19222975212350135,0.6103448635397801,1
0.7099285853633247,0.5208410323043317,0
0.07600243310729549,0.8026081067644807,1
0.9808588710857735,0.7907331077229514,0
0.15416755408644356,0.4210430439060491,1
0.6778617515894295,0.2845136955685824,0
0.23383749483744698,0.7649086776791715,1
0.3392396282439475,0.020261149647881282,0
0.12186266862307837,0.6509428121267115,1
0.8592659733128383,0.8886435019297769,0
0.3577597425009572,0.9744728953406346,1
0.8487292395469763,0.40659648306540375,0
0.5367829916339966,0.6032158565616197,1
0.9668024850188633,0.8826613406922584,0
0.2009312518302503,0.5260453870306901,1
0.9100716390471303,0.005736247522081794,0
0.6082354968686869,0.9396444968033004,1
0.507331391153335,0.19013956312456426,0
0.2968920253769294,0.6704098416639245,1
0.7713956880272157,0.39435192492219784,0
0.2940501096744905,0.534734109946715,1
0.7948729777373728,0.7197363915118421,0
0.11191336648993921,0.8365778506635564,1
0.7118971267547511,0.48742887585568184,0
0.42811362231276373,0.5675095574879805,1
0.3060090380522952,0.14756650864257181,0
0.6281707217233395,0.7143518740441027,1
0.8106878069171878,0.5757784452359002,0
0.175458300743361,0.6773415530010388,1
0.344000885990569,0.11429768112828564,0
0.29497545938416925,0.74843172804215,1
0.2762854881517588,0.2087347894616437,0
0.3832131853984496,0.7249844688446831,1
0.5290607545129347,0.26656018045561114,0
0.2892819734951687,0.5823129334842699,1
0.6895786361732062,0.1471084714567048,0
0.0034182894903084238,0.3926967668741066,1
0.7955567869219886,0.8800938929819454,0
0.7752522499295468,0.9316137924063105,1
0.42862384209706783,0.3161532482858075,0
0.6429280915576341,0.8097938358061602,1
0.6821117267052523,0.14650819130172266,0
0.6797638790481366,0.8047853385485436,1
0.6548325231064823,0.37187004718762673,0
0.17500990396814686,0.9075651158169935,1
0.47064361801020427,0.3838588355861746,0
0.45506949219874215,0.49291773543489437,1
0.7133640594559716,0.6793239327912491,0
0.34732818812409905,0.9725981195284027,1
0.47431493159099913,0.17541996596965548,0
0.014016172954511075,0.872275252160261,1
0.7931332898155337,0.6151297098740984,0
0.3770959726977873,0.45626853325518213,1
0.7840425850033875,0.0051627460408377734,0
0.029745050676528884,0.8354551855354682,1
0.33313122503113235,0.23294141723552442,0
0.3006844959304221,0.7421213218529115,1
0.862721484258292,0.19776114073697992,0
0.012254802849643642,0.25356409269701075,1
0.9255180551897967,0.8003155673310133,0
0.3719960887561181,0.9646856107067925,1
0.6995192226288048,0.6964425334558979,0
0.09351259710820614,0.9834955123785776,1
0.6659688181097813,0.051109278935717484,0
0.009938385230199076,0.9424344947671277,1
0.6020297225214872,0.1413207372094223,0
0.45802669183254396,0.8865180972974642,1
0.8928473437480909,0.9270067847489804,0
0.5613596613774997,0.7757678959493021,1
0.9012276238851848,0.5978344286727952,0
0.06831468751150127,0.7712115591828013,1
0.9179163584864721,0.22120556323361595,0
0.11229353621667482,0.49388246571293526,1
0.8426854305573911,0.6140071031041104,0
0.1410245275670753,0.8561011007567504,1
0.3872128540644427,0.017902218193430963,0
0.09814793418941747,0.8089433739512141,1
0.7929019188469978,0.6045899677506547,0
0.1605119793977191,0.900349693232387,1
0.9200805449433547,0.5701980246906341,0
0.29280436872670645,0.7084189994916866,1
0.9366288747695951,0.8049731940035949,0
0.23293203225933856,0.36519397578720614,1
0.2823699003693988,0.1531336484409902,0
0.38627736921801903,0.8412092042989702,1
0.6234594182963505,0.10391812552088908,0
0.07141436966438719,0.4009127323084788,1
0.618082118444323,0.1809676264338217,0
0.5687203990394377,0.7912524072172847,1
0.7071913262976368,0.051709724737052376,0
0.15711613223869303,0.30196625628654206,1
0.551227556101778,0.03132319197314837,0
0.5682297079875795,0.9166911122190889,1
0.81186514599179,0.7806659994287771,0
0.41144604400336493,0.46822691126571014,1
0.6244104504634144,0.35646361304438734,0
0.31975308560166515,0.3652297580884811,1
0.6253002047869388,0.053177579847562995,0
0.15060628937270004,0.5818405664085198,1
0.8885281244099439,0.1858760651920962,0
0.732365168198075,0.8934457881415959,1
0.8508865941513848,0.04808632478210251,0
0.5906591111837101,0.6880821119954665,1
0.989503804132868,0.06991916698787926,0
0.3626774933936199,0.9394692397340764,1
0.5551584261460473,0.18007566693278154,0
0.06559892271922085,0.09211699400236217,1
0.8153145154178744,0.7885508924724373,0
0.10663266827984974,0.687748540306587,1
0.7833947504052112,0.36668678381336683,0
0.6053084105884367,0.8828054173379951,1
0.29442591652592576,0.2644339828630371,0
0.15217931462761736,0.44038964166644023,1
0.7693308950685244,0.4394125075594404,0
0.0806164382353517,0.4858194004183264,1
0.6855068058840488,0.24008313521328806,0
0.6365696495208154,0.9006777411892609,1
0.6684984765537452,0.2134259636279049,0
0.12067743538888176,0.8352319054893486,1
0.9490123042930529,0.5788743725986764,0
0.1826541733828273,0.9959028845432593,1
0.8408268168912795,0.47148588090902,0
0.047317375603935896,0.327988086267369,1
0.6667890038534903,0.16962090227893978,0
0.05111624790366176,0.17063443142709944,1
0.8759779881289649,0.8882689614246793,0
0.39813136810302485,0.45239095436744536,1
0.690350322630357,0.5595493036359868,0
0.11142240670621806,0.3649154523290039,1
0.8269044720048088,0.18081523617243356,0
0.47097228148152137,0.86104388934984,1
0.6815436504157774,0.3931661504096161,0
0.06915139007142301,0.758063978354994,1
0.7739527407318965,0.1288653547505909,0
0.7187292963814044,0.8205372927310569,1
0.3760083972612792,0.033794317335105295,0
0.546448771244214,0.8769433979156692,1
0.17936689149066876,0.1085705844184266,0
0.05002589107697786,0.28100706487069904,1
0.27542025436413153,0.1755308378387871,0
0.5017920812331048,0.8934767534227626,1
0.6945055891758002,0.35951571324148346,0
0.27290794765504056,0.9657423441828165,1
0.780304629329556,0.8099893980401779,0
0.5477918867372337,0.8445396910017742,1
0.9277803906599386,0.11200466588415847,0
0.1060636121594688,0.21825413429688234,1
0.6496511366112048,0.6242267978904175,0
0.3152938469612392,0.39711027352524575,1
0.38764959010899336,0.09695807609048779,0
0.024970328686211296,0.053264541525232634,1
0.8893977289762243,0.9042670974229603,0
0.06987947985329335,0.10375645593905147,1
0.5502675826254548,0.30687566409158773,0
0.1454761419338988,0.8394109332879723,1
0.49525735053998055,0.07274137973193817,0
0.4461536416747168,0.6681983620560101,1
0.23905689694088839,0.006677226361860855,0
0.0046501901375032295,0.7879273177119627,1
0.9531696437561403,0.5138097699119081,0
0.24858238970139523,0.8199825696812275,1
0.42175626048790416,0.0776113591112898,0
0.19732636111238067,0.5941109395136212,1
0.9104956189625174,0.8786611200972521,0
0.45419224721488194,0.7811265044047067,1
0.9944223915711786,0.7331482498314879,0
0.5394171628836234,0.9905401892940907,1
0.7731310281464184,0.32402863635140233,0
0.28392987000796255,0.3682153342682435,1
0.34223628636321657,0.32092526409306743,0
0.31647638672871736,0.46966250970668677,1
0.8395183719720458,0.774746325211698,0
0.3986190209512187,0.8553650198579635,1
0.5938182545143235,0.5472262325117234,0
0.7707167719534188,0.9003024475226163,1
0.7300326974115938,0.7930487456647983,0
0.04424079455943797,0.5370332293031123,1
0.566623123184881,0.010389553165235488,0
0.127759270929393,0.9982946962907085,1
0.2659941154532637,0.10119690363929223,0
0.5438840560279873,0.9222684176785777,1
0.7421331710376631,0.3548886015779006,0
0.09859926508683425,0.9698988339325522,1
0.8736130074936066,0.6196964419878921,0
0.4736900395487663,0.7663802113155566,1
0.404118111422921,0.1794867559042166,0
0.24506421805655465,0.8858342792830699,1
0.4759333573110235,0.436388290533235,0
0.054929794868879944,0.990766196445363,1
0.8886976516389528,0.9160526585322486,0
0.11100837284295817,0.8968525732662435,1
0.7540991376779106,0.479741375610947,0
0.1977749806115,0.7597988896787502,1
0.8888679577555587,0.8954042167418692,0
0.7885984055785605,0.9695786737949442,1
0.7652020694677131,0.24311812266162458,0
0.4276825940320801,0.4421600461679469,1
0.13612730324678368,0.02557655975117079,0
0.4388942425497333,0.6784721861138236,1
0.7440448071360446,0.44134778493716187,0
0.2705258386124908,0.9474484882606938,1
0.8530698061861244,0.6951248505479409,0
0.48128343938476337,0.8164096260062703,1
0.916124221689426,0.5046331627690697,0
0.03566226093763125,0.556155837645375,1
0.7480036204190365,0.17176427624285662,0
0.1722492974052292,0.8551797148374833,1
0.8797745721007132,0.4927147538324036,0
0.07296841220548733,0.2109193464676048,1
0.5488869663286656,0.5078247549493193,0
0.054173991135630595,0.13921378186530908,1
0.8757848893687658,0.8157541438521558,0
0.3601892931921826,0.9587639456581911,1
0.464838562806713,0.18206680053493607,0
0.2053617584267019,0.8042008177054999,1
0.40885253869226057,0.1416661472026417,0
0.566390343967602,0.6531047402573416,1
0.37203767252657216,0.17049166682019368,0
0.04413780818978985,0.4621432362792548,1
0.4892029663046038,0.14198408321098854,0
0.2969643696090861,0.6800279541215725,1
0.8390239024374421,0.2954185677784714,0
0.051227864888909735,0.5037283328014841,1
0.7511383511597314,0.7683539357930849,0
0.37410232493044826,0.5762870315572597,1
0.7128841963106377,0.19219985065795375,0
0.2467383875067788,0.4133076723815575,1
0.6460990709221115,0.3773027040721587,0
0.019377383377478852,0.3005118174825214,1
0.8387194910662528,0.4215503877734813,0
0.41400158056548275,0.8238888668700193,1
0.4887778270884723,0.1935059698474656,0
0.41495794661882845,0.5455027774805835,1
0.8994566543551437,0.40868057742286934,0
0.14992559120605253,0.8209371403156026,1
0.8988295696002742,0.7585707312910012,0
0.19452715158150224,0.9166974149125464,1
0.8461596224101573,0.4045695005342558,0
0.26114374347779346,0.5842312371591082,1
0.6187668020845626,0.22063950261845644,0
0.4021777318327482,0.7694873364661847,1
0.4914620240703613,0.13174401805704705,0
0.5776242920288147,0.9315711630704225,1
0.8613083900711783,0.1239251436437675,0
0.3699072333579746,0.9100105680484606,1
0.6169349704188017,0.20290776383196452,0
0.44506003743382583,0.5472265773689182,1
0.5955219571058655,0.6072443852451421,0
0.20072014024813267,0.3339272763631298,1
0.7448377539035795,0.01461730000575412,0
0.3126254748582792,0.7519458576474624,1
0.2216522796342928,0.13438714558027431,0
0.6289905943939565,0.9547749574008123,1
0.9034608705232715,0.19407845732723517,0
0.08468197901247165,0.9441868810604047,1
0.36152989581654305,0.3455554268573605,0
0.7366154636363081,0.8394719841694713,1
0.5460750485695911,0.2613079464954976,0
0.11143429543971739,0.9272852916117267,1
0.9665260483367275,0.09796177402526407,0
0.4832289968692376,0.5538458407345603,1
0.9211221898986898,0.006593067302652633,0
0.3997882115110888,0.5362561239941516,1
0.9205195086520304,0.8887860765626086,0
0.012119398988346464,0.03782784522452176,1
0.8663563994746342,0.2150063548973551,0
0.2686742754454652,0.8402849903572105,1
0.9953910419916492,0.16337437035372215,0
0.056980353894929725,0.6730646464822502,1
0.9156939494387595,0.22787552386699672,0
0.5135113983499342,0.9525717420841997,1
0.7966649546812798,0.3199421524255449,0
0.684105706792466,0.771405994084436,1
0.5836008578513894,0.5309032198371455,0
0.448051699993111,0.4856175519071695,1
0.8034588842709341,0.29059240359446825,0
0.2730682794989251,0.8592833511096467,1
0.9506197872132974,0.3642641142413672,0
0.1475744457113074,0.704148537616852,1
0.8193050851696141,0.07653106062938275,0
0.46063591285436134,0.913008726393362,1
0.9993855831056796,0.6272986002686507,0
0.09045054527579033,0.13083304160113018,1
0.9159963703991738,0.9557053406766964,0
0.5640170241499562,0.6018798981389091,1
0.4397182820293921,0.34472176891165196,0
0.054128847101752364,0.15548873237384886,1
0.9946183206154915,0.4594364587546642,0
0.08866340669486428,0.8784021515976098,1
0.7372911417342802,0.22519843652868698,0
0.20059645931716885,0.30873911332899706,1
0.9540439139926326,0.9843840381689828,0
0.014318946114747932,0.839895642974697,1
0.7194983336044188,0.09659279424515754,0
0.5488759774796172,0.8948549646097942,1
0.5591575600160851,0.5509464412690468,0
0.012811502166593325,0.5331242784872043,1
0.8457750811776573,0.3228133707817784,0
0.05713014855543663,0.6156214350579001,1
0.5487520436023204,0.1919477923466394,0
0.20250171072277567,0.6577909480028716,1
0.8596174545193339,0.20037072067654926,0
0.03812224927679875,0.4885061669686367,1
0.8352832028476205,0.5969652125310883,0
0.41973084433013197,0.6602003727372155,1
0.5488608525035386,0.4637540515246543,0
0.3834755935827968,0.978168995848917,1
0.7801886588891607,0.506298363668853,0
0.14193339516851722,0.8849823177063212,1
0.564493170771778,0.2116285070439876,0
0.6785707620615287,0.7470396488062953,1
0.2814257838550728,0.18677080268554014,0
0.13114127580026225,0.738844575881808,1
0.9274745110157553,0.261712602005053,0
0.4539689299939673,0.9658176031636153,1
0.5115861495554717,0.4486688702480751,0
0.5173266954077026,0.5725530256075637,1
0.40567924207594386,0.1464204818216741,0
0.11232805220668207,0.13946815777465627,1
0.8917083909955306,0.12256361224656576,0
0.27851061212292116,0.9741305594883063,1
0.9114515269999425,0.05794042006270461,0
0.3496969300021773,0.4554984278002555,1
0.33852585967144666,0.30810613675120546,0
0.37674289525697213,0.697708580437942,1
0.9047111736671553,0.3856279074171767,0
0.2621157642412605,0.7355022334615974,1
0.7482679812896987,0.18020270731629007,0
0.0015561979296321304,0.7712266730402363,1
0.9486326801840331,0.3327360839555057,0
0.004980905673753422,0.8243926884444718,1
0.8223550501864259,0.44298003065908886,0
0.03019745488202563,0.8742308098340758,1
0.8117663950996238,0.8532203183236466,0
0.30301127246390347,0.7802355856161365,1
0.5270060151117548,0.2525962896380215,0
0.41685067295365186,0.905998994932563,1
0.9127443126236229,0.8054008597007135,0
0.31808901905133224,0.3698442246014255,1
0.9265160634970615,0.6118717214256995,0
0.3752998428527162,0.7891675208579388,1
0.4727286201965848,0.11288167014198824,0
0.30208804561488445,0.9219763370334326,1
0.7212113980733806,0.2158932087534554,0
0.47728022402490655,0.9824176014231915,1
0.5454324548403714,0.2931057833084715,0
0.18446810682017512,0.568633165586175,1
0.6826418704197971,0.05145716805952549,0
0.1494135193849384,0.3941919004624236,1
0.23502235948749772,0.1839756554953268,0
0.504858728623104,0.9713470716842646,1
0.6980902525277356,0.27309257611294324,0
0.2455059727184039,0.8362738906161136,1
0.8777694586274829,0.3812880277129903,0
0.3870145742968444,0.7382295862478772,1
0.9150979639464029,0.44621659632947264,0
0.2523659018024208,0.4161798877403149,1
0.5614816808370013,0.5773359468594568,0
0.07767519686195612,0.4750133933108883,1
0.553973975768774,0.16794023736286134,0
0.4154485609508135,0.6062172562914766,1
0.40099342002648575,0.09516239261882609,0
0.026393144399509683,0.7168021936284159,1
0.6984084272619435,0.624343754739019,0
0.33619551690675753,0.3702955209441793,1
0.5298836294296025,0.1433300810670205,0
0.6085511222654155,0.7201634855615034,1
0.2737843130912504,0.230750588282429,0
0.3665255115246665,0.4709404165379548,1
0.5294107137711552,0.47432034069650497,0
0.0011111083906129027,0.48586176941373804,1
0.9939813231625526,0.13291503704971674,0
0.42631843800323976,0.750956222267262,1
0.7931619911033503,0.10159585852402564,0
0.037992654423874894,0.1686383244364401,1
0.6149784861967431,0.15663633699489654,0
0.05850184743719178,0.9192345914607333,1
0.9008699833421088,0.3678909269503934,0
0.3942376352480047,0.7331564830509036,1
0.5254388785762143,0.4021395670501976,0
0.15109276843213792,0.8715369970883695,1
0.4745044483562736,0.35698499325390975,0
0.3714202807717052,0.8865543358626194,1
0.346208235956304,0.1663522007531434,0
0.19446411390135465,0.22906050554377477,1
0.8264166097250599,0.3992102720217571,0
0.5285898866187809,0.6636492047133421,1
0.40259639351424104,0.26049216540252484,0
0.13270751948521942,0.570896078395051,1
0.6488023089252271,0.6638604235179918,0
0.5458214515879418,0.9226756024085013,1
0.710766504792036,0.09312104647435737,0
0.26368708785576644,0.7077085653371193,1
0.8735181808358993,0.9305531886761769,0
0.15016723982084768,0.6384923640107965,1
0.5864820862685969,0.195724834684194,0
0.4489241981297175,0.6364498046618695,1
0.5497180447766543,0.4368348856319455,0
0.17187788311155716,0.2343259496715563,1
0.41031968652683215,0.24035783312846526,0
0.649398613444927,0.7129018174647477,1
0.7035078095014569,0.42191546558826887,0
0.5346387665061736,0.7265661912639075,1
0.4017805475775137,0.0873930833489368,0
0.049995991410820007,0.6767315329538037,1
0.7829903978765995,0.21669065247173314,0
0.4229389412275808,0.9418489703467511,1
0.8194054977033032,0.6275247142943806,0
0.10196113461016121,0.18132699208515557,1
0.5358100047782506,0.3079065420546183,0
0.12260392109925089,0.5749056458422663,1
0.9347548955954068,0.34940425265528285,0
0.008953537205015905,0.990225518444119,1
0.3250594958087054,0.16845673092351376,0
0.6975736148832332,0.9932622147438094,1
0.7637386082494454,0.6542403200038102,0
0.04893394060473544,0.40942895437253934,1
0.9522416439578135,0.4093882080492288,0
0.17232892786367604,0.9516135788667495,1
0.7689837310213484,0.4022262474078787,0
0.11973122988772189,0.9927172710592175,1
0.8998673858758532,0.9233950947632276,0
0.18621990008841927,0.7934650463166777,1
0.8065270462168771,0.5769086981644179,0
0.5497055616691202,0.597518993024338,1
0.7035041231296615,0.564947664715183,0
0.0660424040819303,0.3839814891538432,1
0.6416877957716967,0.49670185927825383,0
0.6952865047666922,0.9184076745125074,1
0.8328384036328615,0.18675652776903073,0
0.43946706100971666,0.7089532174596769,1
0.6262284592042896,0.34891307873212885,0
0.029009349695019337,0.3919898146388491,1
0.7928532882832405,0.24863459072548444,0
0.11570049442415353,0.645201996278511,1
0.9035775740302292,0.8019519052576667,0
0.06869050887629669,0.09887047839964258,1
0.665845822271557,0.2705305792044096,0
0.08078271991277064,0.24968804449624626,1
0.6419483445457923,0.17255373468917745,0
0.11764935576897761,0.8941261106953349,1
0.5774726200891944,0.18727168976970043,0
0.2360521618815774,0.7980432209799958,1
0.9393957528131663,0.7826932315321751,0
0.5106522463791421,0.6268690411940978,1
0.8000516182655674,0.3290980423441857,0
0.05952142828823981,0.660009380981317,1
0.8515756984170693,0.7724318485656612,0
0.5552812280008592,0.9673738960177289,1
0.8722395642271102,0.2627566995415893,0
0.33988165395235437,0.8280626626852322,1
0.6851140983015391,0.6449043196172886,0
0.6321614755141257,0.910880956991371,1
0.35155843381263485,0.3111693484381629,0
0.7902570521700405,0.9443850726035201,1
0.7349903285619352,0.3032515777217212,0
0.3090010403569846,0.44183204941195076,1
0.45551732213016194,0.00020694848206426197,0
0.023738621409023275,0.8815506099024751,1
0.936699107864331,0.3139634501826746,0
0.05428652624087216,0.6877426969251496,1
0.27861905890643324,0.21359658421297478,0
0.5111159433664952,0.6506865914954323,1
0.8551557561842503,0.03672665463778857,0
0.3859415898673977,0.7892646651513987,1
0.6089517189658401,0.2695934240229705,0
0.7463862278717381,0.8813100604706113,1
0.6524424151409901,0.5629006629232156,0
0.16215012023514008,0.22383694633086093,1
0.2668241106953507,0.10054438859707404,0
0.6989406234191203,0.9530852548864231,1
0.4195658040628518,0.3873411869061115,0
0.26174146526004005,0.29913924848913065,1
0.8300138387275057,0.11052901054953346,0
0.22329585290632692,0.6698643759763494,1
0.4089133583478487,0.3185283033819344,0
0.26916423128329536,0.8704607389413053,1
0.9745360622652123,0.6175352056613012,0
0.31293596586413586,0.7878928932496174,1
0.947999733897108,0.831646595930298,0
0.1333347578550118,0.4304095136360707,1
0.4402098161457113,0.36165973410413865,0
0.29264526451191597,0.42516303846131565,1
0.842562922040296,0.27865464446321675,0
0.6446749197651432,0.9948453661368346,1
0.798069617377103,0.32901181064232377,0
0.4295180481734958,0.5434836578212362,1
0.6609470573176378,0.6721265031568311,0
0.10481257685084733,0.8143355705533162,1
0.39333942674422195,0.3141128963490003,0
0.6715603316597105,0.9248463778030145,1
0.30467152323725455,0.04044490094577091,0
0.6601305347382026,0.7504297132612253,1
0.6004598140943131,0.5176429313168592,0
0.49723264685815804,0.5376448622510346,1
0.5811331376284521,0.04176896754559534,0
0.7717621691239763,0.9743897847722247,1
0.9421137207142817,0.8031539174397093,0
0.5063493563373049,0.9087721168803684,1
0.9467119294012922,0.3817710225786487,0
0.5694954646106728,0.9604976835456291,1
0.594815122793816,0.06570908448214907,0
0.12336388872627269,0.5111583332462218,1
0.8375544043314482,0.48883511039257865,0
0.04130901310814061,0.8352891620246463,1
0.9623792466398673,0.6209655766021034,0
0.285710402788955,0.8987288418592564,1
0.7825099947796736,0.39639142579031883,0
0.046872819214749395,0.37276736532227184,1
0.4882032580205965,0.2429920351178374,0
0.17230199067157148,0.9479735253585467,1
0.7102047827640191,0.5607882313391338,0
0.1121550331554787,0.5839600845279777,1
0.6710662329055557,0.3004217068659947,0
0.508013933263797,0.8291387576123918,1
0.31967975644496505,0.006227204998506264,0
0.4173402893437681,0.8772788135202104,1
0.6701622107681499,0.6377639240989349,0
0.5397318654423396,0.8606315236540538,1
0.9407230534122436,0.0205124506697707,0
0.17372424894954164,0.7063085882114197,1
0.5883091408515186,0.08849794918646803,0
0.2958403662256137,0.6675745005170138,1
0.72885790569129,0.7951474189765703,0
0.20456518823265357,0.8187043763529637,1
0.22779127608785488,0.21828849202538558,0
0.6670820761631523,0.9757787580634244,1
0.9234454318202008,0.7655774595500188,0
0.6532517670898933,0.8376267275805617,1
0.7202962739987998,0.07847429634686753,0
0.043428160974786634,0.7273255927782961,1
0.9179255660176942,0.1825387900339538,0
0.023677019088988005,0.43870247013668107,1
0.27983988308161767,0.13373120360895874,0
0.25473670251566616,0.8284214139631682,1
0.3499245310927812,0.20395671841312268,0
0.5694768885174323,0.7795808337367227,1
0.24580421136504083,0.1575062888112274,0
0.02342707135716826,0.4888273186595318,1
0.9253392899626607,0.19396061097362405,0
0.4160079030318201,0.6519715493648026,1
0.308069308340261,0.029723206038613115,0
0.3013500835540618,0.6827649166038371,1
0.3870808755549934,0.22151697416532445,0
0.5507324685894167,0.6364034635274743,1
0.9997941909292543,0.8378018829799438,0
0.23198686894714615,0.39973933517692817,1
0.5515196778665552,0.4524197456707688,0
0.2252656311392648,0.26540702205610855,1
0.7768312448004555,0.4967997938457046,0
0.6096101623657805,0.9746171359127349,1
0.895472410880163,0.45583759776223143,0
0.1632850267214332,0.5687938174641619,1
0.822894298789924,0.7606270000038967,0
0.4672163598942125,0.6748173515640125,1
0.8534524361235253,0.6541373486793619,0
0.02318130985007183,0.7536172680069535,1
0.8118856657503054,0.39446678252246137,0
0.0639844335824743,0.5028864149288063,1
0.4518048806925231,0.3461686127110476,0
0.2859004172280699,0.3221334578555226,1
0.3958740216414164,0.0651396836628465,0
0.5982991855889276,0.837106258979141,1
0.5050523698834708,0.28418985444736744,0
0.49171641794495713,0.8048808791219234,1
0.9885224647041724,0.3145815229797918,0
0.16667632589913972,0.759400459007685,1
0.6833749030756802,0.5157752499611213,0
0.021875885223377023,0.7584950295903025,1
0.7585915289622269,0.13022964601050546,0
0.0430263095048905,0.5937575313360357,1
0.41239349931195224,0.35611211450753577,0
0.1457879648104934,0.17014208046699264,1
0.8581689152499012,0.32394000854343297,0
0.6297693894947851,0.7083120187647522,1
0.6406110058260279,0.33522998627454437,0
0.6387968850537306,0.9936639853215907,1
0.5102808156284372,0.1643249500379378,0
0.15122532604109917,0.40570489484054395,1
0.49467485239043973,0.24782317065616988,0
0.06381559992009511,0.5176034373036632,1
0.9918247487637737,0.740059908412132,0
0.08160935281857262,0.43744613973973523,1
0.6591136294348874,0.6436884970632571,0
0.02055898020963587,0.9597131726551766,1
0.9402967141195783,0.9189039860653309,0
0.2232579788869622,0.2859716668086325,1
0.6522104825388213,0.2459390012306737,0
0.09954960284190839,0.15513417579888833,1
0.7571847196038248,0.054726022335701896,0
0.1136394299227913,0.3330464759883648,1
0.3677280065772969,0.07618277560603925,0
0.5153166830303935,0.9916130877268311,1
0.41309205233307056,0.28412207432484005,0
0.7458146450228837,0.977454206342046,1
0.5425374642382351,0.005253243424018339,0
0.5221917500837918,0.6860347222250959,1
0.8594292396478571,0.10450827333614876,0
0.45857241032250695,0.9921747143166966,1
0.18620379405585497,0.09760491947706329,0
0.01915172456861025,0.4969633606718483,1
0.8832667376244584,0.9632381583900451,0
0.38658658096112297,0.8142140833269593,1
0.3699197071704843,0.08532226453618352,0
0.10589505883437711,0.22698835058532607,1
0.09306691119780186,0.03650798842486036,0
0.1688167193300497,0.9804038856124353,1
0.5445539084643315,0.07542379761193785,0
0.030802590513064443,0.9858597970824255,1
0.1562398706369782,0.0799774985142907,0
0.09745943597177587,0.7283704043466166,1
0.8203548722837061,0.6821466045747867,0
0.1677830538240167,0.8161028610202337,1
0.8636940567691092,0.25262197632105954,0
0.5041977531598213,0.7731215369141348,1
0.9158718303456059,0.03199798776448559,0
0.4776399317454554,0.5086327158075353,1
0.6483601865107411,0.6407550826320475,0
0.04916908122774344,0.18777359038727948,1
0.5517326243148614,0.41487112234814905,0
0.36478893161475623,0.45553090333509105,1
0.9253807605539885,0.20170431961213708,0
0.27098764924068597,0.9166328631625821,1
0.46303846514865943,0.40307378382107273,0
0.39817409463639086,0.5109958520181428,1
0.7132956444139,0.534321355914804,0
0.3724576261192807,0.6602782725183921,1
0.6775899254634383,0.21937074058026085,0
0.4739271096448543,0.7288710977197912,1
0.514490798111866,0.47481572010451745,0
0.4071616214133539,0.7609289361615617,1
0.41327354284800966,0.1338979465850394,0
0.19243695667565552,0.4194844279064248,1
0.9714258252649743,0.9131141264060845,0
0.40551030278520583,0.4527424026010536,1
0.7745380698558401,0.3489379936511554,0
0.515170391237707,0.7088991996097921,1
0.8010966280216821,0.023823824301848706,0
0.15748973386597054,0.6471246695797035,1
0.26703751318270463,0.2580616552029008,0
0.47876758651817564,0.9175899818695243,1
0.6562980818385479,0.32513019803914167,0
0.10106348046920521,0.8470444816668272,1
0.9018386161690396,0.04475363224017537,0
0.5103743120371347,0.8153659233820686,1
0.6241946134580741,0.6118705901806689,0
0.7102950576567533,0.8291117476061849,1
0.31972703096715727,0.20015914468103746,0
0.12465768075652872,0.15587810704846505,1
0.8551738301740429,0.7342814779344135,0
0.36074412422293445,0.5244928917078218,1
0.9121407168549192,0.5838558600866067,0
0.2521200245228541,0.642513398598585,1
0.6482755697841986,0.05570888997246504,0
0.23858361647086068,0.2450218883132711,1
0.6680148555493653,0.23219350212070655,0
0.04832435406079716,0.28301190268891385,1
0.5669887932850715,0.10330268331510817,0
0.3105420691566587,0.7413600512687556,1
0.5514750712623879,0.2844835444413808,0
0.2721592776207964,0.7918695697726975,1
0.8404614326211668,0.4203388176227466,0
0.3767762632266638,0.7133243651399149,1
0.36394727886622236,0.22788326504258194,0
0.09646863970054942,0.28060764718789166,1
0.11515021910832524,0.112606480143989,0
0.16573329767216627,0.17575938503769428,1
0.9921918303058195,0.41106785481653185,0
0.20947147660541554,0.9397697269615063,1
0.8753153593364593,0.5669244739357087,0
0.2022577107452218,0.22071530299201914,1
0.4170836585730189,0.362676640315179,0
0.06532899236296064,0.6305357141042781,1
0.45637205513918644,0.15707029683418083,0
0.25214384691736824,0.5188548147008561,1
0.9266738585900031,0.4812215047390973,0
0.5313866348577074,0.998013231169473,1
0.9874074773008308,0.24038759450387748,0
0.4528069177390075,0.7014920632361445,1
0.8231283156766313,0.6782799104083133,0
0.4251489356018373,0.6450376484325936,1
0.6115341845511547,0.29141537570037146,0
0.20693212193515154,0.4585691923229175,1
0.4998767506118408,0.25713978671150617,0
0.14494129415728096,0.9304979731403108,1
0.15065854919740274,0.0976725733378766,0
0.17186589577302658,0.6896139968834811,1
0.8316387160173767,0.400360970952518,0
0.23270321547635597,0.34714350405841043,1
0.08893343792057373,0.03383238040794201,0
0.75736255262843,0.9359825066888495,1
0.3105486987468298,0.11897136602890068,0
0.014894228579371616,0.8721261000315242,1
0.4628966968467271,0.06272380855444115,0
0.4443607319806937,0.9474922671099291,1
0.7753986686719786,0.17494256596407332,0
0.22558415875787363,0.7719869363777153,1
0.8925934541323876,0.10678139869347059,0
0.06947609200180005,0.7030884165474005,1
0.4119903754198203,0.17399673296870166,0
0.4154880638140547,0.6851602313977222,1
0.8258626758965936,0.5740732161851406,0
0.38774949602610875,0.8074460340632574,1
0.9198566067725039,0.42094161509072836,0
0.29601996563350197,0.9287424418507151,1
0.734578844000882,0.3345476761096874,0
0.04094974081257019,0.41000156944739863,1
0.5146268512140895,0.22487588107827727,0
0.6773826504015935,0.9026263497069409,1
0.946201317762248,0.8748700019995529,0
0.24972860422212773,0.8682287937953231,1
0.6044322160907072,0.22834384466140623,0
0.26383941967853186,0.2994598888900514,1
0.2995679608590148,0.18604141405740315,0
0.43582245320756374,0.9429275663213745,1
0.8353503504392654,0.3601862830165351,0
0.5944073709796783,0.9479459878887757,1
0.40514530704431573,0.23937605476025803,0
0.16761308673152364,0.9778553228332505,1
0.6081381887643951,0.4323695757512357,0
0.6413706702142447,0.9688212984660657,1
0.5791025668313452,0.008088642240968724,0
0.7228516463489277,0.8222152000159778,1
0.9172638646353349,0.711677643000192,0
0.5126532474941007,0.5789833316321626,1
0.5171468948126894,0.01247604850955264,0
0.12097589984625401,0.7291944677520745,1
0.03571073992633389,0.03019949099865471,0
0.7246779297016165,0.9392021599234838,1
0.9429092831779586,0.8328224205824427,0
0.3241552033329199,0.9156513062006972,1
0.9458708006923029,0.5699678314641291,0
0.3382780848820647,0.8141704495913136,1
0.7667563579854878,0.7596107191910934,0
0.0772263544147439,0.4982630073145673,1
0.7710267516662118,0.7282893457056446,0
0.12080915563068362,0.3797583065495185,1
0.3358467023138043,0.12251640228727967,0
0.21579014842248723,0.4404688517663523,1
0.7298786779563365,0.21677808741872695,0
0.03339441187377146,0.2531015323052722,1
0.20758765357731224,0.19617801879767494,0
0.19200178945783364,0.19772297659509497,1
0.759558891807464,0.088180677737423,0
0.14377107202164963,0.4413958707066089,1
0.13162891996552806,0.12446804237521802,0
0.10312033743059446,0.6528411296965876,1
0.473839177725075,0.06530432758790317,0
0.23983447392208612,0.3800347837906247,1
0.858543053591017,0.7718086713544104,0
0.015195031449017016,0.5592499215230881,1
0.3992664825092751,0.37477925326179906,0
0.02197287162501571,0.8075780196418098,1
0.25976065253667413,0.18823437206125515,0
0.1632492837775098,0.7968349610007254,1
0.6689053719891366,0.5877796067519371,0
0.12324878299429542,0.7553094048622084,1
0.7127999482821974,0.02305591324955847,0
0.728629431502792,0.941747978621612,1
0.1043123653430017,0.033740132753912744,0
0.1618911762667975,0.9035279820089782,1
0.5372738801846241,0.3281744103211641,0
0.09755396225968727,0.23021752938427664,1
0.36124117956752677,0.09645488846471018,0
0.15993753525370424,0.9171785401794323,1
0.2602991635532592,0.15257177961588897,0
0.12381700819534891,0.6102089147279981,1
0.37087934807299605,0.09674867167396473,0
0.2647099953173283,0.8736057531476809,1
0.8081281753059233,0.7261535381595218,0
0.005456305627060232,0.07165411743209404,1
0.43962180793212,0.23213762917250524,0
0.030454030518287212,0.6866031670986317,1
0.9239592194829513,0.4635035821930229,0
0.102996305000013,0.532711165921318,1
0.641712385653931,0.4147089195055724,0
0.3898722734959452,0.9869979978146415,1
0.8248991941392447,0.9297069438816482,0
0.12927516685013274,0.27218717020294014,1
0.42389893639206355,0.162751737342421,0
0.21080649758640124,0.8970722539303139,1
0.442311900261505,0.4338643836110423,0
0.28712698459942043,0.604002812285631,1
0.10578332318852435,0.07353678125744711,0
0.28235826436041767,0.5214866157525305,1
0.568750251102078,0.11805174563174614,0
0.49329470462847824,0.8780794135910953,1
0.9297843574237147,0.6219116444297651,0
0.5335808224095996,0.5904848376967612,1
0.9462850768741249,0.7098770002182988,0
0.3569942189265598,0.7736094353362939,1
0.8799584456541529,0.6725634140828795,0
0.070519612846342,0.550269448955057,1
0.6529404178502148,0.04328559377269481,0
0.18295291419839488,0.958208827944322,1
0.6087099099832936,0.5198172875267887,0
0.005015471386759285,0.3259893485871108,1
0.7817700436347413,0.38906016003077637,0
0.5281725853553623,0.9500065668416902,1
0.7741861157278259,0.1320366385135826,0
0.09081577527371731,0.7453406627086812,1
0.6451194317089461,0.5671398603895224,0
0.22158279925018265,0.3018893632281525,1
0.8854785918697251,0.08201489960477992,0
0.10349673096838541,0.10653580599403523,1
0.6256556615883229,0.22369051111032845,0
0.5767345226321707,0.6985539682869186,1
0.16256404111280254,0.04196278330026637,0
0.3860020590355594,0.6178588062408932,1
0.498288671614317,0.2455516422114472,0
0.2149656299075453,0.9080222450535673,1
0.5902513019636288,0.3125047996437411,0
0.5549743211412421,0.7012513837162718,1
0.4351299149769281,0.07220538914739127,0
0.23831528804654534,0.9076723009098597,1
0.3329563103863853,0.2903202074453476,0
0.09674873644051074,0.6207134747882134,1
0.9290853379300342,0.8037956042140127,0
0.28760346250551416,0.9838301929668756,1
0.7446073179416608,0.7450180145087636,0
0.3789276805967051,0.6500632241158841,1
0.6122341283238131,0.20156383049194337,0
0.336503761494516,0.9884519677871914,1
0.7122514239804988,0.20591580531625586,0
0.35704086483185027,0.45334430279904914,1
0.9109571435700026,0.25647737980853447,0
0.52457571479663,0.7675551599842692,1
0.7339528456533434,0.20341134548095807,0
0.2731312369135874,0.9500267820666264,1
0.6979864426881882,0.6873871935677378,0
0.2339895934695555,0.9566749679371654,1
0.7619188874979097,0.5167587139678089,0
0.12271079572120658,0.14024652990197572,1
0.639012400078806,0.3870775559634231,0
0.2295569711115648,0.5668733603852718,1
0.24154730783093803,0.0929656023825236,0
0.052636049417352226,0.8126723586821264,1
0.9333941334386662,0.24571226301821258,0
0.030055016790528244,0.5934967777107625,1
0.6311455018450769,0.31551494565666105,0
0.01603148573414026,0.3055125133150466,1
0.8757348295194103,0.9186432507877972,0
0.2631686477994579,0.643697721483723,1
0.9106412361657696,0.3089885865600104,0
0.36349754945442914,0.8491201301923534,1
0.7639221231111064,0.5853704185406644,0
0.5570900610042536,0.7826899725385765,1
0.4490946776366005,0.2702796113824345,0
0.5530285926768189,0.6712070453451906,1
0.03914072508003119,0.027843279861490267,0
0.48400560356877786,0.5605120362633856,1
0.9143845908986524,0.8509375707648679,0
0.05848082772902419,0.8995851206299367,1
0.8067420393802855,0.37121534750881957,0
0.604712449529139,0.9243466900712887,1
0.761892826681813,0.6596082784163736,0
0.5784620015803116,0.9659010999243473,1
0.06897289750038871,0.014767382925551353,0
0.052146445491447535,0.9251087731108887,1
0.9012088284465878,0.648244764640422,0
0.12144412649291081,0.5288356999933583,1
0.776875557765061,0.7832412384478685,0
0.444632138668524,0.5085647915762342,1
0.877290354635732,0.4979617449358106,0
0.2318724804981278,0.7760392031931506,1
0.6843318881802601,0.5158129312818903,0
0.5316782034502294,0.8436154859007706,1
0.6915563423878018,0.11119359652411653,0
0.1286992832966315,0.233264822013302,1
0.9802800179423186,0.3712187453190682,0
0.07639928695276033,0.3712465454117033,1
0.3659743525303485,0.11852943574891284,0
0.07767499370541742,0.6962567781880515,1
0.6968281206275876,0.44850547502142457,0
0.3898087886473819,0.8179133158851739,1
0.25986194359040415,0.23423540329197223,0
0.06913690691840535,0.6469670366535515,1
0.8819540269889794,0.15604059634335676,0
0.5381835342439754,0.8279110426015389,1
0.6956518971373467,0.6328876931732541,0
0.1496172651358525,0.20902615080215625,1
0.7777013136599874,0.49996437166544383,0
0.13288596937588437,0.883373484316668,1
0.7449371303723659,0.82341047457563,0
0.43324822392943185,0.7529092236492433,1
0.6531802470479472,0.4591055943556779,0
0.35077372127584305,0.5349945906632274,1
0.8523529057814802,0.5913089121291565,0
0.5715847303867606,0.7410890600859894,1
0.7162921982641457,0.6117607144682392,0
0.14867378114284735,0.29045999647245024,1
0.5843115889690907,0.34604956190112635,0
0.0940438579362507,0.29723901278210785,1
0.3624055237783508,0.3262573414243741,0
0.07927861483430854,0.9484697652016916,1
0.34937098199700023,0.018078658741152775,0
0.034164048146521075,0.8376506291961819,1
0.8767157660419681,0.12337638154854369,0
0.5750454109530553,0.8377912147170882,1
0.9441577374713949,0.366611509081728,0
0.3552047632010632,0.5577799544285209,1
0.7686721472899446,0.7266828215052297,0
0.2832216929904694,0.5276103820141079,1
0.8941497656749111,0.6056327640020043,0
0.3656292827056318,0.8429051883557425,1
0.04814878885798868,0.02378174732635374,0
0.04526159318495948,0.9957130483793144,1
0.41959294423152627,0.2475800261901666,0
0.7302695433699933,0.9400425770439323,1
0.9477337879993769,0.5985822684993986,0
0.370974913566803,0.8843665879313886,1
0.8642149194477821,0.28697298755254186,0
0.1351565117901592,0.2583181322450009,1
0.7781666863089062,0.7130752134992607,0
0.5701852405140642,0.7444727232260303,1
0.8927481971533415,0.7465105176469258,0
0.3146405902299496,0.4117955765386301,1
0.7649669015051145,0.6665101226486114,0
0.3265198051868844,0.37389085612566075,1
0.31231574222877867,0.17324134763848764,0
0.527912745971141,0.9900196236907216,1
0.5288938886037085,0.37432825277113224,0
0.379297686635366,0.5445799175471171,1
0.8999140504347687,0.6391171534896679,0
0.3950842726612095,0.5587939688017649,1
0.08091771680255622,0.009235881993884698,0
0.14468640769950936,0.215097547889327,1
0.44303062570291185,0.2616006591357489,0
0.002466660541007193,0.7771337286688296,1
0.6714563744966587,0.5986261575989966,0
0.284430621746783,0.5314971897222569,1
0.6188826380315134,0.0042124791203456136,0
0.40438340502475634,0.4215284643567795,1
0.45191315245102304,0.2605808175886273,0
0.13901169750845477,0.8234514950864352,1
0.3404901716484472,0.022069593941304033,0
0.32510117919047343,0.5477399047939903,1
0.4767983197722385,0.29239836456095225,0
0.012097035080963381,0.04314219234714345,1
0.7758022410682199,0.14143539593788912,0
0.0926453205363833,0.9389586997582419,1
0.8295496706238839,0.29098099657467213,0
0.06482289186784873,0.17956225399329384,1
0.39235216202851386,0.07561347804877927,0
0.06859415651737855,0.16852993892717427,1
0.9336589156485074,0.03459105580141575,0
0.1842655704969035,0.6895660742792513,1
0.506853738700961,0.06828588789263579,0
0.4438777776320001,0.5991637822378176,1
0.5575799613548369,0.5410710072637177,0
0.8226203907524471,0.9889343721195565,1
0.7938126414859069,0.6452250714881784,0
0.17330187548825826,0.6528508505036689,1
0.2317577285050496,0.004238635216243347,0
0.3564367123074784,0.4271189253411922,1
0.7412394350709876,0.18589367347562347,0
0.4927272041653674,0.8124578937034446,1
0.39362657944971313,0.1405962263781484,0
0.26155635250925025,0.44474677033713617,1
0.9528704147434837,0.18812532967253803,0
0.39586395719449885,0.7363360234876161,1
0.7018267450355834,0.44828583130015887,0
0.6511915968494869,0.8907339514406158,1
0.6520621936900522,0.29301670439938443,0
0.16336343789152485,0.777695976815075,1
0.12650554906250022,0.0534079130750873,0
0.29161666571260036,0.40138649856742503,1
0.7580085253550257,0.6271655563022158,0
0.06454438988711564,0.4555517212561272,1
0.8316637339924267,0.29255988310601644,0
0.05831577902523011,0.4221708271961139,1
0.8279520523325342,0.7871298232003492,0
0.2404565250787294,0.3496656833190387,1
0.07473312717945224,0.025845310141497935,0
0.03783636909911814,0.17491440080870313,1
0.4985452162338272,0.1033461125539985,0
0.1856778868878619,0.4950151564201506,1
0.9880076654045273,0.12649077866436464,0
0.07706617028125218,0.5806806014518394,1
0.32354371224707856,0.3106344825061137,0
0.552549580030644,0.6776691433385447,1
0.9649999697291918,0.012351831618226283,0
0.1019770496108311,0.12850106063604538,1
0.8425952998168947,0.6609045325798055,0
0.741967665208701,0.8503914407441812,1
0.6741655587798522,0.6936481352725128,0
0.03559157676969438,0.4825810648964515,1
0.9105937259481751,0.07344523641126077,0
0.6899461350386473,0.9128546926150384,1
0.6599271189698832,0.19154056364798766,0
0.028975921991350018,0.4201373927733485,1
0.6558517071803442,0.6748640320885184,0
0.4371067057377038,0.6116721524400074,1
0.8032293524536013,0.5092437681267846,0
0.735324880722158,0.8476257958301251,1
0.9247253570365762,0.42346690482753424,0
0.12098466779585615,0.9168999190743495,1
0.7735151952825475,0.6895587534429122,0
0.08136459054186451,0.7689336065847417,1
0.8686618917939799,0.4550440854554836,0
0.34752552816429993,0.3781619896201225,1
0.7156334638513078,0.3768754212852363,0
0.47359045176753,0.6042470367403752,1
0.8438571715325364,0.7631740374268087,0
0.037078266597236675,0.4934154192944137,1
0.5617904307041535,0.5786566453292628,0
0.22962039407454038,0.6270703483721515,1
0.9002642906046967,0.8889808165090561,0
0.0889438649648947,0.2610319170333343,1
0.9959373687990819,0.2482856842538973,0
0.05949829320276967,0.7126870111161298,1
0.6575585991315914,0.020573595812578005,0
0.16434037729669282,0.25081768942294347,1
0.6076560043099889,0.2543906140777221,0
0.05655129177371743,0.20772386404171006,1
0.9765698614378274,0.892388733952331,0
0.2413687344562624,0.7572326511723687,1
0.7928222631843066,0.6302082071481697,0
0.5232483057016047,0.9282778334328822,1
0.8418626424142591,0.35703263067386826,0
0.06922173449077385,0.23776902345274464,1
0.5784485965492128,0.02488626326382315,0
0.030374846635656816,0.5160443842998772,1
0.2910644707937602,0.24521502802200656,0
0.24735257500572272,0.26882104318721833,1
0.5501760129969601,0.2537027008877547,0
0.3787156594475688,0.8953467695309529,1
0.2089743035925552,0.00226419815826151,0
0.29101503653512273,0.3421259623278041,1
0.47998612772235694,0.34847535776834593,0
0.012787094104480534,0.3530924892172753,1
0.6900665313005746,0.43932213559624034,0
0.46509254011450496,0.9761286947382282,1
0.34500170414551534,0.34060469460621934,0
0.15488510100818498,0.5414085984549051,1
0.5487717767120953,0.039947289794796004,0
0.28271120391549565,0.6081167278058752,1
0.35136087833649454,0.11352686806724122,0
0.24371008422508644,0.48762629428205384,1
0.8897817710320066,0.29772521176735167,0
0.517932830454067,0.5991064042985562,1
0.2528396912811238,0.10912306422380647,0
0.3298511123794293,0.7679006061813245,1
0.5951443870756984,0.6111450545358492,0
0.456609413190324,0.7299474839585582,1
0.49617448019176746,0.14296605200450974,0
0.18580979381369,0.8344613638769114,1
0.5393666944642225,0.20999556653146778,0
0.2940820968684509,0.5551932575440635,1
0.28669798314451955,0.037195925603640156,0
0.13568898286979791,0.4704634398234121,1
0.7974203581181253,0.008278616110938386,0
0.7177607608083186,0.9698018003194976,1
0.7767604614537719,0.329987264882702,0
0.6384936401338369,0.9496947202784521,1
0.791840276361373,0.6049395105381546,0
0.33453052494424285,0.7962924967834828,1
0.8664708462385277,0.6864941547793126,0
0.6061125970608121,0.8153860497392181,1
0.935930130828457,0.9742772376866585,0
0.11284746001259771,0.5120862684196474,1
0.43570369589262925,0.12133138870452276,0
0.03654005472869826,0.11254167811387461,1
0.5242687951066105,0.07570046261467478,0
0.4721822039062248,0.9595746588506513,1
0.3382351924864585,0.20467409340876108,0
0.3378675966045188,0.4967018554921604,1
0.7796124762342274,0.3208974062434783,0
0.637470151467424,0.9086186148273787,1
0.8282257182974336,0.0834513917780495,0
0.5658176709219338,0.8740743813733107,1
0.7443384374202712,0.24331510762444297,0
0.38728972094018776,0.4118977902658787,1
0.41601676551754296,0.2476556872297604,0
0.30652529496974745,0.5429267025090385,1
0.6972137297627324,0.7628968100744891,0
0.06861686999837746,0.8435367206207521,1
0.82539010739856,0.3889754394337501,0
0.5546627314840147,0.7504549332840083,1
0.41783122448259136,0.3751799922421857,0
0.20601011250106604,0.8693678055948396,1
0.6906737552086535,0.7314387927718887,0
0.0010176394510772457,0.3873041255173092,1
0.7771360089546365,0.18072562591614416,0
0.06586298914187683,0.26162728669004487,1
0.9299806402782133,0.8069732007959904,0
0.5697984797869662,0.6364054449044657,1
0.6216300543909267,0.24693274222900852,0
0.3482654463926671,0.5644816081422298,1
0.9421374009833705,0.1902269074976456,0
0.22103275641765985,0.9278406588394517,1
0.9857451928593784,0.2967857725025246,0
0.5900228406660281,0.8807061508193257,1
0.5421196080325291,0.26404744607851527,0
0.21246293381683068,0.7719351394538858,1
0.8906572481184172,0.7568576404529217,0
0.29328582211032805,0.6012828992781929,1
0.8157364224524003,0.8024721910838063,0
0.13453361329740143,0.6602063780786994,1
0.5428376272994608,0.41857961196358817,0
0.04041296778198511,0.16420331562435564,1
0.6010352211005731,0.0215417117859239,0
0.5194402423599609,0.5891370445409818,1
0.4075743369127245,0.40468727228474166,0
0.6696379620875338,0.9902486728037437,1
0.34646755874914714,0.0672867298129669,0
0.1032766714199852,0.12290065043449783,1
0.5247678871519807,0.38006694053982726,0
0.11227480278026336,0.23055141386959832,1
0.32407308065326046,0.24875112299479218,0
0.058999006691355826,0.5697309254334905,1
0.7106690541715514,0.6032760905056909,0
0.5405664223366136,0.7613997667328053,1
0.8252404981774144,0.8382978494043921,0
0.2307604899235235,0.23974938902916676,1
0.6660875091321231,0.07089144529386304,0
0.5424837380181563,0.6348566113950739,1
0.9436534061231817,0.44904355461969836,0
0.3802100356130792,0.9062013303876804,1
0.9810131260829096,0.9550146546949904,0
0.3637914347427649,0.9027086055538069,1
0.7166178100834923,0.4723851294518029,0
0.5071164869373487,0.6279652645686338,1
0.7993880229559965,0.7801508334641117,0
0.01024861045610126,0.9648148567213467,1
0.8156288564170905,0.9398443186273435,0
0.10245610421905005,0.3205950560220425,1
0.9194539888274886,0.46160008373233397,0
0.2950018089636579,0.7910830528994609,1
0.9199270370723096,0.36692386985302305,0
0.09327576427075845,0.4110646586183111,1
0.3318841120735325,0.32005465454189663,0
0.26048689305858475,0.5639315419355465,1
0.9737041177941647,0.876466487637467,0
0.025164590657516195,0.10727009244393582,1
0.27146922342275703,0.2729302987805452,0
0.07634447504689945,0.8835013689632524,1
0.8410396730737516,0.5290410692859349,0
0.16899495686744537,0.9426869714721722,1
0.3686016775452947,0.2030247013231079,0
0.6085401694520353,0.9167546436237031,1
0.1860410324814542,0.17544510543550695,0
0.1993259903496305,0.37431617412984675,1
0.6240828593485872,0.4035354422566553,0
0.22582434753815128,0.3389777030433415,1
0.8157216180642227,0.40000959772124967,0
0.5734500848586189,0.9790812928656492,1
0.8858286031353617,0.02006494798908731,0
0.16934767381933202,0.6588502940947246,1
0.6283034530399805,0.09030753613737741,0
0.005935057952418665,0.5418630366692918,1
0.4297568402076717,0.21960902136977245,0
0.1546180822412757,0.398086576939911,1
0.6030924115473005,0.41571808231981444,0
0.11030550219123036,0.39227100860703,1
0.9133955226352884,0.3724801214317499,0
0.46014857153105004,0.6725455997253357,1
0.5112335612884831,0.38077541974116325,0
0.5322328334140901,0.8797201544002657,1
0.9257859727176406,0.8749212155476992,0
0.5219092620781517,0.9442711361532523,1
0.9565864128215693,0.3477059785518961,0
0.05273957771693005,0.8866081812860056,1
0.5655310878117835,0.293087827474106,0
0.6544661516658622,0.9246958866309708,1
0.9440396038958843,0.2326006234889928,0
0.10293582632625209,0.3573990420739337,1
0.37037138777354006,0.13502085013547294,0
0.7044614482551602,0.9064371537925322,1
0.9792596281263005,0.20907628644644893,0
0.1375145314046725,0.5714773330982363,1
0.6799036950957278,0.5175146622760562,0
0.21115014464883697,0.3205827869122104,1
0.4851016528811023,0.015071276500546293,0
0.12591204169376713,0.8854325157294051,1
0.4022910122997475,0.3645417498441518,0
0.46139893188097014,0.5071532373428719,1
0.18771456232880834,0.08356759799935554,0
0.020908796672042818,0.5122961894614444,1
0.908838342063514,0.7072533357340554,0
0.04709837261433092,0.054714431314573764,1
0.9421402859066496,0.7948505044171762,0
0.6845857691322755,0.8294543452920602,1
0.24827488954228782,0.10745735561559966,0
0.058439624075726115,0.13129719615448476,1
0.933863267886746,0.9299345819664883,0
0.2611320718059196,0.8571547403279609,1
0.871276632314416,0.4241097972243233,0
0.5554356489739933,0.8926243208328589,1
0.34115231958337866,0.16231717083520902,0
0.5412581173919473,0.8058273476333754,1
0.7993524540316629,0.8794586910259888,0
0.0409102878055958,0.04831407930409404,1
0.9051090877555665,0.30094640130215444,0
0.39184900034001036,0.44474319154595154,1
0.2568207789779341,0.13410318960072753,0
0.04150561969864841,0.8391829466054858,1
0.4845615763189631,0.4960550028736588,0
0.15075383364920603,0.6823788338065087,1
0.7943850609457658,0.22474682509643262,0
0.05381410985839463,0.31642515704169183,1
0.5728344519839352,0.0583957322794284,0
0.37187545651744025,0.6777268097949066,1
0.7830145270443514,0.6771835160838882,0
0.1747697998619948,0.40381329258078824,1
0.6932414385036367,0.5766490589464669,0
0.3091539825437001,0.6008709916733773,1
0.5513208633526399,0.16673438081825365,0
0.0432093672105297,0.24727409124560673,1
0.917547540173027,0.7975512185532849,0
0.43414802681788967,0.6231906366638182,1
0.4803814718911926,0.21857759493612072,0
0.6089822529511384,0.8076040163330034,1
0.5281661002865742,0.2535926654063979,0
0.04463011309781206,0.7578177274726461,1
0.8979876603489851,0.43009044527288953,0
0.12757234517735927,0.9935332165577612,1
0.6600757037103845,0.33528145867090875,0
0.3840919165760619,0.44560269835448796,1
0.497545402996581,0.034401124665264904,0
0.709673255812261,0.8058430113577462,1
0.538407554727334,0.28170009840199395,0
0.25456327426620784,0.3863135456819503,1
0.35608160373896003,0.11070134953702038,0
0.1616021069210305,0.5001574459742839,1
0.8342813856390171,0.08662279627194014,0
0.6771912032194692,0.9817901862112869,1
0.7630434821005944,0.32616565992722024,0
0.017084190339937244,0.6618529290655538,1
0.5343376755311192,0.28166032057738466,0
0.0926580739290398,0.22278070548619067,1
0.8730982055904541,0.23720269909390845,0
0.1490348591363384,0.24975855760515941,1
0.4570927779878643,0.3330314019765611,0
0.30447714346951693,0.5511128406346624,1
0.8229860075072061,0.41497507500764164,0
0.29166521173822957,0.4458383764281726,1
0.6147567295480616,0.3311898999758911,0
0.007400140082672868,0.8510895827289034,1
0.9838297804890601,0.040735921701773536,0
0.30155395363360804,0.5837473067646207,1
0.7042064736518492,0.44013726528621344,0
0.4003410564954434,0.5422451428286198,1
0.8195548830890603,0.7223119928521413,0
0.15017956727892823,0.5529735462468514,1
0.44244561581943187,0.1552643685891415,0
0.06382402305032853,0.8211695614895148,1
0.8998898578536181,0.5221628817251751,0
0.001292873002072925,0.9151542917536991,1
0.9708804728452421,0.39227415448936287,0
0.28423622451621533,0.911832554722551,1
0.5035427244704777,0.17811521339543124,0
0.524183493866547,0.9621508449009665,1
0.2904272150117667,0.12582608914732563,0
0.47257932479007225,0.5866066439207047,1
0.5235511306617912,0.5010975074654985,0
0.8025176988372279,0.977960603306639,1
0.670739696335399,0.08396337956370326,0
0.22453636153883394,0.5192823783118451,1
0.560823341790686,0.23698728978888361,0
0.11712620280318853,0.18071775620897212,1
0.19128675101891146,0.00016644134026855273,0
0.28386963466596726,0.6388241779359484,1
0.8632798906813646,0.02355043400050827,0
0.47413103352337227,0.6751202069154717,1
0.958619692238387,0.2515853738316277,0
0.280569312262682,0.35158517610950635,1
0.8657052549063287,0.19837263799413574,0
0.13185543077651807,0.4868112036209026,1
0.6549991840599971,0.19450561530601007,0
0.12772220623329833,0.45007344981357433,1
0.7288475054121041,0.1742066917075501,0
0.3152118302458452,0.48997677128173966,1
0.9286610160364764,0.3154973532198365,0
0.14608776807183488,0.8818233162680286,1
0.3279339702209838,0.28836673281099157,0
0.32357576860840476,0.7460390470223319,1
0.5978009504538254,0.28228615095477727,0
0.7835412418526114,0.9540073018410655,1
0.6045557069920587,0.0019039152724174002,0
0.36998487917355694,0.9102797645367375,1
0.8935058335819619,0.43467312115558043,0
0.19927654434794195,0.32573523714894226,1
0.638900312717508,0.31213005338923394,0
0.17120249088117334,0.24688916899071234,1
0.6334746940449496,0.4230658164711504,0
0.16532041736996084,0.55327219195531,1
0.6356876281761902,0.5255000608921687,0
0.06777611188130528,0.3288692751919652,1
0.6459190134985975,0.26707635798563767,0
0.38226653191216653,0.8777853571819442,1
0.9274301757876082,0.9030870805187465,0
0.3134651719752488,0.7142934933660064,1
0.7740659836036754,0.052895070524418664,0
0.5019271501436229,0.9180347144927857,1
0.7504526860449541,0.018093780240722945,0
0.16951064558368778,0.4884871270813135,1
0.8655620713309521,0.5246145110341393,0
0.06940205342550665,0.105978633461559,1
0.9319102409675544,0.15612787250243043,0
0.1625356515114753,0.3409321217625113,1
0.09371394457146998,0.06565686498253132,0
0.21915235694301838,0.9606075243446526,1
0.8297048576939958,0.590329605248383,0
0.5111341051957187,0.9933916953452614,1
0.8063009154182704,0.42294244984510243,0
0.2761055883778549,0.3394643479080858,1
0.9726357397489355,0.07449038950474829,0
0.3580405808065933,0.9332229408351744,1
0.9016539015405667,0.31755713665062013,0
0.4019337447355851,0.6588549250464739,1
0.3287531848406302,0.23673416650043844,0
0.3970369910084125,0.6973363531490947,1
0.8122664167683775,0.050977288113279284,0
0.2991780275540852,0.6758057107860472,1
0.4356652638173163,0.31926868290625987,0
0.31834615372759734,0.8974681613605207,1
0.30126390066915765,0.2477152058513682,0
0.15385390508746766,0.3619336605074338,1
0.8469184266639039,0.6465987294062686,0
0.639440664299245,0.8535390404956338,1
0.5118736410316493,0.2160409533630715,0
0.3345514234862865,0.769953854167368,1
0.09164815907699553,0.08733553160492413,0
0.0334174871498526,0.5616723761860738,1
0.833581748617113,0.2357052965626215,0
0.16445317365792855,0.8361804251751955,1
0.9999620173413053,0.22699033781474987,0
0.10957504267654483,0.6889380749123304,1
0.37411673906765164,0.10671196901442648,0
0.46313773967420213,0.9436459597872283,1
0.9444666502804278,0.802606088554544,0
0.3967544598692243,0.493937991924578,1
0.904019166901161,0.21254028546530424,0
0.5146810446243972,0.5727515175700213,1
0.29835303896341847,0.21042102903315818,0
0.10600488246873696,0.93471516142084,1
0.6043575547987148,0.2912939348627349,0
0.4563174375589317,0.6813062380904519,1
0.2622957750324282,0.16338432128319347,0
0.07904725445508298,0.42231007195961023,1
0.18240378200007257,0.18156717180405568,0
0.5176431810208654,0.6131053807764321,1
0.8106955247117603,0.4016355674273462,0
0.5569884421257044,0.7990447195417466,1
0.15534106853462504,0.14216233201626582,0
0.002930881860015111,0.7508821271104582,1
0.6567812505720979,0.4281784261454499,0
0.3310919196135841,0.9633018522916809,1
0.8893517073904332,0.8292448922396631,0
0.33036089212257147,0.923917590723634,1
0.7859652653560502,0.011773823089680113,0
0.6333284207935326,0.8956052835457884,1
0.9807405828732607,0.66858332726236,0
0.062463183781923726,0.19412597171983548,1
0.3088832293922037,0.03953937696863152,0
0.2443766585387791,0.34944341737745244,1
0.9383937768780017,0.30905845886202765,0
0.18239693611061025,0.9301512355502792,1
0.9508354097895241,0.9784424249689657,0
0.16431073447184152,0.31765482971583325,1
0.9976027499916041,0.7722180787773404,0
0.2758644595386739,0.9837321164514454,1
0.7630408068590631,0.6204698406664616,0
0.4965762984020078,0.9982106285167869,1
0.8526247982214322,0.07223889830724373,0
0.3665646318149738,0.5478128942151951,1
0.683371983440638,0.2049932153177022,0
0.048108747250045325,0.7788829384781593,1
0.3055121130346068,0.1250469801638412,0
0.10513749355370983,0.7390473273972884,1
0.7253846797672955,0.019487681729651096,0
0.5996201547121437,0.8573554089374659,1
0.7693689279535154,0.5011390228414244,0
0.08958696605591365,0.6836775710066664,1
0.5037350726000355,0.23759406508963665,0
0.6052236965267673,0.9322400205538224,1
0.6948900748297278,0.0020299090915856244,0
0.025297373856752126,0.11044362930271201,1
0.9861684550730152,0.031537962432722,0
0.4676661463991767,0.9396616041503697,1
0.9895865210353106,0.5726918181141961,0
0.28878037561282266,0.641650744172282,1
0.18406007399949142,0.11019335589578483,0
0.4509593477928542,0.9523270631995965,1
0.6319134785310871,0.3687847770196703,0
0.5212560715788038,0.6551480910046649,1
0.29475289205307276,0.12838614386841407,0
0.43816327439648695,0.8142350185370866,1
0.4726063994455839,0.10640900845242396,0
0.28414165421668247,0.6684720668405953,1
0.4923133399381122,0.0918465119354569,0
0.5622619532806205,0.9887045770656204,1
0.43988318105513424,0.15497834767074425,0
0.6095159151958717,0.8800066376742481,1
0.3942764810741234,0.23644051881433714,0
0.5666982614786115,0.9683449578460294,1
0.580187430321801,0.21568450870539735,0
0.0756266522487844,0.9433517601432858,1
0.7907229332592681,0.3261280682937918,0
0.022919037210688997,0.2664244659614259,1
0.9161784125698295,0.09292052639984161,0
0.39795871352816714,0.8162111795757843,1
0.967310819297959,0.5557995381096776,0
0.3726809422151356,0.5845491197643967,1
0.20152920939716612,0.06488996923821011,0
0.11086968580085244,0.2758942972635282,1
0.7817897903881885,0.3440309409839457,0
0.4149783679652913,0.7531258037832647,1
0.42726114886435107,0.12699764733121144,0
0.35610824679544173,0.8192761480586795,1
0.18866314395275452,0.03170573378325958,0
0.7297262823878592,0.9859156852183389,1
0.6841021501106309,0.19555604923928516,0
0.04351123243060284,0.527927310000479,1
0.5996938506466981,0.50919791573742,0
0.2174665553006464,0.5320575593269047,1
0.8699662409948912,0.4688279643914395,0
0.40855794358288455,0.6405301409259936,1
0.5178135062077008,0.10459447630592178,0
0.35520133606688686,0.556937411397443,1
0.46005705779281547,0.42921006404829465,0
0.06076141937467339,0.5979030234769301,1
0.6537942618709064,0.5240724016899062,0
0.04347041132411278,0.182396423779828,1
0.8296597578605286,0.08484605862306205,0
0.3141481360735223,0.6502810628691295,1
0.6273683753983099,0.02570499502918644,0
0.6043709998690417,0.7981742348915024,1
0.8040340516219602,0.13179986733350824,0
0.2532462573545379,0.934873349302298,1
0.8935049166584016,0.34474149011344035,0
0.4097474574670842,0.8233153417405125,1
0.1035826907922206,0.07531562914285916,0
0.3420494102664723,0.3921444905565925,1
0.17775698697773978,0.07483134447375117,0
0.08653568416195623,0.45378341831030133,1
0.8228607468192273,0.5763836679929532,0
0.28301202842448436,0.7920115414358521,1
0.7443527879805913,0.6423085708990665,0
0.6652689077560975,0.8853358991984259,1
0.9251644534553729,0.9773148910927173,0
0.3673389667512993,0.44733962840321384,1
0.36155846245942125,0.25545586983706603,0
0.7690167948310811,0.95319423682041,1
0.9046240049929487,0.01116648125450459,0
0.24355324134660772,0.49035212633632075,1
0.8660156276063637,0.2282449821772553,0
0.2976512526787829,0.8118456635058693,1
0.38154501241633487,0.3576993773832543,0
0.5965188147686975,0.7137767239352668,1
0.8886723073235371,0.32600582786672816,0
0.09885289164458744,0.44454794142717124,1
0.29522782814371384,0.2380629100310241,0
0.2769773591831626,0.31403168117385905,1
0.1802631542433889,0.15367242076321674,0
0.5246357745620236,0.7646531495028456,1
0.7884323054347522,0.06722202661071242,0
0.27706990944461374,0.37122866517977393,1
0.6461723844146787,0.41399453522376795,0
0.09957892885632702,0.4100121246718047,1
0.27829350551372756,0.07991619329357902,0
0.06599488604289017,0.9297590825913412,1
0.9364653265056838,0.2707102618925915,0
0.12555313885528963,0.409120819321405,1
0.3471733556762394,0.24905087153598626,0
0.44385272179809276,0.8601325286547671,1
0.5775492403417305,0.39623131040003057,0
0.11589756778927152,0.8211846181564642,1
0.9998014490331347,0.10703949905961074,0
0.0988906031271668,0.44118413296869496,1
0.9486190933145859,0.7983165440558451,0
0.4200287067335188,0.972904896186305,1
0.5497703789226939,0.09952989216286523,0
0.17395667320149888,0.27857736579996606,1
0.9961115105691668,0.36768405711493235,0
0.013798578717495014,0.7730825282780158,1
0.6661628568126989,0.44161201168386677,0
0.118497167385899,0.18851860435154433,1
0.9575753649438273,0.13021489360400018,0
0.45263387311402226,0.764432019276624,1
0.2963251477587767,0.28678303527219406,0
0.4302144598124569,0.4644999398732964,1
0.5814208459845859,0.16227352461949418,0
0.3761008139863201,0.8591313258143448,1
0.5798613747523155,0.1565155897798336,0
0.3955372894652517,0.6404886632830197,1
0.6930951363496429,0.31129569626561726,0
0.21747225167660011,0.3888976481145905,1
0.7366114470846623,0.28760610292837785,0
0.18688247249274093,0.9194770559499261,1
0.20867287795238942,0.18576915906463454,0
0.04533156397202032,0.7722263818895558,1
0.31339550422974805,0.1876922077676585,0
0.08093962133493326,0.7398472971976263,1
0.3784781411194542,0.10095756295311253,0
0.7295754485675315,0.8819366951012989,1
0.30066958475919336,0.19846664491566324,0
0.09050730972284826,0.4027457800175481,1
0.6559972513416656,0.44930398302730534,0
0.028204614309284892,0.9474232747883182,1
0.6944651037408553,0.29746238897594135,0
0.2582753045993974,0.9919591718672844,1
0.8095583123777752,0.883267400947128,0
0.5064968203450274,0.9233114821835637,1
0.7662241950140328,0.0916634343033158,0
0.10911952013786885,0.2208551524666278,1
0.546335670524509,0.10870056294507735,0
0.06564809106033409,0.39480923865753126,1
0.031692906684898325,0.026044877484202145,0
0.4648849868856625,0.5524095461531083,1
0.8411576371777746,0.4497608598188815,0
0.3570715952051967,0.5323077008425122,1
0.5173543969306078,0.29180281935327557,0
0.3328165882737719,0.3666894655390853,1
0.8286251047880121,0.185275355216036,0
0.6011171173501988,0.724506938454232,1
0.6968909100216374,0.45075665560202227,0
0.36986191025234527,0.40063098904177985,1
0.3052756619819974,0.1436939933345327,0
0.22248573902383784,0.8563756615977296,1
0.6569375370508995,0.391106059697778,0
0.2429599458497208,0.8461576080746427,1
0.8833706719328952,0.9850581154858147,0
0.15778478570010457,0.6412479318688193,1
0.2651071642417515,0.016463682894388598,0
0.5163860435666612,0.6944161213446579,1
0.593377592628985,0.10147939061004341,0
0.33337051456658373,0.5361156701786035,1
0.9931051038174776,0.35608430982725825,0
0.4288676961390657,0.7093947537039434,1
0.791772294264784,0.7795712020925444,0
0.7047996792525343,0.9969522076593093,1
0.9327200039841248,0.33276632083468927,0
0.4919335923105512,0.9775354585797634,1
0.8395518106011944,0.023764205952006567,0
0.15092913889841553,0.8607366671211092,1
0.9977779764873626,0.6559401606411872,0
0.35906097716224994,0.37858094569690626,1
0.7406571276498389,0.3326837270011125,0
0.13916122480801696,0.4469947986632312,1
0.7808858623639918,0.2858658807436235,0
0.5061337194734732,0.8898268411460155,1
0.7035062397657476,0.7327486251432258,0
0.23608254721360644,0.7971327359016565,1
0.9120810186897256,0.8211778048919358,0
0.25909064057593,0.9142850388527948,1
0.9130629091602199,0.5156739030415426,0
0.1866538806485254,0.8959587620412484,1
0.9452379400406636,0.21696547815446043,0
0.16132913307909402,0.35865552881742824,1
0.8729287720464347,0.7783571636364226,0
0.08736641498549369,0.9836826057569872,1
0.34772091728344534,0.04307890158317562,0
0.10963419591784263,0.976782423761467,1
0.9568743636021606,0.46998204527713294,0
0.1715791234608458,0.4159104193107971,1
0.8215008461989338,0.19169034006127406,0
0.6001646394513687,0.8028227294657998,1
0.3023606540227015,0.07827209428357618,0
0.27003770160860796,0.37172427810170117,1
0.901770725631907,0.6923848972346754,0
0.2682720047878965,0.8847245136246811,1
0.6945672733040053,0.6605997469303163,0
0.4536542826476735,0.9068300433042815,1
0.7134666556507202,0.6587993318052678,0
0.6341328097878047,0.8079856433637612,1
0.38433437388207337,0.2764579127681306,0
0.6214422999824214,0.9503505923580537,1
0.9541197580830173,0.5725562494622289,0
0.11351198480002389,0.28243607719932884,1
0.9834397228781306,0.8145627158956725,0
0.020918805735310464,0.6074678063516239,1
0.9925003996147661,0.8346634482733364,0
0.04441104214001823,0.14125405004007863,1
0.5234434707287294,0.04311430232337332,0
0.6293309920785994,0.955056306181299,1
0.9897860111274507,0.07925434119760244,0
0.24534730585209286,0.447498700824269,1
0.6986565984128236,0.6670274756083688,0
0.03638884947323173,0.6047963272732256,1
0.8086452605046501,0.8581504404234543,0
0.09653736231410615,0.14883168507899858,1
0.9231270541736593,0.19063568328851788,0
0.13750093158093268,0.25194594084729927,1
0.7026335318609597,0.5644099556625444,0
0.048373137939464295,0.7293971241183738,1
0.9971973843054116,0.4877958421008183,0
0.5896369791576753,0.6750657548216196,1
0.8474294004762092,0.8917271105257817,0
0.054612089082496484,0.9546303611233724,1
0.1748174116692207,0.17463515276475527,0
0.2603184588948957,0.2737467934213935,1
0.45443558025373443,0.33188318399573136,0
0.6947865505893558,0.7820543600490878,1
0.6951932466634149,0.25909902334230484,0
0.03420162953118411,0.6056794823638222,1
0.38318633329056084,0.013770859039160754,0
0.6600171148453585,0.8102583633058488,1
0.3843008869993658,0.011696889510612318,0
0.33303609616261154,0.8854196105455081,1
0.5233910540984928,0.5058218481105875,0
0.20475003724999696,0.3772842724585441,1
0.8000992505773905,0.9189440014309119,0
0.4064769088946215,0.5282636959608518,1
0.7566358745937568,0.48657459198290054,0
0.2961859858670052,0.5547952966317392,1
0.8386783279094809,0.6939778786976885,0
0.3676641943416248,0.8610530591899799,1
0.9385239570092914,0.8830582452022302,0
0.13308152840288467,0.34674942668709385,1
0.4521382807963711,0.07446112597622312,0
0.3052783827698904,0.39563398721950827,1
0.2710829514670978,0.04513162677620286,0
0.2949178352022539,0.8073278808971591,1
0.9109904004948952,0.27313357179340547,0
0.08769040205854473,0.6607997883666661,1
0.5445902328275476,0.500296126643002,0
0.23533003210968761,0.6821235725627735,1
0.9109535989909799,0.8373414030450619,0
0.38596501035488573,0.6303846691899264,1
0.5210869353371529,0.4057681064532378,0
0.3051843213283586,0.9860155087105221,1
0.9901927755493126,0.11623700099638223,0
0.2948555116117244,0.4505757485901407,1
0.4726636866060152,0.35670666091652037,0
0.011373776895627907,0.38996871921098386,1
0.5089739219514335,0.15893857866402694,0
0.4159030710846462,0.5489743441715106,1
0.9352074072793711,0.8732494098334416,0
0.4452000568029635,0.9995845710670692,1
0.5298198835678896,0.1350156863135329,0
0.20375234012715915,0.5684975217495262,1
0.9686247808070808,0.8987342617344073,0
0.015188354137789184,0.5474839072950138,1
0.9884277639281454,0.7598922501013041,0
0.04432618956127288,0.9373671150770797,1
0.697723499049266,0.7646417805171231,0
0.23982715287123257,0.9395438506499191,1
0.04489255103242207,0.012914011866892783,0
0.060588431034177326,0.18962343024487283,1
0.8909705098853794,0.966279396890969,0
0.5564771699618241,0.7918679336233639,1
0.3060122502618191,0.0846984965431713,0
0.0869761696539827,0.3521347547572089,1
0.16803446665927446,0.08900832332708863,0
0.15291026461544666,0.8560277321346693,1
0.6537759896925375,0.6696768671456563,0
0.013316109273735388,0.6447744888852163,1
0.6583859581571296,0.6604898728961103,0
0.3625091812664992,0.778712281424879,1
0.6560600866774905,0.37975792875851166,0
0.5914873130834761,0.9251848535745822,1
0.7009515247007082,0.7201058743862747,0
0.24115295476908893,0.6744912164366487,1
0.6735032915442745,0.4403938089128151,0
0.739237663101275,0.8629408760141815,1
0.6630471951359422,0.3807452730430696,0
0.2031722497380436,0.5890122102154342,1
0.9391425089470554,0.7751212389672208,0
0.3469503157554412,0.4507828937602588,1
0.9053202940488562,0.6326267312168484,0
0.17664178101390782,0.5212251026979997,1
0.8062672108213645,0.2130492827412025,0
0.29017351832145,0.5741627575141784,1
0.9586438661472111,0.5835418549903293,0
0.2919765445165876,0.7378546933813089,1
0.7862169991911064,0.27795118263492136,0
0.595136112484001,0.670418501412095,1
0.8628905372971382,0.08990214114247919,0
0.29135447308809037,0.4859370867864976,1
0.6254171637483593,0.4858144299436643,0
0.3734295058365328,0.4162675140616986,1
0.9262256327237451,0.35629685545099454,0
0.26573509091844416,0.46719723941044966,1
0.40437170341458994,0.07472943068168802,0
0.022810174322478893,0.19693275757314088,1
0.5085591188459704,0.4248577720690726,0
0.11985834482791313,0.6290208185963231,1
0.8197778314783988,0.9367729301548722,0
0.037906430196787966,0.36969241586519497,1
0.7373601303922621,0.3627563892942005,0
0.06133487124432058,0.21805835377624216,1
0.8346116010358471,0.1437108409566602,0
0.06868602108551458,0.08425059633002896,1
0.4200056476114514,0.16166879885928287,0
0.3383436756120819,0.6811340804460458,1
0.5105084203323778,0.11131434535872076,0
0.2725419700754048,0.804836403763346,1
0.8502872733063964,0.039258097984670504,0
0.17791209701778798,0.5080689444976461,1
0.807927453782989,0.13803654898005457,0
0.12279276324570498,0.9063234764330852,1
0.46466925067265186,0.34991125171168747,0
0.32203573702964405,0.661429297436112,1
0.8789896047402698,0.7119132605005807,0
0.24240159683366114,0.678916958522386,1
0.6170683852827479,0.15551793639503386,0
0.09675058709113438,0.11883113111765808,1
0.8611347507210019,0.7996354275826909,0
0.1914522948974552,0.3335588303884326,1
0.10936272266592861,0.01876614078841743,0
0.3922111162955556,0.8060645948616111,1
0.9653792704574079,0.6840415867798193,0
0.005778531036222279,0.6829221729540417,1
0.6000602329287044,0.4932359739510316,0
0.464662455266151,0.8824338438912682,1
0.7272976486532201,0.5819181991278501,0
0.029715732473092116,0.7993268299733205,1
0.5092820652122576,0.031733714655089895,0
0.3007041676962555,0.5625816668865763,1
0.8651975010673122,0.9579911554269938,0
0.41272213479127773,0.9892618045689666,1
0.48871763704364724,0.4539951756656705,0
0.1043689478222275,0.38514753370581,1
0.6960711650172143,0.03468624671972165,0
0.24721719845076684,0.4802182802415845,1
0.39342634976710367,0.05309349476371017,0
0.058078199156654575,0.33208486001185633,1
0.312453284659684,0.08146898421531312,0
0.1493780841130644,0.9166733293469516,1
0.9664496832990724,0.332917671429909,0
0.1354419000864635,0.8827204175303007,1
0.5202121267471428,0.14448226975865386,0
0.5440053640020447,0.7373720114604017,1
0.5357649318863341,0.08692324371862126,0
0.378111029316172,0.9023877870233706,1
0.27406427505249054,0.14878758865236896,0
0.6806787712718604,0.9884019765771399,1
0.8037771129055604,0.8307063108157795,0
0.03269367980937532,0.908447985710582,1
0.4417271468579749,0.1130445111749917,0
0.23853837814969592,0.5465889497273383,1
0.5408946657301561,0.392395406900492,0
0.3126667219021311,0.6791346308564151,1
0.41058795055834596,0.27779174251810723,0
0.16448986176079183,0.4911717886703536,1
0.9287847349615713,0.42923948263175427,0
0.18111677843498186,0.36506412842198355,1
0.8036826662107465,0.0011125009987289491,0
0.2376333999022281,0.7020668060757131,1
0.9018942776504963,0.3564784970146212,0
0.4027900174045489,0.4314503766894562,1
0.5474373698262709,0.2587190799183049,0
0.5278148482438223,0.7172413697997945,1
0.6532308596991819,0.2648112780983565,0
0.07445605611381656,0.8862375637272562,1
0.5532955973402303,0.052031677295616974,0
0.3439371128174309,0.5275203284043888,1
0.59895224889661,0.0889405541178051,0
0.6010351355728447,0.8987206257145883,1
0.5295241647629202,0.2955144846225646,0
0.344044594719244,0.9449989430975053,1
0.8329847051833896,0.14293729146098033,0
0.010224158494378743,0.9555648602046265,1
0.8563572509948478,0.4416521751693997,0
0.3506015355857195,0.8530214610870523,1
0.45439120836361,0.03333652375247609,0
0.28903963754742557,0.6498351981479872,1
0.7323057856466035,0.7633747475623747,0
0.24267029682936447,0.2680013507716983,1
0.7622685209547359,0.41317220127918586,0
0.21686917106167192,0.7286236443660102,1
0.919619601200659,0.18491153455803389,0
0.06786262814866262,0.832232152891671,1
0.3122180838310804,0.033794647889106355,0
0.07777803032351427,0.6568850293264391,1
0.9958051334446932,0.10593209635829104,0
0.29295212912264634,0.7868223447633639,1
0.3896286462462657,0.2822021548930784,0
0.09135563977472472,0.9475785719617451,1
0.9189611510430254,0.8291090685674838,0
0.10731891366763069,0.9271656209850047,1
0.5446083200300492,0.2531401939415635,0
0.23771526683075717,0.6561011514468127,1
0.7155465917939939,0.29705525982484693,0
0.14827973485969737,0.6722257075343556,1
0.5791695365871286,0.579854322014167,0
0.5531380564570811,0.6029287726485298,1
0.16441547716438032,0.1336723890159376,0
0.5404113875006946,0.8433176690812644,1
0.14635776060027872,0.1312507014728288,0
0.16077999543715182,0.16274609687747987,1
0.237732101578206,0.06252654636758515,0
0.02394927581292028,0.8304500737639585,1
0.6277590051045994,0.3681140770789395,0
0.13786058448855987,0.5226869055841635,1
0.4595252465306817,0.22006762450115946,0
0.4777404075327957,0.6840339909222818,1
0.2991754307238944,0.08036434569393158,0
0.1884008515027863,0.4182109160447065,1
0.9166339216200046,0.5328243335834888,0
0.46064609655054356,0.9592475567247174,1
0.28031631219304,0.06601135823534832,0
0.17806398314620286,0.5419139036193188,1
0.9580035451201614,0.10479931401508236,0
0.7201450678192411,0.9308875796631645,1
0.583947177871871,0.5943860121744954,0
0.17780702862844988,0.47835911313976254,1
0.7315110437907417,0.13128518881264495,0
0.6369968760924765,0.818227006091833,1
0.7493540449682224,0.36797403399779804,0
0.5925112575118735,0.8342497674672904,1
0.9797319057173853,0.3217927723075249,0
0.3059053460514304,0.6669589534791949,1
0.48244637063002016,0.14236539362806522,0
0.3054599464382006,0.33839224318951633,1
0.6166017939069962,0.2086572674231021,0
0.395889981640026,0.5981372548804524,1
0.8877199254498983,0.22486152989891817,0
0.5980969516461179,0.717948883751344,1
0.9497079231424603,0.44189585088339056,0
0.06180190372106498,0.13614296939397552,1
0.7639654865308236,0.4533209200307228,0
0.384566751465825,0.7962112052000885,1
0.9349517388515353,0.7419605928918955,0
0.0334131494855352,0.04275647268931204,1
0.8206342356772961,0.7259660351813821,0
0.1815184434657412,0.8024872248374768,1
0.8843700772756931,0.6093539768740492,0
0.43946152325799337,0.8217685558801329,1
0.7125174589929013,0.143544874225635,0
0.6528518390282765,0.92108159052914,1
0.7742004550511224,0.8178508734949135,0
0.6928222128816326,0.8538150486641408,1
0.5100928628278169,0.27407470577648085,0
0.4946340133227676,0.8594195749489263,1
0.9361107896334231,0.06077555818738489,0
0.06367568447560878,0.2809387379899315,1
0.45688333210857246,0.2815605575945819,0
0.09854663163784083,0.2768985553163591,1
0.9505414497952238,0.5154262271641586,0
0.5296029259073669,0.7407373080449753,1
0.9307351342268635,0.2785963761440957,0
0.0706197552670168,0.64598777147855,1
0.5271843278093233,0.42124983368527935,0
0.01809590835179098,0.9388789699830222,1
0.5922929953441175,0.15805275853827516,0
0.4302632820204617,0.6695495607532925,1
0.7957986343030222,0.13078098265569216,0
0.5768548580625847,0.9600003456063821,1
0.6826719810420234,0.005524971751697416,0
0.3721562986239776,0.7691314696862414,1
0.7359731606445706,0.0016851442737049194,0
0.009833331651590616,0.9902525878972009,1
0.5191753873198701,0.22467987602525152,0
0.23898839861960264,0.42540606875954246,1
0.8683337723873257,0.5503564573950883,0
0.4406179171365213,0.8797314154159763,1
0.23171765532054556,0.18953479680520757,0
0.134184376140135,0.4795765884468962,1
0.9040226468953176,0.13968861422298795,0
0.4965098490815043,0.7521421373005461,1
0.9147011337433807,0.5533166047818413,0
0.3492756744064919,0.6945843408877679,1
0.4562329125932685,0.23918276591361576,0
0.04261075823091276,0.6034159110537333,1
0.9427452549209973,0.36832615548214254,0
0.009818759449923942,0.13407629014124633,1
0.8258337867830815,0.8320681850676933,0
0.14497966236680304,0.40272271272693516,1
0.8461643637115567,0.7129615248716042,0
0.432160554965499,0.7305071937046401,1
0.9318431282409119,0.30896287213772833,0
0.09183412752173703,0.6093634980824706,1
0.8544460162965702,0.7215099934534254,0
0.21789738869621478,0.4999088877652683,1
0.9740313183230536,0.19087464987771263,0
0.27686430840976106,0.5299463644126737,1
0.9811778564044425,0.07599917413868806,0
0.001509434426787748,0.7177148886002629,1
0.5900935076287632,0.4905948461763364,0
0.5023269775623412,0.625623352201376,1
0.43783603496503243,0.23085485790779736,0
0.6826571013610164,0.8327035692589849,1
0.6170089525219157,0.6596811226257645,0
0.249917677996771,0.6982663853771882,1
0.4818242610481628,0.11345799506988141,0
0.3141078051479025,0.6773990621594339,1
0.7248986168178807,0.7934577985960753,0
0.7443038501412838,0.8423429955757415,1
0.6618547796788393,0.5837418262313104,0
0.03166301693761575,0.6892744393281671,1
0.8107941234580417,0.036801637030375756,0
0.4272804320353899,0.7706530825163195,1
0.42440290154498206,0.26663159763927524,0
0.06184445494269819,0.39543483553944725,1
0.4990131039333122,0.3010827956822659,0
0.42141856093061525,0.5960853480018532,1
0.6094862025439773,0.6350783827637808,0
0.07609786764699211,0.298040589582948,1
0.9093587474426982,0.9525942782611752,0
0.45215672556587183,0.5566009236806863,1
0.41632544898764645,0.07798095197408361,0
0.129891879346131,0.5107715344975451,1
0.9695619629932289,0.6450980030256847,0
0.30147081240159757,0.5787281515871974,1
0.796218795522251,0.8696585095968979,0
0.05101396349613596,0.5316991595116739,1
0.9885344409479541,0.42215541287844305,0
0.5761042915978636,0.6171164724776637,1
0.6611064256115966,0.03633408703350638,0
0.08715981968832409,0.4302276729807133,1
0.15570141190996378,0.0701809308787581,0
0.22323573981487488,0.4127155458962768,1
0.88872986494528,0.4145232774251798,0
0.22183896062656006,0.7477676498191784,1
0.3300039799217497,0.10356359552309224,0
0.27205004156832613,0.9400903995739783,1
0.6010102069057734,0.5821170369069021,0
0.19705377953802972,0.5108632824647797,1
0.8779611604116999,0.8625992793538149,0
0.5548997148259903,0.7750184452215615,1
0.7706336467560174,0.39922411294487514,0
0.2422009514854181,0.9192787679457951,1
0.9546824922182955,0.1593000140635641,0
0.5511906060398,0.6112447184728907,1
0.7160747004813918,0.06605799013399971,0
0.28968022825053674,0.5330799849526887,1
0.8869228736665916,0.5765383227657075,0
0.2710466842803194,0.9537680521458507,1
0.9857399192722093,0.3978868107968717,0
0.4583999633018865,0.9429785213824763,1
0.8813188345704772,0.8488421474932273,0
0.11031914214785077,0.8276926340098428,1
0.06466060090760295,0.05408405541467953,0
0.3417974973215476,0.5515540916962252,1
0.13152616288933883,0.02823977229599628,0
0.12132086273768794,0.6438731506332241,1
0.8517479413996335,0.24220259148897028,0
0.3224934098855111,0.7532499637158971,1
0.6321208449909643,0.40145112768984614,0
0.30345646801685766,0.4766587825898506,1
0.33751019147099315,0.2818270652523588,0
0.49516612865733645,0.882375082090587,1
0.7003348935886491,0.02605246737426603,0
0.0493607450911,0.7469114317388852,1
0.9543482922661725,0.591795545915535,0
0.12406503794109935,0.9788324473997941,1
0.859788377225339,0.02812324606883776,0
0.5611656737828578,0.7941435885999136,1
0.7586808366365189,0.04427434039220013,0
0.0058728356040131935,0.5255267688172791,1
0.5651392091053485,0.5952809943971333,0
0.719017627779193,0.8531337473731437,1
0.2757878585604461,0.056805329528574755,0
0.4059396828776851,0.8016617911393081,1
0.6041799505419704,0.07312525431623795,0
0.7546090577147141,0.9176897011112783,1
0.36778830499900017,0.2834584649391829,0
0.10208523813942183,0.8410032759469467,1
0.9775692489662262,0.8152395384853235,0
0.019524112985596864,0.39717530397570056,1
0.6703811336945226,0.5856677518516434,0
0.14862035297832688,0.5563179328506969,1
0.3310214321104241,0.08297369348660966,0
0.7475056754974628,0.994844407585672,1
0.7876843757859456,0.5851945486954833,0
0.227131910410188,0.39250957430327715,1
0.8229325502185532,0.605702493060851,0
0.003006831482885941,0.6187336670873377,1
0.7771294692321306,0.6061732433013095,0
0.2849647377481399,0.76319393587769,1
0.9311275164275965,0.5773864215278839,0
0.5151138414703699,0.722149953094395,1
0.27337161189927284,0.2742810733149268,0
0.051360942883658445,0.6474500424601822,1
0.5996247450863539,0.11861510303491152,0
0.051089361732838956,0.8311069880885691,1
0.681262649255019,0.18710655348177907,0
0.13999704124155954,0.17248273306170503,1
0.8691324214540307,0.7334340515431226,0
0.687681420561295,0.8001022573524128,1
0.8309621929238382,0.643319138623095,0
0.5224999634575906,0.9258289962198281,1
0.7471566393417435,0.24726972503576405,0
0.1036623705420272,0.20980006359572378,1
0.752409482944432,0.8075667563643805,0
0.23625704290690397,0.7924832239957238,1
0.7982661625723186,0.6297479690877051,0
0.5563106358977783,0.6897768106740917,1
0.9643715697705211,0.15725318740160477,0
0.4351733868668214,0.6974049895777524,1
0.7115505747483171,0.2049267321979753,0
0.7704774287487601,0.9162450012679128,1
0.2297707028647359,0.2273687695287574,0
0.15618626240680256,0.3013167426510237,1
0.8801809020264231,0.6035584732204518,0
0.16599496830124794,0.9761756086977416,1
0.7890374486779748,0.2670237400737987,0
0.012743719801931674,0.08350360041986726,1
0.6040684652416078,0.1311843254960362,0
0.11892837905354192,0.5110052239486518,1
0.9765676980356417,0.5010274169410124,0
0.14145297138814616,0.1802370196062083,1
0.8795633146572057,0.4576481836970827,0
0.2788063744736642,0.3098393519432323,1
0.9265880948938814,0.7976072592765268,0
0.032670387067896045,0.6927119678311591,1
0.9971947086040851,0.2624076629568469,0
0.4191418541294284,0.7613585558986763,1
0.8926595136483177,0.34898975964436263,0
0.04333329561939525,0.8895026216725513,1
0.1874301548762336,0.13967578980700546,0
0.6577253928539979,0.9408938816950061,1
0.9220991819708976,0.8756947476391106,0
0.7789908766721003,0.953777913437313,1
0.8072864610903742,0.580856489891931,0
0.0384903926426956,0.884311047332464,1
0.7783949981465442,0.18642476627368287,0
0.2201283601842029,0.7424564935746099,1
0.9469682440907201,0.5000667886982186,0
0.2015882565315621,0.717318784044355,1
0.755592567526459,0.450701136557647,0
0.3936927068341751,0.5330385919565576,1
0.7582990998058606,0.08063601839846835,0
0.16208821988986277,0.24805584198815367,1
0.7055332307489182,0.054243462131962406,0
0.3077958492831534,0.6056825148225331,1
0.8595688691429254,0.16743584314048487,0
0.04159769012154657,0.7533502204335343,1
0.6072408923064354,0.5172048601402304,0
0.09093273959805981,0.8448910814672552,1
0.8759837484457375,0.9229665246491894,0
0.08672855319126016,0.3644580651926126,1
0.2861015871239484,0.24251483551642095,0
0.3390067176179068,0.9725986588404333,1
0.485313933970845,0.316077675848472,0
0.405780669083432,0.6422149295815317,1
0.3091426920055751,0.018336638311006292,0
0.0902630741469308,0.8189853468909697,1
0.43299239122709565,0.4203772573557988,0
0.20029072126091707,0.5147137666026848,1
0.9660446764358439,0.9829738420066471,0
0.24491893433209255,0.2761321069812691,1
0.8477198472184945,0.14320819800276363,0
0.7376250486083387,0.8957255180464719,1
0.4302322734018651,0.03160015989566034,0
0.13656882888182853,0.2301155470186621,1
0.3727670238921227,0.24053387411572913,0
0.21841267686586052,0.29324906604520573,1
0.9597586360077351,0.7567473659018464,0
0.1154902819762309,0.8022863278686783,1
0.5983109982304696,0.14839224141900176,0
0.13588878175149843,0.8581501233377891,1
0.9149090651913526,0.9429200195371749,0
0.1317824999735676,0.9620753886323075,1
0.9861308222631018,0.3600217373040375,0
0.6821700192223183,0.9626362484316173,1
0.45591375369199794,0.042253784582823695,0
0.0447374956658293,0.7877465885803226,1
0.8081111135050297,0.3332895010718251,0
0.035910119312667854,0.07584081488842498,1
0.7983892982091848,0.569545055132198,0
0.6171332064698094,0.7324153854174228,1
0.2791720020901951,0.24088326780516411,0
0.5891081867260457,0.9616870232254314,1
0.13159958388127402,0.04994363135708757,0
0.37619374562690366,0.5890097924914752,1
0.17548059569103047,0.16270532607867505,0
0.6297154548357741,0.8602764378219763,1
0.5862639652734986,0.5462508845604176,0
0.0364432083208962,0.490226974216628,1
0.8903779948393151,0.11815057626698644,0
0.07253623589956115,0.37568799394030694,1
0.4928486206240267,0.30221017463933775,0
0.3475086123423228,0.4235850865129588,1
0.8081418951744508,0.6078325123925742,0
0.06791631623635797,0.36630354731517945,1
0.6405974821318516,0.3643571701748394,0
0.04695884824657792,0.2198453731218143,1
0.9113849835017469,0.6029677738786898,0
0.05651219012745512,0.30840409039849204,1
0.6008283475439183,0.29455472978500774,0
0.7220619946602775,0.9418685796965873,1
0.7562332542875535,0.03544510121926747,0
0.17500528747370925,0.6766423213923732,1
0.8582590414989707,0.06717061507619138,0
0.34157309021386206,0.7255788460495523,1
0.4950779790484089,0.06654235972357969,0
0.6694233208436323,0.897531305825074,1
0.7341590103262627,0.5016525953226912,0
0.09217701763720909,0.5081982167149838,1
0.9971826319368812,0.8091205060395157,0
0.6050972868816108,0.8660783928370631,1
0.7626470361744108,0.7480582859988599,0
0.0016403910580453651,0.6209885114947724,1
0.28859115678572544,0.15386756466503748,0
0.5214351265540981,0.920415570594758,1
0.5764065997928471,0.0058924451810346,0
0.1825139540232129,0.5961835542318691,1
0.7254179809328216,0.2694073679969512,0
0.19180954704085273,0.48921681362942526,1
0.9640583119989696,0.3325378221625731,0
0.4316601234555604,0.8533340135546934,1
0.5347545242319595,0.36695963745030835,0
0.3759076785430716,0.4382200036090572,1
0.8888014792026359,0.843329338579721,0
0.3921592336516083,0.5847385156621703,1
0.8085756023621041,0.3193428653667978,0
0.5890310386740812,0.7165043942670121,1
0.8009434349882644,0.2185186940462126,0
0.0637111231890809,0.8059660077816819,1
0.9339289359707506,0.8385259842882924,0
0.07249440169870736,0.2820073775845149,1
0.9283106444690004,0.7590794536506509,0
0.34263217805236146,0.36872716411314754,1
0.4251151100461469,0.35176877283354724,0
0.3823400677237371,0.7088958459149587,1
0.9103537749859385,0.8557062511366982,0
0.7844630117136753,0.921400272154875,1
0.49375914465150705,0.35772425178028244,0
0.3104330832474581,0.9967295286370385,1
0.875107679184222,0.0017154278516616772,0
0.2082963733203359,0.7672750354826005,1
0.7495561777910723,0.8020918985521465,0
0.6454059082189827,0.9890586925978105,1
0.6419941506137333,0.2768738860855058,0
0.08821384965270695,0.9516070984526505,1
0.6552130457963111,0.4118970203496449,0
0.16206875788152153,0.35036422855956695,1
0.4671565040634812,0.20717595100625907,0
0.41085044577927077,0.828047923269404,1
0.9247599414198514,0.5940743775242681,0
0.21728132248841325,0.6161750202780435,1
0.7449435378946256,0.43238294127061416,0
0.09625839823200277,0.3799519328925066,1
0.9947180205685483,0.8720969640578878,0
0.5990387853084803,0.7286662058675434,1
0.8628466737680212,0.9309298006973127,0
0.2008442435818273,0.2415693115733034,1
0.7243258499718572,0.48285863288764863,0
0.03990520391847496,0.854985587569555,1
0.3077136913011138,0.28775691700326,0
0.012002710640411585,0.45231023727511865,1
0.8521185224033808,0.31924689688929275,0
0.00637766241727622,0.9932008625779484,1
0.7071980153059587,0.7795623231690241,0
0.17417252940618844,0.2869183533561003,1
0.8792079816281646,0.38577807354551696,0
0.5690453032467263,0.7150733810769446,1
0.5431402253099121,0.13583601373160137,0
0.09646969098800384,0.3247908245913693,1
0.8933440896585517,0.38013430266008696,0
0.027486681478902764,0.5197563796177179,1
0.9012072494278283,0.573856686839882,0
0.5462211628393753,0.672311672011883,1
0.43629588818700626,0.06773383883814377,0
0.5700953020777196,0.9900194965078694,1
0.6938845917245681,0.6649943079771133,0
0.24449600266842642,0.4795113646581779,1
0.8660944152440282,0.7701329968656,0
0.1362659229515809,0.28486082981467087,1
0.7054460882935961,0.4763203293817885,0
0.1040018782375357,0.7066755295422207,1
0.5029587704591408,0.27068066557736425,0
0.09011254884937181,0.65162325851471,1
0.9643467194683746,0.7103780639753761,0
0.007498242463000793,0.3885245626582833,1
0.6697851154103979,0.30547373260156463,0
0.016310493875778764,0.7600781990276249,1
0.7487879533035537,0.7441268331344248,0
0.16441442722925625,0.9311248507402423,1
0.15589027798109611,0.10451833439683222,0
0.06937477659913716,0.5230778402734484,1
0.8380737879848705,0.19015193254520824,0
0.006650359404457573,0.8718273683435852,1
0.7970280472027558,0.6201472527267986,0
0.20435026277607748,0.9174448441659262,1
0.47649245488622627,0.48788854864338616,0
0.2520198291852732,0.45404043733276267,1
0.8996577763901047,0.05775723348312489,0
0.4741088419020373,0.5909996185576486,1
0.7936939252371106,0.7131197586112095,0
0.2404485837690693,0.5431744979854777,1
0.3940081393746162,0.23047511092537132,0
0.0016314143631821487,0.40737675570652343,1
0.44748754287326475,0.4316729208936241,0
0.21134092417306616,0.8475558495885186,1
0.7879449518448494,0.5830959224429753,0
0.4164889889716208,0.9631020392052811,1
0.9986917909009294,0.690372907304801,0
0.0005770142316081639,0.17424272828766263,1
0.931255610516426,0.04772589548813666,0
0.11255208721707888,0.23029942537093795,1
0.6813612737056814,0.4520017433033071,0
0.2655827894087601,0.557445868855734,1
0.8270857938733599,0.6148085642973021,0
0.2640906797338708,0.3634155111555961,1
0.6675066074755939,0.19211658255244524,0
0.7813261672663225,0.9521838519252751,1
0.6155715207985832,0.2358565216242614,0
0.25139691741160797,0.5228488945457977,1
0.7931617990992748,0.2699742112682624,0
0.22957566310532396,0.7733144953982485,1
0.9829375864188552,0.27360569324235506,0
0.03394886169069167,0.5590993028548413,1
0.24348129007062813,0.1739552046278423,0
0.15126640097449529,0.45011576597594605,1
0.8824365917574281,0.7345800999414702,0
0.38643245728969666,0.6598113182335231,1
0.2655556585985882,0.005451563959181782,0
0.4480491442623741,0.5134441924360381,1
0.6096982622402477,0.610980571982456,0
0.29197546727401824,0.5540444451250752,1
0.2090151114758062,0.008129727281539822,0
0.5345012360174289,0.8595083216180668,1
0.7972783445383576,0.43854847964603916,0
0.541405581007893,0.6770293590106784,1
0.7536369972462102,0.6390150830016769,0
0.03127818315453257,0.7196780055735913,1
0.8636971343085758,0.3887962653548911,0
0.22437363038530966,0.6761218580876729,1
0.5613278416248599,0.31494518744366506,0
0.5802817207626677,0.6722366342681931,1
0.7168727216322075,0.7936072876331963,0
0.11390295105255499,0.7398988399258967,1
0.8851678081242458,0.03379425111198353,0
0.12087056481486291,0.4907083460292472,1
0.11258188317346751,0.013256861627355954,0
0.1395734232466871,0.2835494440051951,1
0.3161842672444145,0.061301011221974844,0
0.3846172137886871,0.7777432462975542,1
0.997257030675548,0.9760503399844325,0
0.7427897947444214,0.9804544955206708,1
0.5317701603619664,0.23886139555912012,0
0.1974867921511101,0.7565609962451646,1
0.7884837529409076,0.3167583034379554,0
0.6399194926886921,0.7094798744735366,1
0.32638011885550355,0.04773865578696335,0
0.27291741528306857,0.8493297734715465,1
0.9997224972279924,0.5270479163031658,0
0.5935293266057244,0.6833816873573869,1
0.5248912560794337,0.2045218904721543,0
0.13013594317407395,0.20173482562185652,1
0.893021086752269,0.42111112956834296,0
0.21176379821509062,0.6876965798906166,1
0.8392605355955488,0.9163356639056266,0
0.40684059814839313,0.5986439305759145,1
0.9424030549027141,0.02470640916718403,0
0.13832067590270603,0.7438784077321016,1
0.4767905050801232,0.3134180273642104,0
0.48619404610294126,0.5880877683671797,1
0.5073509559485395,0.120247305399109,0
0.060935855889475365,0.5975222953575832,1
0.8413948262138282,0.6976592485634826,0
0.5928149302012805,0.9864728315096124,1
0.9959126271198526,0.1581883216955594,0
0.3321827053336671,0.37556337255868844,1
0.5342669742698084,0.3619356408707656,0
0.248380967441159,0.5913023502789062,1
0.3733881125065869,0.20615068864944364,0
0.017605794965370736,0.7266613069177461,1
0.6486273518081079,0.31979362192995664,0
0.5455522694434692,0.8437577387187739,1
0.9696050410854979,0.1448431429741257,0
0.45498285009435246,0.7610450772612779,1
0.7570395692605958,0.31124740814280594,0
0.1569369398466104,0.8048396450507288,1
0.47229774483024345,0.0357452469444246,0
0.09558839851324996,0.6996167607691551,1
0.45833059954386846,0.19384767529700542,0
0.0762587620112608,0.9571086080786173,1
0.6132088710353361,0.05547522710943964,0
0.0038260839356131227,0.3867177290400924,1
0.9387953132638928,0.6948680949168886,0
0.6430388501896875,0.9514233755949408,1
0.34642043545508794,0.14446172469026275,0
0.33753918247524595,0.8502713866841402,1
0.9790740579819193,0.8122405087634456,0
0.02700578159727607,0.08738329201214246,1
0.4542143000290262,0.4680399751785197,0
0.11869126999292279,0.14466701284400407,1
0.6145116373146927,0.11893219744449113,0
0.3732658420331292,0.6047195613517428,1
0.8390104589270702,0.30462282667569673,0
0.40479474630668255,0.9867372064047236,1
0.6926928013203726,0.25877901416384164,0
0.7499221427569542,0.9126183496578149,1
0.8072916142320765,0.6707372870827832,0
0.17461337053817738,0.2728423650158872,1
0.9892947447912337,0.8808706545775599,0
0.6464281023714652,0.9654932311730196,1
0.6188360831118519,0.4180859633446804,0
0.18215432819629906,0.8960555998555111,1
0.9207381576472476,0.400155942499299,0
0.38989411147311137,0.40842017315901313,1
0.7704008409258845,0.1394351913422487,0
0.7229706238142974,0.8670005045042232,1
0.3611211932260576,0.21165809550029646,0
0.025629707141323066,0.06327646898515704,1
0.9664894778400693,0.38684410332731545,0
0.3188614589754031,0.8473146675299799,1
0.7967909752766557,0.6094308771992989,0
0.4501670893590922,0.875140843210114,1
0.9424193262670865,0.028288439691806833,0
0.03155735835956508,0.7038155691786679,1
0.7968480992913988,0.8656536455892738,0
0.26799440304869504,0.9838079666193483,1
0.6654196573879165,0.01702092948564038,0
0.23977314887374612,0.83003958023771,1
0.910502606828073,0.34155396416058925,0
0.7354055471560539,0.9707694871918185,1
0.8366326648973212,0.18978861119161017,0
0.41392748437481597,0.5197775630195007,1
0.5521485685157085,0.5736423083772058,0
0.20203690438440491,0.7223931743846427,1
0.8703054477586423,0.32558721875284813,0
0.7925209276005564,0.9475855543010974,1
0.6709489921167379,0.11209386843490132,0
0.6801444295125338,0.9084953054010161,1
0.8644156274000412,0.6271985676462636,0
0.4950212951597903,0.7286393702984619,1
0.6889423265362856,0.2187736994599807,0
0.48832132495458436,0.7279892946213913,1
0.8444833205750595,0.1569070206155624,0
0.0739896165628291,0.8158378494625413,1
0.7248680613719009,0.47222198729146836,0
0.3886307350410346,0.4356235048279402,1
0.5141551342620867,0.11573718704342018,0
0.47130355116661293,0.5105051573467421,1
0.7154122464650401,0.7165059904223021,0
0.1701967911865082,0.5354368030125954,1
0.5368077912335778,0.5287141742682492,0
0.7053036233950322,0.9535507274965351,1
0.3921729613508653,0.04115658616429163,0
0.4062349745714864,0.9442821831399316,1
0.9183199522385971,0.8232675386765654,0
0.06793902002339891,0.8388157720591105,1
0.957991514481232,0.1422224681305091,0
0.44288141007731185,0.4662864167784724,1
0.2572154105700256,0.24537169675974813,0
0.11264624660421141,0.13867957361771976,1
0.9558897259007889,0.3448543626328352,0
0.1947396563240673,0.6621605117285676,1
0.8978239471394469,0.02442901389522001,0
0.011585810285985265,0.8402934859680952,1
0.7605126752663833,0.7765548250462229,0
0.031650231466219036,0.7277729647296497,1
0.29963953070117744,0.0535227689541361,0
0.3921323085194238,0.832559671921339,1
0.6314980160800936,0.23913282688867743,0
0.10672227431248027,0.3850975124562056,1
0.679412292089227,0.4608838174437775,0
0.14532720277214817,0.4932496754649146,1
0.9063469935732003,0.2586233288184855,0
0.6788448261939846,0.9168422604465583,1
0.7276332112987562,0.04155902143777268,0
0.24495875574172354,0.6031897544152501,1
0.7738724762430012,0.47114696806043177,0
0.22652894976718252,0.3439045593897172,1
0.9586017122210208,0.41649142971408903,0
0.0695383035714896,0.5436974956315485,1
0.4192285330002682,0.28949195472839995,0
0.12967635007494682,0.49048062638832046,1
0.781868844333697,0.3919122643086169,0
0.1545274341373748,0.9129678055009015,1
0.23087129017915498,0.21496960458536618,0
0.41991982745129275,0.852304429162223,1
0.10778988222201091,0.025717058800788672,0
0.48321628847786324,0.7996598607816455,1
0.43395671594886176,0.24420242667328673,0
0.29325988939042735,0.7876290312686683,1
0.5304941461593489,0.2966047625511553,0
0.07693954696625505,0.6554587408370035,1
0.9100380780162797,0.9545163402850848,0
0.46685725965057046,0.8298837802664197,1
0.4783673529685162,0.1114090018091487,0
0.35128401638753626,0.8434933874117387,1
0.6963138328642843,0.242824279191461,0
0.6270547424473533,0.9176788128848525,1
0.5153784371217757,0.38275700392334255,0
0.4192549285267321,0.9800936668690882,1
0.7408070932661079,0.39449869858886444,0
0.118812814736583,0.5842281225377521,1
0.7048374107674906,0.4204665193167326,0
0.11699168505407775,0.6820721840619755,1
0.301245481423972,0.007690493012202149,0
0.6497701290924287,0.8467329178711905,1
0.372151915061658,0.0441106339124715,0
0.17505369848718266,0.2714445752776833,1
0.5955250034890454,0.15207825875547942,0
0.557882562469137,0.914578652294737,1
0.9378953172825425,0.6934750091358407,0
0.41759552523727406,0.5259174541486545,1
0.6214227866123074,0.45823327076125175,0
0.6248936960228196,0.9694682265466342,1
0.7969919336952096,0.2538350550515731,0
0.10571433272738817,0.46805235650375965,1
0.5119361512532573,0.4584252179137065,0
0.426248609201777,0.8613202796633466,1
0.7026068017053457,0.344717684730943,0
0.29828978376694104,0.3529674894553386,1
0.8765688397737477,0.25412927188249923,0
0.11793449095658992,0.6161172569494329,1
0.8187076801981578,0.5792355640727883,0
0.14166826812870725,0.47127710595531813,1
0.9557619763960647,0.49274989770503663,0
0.3117855264263055,0.8861551190901175,1
0.9589538728489339,0.7078669523256892,0
0.39105071074624065,0.8309982584110762,1
0.5142314063015144,0.031607011181336575,0
0.2895881375739293,0.92195667156372,1
0.6083367185140589,0.5262421513838841,0
0.090009884750331,0.41962472105021553,1
0.9983920746642081,0.7001211784661056,0
0.4150747486598949,0.5625315914500034,1
0.231565761893903,0.035083618321948284,0
0.17399246063777063,0.6079451247315797,1
0.5441556060377621,0.06362932392696441,0
0.326653857615369,0.41623698565370204,1
0.9254742409210106,0.7666337322970594,0
0.27432415286839495,0.5472682874012079,1
0.43805299786811114,0.27303332757306553,0
0.21745652429167683,0.4809670279947633,1
0.5553959921252264,0.5823577115818269,0
0.14543547003182244,0.4372649935354772,1
0.8134402933723314,0.08649474312642591,0
0.22014995435514662,0.5928534432586712,1
0.7320763981148214,0.2802574683723744,0
0.5228929075484577,0.847150701121895,1
0.5566541522205487,0.295986226935921,0
0.09236132728419089,0.7971059826139458,1
0.3694320043922267,0.0036895542970897255,0
0.06094427302199712,0.6704874582659132,1
0.621626893169772,0.6347764982067735,0
0.5079857362033243,0.8751696854152702,1
0.2868003227671948,0.054292104933561625,0
0.006181843749472837,0.7607036705346945,1
0.35253242521413886,0.06270458425324554,0
0.503692344352994,0.6116165589240659,1
0.8540108484252967,0.4112819055891611,0
0.1420510177091031,0.9593999855011848,1
0.6027592179274034,0.2990345814521783,0
0.4730883449865757,0.809159083500006,1
0.689838407287898,0.5905696149167763,0
0.2857713847177752,0.8337864028386764,1
0.38899593512951314,0.14160872259540547,0
0.21365159147444845,0.2816416318762984,1
0.9196299658951198,0.6700314697621002,0
0.35723109572454315,0.6250323752112742,1
0.8545073153445402,0.43289990786534427,0
0.293337090961282,0.6998075756670175,1
0.9430901352417647,0.8295387320005297,0
0.2486556202394814,0.6167159215583682,1
0.8029514546530834,0.24015215472618212,0
0.13480263095792988,0.14434332398078942,1
0.7116810614333139,0.7497108765393262,0
0.0021286440483596625,0.6340239921210291,1
0.8856809678029748,0.5679205127621899,0
0.564968285786535,0.6394623998127533,1
0.3937821914521483,0.049518416718137614,0
0.22620897805087892,0.45349310983261315,1
0.6425235746596274,0.6813682258552629,0
0.3291713345940852,0.7773503356892276,1
0.9417240172732527,0.9608115740312956,0
0.10708737628326848,0.6983182436777471,1
0.877644648317768,0.4208824638307961,0
0.7075391168307795,0.8776278946590175,1
0.5136517381496828,0.1492162007709834,0
0.12941845479284908,0.8827939894242504,1
0.5713100803333165,0.5897756229049851,0
0.4793834355747767,0.520344041907905,1
0.8289968251291991,0.07821995650472258,0
0.29436186206649495,0.3406069086492206,1
0.7025534803184841,0.7534655635544881,0
0.33717127600705277,0.7895213481473374,1
0.7961022243080508,0.35392330938390404,0
0.3151333733181608,0.5896943718144931,1
0.16836822592453238,0.14011803335317152,0
0.12147574304259656,0.39936429331693624,1
0.7785259720735757,0.2687644049680058,0
0.03329690338337099,0.9100947638903225,1
0.8831696228845548,0.42747086267220935,0
0.29065209626715305,0.9119083011131853,1
0.6684935930616018,0.7033324678131774,0
0.5784562047719267,0.6957111990854578,1
0.9546735515840344,0.5445291531841815,0
0.23145087030733202,0.5299555107379923,1
0.9769027351839507,0.2010571663116837,0
0.8262001488126712,0.9789578281417806,1
0.7269584204064626,0.6050912089594682,0
0.17453629956772576,0.6515438697410918,1
0.1121992489105137,0.03591565664330898,0
0.16530479627957806,0.2848747000201115,1
0.9921060582779696,0.8202489137723026,0
0.5090330853394308,0.8052305227053747,1
0.6337466488890288,0.5577931001087627,0
0.2832609637559108,0.9750721798521306,1
0.89072635705777,0.8508433732613961,0
0.024118876024420755,0.33820396972006883,1
0.241941967908186,0.1120704356806359,0
0.5378267853725807,0.9578111068102884,1
0.8459958951232445,0.7968812306236993,0
0.24588287324869962,0.8491690067492197,1
0.9661850869241159,0.43086923560779,0
0.543309467361948,0.9452719264027749,1
0.8747764893190509,0.20459608898693948,0
0.6800611004850446,0.8291955973061634,1
0.6765471575766582,0.11997123977389679,0
0.7605620565482898,0.903508547340552,1
0.8081886156832456,0.023005805264464052,0
0.7885492253601827,0.9533405006165846,1
0.9702468775111478,0.12010477231018302,0
0.049550143089880705,0.16442061664604113,1
0.6131799307031378,0.1637379450214368,0
0.7013697146584189,0.9168365636227073,1
0.8815264057465737,0.6270057408716064,0
0.441589869074112,0.5422599535996127,1
0.4559214906292034,0.06563037101563496,0
0.13037996001692365,0.4137294131321164,1
0.7402678355206207,0.12249321919060197,0
0.5441376484817451,0.7800889935179439,1
0.5252798916928635,0.21877352013510543,0
0.11314450479441307,0.9130139231421779,1
0.9124128478562553,0.9118448521643385,0
0.14428274218564763,0.3086491776616096,1
0.9352475438364594,0.3377902310674694,0
0.5637296279632293,0.939672761770258,1
0.9774539856239135,0.5590391261984942,0
0.37461696894146235,0.8795877755837902,1
0.33043627089803074,0.27831297613917394,0
0.5176957367192356,0.8132163185252747,1
0.5711828303240737,0.10648447117255222,0
0.10482632419530591,0.9827236085014329,1
0.8794236492617186,0.4102392886199221,0
0.6915229098296988,0.7670236414962257,1
0.8778718641283446,0.8025501308181929,0
0.1566745792946399,0.987208819041078,1
0.8410613298734116,0.9435988727372586,0
0.16331881257252312,0.6861387195785879,1
0.8150820255115373,0.942299974734095,0
0.298290279004662,0.3682427102719472,1
0.6905456785455081,0.08933888057573536,0
0.2819855075000949,0.44563462903545614,1
0.45021943689471167,0.09499342157071222,0
0.573969558073093,0.741103116633294,1
0.5790157214963167,0.32727592334397193,0
0.7584375303651906,0.9507288333988773,1
0.9826883397056941,0.41518800459919936,0
0.16769178047441946,0.8828399856319568,1
0.16902284262081724,0.14309483212847252,0
0.7129608509342518,0.9774338795489909,1
0.3820362826474476,0.29233962805278935,0
0.3474099399699284,0.7020690949852435,1
0.6181693488257696,0.45615341043474555,0
0.362295856245882,0.6744324331154785,1
0.8049326947719561,0.7749818756571051,0
0.008099849001385828,0.6601649937650526,1
0.7582647951876477,0.5121773929719086,0
0.6189569636430072,0.9924063233712144,1
0.7319160600193119,0.6162475260383236,0
0.08599677735260114,0.6092082269440581,1
0.9358882026635836,0.36716828036872196,0
0.30115955251491633,0.491497804505286,1
0.9835345675991122,0.9410424953378342,0
0.05072500412640779,0.11271820135475585,1
0.8589612043359179,0.8685603751313727,0
0.586653627574434,0.6884716069347022,1
0.5617760375473437,0.5412386763362107,0
0.016168675615097383,0.20109483107139625,1
0.8665149214914105,0.048159766631629464,0
0.32354951013004196,0.9666971339817572,1
0.5861422441840674,0.5582718358883682,0
0.06797240993182352,0.7128186087391576,1
0.83918141817919,0.30902415497302793,0
0.0642718222689439,0.2699824168570233,1
0.5149922982707087,0.13274884452067826,0
0.0181589311535586,0.3958219450743665,1
0.8428969057773448,0.3309717290351598,0
0.36904759091641215,0.6174537974176355,1
0.5057001105655267,0.46880092269274387,0
0.4704411881304432,0.5707771096976636,1
0.8647545834995967,0.7092918756411659,0
0.06915703960107777,0.13075880812647966,1
0.9809302902732064,0.32231106724652736,0
0.09471404447460019,0.7619128501775817,1
0.6340028714997075,0.07754288854790592,0
0.7302129840318863,0.9445272408293715,1
0.9652658007918168,0.26404169325063154,0
0.039623237394951216,0.7731498831608319,1
0.36421644675417686,0.012640874055031448,0
0.40113569310454444,0.632109293520834,1
0.7672977441934399,0.5566227074759017,0
0.6790791273237241,0.8576724099853549,1
0.191230974656299,0.16179825309702955,0
0.11693498979704142,0.4195927332030268,1
0.967518492380279,0.7705654973452187,0
0.44473762350356627,0.6430827904391008,1
0.622694174289254,0.6386923996890309,0
0.299658050582124,0.9822541972293697,1
0.7692171432350444,0.36570668171075604,0
0.5030122503540873,0.659238502892531,1
0.7099746447597785,0.5474010479225413,0
0.3310199626604976,0.47666505311735996,1
0.6242156440926993,0.033974192048172314,0
0.15417026833850234,0.999503001337619,1
0.58233666940854,0.5307424414430174,0
0.5005297691599551,0.5495482105876296,1
0.9216942893272587,0.7392000035972146,0
0.02123511511227405,0.9589132765463123,1
0.9099576762178453,0.859219372721498,0
0.09586965391469993,0.30909554144177775,1
0.8387492492523111,0.3049188995218567,0
0.31021830349507873,0.45949074004896395,1
0.9022248342072359,0.23197152871593096,0
0.4454002038732414,0.8798600669467141,1
0.8176977751868135,0.535084959337737,0
0.09482411863621143,0.9146027731321105,1
0.8589804801073733,0.3099027680890577,0
0.15046441162667412,0.20749708601953043,1
0.5156405643302143,0.18289982585360653,0
0.277337614439212,0.8000494886385671,1
0.386273812652825,0.23255398815240957,0
0.6445796242604074,0.7959150602932908,1
0.9415336094307294,0.0022078896388015856,0
0.16778400139568028,0.2802896732948015,1
0.7839843915579275,0.6347824388415617,0
0.40276815590029336,0.7830477488313194,1
0.5848582873161271,0.302618614541028,0
0.3024847055369929,0.9099244670497102,1
0.23168410317598054,0.12612557722140494,0
0.4631033603585263,0.5904912457443526,1
0.6740228081809515,0.5685690258350837,0
0.028078375418136847,0.4648464611525822,1
0.46180026995256884,0.2860642027835828,0
0.15248800872241253,0.33873452902390866,1
0.608991977182814,0.1935032806574275,0
0.4610934012160156,0.6711991654004088,1
0.9256002103286575,0.15038187418305993,0
0.6033402674140954,0.8310053251558246,1
0.9720609562682166,0.6151606140223622,0
0.20596482753860146,0.8619138667484416,1
0.5911143919541461,0.028887231279699277,0
0.4448625370311,0.8998198313272369,1
0.9554213472915971,0.49197917947784464,0
0.2917108297287875,0.7057946523361474,1
0.9762590545821004,0.0024090649738192083,0
0.2825131507506451,0.3934737855127085,1
0.8745152410972976,0.3785677459687212,0
0.37893684979442943,0.8370992162427446,1
0.13699772924299258,0.09359375039528772,0
0.27202658035040994,0.8955399881464189,1
0.7539019576892919,0.79723869530204,0
0.049864107582496375,0.6369182358509429,1
0.7476471081639299,0.663468358434047,0
0.27101152204795975,0.9842627804919474,1
0.9154466383868257,0.24541293639785,0
0.29170945155990113,0.9662314743058532,1
0.7753746138384401,0.5886889927101158,0
0.2009802238001943,0.26153728132631915,1
0.4866204883247882,0.2932324056018738,0
0.3151266995876454,0.582758097857219,1
0.9432831609771374,0.8476157252578629,0
0.6041218132185227,0.7814826600004119,1
0.6853338589800532,0.0870160988929799,0
0.8349031925859186,0.9970553616200591,1
0.7687849804781619,0.6946052512054729,0
0.3323471822668477,0.7282006093053243,1
0.9908569345399204,0.8762418189139058,0
0.5713666499428761,0.7878836630496795,1
0.3242401755718135,0.16142169114155858,0
0.5576733861092139,0.7303927921419878,1
0.8261667343909789,0.4383481738067848,0
0.5176860454473866,0.5813663334037575,1
0.4260022677946155,0.41161040110298086,0
0.7370002610343815,0.8305844917584138,1
0.5845609801368061,0.26221940105854236,0
0.4376995463854281,0.49421698703058337,1
0.7859052045336389,0.7205923921655035,0
0.020725880656551676,0.7040905488201568,1
0.613703574631764,0.16704505757540578,0
0.6999913335681708,0.9054716469695012,1
0.42770306396201274,0.3529276156350344,0
0.41233982160643856,0.8214023555242124,1
0.7319851654066837,0.43058009917160756,0
0.49570409051682296,0.7307648405604987,1
0.9641961051795894,0.19425535754411238,0
0.08443151161678275,0.9293818830246614,1
0.6192132132294393,0.22675104733357054,0
0.2936833346486959,0.5423787129450309,1
0.4250843836541013,0.21261192462987655,0
0.12703353658987837,0.7286193120562027,1
0.9691524588920751,0.02353452147975621,0
0.2806383725954231,0.6687611161919135,1
0.10470042541753966,0.0912592830026211,0
0.16640500110735146,0.8650401207604365,1
0.736351189772476,0.3985024821344335,0
0.3756847445611857,0.5877917504941517,1
0.9732217641606761,0.22470638539666188,0
0.4137172666129685,0.8433491973256517,1
0.9008306879789147,0.7994014754561537,0
0.213989112784999,0.31703180108683027,1
0.5088235858526817,0.13086447730876294,0
0.44255482959210246,0.595509864907663,1
0.859940013177941,0.9403766619126044,0
0.4303082390304863,0.5476094647607245,1
0.6418278498380767,0.14912994232039167,0
0.5186398271330345,0.765279304865808,1
0.18881089353918878,0.021880700456790025,0
0.2710017049213449,0.48732673607616916,1
0.6020544969780655,0.19962728668926755,0
0.033588270125452624,0.21639194000211648,1
0.9243370002687067,0.383168187401296,0
0.31818208261437075,0.7153364601670433,1
0.6200200497467062,0.2132272258850294,0
0.08598806844808193,0.3498002270675822,1
0.9816363950887692,0.18263239044098012,0
0.29700478922956575,0.7852899591199101,1
0.9926950421589802,0.9235710954186687,0
0.2345015226250573,0.7325594227861747,1
0.9980596263187371,0.042839515794457106,0
0.012499602029225176,0.9233659494535911,1
0.7826727928979736,0.5909961649118366,0
0.07176461933061262,0.1580158661332972,1
0.5905274319464915,0.26828062334507785,0
0.48525597592546355,0.7288106964656011,1
0.49914633902910277,0.21861693191920462,0
0.3859649255306571,0.6030398956069428,1
0.3846953568128012,0.2523466851480949,0
0.15222628157280427,0.5782564009269394,1
0.6161731742498889,0.43634981525880345,0
0.11127774864841722,0.7806639903808607,1
0.7395189468744426,0.20409446722738933,0
0.3202878906261958,0.497977319390868,1
0.7883089365714723,0.25296729449200583,0
0.01804703018271514,0.07535418186212173,1
0.5474908868797346,0.33305524257645347,0
0.13424936542952082,0.8704425949442471,1
0.8853860945007338,0.5050454763449551,0
0.24803878804623392,0.3693901396660273,1
0.6639712296207732,0.6062524034303852,0
0.10047165113179812,0.4036185056285181,1
0.598673521433083,0.5458262954415981,0
0.690462769294077,0.9809375412186373,1
0.6989326010993577,0.2434890744168383,0
0.03230325703995229,0.4315718786231909,1
0.9205391987583063,0.033340974844366045,0
0.15148852408192193,0.22076376106824602,1
0.9010445688199891,0.566566291407201,0
0.05740221634110898,0.5923057718785935,1
0.8309106270056518,0.22429938833102236,0
0.5556927417549709,0.6207546490517771,1
0.4194313106613735,0.3543490788834014,0
0.059415117534199924,0.2207703762702692,1
0.6736370418940736,0.5855246031232746,0
0.2152015379241654,0.3596699662939207,1
0.8285360013780217,0.27240352331681916,0
0.3874367640297254,0.8661654213238298,1
0.6491505889405135,0.23606011882388578,0
0.02222006526835285,0.26837269318948254,1
0.4278641335988107,0.30421965791988803,0
0.1389971967174488,0.5225763373692206,1
0.6481026940146212,0.2719375908368741,0
0.5877170239778403,0.70593510841577,1
0.9387469521996928,0.16179568321409543,0
0.5152523257445054,0.654406620096961,1
0.5492555062218447,0.16065760229690418,0
0.3477365823963001,0.6400126490762388,1
0.8082158252098668,0.567532893057322,0
0.28531495119508155,0.3803046064556139,1
0.735411275673329,0.783526594059175,0
0.30159358391862323,0.9553725681866332,1
0.7888654328398335,0.21604335295910737,0
0.19580206227285946,0.3698885377169777,1
0.8215798686955257,0.108864671337913,0
0.4092626183832614,0.6427837311925122,1
0.9155685635910767,0.6511905424066506,0
0.4281184829668767,0.9859986997979812,1
0.2908105062748755,0.21294190911389088,0
0.14273544896733337,0.9923949180546707,1
0.7424230367233036,0.13236973552771103,0
0.24226135375377533,0.3787112153952781,1
0.4644507212908603,0.2814153751840055,0
0.48722303554479574,0.5954258653965043,1
0.3379164674744508,0.33173031843740797,0
0.4008067065295581,0.468475691665622,1
0.7258086694164048,0.1779784098446986,0
0.0508789738820935,0.26045801349986786,1
0.35071320327200173,0.007544270203525216,0
0.05259365315762643,0.9858572475565803,1
0.6933985528605363,0.5889012531363113,0
0.37157877711361487,0.5298244931857061,1
0.765493654978139,0.6479615119568002,0
0.3018714899072559,0.7152810641269403,1
0.2997821921461974,0.033727035769736013,0
0.6360849471344354,0.8696134377759156,1
0.8983785823066885,0.14720191627047552,0
0.0025021172992865104,0.0344139252528981,1
0.9024579263379928,0.1233823355825433,0
0.21716313869485804,0.8259804236574716,1
0.8250246317131594,0.46076780217250535,0
0.19141238475440503,0.6387196592049019,1
0.9514575952383205,0.9049776515376543,0
0.4196663535081794,0.5673356097275636,1
0.25586694192899284,0.24960628787799422,0
0.09865193692107577,0.19276859748825848,1
0.9312848408103512,0.43111680073981173,0
0.0017231758757249027,0.5496248366811441,1
0.704926226432921,0.08796805247778283,0
0.11643620285154177,0.3071911338997051,1
0.8162342110822123,0.46235242490197037,0
0.4394964089076171,0.8586363170710478,1
0.8004056012751908,0.40146762072552744,0
0.207538573784931,0.7601878848543839,1
0.5733727807017157,0.25515385270941504,0
0.4895004780149962,0.8139795449292928,1
0.8745070492260798,0.6980721963239864,0
0.1928818601207315,0.9245416170622195,1
0.7802478557332716,0.5495734782312831,0
0.48569543509722213,0.5292242597273416,1
0.978963714134341,0.28796827401261804,0
0.44736226734950035,0.5197550684302991,1
0.9894682667819992,0.11556170172733349,0
0.38324484543945014,0.606807409213036,1
0.6033038301733548,0.05976031061693465,0
0.36720690159433333,0.916068862779109,1
0.5780487217392395,0.5985922492221498,0
0.19076449427617292,0.48188804805754104,1
0.8361669441740845,0.7602792073258124,0
0.28045973010102965,0.32275288450358075,1
0.7247037700255732,0.057891656120156676,0
0.5228008525660954,0.9391357322052928,1
0.9196281081762281,0.8913900251820076,0
0.5813842829266316,0.9890173567026427,1
0.7276809836377428,0.48132764099201997,0
0.2819971757761567,0.8538773515954019,1
0.9111217237173208,0.5967928691426977,0
0.15775600312677585,0.1964686034165143,1
0.7716849681238898,0.2409982317321252,0
0.5492781674648757,0.8379693195761763,1
0.5936625270154725,0.1942200424898083,0
0.36243662124252174,0.7786420041270097,1
0.8172720199432573,0.20040532996119764,0
0.5916548656913962,0.803000020744183,1
0.7423145031554416,0.8095964235614591,0
0.24646569876037183,0.9954554056241911,1
0.8735945437853601,0.7942244773606981,0
0.5008766628791843,0.6880164644376748,1
0.5870259242574475,0.5005064725049113,0
0.261070869247243,0.39542699980112095,1
0.697743148812765,0.6647923024646646,0
0.004233102737619343,0.5459195543612245,1
0.6347641526190413,0.0647932827646499,0
0.06916356559752468,0.48204552279477697,1
0.3375497251591185,0.12613600158931826,0
0.22157034276443188,0.7820868682871653,1
0.4864410235995025,0.30166883310780424,0
0.2738322198758183,0.48384838972911026,1
0.7086861223620677,0.025598700156861276,0
0.32720070173397664,0.41505095861140284,1
0.7743776444533748,0.6937957398952329,0
0.3422782669001272,0.41155509251840094,1
0.6141237938380434,0.3683237268184084,0
0.14835430007389627,0.284738126453547,1
0.5819813331778548,0.5398002545239126,0
0.43232511946957963,0.9068629295873046,1
0.4121921004580401,0.3515365553783817,0
0.7793386596959967,0.9726377972335698,1
0.7722532913808406,0.627140042073745,0
0.34019150019107325,0.9315495688537719,1
0.5238606243429373,0.350571849909983,0
0.12834060353625798,0.8229455241705578,1
0.9473207424908011,0.4561934222039099,0
0.12660188853709953,0.5587149165975469,1
0.7320661914658144,0.5585811996431005,0
0.43838175040048,0.692524130696345,1
0.5991821678549655,0.024062576744519948,0
0.006703845687526799,0.35476371776861526,1
0.49196753548136396,0.3363719191653928,0
0.23414780242327682,0.7588667814268174,1
0.580317304943655,0.034108579336712075,0
0.1535393140437964,0.9881209698107164,1
0.7857142646995864,0.25055237376487305,0
0.1417047945845854,0.3747901618962337,1
0.4230475990167044,0.06843869246869005,0
0.23917501561128462,0.6805624377215176,1
0.6550578151087267,0.37503102248804443,0
0.4054536745070588,0.5392253196361773,1
0.40369012009011507,0.2807495477539729,0
0.16230823046710718,0.5825520269028389,1
0.8181881643814263,0.7500682265859094,0
0.07374541006456792,0.8394072163485141,1
0.988400925631784,0.6996593661524028,0
0.14975947243698562,0.20365708142329886,1
0.6567458007425465,0.031183984778147433,0
0.0984754217896946,0.7162066429469112,1
0.9869244315842631,0.625359236591576,0
0.3269255977042368,0.5311474378520064,1
0.9064403531518287,0.6755549005235822,0
0.0009968026025612975,0.8278845722634511,1
0.659361452743196,0.34349390896919063,0
0.5890211926850624,0.8038281937541446,1
0.6257683939145294,0.353783858023926,0
0.01889631068072206,0.8767923469200216,1
0.6761026020799633,0.600656585862111,0
0.3428464037899216,0.7094322747982308,1
0.7532375179564206,0.09308262511398491,0
0.3562718993556595,0.7182625964640927,1
0.6028731191936948,0.4966006395860332,0
0.5161999043818752,0.5803516265249665,1
0.9859320164261816,0.1765525291252099,0
0.7591929831269226,0.9335210238972218,1
0.6285814837774131,0.2136457188218398,0
0.04107926970735043,0.419749278633608,1
0.5203173474339817,0.28294218305952423,0
0.0981469578844264,0.6505525363451581,1
0.7206792599601052,0.625731293873194,0
0.0365581877425627,0.9544009911143123,1
0.4887174031558442,0.08640101376008014,0
0.13979998926740445,0.2690052753348128,1
0.7876678273273429,0.3900029123855895,0
0.1845990672255028,0.8053117460297844,1
0.5902549709343338,0.12381571828185589,0
0.0014237337435458741,0.32654860584543177,1
0.8671528279963281,0.8732216976540116,0
0.5126983908583342,0.6600497508797113,1
0.9600006936526827,0.4424680918812206,0
0.3516355202115986,0.41931447951924894,1
0.9359168635512832,0.6240151797617196,0
0.30313214595498406,0.9143276074987757,1
0.19969460701692876,0.01204908134047633,0
0.0572661050915384,0.8107209965713097,1
0.7597885104671063,0.39366436609464106,0
0.23183790450943198,0.2833712008132866,1
0.8950902479695525,0.25087834292691236,0
0.22718150140503934,0.31303996472544715,1
0.2642042203010375,0.161807772299981,0
0.07923363880690748,0.3454120597777839,1
0.5298200032989364,0.38354038375567445,0
0.45930139156212146,0.9476291835519968,1
0.8163703929566756,0.4169762619051871,0
0.42399801913966895,0.7121178368028382,1
0.27832179108750044,0.24817005196052544,0
0.10411346571775282,0.39178399580222945,1
0.6855156918587323,0.6382071020051393,0
0.12009146852980579,0.9923705811669866,1
0.9938254601896558,0.12214074816146792,0
0.04467759566100282,0.3358080293193919,1
0.44665088661614016,0.20372760217925712,0
0.24348442429416117,0.5066327668722762,1
0.6772956782897963,0.035759373207115974,0
0.02723410766102563,0.9339377185383116,1
0.9206630496206588,0.6653069943317819,0
0.12070875192659936,0.4551803891377971,1
0.476452382004095,0.35838354029986463,0
0.01548042640660896,0.7455072006137975,1
0.9067848234595227,0.9902987060515407,0
0.1674327985434676,0.9006635269721567,1
0.6015414514070888,0.5707089287333458,0
0.5694837704564075,0.6729418507015208,1
0.551994348503493,0.29924097513397496,0
0.12525504191588355,0.1362282350286329,1
0.5722442131743145,0.57249078963396,0
0.16181342712447777,0.4545774134728098,1
0.3728072209929737,0.2348784534617674,0
0.38591562986821115,0.6638623974237278,1
0.9242375208900662,0.9919863507123085,0
0.13327354547166648,0.2032736209888727,1
0.5290992777968317,0.0030447562930762118,0
0.14929674379259272,0.4446285576026574,1
0.9671626283796985,0.1055518641290385,0
0.002008320093122129,0.278444641030662,1
0.9846840286581682,0.9293119324511848,0
0.022882664054792667,0.06425837475403529,1
0.7368054205605253,0.579983859417471,0
0.21030491681457897,0.9633757031020774,1
0.8823526524900677,0.9039359246271013,0
0.17653681723033865,0.2341912416805373,1
0.3224816963428869,0.11749151035548644,0
0.6164455739907636,0.7997439027996363,1
0.5765994191400103,0.4551674636933777,0
0.3124174220395428,0.5493521340321222,1
0.5028257952778433,0.14834229049553604,0
0.27703163407434084,0.771209630137672,1
0.6113227496307069,0.648452025220548,0
0.23168940556788187,0.8710849245788563,1
0.5173592850519398,0.019873612422435905,0
0.011751072256620532,0.05476788787947895,1
0.8038772604385184,0.059406769354876654,0
0.7559158116518137,0.9866372980029573,1
0.7420825398325048,0.24232793814013898,0
0.12613633809279112,0.14221981775752457,1
0.2539318655380681,0.057786719377569296,0
0.017526774345228757,0.18708238989857406,1
0.8557866187056903,0.7905569719569067,0
0.17254085481815584,0.6661984338764809,1
0.45992698606369986,0.33070609637440385,0
0.4476576575549074,0.8683393089946058,1
0.5295726707798563,0.005724295225557285,0
0.08545198195719017,0.29630630941618963,1
0.39796148974839074,0.11047760448773558,0
0.7931757323180187,0.9622798302424925,1
0.6695749519963476,0.5380187113455489,0
0.26366108988155545,0.4369776353519157,1
0.7636159120748528,0.1531239978435761,0
0.5944196859949554,0.6637601858279191,1
0.6271806025811046,0.47171594858893584,0
0.5767788502660584,0.9659653113918064,1
0.35239699175012407,0.12288555110877974,0
0.35415078140714573,0.7794701245046411,1
0.53521210366713,0.017770039460300757,0
0.32718892249241116,0.5586828485437275,1
0.5722008952622246,0.09850398527980864,0
0.43107002271126316,0.9826775945328317,1
0.6879193118235164,0.29308264027935416,0
0.2017261114726533,0.2703750529636575,1
0.5953303962903596,0.3065618621642505,0
0.37638086243181534,0.7505582192536049,1
0.17323478429028683,0.0478171901379143,0
0.13718119314570176,0.4931087742443363,1
0.8438982291850881,0.8732717440135691,0
0.30359545594306725,0.5135760300863532,1
0.7527077906086013,0.6379621846539567,0
0.2306354886910621,0.999398999742249,1
0.53370904981373,0.2357650707472173,0
0.010558599590888895,0.9127051418542506,1
0.8838694664744697,0.8755978612376503,0
0.44582224729002773,0.7367476885528457,1
0.9211366377540842,0.32977999182001805,0
0.13351070200919257,0.40520820082301723,1
0.4055847767682511,0.3246703645369057,0
0.13475216604841422,0.20907504461144022,1
0.5781478919753059,0.034407435148889,0
0.28650727819403665,0.5918870049078034,1
0.5249204552168714,0.17997399424552518,0
0.028380912087319077,0.20829803222719923,1
0.6216735596317389,0.5559330750784338,0
0.2486275847236865,0.850363861351013,1
0.3444077603253083,0.006814248141527313,0
0.07243758459996852,0.23219058900383205,1
0.6379257860792035,0.17689814240988344,0
0.28582316965941146,0.34960506813625425,1
0.19060155503149545,0.16154855796385592,0
0.2796603684857052,0.9996509196088466,1
0.6915756483452405,0.29388309686157343,0
0.5221167161909256,0.7726945125163645,1
0.8717747637810999,0.7788323874764501,0
0.5411843823931819,0.6101188771084943,1
0.6770472584090409,0.03778991544175647,0
0.4570067180190063,0.8901448992485664,1
0.7481137899211002,0.7046851014834881,0
0.07694683171952488,0.6049498329643123,1
0.6528666150638033,0.21397652233075892,0
0.6753554185283583,0.8921018405848062,1
0.7699774343962539,0.48799536170812563,0
0.1993170270663649,0.8722238975259611,1
0.6830829248447701,0.21941773338660064,0
0.050189300281856974,0.9607932275004728,1
0.43996529807981133,0.3465258091406205,0
0.6703107021347513,0.8979883284842106,1
0.5543205213508621,0.24922701059299435,0
0.36114608352838096,0.8326182795198573,1
0.6705518345198962,0.5803069804800556,0
0.22608213301912594,0.8323866698602724,1
0.9777041788506381,0.35579385480021053,0
0.4551401946835242,0.6018120429782688,1
0.8423203221300095,0.524405776798389,0
0.3488011655216289,0.9926707679054806,1
0.5000574464846284,0.3152861468228928,0
0.1710407605277603,0.1995701124620225,1
0.19997854464791753,0.11360878281506315,0
0.010440296049616271,0.7950767972318515,1
0.22447363661576358,0.09215406578439223,0
0.18189841330506085,0.9020124782727197,1
0.7980530108831324,0.5020736709439934,0
0.20750256958968727,0.5146287013183258,1
0.7645555167329657,0.7865179448083774,0
0.17958772764039022,0.9635903102778883,1
0.7715086019221674,0.7480722560288354,0
0.020981042810259365,0.23344134635421032,1
0.7062530561902409,0.20349023805908617,0
0.5903172567798978,0.974434894504395,1
0.7187463618483108,0.10466400398208964,0
0.20328330141675388,0.6530460999796971,1
0.31677442246140075,0.06430731672541956,0
0.09682051949816795,0.559773270123031,1
0.559173743664953,0.10108699937298615,0
0.2160327293633344,0.7543715056975999,1
0.4527238494614373,0.03049839195953985,0
0.18191168960556559,0.38901401398059665,1
0.4924135868101992,0.3586795103560093,0
0.07583427581610691,0.9399335397937668,1
0.6383669144341754,0.6366358918911671,0
0.14294636380882875,0.939988516572781,1
0.3754317000292634,0.015691646808461912,0
0.08333037418624434,0.5971106352358911,1
0.7931841175933351,0.2731277544137668,0
0.2830706380286443,0.5554459522987288,1
0.4075098897466648,0.2520819432382778,0
0.4811923378879186,0.6062752522724744,1
0.5222455924071976,0.2747048467185603,0
0.27302262216724915,0.9222906751458759,1
0.3821089022865345,0.09709509280841988,0
0.130652629057048,0.3451073504144604,1
0.8843408331003881,0.8016683386774976,0
0.05905681998094292,0.18331535936256527,1
0.9520640124557955,0.7313324258823649,0
0.22029674055687032,0.5330563527769755,1
0.6361746926351574,0.0033494973177549126,0
0.01037399303903741,0.9534698382934791,1
0.9137299826177249,0.9197170532779463,0
0.32949338266779304,0.5956073741303408,1
0.8287838517092295,0.8399999365497246,0
0.30951091868461666,0.7201476350662486,1
0.7453608956773533,0.1859714565773386,0
0.09709095053581829,0.9742628097135978,1
0.7894374038861578,0.7147327078743144,0
0.23053651881275183,0.8964980141916626,1
0.9934108512862706,0.10372718100735745,0
0.46985081083333324,0.6639167895868249,1
0.36698923330182665,0.14458779310904157,0
0.5262036893422756,0.8592873155851637,1
0.8277201134201542,0.15318523174678522,0
0.14957963023795529,0.24144505808328798,1
0.9424274356635242,0.9713929896258666,0
0.08947816017633892,0.927483290316846,1
0.5251532053839089,0.5067202772304719,0
0.3637724539444811,0.9838959868475259,1
0.5936204918027992,0.609891431265206,0
0.06361605929875169,0.9815453613287008,1
0.5629492823503355,0.20284574449403936,0
0.21144618935813397,0.9127849206060771,1
0.7695087910890126,0.13287264103191931,0
0.5552458690110218,0.7824547259310883,1
0.760558893149365,0.025296968735009195,0
0.3213074096331544,0.7636189107359204,1
0.9839821307367406,0.19591338388682367,0
0.34102482732865635,0.5473207330260131,1
0.8466528624539154,0.7832666684232389,0
0.42250759941394234,0.7536499370389972,1
0.40996153586917305,0.30961709829295925,0
0.1619649562389619,0.35998198799960235,1
0.6116906986956825,0.2526982085196675,0
0.22474781346944772,0.45289112071611337,1
0.6160230121894262,0.2797186441851375,0
0.07041765347031326,0.18609475339049197,1
0.5226034017606795,0.4748014200161518,0
0.24277638585623296,0.683784667898411,1
0.4400929861111791,0.033518032475822745,0
0.16490910090171285,0.9450497300372837,1
0.6606196838519017,0.6328704193369088,0
0.4488700064255243,0.6405912217897191,1
0.8281181280727938,0.15119426168790795,0
0.536398576071923,0.7147505653392195,1
0.46089503844417845,0.010484738128990423,0
0.032811600875769176,0.22879529554679623,1
0.9351779587008985,0.7169901953076628,0
0.22448241820403536,0.7472350785619998,1
0.7400790616712668,0.661527131808346,0
0.43564938735579284,0.9497885124535487,1
0.34378994008722474,0.206244843361026,0
0.2377265894765903,0.5894013961348327,1
0.7745682560790773,0.14599872469103603,0
0.35810842903860185,0.5396170966763307,1
0.781715666386889,0.10973329334620618,0
0.12657381871199314,0.8183803151021866,1
0.9151314176647513,0.9978616209202193,0
0.023280994905953145,0.6768392831329169,1
0.7597474802947772,0.2313610745418534,0
0.05109452760441535,0.42177162258386847,1
0.9920054269725287,0.7521587913058853,0
0.19248773804339292,0.7946610416422405,1
0.4443682764171857,0.432872441948418,0
0.5228210136130879,0.7875846737452292,1
0.9181063411399116,0.5818484432392108,0
0.6214195791067993,0.783409878638696,1
0.4667326405557033,0.12108441623881983,0
0.09583570827512755,0.8622105637643508,1
0.5280219325284382,0.2753191882953089,0
0.38376206337764784,0.924919926478519,1
0.3861452735076607,0.296186968733109,0
0.22725097039956632,0.6284242199483125,1
0.752446767807106,0.36346152670023546,0
0.03972338820890009,0.6615329544200537,1
0.7904764623388776,0.021224763684304482,0
0.000815900121695079,0.9317031154459348,1
0.7695420690454453,0.2371161294294305,0
0.7521095181977732,0.8599349241368339,1
0.6934959834160451,0.11093780548302645,0
0.7377589044287378,0.8483718844238023,1
0.6430522246274102,0.6849790186670397,0
0.29049612710360995,0.6916982781388977,1
0.6681234681719559,0.03193396525092651,0
0.05025165019558764,0.05286206845658925,1
0.9732723491403733,0.3459325568366546,0
0.4120716613969053,0.7620788356628977,1
0.7046490277637554,0.10801941797961279,0
0.48266330671916047,0.6054701993744307,1
0.8480587444756204,0.369766943343109,0
0.408685801848377,0.939702781595396,1
0.7332353007258607,0.1193876803371624,0
0.7388112623960783,0.8849856857055078,1
0.848029828879747,0.40635429698667813,0
0.3626632115338394,0.7437798222039946,1
0.8717691902167513,0.09817161244802086,0
0.5713108160447287,0.9817326420206818,1
0.9199034373955609,0.8983176321760842,0
0.7203453655943632,0.8825863650572607,1
0.9400948457253399,0.6100370060065725,0
0.4122973889854572,0.4303035849722616,1
0.49625862904426676,0.1364103581252345,0
0.014549254777506793,0.8449866953069078,1
0.3027066962966335,0.2079837617619762,0
0.018593476826753608,0.9549924934872229,1
0.2164009971976214,0.20515427129332375,0
0.3999960270579336,0.8298308080565587,1
0.5384552469858013,0.13948214715433405,0
0.06647325831539441,0.247765660415737,1
0.8786919570653057,0.3336565756824902,0
0.449234861190445,0.5354934017990888,1
0.5663963747271852,0.5981682594694906,0
0.14895170636719324,0.7751322125937081,1
0.7939069979649267,0.8575317032612841,0
0.0327711192679887,0.9300944640601766,1
0.5372782132789548,0.11347559873391877,0
0.29984150781931984,0.6216569637228124,1
0.8067392873041721,0.8257410890505928,0
0.45962761913658245,0.58639059726825,1
0.7458901750949104,0.07721715038615085,0
0.45001718416863234,0.5566649461004366,1
0.4692939686072545,0.33475840887264896,0
0.6693842785316372,0.8304250978553265,1
0.531616180005741,0.5033504121694892,0
0.43505021416700274,0.9615260158245353,1
0.7645266827172158,0.40585399120700094,0
0.05240806528133746,0.43044410089445095,1
0.7812795383563381,0.5967215731133118,0
0.05458509605980644,0.17530174806810694,1
0.5520534556018988,0.124563929780937,0
0.5833056709813887,0.7768020149775574,1
0.8194886351179558,0.35500290760058706,0
0.18329077240841962,0.5989426136795917,1
0.629907104311501,0.6669000639834842,0
0.05984735012952613,0.8009231710438298,1
0.7791964251795134,0.40876023677459794,0
0.6216655429984295,0.7992993751344192,1
0.49973143134069087,0.4965495454672677,0
0.12827530980322233,0.5938878378160438,1
0.2679437285260229,0.10098104056349033,0
0.3680490467231574,0.5109398506242708,1
0.9555153303647944,0.21618987775688392,0
0.5103152184027554,0.6384798975790337,1
0.9741463187317668,0.7482162823101143,0
0.7387929818205932,0.896197641521494,1
0.7380206256111457,0.12076329791315898,0
0.29645065630535306,0.7855469557348871,1
0.7189280578460974,0.2769374742070634,0
0.25652126857927915,0.886611858512738,1
0.6998675122406854,0.05136141033901964,0
0.2745231716314833,0.6163581735016671,1
0.8321620232096449,0.12123684148548364,0
0.3121857671208158,0.5770968828082667,1
0.7354043852762484,0.3021538829176623,0
0.016046061241856147,0.11586831547474696,1
0.9544514835734856,0.9528828994323064,0
0.02728664835382366,0.1282000812188484,1
0.5506991159238703,0.43631113036230196,0
0.5899375641792884,0.7767724158139343,1
0.968661216916986,0.8918773773388956,0
0.36246486672877587,0.9856480118000097,1
0.5217452047243152,0.19833775891052863,0
0.30456886604033684,0.8555021414573215,1
0.576252722297848,0.519178669099174,0
0.31689362599135695,0.5628525533475851,1
0.31772620650655725,0.062357115626656134,0
0.19568132795875726,0.8950711413368498,1
0.21954839833185968,0.015181175940229386,0
0.5489121935161393,0.8298998230432589,1
0.7711919066895702,0.27857771151373345,0
0.5555081069960569,0.9425189703728492,1
0.9641984779678925,0.9083571792421582,0
0.0347888178603839,0.7617055762278977,1
0.36702210255581635,0.06760301427187565,0
0.14070347427418095,0.5117910119128141,1
0.5687087779933555,0.5287410378776477,0
0.07967919935135404,0.3555033970649736,1
0.7746606562542752,0.883694483358223,0
0.4858641043281873,0.8713381915297791,1
0.8513477130615259,0.5859640038326863,0
0.09845142304984067,0.31893945251515343,1
0.37147258935057736,0.3066084908505119,0
0.3233363767667684,0.8585798309882163,1
0.10579356037047372,0.10483808544654782,0
0.6787948403628756,0.8732243510974738,1
0.7219106768215153,0.19676056022389954,0
0.0022204635816017726,0.4661026582016822,1
0.9685936872115094,0.3637228481109622,0
0.31363806445166964,0.8340131270218212,1
0.9465568472299254,0.4309663136050318,0
0.18522125621469965,0.8939571829606626,1
0.9339424058808189,0.377172934341069,0
0.5625796840363749,0.7307496516597165,1
0.9341079426389608,0.5691832313522753,0
0.06912992388961836,0.21741055039957413,1
0.39066157488891573,0.007013911283755059,0
0.3914687311122902,0.5992069376179437,1
0.4653340579799161,0.31774159648556166,0
0.6331410625820938,0.8984125262778787,1
0.43051269329806197,0.18424342181286868,0
0.3542297150004473,0.4248029813456019,1
0.8629959852331592,0.8099809403366264,0
0.2174482437493076,0.8224182350370072,1
0.30692492585575837,0.3091922378691717,0
0.24645439243264344,0.6877882995201456,1
0.08221003766978607,0.046156819508142655,0
0.20197165349250978,0.6889588760535635,1
0.872451157686698,0.6366967220780532,0
0.02399937858871848,0.6811188742258357,1
0.8132920878230613,0.3791670790959255,0
0.1459641374038636,0.9596128773604259,1
0.22054419264174774,0.08221011714532489,0
0.12514493467643262,0.8234631871098578,1
0.9491624332243564,0.1144725053244201,0
0.07448547446198384,0.8825058963360003,1
0.9468921432839883,0.18005406264881174,0
0.6088699582239016,0.6705530391609923,1
0.8311178421962543,0.29128722310890653,0
0.3005989865227323,0.9082339172551779,1
0.1473932804624194,0.10974322337567721,0
0.3960727343187149,0.799711075620903,1
0.808107822612394,0.05035521915070318,0
0.8054317253272505,0.9839202891174362,1
0.992271283727836,0.7012413713822635,0
0.6807420362613146,0.8806226701413364,1
0.4294047462972207,0.32115431539646166,0
0.47646294111999254,0.9286218266430952,1
0.8438667775920184,0.73811931269473,0
0.16259186147901972,0.47090786475487023,1
0.8162581660133652,0.3564250165303974,0
0.5969857611765613,0.7774339183635924,1
0.3951107121135864,0.32733688220523205,0
0.18276707855262198,0.9314057446218887,1
0.5423568914349527,0.03903668439096397,0
0.2530915474381068,0.6031490493587961,1
0.5308866245882519,0.48842471653775343,0
0.5723651688003257,0.9031412473979044,1
0.8607356404067871,0.06556875950694097,0
0.30151818686464715,0.8432658855503582,1
0.5066186995787225,0.5220834391107899,0
0.16436985371153057,0.8282236131991182,1
0.6414750400395661,0.2460532686647564,0
0.6720509359607035,0.7546998925401397,1
0.702239323470406,0.04135920374131441,0
0.575564623786622,0.656998014689556,1
0.6496672995249236,0.013718915628250117,0
0.0428288937273571,0.8538527950830951,1
0.9982731631597809,0.8589427475598564,0
0.5466935080202688,0.6312230605775175,1
0.399971751869037,0.07416204519612746,0
0.4573888746404676,0.8500839601608914,1
0.7384416613010841,0.3683839873409135,0
0.15948175067470272,0.3766454753140477,1
0.8892479014173246,0.9339559631395694,0
0.5104818583374968,0.5698275257323786,1
0.6750685838468742,0.7179074330967713,0
0.33985185130295625,0.6126160133637332,1
0.9502511260548951,0.19301081606979387,0
0.5312210310808664,0.8680574972547018,1
0.9693211177180401,0.9257141197629483,0
0.14278145391254315,0.6664061113311279,1
0.09459162086373962,0.0029915119371932697,0
0.36391856024004343,0.7560303684981733,1
0.8062494611296168,0.14631303424329622,0
0.6138373272231918,0.8059898018994631,1
0.6602915928172594,0.4084758099753951,0
0.5987447598153078,0.6425577823804745,1
0.9333689109092168,0.6805753557259069,0
0.2704516810937304,0.8339234900175813,1
0.4640706562835971,0.38620976191807066,0
0.12709019460431192,0.5001187760542131,1
0.6983859621582728,0.2833557376829844,0
0.8024392554271466,0.9714179961480952,1
0.6269180481149834,0.5541478194885807,0
0.19692068762677006,0.35867047558279563,1
0.8123286019767099,0.13863019328889514,0
0.09823900046839185,0.15254755752514126,1
0.5764598508555839,0.22700987310045273,0
0.44490066725570776,0.6672826973360405,1
0.5487026574016471,0.08091070223617702,0
0.029893200546147525,0.5868588502167681,1
0.057015599953916696,0.02075989132841538,0
0.00201084967588816,0.21144301200246074,1
0.7854683628871411,0.4094362200463083,0
0.4935382474747696,0.525963943759599,1
0.8812193373225162,0.2786895406280774,0
0.006347217895847801,0.6904802840454202,1
0.5336026366051952,0.25982907929612054,0
0.7400584007631655,0.8966469298606222,1
0.8818668409164373,0.7806900902747618,0
0.20594909920450233,0.8756535234756896,1
0.9868687558072464,0.31451608817548427,0
0.4036567454142189,0.6444710429083204,1
0.8618204681456535,0.028908781535327166,0
0.5094221585555198,0.5718654577608481,1
0.9498371384297952,0.4352886078096043,0
0.05020390231072902,0.8958684452868375,1
0.6679364642801706,0.06999502349166209,0
0.3466337265441095,0.6244056868449435,1
0.7738154796987348,0.8097849098071511,0
0.34193879034951646,0.4138481544947221,1
0.40187374163641354,0.27379900065397766,0
0.1617657344437614,0.585198866315488,1
0.4874762261584351,0.06974782070799546,0
0.3392840691351777,0.9473767257433715,1
0.2874215276270389,0.09870459761133221,0
0.08165988770066357,0.6942229382586587,1
0.6865161494178532,0.40765572895401037,0
0.31621320827991695,0.815873790212933,1
0.9125590087316022,0.18527289552557258,0
0.6025740640502856,0.7778283516865548,1
0.8597254029855105,0.693045798296475,0
0.16210747632566136,0.33152586184169375,1
0.7340010223570882,0.8061199859304841,0
0.05341412541419477,0.7621424525801122,1
0.6602007975254603,0.2584761873637458,0
0.0176681316372842,0.3440952773300795,1
0.4876725437041801,0.19007650743879012,0
0.10726526651567048,0.12967260260478775,1
0.8520760746206547,0.671054483092227,0
0.07090586599273441,0.9414766780950551,1
0.5840913142447138,0.15849917590606344,0
0.7682359775538767,0.9283943548329352,1
0.17664176581172786,0.1467212930015782,0
0.39585172911546196,0.47946651386656347,1
0.48840478418813904,0.41479871557423065,0
0.0899661353818586,0.7990964008150244,1
0.7287564075286316,0.7208844834732517,0
0.26000606617861777,0.4697058804154589,1
0.5562684494519674,0.4644381402230007,0
0.4270642084799813,0.6203681011960132,1
0.22978045056904195,0.1156587866991079,0
0.2747033466858728,0.4618911325260673,1
0.7997328035022236,0.4651278968360799,0
0.3749118631531865,0.7135209595902279,1
0.8580231004068236,0.6401213777234811,0
0.6910660054733692,0.833512275983964,1
0.8920272062657159,0.578900194673683,0
0.0888189438193292,0.32992981616413497,1
0.8652917809862418,0.20345127069491842,0
0.3638168795629476,0.7770379924704117,1
0.3427805142094168,0.19289847392446935,0
0.34567592659502355,0.4427163467269264,1
0.3982596112415807,0.1056110183814073,0
0.29011695984860075,0.3776961589678386,1
0.33454442859967637,0.05755044452927671,0
0.2340104998231315,0.8035269914786194,1
0.8276547566580625,0.8442235732490728,0
0.6416820542600667,0.8641081753970278,1
0.6743825545963514,0.2995310695336032,0
0.24454742831659027,0.5752218756010286,1
0.4495364780458636,0.18181261441896002,0
0.08580368903985303,0.8294561169450407,1
0.3818024929446069,0.04982990149688127,0
0.6644573148011771,0.9143593008243559,1
0.20954730602889193,0.12267333289471616,0
0.3089613299148024,0.9858948980503133,1
0.5464562910623,0.3132584901040172,0
0.2897069225497291,0.5300683241191882,1
0.9067075750109221,0.27073516395624975,0
0.5093811270395794,0.5376263843938499,1
0.8805041300038463,0.4006370418837154,0
0.4512594010643698,0.8654960553697558,1
0.9144449096503283,0.22518550992080577,0
0.6846744445940333,0.7948279496955295,1
0.5811143610344953,0.3961882574499116,0
0.09533639446678677,0.2505713856427281,1
0.2927919477071622,0.05939214635918455,0
0.05805799184083138,0.18832160824190847,1
0.8436724403432532,0.6518613384002282,0
0.7310495366273464,0.9119692651796834,1
0.7710358155389928,0.2770831901516143,0
0.6720018639966014,0.7988486968007983,1
0.6743935031685035,0.43331720654473493,0
0.006535203431684344,0.5868364768303994,1
0.570586602675486,0.5578067220819115,0
0.5018793181061347,0.5983745298037166,1
0.2683490316278285,0.05903502035467745,0
0.14850214920275884,0.4992923950450654,1
0.5049940856154623,0.3962084184035283,0
0.0940895032993897,0.2370573552510965,1
0.3793866559477056,0.022633753539035184,0
0.40695239367074376,0.7962773645622802,1
0.6793293826415983,0.09906151264060215,0
0.6023230195679709,0.8530402034723686,1
0.6730562456888743,0.6151197900331703,0
0.43110827998593226,0.7232253054552517,1
0.4588812209643153,0.01814166603169165,0
0.40754700904485963,0.5782628572425975,1
0.9666676589751286,0.674053518151958,0
0.389433987006101,0.9556692052529732,1
0.9124261051540442,0.48614594796879007,0
0.489193909660409,0.7701805323893903,1
0.8328424457392462,0.8238761880495536,0
0.37717167093222326,0.7920225603039918,1
0.9385443844336123,0.97764939136082,0
0.27030710415625503,0.8987314148361819,1
0.6061529585170887,0.14390153682773998,0
0.2051109678366816,0.4435866555949983,1
0.8917053452435567,0.5653553814764715,0
0.16270144094693395,0.5626073365878282,1
0.7592407158426007,0.10197518256159577,0
0.08952846261990655,0.7663218996733869,1
0.6488794696103897,0.394540402961135,0
0.5006905889948137,0.7078046467605222,1
0.9879402248409279,0.6677434108815405,0
0.024498111319057547,0.5971413845860722,1
0.8400437888981231,0.3674900334205805,0
0.3533157322154675,0.6131446183213517,1
0.7336209290694403,0.4489970583215752,0
0.09722646935461299,0.9846108362927004,1
0.44313745563124873,0.1498544497502381,0
0.6899061219775819,0.825032654721549,1
0.8181405056677968,0.5141567031067933,0
0.016327057653285015,0.36609128608795294,1
0.6524509613423675,0.3819142072984607,0
0.09976750318687122,0.40661126670084347,1
0.7207400146113249,0.6673923603662288,0
0.13460669228630318,0.35860665729158414,1
0.8242594401083565,0.5497710907699097,0
0.10225611528374079,0.9254415787566815,1
0.94099513421381,0.6780379867974724,0
0.22628540101792194,0.2996869985176642,1
0.9787560267191506,0.8546595800674116,0
0.3973890967439039,0.9697367272827674,1
0.8511930913069309,0.13094425559973144,0
0.13454600971319008,0.37139065494778034,1
0.8487772269103121,0.12717573558390405,0
0.0024846163394675047,0.33291754632238835,1
0.6443337971504765,0.42322927075865735,0
0.35117211063865095,0.6944568424517196,1
0.8345613456384041,0.2479044442065481,0
0.41651894170369375,0.5785282853232478,1
0.5560737672049464,0.16577271231340296,0
0.005700467482335325,0.5029974390074456,1
0.7446607418029416,0.10142809280131504,0
0.45394521738802884,0.4875701417830707,1
0.26485451981248354,0.08502521950476616,0
0.5021349542844983,0.8850089405653339,1
0.6651538529723751,0.5619477609042227,0
0.099364615746102,0.634035075573435,1
0.8189094943966725,0.5386622626300261,0
0.2432285233491257,0.5651479820655216,1
0.1447556845745671,0.10501239130955553,0
0.47371456611131413,0.5225938646057869,1
0.6571107935596439,0.14457264237824274,0
0.1340468325909956,0.7306272810101807,1
0.9047091588500858,0.6647942066900819,0
0.6238987797353897,0.892335210256398,1
0.1493890044299847,0.04366994981576611,0
0.5795326764013999,0.8092380210975411,1
0.9285567813404901,0.32874207083325824,0
0.15589071682746836,0.6343606831834638,1
0.3693759960321251,0.054975234150112184,0
0.14495539793439038,0.8832270656710539,1
0.7560508699767238,0.1829055120966645,0
0.5066731028970403,0.938489445546642,1
0.629132232189036,0.49402533235206925,0
0.35047541860955533,0.7007025453950888,1
0.9659219951352233,0.5044265592855565,0
0.30195263310327136,0.7252080802565603,1
0.6950063840177231,0.23978630355692898,0
0.6086494020264772,0.9219753455516514,1
0.7473351287857616,0.4509835024959863,0
0.5024922991400055,0.7846763663876882,1
0.9805768039869969,0.15470932839787765,0
0.20825606792892015,0.9330551914304391,1
0.9201694505635042,0.9481380494861665,0
0.4245669585866304,0.9952307891119746,1
0.27631922488202865,0.19128973529106252,0
0.1508756762102813,0.780606517261451,1
0.7803020967661392,0.07725569030348922,0
0.3207820821386621,0.8089825815706927,1
0.5885933625777596,0.2789289658330575,0
0.18362896748951207,0.4056159616179551,1
0.8892963101562158,0.5210702554389458,0
0.38371098605915954,0.8648142788864431,1
0.9547797399797089,0.4233566939128326,0
0.0022164610687180897,0.32418628176806297,1
0.5624131497186637,0.21826350056707888,0
0.007444144040856693,0.4973259035723244,1
0.1265700490644811,0.05957578494864224,0
0.7159566484006854,0.8617159873377845,1
0.34344431630947747,0.19053693863483334,0
0.2426675491165734,0.42178331052535323,1
0.6248503319072494,0.11227590722494185,0
0.6104122435005064,0.9763014355325282,1
0.7482760297581147,0.5251291425998723,0
0.061994890398693325,0.546331551410932,1
0.9134059471575372,0.45727848546043204,0
0.14387293161090908,0.31803137362591616,1
0.9946417280145081,0.11323422334865352,0
0.21915130212204537,0.2928120764040605,1
0.6703412638061038,0.3933566388046845,0
0.5972044974686008,0.7399265996101385,1
0.8005923018868407,0.7803076650442511,0
0.31696068491308715,0.6859168630652054,1
0.3029986443755618,0.16221734408127864,0
0.49729730901397196,0.9254246064030189,1
0.4015270570420534,0.39620880074916043,0
0.04539495684916983,0.35557865499582486,1
0.7263770215639161,0.566322382156451,0
0.38273658265969546,0.5849876731462912,1
0.8555836714142824,0.6332550107680148,0
0.025782805482691518,0.974010988744194,1
0.7096038388081114,0.14260333951268667,0
0.6407129900145271,0.7415808282894982,1
0.9214617129318975,0.11035496545050816,0
0.4450048949933636,0.5240406373416658,1
0.20028942856090193,0.1829025039724954,0
0.5357971170398594,0.9454423058043693,1
0.7757713439702147,0.27242152885004844,0
0.035229959195677174,0.3105241437320092,1
0.37245111652801377,0.19843806987169488,0
0.020039641046252776,0.5111833974847902,1
0.7345937585625957,0.026091539088488824,0
0.0934654997444847,0.3641741220084367,1
0.7315588663901179,0.5261574194461595,0
0.4199412609170742,0.8904025021770315,1
0.835123154618527,0.6512835841536776,0
0.4739213788084222,0.7913096167957614,1
0.5871829349134471,0.4560168489446922,0
0.30652587384033647,0.570595124958476,1
0.9791814006300174,0.9376160155037567,0
0.06220412680089937,0.8666352238327274,1
0.8095462511265996,0.7621605906216797,0
0.006118619205446207,0.6201373426855752,1
0.8931320071019795,0.8193882285912266,0
0.12192515997863562,0.5686677976183458,1
0.6793070493389429,0.5041289779672357,0
0.7727024354491315,0.8995910510050112,1
0.9372471675985602,0.5192706576361028,0
0.06512203977173248,0.9651342788716554,1
0.9256608217452584,0.7732693674064118,0
0.42734334976655486,0.9858289459643249,1
0.9818474990876591,0.8174868918767139,0
0.4316732279874571,0.7697827246508977,1
0.9051255271756456,0.3671319418390977,0
0.2802238582082266,0.7207252166096005,1
0.739141800352705,0.39288329155714397,0
0.01797444292409367,0.9724701320368788,1
0.632188596134115,0.5377486575565478,0
0.2307484452872508,0.7580046088383046,1
0.698705685639647,0.28444219546372385,0
0.6212453964988106,0.8795086792126521,1
0.7600742165574048,0.7739904711883824,0
0.37606681662130714,0.7118597034845594,1
0.8426789443121472,0.48509991246337536,0
0.3955276880020364,0.4728257609977611,1
0.8406622858473505,0.4650868610759633,0
0.4628481303921198,0.9887364892995714,1
0.6506620784117546,0.1792144474976901,0
0.21683227861357612,0.7473352951666243,1
0.5014019522265979,0.08509340750933114,0
0.3341914881046988,0.6987808247899517,1
0.8785008125540388,0.7210416767095946,0
0.06567748333459966,0.4797340865019898,1
0.39912216537586864,0.08573151859544204,0
0.15459324655846385,0.9110139072002976,1
0.7037692263395066,0.3650132336108628,0
0.1504767236667408,0.6563644127446072,1
0.9938160938234839,0.5162198375166953,0
0.31245434181874454,0.9833279556704848,1
0.8231610224358692,0.08776224526359555,0
0.2793776463066999,0.5846474216941038,1
0.622659127696359,0.3424270621822263,0
0.39286765288621395,0.8040202022055524,1
0.46082972864549,0.44823323782949664,0
0.44144259165124167,0.9308421303306487,1
0.6207994961384679,0.11800297537086302,0
0.266103849917531,0.6106286451954382,1
0.7351875826779635,0.37761653711208765,0
0.3448229552323365,0.6127341396616915,1
0.7399894999001095,0.17879037546678012,0
0.04128644104960166,0.1287521604296441,1
0.7791848261249037,0.7144542739159339,0
0.1733769439910119,0.583511971422907,1
0.668251748355644,0.7281119096036772,0
0.07736711757146109,0.2837793436684032,1
0.8426458701502059,0.1453713929440733,0
0.32009346741666034,0.53652547701807,1
0.9158503895456026,0.39132074704168607,0
0.5873281997270556,0.8251833981271625,1
0.5283933998611958,0.35212477387688734,0
0.4801494521964851,0.8833212394116069,1
0.7486529926465084,0.08526417281906673,0
0.7311763977595986,0.8586236224599227,1
0.725671349274728,0.5792280558958011,0
0.08819059399913443,0.6527722338860076,1
0.4713580438436147,0.22172549323800128,0
0.353383262204538,0.6398009227800668,1
0.5560370778304368,0.495376722890711,0
0.34207980031719887,0.8312425371036649,1
0.7177385408055912,0.0037141327207030894,0
0.0014404664877875062,0.7137358370591835,1
0.9989026405029856,0.5272459603364793,0
0.03374024378242091,0.11094135892055146,1
0.8942084572943306,0.7312000145228635,0
0.44620654875357313,0.8102177449686585,1
0.40578308360611515,0.07374777741762573,0
0.6399061020520554,0.9552717213908639,1
0.11140497369093749,0.0408132342372135,0
0.08047874361319107,0.258653877794751,1
0.1503440176575669,0.01954362119011499,0
0.2629432210388012,0.65987255429686,1
0.9323391567989483,0.3234106533644191,0
0.5831113599906315,0.6276291056990315,1
0.8065436567460524,0.6957572073664754,0
0.39882291394257885,0.4524394709663173,1
0.5899727695711657,0.4018051155451622,0
0.1329218498156487,0.795121243045091,1
0.6801756044279569,0.7421436274738269,0
0.3363022059007522,0.9362876993441422,1
0.5160557620328253,0.005700720191840425,0
0.3719058415233424,0.5835724775560858,1
0.7598575014064004,0.5272649827837599,0
0.40109145438343896,0.6330710725106382,1
0.9828934635671772,0.6214915899120815,0
0.17546982673890654,0.6189240712426735,1
0.7451612533362507,0.2991525809938257,0
0.02106196310369224,0.05510541200060581,1
0.6976668303703151,0.3621436600300719,0
0.4310714239517013,0.889713004080497,1
0.9340439859742325,0.674989664646725,0
0.22052454194361593,0.95402442733628,1
0.8840979796973142,0.10359321644475272,0
0.03103650525700352,0.7435607802661729,1
0.5523605875803764,0.08729856516354895,0
0.5261160540269979,0.9073524140743197,1
0.3107827713751369,0.03380810051337613,0
0.12287620086121098,0.2836557352258846,1
0.9365853485829462,0.7447542387514093,0
0.02225853310140291,0.5416549649064767,1
0.7331995015684428,0.7263027390850417,0
0.0524621653997146,0.5691473935509686,1
0.7768208306891387,0.4530586782143853,0
0.1215599423613275,0.456027350167874,1
0.4479250078679473,0.34452055532269854,0
0.0628431444882579,0.5174682488520856,1
0.6185224388870166,0.5526643126628082,0
0.03448965504194712,0.33504950556727775,1
0.9596950354814786,0.036631950336749375,0
0.3583797755608775,0.7372334317713836,1
0.3069300226944709,0.05294816191815266,0
0.0244928422387094,0.5136564722169356,1
0.9060874185413622,0.0984569046174375,0
0.3152164854458652,0.3282074491554663,1
0.7148390387174027,0.79345348028247,0
0.13501161120524918,0.38368197426112804,1
0.8186234638871006,0.7794660026238455,0
0.7282489610071307,0.8421225384793879,1
0.6255357210501936,0.5778160830028627,0
0.12692825000516594,0.460732371275835,1
0.6666019798869822,0.14880266256435937,0
0.19166588018309516,0.8381136792438556,1
0.5695416319602954,0.39421424217675327,0
0.29926672256417386,0.4420209155024204,1
0.1588386921436019,0.11521689587325212,0
0.4311963344331411,0.7000892720570658,1
0.5675869521763357,0.21613820283829532,0
0.13666651582230938,0.6142275174493332,1
0.582386533429832,0.6075151982850958,0
0.12462762994363852,0.5526171974286258,1
0.6538378386649892,0.06389339215257517,0
0.00870718535039472,0.04104081458187725,1
0.9425046636525001,0.354201571429396,0
0.15878775313602933,0.7568346504064205,1
0.18068512281802407,0.11830030397973224,0
0.1250280713814863,0.8626421872366477,1
0.927584686360855,0.40298185016432875,0
0.5683468827544859,0.669612205703252,1
0.8374836451888797,0.3591623214032178,0
0.015289562339154461,0.2274871190372686,1
0.7786943222426728,0.6230163365849903,0
0.6677279520256585,0.803590255047326,1
0.7763014752676809,0.42269474479726066,0
0.3313104047159299,0.8965070255649081,1
0.4333372982657473,0.43488757559144386,0
0.008446534294119679,0.6954444081568171,1
0.550064637174396,0.3492560322848711,0
0.5380352977333839,0.9052537709566455,1
0.5699445252299503,0.30768313093944966,0
0.5919036416273775,0.9939628758288213,1
0.7959993330937306,0.6101096576522517,0
0.5147471059863801,0.9406558385721591,1
0.7911901934069191,0.4140658340522819,0
0.3304304448712403,0.3603991090485583,1
0.7719806206067797,0.28670811006799124,0
0.09136586942880287,0.9800834645987939,1
0.46996948657244997,0.366675857843784,0
0.20857936694517876,0.8487768768950097,1
0.48676966980004954,0.487141416404798,0
0.2136029261357676,0.45567006355351725,1
0.6868057717175136,0.49692522974183195,0
0.49196848658622716,0.8948551421233714,1
0.28660146741863224,0.13650224752943363,0
0.27258134821912694,0.9720015461108058,1
0.7970823553284109,0.5687434218329377,0
0.24336462934621972,0.5238892509053524,1
0.7560289627022746,0.2498477097383337,0
0.3746189028978515,0.4827567186473004,1
0.6775375784802852,0.2818391262519566,0
0.3582474573981643,0.4158938844572422,1
0.7185788362754401,0.3663236532652291,0
0.16938598345649059,0.7576031417256607,1
0.20362964901870195,0.02033660994513009,0
0.14580974226738597,0.9044354457137566,1
0.8994561590218639,0.28278508565161564,0
0.1171000515166114,0.8778186430077447,1
0.9144335491919356,0.4393080998400444,0
0.309578765247165,0.38126913977245747,1
0.9628169650434161,0.7677397800641871,0
0.10847725533548369,0.22373403092225075,1
0.6299137353433024,0.6358568713159629,0
0.05085136747213004,0.1519659725146263,1
0.9868816079241644,0.06406554731222736,0
0.5178891017117371,0.5510655369412922,1
0.9895412666314165,0.44982220699635445,0
0.07518650097233492,0.662456633711375,1
0.981984707432305,0.5667715954038678,0
0.4617938526797821,0.5797713839438482,1
0.41923700322487656,0.16574523276105313,0
0.050898537508111574,0.5458599035986185,1
0.6647605515434505,0.4211588871728307,0
0.5992336717421918,0.6662203431794975,1
0.3263257550720261,0.19328099944171506,0
0.009371113517907204,0.5440957732436116,1
0.11956863137770413,0.05882545471443623,0
0.4368678234644078,0.8692822495463773,1
0.7466229398491541,0.3183545831284732,0
0.07314085545931881,0.5618560905643487,1
0.7274899993758637,0.6182242040170686,0
0.27712788188439275,0.6655868207745775,1
0.7221977060341048,0.28512186459302225,0
0.05575432472490793,0.7851594803955765,1
0.7900992621787106,0.008083941236816883,0
0.1448118765496007,0.5628369149909248,1
0.8863725233914742,0.1323042280383867,0
0.23242264900724496,0.5502455653476396,1
0.6466523313768483,0.5841121205362751,0
0.05758592010190211,0.2844330339864952,1
0.845748152312403,0.7118282412082757,0
0.17208207950396837,0.45868042607175463,1
0.5502189617062145,0.4101170530694045,0
0.1307354480738505,0.318024985287515,1
0.613126843665159,0.187425783823153,0
0.12233294016464025,0.2867472582631484,1
0.6027055191773705,0.6401031935900153,0
0.32859012813534727,0.8776378444598117,1
0.9582605892411927,0.33477446281250056,0
0.24052287988198084,0.8543545579563048,1
0.6003042264515219,0.5775894044283953,0
0.5208880278402427,0.6346744178610509,1
0.528935376227371,0.16497922378049412,0
0.16746730277267807,0.4648260592263853,1
0.993941642257571,0.17385300046925667,0
0.13676177642289777,0.7911053165012084,1
0.8134433637954921,0.8068202505857146,0
0.3909403376875893,0.7557507005046312,1
0.2827477698634564,0.062248617377688165,0
0.10388891133436373,0.31996290490446655,1
0.4797675104795218,0.04247062602629659,0
0.18015212393686086,0.28452352429688055,1
0.5629945523962644,0.5097995376419993,0
0.2010264844841687,0.7687794030765087,1
0.6378098038822689,0.13165410657253374,0
0.005709890711172894,0.6025001688404901,1
0.48520873716114754,0.028855179666611885,0
0.6256895946577096,0.7872110536761099,1
0.8582908670019875,0.9647950716713984,0
0.260007889883044,0.4222941170150577,1
0.8197181303039549,0.4815025155352902,0
0.7291748704793064,0.9920328547423125,1
0.6742157972011069,0.4223249245437517,0
0.3994955787833494,0.4618970855241421,1
0.2745738849487849,0.05180284457954687,0
0.030793133793571403,0.7333924834031603,1
0.338279440334168,0.012616879211360676,0
0.1286846705889404,0.678561898857655,1
0.7557302669016045,0.494525115298606,0
0.4222563752792403,0.6502481130571577,1
0.7727267686606676,0.2806079205733363,0
0.26508915794056254,0.6888710249059206,1
0.4509714764602428,0.10622777527029437,0
0.11284142881791881,0.8834494451437784,1
0.8052247816271018,0.6011590391301216,0
0.3241571919512436,0.6057912321381888,1
0.9255608529782255,0.2575159652094102,0
0.2139514579499644,0.7823400314026396,1
0.5359435369553874,0.26976919859491055,0
0.8042509052614755,0.9444459114145439,1
0.6270206161177085,0.2896133279511326,0
0.027653075923549486,0.4505947261517379,1
0.34518553694787646,0.3367674803081958,0
0.003664858247723113,0.8994952570933047,1
0.6326124386942056,0.507718913686351,0
0.018994137790584897,0.5705637353507071,1
0.5869936741467255,0.43411017639854754,0
0.051299308418531586,0.41600317616629967,1
0.8317846133332055,0.16857442849329451,0
0.18256605634378942,0.7488032446399265,1
0.7313590428076218,0.7719751183955028,0
0.04370679146845735,0.04375483478810838,1
0.6567442930151133,0.12220009304537638,0
0.5733589335673128,0.9069864004919369,1
0.9937197882399982,0.6359237202707543,0
0.6258216976052944,0.7013008967018499,1
0.9316034215717062,0.894442615930095,0
0.2359824303260314,0.6981419897157466,1
0.6724291034784118,0.7145890936588336,0
0.32552722623683317,0.8464480415495607,1
0.4276288198002939,0.3569656522682768,0
0.7086639222845984,0.94200438039685,1
0.6683104021757076,0.23612084264408817,0
0.5007088586679955,0.7715208139091254,1
0.6855260797106462,0.378372741500692,0
0.5309797036070355,0.8930618237577306,1
0.6267495791662361,0.5507849662715976,0
0.32225001287125943,0.8249665641519546,1
0.5315122052426627,0.029573278122709046,0
0.600334160775513,0.9844047975748311,1
0.9176152892483337,0.3951666074568505,0
0.5804111241657376,0.8756118395004987,1
0.47186519553866113,0.37916064335904753,0
0.049206421901967556,0.35121482602995147,1
0.9730354086273327,0.4749714419498873,0
0.39783084716977,0.47458024093662,1
0.5829690064398529,0.5975015498876708,0
0.4867582870337769,0.6772329252683446,1
0.9979785574741243,0.3889686405892827,0
0.15462961447968582,0.8314256649700117,1
0.7653849512566926,0.006766370717575465,0
0.42757808767811634,0.6414161380655169,1
0.7108010931557053,0.7141660530984089,0
0.06062422291068181,0.07919481352502944,1
0.7034591678289204,0.361287682678437,0
0.2764905765496988,0.5446830876290464,1
0.2179962233053221,0.18771236301905803,0
0.05713304033491662,0.12090791708054516,1
0.8470196033726477,0.47783656752699544,0
0.0757319254185077,0.3058509615838253,1
0.5017633716568444,0.21960871185256214,0
0.3674666626974925,0.9977274104119372,1
0.9603640174405786,0.34832698521431915,0
0.4703550205231468,0.5386035216385578,1
0.7610214870593788,0.5630298011997998,0
0.4101316371416657,0.8341350749699101,1
0.5181804767695594,0.5008818139532785,0
0.24206528609381917,0.9203645335229794,1
0.7834056769417577,0.3152324192423295,0
0.1818907393465643,0.3880040729915626,1
0.4103968476903891,0.2662964431288476,0
0.45889173206281386,0.6008978237408628,1
0.8260638226807729,0.3109261271026661,0
0.06449189293479163,0.7109071799089273,1
0.262030277207816,0.1790203974350808,0
0.3471149813068044,0.41334695021827284,1
0.7598033025743377,0.04687896047071172,0
0.28360197512511776,0.43519530259252326,1
0.8562307801454755,0.4767084963193612,0
0.0452390146333127,0.2978848720753653,1
0.6483074181042245,0.25188315461019406,0
0.12812898779410786,0.509616875726923,1
0.2247805361898887,0.18105343318510314,0
0.19526875301879643,0.5269223570633252,1
0.7254193285155086,0.20943843880730595,0
0.10220475556632425,0.7881926698042884,1
0.8057774189748451,0.48930420235190986,0
0.329524069598512,0.8497939940781192,1
0.2442351156861332,0.23816377151575463,0
0.2924150437896109,0.9103930627897991,1
0.4437100904463849,0.10168598198956325,0
0.79331698740737,0.990112036786105,1
0.4221071953906158,0.2520502579032302,0
0.2257699994002378,0.4990258284503485,1
0.12327501382738948,0.0029698169672028873,0
0.16869705880462105,0.48617515944611933,1
0.43750858465061737,0.06889853829343706,0
0.08447072457077287,0.4490223556655685,1
0.9148470817711071,0.5638786227643818,0
0.343555983854936,0.7888978891515138,1
0.7021928232826569,0.6028317407790561,0
0.30355252906306673,0.7266061678004146,1
0.6286707460080363,0.5933176238163294,0
0.40753192299259977,0.7271245358356138,1
0.48786344898110745,0.02192577246719607,0
0.29934706256136134,0.5487514887199403,1
0.8505462931299852,0.6058558343310829,0
0.17441200800458478,0.9170118506524236,1
0.903362559233209,0.10832247377735815,0
0.4811194614040396,0.5986106259890006,1
0.8699580151466868,0.8414074694881385,0
0.7046641222766354,0.8432468417770101,1
0.31444606608132153,0.06361739051103676,0
0.12582305237382174,0.8918412947090676,1
0.7088387714417763,0.6683045579000371,0
0.6310874138461466,0.9075322098182168,1
0.48409360313468874,0.4613032407464476,0
0.6308909849474563,0.842361356309081,1
0.1446270510608033,0.08342326743543205,0
0.36224804303758906,0.5903813371943244,1
0.7461505461145463,0.8243311703818202,0
0.47584041892485185,0.5330095020705709,1
0.965796874000462,0.22623384083407072,0
0.3411648956434935,0.9760502755031044,1
0.7171616878272052,0.6461246104918263,0
0.1757897863952631,0.31033184676502956,1
0.7482131513327673,0.48711880439694855,0
0.15466407007546468,0.6375139404658603,1
0.9536179297269978,0.4329741985979708,0
0.06094521049143731,0.132296701900671,1
0.7979589116691083,0.5676475563532827,0
0.3279568012542886,0.48729079912914697,1
0.16699159360020066,0.13701954096208668,0
0.08927187435054862,0.2312869509811114,1
0.76819228510584,0.48968073429895087,0
0.2774937533833931,0.7182494406361698,1
0.6275333782134974,0.14557467041025507,0
0.08501798559674467,0.98558675411898,1
0.5606119135524819,0.38774371487909653,0
0.4821462617523229,0.9643004469053549,1
0.5767432222810591,0.4864092974742871,0
0.5893722118171606,0.9562287800935062,1
0.7741626953982194,0.5810926881978433,0
0.02071966312590412,0.11344942495259946,1
0.6844948541553395,0.5034158680035824,0
0.13019849186237853,0.8604598296024702,1
0.5977892129391061,0.03213020465701111,0
0.30829205077249444,0.9778779880152714,1
0.7745506977547094,0.8683051627836407,0
0.514623713615799,0.8391518798014577,1
0.9882531458702885,0.6088229500146758,0
0.44793546238199844,0.710987226963133,1
0.6219969198437297,0.3488944504377328,0
0.0634922673548417,0.38616721708619106,1
0.3711807464669681,0.20684758887045418,0
0.6940169308993988,0.792411060720366,1
0.7815597980106348,0.3811543448672787,0
0.005401491145558102,0.9964069397511186,1
0.40582158406471613,0.3433992642479089,0
0.34940844183672237,0.8586954361593124,1
0.438796945067386,0.07067158737632295,0
0.32488981625405045,0.8033314137174942,1
0.7698656428028818,0.52626992360187,0
0.3150291970531425,0.5415945548060109,1
0.48375761589681354,0.19961986835326095,0
0.34710180341539254,0.7292652845598826,1
0.5241890324326368,0.20327809746547265,0
0.34259477488038326,0.7958593400499949,1
0.5705223663052416,0.030143607474151013,0
0.4966610066602247,0.6399647652554151,1
0.6193581140643548,0.4937767805430261,0
0.4042099208701745,0.580302229975548,1
0.801478410267972,0.15507874615304706,0
0.185171710468108,0.9163277551023776,1
0.5716860590085447,0.09558462371031984,0
0.43092924737182936,0.8843067755592179,1
0.6796078850770144,0.7469971301712236,0
0.29516592702805355,0.39186879324193247,1
0.7722489348530568,0.5696654789803746,0
0.7201971244795531,0.8744243603841477,1
0.7753203541683444,0.3695124601197115,0
0.47064851199239277,0.9863297289079882,1
0.5797167532136822,0.4583828657161001,0
0.6659445397021942,0.9657036131083977,1
0.9010271232833624,0.6939037816542529,0
0.0923026367505646,0.46003168025727503,1
0.3027233933049659,0.14997258656530288,0
0.23164096740604223,0.4980170245787714,1
0.8396978630743337,0.5170187652641777,0
0.1429102585993508,0.7949047223665326,1
0.9659512861187608,0.6566626499007595,0
0.009496387302932896,0.8597818938053663,1
0.9102378265436353,0.5339088668739473,0
0.1629833407593092,0.5491986140356231,1
0.9437946346216802,0.16240176235450932,0
0.4683883726726049,0.5922231165962418,1
0.43964358769239464,0.09965815811234935,0
0.07112174292164541,0.45237814716738745,1
0.903807103092956,0.5527289764358579,0
0.41603469998694276,0.735433198299798,1
0.7134831393010065,0.3832964825848997,0
0.05042722967557245,0.22223794089008864,1
0.7965620878151942,0.4000096903214345,0
0.03095097979556538,0.4621407432450785,1
0.5480312195612694,0.4060937733336437,0
0.2148892790363388,0.3381392782395922,1
0.8185771180208243,0.5165408668894946,0
0.467008656758387,0.7737090062812506,1
0.26089484338283875,0.15481187546260589,0
0.2606521373438361,0.9768104970313439,1
0.8389810396862112,0.6192255606027973,0
0.3366759463467752,0.5669102689038423,1
0.8132942177808826,0.8609126411787914,0
0.032795436939161204,0.6864202341816678,1
0.7043498274578273,0.574491763186908,0
0.2430644272582494,0.5825832964806856,1
0.6424730830803657,0.5725399142205982,0
0.30859221516757074,0.9616906284035494,1
0.6267954614222312,0.18476810701308177,0
0.09209664405239704,0.5930728699834548,1
0.8175969181802611,0.29154147754361126,0
0.25721278688848803,0.8129135442231633,1
0.7571174770823125,0.7751527548480686,0
0.33798284677112334,0.9084288646780625,1
0.5685675323502569,0.21416889291695462,0
0.25797805685170017,0.854785771800904,1
0.9496408442631611,0.9541779990028942,0
0.056713211685873066,0.8684964552106358,1
0.9706922306508204,0.6395716728640568,0
0.15511310147828372,0.29189817263413953,1
0.8937102002490532,0.6547097624080581,0
0.04346485374114206,0.3159647815246007,1
0.5276852805187002,0.2648665443621474,0
0.18519673204395903,0.6235404574352514,1
0.8720259770176155,0.7169528357816698,0
0.3844993652592188,0.5356656123810843,1
0.6364517485403961,0.27223901444868703,0
0.573552852183974,0.9006320196869716,1
0.7797964108284707,0.1114224839340634,0
0.30845593825656736,0.5925613893729829,1
0.9366701254730879,0.6733094391678083,0
0.4069173219669079,0.7400687318192303,1
0.38247158525264124,0.2385879810665421,0
0.2464852187883796,0.44960482466427965,1
0.18138586707129045,0.02768483862348059,0
0.18465066431038535,0.20770432357641666,1
0.8554214755214434,0.9129893395753498,0
0.12457201193182421,0.4118258822477818,1
0.9754138650895001,0.0020584390305283806,0
0.6739559423213893,0.8821724623219608,1
0.7546828616191662,0.0010440090074195219,0
0.3433278894378715,0.5851835189413531,1
0.47861573505620114,0.0012180845374238913,0
0.08667926717418695,0.7165533271489133,1
0.47707991010067097,0.23177087747145975,0
0.4724622523208668,0.803682809481063,1
0.5027881035353454,0.2434859490216691,0
0.1118469854031181,0.3385476190109251,1
0.7964932854546478,0.5155705151769499,0
0.3973674118575691,0.899784872773116,1
0.533417783374563,0.29782038206237116,0
0.6952569679265412,0.9132237919513678,1
0.6715796346631984,0.22149023496163978,0
0.2115669819906344,0.33711453103925726,1
0.8759271252170615,0.662066858404743,0
0.1023363210201721,0.4910757428577156,1
0.7480284121570587,0.3653306966844483,0
0.010335005620676463,0.8079842183352405,1
0.2847448878679991,0.22153145323526635,0
0.17818244415646534,0.7644738701697303,1
0.19960567701840215,0.17586819562204925,0
0.3853179472807028,0.7011246722441495,1
0.9099753386149221,0.7060470137393797,0
0.17538534953743778,0.5355249758964615,1
0.9755871571041912,0.9211514290717688,0
0.6529685887811499,0.7749685142356468,1
0.7587636390949752,0.4907122774999986,0
0.4916005863881694,0.5296512291104648,1
0.9734928071852059,0.4302737781671586,0
0.5783356323393921,0.7322116104382356,1
0.2761159334986888,0.23432887521031354,0
0.009092476032068642,0.8983777612268048,1
0.5404465729406933,0.2704663908208784,0
0.09282628105075308,0.10991105054213335,1
0.8522202980018296,0.5239479440336474,0
0.4440330072044648,0.7808168118873597,1
0.9318767509756644,0.020176224122980035,0
0.3584745113008886,0.8619418580532187,1
0.8314868419311874,0.18871761695413014,0
0.04504042097338967,0.4388545151455273,1
0.27284896802986247,0.12270640067136329,0
0.4697695346812456,0.5782582634498742,1
0.9548258078031767,0.6494634993371498,0
0.4410794023682435,0.5323709528458608,1
0.6804343787558941,0.17235453529118938,0
0.5927561513255296,0.6876045596113562,1
0.7504293099089354,0.5225972689795142,0
0.43617951668257793,0.45564264609289906,1
0.508784639855427,0.45917013051654576,0
0.10309772779840454,0.9071338879765294,1
0.9645835480475298,0.3983511802871601,0
0.007999752778197089,0.3170893978512057,1
0.49718205528057324,0.32652415414386005,0
0.013296294844655887,0.8147048902993764,1
0.9946686378304264,0.43737650937498795,0
0.20742512528552282,0.6223457192644302,1
0.3443704701021971,0.11103474722397011,0
0.2976886003116743,0.9637190503182146,1
0.5651278369697563,0.5124642603440656,0
0.30458019769133615,0.7712628094832484,1
0.5562635695151498,0.5358548306372976,0
0.05452866738930651,0.9923877699840614,1
0.976553094318388,0.5377367064036308,0
0.37238111144226493,0.743848236109491,1
0.497594714273756,0.510017005199016,0
0.4183404705526137,0.5018526031816544,1
0.8562091602013774,0.9301031555711283,0
0.13104604805246978,0.6031317808491051,1
0.41620973968154606,0.335764069907736,0
0.27274438910448384,0.5099625658977025,1
0.8843524281230092,0.7535810348345571,0
0.5757924595602176,0.9272984193566314,1
0.9283647404746428,0.9368500717650792,0
0.3574789305457754,0.62295195323397,1
0.7085627199578792,0.7490297920370808,0
0.07545047718013753,0.3640000799784402,1
0.7958804301761513,0.8916885541025553,0
0.0690178829728445,0.8613266044093978,1
0.800265995898517,0.4780451616344814,0
0.5097019869334894,0.7481385551799666,1
0.6941208847200862,0.3843168491018636,0
0.24856657247059577,0.5929858821807046,1
0.994767143231825,0.21288289967388496,0
0.2641766258298167,0.9356345192869663,1
0.47164861012695336,0.1750364551724266,0
0.3443864767537408,0.952778138150179,1
0.5074699840070648,0.5209008907959919,0
0.587077949869358,0.7923859378957622,1
0.8289936045777192,0.6944762084790832,0
0.023830229420500837,0.5482009288284783,1
0.6813312816292575,0.5396269580959414,0
0.6035068952867658,0.7908136920635693,1
0.19050564559388983,0.05549442736846688,0
0.09256256539120089,0.45018611684490384,1
0.600005294791372,0.3729722369488385,0
0.24526501016335778,0.8904201705688664,1
0.9768009280826401,0.20334946039500013,0
0.1544645949132717,0.19698168227248247,1
0.5501562712659649,0.06658362591379319,0
0.011376495028462497,0.917894447825563,1
0.6066586977748918,0.16755265918894757,0
0.4343060816503076,0.8530671144436243,1
0.9560498859992156,0.5701651353484662,0
0.25400544193779384,0.9726813967085677,1
0.21869902423408483,0.17821885411598648,0
0.06989101589485402,0.3115596677006375,1
0.7007056778546418,0.31826851442617365,0
0.45939768856982754,0.8986631560611128,1
0.9774612766655765,0.06109474977751628,0
0.5570750422126304,0.9996558467223111,1
0.814244407447665,0.28486221617478513,0
0.42133873478661577,0.8763700188361727,1
0.9493570973032298,0.9268709180063075,0
0.08431147964838481,0.9875213463176976,1
0.3684485463601339,0.052443191621714624,0
0.011155833613863075,0.3184223002162976,1
0.8364043330536888,0.705074592415134,0
0.7345377135608412,0.9667453849618524,1
0.5589193112151939,0.35126717430014853,0
0.593150443800088,0.8826778165703794,1
0.40393786716364644,0.057409116698154516,0
0.4077659469003241,0.8822895835708158,1
0.6319893416151731,0.373279515754278,0
0.2983939434205507,0.8695501342467106,1
0.679477934504124,0.22261649241028125,0
0.49726466147076775,0.5472621245912683,1
0.9115817339779364,0.013455391608811929,0
0.16720941391908795,0.4160234793508186,1
0.46166169191561146,0.20286503134036082,0
0.21152014383561635,0.9060363019189002,1
0.8716235622076942,0.8438938707292075,0
0.3936493897475559,0.8335905208146376,1
0.6867126955967308,0.7288170673514146,0
0.18132106807649706,0.8272219215184862,1
0.6212569620415886,0.10403899426688623,0
0.10421959948653836,0.9882325310178446,1
0.2269193580840072,0.021668425957218518,0
0.20848595246823054,0.8233889227588077,1
0.44053826246776084,0.09781253936958034,0
0.34497419786133754,0.5029796015873764,1
0.9049731344714004,0.3035595192406645,0
0.5943722663132093,0.7029180024410435,1
0.7561334546702219,0.7393927159181909,0
0.17905965933992174,0.620873122947679,1
0.9594093295296833,0.7935380450540829,0
0.46761577800074194,0.8789904723496226,1
0.7049553804529817,0.002945961085965898,0
0.6162616708521309,0.787022616821826,1
0.9001138776977237,0.5943663463736572,0
0.5818210692966346,0.7391822630474686,1
0.7132242100410765,0.5932758379991552,0
0.030136703799959252,0.13784605229855684,1
0.8502209964127402,0.9282018079894847,0
0.2784467295042089,0.9866488682089607,1
0.7599752296672108,0.1672086227166143,0
0.10510926800708875,0.1378024387601231,1
0.46999466497986997,0.3594748037014226,0
0.6304005381913036,0.736890131043562,1
0.6973998587466356,0.35582071033728746,0
0.06544375545755321,0.16643662994196262,1
0.7456417748820544,0.3407204188335867,0
0.5226319132250881,0.7039722614959809,1
0.6104286609209371,0.5486883960708732,0
0.7239518443491191,0.875852364557863,1
0.5474900392755392,0.2760795475345049,0
0.17954644665375286,0.516865643476697,1
0.7673802839145222,0.16899551938059032,0
0.030124187651791923,0.7322177036461774,1
0.6327667827861978,0.022918664803310174,0
0.32050453819589364,0.6912148640911192,1
0.48030414236526,0.3371916438478786,0
0.08723869289262176,0.3133826157142118,1
0.7889003684616991,0.14597190619977218,0
0.014984641846898183,0.48991390956381853,1
0.5320758738030897,0.10292214956764434,0
0.02667146549570698,0.827381493700785,1
0.8923654915773477,0.5784298034475368,0
0.6894331545399118,0.9208610289370226,1
0.6435377678888792,0.6294319443600903,0
0.23437277876176343,0.49104855641943557,1
0.37607700192199256,0.2974007910838766,0
0.38259523938392637,0.4690042984871521,1
0.8330021134918089,0.17720707765535804,0
0.7639929827082451,0.8866107325088571,1
0.820327984112676,0.6223591937487615,0
0.6389974157441741,0.7581254160329444,1
0.9718065500461333,0.6751298489550636,0
0.269004031094101,0.45417977535731935,1
0.8331330801040027,0.19089717320446464,0
0.544004761777713,0.8311142244989167,1
0.631911157102174,0.009823639460113553,0
0.0782287397142164,0.22444552395139827,1
0.6691687718951812,0.7103570420501926,0
0.2937587273526767,0.7134730229601053,1
0.5438646503683903,0.11447021004365043,0
0.14783994946669343,0.3302447150059903,1
0.6987350194389705,0.7684833144602606,0
0.46264404798453673,0.5999318709042396,1
0.9505916596918755,0.4936774334179078,0
0.03431345902145422,0.42432012115148465,1
0.881717612312165,0.9379373141421136,0
0.08808037661556323,0.8518746178871801,1
0.722538485145623,0.22939841623167234,0
0.06445133401452985,0.32693975829093813,1
0.49340151135695465,0.2804639517321875,0
0.3981822675496476,0.9624156139286162,1
0.8654239710368746,0.4739739234250394,0
0.7237406870917199,0.8209986596572257,1
0.9709430476001071,0.8474818315963066,0
0.009922384872685153,0.5484367582151249,1
0.825600310992335,0.07968135249775188,0
0.5897934823999423,0.7103925166387274,1
0.5038940443944163,0.46933972982341887,0
0.28188345151812566,0.3518070546670954,1
0.7590178957398556,0.39692047759280036,0
0.25397736965322837,0.8398235855699837,1
0.7342168670079458,0.22651433396638543,0
0.106873296101748,0.4224361260932987,1
0.9555663629345063,0.66704844414089,0
0.2776893943863099,0.7559608062339167,1
0.38365173135832387,0.002150954409290806,0
0.1409298631340078,0.691490101351486,1
0.615052784792923,0.5480287337533918,0
0.7983862907890855,0.9380172190801986,1
0.46874550780997537,0.12589034261856968,0
0.5022539996933677,0.6419480439368765,1
0.5745600118345714,0.04397691494131828,0
0.5578026253581027,0.8329976585599721,1
0.3640611424223219,0.3022802697272813,0
0.4687764865552344,0.6768573288233635,1
0.31518821841422817,0.1598278382213012,0
0.3134423169089857,0.6061407299990518,1
0.49954669836293886,0.07394172201794313,0
0.5050659919242049,0.6568684231993509,1
0.9606009857527315,0.3661341921590946,0
0.24124693622399074,0.49235683956071497,1
0.25366000738855554,0.024196003569235125,0
0.4309347837838434,0.6821425501472275,1
0.8561821962934032,0.29480859325445163,0
0.01725675660064696,0.9528834831191546,1
0.7892495376737306,0.15227763469197775,0
0.0072715313883398025,0.9096495797555892,1
0.28462641729628335,0.2671872467499864,0
0.018016986701739568,0.2247813176674519,1
0.8764598626477591,0.881428082944655,0
0.2070150156814673,0.7857111882337645,1
0.2552172543207294,0.11490137614844409,0
0.38236070812537115,0.5497643079118211,1
0.3195285144794048,0.017537681018440887,0
0.22107711021035947,0.6048229253368534,1
0.9307257842260349,0.13351320219118878,0
0.2039114579930006,0.27275833267681693,1
0.901647477071386,0.16839920905048555,0
0.09070672591339057,0.21969168243068127,1
0.5754845368654256,0.1959535554804861,0
0.2292147918947831,0.40272132618848,1
0.4208465231929863,0.21472643503242728,0
0.5576036836177644,0.9817773905275801,1
0.9137351464729093,0.5672656389009345,0
0.31684531327097165,0.5924310334265238,1
0.5394355542504058,0.1895613982766977,0
0.07970618540628782,0.11109869943192352,1
0.38368863301130895,0.27084329218482306,0
0.41862409096936715,0.9041074772036489,1
0.5915102333232032,0.5432048159690888,0
0.2204982541660827,0.6889768336396768,1
0.8394057558298935,0.7044442659801843,0
0.5334091624910268,0.6790463553723913,1
0.8993998375372473,0.9339707675818687,0
0.43865345865474337,0.8806204566944855,1
0.20197546077586837,0.04221795268303152,0
0.04385857882646693,0.9656334001214746,1
0.8568680624830951,0.02482934275979143,0
0.33112574898848757,0.41106803655649027,1
0.8153923846883766,0.0901593701446729,0
0.15523341591496764,0.6587617435128723,1
0.9455662238535749,0.5780302679016168,0
0.02740596466420231,0.26638846222103885,1
0.5179006851478848,0.1435737249036637,0
0.4317081411641912,0.5107975094898816,1
0.5720351465422728,0.18875565918647574,0
0.472939278327542,0.6460796888649867,1
0.7645156941915817,0.5768848153703503,0
0.15778754907953774,0.5788432252382358,1
0.7082803538237696,0.1286863495895305,0
0.12796880885688688,0.978521130652235,1
0.5064780034883561,0.4133450932572571,0
0.08079585891793462,0.20466644598172956,1
0.6757023590100684,0.359977166604724,0
0.48982813584138707,0.9453271689596885,1
0.5053231385666987,0.029671350906760652,0
0.19244983888395395,0.5660377139213797,1
0.6385803531661695,0.07120233566945489,0
0.06570927359637091,0.8789383158361384,1
0.3207421898901244,0.22846474026061436,0
0.4359164384428925,0.5600643161894249,1
0.9444380646467206,0.06925885996857706,0
0.1048867251008998,0.9713996168656579,1
0.7484130672770548,0.6990194092538007,0
0.201003331738156,0.5046796961409417,1
0.5722624024464755,0.08736559697569979,0
0.5697516763760982,0.9689860223160885,1
0.9422365265995974,0.21646931901730715,0
0.3822579319343752,0.7488002636395741,1
0.9126648378434472,0.23090119798860798,0
0.26006797636659174,0.7105759296889176,1
0.6164358154066268,0.030778031213439916,0
0.05815926152504536,0.9293626507322543,1
0.7658378632638851,0.04793444164720728,0
0.2815159739192249,0.43572250139394764,1
0.755195097680267,0.44513245262965717,0
0.6185595528262966,0.6756956246274559,1
0.6734663679579261,0.09721997623832901,0
0.6731268972383453,0.7763070719459213,1
0.8580234335034084,0.3382932890219362,0
0.15623395263737005,0.8312898820263248,1
0.4358021009052072,0.43317237634285377,0
0.12113818137234245,0.7285843915444394,1
0.994930387634818,0.5867592033085749,0
0.08345574386951848,0.7786277982667396,1
0.725895895341243,0.4964176291340874,0
0.0927660323518773,0.20372612086027397,1
0.95729560178435,0.5798735193760949,0
0.5053206194656177,0.5850906329080892,1
0.7567617316479154,0.5299564335904254,0
0.4361544578323183,0.5417528903723433,1
0.8355848408288056,0.3122968231725005,0
0.7683875480513227,0.9963613373373195,1
0.9188238017236808,0.06131373799410633,0
0.5912791875183198,0.7066588051233821,1
0.62005073577305,0.058051499710220056,0
0.47907940039005636,0.7363610871038847,1
0.27374215367899357,0.14054662279725705,0
0.11838562768891903,0.4967674935390022,1
0.8202904428945669,0.46714372852395414,0
0.42107973662083764,0.7129634103829321,1
0.7383192276184669,0.6593023981972561,0
0.04703518846030896,0.318841910631091,1
0.5319582881421262,0.1370370450831312,0
0.36150011663974957,0.7266951823044108,1
0.28846061602972173,0.25799170050449205,0
0.4051177682559647,0.4582849579325845,1
0.8962547922655517,0.2931559497621803,0
0.5556698566683295,0.8780172055197374,1
0.19265684714469933,0.036137047304456105,0
0.08006831995860575,0.42997778488704297,1
0.20088196765744804,0.14795730346364266,0
0.23459773973231468,0.839239241317355,1
0.9682898404603273,0.34645449484813173,0
0.019418064631815835,0.1435321264728152,1
0.47763638548018206,0.13835192472886837,0
0.6528146828828828,0.8138013840814808,1
0.7974735933024327,0.6864636644405556,0
0.14260133196096525,0.2581550574736726,1
0.8398882116776993,0.70904734748627,0
0.2736076317986169,0.9519372899713658,1
0.8247431345758756,0.781411821147608,0
0.2202285903081076,0.48724634757182306,1
0.31191288792401006,0.07019601423920208,0
0.5311590899876764,0.6875550926105961,1
0.763815078867255,0.45722022198423384,0
0.07892357595891408,0.707405103367367,1
0.1788658071573591,0.04896630383102463,0
0.011136961443330984,0.4783232147697484,1
0.7474649936296357,0.09368715696354724,0
0.330450323213362,0.3570197293427051,1
0.6358746605355161,0.17095181569951645,0
0.02333220927576407,0.5485150483721563,1
0.6491119736294801,0.26126040326708366,0
0.06000846933039505,0.9218809772999927,1
0.9541841733597725,0.4784180154502583,0
0.6101610697896572,0.7780390828086162,1
0.8555444554016856,0.9283571177799017,0
0.4343196399894068,0.8055434232945988,1
0.616425578257208,0.36139375149210995,0
0.29928500353679854,0.4661393353673391,1
0.6622003216225087,0.6652361684238781,0
0.433010116051198,0.6868022924278613,1
0.8918998225069299,0.04063785067107706,0
0.31616464741156547,0.5749209167605315,1
0.6001113520209431,0.5711133055665867,0
0.7991099928433517,0.9841100462548525,1
0.6436399500139895,0.12395910082668415,0
0.6158394689572563,0.7576424568078315,1
0.6350946986087321,0.35480755012202103,0
0.19318347195225927,0.8581715930516955,1
0.7319892936232008,0.2840553651139017,0
0.24563137026654613,0.31843478786172097,1
0.6497776610149028,0.5455682923431168,0
0.25319567330517934,0.9063983715211517,1
0.07564840496692937,0.048064997713250235,0
0.6370724376920699,0.7210330745120694,1
0.6303499881595629,0.2866323088311056,0
0.6832258357991043,0.9658115491885045,1
0.3939692815118887,0.23135149435843716,0
0.11430812196476314,0.23411204784070616,1
0.7692746116279886,0.5001772675459725,0
0.5213737905656914,0.5772354009357407,1
0.9814536049694297,0.1461180571889238,0
0.542650522782007,0.6957935878941962,1
0.7070012128877814,0.15739777430090085,0
0.37440788248152346,0.5048051528393661,1
0.9803743594455672,0.2742371348895827,0
0.2402749194492022,0.31872038634386834,1
0.7656482083351597,0.6622387576625203,0
0.5041009811692958,0.9807490369385178,1
0.6148694912381122,0.10057432670463762,0
0.02198033626020368,0.7125482503472549,1
0.9440837383897361,0.5341449603564278,0
0.8013281513822067,0.9501916270213933,1
0.806240325205154,0.03771913789834369,0
0.1463340382616657,0.4679879048512051,1
0.15790393109759393,0.09799285482585351,0
0.46587413125800337,0.8606079081248288,1
0.7346204350925544,0.4610027680926928,0
0.11081085287831816,0.5456406759710242,1
0.35640146702508946,0.1416440488496079,0
0.14337973435828832,0.6380430158781355,1
0.9909255432980364,0.09482376414127547,0
0.41254087916186166,0.9831367656334555,1
0.8568683795970071,0.7777086003944069,0
0.23638466707409123,0.8719275981918588,1
0.9442386625798209,0.14063094859248537,0
0.4946822311277833,0.7556340279430304,1
0.8074323518110291,0.4257377484560576,0
0.4031830313835948,0.6163501790120531,1
0.7182701878754673,0.24093103571298524,0
0.017325444599970652,0.7967933280674151,1
0.8807372336892025,0.4793985345845454,0
0.16404841138831328,0.1835915316513267,1
0.6470464590285846,0.17936668797873967,0
0.6126752261823618,0.6943799405506901,1
0.9741353503754923,0.6086977852923277,0
0.4835684150837355,0.7265029018600475,1
0.45445276532581025,0.4628674114002813,0
0.006572336815668378,0.16757728455251353,1
0.2089630059188401,0.015749313930081388,0
0.7648637719191391,0.9147815800456237,1
0.6353933648719432,0.19470340307592837,0
0.4183740283209393,0.9061355545644788,1
0.955746003861642,0.5003920235811437,0
0.18258144676361032,0.3595267337467575,1
0.8085791866757607,0.28909990545207154,0
0.08702965703957921,0.32533934959786803,1
0.9092779591439614,0.1913120485259766,0
0.007132651563615089,0.14101687965738285,1
0.6921390393692055,0.5047556859800916,0
0.0721139599874332,0.860362585691778,1
0.9902241399657048,0.11923780283312035,0
0.2863057656795065,0.44562325817642534,1
0.917759573147921,0.46212974100082116,0
0.31832266036484136,0.487615231740953,1
0.15617679825950104,0.07394323346826459,0
0.04627709467416452,0.22389371697490446,1
0.8865786876242782,0.8141321215603383,0
0.37983309180810054,0.8901976711922092,1
0.742766640140518,0.697608420260132,0
0.20027223212430934,0.21955545799139953,1
0.35890311271935815,0.23830709517084014,0
0.2703147523544134,0.3657218456195114,1
0.945049186647807,0.06844231020914038,0
0.021838366720550062,0.6928791520579204,1
0.5671601346372387,0.2657235906561759,0
0.5323149636111125,0.9582769301284667,1
0.9845201783839045,0.7045121210851829,0
0.016294408710724628,0.4094103476160509,1
0.6810219569065714,0.41620098844153264,0
0.703141993613427,0.781007821892082,1
0.23871679112478406,0.02600171552959407,0
0.5084822015110749,0.8370862276530403,1
0.7468010830284627,0.3563751123422986,0
0.13810681220179155,0.9848988152989723,1
0.9558827322821235,0.23669128842245146,0
0.19723458639754432,0.852077055561992,1
0.3552916767299428,0.3392315226009145,0
0.22787100071371913,0.9299049022005713,1
0.6977164924018439,0.5414937918918006,0
0.07730100605316381,0.30818491529500647,1
0.8572335067817578,0.997342799172957,0
0.09385079786618378,0.7006672137250278,1
0.12888439591869205,0.11441739659494876,0
0.3536432347591325,0.8765013267198627,1
0.9419723638789184,0.825116399639847,0
0.6396869982410636,0.8571323123482941,1
0.951141865561651,0.004701157676047729,0
0.16609819852314,0.27306456686087366,1
0.9070796221379042,0.5086414575792174,0
0.5990488978511692,0.7274724101377886,1
0.9918052759997426,0.15382625323903765,0
0.056104121663913986,0.3173336364650696,1
0.832749749885399,0.19454793163511497,0
0.15995360872677966,0.6449268261798622,1
0.46221220048715006,0.0352745725185577,0
0.25066253631485247,0.9167897791979689,1
0.93650057424753,0.17514610241195405,0
0.15329163322590234,0.41967453320798864,1
0.8866130085099387,0.9016326066759957,0
0.02361507898498727,0.5072463752299665,1
0.6323478689398935,0.39474342896384773,0
0.18614371698008303,0.8973326198575605,1
0.38521776637259164,0.39418003337605734,0
0.150603456205591,0.7828102562023778,1
0.4673006683199127,0.08622380464877455,0
0.3744438331887542,0.9421493153517986,1
0.9655071005252552,0.9350388848467928,0
0.24179006986072538,0.2655279815272973,1
0.8357509664268689,0.8044549240279896,0
0.3412423436835669,0.5092216564463875,1
0.7775631234635357,0.5266822664608377,0
0.45810329970300023,0.6620674530925394,1
0.8959550655231857,0.23972949417583256,0
0.4841122603425969,0.6378799383665041,1
0.6957893269385017,0.5798453290200251,0
0.018307236907255997,0.33410324601698227,1
0.6300232103928445,0.1402182736015768,0
0.3106091163739433,0.37980149585309786,1
0.44515339574432566,0.3558035950083417,0
0.07781056940801623,0.5120609269754633,1
0.738748907458745,0.6278880732213422,0
0.15027039552893617,0.8763687776194158,1
0.5095506558256216,0.46485476472458354,0
0.6465137094437834,0.8780739812525513,1
0.6615580124219066,0.38475762244588096,0
0.2159180876056921,0.4340742573994002,1
0.8896806267456617,0.25124315292427113,0
0.094892987281605,0.0981818485049043,1
0.9592768475619422,0.13387415022515514,0
0.36333833388422043,0.5630190476708105,1
0.2434381045400752,0.040961895473263454,0
0.6685679436157184,0.8531776188402078,1
0.4191331423066048,0.06351827060222315,0
0.34650283842413754,0.6627558358893683,1
0.6667623912890965,0.6601096637770955,0
0.4714630262278845,0.6324140968719303,1
0.7537043584877932,0.456826940729825,0
0.18708808925409848,0.74506229195026,1
0.23010581694245036,0.05427200837972346,0
0.1979007985628486,0.44759989897127295,1
0.16422238398729017,0.0789918033139595,0
0.1577127149841212,0.4803356088352563,1
0.9949443166805552,0.3935361428228268,0
0.5122852715247146,0.8339603748182994,1
0.8850212187843436,0.7362882114684058,0
0.08248711835905664,0.8777783018146827,1
0.5998558098993759,0.3551288942420495,0
0.595137467231789,0.7261098330939025,1
0.9758925174389954,0.8139439905218422,0
0.03517583179617245,0.5535738848276092,1
0.6181911010343859,0.35609943266275856,0
0.45067039059752834,0.6127013966671725,1
0.8980136909833001,0.4328666782199603,0
0.3692626381496289,0.7311117830383519,1
0.9970063965246604,0.8198121700856035,0
0.16943711676037176,0.7299651805743461,1
0.7479749272831834,0.5487540077642867,0
0.059524712384170675,0.14411975632400043,1
0.797064356125799,0.7378235274984802,0
0.39852827985191575,0.47230366456268247,1
0.9089161827668427,0.26318736305975055,0
0.3458268234615236,0.6319527595415213,1
0.2526361826170954,0.22883422767756423,0
0.557964645684425,0.9734063643047408,1
0.9118190477580478,0.7843834539188917,0
0.3546403766122015,0.6387054882598232,1
0.3496434788239615,0.004111391126303876,0
0.04719786083831867,0.6590644540860492,1
0.7992260239959341,0.45301249876540217,0
0.07180135528547782,0.6512211251611338,1
0.8464612334632377,0.8389641690819183,0
0.5308932546836846,0.7293874436702917,1
0.54117850903352,0.04169962512230485,0
0.11448745244736547,0.7988348121507689,1
0.7429561698430612,0.410771607265359,0
0.2817369650436522,0.9258717012781275,1
0.5529395436122767,0.2867835483632324,0
0.3718488868474118,0.8543774284024441,1
0.7136143780387989,0.18167826493328354,0
0.042816882880706064,0.9587054498471306,1
0.8795405895928299,0.5846554103267811,0
0.2763505094626163,0.9774612254776041,1
0.30314138174247507,0.15520909693627882,0
0.04622987604514828,0.17831379726186491,1
0.7632371223264968,0.08464049772869953,0
0.40225444067307836,0.43607120630884666,1
0.9609876056371478,0.9836574237072296,0
0.28129762108631884,0.3513636047986941,1
0.9904665625690415,0.43696198452244994,0
0.23887452638558437,0.8411705005652776,1
0.366182013340967,0.3506383126060849,0
0.382742394380172,0.6046600915326209,1
0.5099080453314155,0.24209832581066537,0
0.4364026921735702,0.6836129631972898,1
0.18687557446715852,0.06690453337221625,0
0.29403443974597676,0.4773976742475958,1
0.44488265935040805,0.15383348378647055,0
0.3178825692616466,0.36917958002396334,1
0.9983445823791863,0.8550237976081482,0
0.0165908566393278,0.5467302344322252,1
0.8588155526737064,0.4503918142364023,0
0.6249479708871919,0.9524900721659166,1
0.5916666293797237,0.5242005091999656,0
0.29650650494030995,0.6527612978400594,1
0.830407387263778,0.1727280089525014,0
0.08159650949369346,0.3855490636689055,1
0.47919560608331835,0.25504583293064376,0
0.2035723998457597,0.6114350699003411,1
0.23475895161762417,0.16916300199756362,0
0.24992645250327306,0.3224880985981997,1
0.36076945093728796,0.2623202949001381,0
0.18071138252778562,0.46246738337643967,1
0.968239249216516,0.31578774264403664,0
0.2894635789122002,0.3321707380554333,1
0.7637501984769216,0.8511337695783503,0
0.32118861366364837,0.9463557563970048,1
0.3415035451969395,0.24421706336253435,0
0.6916876591354296,0.8251785323723414,1
0.7415674202435595,0.25870930449400786,0
0.5279459766781643,0.6541402008566429,1
0.540637413969594,0.14366673342456893,0
0.16219578665876222,0.949141435922548,1
0.5425891067730549,0.10079136460936478,0
0.07359572550793059,0.8954658179733849,1
0.5929474179460779,0.09947197387436812,0
0.593932279359499,0.7795584487175291,1
0.5976621778700514,0.2257276142840109,0
0.44400747840736243,0.6416953206049156,1
0.6566551366823794,0.49941515994861807,0
0.03204563336608335,0.21132834277563606,1
0.849065102576301,0.46278678644226856,0
0.11464080732360249,0.3963042793023156,1
0.7085628786908488,0.6675952173703976,0
0.4729543756587776,0.518729057728661,1
0.33492788370882765,0.17899518367503386,0
0.6522533721103712,0.9959473354032718,1
0.9738002985316001,0.983106295845337,0
0.158745655273685,0.9189137286542919,1
0.3895594971279812,0.018286970882672393,0
0.5412625735861379,0.7494457985947319,1
0.5712271834815498,0.380806924149104,0
0.014409997815746034,0.4596525641793249,1
0.6492133251048842,0.3391462749861195,0
0.08737054311019676,0.8590638186629032,1
0.32241366233114055,0.06998276422422278,0
0.26736994485863996,0.30312421043658977,1
0.8396527196165401,0.7000324106219472,0
0.6783555208133434,0.7770425216734355,1
0.9267947185285186,0.2480352845514131,0
0.5852675227430704,0.7715607284313086,1
0.6582631685863833,0.3883334024552455,0
0.04054628517382686,0.1783295717121629,1
0.4983431302477034,0.08460368623521985,0
0.7477835661095443,0.8667002273778911,1
0.684617539152951,0.3370932445440076,0
0.04428728979934626,0.7018470079117469,1
0.9390225940185896,0.41771258427980407,0
0.3664880070666068,0.5982015143665186,1
0.952840445007032,0.01776502160183635,0
0.36752667147263574,0.6899524669129947,1
0.5746034742118253,0.38814002360056,0
0.024821211022204026,0.8032528730221031,1
0.5558689835440329,0.5861416142152844,0
0.3511208103884418,0.5263514902730347,1
0.9383105716593759,0.19022916598089745,0
0.46657095574988394,0.6151814321295491,1
0.7410699380659732,0.7875230653823474,0
0.16759806301220193,0.7860178647002833,1
0.684418992992421,0.0681708584912214,0
0.29050269287345276,0.6578640888177355,1
0.41918594219812333,0.24737479877721802,0
0.09327849574794755,0.9489992899403484,1
0.9798346969514208,0.26365780568401,0
0.4242709748034402,0.46892055343143124,1
0.851994307640655,0.12001219382861716,0
0.11188932528348239,0.22701852223214403,1
0.9167062828141421,0.8809263852649195,0
0.1467105490286118,0.43155821700538743,1
0.6979053774192147,0.043487731314672984,0
0.18291313031832523,0.7684105910720873,1
0.4367061565133723,0.11891120419291046,0
0.14720180451051823,0.4958820797286032,1
0.6365765410380259,0.2512804226617411,0
0.5253983610659361,0.6643705361254059,1
0.6201835448178002,0.47727602694374005,0
0.44666932733873455,0.8003696963149846,1
0.30907058545157373,0.03146499528096358,0
0.2883294674912418,0.5862780655955099,1
0.8283438379556466,0.14314566432300857,0
0.6039999346630578,0.6776295675500303,1
0.77191393389518,0.7537838123186189,0
0.050694500053163005,0.6198913519611727,1
0.9501107743857979,0.1776456955422996,0
0.17028520205262732,0.8530638017099899,1
0.5295532894844195,0.42823477408713384,0
0.3603663769329082,0.678527237995214,1
0.8678704038198616,0.9084287645020725,0
0.4272856490810103,0.850064427518398,1
0.8834263935198051,0.7440802980318583,0
0.46220343394027563,0.9205131561688633,1
0.8269155358976912,0.17925825249527294,0
0.7453322658919703,0.994402513499428,1
0.8397364447020804,0.6593268943488908,0
0.31684162588994835,0.9161880693246509,1
0.9061454596429666,0.15278900082240887,0
0.354506257167452,0.896128021658269,1
0.9562279469611941,0.08826337573851462,0
0.18830530328859751,0.7902294582066575,1
0.6949457387706623,0.4707588752997719,0
0.6157476925764194,0.7192791796171693,1
0.9045702177236987,0.764221062376816,0
0.21757148446266605,0.2840384163119999,1
0.7913236001249986,0.90011417039114,0
0.25671732819304105,0.8104093544567581,1
0.971051855417276,0.786642080119273,0
0.415886418928031,0.7360120647732702,1
0.6949905004273315,0.6705561156210422,0
0.49469385600973403,0.8815249970547061,1
0.9921700054831212,0.08452813576177909,0
0.6160926010677881,0.6948879211671481,1
0.9489349890209777,0.26024057471882567,0
0.1537034014653339,0.767946025334332,1
0.6792478567686345,0.546210086277786,0
0.6689665962343067,0.9570293131396019,1
0.20329857311310995,0.061204199863740705,0
0.036188138467994735,0.3368273974392718,1
0.4731842016106895,0.062436466315445416,0
0.6141406156646891,0.9513207872037285,1
0.5267781070293321,0.2527858430575375,0
0.21780856365708468,0.7824992100199365,1
0.7701989374120739,0.042726544339177885,0
0.4322054000286526,0.6726726906578689,1
0.9094748514956492,0.8565987391202342,0
0.09835115434076436,0.21676280525728908,1
0.9751377522391874,0.6080969397489457,0
0.047539469271420165,0.5648964620745885,1
0.9245404962429805,0.151528492208169,0
0.4003841571336245,0.6155604012186826,1
0.849367332907535,0.4690628827136486,0
0.311679156143263,0.46236932496080596,1
0.8694819575167951,0.351718151974471,0
0.148967651855066,0.3853433436508036,1
0.8619502193551797,0.4656568363654514,0
0.32898127337514527,0.4094259939990421,1
0.7363600644273163,0.048218881323091156,0
0.15856294647826807,0.5072466509267383,1
0.844797541718817,0.22181796648542662,0
0.20851037240351877,0.38881952800924924,1
0.6109527106993252,0.15755188767276374,0
0.32086708935547015,0.8071050034749314,1
0.8890856330130609,0.5510797355801351,0
0.25087013232544997,0.29859871467053933,1
0.9139539233732397,0.0013081863213132428,0
0.4786691587870038,0.6090340924148377,1
0.6211502647395502,0.6630849790148817,0
0.4029988598104314,0.5862306802411406,1
0.9828629218917571,0.3083784371761292,0
0.597210009154755,0.9538459631148213,1
0.8194990520597427,0.5453460538201702,0
0.43500666932509036,0.5640082297746257,1
0.9280288874755462,0.41571214321463645,0
0.07495255980816329,0.5059130537726337,1
0.6736457947264333,0.041852925937812535,0
0.47438050565132195,0.8478882342205502,1
0.9979277469914843,0.5067882622740231,0
0.0751175104903109,0.96674584499435,1
0.3537341701302721,0.15619749048024467,0
0.2321251132062423,0.3904050598525267,1
0.4193651376146539,0.4045119604787092,0
0.5511381387195224,0.9347721594480891,1
0.8404016785692325,0.21090770508755696,0
0.00948052948257816,0.8627185179052884,1
0.5554952616906133,0.58244809796305,0
0.5378663644131348,0.608741397390669,1
0.18221088577273536,0.1164744639244708,0
0.07088173578174184,0.1578389314575369,1
0.18162193217996958,0.136628621384405,0
0.35999719758386195,0.8431240987622259,1
0.4713674729412146,0.24666904130526057,0
0.47288691914261893,0.7441268440073728,1
0.3498318666519288,0.2526169445716202,0
0.3406478682820401,0.8764188103892625,1
0.5772181008864551,0.5209895350259794,0
0.6691677313896126,0.9503488893728032,1
0.8063919112650357,0.681782824695127,0
0.4822439824361261,0.8150695221109785,1
0.8912512787142121,0.9397367495537801,0
0.03869703763972265,0.6035571029519226,1
0.3935322400950829,0.24933817086388788,1
0.34707376978827575,0.10678733443977806,0
0.7338853541456443,0.9765039086417994,1
0.6083337753558444,0.6348956316866994,0
0.12701981718900168,0.2632260661427319,1
0.3162901588153626,0.28032461949309484,0
0.03610252631118471,0.5555097560922151,1
0.5232835242975648,0.1336809056621293,0
0.6779904089747775,0.7657842581685266,1
0.6844467918460438,0.28937853104396527,0
0.48607676532938315,0.8382510821949137,1
0.4692224500420489,0.4345940938849998,0
0.6401097847412491,0.9189503859388765,1
0.8780966629529128,0.2193481113874889,0
0.5073043130075007,0.8204785655095178,1
0.6605332902288528,0.13619176383854525,0
0.02151159948373671,0.410706701223604,1
0.7748201433523242,0.7370964373248163,0
0.6260517069044674,0.6904277723038275,1
0.3553635057316876,0.15739718747056786,0
0.003918251823730068,0.4488795078868707,1
0.9181303101450793,0.9584431796998604,0
0.45571551829287205,0.8928516493171758,1
0.48757048407503745,0.5006148150032423,0
0.10819826218607953,0.6741762926803891,1
0.8371857521570609,0.8233794355276168,0
0.32896073483655786,0.3728296576897103,1
0.5958710020482986,0.5644952664896837,0
0.7475317152670594,0.9824580389295472,1
0.7864944213525342,0.42640563736066617,0
0.5995525752722249,0.7090665761624375,1
0.7553661806406465,0.5094454060377682,0
0.04741185842230189,0.06745163577104585,1
0.7451605565862363,0.3032422216461318,0
0.6656500640353988,0.9087959041980758,1
0.9527262944208333,0.11853735141967092,0
0.0205403123684601,0.870424322584041,1
0.8382673684608444,0.5087091214485087,0
0.28360588690688593,0.6452635435345255,1
0.8527505289228511,0.2659496283583883,0
0.2251119472443336,0.9376860118959661,1
0.8828550588317607,0.4864550234717149,0
0.18433435031201784,0.6903119011178795,1
0.9287588039961405,0.4583437466932856,0
0.20656970515327433,0.7801294500839466,1
0.8828923626984632,0.10190500211721165,0
0.7177829880576879,0.8990807599169555,1
0.9099217065891063,0.9440078998664125,0
0.5414279303523017,0.7275458257256785,1
0.6915150976499734,0.3901782590943921,0
0.6439106287722797,0.8631284709963634,1
0.5404747216207312,0.46706018427249474,0
0.2611528994357779,0.7000273390893184,1
0.4329484575562238,0.44250033088254326,0
0.11821492888251539,0.8125098563419623,1
0.5559578958994689,0.01207518802727181,0
0.2883353407443804,0.6190267461383155,1
0.8757972771382984,0.20507156756038203,0
0.297391645514994,0.31415760711946283,1
0.439394272914824,0.2825428124754955,0
0.024051092151124664,0.8674463704694028,1
0.6896992455710247,0.7279336489660603,0
0.45325793234777034,0.84407437928291,1
0.6321004523190851,0.43600038140337805,0
0.33413496296234424,0.4084801677584997,1
0.3749230978671627,0.08660913445644736,0
0.32115580260559873,0.7239966052534202,1
0.668008274697514,0.336501244306903,0
0.09798107158546387,0.9219782356501114,1
0.5475073711914289,0.4352004467624163,0
0.077114649244855,0.3146949399832657,1
0.8853122350122794,0.7636785855222612,0
0.05650395564882171,0.47913366519034795,1
0.33176872203202157,0.21309545119895434,0
0.0930887197634217,0.7887618552505112,1
0.36477801293811263,0.19176905795080657,0
0.13648048062534612,0.3606820985636836,1
0.42311107114981183,0.029895992724242038,0
0.6067310763705167,0.7887009182539058,1
0.7555147192688264,0.18265340804479124,0
0.004810859485004482,0.21811884431392614,1
0.4158601564451506,0.21479547996222348,0
0.08400572613287027,0.09800815995252898,1
0.5768526350923536,0.2260508004788525,0
0.7665378370869199,0.9550796010768238,1
0.7713563263371659,0.15690026638921473,0
0.1302968049358606,0.5299705630481727,1
0.8954046646271235,0.09445910009378033,0
0.4283182569262527,0.9993170034448807,1
0.7886959325284386,0.32687256040463686,0
0.18839915890497372,0.6984573930215283,1
0.9258145971206376,0.7724312598100833,0
0.10138416841443376,0.8019581377216005,1
0.23439896101468938,0.06838385861636853,0
0.7064613819060435,0.8201735187167456,1
0.839580618162157,0.7575200000217237,0
0.6114832893749054,0.971829980945033,1
0.9206899276464696,0.5677699195412113,0
0.09624091941072876,0.11749673892010415,1
0.922047595715241,0.8273149253370494,0
0.17838844817915833,0.7290699484641504,1
0.9093623707328414,0.32029155419969146,0
0.3832191370417126,0.5833280925771066,1
0.7891930120210927,0.49212399003422613,0
0.21911226735362777,0.9072105089672663,1
0.8652409904938121,0.4115954078857157,0
0.12438720435171868,0.24640382999069954,1
0.5247133605632083,0.03997590879159485,0
0.5281954813326337,0.7745802441434914,1
0.7600794153412472,0.19352791716545492,0
0.030283962660246355,0.978968104666906,1
0.8464497026794857,0.3732093569663417,0
0.4404481560344401,0.764906808652987,1
0.8643358532445321,0.43240901971645385,0
0.12578329455182857,0.42157474089221814,1
0.8212718412583573,0.6948668246286541,0
0.06591559979329831,0.4676990072700299,1
0.9231908798378491,0.19338858439062656,0
0.12727038358288,0.5219476462759468,1
0.979208101953811,0.022149291023700335,0
0.2563825504809376,0.7580524586187914,1
0.9226387277708843,0.1978669018790331,0
0.399174603036048,0.6729035851559305,1
0.8388410232895789,0.12373382850935044,0
0.29554042538138003,0.7969474747469424,1
0.8367325246852134,0.3594469676761016,0
0.2168221350317563,0.786687449360743,1
0.15167758599825387,0.05940638008911414,0
0.07564752098705485,0.39335196824538865,1
0.8525334557589119,0.7754867017784471,0
0.0199160808444242,0.1909936778120237,1
0.7319130477044188,0.13716496644214393,0
0.010229173489046617,0.8269858684308613,1
0.9469396067118001,0.48091774729383785,0
0.5256859117581809,0.580196358957381,1
0.41321199588688373,0.20254756608592295,0
0.3576168706967048,0.4424382476389387,1
0.8104550146995495,0.7390979932667403,0
0.03340442997355564,0.5119074750536146,1
0.7292893212526922,0.5219594399718214,0
0.32584844708443383,0.6328061553595633,1
0.835765611300896,0.13615736502431552,0
0.20740768661549225,0.7937162513117124,1
0.8774267660310515,0.20005202543542833,0
0.03776694946091563,0.1218624341570258,1
0.459174571354519,0.04372948389431086,0
0.8067608887695188,0.9997177917812187,1
0.8836167004564993,0.037316267729490815,0
0.7577793265293258,0.9052942963915354,1
0.8441153175024733,0.19661804393153715,0
0.22547266966142265,0.43784731472699145,1
0.28973160968663314,0.20431710671760772,0
0.20814430822658003,0.30157028619332504,1
0.6567687251637575,0.7064382439061004,0
0.18928104560122716,0.19066227694981253,1
0.6926096134841652,0.555181974241375,0
0.12270572461278284,0.526720056034916,1
0.6905184971537651,0.1705476963657735,0
0.48743421794878017,0.7916760315916718,1
0.30536756417974775,0.24869984535924727,0
0.07389868639935893,0.9156895632236998,1
0.8564527040422851,0.7588342434259135,0
0.01604520213590932,0.6962080061835311,1
0.8021566820355294,0.36816233553586186,0
0.09959023786286525,0.311782539591573,1
0.9677367872497321,0.5626154126998835,0
0.16928014347830667,0.9449975816647944,1
0.6783035712405683,0.4443944897077705,0
0.19887385806807822,0.621419269583131,1
0.991177766756647,0.6047554222803874,0
0.7197423676834499,0.8267174607921866,1
0.9146028382275756,0.2907800529613609,0
0.39050618158783834,0.6770198406373428,1
0.8691769288403292,0.06015157437313545,0
0.370496106519138,0.8071256915754027,1
0.819991992006419,0.8873971179704865,0
0.14711187494569267,0.3931129657409296,1
0.40783333139712263,0.3326941331047307,0
0.06726321325424722,0.7517794438120234,1
0.7571785405564807,0.261921702862529,0
0.5181103870262584,0.9546102910331902,1
0.3598185124175738,0.12433895861230748,0
0.23456482495935838,0.5185297298921031,1
0.3704239037317174,0.01704968476225943,0
0.24019574156500267,0.5294099089992714,1
0.8639930420812514,0.8642544351603346,0
0.0865534150455558,0.30089321953049186,1
0.9219636081456078,0.2908862509093302,0
0.3292440908610873,0.7688152581295472,1
0.6800382734217338,0.33690273556233175,0
0.040061049780601765,0.16187250314414803,1
0.9522031257017278,0.2882667651703855,0
0.26582599393739803,0.7934744435330263,1
0.720645771002766,0.026916460924460983,0
0.17641815426978957,0.877865153575617,1
0.5732442346998372,0.26654329286474254,0
0.603388985789597,0.7482080752444602,1
0.91813212966656,0.5924206574696369,0
0.28945925305272957,0.32907409816972377,1
0.7626954168796009,0.17784266493485645,0
0.08132322169429951,0.31606624108422,1
0.5742114616600407,0.5748636861361638,0
0.36725306753131637,0.9416715215300053,1
0.5702222497492792,0.21557965278198288,0
0.00784385061811288,0.9788876565340139,1
0.9395009128410748,0.3248486007190684,0
0.1608611325312076,0.9906521791339038,1
0.8539090429701323,0.5722522702279899,0
0.007215811025606644,0.7721875444555536,1
0.5610728522129694,0.14101402104964722,0
0.47469039628392307,0.5076014799438077,1
0.7460338775720177,0.5597992359498805,0
0.4085548207342006,0.8876728542544282,1
0.5810064794017663,0.27654324967709387,0
0.060390763648169754,0.3126313573419792,1
0.5215143031219116,0.33748169594047417,0
0.23288999426860713,0.5710300194318353,1
0.9121538862267514,0.4605763573600762,0
0.4199666452700713,0.5096731081462922,1
0.7384329661728755,0.4562804329906819,0
0.6133575419971902,0.8453661676104316,1
0.661135000514492,0.3084942598249666,0
0.20980042779010144,0.48569097486302115,1
0.6084517193493868,0.2731645535910384,0
0.7200898298266053,0.935555857926388,1
0.7934337955381242,0.3678855344850085,0
0.4693178610726886,0.6657449695298903,1
0.9014173884777377,0.2015990619334771,0
0.1291922108184833,0.470509131686343,1
0.49381482130063115,0.4849651320538674,0
0.5986379866539083,0.7284991972404886,1
0.6830184350952198,0.65590582502334,0
0.3306208692037955,0.38371347943185796,1
0.5666221544328275,0.03604235843440373,0
0.10702400966231063,0.19678875071721136,1
0.8884839662465809,0.4725265158596156,0
0.5911712393862666,0.7482169252161004,1
0.6274342754176666,0.14220166961448466,0
0.48343037660406973,0.9328068281856434,1
0.8122560842626468,0.6539364623424536,0
0.0782650038758077,0.8810771159071429,1
0.8624784261026197,0.49219617177663033,0
0.19978338975109455,0.5892615824185586,1
0.3901940079556989,0.2553556407119729,0
0.135917647397664,0.6088282941150226,1
0.9760496110138323,0.7528694334874784,0
0.4177908832499281,0.6569258497060346,1
0.48580380216320784,0.2810095957904032,0
0.40305259185232967,0.9768562244930638,1
0.6507035969107613,0.27158521061766905,0
0.005063784678971617,0.8770296968095789,1
0.7987159890120376,0.3916699163189997,0
0.021315491508496653,0.7385767266346296,1
0.40556392194639623,0.4142536168278812,0
0.4890158107427677,0.5751580958328882,1
0.8600920374682948,0.8578878266302773,0
0.20693831220316694,0.5623194435370457,1
0.8550068844412048,0.29174081273652597,0
0.7294659048281352,0.8502251066848815,1
0.8081910740209775,0.7170866835068157,0
0.1728065852643259,0.8249502511624349,1
0.5990433638038714,0.2654467642748082,0
0.4408899967383837,0.6653711780744098,1
0.8717665299977291,0.21820288757036654,0
0.05542345381168001,0.8215141985487048,1
0.684809339076982,0.5744563328035457,0
0.42480392636885633,0.990058429829674,1
0.9810439936736636,0.9867140458967709,0
0.13483212088817953,0.48391792417891377,1
0.585186203632353,0.4287101708719132,0
0.33541807313442173,0.8431988132970087,1
0.22119535398171164,0.4893684815769447,0
0.3294542865705239,0.05203695589540924,0
0.15122313830570933,0.5796472388811683,1
0.7702076902789393,0.8293758933240026,0
0.1510260054406124,0.43267628261204627,1
0.5276183386520907,0.5074374471633316,0
0.4599171021192484,0.5705145440845432,1
0.6253342468321322,0.8012097627596547,1
0.5809431474443196,0.5960093237466547,0
0.14255664301242754,0.5292644237991369,1
0.9219861083673124,0.5915559159439105,0
0.5386784890128765,0.304805948382879,0
0.6358415675748745,0.7826442325813484,1
0.8311238095946132,0.47427902685855206,0
0.5140842112259217,0.9893701214746089,1
0.6615097709359699,0.5862032612225028,0
0.33772902271683936,0.88186669134382,1
0.39908236773115835,0.06816226633607281,0
0.21951398658833943,0.6571671323378913,1
0.6926871562817679,0.4601657046834934,0
0.3327801657876549,0.6061068059946358,1
0.8485584437690789,0.37230552528828453,0
0.15602381479798155,0.5332294721211084,1
0.47239453473313964,0.4045404987856148,0
0.030831054391315504,0.42852398443537476,1
0.8056711355967066,0.16173855967759587,0
0.027649793340824513,0.7783339753234612,1
0.227533582677373,0.03637021715760791,0
0.2971152401849011,0.5259411694514995,1
0.3986979253740174,0.013122222228768465,0
0.24582153143790275,0.7662410750008924,1
0.6460963214102662,0.2291121736852023,0
0.08988096514206212,0.8015118679716247,1
0.8953467601630272,0.013492107463467407,0
0.13545349208594926,0.8006563405204333,1
0.8740318080226069,0.8123768314964201,0
0.09985683718451965,0.8294449740491451,1
0.4649946793119868,0.4438789509066162,0
0.19599801033537978,0.7151388754325955,1
0.643034359254968,0.20736961891241001,0
0.08584400961347749,0.6354995655379057,1
0.5604770349045544,0.2924210987637934,0
0.1938993932318912,0.19624222528933488,1
0.056714732304535165,0.11679358866897693,1
0.5864164905318338,0.5814348361078782,0
0.02049035781972186,0.47860026917775833,1
0.6457845880526324,0.44007544693387335,0
0.24124085855056476,0.7660855454584182,1
0.468315505871447,0.2391700595803945,0
0.6761020338359917,0.8155075300236415,1
0.5169561421049419,0.2722173302286466,0
0.1457815605273789,0.6846704838859743,1
0.9210168748690833,0.23681146820148136,0
0.003190606661562345,0.6794682724770941,1
0.6430960656757682,0.6960803828110224,0
0.03516872958673212,0.6707913145636861,1
0.5087598881808089,0.4338987268366937,0
0.3578182875439424,0.7776524564087717,1
0.33801402922115587,0.17964224822953268,0
0.47506756347749146,0.8942197398953801,1
0.9432597830784175,0.2672590113073414,0
0.09439474671041181,0.45211120606394695,1
0.6541666988493275,0.5573594668536347,0
0.18613671911786933,0.6758663406713645,1
0.7346821749397264,0.6714583903813381,0
0.6217055843124178,0.7286179435649892,1
0.8711059016148562,0.07911969913263062,0
0.6730027128689792,0.8375637948105252,1
0.9941824857740847,0.10753886806797774,0
0.1392627969971747,0.28362617312529237,1
0.8764632879012286,0.7905398577758626,0
0.3646832510713781,0.5415662707599863,1
0.9151230963572708,0.6460383612199695,0
0.40080944084500303,0.4736257656658007,1
0.33298126747964574,0.04788542598880485,0
0.3016270221898857,0.8326631318756346,1
0.5961096312878387,0.4000592446393191,0
0.07187007512048127,0.18447345797383152,1
0.6301952977075853,0.3851526165798995,0
0.2345121678751637,0.49196852668521385,1
0.8206056671305686,0.038576650355181985,0
0.3172977368597497,0.6126034676571154,1
0.5513738520689533,0.084553479843412,0
0.7087428497319277,0.9378922821279355,1
0.47412609715643483,0.019351387260066355,0
0.057272602916424886,0.14735559873577186,1
0.8310749956202876,0.4512730349999934,0
0.8080650236370833,0.9586570108945263,1
0.4989019535988576,0.26600362340888617,0
0.18364984252463545,0.7490078691727908,1
0.3839366649137037,0.3926422796780932,0
0.38887562406241527,0.5673603182790097,1
0.8662221428299793,0.7991653523825948,0
0.1305347051784782,0.35373281095289977,1
0.6087763501967314,0.04064147685982478,0
0.6105264118073216,0.6753018010459112,1
0.9071721165978143,0.7272379224508385,0
0.054156313166232706,0.7277325854033864,1
0.7494390580160327,0.23931437762958607,0
0.4501190886296692,0.8935100287880111,1
0.818738319709126,0.8020514002794636,0
0.28212367794350424,0.7331148524716117,1
0.8540117234214049,0.9479460376603359,0
0.14702213211058668,0.8523241968123588,1
0.6906258252583324,0.6319676879484073,0
0.5341368325364344,0.7805867359283208,1
0.6109498729410661,0.22166178328295905,0
0.43745877289550916,0.4820426483257779,1
0.9579062096601604,0.040009770358813035,0
0.33635908765008915,0.3919142904327435,1
0.22777972029284688,0.13971417295172384,0
0.46799970387801193,0.7105254478722373,1
0.3818044332471313,0.3882717805577588,0
0.09067702180059822,0.47295180286371097,1
0.8132190592065636,0.37267889208535543,0
0.1644714841068201,0.7458843666067901,1
0.5371927457049138,0.09552329371291701,0
0.11059720648397986,0.4312229666922571,1
0.30122466318339935,0.20201892531776233,0
0.17229150290757966,0.9706831719850345,1
0.31801128079543395,0.1012169872366181,0
0.531871524132905,0.6775391449263375,1
0.9160669252888807,0.7855506932141172,0
0.3600868776853797,0.542852201478053,1
0.6250005522176821,0.5931732477398487,0
0.6102335214441107,0.6790075106595721,1
0.9012790644567773,0.433094070144734,0
0.3783528264742245,0.8520341354973173,1
0.8558076530018439,0.615318882092839,0
0.11400902498083887,0.34072877887703334,1
0.7018776260852921,0.38694299968441603,0
0.24387457878588426,0.4695559408223381,1
0.9397680520626702,0.6747068146332181,0
0.22793021001597413,0.9183949850087777,1
0.2405167614193936,0.11157126040700993,0
0.22837733699707663,0.9763607092823359,1
0.5720766648705445,0.499446995909239,0
0.027796456141563786,0.1454971585100383,1
0.8718792302906045,0.42047188356725185,0
0.5719153481619541,0.903483034386804,1
0.6345663702410582,0.05837095470624676,0
0.26880183322429885,0.8179249703852289,1
0.8685396372570671,0.6525198933356079,0
0.4318107516139622,0.9815792971850414,1
0.8510639257088738,0.12575256525707723,0
0.6280496444549085,0.8728835008833503,1
0.7840908100766527,0.3977450581023235,0
0.40723483187921594,0.7895294170957777,1
0.7359114998481218,0.14006386396661907,0
0.5678950885664837,0.8822706830971515,1
0.8540542660126068,0.22136967865403656,0
0.6218798179477707,0.9682700123436032,1
0.9551222639563399,0.9818683568502462,0
0.250131740932937,0.3666679136460107,1
0.7464352505943666,0.4235238601248189,0
0.32454548321430565,0.944470563596683,1
0.7331924802550918,0.20537981439998598,0
0.5544804145619954,0.654153432558346,1
0.876507262675925,0.08929078480666675,0
0.2090114644201292,0.8552931258874342,1
0.9628405004188001,0.42745467763664924,0
0.7543151949164556,0.8602573960594221,1
0.3492249146654546,0.047216671673330435,0
0.47244603083977366,0.6201433906857391,1
0.412997607816753,0.17255167074041178,0
0.06691655625319515,0.3902905046092484,1
0.7980066186495607,0.9229272412007672,0
0.1434300629160592,0.45370414098101797,1
0.4011182116088876,0.02837505848791333,0
0.23843839375595854,0.618790308030852,1
0.8815840651119136,0.4486397074820877,0
0.01218683161363443,0.5928075194368724,1
0.7737978742566272,0.778216849390825,0
0.05360242140301519,0.11997644906573313,1
0.1635859708473435,0.06358826226697722,0
0.08257284932274844,0.602091707751671,1
0.07083347885862434,0.04568534588435902,0
0.2295112547964513,0.8140671268917414,1
0.8297746684976133,0.5219146926365442,0
0.27999803278472635,0.9363912238003261,1
0.8238181103721995,0.8594992999132985,0
0.25155323134528185,0.5663266995909627,1
0.36867034876698734,0.35090096919751224,0
0.2686083361731161,0.7219152089686974,1
0.9623926409916004,0.44889626228727675,0
0.21368234819301635,0.3242860364739997,1
0.9334481186584079,0.0007687318335781734,0
0.22370489749726774,0.3059238544709566,1
0.5123719642063579,0.32352662767048423,0
0.11305343841534121,0.47757264623819595,1
0.14058706513937258,0.014822802888385667,0
0.057524842513120955,0.9747920619545374,1
0.23592892889301742,0.22246827689945148,0
0.09772866292184279,0.6318328128594989,1
0.8495319313299021,0.3809284193910687,0
0.5169705989272387,0.9094470654595922,1
0.3306689974114707,0.02775528013155948,0
0.3552635558356201,0.4142580274919422,1
0.7069331753459699,0.016317306878665505,0
0.6135184540504989,0.771605790987214,1
0.9785954502675701,0.9202141338128227,0
0.07023816616133538,0.6850183161980097,1
0.2244908146259268,0.13487328670394383,0
0.12049426092912663,0.9561245127202359,1
0.8145282066181849,0.5996820509301811,0
0.1772121397740628,0.6813150771836229,1
0.5409102822494273,0.501873149294948,0
0.6132209864651282,0.6628149699610258,1
0.49948835893783916,0.17242860232279078,0
0.15280218413294544,0.17837872270272248,1
0.192929053067612,0.06979898666623585,0
0.34426609314136214,0.7828064799191965,1
0.6908479487372676,0.37991691914652725,0
0.19188086337389199,0.6588494554390385,1
0.5503960259362268,0.03898373928731347,0
0.6101991091680218,0.7325410769437825,1
0.7752412461834558,0.56928013709196,0
0.4657064722776433,0.750864078066413,1
0.7302999986163217,0.19538628275779213,0
0.10270659832538453,0.5688846400900988,1
0.34277574843951386,0.020905665881736923,0
0.4895711337526485,0.9141573090284197,1
0.4425007379177057,0.43566642622423923,0
0.379520854485629,0.9022826005620225,1
0.8508441011029633,0.41610030594253733,0
0.04159589221471682,0.4159440505919524,1
0.988271951273858,0.2617479325191143,0
0.7581900157267956,0.8707140855823174,1
0.2541741166572863,0.15191665656051556,0
0.48971703431445646,0.7583656470114555,1
0.8724347451954694,0.6807962669567644,0
0.9939441089584513,0.4518466835955306,0
0.0011637380137121678,0.2878550240239186,1
0.7332073641883902,0.00794741594218662,0
0.23177737809974863,0.6003583631922261,1
0.9094658621650755,0.6069887654338771,0
0.07188898151144962,0.6638434876329263,1
0.9903063976463721,0.4634362814062777,0
0.41517357951069833,0.7340059124632401,1
0.2541677221850899,0.12083712843628158,0
0.36720354307734016,0.4587311194303575,1
0.9524331664840372,0.6693284526427796,0
0.7043053801217359,0.9503916005735996,1
0.9748380034538771,0.9254844088018293,0
0.2402594744598484,0.43659721757934944,1
0.8641513625074698,0.44757427199677136,0
0.12278166832448367,0.7178931005037326,1
0.8883471865546045,0.26282879363401823,0
0.29650337673055116,0.5297156190016187,1
0.7093638438020334,0.27572031433427713,0
0.10192818663152936,0.4971119548273737,1
0.9958404511946518,0.969236930644466,0
0.2854460794905389,0.9048210000876713,1
0.7468555814243225,0.3408338329480892,0
0.5948926364357575,0.6940005594649836,1
0.7874588642013137,0.6312720191504534,0
0.26089253747211405,0.46404448040407575,1
0.5910650904603062,0.5902837536652976,0
0.5929452108295895,0.7513619903967063,1
0.9506377106153643,0.5804661276668655,0
0.036016221500368095,0.3120670533495996,1
0.3570913173755632,0.2761545582269942,0
0.13618583513916316,0.40128395715295095,1
0.5115642138171377,0.3070309719354849,0
0.14826581205546574,0.5825450646671909,1
0.448117039596612,0.11114042438618643,0
0.031924075025770327,0.5267482070934518,1
0.9145440561352927,0.21909978227643956,0
0.19242884332416044,0.4219866538129202,1
0.7172466089516538,0.10512559599194382,0
0.6546704724272961,0.9547529596331069,1
0.5421187787748107,0.20027984269173915,0
0.07467363699026841,0.5704336701234084,1
0.44177560829229867,0.31979421722145296,0
0.31569596216290585,0.6188070293050896,1
0.3680643040323992,0.354274531948771,0
0.16688784126645617,0.4657621563926315,1
0.42548740521390727,0.11092375421655676,0
0.24260381114576257,0.3103181107867715,1
0.744214814059871,0.14715195945363968,0
0.3006575595455486,0.7245398498268275,1
0.8853452716694742,0.2832792346098807,0
0.11488542237030708,0.5743015955698119,1
0.9082555196160428,0.35382753926646693,0
0.22477931467399603,0.8942362959200515,1
0.5666703745227064,0.1519226765042796,0
0.23832444656699237,0.25984506982011035,1
0.5729076372874503,0.2304979452659368,0
0.7504195001419136,0.9397117155095217,1
0.9749547559959238,0.875905308721285,0
0.3362272354066068,0.8420813808466435,1
0.5212371098040925,0.007795261885544136,0
0.03789078317565042,0.3388273308801423,1
0.922300845866366,0.5961251705884547,0
0.05958265751934011,0.6369891161058654,1
0.13165114056570182,0.09762019520073151,0
0.0955330318289973,0.1731666367900354,1
0.25217251314566846,0.594023989288298,1
0.8108921498287618,0.6684177397426595,0
0.11624679464996346,0.5077147725645729,1
0.537949089196367,0.32342347926776194,0
0.9793131843488819,0.16743771034168975,0
0.2597888826873017,0.6512394661743829,1
0.9764418900925865,0.31006981243730936,0
0.4821089712954931,0.9704231499330276,1
0.16291508216519457,0.05175390862291618,0
0.45302667894381776,0.8728387016135747,1
0.6606751082383464,0.006354857375630907,0
0.06188919984644514,0.16031385680199262,1
0.8704689123778847,0.9596948406296916,0
0.4736732092573511,0.7060878020005742,1
0.8472483957238176,0.9662401855236877,0
0.1021772345209101,0.5005613080245014,1
0.14867549829540305,0.039023623386530204,0
0.08239026883074829,0.08541994095764383,1
0.286313386186388,0.10783722200152956,0
0.1989166549820296,0.8184641012937643,1
0.23234560035915053,0.21129537120957442,0
0.725140417981899,0.9427162946275789,1
0.9588268173600953,0.003904362004153894,0
0.3902683348643461,0.8000800018844254,1
0.821566509265013,0.2129370597173854,0
0.30017215185289625,0.4516866884258355,1
0.7094382802560444,0.2293618783442315,0
0.2224343701143271,0.7395900353461993,1
0.9472365618412762,0.9284727071039797,0
0.2547569351087533,0.5116111608976722,1
0.634986654128708,0.15802376278328623,0
0.19297768724842157,0.47904636996638017,1
0.9184323355046039,0.8334771791669521,0
0.26889795365412916,0.2779756145098461,1
0.9282825802274649,0.9002234120584891,0
0.23990295701799103,0.4880867020633729,1
0.6802999965249281,0.3438196877805977,0
0.2923404802775459,0.8282443353294549,1
0.5919022369640158,0.18874383758593094,0
0.1771357016153191,0.44810969379659626,1
0.5578988904421847,0.3859687182690349,0
0.013744075470405903,0.8780847787600767,1
0.7864565103086595,0.06328936383745809,0
0.7539001517148756,0.9282466956409642,1
0.893557996732235,0.7915592418655251,0
0.38938707599732314,0.5436411140554672,1
0.7654746225713438,0.8059354103046635,0
0.24390636989289494,0.9235241740920044,1
0.7912368790104772,0.7655683761907526,0
0.5554957651835837,0.6403957263597082,1
0.6794973593595844,0.645489894988668,0
0.17326913558299328,0.6962501423290214,1
0.7598463849643443,0.6824531322665579,0
0.21825284607644468,0.599449094626796,1
0.8685027222603432,0.48036517257238065,0
0.09518919275599302,0.5470359783698506,1
0.7773703278357489,0.7590284014207114,0
0.3026568388529205,0.9047428300608679,1
0.8783561182769903,0.4178549610142538,0
0.09178694231588891,0.13442967593543298,1
0.5139634700773803,0.13086031468631099,0
0.1450034811480776,0.9923043915934703,1
0.7981745077987007,0.7627116278957511,0
0.08299874712499145,0.4949925305172711,1
0.13220750850332896,0.03729148658899817,0
0.18787508741065995,0.46532739498773157,1
0.6490973952406873,0.9500177031314133,1
0.7485058035731235,0.4172616573037482,0
0.08829828245494031,0.6821426668985786,1
0.9446039013002556,0.8455934710600991,0
0.4121451125276182,0.9441365228457268,1
0.6640779995699491,0.2783239526597737,0
0.255272445253794,0.29165611406843206,1
0.42251797696438353,0.34183038827226575,0
0.07609198136052153,0.15386420103644916,1
0.9753260867092524,0.6224040152387137,0
0.33300196164604057,0.6660457536608486,1
0.48144782080024373,0.18606495717266514,0
0.27160877814210926,0.9643037154088565,1
0.47135634494030687,0.2546787057495753,0
0.6047227158190827,0.9440072028236326,1
0.6254429179382646,0.232494178329686,0
0.08651388843275731,0.651719532279972,1
0.9638848213648379,0.7100624660830748,0
0.1485937434077832,0.45756942245708554,1
0.9278271788128569,0.29115416928242654,0
0.4549760646395705,0.9561155155612441,1
0.8993171286995469,0.8970633773415034,0
0.23080475551083302,0.6358143542865813,1
0.7496830397710301,0.7658481495277601,0
0.7058369451896537,0.8099122722426682,1
0.7718920638862588,0.0908157603766645,0
0.21137173753573468,0.7014225402212554,1
0.7100203800180054,0.39009624959999656,0
0.21476297120222332,0.6475209024608315,1
0.438727949010853,0.2281048092743877,0
0.34340135388504267,0.6165716608533478,1
0.7762465103774615,0.6269660455641977,0
0.4324064122315241,0.8335039440150704,1
0.8602910108091687,0.08722599402206865,0
0.054988226945858476,0.16796244286749917,1
0.9606221924433525,0.06044763939839881,0
0.21553384673960563,0.5694873561962787,1
0.3740380802810034,0.15404949520452704,0
0.34291048847420214,0.39116056242666697,1
0.6241776249046055,0.11027737046973318,0
0.05917280598871588,0.5975817116218292,1
0.8374938800697627,0.18409325814802058,0
0.2947693929882613,0.7180214926862368,1
0.9255988148764621,0.8422010079719792,0
0.0926401974331249,0.11708271458145447,1
0.36908623276139496,0.051884783707495385,0
0.10352182810822419,0.23240258662806468,1
0.5442726581671024,0.5396465982137691,0
0.10083661466457017,0.674488255790878,1
0.7442354969688459,0.30808857473280093,0
0.5526386826548262,0.9700878321957087,1
0.6323747414826182,0.16319125725785733,0
0.10795532886321457,0.9789642836967182,1
0.44371103262619105,0.28079920688235493,0
0.7312319923450282,0.9563592007467695,1
0.7972932503335755,0.4732968808542384,0
0.5501274272141913,0.6522280709413026,1
0.2829347574520191,0.06857402156747072,0
0.5192927862593079,0.7158829764336551,1
0.9877997834586112,0.3627136321119514,0
0.01229027773241509,0.28883612359139865,1
0.8660760177750029,0.3599149589827223,0
0.0252429466483155,0.9978894494871143,1
0.8874464113485828,0.9826043269432218,0
0.6792415372000271,0.6527677136837852,0
0.6685607804170314,0.7732590234098662,1
0.9606929464711614,0.7606844741111655,0
0.17581221913689604,0.7082223949989122,1
0.510671818577793,0.85854991442032,1
0.34255639245288383,0.2917766710726797,0
0.11106887874549387,0.982726218094546,1
0.5944997611931058,0.3278603620573377,0
0.43066133867201273,0.9928727590540738,1
0.4090622834009997,0.12621734258044892,0
0.2604864795091927,0.3421113808398001,1
0.7374875262388879,0.2972383315404009,0
0.7265130783975118,0.6341661448401255,0
0.24868398146766446,0.37341739969131726,1
0.7619542073196549,0.7423467170468795,0
0.2491165569451157,0.46871776556241007,1
0.8352064274580726,0.44184481002279175,0
0.4978115285760847,0.7416567875504375,1
0.5508689867105325,0.24609403800832597,0
0.248866013563942,0.6370841169360137,1
0.6035521126660475,0.5039161894995422,0
0.2704938066647232,0.9421678727829319,1
0.5460872063565907,0.1407477707860013,0
0.11127801649751679,0.8406535027243159,1
0.37622332852967644,0.24852525036234463,0
0.33484336556339434,0.636103757123199,1
0.5465148459411279,0.3329012439489957,0
0.5331397158070116,0.8180104481455477,1
0.6145493588877916,0.26608908460776204,0
0.16340857407032505,0.46838597711577856,1
0.9787732301412906,0.1286988501909524,0
0.6584851037539045,0.8796598003766922,1
0.4651372222374527,0.2669083566603824,0
0.5353305300642847,0.6660584841834619,1
0.15034692260375437,0.11270335446638391,0
0.07100092367800526,0.9677720301946474,1
0.0803447683983004,0.07660655800749239,0
0.23039581780483476,0.7346246048375413,1
0.8124576477332596,0.5268489392162828,0
0.09911279980677778,0.5432381336347422,1
0.6392961866769339,0.3152032442833782,0
0.19511456284509732,0.4086622115696257,1
0.5573838305595149,0.17421744016697194,0
0.1229210936485472,0.27555452281403714,1
0.47052877646514046,0.17830485122318862,0
0.07370566347161489,0.36142419874280174,1
0.9015244430534741,0.4091382383340696,0
0.3807690818441214,0.44312821770818056,1
0.40684980290729533,0.15624000859920362,0
0.1958869367560555,0.49338890233250865,1
0.8797952552266162,0.07527673223436271,0
0.47527738447852064,0.8871566765988196,1
0.5238326793922419,0.21586836429608236,0
0.5380046995847853,0.9991246094838782,1
0.41228283126330767,0.8878347669743593,1
0.7930693955215232,0.40314950463846155,0
0.5487572522794515,0.6248397563612487,1
0.9895250086053908,0.7276755722204943,0
0.9164915690093761,0.4727976853432766,0
0.15347506028251623,0.6363443886684849,1
0.7481127613197552,0.5200230819864117,0
0.2804059466507379,0.7105398606311725,1
0.6972627170962239,0.21769273797016386,0
0.20538393327101445,0.2872304681111961,1
0.2809370816165915,0.10246919850710312,0
0.31928863534876006,0.8566534624846169,1
0.5864914434137524,0.2734500909169756,0
0.28400088146516556,0.8859240794637102,1
0.65895921806733,0.08612228315127435,1
0.24810836021016414,0.013541141668590329,0
0.1215498585171092,0.9745869680020774,1
0.9724331889186527,0.6267413784323631,0
0.6514747114239207,0.7882216948554304,1
0.8867149673265763,0.05464889316421451,0
0.7362609747517174,0.02836988915392402,0
0.3886772650914473,0.7591310333510627,1
0.8716114877718875,0.7337679615840447,0
0.46763046662878405,0.9774202985106724,1
0.5390829537959966,0.2368416839667018,0
0.3835231346028205,0.8365699696691339,1
0.9752075382267261,0.60313476170184,0
0.27689281561626344,0.9743058477476628,1
0.5862006823534696,0.7738481205013381,1
0.750577621228963,0.1618234629455525,0
0.24638037212454622,0.7514873702449808,1
0.7095034783043155,0.3953486122917306,0
0.9424858351447328,0.823932448836108,0
0.5258799331314955,0.6832070073050052,1
0.980806688111533,0.9317807884979553,0
0.11216970751251376,0.599948233665405,1
0.8814807458894844,0.6209153851625062,0
0.4032769086996757,0.8864159605555368,1
0.7207874339231898,0.2508923197578693,0
0.3403726365942731,0.051061652939674684,1
0.5767326689746357,0.7861724773482746,1
0.90192728836716,0.5226024997198714,0
0.07931377216392799,0.5441673699459154,1
0.7267996788458992,0.05789268825370597,0
0.6014525726133253,0.9462744386867314,1
0.8584843272837489,0.28722064714606954,0
0.23064376641612827,0.8976745714542873,1
0.5743373514113642,0.17520350014318875,0
0.0677511026789478,0.3191009386716458,1
0.6520843336422881,0.5705569526554236,0
0.4485828877936484,0.6184484650494741,1
0.5335875214795146,0.06065293258038551,0
0.10277701277475082,0.33295332424898183,1
0.9739916220615522,0.30706369782299703,0
0.6820171483527683,0.9807105485297616,1
0.7967356577650846,0.7814886537805911,0
0.41448058336277205,0.6593073554336026,1
0.5368769281685657,0.1331075836560014,0
0.20229354899528373,0.7867226278686495,1
0.5710657149209862,0.1379655447532928,0
0.3744865674902812,0.6389417719708822,1
0.42931923447796216,0.22472873241128744,0
0.35700838600538,0.576672998165346,1
0.6089146127801482,0.24470617245418969,0
0.023089465710522172,0.1853741199492731,1
0.45691895894374557,0.16327824565470628,0
0.058574916583601366,0.4853961836303311,1
0.9197709888877214,0.5589343623852077,0
0.21028759533224783,0.6140472833645436,1
0.5208543686433578,0.4031103946618254,0
0.08461280879051303,0.7873953875430931,1
0.6371919545431072,0.25505528257396737,0
0.6991925430055258,0.8278699762464968,1
0.6608004657380587,0.9655567673999584,0
0.5229856002961889,0.059300368722587704,0
0.11120212213619751,0.9317068369274365,1
0.3839324097597965,0.179898580762896,0
0.23323636035010842,0.29525770794573636,1
0.6253918249473017,0.9216594881471022,1
0.9975003828438034,0.3619246433397151,0
0.2189678642039946,0.5926515382912058,1
0.18696468125558363,0.13969464952618016,0
0.3296094313615924,0.4947838177378433,1
0.7176646892283389,0.4918496411898856,0
0.39367682782267477,0.9169128815334263,1
0.14167934128296533,0.13212378167100602,0
0.22353512338108017,0.3022504672996146,1
0.9009716292664444,0.7492410879746966,0
0.027465110228667045,0.5020454642136866,1
0.44318631502338535,0.14250794189893068,0
0.1882450874057402,0.8391994751575121,1
0.7878281753819152,0.3232648382225789,0
0.46631808394425034,0.8996445723839835,1
0.7643955884233649,0.7613854635532662,0
0.16979841054424794,0.20048713477914315,1
0.9336261437324502,0.5684883250795443,0
0.7493460826091012,0.9156113186526719,1
0.5652370324042357,0.03207509992508606,0
0.25713981217796433,0.583327752029938,1
0.48261858668961966,0.4797518955887359,0
0.44817077175941544,0.7231271536016779,1
0.5280408384223206,0.010377304910864193,0
0.07758882836012848,0.12179236678649552,1
0.8715518313134683,0.8363743564208984,0
0.8045500962261292,0.13237210138272237,0
0.1742491867616237,0.8518354751012381,1
0.07892694100677933,0.5090500455795921,1
0.8583340438886147,0.5795798199042885,0
0.9851360305268247,0.6281707806518739,0
0.6236835772861973,0.8305925496437071,1
0.7863947583368425,0.8191438950256177,1
0.714236589786205,0.3657005357167975,0
0.41575284463086104,0.6632859154387428,1
0.8820380310267505,0.5936441081554514,0
0.4252404244718875,0.6831202622217446,1
0.6079198482413313,0.0072242658650248925,0
0.7265258586073675,0.9457181499894287,1
0.9681678590017484,0.2782734063109402,0
0.6107604205904812,0.5041890722485922,0
0.5812846921440855,0.8426429863087856,1
0.9341866556762571,0.7915759344690605,0
0.12454663564023605,0.909538873848954,1
0.8039603160059283,0.007515264210949502,0
0.8234342204153704,0.9946697318661764,1
0.8295615468398975,0.10181544947713739,0
0.02048386512562239,0.2368010687683776,1
0.783080516921795,0.3352201385206941,0
0.7997573663223831,0.9328933349996962,1
0.6421765111590656,0.6188919739913936,0
0.05188610498588897,0.25555205123162905,1
0.05814981662105445,0.47683773893433024,1
0.31708942428260134,0.16318478364441258,0
0.6379485652403418,0.9604388679809854,1
0.7412731200806537,0.590673083065771,0
0.004241975363750372,0.8398965366367176,1
0.4885030761006428,0.0550948084524534,0
0.21177653543774455,0.5174732879495005,1
0.401528435561859,0.1694403235541283,0
0.3043664476228797,0.8403187507902193,1
0.491977232339162,0.11703668595052397,0
0.062010519656229834,0.5045659801863588,1
0.8519174092597901,0.13397905594934223,0
0.7103058391934478,0.5320448231897261,0
0.604272523628273,0.6810586210479372,1
0.27287273431518355,0.36518102365591154,1
0.5843910875871613,0.18858887898031884,0
0.16503766697136157,0.40451911414940256,1
0.941919235292264,0.5959971415355622,0
0.31487630577462844,0.5210123527387789,1
0.6485403602175163,0.3534433340868064,0
0.0304179126308044,0.6513223165087312,1
0.1294338817680316,0.03139261542201832,0
0.01593197426637427,0.7022610004809411,1
0.8524945531240647,0.052824175314146404,0
0.13172525226618603,0.2736756300443749,1
0.4090091904535561,0.19809039302967546,0
0.539486788551593,0.8371666691891388,1
0.8394999470332268,0.8950597376624422,0
0.5455443234941608,0.6185117057764351,1
0.7638905304061827,0.7640641457350658,0
0.8441971117525557,0.2634192228594038,0
0.3445225499775516,0.7273824896107708,1
0.7518446437421263,0.5427772181109676,0
0.5776242711337345,0.9027141106781101,1
0.9908746239638044,0.8978033749624671,0
0.23313412391727806,0.25983237184125507,1
0.9748227223501272,0.691255450706301,0
0.5497194356637592,0.27674171412936144,1
0.1061057264465115,0.9784103232621543,1
0.9809727012406728,0.45490475925243967,0
0.37047824187543565,0.4546783861370516,0
0.12033877169113161,0.9917997436270685,1
0.8111460960925854,0.2565324310097147,0
0.14471432141755836,0.1605004223461739,1
0.35839407526240585,0.9505238759744346,1
0.8787036151983975,0.23554131895235575,0
0.6833626957060432,0.7282680763208441,0
0.3624999284327023,0.7700232265721557,1
0.9671947970848452,0.8527693472522075,0
0.07558947852302278,0.5579360398703929,1
0.40417146892406297,0.33020798178810495,0
0.10056451512031694,0.5009349168419226,1
0.25329435740995043,0.06868971045055161,1
0.6532869217821252,0.06261480584308265,0
0.1734534100952625,0.5485293759304268,1
0.8996017344814303,0.3865758735955511,0
0.8142578086839137,0.028789460430404867,0
0.0961678548810101,0.6302785196472835,1
0.9034767360039432,0.1141344217310809,0
0.015188300683858902,0.23404044954490444,1
0.9893197030276628,0.9951815692950128,0
0.4882428036557068,0.8262863805897993,1
0.33987812539983664,0.2817421708564175,0
0.5268662500127302,0.753099017541913,1
0.879864800041574,0.7721616599904417,0
0.2615378848475022,0.3062329933429653,1
0.6519006791344534,0.09715714111713436,1
0.6362550132883361,0.29013123278094977,0
0.41391183184023383,0.47389587431287694,0
0.19751809927680064,0.5642097887918783,1
0.800933289716003,0.5235161323535282,0
0.33977984274062556,0.9329546855889657,1
0.39733056202931405,0.10904996538077993,0
0.004555157442162283,0.9485241295192121,1
0.8188532267366535,0.639179116575697,0
0.35536480143926596,0.7695312132867497,1
0.49186780270991926,0.4544505552371687,0
0.17401245647832186,0.9211802349449927,1
0.15142487242842262,0.6882913384799492,1
0.7084691202510586,0.46021791899447906,0
0.7731145396623164,0.061695137984584814,0
0.591314527435985,0.7089971493002168,1
0.8227626685385745,0.09025326921658083,0
0.07585518161642724,0.8749054801757087,1
0.789987579740632,0.6986463460705457,0
0.12949173718988238,0.3457829049593395,1
0.29476077329281847,0.18013199826766002,0
0.721680046101562,0.954732614908044,1
0.7906346887500395,0.14065075633759594,0
0.09747538908048592,0.8199997625783033,1
0.9923347437239617,0.4298529458997339,0
0.0019964428150226476,0.5262623472924289,1
0.6764369897411073,0.36197274656909606,0
0.0072215934086632405,0.6696252905480167,1
0.7387749282344197,0.6320686898372729,0
0.33672532092242613,0.7551669032817733,1
0.6897988701302089,0.3543285497030879,0
0.027185750792024344,0.02920943946268406,1
0.8528853964851069,0.7189458704913436,0
0.23139604362699595,0.2535738532841326,1
0.666600949693401,0.7843746491143134,1
0.7549703114738417,0.9047431342382545,0
0.7708482424867563,0.19232035949560333,0
0.3624841195518188,0.7099681188257978,1
0.8965070457173147,0.9289524386070551,0
0.04991431501485033,0.0937695274500725,1
0.6031498731869293,0.5126817287313766,0
0.3627921501742283,0.9600175612467963,1
0.07067640798970554,0.34359626908004914,1
0.344965903073578,0.05347949347190528,0
0.10645361526912112,0.7934758706649153,1
0.22414055954949552,0.16208609706062627,0
0.16474869827161942,0.5527640563376763,1
0.8570043141260614,0.2742710938271796,0
0.1796073029065165,0.9925239077602857,1
0.5710851883011513,0.02411637203144079,0
0.33394521649060727,0.514018833397064,1
0.4122130517218491,0.2345972564343325,0
0.28651050572010206,0.43710413922168767,0
0.6132854794606518,0.829366741237395,1
0.8161188062284378,0.6773520642916347,0
0.5421421083017176,0.9468166816596025,1
0.19724321420040103,0.8406520588296001,1
0.6971742139281207,0.05697662358204614,0
0.5690400079377887,0.693558680305352,1
0.6604775966710669,0.4121949550536641,0
0.3339849918814344,0.43128761310773966,1
0.6735479526381253,0.4227831300626006,0
0.017760661444604864,0.8051723180020176,1
0.7760966796067341,0.5872593005583078,0
0.24031243757221343,0.8260230288618603,1
0.6206620864384615,0.25107109606476496,0
0.5988330490160321,0.8897830608226938,1
0.6687442147926832,0.043926837042697064,0
0.07979007126639714,0.4384252911924562,1
0.9624452200164669,0.7726949839521513,0
0.454862420228209,0.7133417203046966,1
0.740411400978472,0.5578039232370227,0
0.000375155520435988,0.35300723743048723,1
0.9367003027305238,0.4173930577812738,0
0.11242107636532817,0.2851813725656617,1
0.3618535103254876,0.32262666844276844,0
0.16866163391748334,0.9820472846681206,1
0.7042093902148107,0.15761082559357453,0
0.23193639063190363,0.3538572944066384,1
0.9849373525176897,0.9913281889909357,0
0.20467406401389865,0.2596547932907647,1
0.4680263695728476,0.6226156802279043,0
0.6936967713033798,0.1405706219318762,1
0.7401179127679306,0.47621120226538116,0
0.24084668227050587,0.45763861474238443,1
0.8839581956028298,0.29159549870278534,0
0.09284702527078947,0.6536937597301982,1
0.19762105247418127,0.1713095254660767,0
0.06936470977026599,0.1040417433819033,1
0.6592431723884462,0.7085618374672857,0
0.5557879165771688,0.5603548785707826,0
0.11362999947099361,0.5290906183903034,1
0.38282469851590384,0.1885323784188936,0
0.13389175206711823,0.8479658057829949,1
0.3122613741715181,0.23753269638401053,0
0.7164443617861442,0.9845297082167276,1
0.09606179378341695,0.283077766516018,1
0.6908578436810505,0.06645482908022649,0
0.3179562271736198,0.9623003047869669,1
0.9454142599706825,0.8735702482103876,0
0.33395268241946807,0.5610195938904236,1
0.7397367132288994,0.0772410371322313,0
0.201519482222285,0.29586884849730655,1
0.6188688022947499,0.36229878641436974,0
0.46981392666345523,0.5810998024928798,1
0.9362368273422793,0.6332731711364794,0
0.8868186668374041,0.5849125792489084,0
0.4575910983642665,0.6104283057377998,1
0.2120692844256622,0.12250494153208769,0
0.4161332347469847,0.6525842231424432,1
0.6759950859974716,0.39448336243417315,0
0.38683117139541323,0.8295326852585049,1
0.24469974169316921,0.24631314494564227,1
0.8647918361549163,0.4579838691195254,0
0.46782385709817176,0.9181079086270328,1
0.8576173711185674,0.9543138553281112,0
0.6046113969177109,0.9828893163512299,1
0.5253427679471113,0.07425235657361784,0
0.25826995657876683,0.8654512082037321,1
0.8823882612599944,0.7096221201366362,0
0.6210721951581653,0.9511134579567452,1
0.9430326779943874,0.26150688064289374,0
0.40582655544569435,0.9920688234869087,1
0.7335527747754896,0.14007815663021583,0
0.05492108589386524,0.17246029944511154,1
0.9073674041854316,0.5636727306800137,0
0.36624676075360996,0.5445231757936195,1
0.6365023357269787,0.562371043294462,0
0.4762609033430276,0.8278219049028945,1
0.97018069439046,0.4423144859526045,0
0.10734719236669932,0.3018364306494099,1
0.18916666349322875,0.020491953630113136,0
0.3839249295662006,0.5145525636400847,1
0.6001286881236952,0.11767562202411963,0
0.3414272641279523,0.47647747136501006,1
0.9009253277363549,0.758276526290041,0
0.6843620962124237,0.11868009687884906,1
0.8916508899600569,0.5396002816639024,0
0.5307035873712803,0.6152161117348698,1
0.930949054282373,0.28662136694676965,0
0.8589524804521534,0.6502945290266828,0
0.5909402051564128,0.7153686079191753,1
0.8363813460044057,0.7777887398253549,0
0.7115241880252594,0.9086434957914838,1
0.7233228400789953,0.9437427188209204,1
0.7346607157561679,0.653319547887849,0
0.21466406227935575,0.9499802786692075,1
0.8332851581740635,0.6492684968445843,0
0.4593075797757077,0.6611080389517966,1
0.6701181652359686,0.3697539045584032,0
0.1265914911959225,0.7457631828924226,1
0.6255507891682999,0.6484137126231303,0
0.8559403613362075,0.6667564711359232,0
0.014847425600096997,0.6484830729180145,1
0.3647630494237034,0.17023315439821896,0
0.17158012534102507,0.3666385553160184,1
0.28324509770680795,0.09978723172113779,0
0.2053581241359428,0.9538923183953716,1
0.6732185822476444,0.27293804538694555,0
0.328671384504273,0.712277654035005,1
0.9974382000342455,0.3506661676347782,0
0.10861011073802718,0.6745342661605478,1
0.7098721744275361,0.23357640070684538,1
0.9961445843423101,0.002339268714661835,0
0.7041961168049657,0.19051789072631664,0
0.07119009450522118,0.4989574610973838,1
0.886994039464047,0.9498210319136615,0
0.006639648166113843,0.2295146873029813,1
0.05695808277547065,0.8897697729737848,1
0.9915471615288665,0.18026913496430064,0
0.3694763202158805,0.7223584281261518,1
0.4027423008886518,0.15104120990316394,0
0.2104934078691344,0.8408305851528707,1
0.9828417812758462,0.9378205151760447,0
0.2645306410319165,0.4662829095407258,1
0.9758572455914822,0.543978811790596,0
0.3816124549069321,0.7071022361817771,1
0.8210714958030191,0.6861603190499375,0
0.3374898819536911,0.5820620866407117,1
0.8576034944636728,0.5980653291860244,0
0.30109374611479334,0.3057964084402517,0
0.6289419243907747,0.9368598103640304,1
0.4815625738732343,0.2583257968574246,0
0.028544209112328023,0.5112593820761501,1
0.9072537979490325,0.7824616916762798,0
0.444913467038733,0.9651128541790805,1
0.4090172717124797,0.24189532400556368,0
0.08394108403967993,0.2663533528479527,1
0.5786982282999041,0.6865208876081355,1
0.7229561853017576,0.008495960154316862,0
0.2814273289463395,0.463501795893525,1
0.7155511486658138,0.293153052194419,0
0.36711486096693,0.8231629003561691,1
0.39176207565613197,0.016590538873995753,0
0.17751843275636026,0.6210652259055933,1
0.7190832024699535,0.5054055526339426,0
0.03567479794973982,0.9584814031094854,1
0.9385075045379412,0.019944259929959185,0
0.9653374445441734,0.4947058803248885,0
0.08030498222140514,0.3978559687635468,1
0.6982322636937669,0.9550871667652138,0
0.2606189753607514,0.7892318671124483,1
0.2307707113053642,0.7608338159404346,1
0.21552575681601127,0.06963219987944269,0
0.5815125462821713,0.9081625820061686,1
0.6695842917423396,0.3476402903515168,0
0.6010507996545901,0.53479919759337,0
0.5232478722233996,0.9652343333716007,1
0.8472803196416927,0.4921156031215662,0
0.33362440579843566,0.41458489718413905,1
0.5441297664318566,0.4331516904385061,0
0.16774610793229117,0.10394536287837886,1
0.04959872267131071,0.9094227298039593,1
0.9060877521079904,0.19571446132295955,0
0.07856895952997822,0.5582697875852969,1
0.6345184369841513,0.3429107101925051,0
0.8043756155880558,0.7854454516534398,0
0.15322608516152758,0.028923601011300426,1
0.7400384160472638,0.9828258385462656,1
0.3022710370504935,0.05878692115265105,0
0.4436003684234926,0.512597034972781,1
0.27557555456449,0.1728011004173049,0
0.2791736292187553,0.6534006586373333,1
0.3543853544829939,0.11384052435090486,0
0.4957710856621911,0.6437226283694006,1
0.24440150167590668,0.21304833930290512,0
0.45302838741113616,0.9083291362663966,1
0.42047929967555764,0.4003705706795512,0
0.6244268917945568,0.5091941819209228,0
0.2642610123402228,0.5492619937965849,1
0.4520959907635632,0.008794355266556919,0
0.7296427544388249,0.12074902818084388,1
0.4229137162270856,0.9398887427470315,1
0.8414258985295947,0.8294994377628998,0
0.7627941795162475,0.9218074743860176,1
0.705903006171102,0.33137683961781095,0
0.0016855559493678118,0.9157068011970275,1
0.9374705116853848,0.19958274677566634,0
0.4194483876053967,0.6018405658938314,1
0.544332859571774,0.13474356276163402,0
0.3594701290426231,0.6001983668472459,1
0.6065602934811595,0.6102347367105969,0
0.28406237124314004,0.7494625560605406,1
0.5958438762449011,0.308682212222705,0
0.6535137262912786,0.586175344444786,0
0.43037282776789043,0.3338966800842611,1
0.44258214565171994,0.45693910639357904,0
0.08076689071684973,0.4343024382401319,1
0.34620664819171043,0.9165199551218449,1
0.4563024903242303,0.10999462657945103,0
0.10829066726927472,0.3942284518402266,1
0.8287925928143438,0.7821836554120731,0
0.2279300898080554,0.7025452192637249,1
0.13107321377176462,0.10681530934728989,0
0.11917847081686817,0.6681530091090808,1
0.5817032827994287,0.12105464480725636,0
0.5851248308240828,0.6554502703972136,1
0.5465096123669297,0.5464402253231153,0
0.7062205603856063,0.7171499342641933,0
0.0739915641026826,0.2851568959384194,1
0.9964076645176364,0.9028306841509774,0
0.23553513682118887,0.4969913452598945,1
0.6295523916606854,0.0704546164422366,1
0.5828897082263153,0.0896220145450396,0
0.45576176369867727,0.6986484699304006,1
0.9935760345810093,0.08793466486144608,0
0.32759970580148756,0.6138793349456673,1
0.20927222889467634,0.11078084075672645,0
0.1794701211194637,0.734827001380375,1
0.612841797938783,0.4011337411265624,0
0.23394659593321598,0.9691135256272383,1
0.4271625115824642,0.46741422016221346,0
0.7895652731155935,0.46599486033438686,0
0.2621745222512366,0.38607833289695714,1
0.18133386055906597,0.2313077115276001,1
0.7294111104081304,0.7354079701856233,0
0.6588796516172344,0.3944578243010567,0
0.580772196635088,0.9156808630085325,1
0.9151793597345498,0.9336063361659414,0
0.666225978039624,0.7702257976674367,1
0.8867499983927222,0.23337024689232988,0
0.25269881483058665,0.6204573774409161,1
0.1824044709249686,0.8350918676558781,1
0.22724382062017656,0.05848864204438542,0
0.39486631852889975,0.6290508721028445,1
0.25610048904294447,0.5628206187055513,0
0.8447128739220802,0.8293250918520775,0
0.4834840531682727,0.3346669432499527,1
0.47317224771688726,0.9942322175135172,1
0.9946388731951799,0.4651402800610591,0
0.5878795171459547,0.7337232344016424,1
0.453005581552094,0.11645641815585461,0
0.46438294626567267,0.6229521855636877,0
0.5361740132905176,0.8882874856465784,1
0.6627255087945381,0.075626621538318,0
0.3515026766859579,0.24903626677965862,1
0.27413453979514835,0.7176944681902252,1
0.9476739179372269,0.7503744027886711,0
0.11217478714320483,0.1321513668293378,1
0.5678282610059596,0.06666664636367248,0
0.7704976894695384,0.8992099658449202,1
0.9473714915568473,0.6278148560400999,0
0.5365585160320835,0.09392753699015477,0
0.43454291214846497,0.4935976328884516,1
0.4029518129648265,0.8674363529057101,1
0.8199274766311194,0.4751318889194681,0
0.7577694191734345,0.27785471610531587,0
0.6199579208947188,0.7157885779916943,1
0.746494474397224,0.03558834506779718,0
0.019557821954980792,0.6453833206055076,1
0.005486310950908457,0.45821924963489014,1
0.9524545703067525,0.43554714211918333,0
0.3067837120687954,0.831496664804099,1
0.896405540081074,0.7543443754480521,0
0.7516401578515073,0.03603661792298796,0
0.5996930029946367,0.9925656927414399,1
0.1633292869978885,0.04334156943866929,1
0.7484475374876519,0.5009597881354767,0
0.729846057516538,0.14650759641928812,0
0.5164084876458523,0.907437172720871,1
0.30756295462489514,0.9668985635696707,1
0.7042301098492142,0.6546980081519742,0
0.443311219508597,0.5225894893823337,0
0.2181168229867183,0.24599962285039667,1
0.9962946231014422,0.5977346884057299,0
0.6502535610172493,0.9679432275072208,1
0.34515186574647283,0.7170523830496526,1
0.4094377727717564,0.1375610096688672,0
0.3418983483882396,0.8286847035052991,1
0.9469156762839671,0.5534563832773811,0
0.13922972886971696,0.24608625193800437,1
0.47182904424080596,0.2543714403796872,0
0.992254415885623,0.8634003061532278,0
0.46999509061166556,0.13443200283024925,1
0.5633502363342636,0.5740575189655855,0
0.5587664288417615,0.5957151825022097,1
0.6189408081875436,0.14668293313539726,0
0.43952459400338384,0.9738382044519314,1
0.06540420131142144,0.14361444712975224,1
0.6162960962686519,0.09955446071512242,0
0.657471115698606,0.46191019351294826,0
0.02482712788797692,0.5572796446625192,1
0.522276669456124,0.28403000405400736,1
0.9106543646069528,0.9510705853721093,0
0.6112422883332214,0.9739065481572156,1
0.6894122708374971,0.40700370707485234,0
0.254666021918606,0.8878942710486871,1
0.3286823400585398,0.47987265494686615,0
0.924216365176868,0.2788840494165872,0
0.48818720418266137,0.5477066210872804,1
0.6600613391548611,0.8158410530404864,1
0.9290447846584192,0.6051944551648799,0
0.06166956372888621,0.8507738535180516,1
0.8697829517314508,0.6438090553413823,0
0.05996252660367363,0.39582446013304595,1
0.6653487263331033,0.59751998105145,0
0.49764201552214615,0.9377753321872239,1
0.914101775814515,0.5656544415677532,0
0.10973891521983592,0.08824727568267143,1
0.7840780318351311,0.3370040806318436,0
0.8796305422876249,0.30737357831449075,0
0.0827871684580348,0.3676339890806428,1
0.9606487305773687,0.7383256183765184,0
0.03019134517902744,0.880337231727121,1
0.2222430205201643,0.8309830375853261,1
0.726273479198248,0.4067285757700747,0
0.8042143949987923,0.29903331563254043,0
0.421034136333855,0.6444468057595871,1
0.6692501617568127,0.8486507658407465,1
0.6252090822331936,0.6221474222609934,0
0.18906363307135943,0.7989016857514011,1
0.20693787217045034,0.16880794974724989,0
0.4375384586213731,0.8449881271985479,1
0.5824402830886068,0.3179932342127678,0
0.8600936260003753,0.6512450924552546,0
0.26093773844974133,0.9587206832910337,1
0.7534781200700181,0.13671790600056377,0
0.10487945990672032,0.6004614076856737,1
0.1531581221776267,0.22617579982975378,1
0.5918938056814486,0.15427130367093522,0
0.7320469404139056,0.4734603158820859,0
0.20163131868890027,0.48960828373281284,1
0.5658733747532895,0.49433055688483174,0
0.4170171666810727,0.20054849990216828,1
0.09244365804763965,0.6411373993021546,1
0.9127275665073632,0.7974302602067935,0
0.22970439418766464,0.6642720909393806,1
0.9806197086408334,0.8877695788204015,0
0.15504341915297748,0.9052558288933662,1
0.8095100376711428,0.9589396446963503,0
0.36912411917200305,0.7178698574191678,1
0.8080009078334418,0.3548501511361989,0
0.7497021705354101,0.5193999061987173,0
0.07179210788186152,0.25532045966981143,1
0.5458663631142738,0.3455594646568745,0
0.3693857907467203,0.290901029272967,1
0.5601272212944074,0.7861044841307191,1
0.5917782056193118,0.5392739952604442,0
0.3431462654550287,0.9959794371396372,1
0.9633909171217252,0.36826516849732915,0
0.25412911460524645,0.414785832164967,1
0.9680479969431922,0.7497765019154133,0
0.04643279188090421,0.3026257587657345,1
0.7719980301981785,0.6157760232293287,0
0.13907809657800319,0.9581541526350069,1
0.8571731966009345,0.1553539020077599,0
0.0817391807775466,0.8461131168756061,1
0.5954227104014764,0.026132088001963982,0
0.31093955889804403,0.5992602394195292,1
0.2630379416689167,0.20873464763662253,0
0.7490922642361055,0.5578595560386054,0
0.09674137691237794,0.9924750308223275,1
0.7237140840384241,0.24933608027174547,0
0.23793047049223381,0.7656623053079058,1
0.9601710868143122,0.598986071559309,0
0.04303681124133141,0.5239323108547319,1
0.8635694636049804,0.571315921721312,0
0.3232646232790014,0.14932283397801493,1
0.6909830874449661,0.35938763969126053,0
0.3761778972971338,0.8373385294111565,1
0.6906267854640767,0.4562935055176198,0
0.14819941646695411,0.809999041430133,1
0.5213512061258144,0.6208913167456714,1
0.9881393897584211,0.7683354938195456,0
0.402217299776228,0.8603347123714488,1
0.4564719580848239,0.3493835783837089,0
0.7748467623562828,0.25169471424853596,0
0.3709501215297477,0.8952853551559299,1
0.13468181921976108,0.8672965770979719,1
0.9808020093415925,0.44026354464340134,0
0.4430995528981527,0.49914259745504364,0
0.26389180210254926,0.28239448226947717,1
0.23973079257594188,0.677228123475746,1
0.6136778900612467,0.08062618080188733,0
0.8851744804185689,0.5246675445692021,0
0.2974735945378172,0.43445951584407927,1
0.27280083162279123,0.9719309202589643,1
0.5458436089201694,0.42639500313761414,0
0.050861140704355545,0.3020455000254272,1
0.9472019696475725,0.15646059729751494,0
0.7081157785502659,0.5170761689542812,0
0.28928620430067165,0.10827953807518342,1
0.6146658362052174,0.7946227504954273,1
0.8050636865313514,0.25876042117062314,0
0.26240172627964786,0.6263664310581961,1
0.9534003310521042,0.4299194310418637,0
0.13476089717340245,0.26041261403562144,1
0.9657277135879831,0.6424206621437891,0
0.138254805738929,0.712175814433459,1
0.43211428660793927,0.40095573548938934,0
0.9962042925265219,0.6926394126491809,0
0.152146260202787,0.35661914942293904,1
0.17059428351133976,0.8271967394305078,1
0.7579109391553008,0.8235587585438305,0
0.811581694323245,0.7167140594537236,0
0.07676061621792274,0.47471625169386045,1
0.4054628067909969,0.6380351711254738,1
0.8711435643376229,0.23272958041345926,0
0.7318530089522347,0.02521551055591642,0
0.4277588777395165,0.8882921262638968,1
0.1470659100805527,0.6384319511604879,1
0.9393044966872034,0.5666310437468435,0
0.6295624645034629,0.08316901572580293,0
0.04524117089662705,0.7245776553021104,1
0.04918967733053259,0.8841767264284776,1
0.7901222943263,0.17000736365672486,0
0.8919801246480283,0.9873881704866021,0
0.7703895458923825,0.9044288927730644,1
0.42461490733769125,0.9016326954827913,1
0.211326003278837,0.4769047686131114,0
0.23765936533698317,0.08349777521417012,1
0.7604299917047523,0.2581289502480767,0
0.12554288210716225,0.4710199221773418,1
0.6532882254056225,0.5601941613662945,0
0.027163456298421984,0.5059999848825947,1
0.8719305731637762,0.941295943483574,0
0.9961784851307519,0.6579682133561756,0
0.475998777775097,0.3335643368771096,1
0.7655065086950014,0.2554154478222527,0
0.5963210518386777,0.8035433133881634,1
0.1087271321565616,0.5216518307844307,1
0.529254805132126,0.4748174388808153,0
0.7268591461659443,0.729050655752512,0
0.3266642600494061,0.574800099237228,1
0.4560744476478532,0.230251306180016,1
0.976532634434528,0.16041394873912174,0
0.9132432498820041,0.13230417395466332,0
0.39270934367079613,0.4536996088137263,1
0.9324095392077553,0.4708836110642787,0
0.5348537299123669,0.8399290227172981,1
0.5597493078103001,0.8336900472950902,1
0.9901331250918184,0.8348185987939153,0
0.7052187551630135,0.10962521100409284,0
0.20101406740679395,0.9328027882684035,1
0.7756461012080869,0.8494162059630745,1
0.23290700265753916,0.2210529518616272,0
0.6733650001925681,0.4448818952658271,0
0.534924760086748,0.8393956307938933,1
0.08830412874019855,0.28603552983158864,1
0.4806826989099705,0.2389071133621582,0
0.8624442961673405,0.9622751307426346,0
0.1584205136660346,0.6760670719056993,1
0.7969705576147496,0.8224670228327782,1
0.5980882393609196,0.47071964000707966,0
0.11296970443627485,0.18231783054216366,1
0.7680773815451374,0.9393458362295649,0
0.7443798686025801,0.8384989915893191,0
0.4263728561848298,0.6355709546154936,1
0.3295245443841974,0.7606523233115146,1
0.9458882364063811,0.404364135217011,0
0.41718511953971105,0.82086261665568,1
0.20874573511600014,0.20289948603843488,0
0.8737575692213199,0.9986773729162514,0
0.4103431889203275,0.6455824005640326,1
0.6904335298059427,0.37400274585983306,0
0.11023691641948064,0.6723401418711811,1
0.43780233333524043,0.9544168940869051,1
0.8017188462792398,0.8850212829419625,0
0.5138511635508062,0.21406452654749286,1
0.9281468122689629,0.9203486738671206,0
0.5392719567710659,0.20570659202671382,0
0.04021106601642699,0.3456117090112648,1
0.4308052800124801,0.9777185672812156,1
0.863223566301215,0.35547441690896553,0
0.6208899801006839,0.49773478119281045,0
0.026598149975590624,0.12859951673708914,1
0.11807969294833487,0.2072875688281246,1
0.8993073778641988,0.8161389811208148,0
0.6109034513026115,0.1575771347445436,1
0.18358764611917844,0.0869410828757824,0
0.6617246285452594,0.04613678118018594,0
0.20333956332646252,0.483623424673998,1
0.927860050955189,0.1196488984471068,0
0.09218597248045224,0.7436898801824493,1
0.07536312248054933,0.4182051161024307,1
0.9682850046473205,0.5527080340515451,0
0.8727352962897412,0.7213541129111749,0
0.4578773195766236,0.2278833479166782,1
0.3102160810764685,0.6711039253311676,1
0.6472078028840329,0.26574136449172947,0
0.2010288869635264,0.40072774795025057,1
0.6609036278805346,0.5723014283411308,0
0.00028311652439949597,0.19004012293576944,1
0.9510445202274525,0.3091940449381966,0
0.43239286327383064,0.808988167277714,1
0.90970960973701,0.1753816067382873,0
0.29990418581328426,0.618784131904738,1
0.9195588387784311,0.5173424195534096,0
0.37863590883301645,0.4716333181760234,1
0.8975860770664147,0.30246692486091453,0
0.6249305506153255,0.8363878167410389,1
0.4879549703981132,0.16773252931921956,0
0.038437253194636756,0.11852345718389579,1
0.934938841512681,0.7748824024015092,0
0.3633868919806674,0.8045054746061193,1
0.8473968835718864,0.8630564683326611,0
0.9526535702476717,0.3189915081967235,0
0.06397021625739752,0.39602093412473427,1
0.6014230398197374,0.8035005669506808,1
0.6699305223019244,0.12272556207468333,0
0.9566584444904439,0.48378420247403875,0
0.29028197906483544,0.3324039315001519,1
0.40129461983338255,0.49630778834957934,1
0.756361968931041,0.3135917352433527,0
0.6358205930716683,0.8944993417543694,1
0.7247210401260642,0.7281952476747122,0
0.4274872701650658,0.8523695233415559,1
0.8998494453759857,0.27961388902373274,0
0.5184926602128047,0.6355965640719666,0
0.21892829177103057,0.29565202720489325,1
0.341756867328582,0.3812289851628936,1
0.8526659987333921,0.8330527888637492,0
0.623900327968414,0.5282844194935233,0
0.2989861246972696,0.9474263883507289,1
0.029157302061605384,0.04169600865692291,1
0.8186611088750128,0.13741362600998552,0
0.06012685749705882,0.5767357437098902,1
0.9403546630553499,0.7386979764720237,0
0.5564264392615661,0.9017761386854849,1
0.8408695505279742,0.6683030362699615,0
0.26291800608939553,0.7111460011793692,1
0.802844529282194,0.6234746826321121,0
0.48018383830230227,0.26650643747069724,1
0.942507087352457,0.3945320320686957,0
0.7209645376830801,0.044042568665470294,0
0.38079974552448304,0.25605638031027433,1
0.6364920736868744,0.6438398752023273,0
0.512230250194563,0.011564065582503003,1
0.993834435669565,0.011456633441934039,0
0.18745935787793278,0.9967080026155264,1
0.6707075327034396,0.35402063288494856,0
0.06688808485485365,0.8145149147198432,1
0.010974973436548296,0.6141558873589974,1
0.8813008944414352,0.7400405467247901,0
0.13050108154409157,0.5925296649551659,1
0.9886050315257359,0.5999391679248793,0
0.6885573072734991,0.3246084706283098,0
0.22670740953767132,0.8203883332190633,1
0.360132723845054,0.366611506208507,1
0.7564098271192262,0.4522103325320711,0
0.6590555193304362,0.7591291070577665,1
0.7525070411136616,0.592475544906828,0
0.24518608220054505,0.1192962249551428,1
0.9183385081160554,0.9117824614476467,0
0.5532441339447649,0.7583773596240317,1
0.13552079477612622,0.05179902334365993,0
0.20536304930881555,0.9709151374173949,1
0.688904897629405,0.37375045254345574,0
0.5077011238884804,0.31931459304961707,0
0.11314410775033612,0.7820190820703695,1
0.867433817094045,0.5508367009969842,0
0.16564959102506638,0.7759001394175621,1
0.24164648307439685,0.4836156282412074,0
0.2847287972815299,0.3560784614329823,1
0.8527031211628922,0.17057159209383665,0
0.0883062180825196,0.9378025448913562,1
0.06489387790626677,0.3555268674458746,1
0.7455836524426882,0.062392881086560936,0
0.1309048218582184,0.658037186732985,1
0.4322882156978881,0.6102427946018817,0
0.3517316151991714,0.05924666108681864,1
0.7698108725295926,0.249038332134491,0
0.30718887195024713,0.13416449346124337,1
0.7863112951916512,0.2433086389020468,0
0.20910137303141652,0.8539159509381035,1
0.6598146929623041,0.42566865526802855,0
0.1981296794636631,0.6411370258026878,1
0.9227843445092221,0.09676329950202256,0
0.10344996718056887,0.20400712302090074,1
0.8876197029094791,0.9181740116190048,0
0.49098627524363025,0.7386721431022251,1
0.7091669814638727,0.9586861935472154,0
0.6166825405525646,0.657220766600913,0
0.4549432429681025,0.8408352686431364,1
0.9405785012217123,0.6794475948827813,0
0.5781384691354807,0.7490541566065227,1
0.48129435142727184,0.1553481915882654,1
0.9170306944829691,0.24344425929361835,0
0.11371722223216352,0.507597558483958,1
0.8666859891587118,0.6003218495424852,0
0.7113649411401394,0.42241273919040245,0
0.3448560513164032,0.7640907816971685,1
0.5243371238709037,0.36620804960443487,0
0.5526785787838174,0.9036641933197189,1
0.86150202142713,0.07490971734075891,0
0.43098287668754354,0.7844988963765476,1
0.07070223697155364,0.1309361230404147,1
0.6555834377751328,0.49558920621532154,0
0.05670648750266416,0.5878071313964404,1
0.5475061491183896,0.5159712093364035,0
0.6335474354997643,0.860721243357158,1
0.45581972057412434,0.5461527157884674,0
0.15928232314092772,0.5161906144928231,1
0.8367559715283601,0.09445082734477117,0
0.1717671528056427,0.3025379523818389,1
0.8126305516197644,0.042843438261960576,0
0.6003454839309221,0.5764938263889318,0
0.05444028681078572,0.9245249628439491,1
0.7463253200950113,0.24379930300593367,0
0.2535791483753641,0.9162598845199605,1
0.8542426409939268,0.8907614421760935,0
0.5924116316231197,0.8625784460644204,1
0.38546631518205887,0.5975622917785202,1
0.28522780223881394,0.19867541805861788,0
0.9809657966718436,0.7650672117154285,0
0.38687207214911645,0.9280269328549198,1
0.22106602323781888,0.2448223030565474,1
0.8588703421187388,0.16549559819479853,0
0.15340591190535147,0.5941963566619541,1
0.6985284113554432,0.34588421392960844,0
0.35277142090778135,0.6337668990423903,1
0.4785248539656486,0.3606092869104416,0
0.335478582072003,0.5519751933115818,0
0.2129377654163782,0.1837438520801502,1
0.5799917815434945,0.5719353236668525,0
0.45270727574679415,0.06612672885558613,1
0.9482712604830368,0.9312948422733361,0
0.0874307797794347,0.5003861567577105,1
0.8552697436138239,0.03675792148439316,0
0.2243392558037457,0.6210849684195714,1
0.3271342977814681,0.7173620122298563,1
0.8571315215937527,0.06469008285350064,0
0.24474364797424109,0.011113520540976918,1
0.656894087335679,0.21415691388291647,0
0.8140440228558629,0.3999379799485798,0
0.034679278810623604,0.3023226618964907,1
0.8593645534544132,0.009830302151002668,0
0.005078953356315696,0.6658224950032969,1
0.7399799265431983,0.39488503423517873,0
0.0440096859990029,0.26571334773381505,1
0.6348371752144113,0.15377094571553385,0
0.21119655179996222,0.5914820930828364,1
0.34709633563182773,0.13159895123236176,1
0.9278873779733305,0.7921090238838386,0
0.20130706473911775,0.9363500128834125,1
0.6531948024491157,0.6932843053869647,0
0.37577856802347254,0.7337799407601159,1
0.7999074930438455,0.932770619951389,0
0.5892887653829416,0.13931339833127943,0
0.11509241084150779,0.7450524017276529,1
0.7040837543121028,0.16078196405131395,1
0.3164807534946029,0.5204487317624262,0
0.49381598202915045,0.9742106222692495,1
0.7924693406571638,0.7608575596561791,0
0.025606478863956394,0.6836278748757388,1
0.9226323640210864,0.6590133835881421,0
0.07735799153556533,0.9121097282906537,1
0.9619137045971289,0.7485604651517085,0
0.5960439232420547,0.4925404428117869,0
0.6632753937260739,0.7410555716380548,1
0.8005891353505924,0.6108689780390336,0
0.022185325755227914,0.643305017124176,1
0.7340809324668748,0.6438014424111203,0
0.4545337397386524,0.30199086441030865,1
0.2823212442949644,0.563558167465439,0
0.13298138055655662,0.7128525032517938,1
0.6365883717828507,0.8394089038399182,1
0.8869904250035318,0.5290657990454172,0
0.41019490428522254,0.31959036537556385,1
0.8050119369360376,0.2944937913945921,0
0.5196966718865843,0.27320323715606065,1
0.8548770446525105,0.35680163822049205,0
0.29904672820517264,0.07622959356928838,1
0.8307486086842195,0.8345563179607255,0
0.10603462786623308,0.5082411551386973,1
0.531216926085645,0.4403173976076581,0
0.45578046798695726,0.6784964398118697,1
0.8857159009822863,0.2977032383112608,0
0.28994858205146756,0.246164107480212,1
0.9623229277877212,0.430778161126645,0
0.17154468844707615,0.3979434978275578,1
0.7471521277980401,0.24296231098089482,0
0.7093931363711502,0.0728942755117522,0
0.22000439412215467,0.07917636916949955,1
0.6301772328187935,0.5953355581880672,0
0.7062353583150796,0.9579726796404655,1
0.5922930371601726,0.9447822621458369,1
0.3514597595399953,0.3102201657041763,0
0.667078664807418,0.4847248046272794,0
0.297469317616751,0.9989845431925998,1
0.5395298904294681,0.9293193983991231,1
0.47541434394037974,0.5805702658610854,0
0.6451225702859146,0.5900478568087331,0
0.19978437444490993,0.3670625560839704,1
0.6359936996780754,0.595963404329483,0
0.48671057428990994,0.8445327535217351,1
0.5263209209182268,0.5115966617048758,0
0.3476573755038592,0.30273533668044106,1
0.3958088499054988,0.9332282070197145,1
0.97217005302742,0.3750300279921701,0
0.39039063117227246,0.8886467155988228,1
0.934893111591362,0.32875701804746404,0
0.34288049144275845,0.8941546887193838,1
0.6663879512780135,0.27337207705191846,0
0.609656224746769,0.8086784402230734,1
0.8745705283737341,0.39919289960173543,0
0.037126284953770794,0.4300822112437236,1
0.9493374192626971,0.8562472641134751,0
0.8701724506081377,0.9299227688031274,0
0.4547048160075713,0.8625838657697156,1
0.3600501184838778,0.405583958799567,0
0.11466524221088492,0.37586427980957204,1
0.9998337916654955,0.6735064045476595,0
0.4631282443261805,0.058984278203218166,1
0.8568562536131188,0.6605042980529379,0
0.46973665650211105,0.8909202047032755,1
0.9198588862413253,0.9467856804069473,0
0.4923197672863552,0.8398315243433552,1
0.047659749536105855,0.466854152412728,1
0.9224640178147768,0.8495801334828667,0
0.33260575618539356,0.8700493514790957,1
0.32247300808191615,0.5656539596315758,0
0.3678845680533317,0.31459739085535554,1
0.8159167164003357,0.713128614329728,0
0.628858541633094,0.07652908051091345,1
0.9224163029553317,0.2446987679408229,0
0.11218744394761715,0.6053461864395651,1
0.7390913231395787,0.7034811462203299,0
0.1507247222450051,0.11940734201010106,1
0.5495838688541879,0.17384240281317398,0
0.8318567751359618,0.42142691390848586,0
0.1408632171499593,0.39859131829198224,1
0.685550122911492,0.3429472097020978,0
0.6171999952531312,0.926448046668382,1
0.6610876601164019,0.09104301588061547,1
0.48327785279178814,0.42279290314903406,0
0.6761754645952632,0.03932517075648878,0
0.13490402822477077,0.537297540253319,1
0.6366256147039896,0.11929361433513097,1
0.761437554254726,0.6662646398741496,0
0.6312668087051948,0.8039399443143138,1
0.9093323779143424,0.13956245232316877,0
0.0024488944732485862,0.053647126207200024,1
0.811000077049811,0.012074234695597874,0
0.04198346181869217,0.8047061471821559,1
0.8242090665755877,0.49815217618074425,0
0.13858573141477482,0.9739208970290367,1
0.4188021897257588,0.4691419156293155,0
0.43088033319145336,0.35031622739175716,1
0.8891564281382643,0.16202597732449564,0
0.31441633536329117,0.7708983695482899,1
0.7400827667966721,0.2897038540092258,0
0.860516098642018,0.8854189293540965,0
0.4180620667499435,0.898088335739951,1
0.7882930511246692,0.7525433101892084,0
0.425864963558813,0.48890429361536525,1
0.2735253719058143,0.6490938494663662,1
0.5031145923535559,0.5971582634715918,0
0.9562001314103988,0.20823344725966908,0
0.1145958001469195,0.057701082255322445,1
0.09459583185238307,0.9512083217037387,1
0.8755934919872863,0.46261205999499033,0
0.48152326283256697,0.03375957598806334,0
0.3563544318265406,0.8295359490349082,1
0.48779766785077183,0.49606486997135013,0
0.4527079598085759,0.8566943706392003,1
0.7987205159412256,0.6942097486855306,0
0.05972254841871272,0.530039848146119,1
0.2955771377958334,0.5884159645366165,1
0.3029784311250029,0.5466600809283364,0
0.6234767822847762,0.8330554156558064,1
0.9885168607786753,0.3065250112957587,0
0.790071401355235,0.2843493247015383,0
0.3289124911743214,0.13961441970499233,1
0.7913522889316158,0.23099915614658673,0
0.2652911130607838,0.9911045065106635,1
0.7255727074085605,0.039269869396146406,0
0.4284878593444915,0.7135175934275554,1
0.5351603088297425,0.5479445371190851,0
0.2527838134590733,0.8458871634455959,1
0.928869992273478,0.4233721842196497,0
0.3036161270785087,0.14099332365003225,1
0.8981734710019544,0.5308697059546093,0
0.23482600210883475,0.3101499586342721,1
0.9824423623106885,0.6720536935704848,0
0.2463664883848874,0.9375793465676229,1
0.03754069685861505,0.6243170086532444,1
0.9619141958251158,0.5523722796325466,0
0.45000635281126156,0.3255874601074431,0
0.6256385481970156,0.17406014575876783,1
0.699872864964788,0.9507617160887901,0
0.16584166559780622,0.20960701595171505,1
0.2840480764386134,0.46894355495904405,0
0.4281280516261672,0.24846252802240287,1
0.8560996874594696,0.3457816304537994,0
0.5926987350207408,0.26726115833924746,1
0.9124900383309033,0.7944251091709936,0
0.22646353555866983,0.3542377645202319,1
0.34419010630170876,0.4096933157003263,0
0.03548057309890407,0.8253769372145898,1
0.6510029218544092,0.6811601261252106,0
0.18657447258771298,0.1302207300220941,1
0.3263674151081537,0.5648182206548146,0
0.6113495398175942,0.7524174889191314,1
0.571285520180448,0.15713389721766202,1
0.9820521433702721,0.0276694379764838,0
0.23366293374436098,0.8868493735623669,1
0.918487279035752,0.021751518000619363,0
0.2991214883139113,0.5544456833206796,0
0.3838945964424897,0.03698363358560419,1
0.6682314962838025,0.5792501079211676,0
0.05714155724353742,0.16507870051638407,1
0.656852398528188,0.4259642121696585,0
0.05238761591013141,0.11215132604263112,1
0.3404380825952501,0.756779188908749,1
0.8254627342962297,0.6326346276269575,0
0.033133273302631716,0.7874947097054504,1
0.05369950981970939,0.0030236360082489533,0
0.863007008493553,0.4775787262761758,0
0.20373821642535783,0.7822137149727431,1
0.6336584799590185,0.37441970734053376,0
0.08412531203279872,0.9216471746229743,1
0.23580961670890177,0.2578822894630215,1
0.48370780399282154,0.318427053200231,0
0.9565691523744206,0.8163529298131819,0
0.09390006214003466,0.5897475095647587,1
0.937191001235007,0.7644543794746174,0
0.011854834147571158,0.9723920033748165,1
0.44044268723815083,0.44141500245115006,0
0.2556255295922052,0.8020875348133607,1
0.8914866989444349,0.6682017109670563,0
0.027673747917593694,0.37068019683745956,1
0.48471215143938007,0.5899224269916472,0
0.6288964518574347,0.22168350748272825,1
0.905686339396159,0.15116209899595612,0
0.430655437605341,0.3314232351462527,1
0.20963174253080574,0.6446261925047279,1
0.6066444260697251,0.5581233554837881,0
0.11093850597520882,0.9395202906514996,1
0.793960873105691,0.9086125153865151,0
0.2249956492825511,0.02579993185707319,1
0.5645064713352403,0.014803567854263844,0
0.00020009521859265522,0.23567295033758728,1
0.8961329452733783,0.03403411865771522,0
0.17197539544948315,0.7489215397306717,1
0.7963077535725708,0.13704739143448508,0
0.05695636235771662,0.37459044113783435,1
0.3495905739737244,0.5643177237289597,0
0.6633181902864788,0.06115592788454338,0
0.3814554547315572,0.8763907736622674,1
0.12266090201443702,0.015549003868296496,1
0.742768426216209,0.9106103660485731,0
0.6739433165401035,0.8980402455664461,1
0.8181774609664484,0.74289331560912,0
0.07787662449092592,0.2675258591245717,1
0.9412243113999332,0.5607939749506683,0
0.7187870909500027,0.5098686362965853,0
0.21481440026584153,0.7938317751612753,1
0.0073261077795026,0.7161300688464864,1
0.9734038528514845,0.9837598458578334,0
0.08629405814368485,0.9420076418592844,1
0.5665070625517236,0.5348917111332836,0
0.035269006410154846,0.9124128021873632,1
0.953507432374514,0.9566989222994968,0
0.052325139877746896,0.5738995045613068,1
0.8316280548660555,0.3249632649693398,0
0.04828745476442475,0.6320696754754069,1
0.6319543587171879,0.6907572776913498,0
0.40445062718863056,0.7932238166895558,1
0.23961394127956337,0.07758405449611128,0
0.19338134671029417,0.49042635242349986,1
0.8984446871930273,0.7862195803945699,0
0.5085117498727487,0.023657615069767823,1
0.5386047115049457,0.6254471841469865,0
0.31108660256364984,0.0024695814899801105,1
0.8597413381331978,0.038704788641351295,0
0.5456233950374528,0.38947149933510306,0
0.07290409326924374,0.5802789752606735,1
0.5482810292769766,0.35913803594107463,0
0.10494583769224619,0.9879144055927681,1
0.9025337339027611,0.48666698172110745,0
0.4874471494936592,0.812221127438579,1
0.5772934211987166,0.62653690387581,0
0.4944062168528942,0.0022670821883010728,1
0.5369868922864179,0.5201651009983652,0
0.07330686011631482,0.35978294850015746,1
0.7702941495983581,0.900175285684353,0
0.2042574547532343,0.6808716782900704,1
0.8378105558088732,0.142733414037586,0
0.095044950630365,0.4642504615721115,1
0.12484199251203276,0.928489318358994,1
0.3800536235575579,0.5628597643438005,0
0.08553105220581092,0.7461479880638958,1
0.6542343963975848,0.6861787505652773,0
0.2591222726221063,0.8681118605479187,1
0.5894684985793489,0.02969843832014718,0
0.10621814333975987,0.43737565800458855,1
0.8987514241626715,0.11170149840684707,0
0.07579259976556885,0.2964076137527898,1
0.8072741352116676,0.946429959556811,0
0.7703421067802414,0.7993676222732763,1
0.9876411216109939,0.13629720665707823,0
0.37154563420779907,0.21251643500830786,1
0.7290365243037451,0.7034339735992886,0
0.8846160110829768,0.8229940234589536,0
0.13145177027582222,0.7177774373681582,1
0.08112252339611481,0.44675580227777,1
0.6484774090033057,0.503995870821699,0
0.05144111387225592,0.3546375816361885,1
0.9595309591584765,0.21972299919122917,0
0.3538691013822558,0.03910940795752316,1
0.8266854668055102,0.623394385828813,0
0.019671721781273743,0.32839861122522607,1
0.9152483755847698,0.751369097374988,0
0.5495370990261101,0.3136298382133793,1
0.697560821973043,0.6490249702322866,0
0.908766085502157,0.7476009758695475,0
0.43118978483345094,0.9730171900183627,1
0.8948973896317229,0.7896691892942377,0
0.18277512818239083,0.0130131385151524,1
0.6492190608226033,0.00893516362099589,0
0.012063002315766513,0.21035661301798503,1
0.8066584665402099,0.6571114807887584,0
0.389991116310078,0.6971793410953161,1
0.7208947927791336,0.7188449498615342,0
0.08587522641314194,0.3025199802777703,1
0.9668810868997961,0.8818983313770103,0
0.09195545452590304,0.4017416123056704,1
0.6546319064069449,0.4722500348618056,0
0.23402422710936832,0.24599851939209705,1
0.6840514443094192,0.9756792949029972,0
0.13403603261068608,0.24038408018820934,1
0.9292296776026894,0.3205474863899458,0
0.3969521227283568,0.8888409929559864,1
0.617097612800336,0.7702540325873216,1
0.8041600284183499,0.23155105527993036,0
0.20755912460030024,0.36336546703193906,1
0.762177112519855,0.45452069220080094,0
0.45849726280984127,0.26216254615669865,1
0.8517318150128257,0.5021424841454453,0
0.6991239278150664,0.0930313521148477,1
0.7213970756601471,0.15968563804518487,0
0.13653891632084947,0.9249456913750117,1
0.5763588680463777,0.43955910688300737,0
0.21371754265223097,0.3943398228131185,1
0.42509567387295877,0.5154707999412776,0
0.5657400276107483,0.877260791967611,1
0.6467577297077927,0.6081061641720025,0
0.09576036342263994,0.09683171499669951,1
0.751657656161905,0.6810544961815496,0
0.3252001122293079,0.8768862372525309,1
0.734307492084221,0.6734280399448072,0
0.016059993281454243,0.14175277682198795,1
0.7621090212910562,0.7754195693664259,0
0.042328887901000534,0.3254578802441648,1
0.9829864018484431,0.9347309892415679,0
0.1299538755278825,0.9228646900013461,1
0.39153299956026744,0.22629914858077893,0
0.7768661441299294,0.5711672291938031,0
0.4383681681660794,0.183769519468451,1
0.7793142636349711,0.03979951980740548,0
0.2654748311789046,0.755343365483205,1
0.6502105300927221,0.22815063246007528,1
0.8600955668528983,0.12456146589631734,0
0.5320398965409673,0.2789328861558441,1
0.6099922100335896,0.3467628372324669,0
0.283425520408517,0.0506034899726695,1
0.876452275591415,0.11525586844302405,0
0.167749037530175,0.5535374093137879,1
0.8114215535961921,0.03540204023884752,0
0.10592729214596319,0.2931079948577401,1
0.8976495175004044,0.4222541563633403,0
0.013497377199652272,0.7677637542063265,1
0.723371762680971,0.38704901994740926,0
0.09743775502761887,0.48858838558454865,1
0.18371161490088372,0.05733501183716039,0
0.7975562969432689,0.138187349029674,0
0.023916084890154177,0.9690327884245221,1
0.779873497484941,0.9442428145158398,0
0.3535924373224726,0.3599202060882457,1
0.8155250746228051,0.7364938638374268,0
0.15600963252785927,0.41349994891882014,1
0.7334946014780539,0.02578145940130594,0
0.23061909375245193,0.36785161376437336,1
0.6126701340265216,0.3716554602559885,0
0.03329801826840606,0.05765582551992532,1
0.9083078919247388,0.48683013703848166,0
0.5826202555209896,0.7794404831877877,1
0.6420326640914792,0.3837570432574293,0
0.6866605798979496,0.11563826014915568,1
0.9557145438139025,0.6067675001731679,0
0.3195123995339437,0.34040848585565653,1
0.7709265623688031,0.01555788065740138,0
0.47757895254675065,0.9272879366614964,1
0.3259002082127652,0.719736739888032,1
0.9620731433513998,0.648382746173099,0
0.01061937874938712,0.8929830247731285,1
0.742562535611219,0.9201326377359139,0
0.11056726213380275,0.30463762751490675,1
0.7964223872835521,0.5985653233842829,0
0.8355646234524292,0.716341916002213,0
0.09082518450880395,0.29983854283693945,1
0.14779765040156256,0.474384385028901,1
0.7702854789795675,0.8904026790587187,0
0.10820767895569083,0.3172798091388004,1
0.4555174974869628,0.4673158785200324,0
0.6898802034735118,0.19766644621177354,1
0.6230490467727573,0.648570346616702,0
0.2260008401633068,0.8837030493478544,1
0.4253901944576943,0.5887710115992659,0
0.2476916234100821,0.39920737401064865,1
0.6576298337152109,0.3955804688601946,0
0.19744650998050195,0.3922113872384728,1
0.7782679665662827,0.31593180832981926,0
0.41755995250277045,0.023035261230800796,1
0.33433105887613324,0.14008497990015745,0
0.4511126667340096,0.74421891969253,1
0.9135310072818137,0.46029024630385473,0
0.9282303489066601,0.9090745348875653,0
0.07210061590168604,0.14754842967910664,1
0.7781132303039543,0.22222420126056985,0
0.1445363182776752,0.8861735148290403,1
0.5068489813289837,0.6017230764213061,0
0.5265418642575909,0.26665034852114566,1
0.3677133566544659,0.4064859460163467,0
0.4962699191832225,0.5493327694866911,1
0.01916556920959389,0.06822694751655511,1
0.5205956975176877,0.5163253638703565,0
0.6494657593660109,0.812596539358718,1
0.9487595717491257,0.9450184091914033,0
0.2717358838357067,0.6466815172623903,1
0.7321646728936911,0.4410599399231836,0
0.13442873414395984,0.3861781413559713,1
0.3401802597505874,0.4162416295069321,0
0.5164244815819987,0.22986724006130432,1
0.8855229526625387,0.8297035578225597,0
0.515706327122793,0.32609768576628617,1
0.7481784925839833,0.9092475422232544,0
0.3650184099101803,0.834853635406917,1
0.39729232917808033,0.5229106697290887,0
0.09753028672841535,0.9840111430204275,1
0.7759763983217796,0.22000762478908664,0
0.09142182571118074,0.9932481840047579,1
0.78875609019047,0.9681191305220751,0
0.5369138786275256,0.043632911175347955,1
0.8606845680994735,0.490337954795945,0
0.6665723082825242,0.26720246343878606,1
0.8779712610754763,0.06626005082971431,0
0.5577767814246922,0.1804107722129269,1
0.8253177360238508,0.7507398618756685,0
0.7552170229763565,0.12218973706140146,1
0.6296587280878999,0.3827518836887336,0
0.20555497493875852,0.3913647197171952,1
0.7069865206155133,0.5541880714897068,0
0.3358633200373101,0.2568452966378767,1
0.8998390147289906,0.859356275898528,0
0.8895253328237468,0.8626580332999003,0
0.33581043096221785,0.5750108919835005,1
0.04522795824148429,0.5056285653636224,1
0.6317523587935571,0.9860300668257566,0
0.12303027733853844,0.38452451700601475,1
0.9885533145231905,0.7037219078143809,0
0.32525458279423103,0.01608191854737373,0
0.48691848041334107,0.947827514298982,1
0.6427703186128495,0.3122926317179041,0
0.24024102325861085,0.9812571196178335,1
0.6207187796986615,0.026247412270513304,0
0.706156822259543,0.799786807913857,1
0.6829485644488719,0.33867981325100927,0
0.1662026972404056,0.31658383122490197,1
0.30193495179720975,0.538548849683355,0
0.10222582641626843,0.030633552488192772,1
0.9643343770953442,0.3787740049525463,0
0.32662806495597796,0.7667021031303226,1
0.9867783691610404,0.4014410249761443,0
0.34491019993547756,0.22924607767548677,1
0.3773231887347509,0.5213201724845835,0
0.3629842076309895,0.062337037078839086,1
0.8679034807297411,0.21954718787642735,0
0.10498973530259859,0.8816272281267763,1
0.6878701613260316,0.3157318884149717,0
0.0935724576478616,0.7514960593435543,1
0.7259081328139263,0.6739603835781977,0
0.45459102763114756,0.9735057967766096,1
0.8273626296652629,0.8672326028425703,0
0.08004293520765005,0.9656733041872253,1
0.7609432264011305,0.3140634688832491,0
0.6562097217871905,0.924099045963275,1
0.9244756453828301,0.4364315663429278,0
0.2953370085963052,0.8550865867735249,1
0.38251451669954484,0.5869442827218985,0
0.41196915952326907,0.3363610154571688,1
0.5417581636491174,0.6684101285778214,0
0.5250920224095876,0.7886119020761241,1
0.672512680561693,0.2918907411854613,0
0.09833272755329758,0.31766278499852174,1
0.6521255499009622,0.4158825602171963,0
0.5657871933320102,0.9690270070841261,1
0.7080350213064517,0.8291762767926509,1
0.8053102799856484,0.095947066458266,0
0.05780583682660234,0.27034842609688303,1
0.8633575888803748,0.28329391827108563,0
0.10578690434850235,0.09278639851867854,1
0.7007750362797449,0.6594477043476984,0
0.20998092496212417,0.7205429983486773,1
0.8960263464342627,0.37336803780897077,0
0.3360665757906466,0.973486984942338,1
0.8621329553778798,0.017002560591492855,0
0.5197099713918544,0.1282922781838084,1
0.6366069838421071,0.5785968473357196,0
0.8021910536230398,0.721757292480293,0
0.1736279828487196,0.0054168214456028485,1
0.9303693272029845,0.36793242776367185,0
0.4591327509054267,0.9897916165913226,1
0.8318442118430285,0.15427916378101392,0
0.5928965632812427,0.9416404252053714,1
0.603770696644152,0.022951216172460875,0
0.5205992450343797,0.9147806104969771,1
0.8814707067388051,0.08376409282382824,0
0.20144662987581252,0.3786453897686335,1
0.8008284554039957,0.9503002072644505,0
0.1593166870577939,0.012648378097671387,1
0.7474391447962841,0.7153218609935618,0
0.03870464582366617,0.6766654378053509,1
0.4607677990151767,0.4563414733502047,0
0.11445747219905134,0.5580623056930818,1
0.9917262792372741,0.952743258544802,0
0.5674950959049104,0.6912644857223934,1
0.9809999626837932,0.9616626667222024,0
0.7723438100792123,0.14314898087366623,1
0.9535241981172591,0.4313896614783227,0
0.7522761379980883,0.823714769431729,1
0.4173906980754506,0.4187016437422749,0
0.008177006866833203,0.1316394088094337,1
0.8662389760249738,0.15744992447956596,0
0.37612451460512664,0.271765633040568,1
0.7855936683378278,0.5481724599755793,0
0.21332986832788214,0.33399544308124307,1
0.45915916949696567,0.5002831877437643,0
0.14883286953033403,0.5909321039859038,1
0.0472082119841053,0.9949809061485456,1
0.6412333256196597,0.3478024892739763,0
0.4624536266404744,0.2556991756629844,1
0.9403068194794705,0.2777625853931973,0
0.29111821026669427,0.9040124059232957,1
0.9571733162176728,0.2695606144178092,0
0.053131523159602234,0.23134388137963846,1
0.33399560529467043,0.4666570877939328,0
0.1822888002747266,0.31102772925138855,1
0.9333234337667279,0.10572634006810988,0
0.067638986094671,0.47779447061980496,1
0.9825989229391134,0.56329416937098,0
0.8504543258930394,0.28022761248055894,0
0.5557298030133161,0.7481128941482131,1
0.9511275871793297,0.5631048909861969,0
0.3351646116291649,0.39187263833722175,1
0.830018921715884,0.306662945393004,0
0.47894815011492153,0.7060641138946525,1
0.9685998190657402,0.42430159535999123,0
0.03442860435775785,0.8075910636357296,1
0.532535268990938,0.40798882059189445,0
0.09376359723064043,0.045127183837972096,1
0.8203099468145576,0.28186051328214934,0
0.5424847827276892,0.9546974695444594,1
0.9245119711296068,0.8817215293200162,0
0.2908164686501974,0.7847402616403066,1
0.8648553480594453,0.14224208900202073,0
0.17041711624018563,0.8515846336438242,1
0.29192181603256684,0.47582835422563385,0
0.24998242068274812,0.10130414108406638,1
0.5664289416460117,0.5693845954677467,0
0.011144603315853319,0.09460849470695543,1
0.5768637536779622,0.19434606044515013,1
0.7967589899745996,0.4523913092490681,0
0.47905879517053196,0.9249999510840827,1
0.31379066596498784,0.4478205805524569,0
0.7027654879524925,0.8901826473095179,1
0.6764316615579727,0.33314094796396165,0
0.6875440270511137,0.8504842073771922,1
0.6126623915333521,0.4582575241134974,0
0.0316510816826816,0.8659517515794445,1
0.9835613999556156,0.8757429379387741,0
0.9076510060171366,0.780524106403488,0
0.13239293851334633,0.05197921563588259,1
0.6746066974395354,0.4584301484129627,0
0.7609256216807218,0.1325848296068287,1
0.9645716402035166,0.09118635638696204,0
0.4986136829100747,0.7995528573064806,1
0.5164949745206325,0.5418445386366584,0
0.5976699219120808,0.855241449704283,1
0.822852788891256,0.17077771166565348,0
0.17000668944908204,0.7147279857831446,1
0.756575049826895,0.6064098955839344,0
0.07968946438513036,0.9205697459442933,1
0.39723845401861135,0.6283125531868189,0
0.18028391064753357,0.6403610833784192,1
0.9202033744955344,0.05096540142447803,0
0.12525721060841777,0.04011760898509342,1
0.8706267970413636,0.3051805836224878,0
0.4341565748849814,0.8608160038738641,1
0.3121442155476678,0.4376669523350576,0
0.1342169558849512,0.8633584868593006,1
0.15411093784052543,0.8358858749808361,1
0.31640667171809134,0.42304050870899623,0
0.26189014231226426,0.9144679745895195,1
0.6864451435440657,0.47826664750329406,0
0.6308081528130002,0.19239811947464536,1
0.4683164861359187,0.35269673024645054,0
0.02388080171855289,0.04337708563345943,1
0.9016784744340681,0.36813338518473715,0
0.5558459222291716,0.13648737137256184,1
0.9337621288401567,0.18470164021090352,0
0.30836362429893205,0.3453921516675812,1
0.5408841959557906,0.5613952113562775,0
0.70025455734523,0.2558283991629521,0
0.5310681547542656,0.8912354964161602,1
0.8576910777206567,0.3899565105874633,0
0.5168656597075014,0.6780936012273081,1
0.6597557018712562,0.34486050129329104,0
0.4965299703016861,0.7762126547265114,1
0.6439422503636281,0.5127006942747336,0
0.4042457899363653,0.8357637538731494,1
0.7920504704303248,0.05047630599300135,0
0.23825290733163906,0.4309770347709355,1
0.6230007201946467,0.32159270650202243,0
0.6046038513369562,0.07217047528477782,1
0.8286243369405283,0.5589441906240336,0
0.14224327277182502,0.510470255117209,1
0.6870179081109579,0.5029343101822581,0
0.4296441966872384,0.934687228244631,1
0.9865908558425809,0.7234954707770295,0
0.27218696939315334,0.31030200478242964,1
0.7066418102812361,0.008305442097967464,0
0.34637705981397415,0.6809455599547378,1
0.45162276820000635,0.6200540134949849,0
0.08402420349063755,0.014050224489316476,1
0.7762687818549535,0.23666142914148802,0
0.3307334545301821,0.9689747052059936,1
0.9613914666583525,0.4917948927711706,0
0.11864052143232018,0.17536021189977546,1
0.03958451680841957,0.8416410342293783,1
0.8408081929751889,0.12762905989738393,0
0.30035692467961883,0.7782456928477451,1
0.9466277546359211,0.6985618054081747,0
0.06833613179531972,0.8105049573374602,1
0.6277112184137552,0.30577214954680854,0
0.5371865970806324,0.022558222349814305,1
0.9816286430993703,0.34964903060468977,0
0.6706913710397717,0.732137346472997,1
0.2813010015875045,0.5179524735303078,0
0.1960997688195526,0.15505490094453867,1
0.540257976804999,0.37712230834198435,0
0.5401749819844169,0.7205396788803055,1
0.9956666084430243,0.5947891732115669,0
0.37225875602984504,0.8880933177095556,1
0.7327640289653026,0.3867485834214378,0
0.4726514706068974,0.06308276335233065,1
0.7447547098367155,0.5001110643194896,0
0.23434934636858873,0.9208812086239555,1
0.2951586991871247,0.46602265775689666,0
0.06688746361572995,0.18089448454012413,1
0.7048181765912275,0.5557425898679262,0
0.31965721029584504,0.1582193393298943,1
0.8197111441154767,0.004751614959967121,0
0.16420617855896413,0.7592415365609859,1
0.5262460403799878,0.4958721970416532,0
0.30016761675674697,0.2989671868983289,1
0.9857147542205527,0.6868931367612064,0
0.11563830585900536,0.08530087020121435,1
0.6600244814272668,0.609919966574604,0
0.651938373307438,0.9158398870791611,1
0.9606005519623508,0.32391415817723257,0
0.47953322470407356,0.31144365713749445,1
0.779774227738743,0.009798770902523235,0
0.02648939284512164,0.4664434292067001,1
0.44010041365042574,0.48970761783792605,0
0.252408406881525,0.808029667716887,1
0.8865773902054828,0.16792386443083773,0
0.011463224287825091,0.8469644473585247,1
0.9980563540020747,0.6090704851512451,0
0.44049197202747026,0.20146562704141435,1
0.7819305424898955,0.6147609717703364,0
0.021574905349018625,0.6962841913555697,1
0.8263903767724725,0.7441733204667487,0
0.2140906511513576,0.9358371389877318,1
0.623112193095962,0.42838896833623874,0
0.12979683700437517,0.8033323284030811,1
0.388523556038038,0.5536139250377233,0
0.5448064157029603,0.14364427338661323,1
0.7810223253963879,0.006156589346916319,0
0.6420930395079826,0.6428314585710548,0
0.1884630826889313,0.8453545085437921,1
0.9767421920933698,0.3320763061847146,0
0.38115930536032694,0.6923685664540347,1
0.8378517743374385,0.04346461645302424,0
0.20640554842068082,0.10684278075525833,1
0.8142441908477155,0.5086790733659368,0
0.19534886591953726,0.14015556598402878,1
0.8538985229763497,0.11657347073289781,0
0.6725066489422654,0.19545283296507376,1
0.9092318714607305,0.17443803885852704,0
0.2736629537709492,0.11581589347198162,1
0.6777643235323876,0.0021621256714218218,0
0.4977236257817137,0.2755636788132966,1
0.2458623382363586,0.49450905220953734,0
0.08180003950157255,0.7976649733548603,1
0.7174618628736331,0.9324529704285642,0
0.040362165828981555,0.749784136137485,1
0.9070762896782306,0.8185455771865836,0
0.21551180393484104,0.28781806688697886,1
0.7350478791095112,0.48260119070647045,0
0.0234616637878311,0.8377520675138401,1
0.3917982970433599,0.8674509105409063,1
0.304552883567897,0.505542633722867,0
0.6847698722974501,0.2169861519545595,1
0.9277555142926244,0.23202494012291364,0
0.6067098241708105,0.14862180803743807,1
0.5271725290819055,0.6702348940091398,0
0.6558333548100019,0.933852837244763,1
0.8193496233687124,0.160655754393643,0
0.03261106698253069,0.4150216813374855,1
0.6905604899667533,0.5801192382749588,0
0.30055920559482785,0.9905115156850497,1
0.919486178103222,0.48711272880876877,0
0.5042958826186391,0.14370939466398824,1
0.2986701303211242,0.5175394630953782,0
0.15791164760087995,0.24785214597854244,1
0.9088978721961255,0.393939405935367,0
0.5289635673604531,0.9148210184160162,1
0.35289847226479165,0.4954350581037612,0
0.16082623837988375,0.152713711704076,1
0.6790876677617993,0.6892061903652532,0
0.667697949667962,0.7563834049800322,1
0.9169023461006692,0.24700052255370764,0
0.32977238555595334,0.6879875254184445,1
0.9750250296838606,0.5647747252673347,0
0.05607098873578453,0.05874240835896627,1
0.8393533577243352,0.5702146439428551,0
0.13967771544327345,0.5528195423454633,1
0.598604060407355,0.4515247576933056,0
0.4112475121827096,0.7475242010248342,1
0.8145175251579386,0.732263426442528,0
0.29612871975218746,0.0047022401550149695,1
0.7744528852991572,0.4616008232956531,0
0.13880528892190436,0.9390065268187824,1
0.8854014231303892,0.2819307142182843,0
0.40610124014036986,0.09805393812707042,1
0.9287725507702116,0.02808683405214929,0
0.46437815700846863,0.22513473491701264,1
0.8604446126228337,0.7368213604158569,0
0.7633722099944023,0.7889500128399267,1
0.8083143886024302,0.9605572294894986,0
0.1803672140139425,0.7608228463954477,1
0.21799738812338176,0.5030427690895249,0
0.21649418073265325,0.004138665187822799,1
0.7366275491491341,0.6493523754927141,0
0.18205922962520915,0.5805538053313161,1
0.8839291813991513,0.35379762998632425,0
0.48822558244078607,0.28371421767455474,1
0.8769839807520634,0.11328799632713649,0
0.6243485001908118,0.9066803991384247,1
0.8713514060818995,0.5449721999498114,0
0.032120135741406486,0.30341865472144447,1
0.9528569772835266,0.5231943358894919,0
0.3710771994779476,0.723182521137337,1
0.5071222838104119,0.5717065490577901,0
0.21228021041803558,0.8788071935150384,1
0.8645424629022959,0.8945426621062949,0
0.09840205005541036,0.11358514577938406,1
0.522945301385814,0.6067348653389882,0
0.24611924114217398,0.6848927882588706,1
0.9331662276385411,0.2098927650185568,0
0.05807077702671448,0.18562125234726046,1
0.7591236011478651,0.37517269271556986,0
0.27338486746714585,0.7647495161804025,1
0.8640425928264209,0.45227887556982105,0
0.10981870813900507,0.728641986239046,1
0.9080092854086756,0.0975028310529995,0
0.989613473679347,0.212270455201088,0
0.05732309181070527,0.6506985958052737,1
0.7616447533682315,0.7515106826154684,0
0.2917623002512425,0.7312598619169026,1
0.7986074827266925,0.1279089284594671,0
0.3581410946865924,0.7009536287297233,1
0.4987488470586754,0.37521369196313115,0
0.020712681671609556,0.7224077323151211,1
0.8969108342159161,0.31269772842168253,0
0.23432736058911707,0.9148819530396248,1
0.9734366169284941,0.24120820060889814,0
0.08992702780252537,0.2961517613475899,1
0.6767351040604468,0.6821373110434343,0
0.09129594485569814,0.5404438811263467,1
0.6214856140146435,0.5175706250449572,0
0.32737092130350576,0.8215362785473515,1
0.5000530934019694,0.513426580321786,0
0.04667459122826789,0.40521486485311375,1
0.7872190084912537,0.04615080120135617,0
0.29107383918935625,0.7459948175037251,1
0.7977690748278519,0.5723396518095275,0
0.43950677311646025,0.7135282388766996,1
0.6254609069092322,0.6445185127520296,0
0.45394583502907104,0.7809057582076337,1
0.8251774392464489,0.27853215358224426,0
0.19992017448614097,0.6103088605644506,1
0.9014727561677534,0.6506307776163208,0
0.21147536604770645,0.8233996082512667,1
0.8325604869488216,0.30790716863830014,0
0.016694529095047872,0.13842052975939212,1
0.8148837902044648,0.6483646361565534,0
0.5044658445729886,0.3259118200744717,1
0.7044875767633008,0.9459951130872621,0
0.780226388509235,0.846275174924013,1
0.5036623758866816,0.0005624134383374058,0
0.25395275161253494,0.7517220272006816,1
0.4033685035941832,0.6044302273811324,0
0.2212895532765825,0.1307161933280817,1
0.23953143140269717,0.4707947210758787,0
0.42894112506336035,0.33567191256444784,1
0.7871093225691822,0.07537475713936015,0
0.07234180416657177,0.6200640855466314,1
0.7131228098243333,0.5129816238375198,0
0.21622854410245962,0.021503016443237377,1
0.7884853594855054,0.016915024349010488,0
0.22826349239941945,0.1649300172938587,1
0.7840571780586656,0.008481196663929325,0
0.19834566381225482,0.6314115470566595,1
0.25085857875104145,0.5340324915435215,0
0.2944714678673481,0.7470135556696602,1
0.8201187541084783,0.18571660806664625,0
0.27146441893264095,0.9502112425255987,1
0.881772951219601,0.7811458864303774,0
0.15487086054176413,0.6630024715662323,1
0.48815386892510015,0.49059573981428994,0
0.12642735496530577,0.07877764938886589,1
0.7308540041120762,0.5675523842223518,0
0.18832613028427114,0.7049338402337593,1
0.9249624293120594,0.2459229054074099,0
0.389176689038217,0.8229437912960541,1
0.8268726157034787,0.9734807180798273,0
0.2523707619514085,0.2570652945481515,1
0.36810596204646606,0.5069945363944407,0
0.1938264634090664,0.5942884102336866,1
0.8317027524076909,0.3378948862361143,0
0.7683589072468187,0.15109788668364943,1
0.4084766783502265,0.5009585053483725,0
0.42217969582404424,0.9336075664342881,1
0.9637011356461517,0.22707753973345313,0
0.16718941019561107,0.4315287950966601,1
0.33090311204573375,0.40823266276990944,0
0.3835286105609854,0.9060091784793045,1
0.8376287038955333,0.4095880879602487,0
0.4969151111315243,0.1815846487744941,1
0.5197004415878653,0.6512137372683836,0
0.40147251373313175,0.3133148511295667,1
0.5962711601089078,0.03222655648725503,0
0.154224001286963,0.5168979795824428,1
0.7549224764972893,0.08908976954196979,0
0.20256592285278208,0.7652638238176851,1
0.7950033644534211,0.652005279329991,0
0.5930878947880343,0.7485620710953328,1
0.7673392999412709,0.6438392054555205,0
0.3836684903427725,0.08882210732803453,1
0.8892789699083807,0.5555209900022313,0
0.5302602503743422,0.2552266542593824,1
0.34581230097825333,0.41967949133463234,0
0.5642662652275677,0.11205559830497513,1
0.42700684299344727,0.408499491539709,0
0.2948095360187519,0.8598178873135073,1
0.978365732204788,0.2030983270607304,0
0.00766633086855073,0.73162614664305,1
0.7593898213899212,0.5800347361452777,0
0.49613787006061616,0.05716735868646039,1
0.45099714935111346,0.5034296833988499,0
0.16631637964123092,0.9301718581861972,1
0.7921410474703303,0.9016742887488479,0
0.6563276571154533,0.8461496970547786,1
0.4879262093028206,0.516043473316055,0
0.14374167713837338,0.37790672123105973,1
0.8231457166429889,0.40937158064318424,0
0.2613693057565909,0.08103180801959597,1
0.9060924699797671,0.6254802831317269,0
0.3090675346084384,0.27307276132690683,1
0.9604760816429345,0.4785573417057867,0
0.025241091827234885,0.451247107152145,1
0.8828234420379766,0.9488224121544758,0
0.23018820736008672,0.08105894556609383,1
0.85047431335087,0.24641720852640547,0
0.4821492484187544,0.12454323231612519,1
0.5224626718916581,0.5340330886742121,0
0.3131941826269522,0.977883240581298,1
0.6172789124234558,0.9744180332158259,0
0.19301922159218443,0.2205968134772941,1
0.78235370118466,0.055054638719468696,0
0.04201402976311874,0.6626463278578827,1
0.47250736262814763,0.5742083641435656,0
0.2282453452897475,0.29811481012551355,1
0.5153751661575319,0.4981978748821,0
0.029991708784754434,0.5018909227917597,1
0.9869423127381376,0.7558758746350838,0
0.07874055456812612,0.802259897848585,1
0.8711952004549927,0.3283092695418751,0
0.15962758024718504,0.10118978737564688,1
0.3233510962405969,0.4116191725877525,0
0.37911921650914027,0.040443844372569204,1
0.3821676408587473,0.3994012006308756,0
0.0817477997140893,0.8972468644583508,1
0.9057937353462464,0.9164623917963237,0
0.5596942534622456,0.897502593010548,1
0.8841120634367172,0.11607350518472581,0
0.1140746405662274,0.9681748649716259,1
0.8182332666986893,0.9073704266606722,0
0.0786465712328156,0.12637664430455942,1
0.6973298931975471,0.279974910788954,0
0.04334403436292611,0.8462198915300457,1
0.7522412012789453,0.44740788487290395,0
0.30914301119327803,0.31440656712601955,1
0.7326662489022935,0.9100911992646618,1
0.8014609376836014,0.7016763880545313,0
0.19670203929058283,0.5101131713586444,1
0.8506872412392151,0.38820344428432174,0
0.04460250378743846,0.5499501132288044,1
0.6491392342700862,0.41281360181154125,0
0.07340005451207421,0.43111505906271097,1
0.29962384495341965,0.5834180828509429,0
0.5106794439705581,0.06265922911653599,1
0.7029857330205316,0.05128125042873155,0
0.31354309019877835,0.9510599576909605,1
0.9090507577271044,0.3652385078678875,0
0.17652617796124648,0.3282513323084376,1
0.3830082372277671,0.4437816813358604,0
0.5662516176672028,0.9640010306458163,1
0.5625793772867779,0.505773552598488,0
0.22657248503724958,0.5860537305376715,1
0.9124102107431643,0.699244038635074,0
0.4678537895621725,0.7336454535967095,1
0.8368534767747583,0.4436165054210187,0
0.298226309085984,0.6736416264078303,1
0.8957159959487082,0.9610611450797749,0
0.6315239082797189,0.7809692686311932,1
0.9978002114646839,0.8272249230595359,0
0.590530014229029,0.24938874113517018,1
0.7006036721626637,0.26181071183056415,0
0.151573092207554,0.18759668825422526,1
0.7420162655673287,0.732209859572415,0
0.6583013346538633,0.17546175318114654,1
0.40965609123865654,0.39961323918748726,0
0.08090437951266816,0.6318986603567107,1
0.9984013989423804,0.49696495466031076,0
0.4531605592522737,0.1673065107742292,1
0.9056509096265997,0.5326529136614031,0
0.13138376913827998,0.22976434009805158,1
0.9261436162343161,0.3982455212704894,0
0.6643973755916328,0.09648507404516715,1
0.9866383994097436,0.6276679867232086,0
0.22174059075983465,0.6546925084393332,1
0.5877502548589094,0.3118189880471902,0
0.2072693556248063,0.9123546818473304,1
0.844642411742026,0.28550648516064125,0
0.08693680459456288,0.23000691214691782,1
0.9456282186735705,0.860882035939369,0
0.3305416663566553,0.0763744604531611,1
0.9535905074337936,0.00026422037075335414,0
0.39644703508085477,0.12700114854150346,1
0.9655132906830604,0.9057791652475765,0
0.051731164354632986,0.7205964491194596,1
0.7059566020255889,0.4838257999373615,0
0.16273869715627376,0.46712087895363585,1
0.845681513339443,0.4769922476523758,0
0.0003981789898264143,0.9079670542110098,1
0.716478356830358,0.4895979185209465,0
0.08913354145443175,0.19993666242289754,1
0.5454522096156262,0.37938478041261914,0
0.5211827337694261,0.7950463276825432,1
0.7573757328731195,0.510138235402283,0
0.47503428549796256,0.023731128514725253,1
0.5406041749154804,0.4363013823848372,0
0.19270506684438282,0.2941787103525245,1
0.7331885474865559,0.32039077938204685,0
0.0684780460503489,0.9810389418727757,1
0.5209201746365407,0.561876071668303,0
0.6774957908302527,0.855884492490084,1
0.76176993201348,0.9885427196878065,0
0.1345790685573406,0.9198129055428325,1
0.8605285428668298,0.35707728611084477,0
0.18231115344882354,0.8256966100121281,1
0.7820191811788078,0.9924532627054433,0
0.14719265821581284,0.9520824050354038,1
0.9045220265412478,0.8229492146677552,0
0.17683875777789526,0.44531490472645485,1
0.8111052970217617,0.18154040171673513,0
0.6757030043751112,0.7483380240477504,1
0.9319427624233892,0.04895083186058469,0
0.5116154723348642,0.8402773238553293,1
0.7169647823557942,0.9302944062227498,0
0.17563772323623406,0.003818696738983607,1
0.11689181730948284,0.08804378608526786,0
0.6039317435577006,0.6189408886761316,0
0.11455935267477857,0.8649456609594139,1
0.6679510118486208,0.059018986208497215,0
0.24655792197098703,0.5983537749768713,1
0.7171111156793036,0.27233209242972567,0
0.350674782300051,0.9206184234340191,1
0.7544825240256213,0.0260971473155327,0
0.2381052412273993,0.06310884341790002,1
0.8105351087311752,0.3860384771721651,0
0.44069340590130435,0.9639602000759483,1
0.7203498221393728,0.5511360871333403,0
0.07000840362008964,0.33744274503706295,1
0.7376145806433467,0.2968050963403305,0
0.45743349469287364,0.8417520707254652,1
0.9010375094691293,0.7370444141255372,0
0.20808581186703712,0.7080746827148912,1
0.11903866822573927,0.8566822728888854,1
0.8899880806828171,0.25913093604103543,0
0.03976265553852576,0.09405619472886306,1
0.8175851111747534,0.6655516357094186,0
0.5491934946457293,0.7426678180613151,1
0.8084561944714421,0.29560122744148365,0
0.2543897635803045,0.7409629678959228,1
0.47426789851353,0.5614789811304306,0
0.11509078360035463,0.4816972941659573,1
0.775621198300967,0.3905253736536559,0
0.05808909871451817,0.5156520436687799,1
0.8028015431839667,0.9694698479694055,0
0.4672798020398501,0.11501509464752169,1
0.6051419469417862,0.36196157929932826,0
0.34604957546615267,0.7855900905829175,1
0.9642923861966987,0.5466484745354342,0
0.10739220781064573,0.6237713117113555,1
0.7514123422464682,0.5380143718948941,0
0.3630322677333313,0.7029574082058209,1
0.6633049023354105,0.2946723884558833,0
0.355894682427234,0.2170467396163971,1
0.9284930714968989,0.6294915948495041,0
0.21396598700703573,0.5906553410438914,1
0.8407741628561642,0.39785357422742607,0
0.58901583535007,0.032519921063555834,1
0.5212513371323593,0.4803124577319131,0
0.4580111666305541,0.252774680738576,1
0.5513635210518019,0.6026450228207479,0
0.29254645822751224,0.1165461381412265,1
0.3843130528426554,0.4511826997324062,0
0.35146434452026165,0.6804090298803039,1
0.9169342286283655,0.9994776829066808,0
0.42806530536501564,0.15484839783910354,1
0.8040264675279777,0.982112628093689,0
0.5696367944878434,0.05609788747481359,1
0.8368669778297261,0.12005004096107497,0
0.3625979093331495,0.29478596530841716,1
0.7805370572764856,0.5889382267070387,0
0.7826355278442295,0.8071484972793039,1
0.9248733733927811,0.9494025776433974,0
0.3612373696305968,0.11015662245117042,1
0.7264312932149046,0.6872127166617576,0
0.40908492120820594,0.7155175660225516,1
0.35474131312059365,0.6041012709834296,0
0.48940275595223737,0.07996294703736351,1
0.778205909019363,0.9360049617962702,0
0.09256424364398752,0.048095190435934576,1
0.9352101263002478,0.345427716840196,0
0.5104304335688229,0.8706078340073828,1
0.978572826660965,0.21533154445517688,0
0.5939330983709332,0.9594472505262869,1
0.49380827978895847,0.651334938867386,0
0.29912469458022906,0.7003333883675081,1
0.6334417635382196,0.4434098019094529,0
0.8884351947669676,0.15414386696653803,0
0.5290066927166319,0.7569357021241385,1
0.7539512352816174,0.7205858061871887,0
0.18761253203501593,0.7819626422527314,1
0.9477582617375632,0.2778808799221065,0
0.6318122553961119,0.23372941357219346,1
0.626533934875125,0.30256003491322847,0
0.10423561647132673,0.030954784677991065,1
0.45350111471340615,0.5741351294437262,0
0.22669138825368573,0.0902693527689078,1
0.9857562488925271,0.38643688730050063,0
0.518763767333169,0.1476627033431378,1
0.6327780637509266,0.4452027577497183,0
0.08105660780274926,0.8258601672884388,1
0.9623087476355598,0.7095361766252375,0
0.09313735543351231,0.11798371775486616,1
0.9773666479613204,0.3399305116211283,0
0.023839728138528193,0.15395756120160498,1
0.9091274125374597,0.06549838604248981,0
0.6599302004632467,0.08642785501612238,1
0.6544383951869117,0.6037374153754949,0
0.5831193797212828,0.24545918547441603,1
0.8933047375734634,0.35187868313748094,0
0.2417009153908194,0.8535030477627655,1
0.448508504075826,0.6472052580717647,0
0.4457891121219095,0.8371578972050387,1
0.6185072672147076,0.5856827535416543,0
0.6307433113674186,0.8449377693695341,1
0.9623005953050853,0.42710237327642187,0
0.20927533966982348,0.1599489647800455,1
0.9611980525955666,0.22273965126124273,0
0.4146280447781745,0.9487144772531746,1
0.735527184635774,0.2697048170117623,0
0.40085099345990705,0.9954623418357874,1
0.9837540747284573,0.4020518702403463,0
0.13277911059088887,0.7439078959121668,1
0.6206209603038448,0.3926837657991984,0
0.392751156654355,0.9854693216780968,1
0.47798568652176365,0.3882176194394602,0
0.20957457592045103,0.35085029529995815,1
0.4210205830014784,0.3806890442720394,0
0.34038476955602326,0.9204332793911787,1
0.6190227013888824,0.49147745196089054,0
0.4012128722091467,0.8405168077858481,1
0.799156910448119,0.33179970252124114,0
0.03178328576199063,0.09828999349334033,1
0.39080806978260985,0.47547505761546927,0
0.21381220150346125,0.34492343162331196,1
0.5987935050759178,0.5129849063686425,0
0.1438889225539628,0.835763994060676,1
0.3476100789767492,0.473986429006545,0
0.26239265577126525,0.9147149064068598,1
0.48133066261603785,0.4058331496853952,0
0.48948035635773335,0.11902274397171797,1
0.6880932117669986,0.30259906646399803,0
0.10497039873622993,0.29143468087168867,1
0.7576401217311272,0.5300496429492455,0
0.17040514547277863,0.6677672669912406,1
0.7420491982888034,0.521809398691337,0
0.13804069839294708,0.8952905637289695,1
0.7021918873062397,0.2575770981082035,0
0.5808146572256668,0.9238823504798962,1
0.732749565159628,0.6668892296174669,0
0.5187232382714941,0.0630940034250278,1
0.5963723850117172,0.6541928902339439,0
0.22301191650442653,0.1343809658554178,1
0.9558627753322386,0.31967018477033826,0
0.11199394335719315,0.7030075646319306,1
0.9289036257165899,0.3595688638625145,0
0.2527631717119837,0.6095559016418487,1
0.95574354574186,0.031080332986446968,0
0.0498300589224262,0.5362555358228116,1
0.9759152729880496,0.916796601873848,0
0.04566526351069877,0.19219289418274654,1
0.9493956480076374,0.006599136174571307,0
0.23747278196473454,0.601893672470902,1
0.5802986125990405,0.605803809286803,0
0.287888716469327,0.47504947904989603,1
0.07539217829188005,0.21314666577712793,1
0.9433061642848597,0.6051666776441003,0
0.6078211494174383,0.18339051100622794,1
0.7554998343018486,0.457117906441727,0
0.1162382338766057,0.27391236380017225,1
0.8617645421219059,0.988029202403807,0
0.5235355014378784,0.14156793486310515,1
0.6817463170903488,0.6707387125676881,0
0.36138051872707877,0.3131169933577347,1
0.8089699434889717,0.16661820768748958,0
0.03421978958891658,0.2531042094044791,1
0.8418980076746372,0.6569069179278854,0
0.037264531417456226,0.32779473698421435,1
0.2840923382335282,0.5524232051012282,0
0.3903675972273871,0.9226671861582595,1
0.906890992678364,0.9594765966777388,0
0.5075165666820017,0.045529287657440465,1
0.49733615487372285,0.3399648353302146,0
0.5008767931627796,0.08878874021265148,1
0.7059156320533363,0.35700967738928835,0
0.5493733869618885,0.8742935539208141,1
0.9989686836914746,0.10246955160424942,0
0.3707920306868977,0.8497703065748741,1
0.8398165716787478,0.6886917114026516,0
0.08699525717233536,0.8821814083746213,1
0.8476519310950872,0.8675212766631031,0
0.060756800448401815,0.5983144561816535,1
0.7297641126073341,0.34083174522115434,0
0.6019232171441642,0.20449779962617376,1
0.8424352262393692,0.08017133651718644,0
0.733220023159578,0.2183987700275415,1
0.7739566757930926,0.7512027097173101,0
0.2727764073420187,0.1481230364667322,1
0.9129761401296138,0.5665496795236649,0
0.45741473393968246,0.1053631237388194,1
0.5564750416360963,0.4153856795243327,0
0.1984567845388534,0.8730828838750366,1
0.8331629823753595,0.8234897394600598,0
0.30991642303656974,0.9585223672811847,1
0.9335657697531609,0.48126430682723764,0
0.3919721961979783,0.06652713492315765,1
0.8824964459153086,0.535101206514056,0
0.19409404206477276,0.3173020079822102,1
0.8811700828834125,0.8594254607717082,0
0.5560164589566465,0.20859393392930037,1
0.5912775931382396,0.6730890811709266,0
0.31281119627649445,0.13839313926411223,1
0.9000069893350577,0.5084147671110969,0
0.46300265927456463,0.06349425889032223,1
0.8997859497497461,0.29132386695852575,0
0.08038823541860463,0.4640908743623411,1
0.9951076309865237,0.754900744957451,0
0.08998882161098021,0.13954239849039907,1
0.958337660272725,0.117463388393369,0
0.2667510245846413,0.36447063651176725,1
0.7980865656316888,0.12629457331575755,0
0.032160974260122877,0.2569493924312001,1
0.24463030995950674,0.5490588910421849,0
0.3977878558339164,0.13513424861171142,1
0.8234476062293721,0.6559407535580146,0
0.34309345982341455,0.8827644196101546,1
0.41979301542648817,0.3633028603218271,0
0.3006342251038704,0.9737994315842706,1
0.2010528256140458,0.49810775969894083,0
0.11306120257937025,0.5410000408148286,1
0.5634876238880273,0.6113718732366178,0
0.028015241233370958,0.5101489219329193,1
0.676258877875033,0.707093840038787,0
0.08148516710540066,0.8326328884320505,1
0.6470807573619033,0.3083440565094304,0
0.2535925959124491,0.8047948909270779,1
0.23183795879611102,0.5257398643966327,0
0.19715924410076402,0.5915519417164752,1
0.6033529537243862,0.34133170664614865,0
0.10992696168818616,0.9641138953649795,1
0.911557383459474,0.7476075367239351,0
0.3651345077499347,0.6514647911929841,1
0.661150997615417,0.5081381529718549,0
0.022236691857628,0.13821036837876566,1
0.8603833096458058,0.4431177315886672,0
0.1739887997046521,0.71764154545123,1
0.7115207553052028,0.6275266638170636,0
0.736231143574074,0.15083540377946203,1
0.43700153717207046,0.47765465730006895,0
0.09487184497317447,0.8496206708865642,1
0.7512408134348035,0.049982861893153596,0
0.40096204046950945,0.0578535251175778,1
0.7647476285127685,0.6754752167299565,0
0.46411854867483304,0.17542298887687313,1
0.5706765031510405,0.6573752905893372,0
0.70168002167196,0.1984172074482603,1
0.7740466473982591,0.2772128580144858,0
0.73057379057802,0.7958557619978933,1
0.9261651065200974,0.9083915005116522,0
0.21090593832097637,0.697144669091972,1
0.8528441029638169,0.22598897335943602,0
0.34780741656152847,0.28290701192886336,1
0.45982555238319,0.5727628603819923,0
0.33696429214546586,0.11538435029967009,1
0.985852168885258,0.770921792079241,0
0.1675183071386206,0.26735365209207573,1
0.34875139378764475,0.46122561019838404,0
0.07724517827616106,0.06616497591292159,1
0.7342295099473843,0.9307109615320975,0
0.5423100763317225,0.9015579623726615,1
0.9105824736415197,0.7679056038944184,0
0.7513868963637,0.8302490710329113,1
0.7501297427463125,0.9097648603519879,0
0.14525807052947326,0.26471776492207544,1
0.66076420701215,0.9449520442420438,0
0.15313141583475454,0.9667111610827834,1
0.6303385160083306,0.34703806122279945,0
0.21558987045296407,0.3899725178312141,1
0.5457389498661297,0.37764097000222596,0
0.13421336706637388,0.37381136756963484,1
0.47060865532860785,0.48275662717381607,0
0.13123792616302676,0.7035988161612241,1
0.4580937325189921,0.6093474237610098,0
0.08630307391536607,0.5380710313610548,1
0.5093804817605684,0.44634330828795143,0
0.2954777562014437,0.978932721693702,1
0.738912735502672,0.43540042375267074,0
0.5514193509916252,0.28632412836051224,1
0.6233545879716149,0.6706317152503031,0
0.03145012696718508,0.8533236210591212,1
0.6783729192640722,0.7067544692173842,0
0.20211522678861837,0.12344027862841866,1
0.4884709072225337,0.5538222868784077,0
0.2008251687562379,0.09868370517472802,1
0.7515123823317386,0.2434952610609008,0
0.2680018601662505,0.22232873686792565,1
0.5617275419141401,0.5195627601607649,0
0.2507016844031942,0.6085636672636643,1
0.8669734722631691,0.15741972598854748,0
0.3473783448094825,0.9177970038038838,1
0.6277606937444181,0.9692695315262942,0
0.059365579102275245,0.7165643353964457,1
0.6451984779484129,0.3298417794255907,0
0.23015850540192806,0.7995220227758074,1
0.9091119818579674,0.5721362728554286,0
0.7583508708848006,0.2129969655982089,1
0.8128328077480237,0.6454758180196336,0
0.3034491771213229,0.6204165274409897,1
0.6803187081222896,0.3325227325565302,0
0.23690343552892223,0.9998655941211735,1
0.9814813828517004,0.609313060105056,0
0.577786836214781,0.8564502157002417,1
0.6620607477517639,0.6926424346467895,0
0.1469177689788006,0.572667401516856,1
0.716430744709316,0.0833055965898637,0
0.051539883353124316,0.2027751514895476,1
0.7593555795007535,0.06318134806633502,0
0.053344843034364264,0.4969749896547373,1
0.9373767090213199,0.965788838291587,0
0.3580817000288249,0.6488032414852241,1
0.8455897209414852,0.4526936758149278,0
0.043131246586826655,0.0010195951966388561,1
0.9017995607161725,0.5655076805719237,0
0.3902568537464871,0.635015347981518,1
0.619215193210122,0.5465530504265237,0
0.07163784890846348,0.17437345921070746,1
0.9084333351192683,0.6740742489159292,0
0.2080774207394841,0.9261388445738487,1
0.6790318419895212,0.47320629393599445,0
0.3941696533126221,0.18288869289144172,1
0.8773958759410445,0.4792769734531156,0
0.35187106810727165,0.8605098559057547,1
0.9706104772430203,0.1133527948245,0
0.590766949506591,0.11662738389061622,1
0.9070602810846992,0.43631867698969484,0
0.07066875427877861,0.6492991631600488,1
0.9942380924917138,0.38720991485430833,0
0.3021939956570333,0.9245897531968533,1
0.6199697726639584,0.6921516843082443,0
0.11405438792369982,0.0011290312482625797,1
0.8180615878125681,0.12227543841556743,0
0.34993807380485,0.8334012813452123,1
0.738229230706905,0.06462095226949727,0
0.2715641728976699,0.34826689192128346,1
0.4467903718276901,0.539925055028783,0
0.40449636697893054,0.12760225159291727,1
0.5074169038915273,0.34782388626302363,0
0.62837202639595,0.16247081936818852,1
0.5537327241266127,0.983449224702851,0
0.49242235820642555,0.002078458001753658,1
0.8610835907787933,0.5217560193158147,0
0.4181072422088583,0.3064640007325504,1
0.5915786865079533,0.998556922057331,0
0.6073269410409885,0.08623848206192364,1
0.47786494826700676,0.6278254424417435,0
0.3331685684032363,0.9452111225132835,1
0.9373281218944135,0.5019492256546373,0
0.5185879843830186,0.7544159769917304,1
0.9243129900368237,0.0631839957826793,0
0.019781679809018127,0.6949971379751461,1
0.8126158426356033,0.6225894947321609,0
0.6073763677450871,0.1774469100903876,1
0.9979444774791469,0.6366210732705916,0
0.33808407289392295,0.07703742129013569,1
0.8553399453087649,0.4941767784524109,0
0.2854707046050666,0.14902550464090691,1
0.9824961042457773,0.9319501094721778,0
0.2983401521952368,0.31100694842209586,1
0.6411666710521585,0.4876023410107587,0
0.3296054661774147,0.11566258982201849,1
0.4904920792900528,0.5867023724623246,0
0.5325340788183401,0.9712765017731273,1
0.7874367637011861,0.3360262295523122,0
0.7279746439214464,0.8830027579845129,1
0.5389240658445101,0.6795739132830383,0
0.26959508446557867,0.34348858079273725,1
0.846637669744068,0.6424614090622176,0
0.6184609310613176,0.8381485460615102,1
0.47286038483057646,0.4500614216217107,0
0.023849163164403553,0.35807832688743924,1
0.7872024938572637,0.9915763994678817,0
0.060143726481862725,0.6849936484685455,1
0.9961816441494004,0.8604942264620739,0
0.1675745130486056,0.07513474326967384,1
0.8153353874686557,0.6721100144382164,0
0.6577539406966006,0.8713500317844275,1
0.722584981512301,0.7533264391204465,0
0.1639151820639897,0.5288019421680087,1
0.729068814240513,0.46522330643559284,0
0.04331762637315939,0.43372795292929256,1
0.8104758511870105,0.6856299857973162,0
0.4741808701113017,0.8994251634245706,1
0.6989612815426883,0.705556404488837,0
0.2036985119305531,0.6023600689566136,1
0.6759910694099501,0.6299071514394748,0
0.1971104857011894,0.4328443750793144,1
0.8598971174561104,0.315832646093021,0
0.04152388947662533,0.9929698130884896,1
0.24583902206807295,0.4874706295247787,0
0.26304094617682217,0.3883258818420675,1
0.6384871279767751,0.6888383886149423,0
0.745276370879141,0.14399966597661407,1
0.8649231238282862,0.37621604957718324,0
0.006503676362093813,0.5779776600687255,1
0.24504903281771417,0.5051736565366842,0
0.6256565486394535,0.20264024331381414,1
0.8198480798657164,0.21311785956873164,0
0.15486577668386559,0.6809608385442393,1
0.984361743777227,0.9918495782993336,0
0.7631307040619133,0.8795139076675689,1
0.8314183871108778,0.6331549329368422,0
0.11750396418511411,0.975158100071507,1
0.8668126651603079,0.1528544141709942,0
0.5078608430274465,0.021627935457373737,1
0.8082185831861607,0.16772388010292527,0
0.6752722649785677,0.17737842743433985,1
0.5883757182137082,0.5877979602335359,0
0.3914398381741001,0.000752700896440639,1
0.8277922899847843,0.9460908524189728,0
0.5519819254817458,0.21902180818516348,1
0.9027350016305614,0.7191446564344319,0
0.6091733869895276,0.08535143044308457,1
0.7066672164093889,0.5689230343835303,0
0.15531784908206003,0.4804132070369095,1
0.49841668652358306,0.4212430088092549,0
0.30969942711418896,0.8145532230959172,1
0.4989732931066361,0.47934736133958833,0
0.002862126435127288,0.5234981882812327,1
0.5397398895251392,0.6181834543652712,0
0.02056792729298662,0.03282832857914242,1
0.8687125746918415,0.15981278181988245,0
0.213031421775687,0.941659687623505,1
0.5977121194963242,0.6968992278230056,0
0.4786096396102264,0.7487129527896882,1
0.8714161086730787,0.9318619791764962,0
0.072265262902942,0.28347330032833395,1
0.33354126832872366,0.4219553322029481,0
0.07318646768519188,0.303994003341155,1
0.9337500305297557,0.8481178355147425,0
0.09757180535541643,0.5634251403286231,1
0.5852986388197493,0.4630340086579531,0
0.6092123853632383,0.8546056806107477,1
0.8890135759992622,0.8986541293125337,0
0.26757442451406044,0.6486496720501742,1
0.9241007357486642,0.497429917035331,0
0.2772760581817624,0.7472935641891258,1
0.8951530498014719,0.5240928234571479,0
0.5495112764547976,0.8736696760084255,1
0.9001240929865367,0.7320539870694803,0
0.0902964522450187,0.7900453931993157,1
0.9776854864923923,0.3858146260043738,0
0.08741238848631161,0.4744870892353429,1
0.6508098018122392,0.5547736745845683,0
0.5424328002445336,0.07420068897184096,1
0.859989561409581,0.42089039631264047,0
0.19722331354628408,0.5152774642393797,1
0.92748064627959,0.2730853696634693,0
0.582139905159119,0.8997776644147835,1
0.8038906297251034,0.5383728706401555,0
0.003476289842984759,0.7463276019867738,1
0.2905829011963085,0.5143518556179568,0
0.45017152344441913,0.920597181313125,1
0.4454358443237081,0.5874819485325948,0
0.7527326504013988,0.15786914732855073,1
0.9692407671920673,0.26867478964145175,0
0.17266589993911463,0.3684901553412273,1
0.35327544580862025,0.526003115699728,0
0.05848565179251364,0.3916096504671469,1
0.9034307124206356,0.9401667180376685,0
0.5102444820366224,0.7026314882010605,1
0.3815761099668181,0.41747962638143754,0
0.2533763046273325,0.34680002733412607,1
0.5147857595123556,0.5657071905477155,0
0.5877787675341278,0.9570497032762799,1
0.7285722245252092,0.6863166305927724,0
0.5312619387435036,0.8476352845743484,1
0.49585274668258605,0.5569723476244223,0
0.024036001488027647,0.42467387011696134,1
0.6183466721316561,0.5804429594824747,0
0.05871479698727633,0.2178066106001555,1
0.7729639460302163,0.9135299572741927,0
0.10858229662253782,0.43446322251048797,1
0.23125580426646675,0.49774412085264874,0
0.2539304076720986,0.9891188620498551,1
0.3345187876014927,0.5448281512636282,0
0.07293498980406321,0.25648246498946936,1
0.9933135286359287,0.822449561379688,0
0.5094940415993297,0.7460226723154766,1
0.6811310707992536,0.2927799738592013,0
0.6162334997469012,0.9488064343132175,1
0.8891737772239244,0.6100796282849701,0
0.10315439680358274,0.2842131472104201,1
0.5900315541923424,0.5412391837181424,0
0.15591014414396853,0.5508471396496442,1
0.33317145978386575,0.570573203704794,0
0.03809650380786089,0.7063058819636263,1
0.3849086958605126,0.4294561914359821,0
0.22878141590181555,0.11160837456545247,1
0.5049303936444459,0.6398220925666833,0
0.10212304895689661,0.7013273294203046,1
0.6860319126766786,0.5424283787703872,0
0.07060019844156795,0.4175197351999451,1
0.7709467100795443,0.5389402439522215,0
0.37323281958107124,0.04956778621154978,1
0.5826975815729496,0.502146553093477,0
0.15725490278332332,0.8640607256124393,1
0.9881062259669798,0.6468235181260674,0
0.26486237006719715,0.42736597203412274,1
0.8593808313192755,0.7916565073736901,0
0.5599850964355615,0.07033440598563323,1
0.476394233962682,0.45575127373076474,0
0.38562683624067506,0.925013593774678,1
0.2833543764123102,0.5299426035216317,0
0.0941557329812045,0.580181044557929,1
0.5480373238232985,0.6626750390937034,0
0.21263751653147311,0.878753058273237,1
0.670901529396662,0.68513326084369,0
0.27367628543101896,0.6685592174522998,1
0.6430649521788268,0.003243467556798052,0
0.19314705431354062,0.6333271280261716,1
0.9508219119047362,0.7249026397168047,0
0.02489563432602382,0.7622005690708696,1
0.4534513589963315,0.3977604873472437,0
0.21726273964849918,0.36100759648477576,1
0.5271307638524828,0.4110614633370755,0
0.5446563949565951,0.9295342821596991,1
0.7235460459205602,0.3060379116496663,0
0.010948688838111065,0.3114481284671763,1
0.4403788054081209,0.5531812965105036,0
0.18211119011653398,0.20599188453715278,1
0.8151061256964877,0.22880440223088405,0
0.16464341313622832,0.4138288073923243,1
0.8438212686546847,0.8431046552443373,0
0.5470262569451706,0.7369142585355118,1
0.43212013347161293,0.6026453318566038,0
0.4921237893754987,0.21466719928303402,1
0.8423408570389658,0.7343977812920552,0
0.05160675131571757,0.8416936581266851,1
0.7832342188805815,0.1251432700317623,0
0.011692889151540764,0.88061920321479,1
0.9831044439339331,0.19275730309804906,0
0.4919180414411144,0.9607733097370309,1
0.5252664641926932,0.5318053399616343,0
0.3488889534937045,0.8700417588073611,1
0.7968398693520968,0.5565606815689447,0
0.586870744231722,0.291949821987729,1
0.7646417580287428,0.511593062151836,0
0.4861843262917819,0.9720449504835781,1
0.27124156343979955,0.460627325547325,0
0.6180314011465248,0.9170735148459461,1
0.6576952619974765,0.6344217780886741,0
0.5305695359007457,0.20969703793121075,1
0.7464177292899185,0.5959585605219571,0
0.13294530731301746,0.3595312100056778,1
0.5595499738972375,0.6175409118078304,0
0.40445650132895283,0.8760396515569588,1
0.5062834326462398,0.5778005438454454,0
0.38985437813425994,0.19876244191683523,1
0.7002127657708651,0.6362463186610585,0
0.03322675224177307,0.821725680197834,1
0.6626580764407562,0.527647431471192,0
0.6448811077000661,0.08111462948533266,1
0.8162043477469507,0.744459718702874,0
0.3327294387836116,0.6155051425159884,1
0.735008481942244,0.2749934697417481,0
0.580301411683537,0.6955643698277337,1
0.7194540382413044,0.6740941051412567,0
0.5642848516188242,0.975584828717943,1
0.7711202268359273,0.623035823088817,0
0.1330457521502767,0.17689490083986525,1
0.7425270517052311,0.2451309806219022,0
0.7705403852210888,0.8416273889622207,1
0.9534867346923316,0.6181454856532395,0
0.12820830985610243,0.3972493801078206,1
0.5215339444867784,0.5630151125108481,0
0.14208904609744566,0.9939617312987175,1
0.916548336678567,0.7256417205038087,0
0.09651601311332703,0.2347913891345137,1
0.34260129647673976,0.4727282996726989,0
0.40924787327555745,0.8521326432738514,1
0.8177238553836956,0.45494969671606433,0
0.32397547160942897,0.8635412577872819,1
0.572713825848794,0.0035745714906344483,0
0.02916732336004524,0.27710671126269204,1
0.9689844410268392,0.6391470081390728,0
0.2378321283995095,0.4453594046395517,1
0.9519268662129796,0.9121179890782589,0
0.014262387299254886,0.5062728843457016,1
0.74043566562142,0.7557116203877235,0
0.19159146465196386,0.12123727652722971,1
0.9741277236707223,0.529295255394594,0
0.40554214089263607,0.8489222311607162,1
0.9468218614896973,0.10242005142031274,0
0.1505799078765837,0.42899991338096555,1
0.55956709432646,0.45195380781630334,0
0.49485258098373963,0.19495088776953529,1
0.6721883697827159,0.3962105139037143,0
0.18874616013494572,0.05681152611342244,1
0.9025251780444855,0.8952337746048928,0
0.1443085053258355,0.18763287258933747,1
0.9429519216133937,0.4686484446028506,0
0.07151878834859926,0.3707134024549962,1
0.7014308575267832,0.512781646190682,0
0.3819899878666072,0.7919403593593451,1
0.3287489938507574,0.594600250175759,0
0.2577498080850128,0.2136456088719466,1
0.9830299474762745,0.04443563106973669,0
0.11365015372756826,0.4771020403141897,1
0.5925316316984481,0.679871998072569,0
0.0020504012670861105,0.11179186052453016,1
0.6534015871408146,0.6260157994133511,0
0.1374992557361594,0.24085396992071584,1
0.8574571544445921,0.017052129893312618,0
0.5422892664737251,0.9204458359109654,1
0.7777919786991561,0.04492352884443951,0
0.45318934457123783,0.9554660523461086,1
0.9249433116760702,0.9740155107609675,0
0.4632509422027239,0.2933776952358971,1
0.6173343769782741,0.34874777754373243,0
0.002162948897367234,0.2856865946889483,1
0.9336629532986548,0.4879918642377563,0
0.39372342092258217,0.9944642301439609,1
0.7073057217165878,0.3712304763458456,0
0.02858168339542544,0.6111929749330048,1
0.8733508199822472,0.559364048004078,0
0.06507597505144358,0.916557858205623,1
0.5007524610666297,0.6397345775158871,0
0.22283942329897932,0.5607600076241139,1
0.7962617423277888,0.02096224535080915,0
0.5966708059772505,0.2965121289532384,1
0.6185393662904191,0.43929638863786846,0
0.3467701714436434,0.7410581585082819,1
0.6355665313017789,0.6961906256709762,0
0.3654519547744638,0.08015423502943675,1
0.8250926100591099,0.13602182161072562,0
0.5466119990692593,0.6843476164985878,1
0.7605286750201973,0.2740772366206241,0
0.27799350642144627,0.8093898081853366,1
0.6147331964182432,0.5342826884651148,0
0.2523898575995328,0.731528421733816,1
0.724598624919088,0.38520964475277353,0
0.2256176870426413,0.9367411435113328,1
0.6012090888744053,0.3380634770066069,0
0.10156661580109294,0.8240419160453796,1
0.8347812239777122,0.3533120481429345,0
0.14866245428611435,0.3604216013436622,1
0.9775211375869183,0.634348246076328,0
0.1932330411724117,0.5090131952634387,1
0.9939089398782374,0.31760064762244566,0
0.1967378052857971,0.08538269375204899,1
0.8827679082722586,0.6640761927777559,0
0.7606706864808673,0.146478078390482,1
0.3037684719226923,0.5402986639101129,0
0.4684397041051864,0.7139610214056431,1
0.7849352371909101,0.9863280703168257,0
0.4114944456825673,0.17624569179448557,1
0.8074501140257614,0.012910814070812071,0
0.326431961486205,0.15761225411939916,1
0.6053303160840855,0.5226090775284962,0
0.4672595225994822,0.2714386149591952,1
0.7273703962932659,0.3828252868471388,0
0.7407139322985967,0.20404278990150482,1
0.7617864136447607,0.9823868336046856,0
0.5513116082436669,0.17459308198186663,1
0.9075966141058405,0.7086692102453023,0
0.5944681353238793,0.7776254642064894,1
0.8554749524933561,0.9556765408672215,0
0.0006890448518209746,0.19669136004120036,1
0.5682883730833365,0.3442778555962941,0
0.46858542440756135,0.8291153509013978,1
0.497807090749274,0.3808231499218979,0
0.42635314746103703,0.6661455842183862,1
0.27888996544770883,0.5237767096715309,0
0.7427793520127091,0.803721493014923,1
0.685514239812083,0.6291789444143957,0
0.30716524190065164,0.9257873263926469,1
0.7790575056776936,0.6624584556897305,0
0.6215434179306238,0.2869044629790002,1
0.37904865254536435,0.5844763749052427,0
0.33424853359069995,0.12685706066417368,1
0.7558347336742043,0.7046809612637631,0
0.0509067642058052,0.8775800347975383,1
0.8281196332532882,0.15778630474638033,0
0.05657013548150236,0.06608574568015846,1
0.7989040238618845,0.9156754426348435,0
0.38624591237116546,0.1700698282650972,1
0.9143724203607948,0.5011445209675656,0
0.09026246481346045,0.24077878015503418,1
0.4754480748083867,0.4295430510413145,0
0.41054755427921963,0.8711195765467734,1
0.9634448516777685,0.18953715401437987,0
0.6247421041406352,0.7416313156053304,1
0.5301348031993857,0.627169797404463,0
0.11700694548749024,0.12556716517435385,1
0.3885215565236112,0.46167877640719557,0
0.15174376604328443,0.7960678746432232,1
0.6933923556724161,0.6702568999741976,0
0.7342947753880675,0.8500160797193002,1
0.7670691013692557,0.44320192792572344,0
0.4044452883233979,0.21446611713150776,1
0.708589653371194,0.9741539059884166,0
0.7267437528117727,0.8978129450191735,1
0.8390981436613356,0.06292360321606727,0
0.2510147953439509,0.104439636667088,1
0.9350457048587071,0.6349399299018015,0
0.22185300697234855,0.9383693289067474,1
0.9588239772320443,0.43184838268434167,0
0.7012710991093842,0.854887259136463,1
0.42888946160660646,0.5714626919409082,0
0.14080518682766408,0.23348121924215115,1
0.9616262498581881,0.5964038214711789,0
0.27523845266082125,0.778482444962554,1
0.4268839614327815,0.5843545745237894,0
0.21524217260575096,0.5964300417027388,1
0.37565124067809286,0.6184921585305092,0
0.12066040264259181,0.6076095765922221,1
0.8735511684118823,0.3433230549583757,0
0.5299833554575799,0.1925474350062466,1
0.47753658462769033,0.4656453315211223,0
0.2851960592463725,0.7613021458515771,1
0.5657870908325379,0.5268933633106719,0
0.06547223201495611,0.8162231126519734,1
0.928612612870206,0.2962526936954616,0
0.5673690484237859,0.21769615761514627,1
0.3687662333749422,0.4551463480663638,0
0.03340215377044986,0.6628375657118785,1
0.9247665588874668,0.018408531920386717,0
0.14272637038818148,0.8435107631569297,1
0.9280658936837878,0.1643208581985115,0
0.023635880464946912,0.7031954459193287,1
0.7916023795884105,0.9050048134917463,0
0.15899154374983127,0.14298797452190137,1
0.48144470050762034,0.6565620762483568,0
0.06472975172685291,0.3445581015480962,1
0.902494692686015,0.4237031948594776,0
0.17981562758581893,0.7136553107122361,1
0.9657791578552168,0.22768757903654357,0
0.06031918784068535,0.9425474562130155,1
0.7896033269169315,0.9088229623141983,0
0.0972169060314757,0.8324347090504539,1
0.3645070193895319,0.4499563910576877,0
0.6276620171109615,0.8991566093303688,1
0.6567777378955604,0.40833504986778113,0
0.5017001675804149,0.9292910637604823,1
0.32604619457775874,0.5422673315056012,0
0.5271200810303828,0.7540863629738378,1
0.8910583305775466,0.8606196144612693,0
0.22820307510678806,0.6754915810583055,1
0.6704632837954845,0.5017451394743313,0
0.2733195506544629,0.01374216635963954,1
0.2459884910663589,0.5029490067855358,0
0.40298562506417146,0.9257072760863615,1
0.7166350575799295,0.40091333110072847,0
0.15736936318699046,0.34187441767778803,1
0.21183856833810355,0.5055575579778347,0
0.6560020932177945,0.14887870023673033,1
0.7542477824608353,0.4100009682513799,0
0.45588125168811977,0.9039154392572772,1
0.9577787717040384,0.42872421110328796,0
0.30779253694472497,0.280031924835634,1
0.7425271930115573,0.08114963128672104,0
0.028000658763998265,0.9384619827875988,1
0.9284318110427415,0.2721897710779979,0
0.2247061293328907,0.6005074792442398,1
0.9710234527563997,0.16512813198629295,0
0.16380163563276262,0.10420194232988944,1
0.9562759949451942,0.9782965455314642,0
0.29093814068260926,0.7128055928766106,1
0.8390932604354728,0.23144510747349578,0
0.10901203035119023,0.02036782797302683,1
0.9995340963893559,0.8916599267734099,0
0.7322365318920875,0.8356819621140319,1
0.6440497786218128,0.4949439041005478,0
0.09001587917801435,0.17592373448210674,1
0.5170126367365857,0.34437638684521477,0
0.45056625555734553,0.94309096403886,1
0.8334647058575779,0.5128362668853755,0
0.5961652493473024,0.2800684899291098,1
0.8934474507814676,0.5386618059908388,0
0.5930550501896747,0.2431727005317058,1
0.8915338190290493,0.8261907785855436,0
0.6735339007394082,0.7452732224233569,1
0.8404718334594082,0.4791685393590175,0
0.08137496321380133,0.5135506522804033,1
0.9666947622119461,0.6320352286849055,0
0.7551143776301036,0.11989662037889337,1
0.8641122926229353,0.39095900866517386,0
0.25446571116349537,0.0740510281752087,1
0.7968282945806521,0.777364526609216,0
0.36064515195519187,0.8653237097661235,1
0.8284471067500009,0.7175021359275497,0
0.5236598105719219,0.78287008232707,1
0.9939760242813744,0.24691554032173013,0
0.1246634581833459,0.7258860041900306,1
0.5431407577814328,0.5659023963408412,0
0.17158356034049682,0.11020022534793594,1
0.8203370498373951,0.21511567789303765,0
0.0326822364880075,0.21918689811744707,1
0.7224579285396463,0.7455583675684335,0
0.7064283732896722,0.8692198986321755,1
0.864358199566986,0.8224136883167708,0
0.27752803323301545,0.31800417787827095,1
0.8973873198839882,0.10194468532346368,0
0.003402112726737516,0.43235780823713854,1
0.85633543616239,0.3928240394373732,0
0.2777507673066054,0.25358263632587486,1
0.5381405865266392,0.39741889967897304,0
0.1070327172715555,0.03912565786513611,1
0.45826743007313286,0.6507148369400487,0
0.6933104452482439,0.23367488485523547,1
0.5690205881990517,0.4594477189139671,0
0.31822655605530903,0.34713979781777293,1
0.963845246684889,0.9647506180847104,0
0.188560463750038,0.4560478086529616,1
0.996792135202207,0.22599421479639936,0
0.24860247364031485,0.7129898121475122,1
0.6737292728446037,0.4164338180782048,0
0.017947643838429728,0.8077194067671869,1
0.7657052147063174,0.7629999608672193,0
0.6262256458406645,0.1462092777341223,1
0.7233637516407666,0.331144535905775,0
0.5067155049181471,0.9823201274998136,1
0.934651854963754,0.289341215856449,0
0.20366167594999296,0.9807688928674937,1
0.6366036135992924,0.4497108724083134,0
0.5388068771761927,0.14800242716270762,1
0.8357987455044038,0.8488474699358501,0
0.5358926519164412,0.8960968316440465,1
0.9283516361417836,0.6351396128122414,0
0.07290975863959193,0.8301198260301262,1
0.8170747536787297,0.09363484190644689,0
0.512053981232202,0.2806749190228257,1
0.6822523051193778,0.5985857799895229,0
0.1217263347209534,0.205055907009966,1
0.8964064568531479,0.19363493572468582,0
0.6231040508771937,0.05576691835486092,1
0.4629205108697677,0.3888783227252167,0
0.5838309830224366,0.15887267204703637,1
0.39318698382306616,0.5139640131781477,0
0.5919851127654929,0.7304408137827901,1
0.48655199319576103,0.5273930433796488,0
0.3117215869062874,0.9817869771170376,1
0.3107929501334752,0.5461473568773854,0
0.5306071865570448,0.8842811401936249,1
0.5642820849360114,0.339971804160926,0
0.5578302403548625,0.17009532364247182,1
0.8992613399282718,0.9075845387945982,0
0.28237002057683946,0.1081595919195043,1
0.4229849096268289,0.37429798592360797,0
0.3088583676655836,0.9786745678402188,1
0.8614012216371064,0.6718653900245393,0
0.06937899241561762,0.02593211322025768,1
0.6429312460491959,0.9797680095694037,0
0.33949824619150026,0.32998815494712663,1
0.645433750979193,0.9565548029417216,0
0.6574819639457399,0.1516602494794016,1
0.8045016749446211,0.43582015264101703,0
0.03729052034640945,0.3771875801021629,1
0.9668379970905803,0.7418507024299851,0
0.43339081579569394,0.20877262174027367,1
0.7336238443994669,0.37419837656323274,0
0.11038947970052038,0.08399383105867875,1
0.9052657374356937,0.0039865914744692255,0
0.03046911035753319,0.6034735677288883,1
0.8556711125660132,0.3676358954086336,0
0.31537044359089594,0.6415251739595063,1
0.9284427894965456,0.5071586055619076,0
0.3049248886138849,0.8754443972170834,1
0.9418616856888888,0.8096935900936614,0
0.2349502921551262,0.102190417391259,1
0.9261467202437291,0.6845709659599969,0
0.11176794182863992,0.6262706337145689,1
0.861215941500168,0.8321705528294122,0
0.2969042724624067,0.9923578008133513,1
0.50579928258589,0.42837934211810436,0
0.28552581094358986,0.7961902632108124,1
0.8555910730813293,0.9484296082969116,0
0.5312223500857899,0.02470128004273675,1
0.9799429868776218,0.5512018185764043,0
0.7557384077938992,0.8414507925129702,1
0.9127919908178783,0.4935514292054597,0
0.577072129301452,0.18752259477930489,1
0.8000484727227937,0.13828717905650778,0
0.6142241533670273,0.25107168654543066,1
0.502651604724272,0.6333563754689127,0
0.2638897605643089,0.10876594868498113,1
0.8075934488600862,0.9805133528828979,0
0.5243307541579478,0.7062244955733997,1
0.5378946775853963,0.3462130485298148,0
0.01481707498052498,0.47905418807593003,1
0.7607636999589525,0.32531189131837646,0
0.01509936947707391,0.2869937122130629,1
0.5479659801359752,0.44273982567074666,0
0.37252569835316973,0.30728031667255573,1
0.9629608496965432,0.9421578204773919,0
0.22065862729744057,0.6913609305937105,1
0.9085533099255452,0.4571499945515993,0
0.5983785427788593,0.08054720743335986,1
0.7690809965736676,0.9458419505004176,0
0.38550139388897164,0.8239408688148692,1
0.8437724468002551,0.6314515878466642,0
0.28024751735787645,0.711165890296722,1
0.9344801232158073,0.7261141933287182,0
0.6682015577107686,0.7607049148004609,1
0.9486821812771626,0.2766907768120922,0
0.054142860045453656,0.8424191278037398,1
0.5456170583875481,0.423769561182302,0
0.12959812570625673,0.5021954999382203,1
0.941856272975473,0.8578977645329809,0
0.30776338783012125,0.6364195654717554,1
0.9636425772230836,0.9496774814025383,0
0.3437843026948463,0.3185894562336622,1
0.8221874650332607,0.896740916543429,0
0.33279658910767174,0.08514193854292529,1
0.8719322634482476,0.6527712076852006,0
0.36570155405290095,0.6291810044293744,1
0.8866320175616577,0.9944621022194378,0
0.2942600924356388,0.6788066246127833,1
0.8827592954536501,0.4268525297735243,0
0.13049761479972832,0.9637775138207235,1
0.833112379857938,0.3606594375357556,0
0.5577193279795434,0.2409948547606111,1
0.9597757232188058,0.8424562166064229,0
0.6838549796569802,0.758278761327379,1
0.6221681042907794,0.5118723531425876,0
0.35634590659524057,0.7879680805637227,1
0.9733875122593736,0.2436568319599215,0
0.4079967437392399,0.11130704643734923,1
0.8848757823841168,0.25262098714041115,0
0.6697975237831331,0.814343032761272,1
0.7882931443688695,0.2720280802041086,0
0.09783277563470016,0.1310079673883071,1
0.7508267549653437,0.09938706480134696,0
0.14450371827392627,0.4620481935401224,1
0.8050373251570926,0.11633733342437413,0
0.6789306244667285,0.20786511835906074,1
0.6363614725347497,0.6192841260190777,0
0.04863455158818275,0.2914420026875908,1
0.7203832747719845,0.503438199277171,0
0.05159712790237747,0.8895959351285643,1
0.8862449368167126,0.30621889398115687,0
0.24343088880549002,0.13883989141099673,1
0.6528559515209884,0.606582223946294,0
0.4745357066618946,0.026824298074966557,1
0.9589677840528531,0.5983110788243547,0
0.3938726864979133,0.34414023005237215,1
0.6063368093830935,0.024857201361516812,0
0.05750992454580095,0.78541933169527,1
0.5810629093416585,0.4477564141915815,0
0.14815040713706373,0.2762425092494246,1
0.8411115481380846,0.5726845229193117,0
0.042495336742700784,0.7245282012281951,1
0.7757495509820734,0.09475779589171385,0
0.1286140862454599,0.39246306311349366,1
0.4909477925806045,0.5738154990257207,0
0.01919955128226114,0.7924459307973397,1
0.9401553095276444,0.09973690848642802,0
0.6049625550452523,0.19619325692454248,1
0.24294101901225873,0.497052006757832,0
0.022923576287338543,0.5853781866513237,1
0.3510581850359832,0.5955573607403065,0
0.06840617923778014,0.7067159113289393,1
0.7327958974926256,0.406076075182079,0
0.46651685360557227,0.898463557470282,1
0.3331527026947769,0.5575649046962834,0
0.3874514428700744,0.22384747424269846,1
0.4845540940339522,0.45793531565841206,0
0.23350987332244322,0.18985416281832468,1
0.8020943590317258,0.04633104098140839,0
0.4126525287129592,0.2481854674449565,1
0.22719927282848007,0.5402297765290223,0
0.726361321158905,0.09439143593080446,1
0.619098597334449,0.43945990030813675,0
0.4782355596233496,0.29891145803747077,1
0.6503598464436612,0.5945466238974397,0
0.11889324684213765,0.15383242367915795,1
0.41779765606460517,0.44665790718470055,0
0.18318288268890637,0.708681262352944,1
0.6292907150412502,0.6075859061949312,0
0.6895407282801352,0.09057588017141027,1
0.8995035126763075,0.6548578757051675,0
0.323318715479185,0.962223782085224,1
0.27468262591226167,0.5165656311941095,0
0.22379917333250765,0.04831578266451464,1
0.5315094426592916,0.9980864944783004,0
0.5969596015037049,0.8927442878373978,1
0.7595511297126013,0.43665997964572456,0
0.3740060267053005,0.9314625644363109,1
0.8672493525498902,0.8962258364016027,0
0.03341165284372549,0.2900406062768027,1
0.9594026981854109,0.17992322498156876,0
0.608484988717803,0.7630489228407582,1
0.617714616187964,0.04182877911211047,0
0.2881440447278676,0.07054948025577457,1
0.9626780090118715,0.42498942180754573,0
0.0732270501682688,0.37143737910453656,1
0.951059582185735,0.4772420207284407,0
0.6785519351558448,0.8825540085298655,1
0.9791030812535528,0.808176788157888,0
0.051897563059812746,0.1890126922012958,1
0.5548554829824004,0.5606349793063974,0
0.36870794937559803,0.7250668189487394,1
0.9672383565122546,0.5929056992494438,0
0.07705131626533779,0.8801370337311963,1
0.9664135176668075,0.07309793696750111,0
0.10707410956193808,0.18459022627838484,1
0.5994042321351342,0.6683497086040404,0
0.677888038246433,0.14297742039414862,1
0.9952179187238939,0.7893762424794004,0
0.1695351306719356,0.5048638761692279,1
0.7971803893064402,0.7382557344771882,0
0.210020376424774,0.9805862211418926,1
0.7392215947569654,0.665543129708303,0
0.059935497496746315,0.5838180018099827,1
0.8030558942272363,0.5028969395596407,0
0.289080283876043,0.1910067342646925,1
0.24179278721410513,0.533194867474935,0
0.16132581831750603,0.9983994055819398,1
0.8997311730435137,0.16825692362225098,0
0.08553359444186048,0.5614178478125937,1
0.39470703235007987,0.549498434885744,0
0.6266262917158814,0.901973766737611,1
0.41505248671983963,0.5812709621225463,0
0.776230005646782,0.8371987992738936,1
0.4837920386335419,0.6090125816222619,0
0.3921372565680359,0.3264569339770921,1
0.8868219927238123,0.6282714448442522,0
0.7555226512762444,0.173754084638453,1
0.7384232372038467,0.7318403787168452,0
0.13359075601013648,0.8942879185414313,1
0.6270899118002562,0.5340727479490304,0
0.47204634290403447,0.11573070932891649,1
0.8923409818911598,0.980791911321712,0
0.33914253093406643,0.26808418180660865,1
0.8588659354967255,0.0869484807732479,0
0.021315651881802178,0.6120776879577908,1
0.29821383038772575,0.4698984013991996,0
0.4814442275251264,0.7778774859225509,1
0.6079641234107679,0.6832448316840617,0
0.15611038032695568,0.6775572261583489,1
0.9254803732526401,0.8298067003366013,0
0.7106287565857486,0.8856016940946554,1
0.9695211967071986,0.9939984486647956,0
0.37359406467040013,0.6421495547816982,1
0.9411202220544419,0.09152554551291714,0
0.6568991122551257,0.1438462385704644,1
0.926115318194094,0.47909212630898934,0
0.07567339551045849,0.7633656331451327,1
0.8173778114946179,0.9978935980767132,0
0.03639421918278063,0.04744406863442985,1
0.5318230864583655,0.46120197616074343,0
0.174457384818401,0.33121590336197815,1
0.5510855954393429,0.4163644719970916,0
0.583935791828325,0.9110597878452246,1
0.40546197156304975,0.43264239324514076,0
0.30286273002710573,0.9863903304644687,1
0.6306681673487712,0.30189752136488046,0
0.0663901639556187,0.6362687208463814,1
0.741830148507589,0.7301233818352416,0
0.6975446475099661,0.8531138652284272,1
0.5624766766244824,0.5769843909027575,0
0.7153708407443468,0.9072904551027247,1
0.2642277201017552,0.569745063016067,0
0.23653053058234086,0.0534498591413991,1
0.5103004258377509,0.4972225603972341,0
0.48287081988554925,0.00912547627430682,1
0.7351082384012131,0.4667564572451637,0
0.175560880141732,0.4409733075630865,1
0.9032748010954629,0.7439675152401001,0
0.28972265449352463,0.36750480318891554,1
0.5711949281348131,0.5614261646198886,0
0.07345789166814032,0.39492258903280364,1
0.9484773667777816,0.8645538762408572,0
0.14469331261644625,0.2013851365400433,1
0.3825264620209625,0.4180478650809477,0
0.637832819378848,0.23409892483942019,1
0.7548595395124098,0.4454165182147829,0
0.46853395094447436,0.1402045258553155,1
0.9288430061154199,0.3927487614998225,0
0.34769933009804266,0.7518849201239766,1
0.9507237222390176,0.194537456546645,0
0.6524930004540754,0.7917082915064224,1
0.73761186451687,0.5303780828865685,0
0.6363254223345833,0.05789735952581021,1
0.3735218948051846,0.552899738315814,0
0.3920919664154282,0.7387374176406246,1
0.3475219587893904,0.5413722858824777,0
0.18105090004339253,0.8413516127056975,1
0.53442679223068,0.5509087565556894,0
0.4667382975541664,0.04063221199713951,1
0.3393017368089494,0.5726231750111164,0
0.4748878334735015,0.18752732010748674,1
0.734633837973603,0.6063598549814315,0
0.32732755853411066,0.6369052215932988,1
0.8643703252965683,0.7083596257035272,0
0.6127413851823196,0.8511170972968904,1
0.9811886357261709,0.7852777018430351,0
0.6347266403149089,0.19741290499720032,1
0.9251073556149041,0.6552060118810661,0
0.6307915739797824,0.14814081778659183,1
0.7803992782439947,0.4359944551703798,0
0.11698323264161847,0.6027211999027798,1
0.7404239139066318,0.7175058593361029,0
0.17214770046652783,0.5840188458228678,1
0.5721072127969187,0.3570493208002553,0
0.003161386020466783,0.3576566809070436,1
0.6256604010423343,0.6188084565541022,0
0.4190580681678725,0.8249944212848523,1
0.9413968944962752,0.8305161234160442,0
0.5879927727991353,0.9204968389449056,1
0.4376589141299009,0.5289946775478048,0
0.625602820888394,0.050741274742030384,1
0.7375550729569794,0.7363083283997401,0
0.4036401614879992,0.02918378702904556,1
0.6589119609537093,0.7193323406695952,0
0.035295241745797123,0.22660644862680812,1
0.9892470091533727,0.27617983063442697,0
0.601157389895542,0.7571035663698967,1
0.5697236044378199,0.6220541155670154,0
0.1601194465862249,0.7935111057070214,1
0.9259329112304151,0.9288036624578586,0
0.516138223158016,0.7642975238426959,1
0.9214632199843034,0.37817314073630237,0
0.27231680927861857,0.39036787286973007,1
0.7682223577249844,0.30287016596199556,0
0.2664027566929972,0.38373002180880234,1
0.5619726275340843,0.45632651405987257,0
0.13084243336505263,0.5377739554756436,1
0.2391082807593119,0.5054122487478667,0
0.00909617308569266,0.5006250775302173,1
0.7742735666637246,0.5546386143918075,0
0.06773696431016973,0.9492045718942286,1
0.9443541953646684,0.4940086276070955,0
0.05695738444328158,0.17038172439265875,1
0.9093944497070815,0.9056087846552368,0
0.5969310099360251,0.8522167264889408,1
0.9765151557626199,0.1707416049780336,0
0.06989869643700186,0.7577615836920812,1
0.8120817550339051,0.14346695938984944,0
0.48849060374179964,0.675760372240103,1
0.7404309905304562,0.4123170235288368,0
0.5529249523846301,0.23614814097659276,1
0.6761851911605863,0.7144356910379746,0
0.10249082038085577,0.23140810235434306,1
0.9759956869357743,0.2114654611091613,0
0.6819201312205366,0.7788079007907116,1
0.7153863373985553,0.9680192660502644,0
0.07634554378086367,0.671365489452479,1
0.6109512529166827,0.5356875326331068,0
0.18798225645166333,0.25000090584216383,1
0.8675297678501747,0.3284967193922017,0
0.17333033859131197,0.8535689027300539,1
0.4809031772642748,0.41752521938037324,0
0.530182938617455,0.2940956204003311,1
0.9424119663839626,0.5075375732882539,0
0.4146229768604156,0.7313032823479113,1
0.6940620263506344,0.01821954577469076,0
0.05657289142471722,0.28129802516576496,1
0.9677869015065149,0.2059601569881503,0
0.07219033891813653,0.980191686815498,1
0.7452591637383587,0.012902426945682222,0
0.5376582789999895,0.8745228175833819,1
0.8255705217003758,0.5609582916347495,0
0.3310569565087941,0.8467606823900156,1
0.3644512392296464,0.48705700750490755,0
0.6171029664411337,0.04839923480012154,1
0.5988932730340555,0.46237946309696865,0
0.08231408382516403,0.9227478697541139,1
0.9703262142942134,0.09974862528516004,0
0.019312355469790266,0.4295889666899795,1
0.9052063675376281,0.3303889810977354,0
0.5682426691946852,0.8955198943376236,1
0.5918350443102737,0.4013835534221667,0
0.29820141715845494,0.7598990586779417,1
0.2509130965015971,0.5517032350773402,0
0.04478307637259793,0.3899686178456533,1
0.3491748082892945,0.42604366489450274,0
0.0011322784585551249,0.5953983140869477,1
0.8443692049014354,0.23488151631857868,0
0.028497614642915226,0.8083109536670547,1
0.7364604696033386,0.7540135642044622,0
0.08974795830795734,0.10785266457510512,1
0.4962380897655633,0.5885178694755868,0
0.3066979020845473,0.20280240283722017,1
0.7508235161005223,0.3169984777445376,0
0.24790397374234618,0.690853295798939,1
0.7098136244748323,0.49932711051070044,0
0.11001559676770589,0.46022280797805837,1
0.6658833012420613,0.02293330670649707,0
0.07160161587820824,0.46737042025512887,1
0.6015997961907255,0.6029576766178193,0
0.6186871583141025,0.17406064519418152,0
0.08689077482654006,0.48460728162629885,1
0.7066058676418029,0.556578469016624,0
0.5884682871284579,0.09766861634343038,1
0.2876905711944001,0.5109504261720682,0
0.24192203731249928,0.13234187430757993,1
0.5426802045680723,0.6785880504740682,0
0.13579768411852766,0.2299720862262763,1
0.6267649695787367,0.4959577692210424,0
0.13439676693959934,0.25824228736516597,1
0.8189094489435765,0.6344132836189603,0
0.3384027949010744,0.07305033812397488,1
0.5015668854148664,0.48187311238068853,0
0.4466963283564014,0.7460373660969635,1
0.4478905717254421,0.5232659481027632,0
0.16413483694778908,0.7202530100601559,1
0.8518034173286756,0.7884848604049719,0
0.23010063635598865,0.3647295159869923,1
0.3262331993951404,0.45033346355463677,0
0.08543196019991761,0.6228121794202359,1
0.7114536584906617,0.6004815056074816,0
0.49168573913934377,0.8110684996586077,1
0.7627480288815219,0.7115074780945739,0
0.3809251332520308,0.2677877448002708,1
0.8723475084680357,0.37590050232270167,0
0.6539946510777025,0.15989787753286577,1
0.9726313101212017,0.8208485955370336,0
0.07990623246942552,0.5320046478993641,1
0.6956351569706843,0.0265857742804243,0
0.022498875553062847,0.6281021755798749,1
0.8425849890199308,0.4374254505534464,0
0.27625745572809146,0.42078865679546595,1
0.7005235985824846,0.7055699949624696,0
0.023639641254216803,0.3396050228756151,1
0.947596093826048,0.31247972846569916,0
0.5040014458660297,0.13611294739815927,1
0.8397495371620087,0.09063295150337825,0
0.09736159655726884,0.7569331958924571,1
0.4851735324299272,0.5488176876283216,0
0.06178589095028875,0.0009176011494351766,1
0.7808549594107382,0.6508277292766086,0
0.401672749783209,0.2177574094432586,1
0.7019374411377312,0.7234900639261522,0
0.25776485672490934,0.4257689246635159,1
0.7550951865802906,0.6327359692276223,0
0.23037638032696062,0.442255388522367,1
0.7825146301417826,0.9961378953830531,0
0.051595595184896315,0.8221456626304939,1
0.7224543886893066,0.4245377797970221,0
0.6243235539038962,0.12460163450282957,1
0.6959647943164048,0.9846307116864678,0
0.5557959091160192,0.023728356743747847,1
0.8789529444579939,0.21697575097094968,0
0.2543375245144125,0.25279001391593003,1
0.8847232267776318,0.6085905585449128,0
0.6700145671165502,0.10983071370906572,1
0.8920513742113393,0.27162802003288267,0
0.7814795770370822,0.8474040107744244,1
0.9031614578789482,0.8469950725979316,0
0.12809395367013032,0.12403424381085626,1
0.9133696277213528,0.3740293970886397,0
0.21602235248836932,0.38249493376071586,1
0.6698892093328279,0.7292275307592869,0
0.29557705445936444,0.6999872209224934,1
0.8503109820728274,0.12193100500591103,0
0.5368498317449996,0.8368174422436008,1
0.9398105848910574,0.7753600526974254,0
0.5889156478469851,0.09413943379337131,1
0.6724098643112542,0.4617279710685742,0
0.3069056307848075,0.16761411100232393,1
0.5594460924900551,0.5783653248260516,0
0.47235495588824306,0.6810235699870548,1
0.8573809405277607,0.058437199786984806,0
0.2972915074588044,0.9115494865010643,1
0.9237870123521726,0.42073684562022196,0
0.3474580439461813,0.610333167542377,1
0.8640030304053335,0.973669754318073,0
0.28792354767078754,0.09809699038586495,1
0.8060680524945282,0.027543785659606024,0
0.6901737187037634,0.7649324810661328,1
0.6280952525338839,0.3227071128224892,0
0.2896627568116681,0.9161166639158318,1
0.5601100421862835,0.9829261885102725,0
0.08322266611367513,0.775285287711031,1
0.9515566863559969,0.05450906939536726,0
0.2086460304516764,0.9358496508300402,1
0.6359759323893984,0.5746188823364945,0
0.2612283077571719,0.34054679163518253,1
0.6316470016426845,0.03619615107557539,0
0.400606866528201,0.966676015987195,1
0.7653795694463679,0.8892236591212773,0
0.32064355523757404,0.14965918061910877,1
0.7419148725736923,0.0661777921436747,0
0.1658550033448658,0.9052304170025766,1
0.748204210475343,0.9998577131613823,0
0.2117372347361448,0.6077909593673532,1
0.9163420504932192,0.7405948206085168,0
0.6734244004931321,0.7738691295310632,1
0.8792335904006287,0.17036897733028467,0
0.5131013651604522,0.8000372255763164,1
0.760820284078621,0.442456115815157,0
0.09729080999611195,0.7651044255172976,1
0.9547764629028214,0.016339585656854227,0
0.11109653985128387,0.3927691946994156,1
0.7125196351515882,0.35426010066565117,0
0.19553909186971985,0.2113773056854661,1
0.7620581618496143,0.45788562094410323,0
0.7315528952711826,0.13742079570637433,1
0.8423630120922952,0.8968408261476699,0
0.13655060123539842,0.9471140816652959,1
0.7397364765564582,0.41042198582730083,0
0.019074364693125734,0.4632362616569482,1
0.30009316225332316,0.5458383744590545,0
0.2223988642787913,0.72596300423091,1
0.7689184503844133,0.011552733777465685,0
0.4422605490494044,0.6921195236810298,1
0.41215791640934374,0.46058400907520225,0
0.005622444687425121,0.5802259218820628,1
0.6653449331350143,0.7229530766152441,0
0.2745185971828391,0.04284602872552923,1
0.5254872862561205,0.6515491556885314,0
0.2035853783787387,0.14988406953117683,1
0.3580221212960524,0.4360642588108429,0
0.15700110789697908,0.9973667067872752,1
0.6114527211251132,0.9835138538957495,0
0.18683987997898088,0.27914859930584435,1
0.69680377026952,0.37309269665470124,0
0.16783149740632297,0.7791959628563024,1
0.6182230544918864,0.6922150053580758,0
0.34726232652743894,0.7309220725481488,1
0.9309749759759962,0.4691323050916849,0
0.4223195603891653,0.3424441915815294,1
0.8096834069332868,0.8338464285776067,0
0.047265437151313816,0.6876745780554413,1
0.5560363835797156,0.34293662127735947,0
0.174542822826381,0.023997499799448985,1
0.3692507433182389,0.5836871865780926,0
0.35764437867106136,0.056494571217284406,1
0.9653323708542314,0.6184533381499844,0
0.1569102358315385,0.34799027410972894,1
0.8810469646744912,0.8298869017846875,0
0.3275294420263639,0.7171007353047841,1
0.9954427649174011,0.9741508753382218,0
0.5349507811628831,0.06327452989879045,1
0.2737642800190758,0.47092070468396596,0
0.17884049391438772,0.33237660744143815,1
0.5297698506078643,0.5188015200176916,0
0.7110261688513186,0.1961788167491706,1
0.7548303153311868,0.9596437699897636,0
0.18532487437291534,0.7487759440672663,1
0.9982859334985192,0.35192277758283896,0
0.095061050758804,0.5942191499339587,1
0.8668314207636449,0.8901137946945092,0
0.47920581576126564,0.7831863894914117,1
0.9719539705485518,0.4870442907386122,0
0.26931238889995945,0.30424929213156215,1
0.946068068330322,0.6518720543608986,0
0.6488187037064226,0.7864046350750723,1
0.8563860481540807,0.7441720256455991,0
0.6578371287457506,0.09764120157606959,1
0.49257360376927417,0.4521165810759248,0
0.2985702767259665,0.8954750094779156,1
0.6055954096389061,0.449195757728741,0
0.2558953107754325,0.9433802215830179,1
0.9505620511864931,0.7658178335662333,0
0.5032184583073874,0.6809956959420975,1
0.6443500113599933,0.9835640343521772,0
0.2499338027330411,0.6447777856425506,1
0.8563506607123342,0.5209707438833828,0
0.17315081476986438,0.6430543960547247,1
0.7229889968316122,0.3725193726429753,0
0.5274498467565052,0.9858504215822648,1
0.6971877638884708,0.4109424562652578,0
0.5986494824504492,0.04732964686417662,1
0.5112755705129526,0.5314516748453842,0
0.11659093193951131,0.36659796816971735,1
0.9263762775461651,0.9466441160236411,0
0.22980880817280314,0.7584975422599527,1
0.8559731093041483,0.68306101189271,0
0.20909074337210787,0.04904901608245993,1
0.8804630425853267,0.3134040209947734,0
0.5055533147859823,0.30151946833046606,1
0.8247021714429418,0.8797727753703167,0
0.4927796186622828,0.2492649323766466,1
0.9438045506509976,0.8540339801869479,0
0.7830477759810329,0.1957688612646209,1
0.8481388505503763,0.08531159520446818,0
0.33619375947825436,0.7428257345400859,1
0.5318008020731472,0.42259193746187884,0
0.05072182949458881,0.11146192150794598,1
0.7752768043641535,0.3689857610278242,0
0.7154996388514029,0.8583212693217018,1
0.5567304403307572,0.6273387323215656,0
0.1176059373233358,0.6362817699428669,1
0.21487777241981587,0.5122928300975839,0
0.5218636841491734,0.8098646032727356,1
0.7731262217790473,0.8904215576424714,0
0.3775547106935474,0.7669288641658754,1
0.96244717014239,0.1356914348032311,0
0.10330624748130013,0.34375518530454374,1
0.9600967364797824,0.6549709665036234,0
0.09940279600889257,0.00983425975558605,1
0.7368274895495032,0.7012263282833527,0
0.20921889595389975,0.044031970180583024,1
0.5721677202557534,0.009395926075203453,0
0.188841506966545,0.21831203189374981,1
0.7632773980329821,0.08401603738836028,0
0.12403471369997354,0.47726362914933373,1
0.38253636106793243,0.4275185699367512,0
0.1456932061902938,0.9375627310586584,1
0.7773106831303257,0.05373772495813167,0
0.3176316936515189,0.9328684404476606,1
0.2506340387548399,0.48008196249848245,0
0.29581749117382006,0.4084311484026445,1
0.9279036005747991,0.20327927686022218,0
0.31703630129530425,0.979971945122925,1
0.5428886311102469,0.44390963288108853,0
0.49545615057865544,0.8889477721694121,1
0.6922787648404666,0.9946999053514844,0
0.06462228397879488,0.5409915708510682,1
0.980389656491708,0.1660583363965462,0
0.07004467736943942,0.30126780454079094,1
0.8845832286292433,0.1727523359778893,0
0.3209658236587435,0.10635734961273846,1
0.8512556930925814,0.36892090015345047,0
0.2060382195364785,0.10010953577275883,1
0.835952944049581,0.8573001790300644,0
0.7318089086266896,0.23049906374956752,1
0.7722222587570879,0.738245497374324,0
0.38864935863472105,0.01844635820780982,1
0.5602042477412508,0.4118150190826241,0
0.07854359967929003,0.19521662008570617,1
0.8249449115224253,0.7931801799832522,0
0.2504534013675821,0.31980011929147656,1
0.28798362796662547,0.5676656837172928,0
0.2983787175368523,0.7678207256197889,1
0.4966949026908192,0.5509672997351639,0
0.26195959729383345,0.6906110946413786,1
0.9734837316863793,0.6503000440037168,0
0.052159901789258556,0.600909913935717,1
0.773089167193807,0.9744709745487214,0
0.1592360245449006,0.43994865307044506,1
0.9026682645730119,0.6149254347811328,0
0.3457809617955816,0.07623576709622337,1
0.7580008665171912,0.5988292140046478,0
0.46879233221028316,0.8177815580112658,1
0.5674700383630702,0.6799667730157456,0
0.01354582524453607,0.33090386836794217,1
0.9100720608169021,0.15587716296896992,0
0.19449850809964653,0.108990871458572,1
0.8485073261763769,0.3905947283274296,0
0.171934534905136,0.7106399126713759,1
0.8941314047601479,0.49927985863195334,0
0.09853018707043149,0.16642441462017554,1
0.8199618922023069,0.3178953513066034,0
0.723617037550424,0.8313872556731554,1
0.9128527482390781,0.1271491505398339,0
0.5109609653320343,0.9649079986306446,1
0.9977805931072922,0.45696671166158653,0
0.22525011432505648,0.8271096321449504,1
0.8165998496318325,0.5105084820569236,0
0.4173514639392474,0.09942041586228612,1
0.7942227736707574,0.6419844526843105,0
0.5408527477057986,0.6829769977550997,1
0.7471581001080793,0.25491486642456607,0
0.23699091568334762,0.5744752922796577,1
0.7595813196138306,0.09127092239484236,0
0.32611453897981524,0.9235098268705559,1
0.6147345239895413,0.3946264439491046,0
0.1490274760907181,0.3016446542472312,1
0.6154889191890146,0.336069068168089,0
0.6262827126461492,0.18370202343730235,1
0.9768939317568882,0.7115797046349506,0
0.3136179423612969,0.9074699753606128,1
0.3910039287570747,0.4798654877441906,0
0.17253492962141548,0.44783312369002437,1
0.5912808996684075,0.43951760509204496,0
0.5656977658262861,0.1546511041355937,1
0.7702376604218396,0.9608042146719395,0
0.15955874746347676,0.24074065285880353,1
0.7948179599771827,0.46582753608658756,0
0.005654410878977001,0.913775559668553,1
0.587329220289496,0.6328795426674754,0
0.19225862712197395,0.6207104877647731,1
0.8619151011881743,0.6753566799929253,0
0.2438446231312208,0.029390593916396535,1
0.9004899803252735,0.0008634495416862675,0
0.709215865169986,0.7936761954570376,1
0.5469551405639547,0.629814435009979,0
0.1912210827481573,0.5191960281915607,1
0.6860579886462145,0.9355077306322318,0
0.4959072081449756,0.08611361145528384,1
0.8613210957656142,0.13778287364916586,0
0.7362838455141357,0.2053797338805372,1
0.3312943450488084,0.5636064927686885,0
0.1907530583210405,0.5662879984792052,1
0.8216102477112452,0.17409543014876583,0
0.3753167966216572,0.06772551782318192,1
0.8476695469098787,0.10945325274992768,0
0.7189232106228122,0.2312770355042929,1
0.5688593868997304,0.44643272665873024,0
0.12707815266171296,0.06379922944552119,1
0.8546345060905773,0.5080664879424086,0
0.05465560291876648,0.347934015595341,1
0.9198141155661136,0.036758760889930575,0
0.491185799430805,0.048355447697333465,1
0.8107615764019114,0.5951569909893825,0
0.13695224976793652,0.9286529686170379,1
0.5453939500590699,0.4926127222758808,0
0.5783531942637379,0.1977680376612615,1
0.7588302236568675,0.9255023404418083,0
0.18525369987274476,0.3162356232917245,1
0.8270724118164227,0.26220427327532536,0
0.27680089240126293,0.22630379516877486,1
0.918892789453167,0.6810470667043885,0
0.2506495784565548,0.7608381718458588,1
0.7286940905979514,0.3402069310015484,0
0.020585719884905984,0.7979327388952374,1
0.45828733933729093,0.4289463893023101,0
0.6985008991631687,0.1671030113356432,1
0.6837632270354883,0.4250901672058154,0
0.05069567184676449,0.818756705361747,1
0.5857817816580716,0.32675822630536056,0
0.5925362934885676,0.26438242376798937,1
0.8231742492578605,0.19068993841907822,0
0.4221039834274877,0.24923379288403003,1
0.7479627338214112,0.5723167840076301,0
0.24630532826456708,0.11754415546526287,1
0.7263357244468686,0.7366705602032455,0
0.14248596398005364,0.14384008340995458,1
0.41401452784107506,0.5956120084545016,0
0.26130497629661675,0.8263639967963522,1
0.9873071575851496,0.41837193581698773,0
0.25252260431195406,0.731208924195219,1
0.3650519349285273,0.4364879848516664,0
0.47741277750163047,0.7288554555775666,1
0.3252878724718393,0.5790435850448491,0
0.40796064111413655,0.21014840715672956,1
0.6517428032205004,0.6860945337176115,0
0.28410522579736497,0.11688553142643132,1
0.5706329097972351,0.6207422317194131,0
0.32838675358138314,0.04063361714578684,1
0.9715812859199682,0.46564323237541894,0
0.37033240005089574,0.2383317139391382,1
0.6647850298332091,0.010547229315699291,0
0.41447645421838963,0.664705433044266,1
0.6114287179105307,0.6273955488315054,0
0.2725132360495224,0.7266641839224703,1
0.42460386783138215,0.4815507287908233,0
0.12967504895921278,0.3870456277758494,1
0.8631858831449335,0.8772340772755659,0
0.35082403756694025,0.15266581351462538,1
0.8185335011127814,0.3760625172665675,0
0.36893781807092907,0.2568308595265786,1
0.8054449257216947,0.7037333823620189,0
0.03580409106700122,0.1400059385596094,1
0.5274436747989756,0.4739636895773832,0
0.2937397086249507,0.719443537879031,1
0.3279966574309793,0.5652451777681631,0
0.12573561005417622,0.8034448496223879,1
0.7502521515719368,0.42646023764984553,0
0.22371095889702486,0.9446412036225015,1
0.57333623700845,0.316296885510452,0
0.1446393060127581,0.19288260737182783,1
0.4673563016435097,0.5833800671677489,0
0.30644108262326086,0.6069469934173517,1
0.42657686652202986,0.3940835392673935,0
0.09034416255916067,0.7434997465001777,1
0.6724798122191508,0.6196854170270903,0
0.30661176834173365,0.3839899356266002,1
0.7969055055475948,0.2562565104771011,0
0.1870924668886621,0.623556393565554,1
0.47352438470403746,0.5178377335420593,0
0.35340590096615276,0.33083838241191266,1
0.9917490978729653,0.24280199445048456,0
0.6689581979006255,0.8169079005458354,1
0.6051347771070246,0.3480652654779798,0
0.7075208513270669,0.8135919894105925,1
0.9159104237397286,0.25902847012656705,0
0.2840996128866856,0.33769199158786933,1
0.6654123934979632,0.72432106158208,0
0.4833466358668732,0.27045454909800537,1
0.8465241680788881,0.6287890903159121,0
0.6932499202820291,0.8156767592798893,1
0.732223767814483,0.5793057711978348,0
0.5737577180435361,0.8505040647478952,1
0.6811133082437643,0.5553236729498051,0
0.1588215550226464,0.6522219561097242,1
0.455456771811098,0.37424057596337745,0
0.25352271649864655,0.6014314972353958,1
0.9320615330661897,0.8350333514305888,0
0.13582330031970802,0.9731116387359852,1
0.9214318343177876,0.797045602724909,0
0.12210979160026247,0.8634124056443953,1
0.8037292622417438,0.26280960907276396,0
0.050800360037672077,0.17994277111412016,1
0.677585502858735,0.5329807889088157,0
0.7400000128268557,0.8013950451612687,1
0.865692624581514,0.6667277559628593,0
0.788630015464458,0.1470054847169624,1
0.6165960829250999,0.6728756894218173,0
0.11221542114192073,0.36648927400996945,1
0.7543508595025394,0.4323406641291042,0
0.4984052369360368,0.9178298530793618,1
0.9616430651710585,0.6922974312306744,0
0.6771334744136945,0.15328411714290646,1
0.8976949336447256,0.3811005496033746,0
0.17117991423219947,0.004139648601700796,1
0.8044248768669215,0.8265559535922137,0
0.4028199186649828,0.6433106556379097,1
0.663276093727292,0.40991777160743625,0
0.16685511426102873,0.19682758183539661,1
0.7817400481304563,0.6548680568832246,0
0.09699225438616654,0.33571155493770555,1
0.3992314084618086,0.3813770316172327,0
0.22012811993002912,0.2559523647933578,1
0.40346026329067264,0.5473704678309109,0
0.2701688030145546,0.9166124939837975,1
0.7363466794468819,0.2462523603665997,0
0.10823827712176459,0.1693381635991218,1
0.8689974179822013,0.7803622715753495,0
0.5219498406412849,0.19170258563327547,1
0.897453117884686,0.09097840569340354,0
0.2651906604165274,0.113055456397815,1
0.8031714223032258,0.23932519808870978,0
0.5573012014802348,0.9145093487162591,1
0.5425663730630683,0.670325563868738,0
0.29126086345751967,0.20496203335651153,1
0.9376313243093037,0.2964714935547653,0
0.31921040404957846,0.2883173277828428,1
0.8635182373609263,0.10971959942160903,0
0.5152298177198544,0.7322856236009082,1
0.5008929375205272,0.4257281610662381,0
0.11622589548067597,0.9639250357662219,1
0.7158145640421555,0.4930853493225398,0
0.3962546923293683,0.19557836277749996,1
0.6425387258296648,0.5691447760528026,0
0.14022964511836256,0.6155953771462551,1
0.8262498746575145,0.19894342469368498,0
0.09088274339009572,0.26746747255350034,1
0.8959062250955312,0.33464896960795776,0
0.1195991693233085,0.07980768637151026,1
0.3784077740792998,0.5480023483451627,0
0.24242578616986454,0.0932847161036171,1
0.945129913785779,0.7820074135470763,0
0.03112260236831177,0.4655148045858203,1
0.8068000338704536,0.6799977240056763,0
0.3450977148398423,0.04304916919744228,1
0.9975495619979788,0.9118332042425469,0
0.4597654310661665,0.71033166055067,1
0.8963583357963282,0.668527781923146,0
0.33733360748440844,0.6134331276607116,1
0.8265991102261729,0.31022785155727417,0
0.5658244874084644,0.17198551181225197,1
0.9290565029090982,0.9776259969097032,0
0.001491677749447029,0.6125549944047691,1
0.46678379186129837,0.43788206181470857,0
0.6214482777705431,0.08245025448393639,1
0.31582732700329086,0.5570280244491963,0
0.23145716566689933,0.45018051625614164,1
0.7243222889053774,0.45511152231663465,0
0.674745555715725,0.2263792878865435,1
0.8063136062100843,0.0349126718578785,0
0.3307804166411198,0.28656316022959216,1
0.9498429933874349,0.754538171880371,0
0.18916738459218818,0.15496062100816388,1
0.559849326403655,0.3317961574647096,0
0.09908226240726048,0.07141975837973902,1
0.42062993717300523,0.41788471419624396,0
0.47133105810316567,0.2517895945014045,1
0.9395256660927218,0.8464377371301544,0
0.21765952837685,0.5493910846453565,1
0.5997133367187287,0.516905908676919,0
0.3553573077150277,0.22519466596074555,1
0.8255495025884746,0.4668617641833629,0
0.10755795618306663,0.5742045266321925,1
0.34236047552128535,0.4783929051754947,0
0.7437347105258768,0.2180930218046091,1
0.8307166075709189,0.5320467290551473,0
0.3231342593380798,0.8630901873204643,1
0.9473841714579727,0.8388803206075637,0
0.37048675160801703,0.6693745338468647,1
0.801760400149586,0.46069806660774715,0
0.009252289301428407,0.5101140356281282,1
0.7630223874618945,0.5190721591244951,0
0.6395866330514154,0.7297788674976738,1
0.8573692517215488,0.9600988159005149,0
0.6237096090253487,0.7783645544024284,1
0.8894409581747783,0.4420896989930878,0
0.5100496549339371,0.7706059662386244,1
0.7314650161415138,0.01745927856064944,0
0.5433492692067075,0.8831697515496578,1
0.7881640739799675,0.3885791580767387,0
0.38380869401340845,0.09077853141428427,1
0.9762636888275348,0.03391873065428397,0
0.14359852409354146,0.3081491709305417,1
0.2921120855200702,0.5432480507552773,0
0.3716633283715627,0.028571017493628004,1
0.8633302480573836,0.48615826656749905,0
0.1320378270453738,0.5112388605700484,1
0.5735520340186474,0.3116201735945655,0
0.007889320395903288,0.2892601413077055,1
0.8539143786126417,0.45777774150024286,0
0.010070393559323376,0.4092324683357329,1
0.8132891686409677,0.8159626204168032,0
0.08032042781221482,0.5754341837155889,1
0.9729742890193546,0.2625017338099246,0
0.5070400410276245,0.02392718122179205,1
0.8208769665033859,0.8479407516589381,0
0.06914403654679513,0.35525478188280335,1
0.9674121875482897,0.9235538275461913,0
0.6698336750333438,0.7565685731608198,1
0.5582936082939234,0.3410022036010347,0
0.746682367426299,0.886790397436856,1
0.3886631886715517,0.41270396461684333,0
0.7242358285501957,0.09107442309049474,1
0.6728853404698849,0.9437394787494825,0
0.37289218040627325,0.6541046692896156,1
0.535801185593966,0.5121005256393522,0
0.2828655397091123,0.651259851773821,1
0.6217827730180324,0.44200720655023373,0
0.03922124184050502,0.3069379743601699,1
0.7694507086800147,0.24274989929955637,0
0.5476586811152001,0.153520310110851,1
0.7843235006232746,0.3615637144023972,0
0.26263887195006863,0.6619213326384338,1
0.7423360374779262,0.9344952068046559,0
0.08681040980207533,0.4740328047594736,1
0.42051701065841285,0.4634002800489525,0
0.29261759183773584,0.6104228152631179,1
0.7028927507074019,0.9624487017677475,0
0.5920505950056011,0.9391478975028962,1
0.9818026040986535,0.008136920837802708,0
0.500505764500999,0.24884123904184852,1
0.7222505965144038,0.9765011210488733,0
0.1904366990250944,0.43705821992718685,1
0.870610299949657,0.9569279312370925,0
0.07683544433003064,0.4333120593106935,1
0.9752044560482683,0.3567647763168248,0
0.6214312824523626,0.10310401877425823,1
0.5207223534400603,0.6006042168734955,0
0.0065795998727201654,0.2651529593795726,1
0.6535778867186893,0.4993411176267678,0
0.12993547217665113,0.7021100071537125,1
0.5490829412862877,0.6230178252656664,0
0.3481440253939325,0.036885085778606164,1
0.5103200316479001,0.41924497030858054,0
0.18748600738950327,0.4646941993041033,1
0.6919223253013923,0.37261851269155266,0
0.3988328566154188,0.7581973971874045,1
0.9777674707531927,0.9229312750293724,0
0.23850686489064743,0.6553065471171663,1
0.7967478511068556,0.5465391478271463,0
0.542443488868575,0.11397053504735888,1
0.9992311003476467,0.7701651963125024,0
0.17409159748998826,0.3990098171337192,1
0.5175902166011211,0.643441975198443,0
0.3355096591576724,0.9547741493258086,1
0.6222069984337086,0.47248222837928355,0
0.24611324729253303,0.12978803413501627,1
0.7486259377819898,0.5088392418562739,0
0.2494440772564115,0.30098519499234366,1
0.8909954548879956,0.7325124258890284,0
0.5725773275771171,0.09814313573939815,1
0.97720289853962,0.31904386255841777,0
0.1710404085381897,0.6630337462275858,1
0.3403142609238998,0.5056862972484831,0
0.06709491794422451,0.19860424494974083,1
0.5044177630376926,0.3511339526793187,0
0.013860414209282412,0.18085820859235657,1
0.25729938467154756,0.5499456578258916,0
0.2606855597789922,0.9125650683363375,1
0.7754504371528625,0.3698441701733056,0
0.5666463426870096,0.7905277469855964,1
0.8987160515527299,0.1564521143766744,0
0.6131965143303241,0.06695569498836251,1
0.7047497956950125,0.35300158372991053,0
0.078651934234379,0.455864541857807,1
0.44006424278059286,0.5817098375553086,0
0.06884495403840507,0.11333995341667347,1
0.7229580500529358,0.08795011234478489,0
0.1735558149943549,0.7445997276749668,1
0.9730976597564123,0.7574688390971339,0
0.30056326449504434,0.9290573786259292,1
0.8109624033617623,0.1220543483621993,0
0.5312824712018257,0.7976605706518204,1
0.7658197871980612,0.7493472765750535,0
0.39433213453297333,0.17164583248745668,1
0.9318145308361332,0.18040304769816207,0
0.28872711893454184,0.0522665135819691,1
0.9087095027626158,0.17674362432892066,0
0.09484772084618176,0.33492619419155667,1
0.9841699482702396,0.4715012453252099,0
0.5389784026224681,0.2584154113981235,1
0.6396004507982093,0.6604410379052594,0
0.46911313631913887,0.7698101563921794,1
0.7609600512290527,0.7646666210543773,0
0.09697019912043747,0.9729932825950801,1
0.7671332272430388,0.5706788561428308,0
0.56309641896113,0.18752949552042109,1
0.8869215379692915,0.02361407351768552,0
0.11565469069722834,0.39783090868201976,1
0.5376747940855238,0.4210833350451112,0
0.19393493574961096,0.5235775840657119,1
0.865677009585329,0.5225003765187004,0
0.037551734264834935,0.6671022945366054,1
0.8425255948457346,0.41683230458069775,0
0.4029779985400942,0.6843964140156473,1
0.8257758633815608,0.3615531165124143,0
0.746682731376497,0.8964360455112801,1
0.8381152575771414,0.9187964098885523,0
0.07701459590138515,0.744688009797057,1
0.6006342356848591,0.6583130811222248,0
0.4799290889518817,0.863452907457679,1
0.5441279950223135,0.40295477073414776,0
0.14799091088359628,0.7134917799998527,1
0.7894673352693415,0.5146073087986067,0
0.12945478354110573,0.5403307935374176,1
0.41189455388629403,0.4770508177369628,0
0.3194028656405231,0.6235793994748466,1
0.8507994334106437,0.6472880270562488,0
0.3844146395088388,0.7772380975512471,1
0.9421978494970441,0.8122346577358539,0
0.5589201025081565,0.31196441424953714,1
0.5652429351719525,0.4876500649521931,0
0.2504380032924137,0.9041798436222889,1
0.8876699708912149,0.9819867693678563,0
0.38964509891012833,0.8078399251522254,1
0.5998708602870746,0.6086632549928143,0
0.25071102031877146,0.7757053220960428,1
0.6320497206908013,0.3900288627686096,0
0.4466518295736097,0.16391440066895335,1
0.8052650693577389,0.7497047346878635,0
0.07693151384621899,0.2191771418091728,1
0.5625952367601522,0.5629649225119707,0
0.13544398572252025,0.1254543493044944,1
0.8653012410224132,0.2400439481602803,0
0.35087095534024415,0.14147233033180173,1
0.7490462561813114,0.28154619082455956,0
0.09377585405230782,0.033914670186325324,1
0.8445251805832684,0.48344003917892564,0
0.21198835857315823,0.9966168485480599,1
0.9276670267832046,0.25266112985526323,0
0.18030754008606242,0.7505374420195996,1
0.606973810985089,0.6669040080430996,0
0.3318599288005373,0.9743879677596555,1
0.5482024522280302,0.016671653021116617,0
0.3726754015981599,0.7523472132217517,1
0.9248881556676247,0.8393904533251829,0
0.39780544093560577,0.27679509457586726,1
0.9035832567058345,0.5784743411954548,0
0.457305271204676,0.9197550738727783,1
0.6716195125837074,0.9466401826433242,0
0.1321239957660869,0.9692387596607522,1
0.6749972108453521,0.7091578787228601,0
0.6296667830806202,0.20391217255911942,1
0.863496837060894,0.31816814769245183,0
0.0017489922026691085,0.0651895907284944,1
0.7452146116571187,0.33188983092167634,0
0.6648851592001305,0.08159137549040563,1
0.7670294601785692,0.3908264268230922,0
0.44280553613750007,0.9660044995635751,1
0.6893486732268641,0.3713463421387635,0
0.3921851120209495,0.1132170424357789,1
0.9740211791778853,0.44262885340424707,0
0.47520618045998686,0.7890422171899206,1
0.7187154466847744,0.9847656500878651,0
0.08389876129273766,0.9853908205881954,1
0.7084891032336573,0.42935231128626394,0
0.05620360023784354,0.6566635511443346,1
0.8031573343207605,0.680679602570249,0
0.7598564412806681,0.8228191972081158,1
0.9895749536835429,0.4019579705890106,0
0.3559337011282111,0.6720012153628651,1
0.7537793993146806,0.094562598258087,0
0.038392017729647177,0.17094234964542487,1
0.8700411824970927,0.6201701340551077,0
0.1413051903075414,0.828923547769868,1
0.5564771097982215,0.647182711728035,0
0.4522969531031088,0.07328876536022666,1
0.32067007384773694,0.5550077005594115,0
0.2028231407040727,0.3733020689887525,1
0.2790208494080345,0.5347194119754584,0
0.07263454717973883,0.05583973838764145,1
0.8640904989030515,0.7450662942172873,0
0.37138423423236777,0.7793384437524364,1
0.9111749377951408,0.7598183391526071,0
0.7085020527481445,0.22704687406682922,1
0.9419807144981941,0.13282942453355828,0
0.18517947291429404,0.40591230056454775,1
0.9711706294949993,0.5237805469826001,0
0.6206107931519368,0.12955707160530172,1
0.6164897916668372,0.012458756145366512,0
0.4320820232670367,0.06037863399326071,1
0.8903401420156714,0.8424816499538141,0
0.06825026546948776,0.8779562592751339,1
0.6195540638603125,0.4808481324175238,0
0.586729277670045,0.7505989089249592,1
0.7043364198593984,0.6039612695446556,0
0.5399928613338298,0.14376097369077367,1
0.8302602928150126,0.8977367795901124,0
0.7088053288487532,0.13290186187420272,1
0.9011805404353497,0.6754226178884417,0
0.46428834950816356,0.09384750660189478,1
0.824226257984781,0.1371448954250104,0
0.02985555375742832,0.026869512765445247,1
0.9741967320071145,0.13896345302237711,0
0.16752602004461525,0.8638263499465001,1
0.6601580577513704,0.5637363512545699,0
0.037517882681123216,0.9413257729424667,1
0.8285289602688783,0.461157852167281,0
0.1967277379929272,0.4603184163916173,1
0.273899294278783,0.5208554730519106,0
0.21431052317545596,0.6723296447250684,1
0.4813213388282147,0.4721042229511183,0
0.11724975030008611,0.5617390586852526,1
0.9908363384780569,0.2698687173128934,0
0.6443559093300943,0.27914727198793376,1
0.7859173062399607,0.575626586247603,0
0.07371710868337122,0.1011667592066906,1
0.5669182440778792,0.3974091772990207,0
0.14622474041943412,0.8143536487327568,1
0.5919671523292585,0.669963231368871,0
0.07203694626307511,0.21529215254444956,1
0.7356333964937961,0.4275145360507525,0
0.38402179579990203,0.027547360696209555,1
0.8463745933127022,0.7202291834710273,0
0.16421181697594345,0.32351520209698537,1
0.6797764535069207,0.9334160504663125,0
0.20208825675450948,0.8038095787383771,1
0.3134143712564732,0.43435341582764575,0
0.3982500381746089,0.7103420335907952,1
0.7342587219945853,0.2455734579041534,0
0.04770342870046984,0.08328663442864326,1
0.8506898566060422,0.6390409361984515,0
0.2239591314154622,0.9676147638671554,1
0.9174971007206599,0.9044326889698437,0
0.18744277618369187,0.2820407439362437,1
0.5556109947295828,0.4240199216480086,0
0.10055490354461472,0.9748547089432185,1
0.4123307351714147,0.5592374417445718,0
0.5461234536508427,0.7405211064145256,1
0.7395072536303802,0.5841201508620069,0
0.17241454038298598,0.3986255283487433,1
0.9057797328796906,0.5399604111958881,0
0.363350109289162,0.07384832948304243,1
0.7104401313483009,0.27780319747979776,0
0.19196943329300598,0.04194907586428842,1
0.9939984484763832,0.9617798654688345,0
0.0659827671220774,0.6902560633243922,1
0.7231260812639695,0.29882738240783224,0
0.23832988094881224,0.053417156157709256,1
0.961271797246876,0.2479813780232577,0
0.20235699565020593,0.7854830370182225,1
0.6466722032485149,0.6335064360912064,0
0.48849111774329557,0.7412593146555676,1
0.3315569856108215,0.5074140080117274,0
0.5699747611874323,0.07749412774892905,1
0.8001765221916711,0.8850900422697724,0
0.0882668163350786,0.8368474853513045,1
0.710165766697831,0.4821785011098163,0
0.33172705226834787,0.7776761621130651,1
0.6842300803950487,0.5553604922364217,0
0.13573019811121667,0.4891280550606346,1
0.892536497823715,0.5769547453815178,0
0.04814344328248099,0.35221133695166273,1
0.7489761757442912,0.309717432744784,0
0.07080613038903882,0.9621859643727851,1
0.7224477820876664,0.04731223086486924,0
0.0924497915926723,0.7646814861319221,1
0.926325836201049,0.6707756619401213,0
0.35489165999339256,0.8777987478958788,1
0.4463884396893869,0.512663027279888,0
0.03179329849647561,0.2857490576102997,1
0.5522375094914018,0.3494745239938134,0
0.6709935253199044,0.1907439468393224,1
0.745157205236783,0.31069287686790736,0
0.6128098267677108,0.9234811839579697,1
0.7081293375313474,0.5917484491758614,0
0.1853449547946514,0.37556545426561394,1
0.8546048012490629,0.8599063705767557,0
0.4399429529311569,0.6770414774890604,1
0.758312630128769,0.44876060126054373,0
0.5303767245801183,0.29882952083847203,1
0.7017679760928295,0.5780082103704074,0
0.3127017104442108,0.9305641590290007,1
0.8311142509769155,0.9620983331341326,0
0.04052192413878386,0.502971302272531,1
0.6355797185462339,0.43803271439825764,0
0.4217914846009022,0.8191456913978417,1
0.6890833869966881,0.3914003965433587,0
0.40751462737925703,0.9962527097887679,1
0.9249570193034568,0.21182035031423507,0
0.028553469305054313,0.6737878090580773,1
0.9914588293430345,0.7894201612591301,0
0.5112570102845223,0.6784347692859602,1
0.8582800270402888,0.5058481929109963,0
0.09421109117097903,0.9687078005465319,1
0.5514934757783645,0.3697366682843801,0
0.7176995920772767,0.798655380278327,1
0.7369319836895282,0.5200516137300509,0
0.22254720300734399,0.2560614804391631,1
0.9488218602812825,0.8314589272202806,0
0.440348093446044,0.12998616860121548,1
0.9321615073516378,0.2475838716904305,0
0.5154632484915892,0.738496859339436,1
0.7784218772283594,0.38259945820583374,0
0.3045024152981266,0.8280611571075402,1
0.5836827686111601,0.43868842243361195,0
0.6482282512677758,0.8921098691731556,1
0.9187260685099954,0.40084478579675287,0
0.014702288727382662,0.6334717832422195,1
0.7549980109325893,0.699970227365454,0
0.10649649866239241,0.06495856266693034,1
0.7665992850441132,0.9005410857633444,0
0.6289789994391614,0.7243687690425057,1
0.5955235339189829,0.6327715652352252,0
0.1351342996986431,0.6487617235694398,1
0.2584052926462852,0.5184393057071587,0
0.274182946375786,0.9530146201199785,1
0.6733085499073864,0.6351568778990657,0
0.39462924918450204,0.6447507664941434,1
0.820378760541548,0.4229604753757774,0
0.18426695856083064,0.05676000931357095,1
0.537081884229567,0.3364012935490126,0
0.14478665049869732,0.5632361886758689,1
0.7306221498469317,0.3794551334190266,0
0.6089684672845999,0.23148911881183432,1
0.25541759847138357,0.5538061889392718,0
0.16230723395532576,0.2345052982311039,1
0.8459358892281225,0.6058964973364129,0
0.1834170667154016,0.04395185097650933,1
0.5735394323586698,0.5912549180730341,0
0.322032825879105,0.8198877740536658,1
0.6935607971694977,0.30831710217341035,0
0.4024715991541734,0.8018201599115636,1
0.530694207459433,0.6156265762911715,0
0.2596694734442828,0.3746728240705376,1
0.34566435111825566,0.48263471059163565,0
0.06321199853917525,0.9551852125550956,1
0.5463800910491424,0.6062924378104407,0
0.48876244822726433,0.10300046613320779,1
0.8365846240274384,0.37801129307869397,0
0.1649119012384782,0.030113942008094363,1
0.9662082158256556,0.19098460098104753,0
0.12815785669103708,0.29072124614612826,1
0.5406380362422568,0.5370366853824303,0
0.5278435315492164,0.1669310142849808,1
0.6385091427824535,0.45835080098799674,0
0.14940817453377253,0.5999615600968157,1
0.4780595718917978,0.4522013650315443,0
0.4804442488097296,0.9186423684994249,1
0.8986380588414425,0.9839442963344668,0
0.05274186242593559,0.8205769425805137,1
0.9374121740609437,0.08693115128289275,0
0.32439302489009714,0.704810725836079,1
0.7492563787029383,0.5445384151782902,0
0.5342478571676721,0.9835829326199631,1
0.922954477902531,0.23148252183475293,0
0.18635016246350045,0.9327038582087663,1
0.9128831366757579,0.6148255438316792,0
0.0897135314768236,0.907396856434589,1
0.7520920418519298,0.43083593296888356,0
0.2528493305001389,0.31482080441377736,1
0.9604984368344307,0.14924502446080534,0
0.5293563535901177,0.9757959467155016,1
0.8701748491804673,0.039974748473047605,0
0.5536923256342701,0.12400471742009334,1
0.8386580110714583,0.25350651194488094,0
0.3358551890921242,0.9877331160324433,1
0.8784065806539458,0.04926641876460758,0
0.38254603566405,0.7508117892888072,1
0.7818236023529154,0.5424049519482894,0
0.08483506653216766,0.3725750613667491,1
0.6579585554900572,0.6476741956827222,0
0.7878880754562463,0.8321016858847862,1
0.9135319023878383,0.012086413380360428,0
0.7330719524636894,0.2032322411999713,1
0.824425433073651,0.4220177829761421,0
0.417673410698412,0.3524604946156883,1
0.2940954873576932,0.5739197880298771,0
0.6732746994508838,0.7571299967783378,1
0.620947749892039,0.5528996759548777,0
0.07405407756572302,0.9421184836592053,1
0.9373859271351339,0.30003932791256294,0
0.19052091528422,0.04487824124762063,1
0.8271752442937925,0.9360929662955741,0
0.3721931228897417,0.8692575049787701,1
0.7989188432801323,0.750659503429955,0
0.27743443941373214,0.7266428010486737,1
0.9451825097671438,0.4525796157757651,0
0.15238173788493437,0.999931408424322,1
0.6971793030550325,0.7115819161282693,0
0.3846184732748833,0.048764397264793424,1
0.7616651319433173,0.01614650592354494,0
0.6050350600495655,0.871683395696847,1
0.9121013374263027,0.631578752980888,0
0.07621243043237669,0.28544912036198156,1
0.4634022233902987,0.517390963087711,0
0.19058234744832758,0.2276564621341458,1
0.544634257346469,0.6318648857862209,0
0.05719116710211636,0.5505716205259003,1
0.9955392013416313,0.6548751701827734,0
0.38061953589057174,0.688428342625279,1
0.9002662937857133,0.4805394565642723,0
0.20693191275986778,0.7124392429529256,1
0.3710939916332072,0.5243994677098818,0
0.2589315055262934,0.7941853832212609,1
0.8607437718720716,0.6339240096723522,0
0.6654930474956522,0.07076119248799584,1
0.6908988972940611,0.5878689766632962,0
0.20041580855158148,0.9156970689775654,1
0.9781965882044386,0.07808138626385053,0
0.026399795373804213,0.5038447931024627,1
0.6466244467091069,0.6408531155348683,0
0.5387152556576426,0.04472931934511337,1
0.5084860714239736,0.557587126709983,0
0.49486590564818633,0.7995639976777547,1
0.8540467110343654,0.6336067293311497,0
0.4460415466445181,0.7596271024979191,1
0.42199845225964394,0.3844635654178451,0
0.210603667005973,0.18206648686727134,1
0.8599805690440189,0.004043754871057459,0
0.631306578985239,0.8531347513051065,1
0.9841051514100508,0.4008032736181373,0
0.12545973763494767,0.8244208576111758,1
0.8009932446492707,0.08161135639088635,0
0.4372390080930012,0.7336128769682086,1
0.8975429165712843,0.8704200046563801,0
0.5523558755193262,0.8381402148561863,1
0.7399543558327327,0.43112219566910825,0
0.0730071828996427,0.11271310671935075,1
0.6988929057446104,0.4938934499465403,0
0.1847822047071649,0.8096375247357808,1
0.8363985676084609,0.5734476759367508,0
0.12710565393903417,0.8261150034186705,1
0.9541263195176534,0.28836521575167473,0
0.19119437008632556,0.40587982224164976,1
0.7196281032487071,0.7174310684591712,0
0.1689219082804364,0.7231250906617637,1
0.6266974515077376,0.61526354664511,0
0.4766019641620436,0.8833409157723134,1
0.9917686308105745,0.6424259277285571,0
0.2864706634738926,0.0835241628313741,1
0.8312232923761973,0.09282158897358761,0
0.593438815046985,0.9205359110095459,1
0.8350768625691923,0.130668809802566,0
0.15967839771838166,0.8139255710357228,1
0.6128828009636579,0.38293132412830144,0
0.08404633441067522,0.40820623568165226,1
0.7289046927786588,0.6850714944074558,0
0.6674962909974467,0.7368314665399953,1
0.46728749292869864,0.47266257624107366,0
0.7421160658693796,0.22705459203446343,1
0.978888511412184,0.8267511441541273,0
0.7529501814225429,0.8727199003798194,1
0.9073664168102088,0.2717844191724066,0
0.10758521023549017,0.9421143615252231,1
0.8213332639994293,0.3451345613389102,0
0.16422531337611168,0.3507218233234657,1
0.3727989262786673,0.40185078713325584,0
0.25506978215699605,0.3490072391060085,1
0.9584531190462097,0.3648591490604389,0
0.08497234055357927,0.756174157381042,1
0.8608030639695475,0.8966119910168013,0
0.4582712687618634,0.3472551686047781,1
0.6589738445367816,0.5774338352687655,0
0.5482402121513092,0.9142356678063046,1
0.8759503338530257,0.24641104390675295,0
0.1114289778800367,0.593547806626887,1
0.8716755605779275,0.630018846007601,0
0.3608754875357998,0.3694337525356467,1
0.7388502392620632,0.04927744502866116,0
0.34746113285648483,0.6451964507175006,1
0.9681800132743842,0.8061854347381758,0
0.3744732681343661,0.11056392127282666,1
0.686062912773299,0.027680824639586876,0
0.11712340530911736,0.4745142187788238,1
0.29643304966222395,0.570255431072486,0
0.7562442536259749,0.7935830153540431,1
0.9034164331108123,0.44584339778139725,0
0.7928411667431589,0.15250899158011932,1
0.8789989897535018,0.4127863515057941,0
0.6328106739632333,0.9011654510859416,1
0.7987926377358753,0.1876713428252088,0
0.4251279645223329,0.839695408340385,1
0.32185904911064345,0.4313865838361005,0
0.265367636622566,0.8508116264857606,1
0.8227522151625649,0.9501576169726407,0
0.6476065873112126,0.22391048085182952,1
0.7443407574694708,0.07021995646295409,0
0.1633817805325648,0.7909416642044638,1
0.6759722176883499,0.5473153603163811,0
0.07245999061608599,0.21076032454972304,1
0.9368598351532154,0.4793951779713468,0
0.2555729852986588,0.04368815120899139,1
0.748777810870973,0.9429316230080446,0
0.2101751629409323,0.46016557509149236,1
0.9883224366724271,0.6613163221387846,0
0.45326886734500804,0.2718548653937438,1
0.7715943303743186,0.6467601062804468,0
0.012096427024423595,0.8900995085077914,1
0.9215654388056556,0.49789655245807696,0
0.2679024534209543,0.33275720961374444,1
0.890131655393188,0.39625966156283854,0
0.006997686239031631,0.04008450582758105,1
0.8007792595429548,0.5608351580086048,0
0.2247627517694536,0.24180751883025475,1
0.6032699386098381,0.346882428614377,0
0.40027111502078183,0.8507243868168741,1
0.5959266475780898,0.6676247725779402,0
0.2809287199467235,0.3568587884976333,1
0.9673797007504562,0.5526164753572834,0
0.24057826694024365,0.6331457708262525,1
0.5556112999681905,0.6266189741438484,0
0.063833571803531,0.48265578280960986,1
0.695164189316556,0.7384891405307275,0
0.6189202256240506,0.25988584340224963,1
0.6259879957228894,0.46843094728979495,0
0.3424111122340603,0.0617561094551109,1
0.7269618111635225,0.5057429113403651,0
0.14241995520115447,0.6757357141292301,1
0.9515251741045528,0.5896471802788509,0
0.3696540593578206,0.9099859774954822,1
0.8307264824794912,0.9209155178455285,0
0.3424282919996553,0.633311177742244,1
0.894578127518258,0.24100544012645675,0
0.19631267918417727,0.7355254572944836,1
0.8527052436686383,0.36566678962762134,0
0.2758763936980537,0.15625805096805245,1
0.970055692899916,0.1999832297430273,0
0.5624794291936448,0.8280332701775985,1
0.29734424617964794,0.4509217397804074,0
0.46605069825103507,0.11822536592360788,1
0.9947560706381964,0.08602549265540305,0
0.43073406169089945,0.7000564395275312,1
0.7480931052537368,0.694514473696928,0
0.3914628793424991,0.05030489657967696,1
0.6731489850151496,0.6572633664897227,0
0.6384496502471549,0.08794019074302895,1
0.4197874895221576,0.5366559944924549,0
0.5588787285880311,0.9309108559518301,1
0.47706130400794866,0.5443856744744053,0
0.41318112910489757,0.9777416700486419,1
0.53825432187485,0.3652864377538646,0
0.4590272464306919,0.003420571050488097,1
0.4136811445774915,0.5284600712227983,0
0.36917217224825827,0.7197001992531185,1
0.7075844799929862,0.948533613961846,0
0.6179017729503978,0.7156044133666661,1
0.8477426857230841,0.5492839591842202,0
0.32274317380548,0.9778280117119754,1
0.9837365893767457,0.154816087215204,0
0.4740079976692495,0.8683818647687915,1
0.6845102453668229,0.009242661074602254,0
0.5142249386745349,0.8855867609378245,1
0.7924306357278335,0.9526902991185803,0
0.1986066239449421,0.6057150960474509,1
0.6327415878413682,0.5967835690793865,0
0.07893204030925494,0.05923987533428432,1
0.7986335319432221,0.7312138973587599,0
0.09777755003753308,0.4500978302317794,1
0.7260200909747873,0.6819363072817434,0
0.7154091833242768,0.7885755233961759,1
0.8005604209578586,0.045436598785287385,0
0.08788335318269824,0.7403094771360557,1
0.9122399062723741,0.38021699281273214,0
0.3026487984070687,0.23323259416309983,1
0.9836506593691289,0.7280399420874918,0
0.3674406655700606,0.015773285325837882,1
0.3107375032945411,0.47063647060655933,0
0.2799033671651008,0.2692825265719829,1
0.8081951504470836,0.3791752887934694,0
0.2729395564369903,0.12184409764294901,1
0.9262714034867149,0.2617305795024607,0
0.25921362267759807,0.6720254107520417,1
0.7633993184475412,0.7273667008841578,0
0.5363967620451074,0.6905431382260051,1
0.7768945765236758,0.6741327203781234,0
0.5505225986352033,0.2658983760811344,1
0.8394306001625893,0.9788477712701331,0
0.1489166173260582,0.20087912842042466,1
0.916713802206217,0.34626891342693467,0
0.26758131520822326,0.8365371850173592,1
0.707356967790881,0.3234899243514089,0
0.15967764697770503,0.7121925894685358,1
0.8822633502170356,0.4212168442150007,0
0.6711567703257462,0.19896861778937758,1
0.5763837423783587,0.43258660407608485,0
0.40018252816513133,0.06413602956856856,1
0.7765644029882248,0.4190512703895697,0
0.297124534774595,0.6723157996173974,1
0.3981154752483489,0.3754494364861056,0
0.2096450021814037,0.17321172322261125,1
0.5601926987294693,0.40263633462754544,0
0.06596562074352674,0.04273379987711967,1
0.5870402887704519,0.5894046811701444,0
0.09719524164985305,0.21328979628344213,1
0.6443974136491044,0.008932964470296123,0
0.13100434110323844,0.12987830934189504,1
0.6753314954081862,0.5548009304551078,0
0.3878952323072541,0.21860720601263828,1
0.5135092651221499,0.4901348069920286,0
0.20656373365056657,0.45933147931675844,1
0.8386135802484679,0.8071104464789969,0
0.11967667918599967,0.021604875337595697,1
0.8373345342918861,0.30262068102967166,0
0.4373751080256627,0.3270718524585434,1
0.8064993539072326,0.758869967692507,0
0.29004398096685446,0.18044455473416288,1
0.957453658419194,0.30716994967553035,0
0.06916624579693709,0.511343103684483,1
0.6704731035448956,0.278076436072213,0
0.4979864173352593,0.14327115649410693,1
0.8189186084681307,0.5532122086632364,0
0.3085715698299005,0.9395764437582351,1
0.82909451701907,0.31912561294270503,0
0.2104968235476351,0.398815217602015,1
0.9071066219141658,0.7505995636577388,0
0.4413868904416062,0.17444775829000558,1
0.9432948328919257,0.9683342987332895,0
0.36354650796242793,0.004882984560984682,1
0.5050194833350135,0.3629301633554364,0
0.32161555050124,0.27762519848164013,1
0.6062178160812023,0.02443853556237019,0
0.37007850939565623,0.08360777153085519,1
0.23089417634621212,0.48225837669831306,0
0.39141216074718743,0.007433039267220165,1
0.8011619953074801,0.4121529117414978,0
0.1666322662053853,0.4209955493369182,1
0.7018720295496095,0.7122014074673599,0
0.1494542766470971,0.07077527127085526,1
0.8509363968180784,0.39707921116267475,0
0.19431137969362422,0.7489047897624135,1
0.9567255931131692,0.25011858167874634,0
0.5495926448141807,0.6913305418140421,1
0.7064365675742276,0.3586594627099695,0
0.384007033921115,0.8634648864713405,1
0.7832204189706389,0.6472224942609939,0
0.13919764445970384,0.3176849175570764,1
0.8297935218464062,0.1947369936121751,0
0.05669271649835661,0.39895832233324546,1
0.987238045603341,0.7857984196573118,0
0.18403419680133704,0.5150248276017617,1
0.7989303928678737,0.6533029499649888,0
0.5246090987475139,0.8595117182644594,1
0.6449094629681715,0.7040521333559672,0
0.16112179779173585,0.7372042106456822,1
0.6734276267914145,0.613858771444873,0
0.7583963671870914,0.7920456913582514,1
0.943352162140864,0.1591811891360444,0
0.18931243800580866,0.3432566300144748,1
0.8899455134686801,0.9807771765817379,0
0.6477332240758672,0.08716093786923973,1
0.8982084189295021,0.5045488803220725,0
0.11593888568529354,0.02958249551198533,1
0.9143370010726658,0.09831324169682054,0
0.18398593588422696,0.27059459748646875,1
0.9703067958304255,0.11257739622162499,0
0.14386133683326385,0.46364075688530837,1
0.8228818308694498,0.9370515245145409,0
0.0808530946434215,0.23068330769282064,1
0.32029054231991705,0.46237907844484916,0
0.1959791324027118,0.09391860565545762,1
0.6682083311687912,0.6915525847683076,0
0.19624114199418974,0.6709271329215157,1
0.5532548070237406,0.4554149436797542,0
0.1751193723379585,0.09880407686407111,1
0.8345656572087836,0.28720629692023447,0
0.5207722377326856,0.2970523864355451,1
0.6321013783652755,0.4568028659532356,0
0.6128479859096041,0.19774977548774253,1
0.9377027570439912,0.9396953456211,0
0.5488773329019144,0.9660099431995163,1
0.8247504333108479,0.5805378671442378,0
0.27692825305176194,0.6766523434310932,1
0.8172711855180771,0.1198570169272637,0
0.031007024956741236,0.35824164603163067,1
0.7457361883888649,0.7562865884981982,0
0.4839824831471743,0.1936263322003845,1
0.6547836718729515,0.5698866791449071,0
0.10458125488707581,0.8180778997416147,1
0.9514450940785876,0.9758501062279898,0
0.18048477797246754,0.7863145059527059,1
0.49046107529362015,0.4494674246354977,0
0.11040645325947962,0.6119481680200349,1
0.33118221322507657,0.47977550603532426,0
0.11604750671520125,0.7382492989460196,1
0.9034051648243312,0.1937111334797702,0
0.5226875097863575,0.28957076506421975,1
0.8264264760103553,0.7521476689309511,0
0.1331621099438821,0.993763773406699,1
0.5550076940554135,0.6398735627357982,0
0.33544781996700157,0.3905551223894804,1
0.7450291945131126,0.9297926863422749,0
0.193831410608573,0.7014299776503778,1
0.3250404243238145,0.4285331132213702,0
0.3804457130764024,0.6839956225849867,1
0.3308271790182198,0.487299265274717,0
0.6035270523048943,0.14852009359084795,1
0.8819510296876977,0.980241662303343,0
0.07798681224477622,0.5315847412817993,1
0.9577589870314571,0.40794213611909946,0
0.609722947164059,0.7253299696748687,1
0.4569350046766093,0.5352308937203033,0
0.055815209746484684,0.3728282834302782,1
0.8369109378223971,0.1822860434184741,0
0.0717343443816183,0.8892733715574566,1
0.9419021169930443,0.8344335380827966,0
0.5011553229995983,0.6726012542099515,1
0.9718589666721341,0.3791325343874975,0
0.003927545078093009,0.217357133113674,1
0.6155811513042942,0.5509092540186767,0
0.5810346093345516,0.8630210672559775,1
0.9142199581228745,0.485130039991735,0
0.519271084160361,0.8876382549915653,1
0.6227634502322912,0.4513542377478964,0
0.07547171343250603,0.2097101874334777,1
0.816256466228719,0.021479578956560053,0
0.3674787803540339,0.9812297364913265,1
0.9337422839838884,0.3582627865755238,0
0.6689835566235838,0.1051480916612334,1
0.6210403374081215,0.6619613380691405,0
0.6022540341243287,0.930103209203192,1
0.7116100457176276,0.3067242074469446,0
0.36583838255222856,0.7450050974972482,1
0.43907152185760057,0.5440572204246675,0
0.09186066490228562,0.7890158515758297,1
0.6473457057300205,0.4512666384342171,0
0.018374241409406022,0.02106422153038856,1
0.9650557984590218,0.9731471046657013,0
0.6465782509614812,0.25000310339652887,1
0.6843322280101116,0.0502357947560198,0
0.04582770141247461,0.6292686411903716,1
0.3071426294247265,0.5373936467010634,0
0.5803328678045236,0.8564563420536799,1
0.36688740337590575,0.39459171860820774,0
0.1962742251630254,0.08021286763216506,1
0.9262615843346574,0.338405524065978,0
0.5261439555123617,0.24537997150108826,1
0.9032770778183922,0.22435724169512805,0
0.3522904247173899,0.004451073988421594,1
0.6060843443461086,0.5245499881487422,0
0.5353464169394535,0.9680441119343461,1
0.6131235877467264,0.9688881056144787,0
0.4493238595752471,0.6949774825598364,1
0.818898920575161,0.3649732674239018,0
0.503650323760255,0.7471798781738671,1
0.9343673207619467,0.3764776367344208,0
0.1495687442011675,0.5318210455645772,1
0.9459052819399091,0.695236774189294,0
0.11994809697490016,0.3611721581023992,1
0.601130264041823,0.4650883946551292,0
0.5467673156533157,0.1814188956418512,1
0.7983017188192123,0.592516296978505,0
0.613623259859524,0.9353328198668339,1
0.22517156853244824,0.4777668299232971,0
0.0046480731872892145,0.28078660863724547,1
0.5666424741688534,0.6828697356911932,0
0.05568771063515221,0.8439294326983459,1
0.7866598593978171,0.5891585547340042,0
0.2458798851168832,0.7388154640457426,1
0.4680608363025148,0.36663140683187945,0
0.03487440466108449,0.5888478014982306,1
0.8239301692565916,0.8423771851159285,0
0.14531668814472043,0.021209630606828123,1
0.6926283217428572,0.4258955798906189,0
0.25982479827281435,0.38456138723316113,1
0.47777215016266195,0.5515873195530757,0
0.684662976299577,0.7911251600067664,1
0.7308993180604941,0.4934061814117996,0
0.1915952765532729,0.09770623281010438,1
0.9911333161977378,0.7176723805992924,0
0.44245947327965607,0.09800067967592585,1
0.878653025656673,0.08516086331728323,0
0.47647902165172773,0.08633894833509115,1
0.3425798964528558,0.4340958051501054,0
0.22654203527087158,0.7096590132010667,1
0.9264437754656353,0.25103940177478445,0
0.13693458932950864,0.5401202422520048,1
0.6747269888470734,0.6096569578886787,0
0.5420825427443038,0.31493140410456244,1
0.5960477536546932,0.6138555697745621,0
0.691176032097188,0.8072534286374666,1
0.7670613105937607,0.6426119001150694,0
0.0978231729877782,0.3845204301020666,1
0.2918930479463425,0.5811546490814848,0
0.44492042391745446,0.8633789019730271,1
0.9906865011396334,0.041667722783832795,0
0.3063461175652674,0.24750452667216827,1
0.5947770609733424,0.5387668860564171,0
0.3863065050064204,0.6313129668252428,1
0.8192486993365063,0.2324807904809636,0
0.653994157868163,0.8391755363515239,1
0.837419042527769,0.24278971877145716,0
0.5207488239507893,0.039540160342811825,1
0.6108200929887004,0.0098812596722746,0
0.17165450072561284,0.1872661495580965,1
0.5128302519316971,0.523687021864681,0
0.056376323338685586,0.9396825191016532,1
0.30603702235451924,0.5117550229207779,0
0.5086821240983073,0.8045980682428632,1
0.701622666618259,0.632437325087716,0
0.4506342616168617,0.9690377414735354,1
0.8838192282868756,0.6764897839192967,0
0.2795542765826379,0.4071311858541733,1
0.8811670931937501,0.3504324711647151,0
0.4898040268847338,0.33415176498073385,1
0.9520705137467481,0.25309091702163755,0
0.2806579961469142,0.5898426597336395,1
0.8075444276533322,0.7860861333125084,0
0.06589307215416584,0.9816432506389146,1
0.5858386748209384,0.36521371554303583,0
0.3928023504787236,0.3475231070874253,1
0.6822415915854918,0.697356658460161,0
0.12293845821694638,0.39780727708627617,1
0.7264816522311998,0.41576537026693017,0
0.5534660656088605,0.69040914678303,1
0.96742901020133,0.2958705651522199,0
0.4105628315984615,0.7594852153119821,1
0.8599574309428523,0.01953202857993941,0
0.09940860413400099,0.46098558434963655,1
0.3499428124574805,0.44978897233140835,0
0.21640621862372889,0.3722941564938622,1
0.8286773169001234,0.5702936861927289,0
0.12321399754187423,0.03792443406181345,1
0.74068969274056,0.557626545949143,0
0.6682865724052658,0.911195266994022,1
0.45426687622032713,0.5124479929480753,0
0.14549873530927893,0.5845689138377307,1
0.7928826245108981,0.7981466442328401,0
0.0538590332844453,0.03290554527708767,1
0.40841497285601924,0.45989323540782123,0
0.37907823091127557,0.6456162040216009,1
0.8399710006352176,0.476188355733127,0
0.5151075594100173,0.9873527385814369,1
0.9090391043435007,0.6531745104617631,0
0.13267848421285589,0.300856266565125,1
0.862690194660858,0.5612705919329068,0
0.1695027478560901,0.01806032666912416,1
0.6251881301455061,0.385146480837403,0
0.23742900048050897,0.8048813279104936,1
0.46997488867441106,0.48183365520132926,0
0.2506499106934075,0.16129552804511849,1
0.9364302740954626,0.805271593884467,0
0.059688969194504615,0.9573529582493217,1
0.5228802467543816,0.39283593554983565,0
0.19279313330448766,0.07887175887129483,1
0.9982826847621393,0.6286958452711289,0
0.04563115729039435,0.3470211497024134,1
0.3410452810306801,0.43154886775978907,0
0.7037188186362355,0.22626164151295203,1
0.6717792648174147,0.40181580152963114,0
0.3530231595106724,0.9942908710334265,1
0.7724067197767047,0.6143876941871267,0
0.5914490378979748,0.2164772334241707,1
0.7229339956403291,0.34150135720546093,0
0.466913426919232,0.17914740344250346,1
0.3466659544145837,0.49268535330756447,0
0.22061080677761702,0.8187925622959393,1
0.9518163554687149,0.26050343870770043,0
0.03321177281652632,0.24169331804752536,1
0.5337442948771622,0.527243515945541,0
0.7705404813539879,0.8225354629257231,1
0.9464773144877733,0.6243274213512158,0
0.12353416541535556,0.6807188926435116,1
0.5339848453336742,0.6081810500235872,0
0.462699473867221,0.7715264685680057,1
0.5448869327245406,0.4143813778461639,0
0.24394178469989425,0.09527979265097297,1
0.6711148891131891,0.46644715138575077,0
0.5382326032449085,0.18878333625556787,1
0.75276569635794,0.5630763221054227,0
0.10438186714081255,0.43719083097434164,1
0.4951885476067417,0.37827628967770355,0
0.1979056467030822,0.9271314129672991,1
0.8144580116991492,0.18699270429112236,0
0.39343628310161793,0.7979323669279995,1
0.9754606578001359,0.08138203184085868,0
0.042441845924796606,0.6806873258295253,1
0.9571169084394944,0.015264531561315686,0
0.5089865900071862,0.8640049241545557,1
0.6391491257903312,0.5578455879378278,0
0.27510468278725375,0.3354444655915809,1
0.9481986728150765,0.606622217444673,0
0.37182625849591056,0.7861789583409396,1
0.5698511388897615,0.41741628354655724,0
0.2970005935390706,0.31896044639103516,1
0.2871945757122091,0.5052565058607827,0
0.4513596441871943,0.14464272029670544,1
0.8314989526377765,0.2597859621579055,0
0.060651317943705374,0.15791794445031193,1
0.8793603500654434,0.8309081940349851,0
0.25019552899824016,0.19526029949863555,1
0.47943549960398146,0.6005192254908905,0
0.6483279334591553,0.8331270846252716,1
0.9710486335589211,0.42459564788925475,0
0.14196734519260057,0.3646136092266896,1
0.8147178676230076,0.5730784424300388,0
0.45432861081786236,0.818201007465299,1
0.24531520642848037,0.5225069844467222,0
0.29008000333820005,0.8495056813370937,1
0.7617045709389182,0.5845234581040033,0
0.2396590807137482,0.41366274189742935,1
0.4831171967793282,0.6454454450080245,0
0.1716989862804167,0.573158029609855,1
0.9486035822487796,0.07276254487732792,0
0.2905892707115919,0.6705119294608083,1
0.4703375871533637,0.5724342563531442,0
0.2448588782929808,0.7597903156542501,1
0.7499762280620657,0.6434050091202889,0
0.5358709150175385,0.11955995666586261,1
0.41366787404114436,0.39330236771774807,0
0.055416740920071095,0.23314095006270874,1
0.9491042722734367,0.3449554235462958,0
0.2822622449863015,0.9198367437228661,1
0.7418743882016522,0.7172104179501892,0
0.35625684737728647,0.9611790043145838,1
0.8061023382239916,0.4760629693946151,0
0.543559869957559,0.18360878512038792,1
0.40993908732814477,0.5819548241760535,0
0.4010404476481314,0.9219908481750786,1
0.7194805540981287,0.5260359418669596,0
0.6964898968327466,0.8537391964980954,1
0.5171697844735056,0.6242474511198804,0
0.5679249651033658,0.8152423200240995,1
0.6180110588763508,0.5801157733576771,0
0.13836382978052042,0.09872738647816193,1
0.9495213247817916,0.3705631534375804,0
0.03786681803028391,0.3160633896734597,1
0.35882821100229256,0.44712505788369905,0
0.3945078058910855,0.825774149322756,1
0.8398643248748136,0.9367349157456032,0
0.23207600518281124,0.17064044088983088,1
0.37674653777255085,0.48542612191298384,0
0.12116836381051244,0.04965984873303264,1
0.8752421127752191,0.698248126021407,0
0.10932629060710264,0.08820717027621316,1
0.9738499696416767,0.21318730997132274,0
0.317922719709381,0.6452764096725762,1
0.883952370451992,0.9195619089135165,0
0.1970591475421294,0.19995044019078012,1
0.6889881545937957,0.6874992972032382,0
0.39018846115604944,0.10165937486385479,1
0.8727321185804354,0.26901131383966725,0
0.0660304916520188,0.9591822424204168,1
0.9199201701726151,0.629130892416453,0
0.048277492225742846,0.33490515823288536,1
0.9261387715409791,0.8919715403742767,0
0.09260349738123508,0.8975784809979067,1
0.8834295527143208,0.40411501118054016,0
0.14176730052360964,0.32893538306033476,1
0.7284884436292128,0.9228510808417997,0
0.5975304825767621,0.17769667062915473,1
0.3424228919261818,0.5792974505418824,0
0.19705642959429792,0.7662051095515032,1
0.5176547602018057,0.42094968994332105,0
0.16317227510076282,0.9205407007269862,1
0.42447448567055324,0.4918824664975171,0
0.41018657857949725,0.867564170637154,1
0.3324339047678432,0.4399801164616919,0
0.17346858073732463,0.8670063352825494,1
0.8581124684120748,0.7101766583475909,0
0.40921584982492554,0.12130305813248254,1
0.7706244332859989,0.25101032776290233,0
0.6802074819641182,0.9274437057369963,1
0.8090852280866354,0.10450503636228203,0
0.17233767689135793,0.3786679080045935,1
0.8564802378791688,0.37953627269754175,0
0.32649230098358173,0.09470066963837531,1
0.8345289215597029,0.02782400682446362,0
0.4494423754698127,0.04759199017387916,1
0.7716284525184357,0.39510348925733296,0
0.11037543842791375,0.14470109781086193,1
0.6939530567914495,0.9393402530891868,0
0.07843007035776861,0.7796509276181324,1
0.6326421158812533,0.9996774126882838,0
0.14158939991626984,0.7000762729808596,1
0.6910805015351006,0.4495345372247239,0
0.511891174709419,0.16222318122397839,1
0.8305490178271285,0.2661582587797665,0
0.6964720668559696,0.24032551403097668,1
0.9185426716161998,0.014408019194842359,0
0.25153289673039714,0.6108128425286726,1
0.6343106227914166,0.295495557406075,0
0.6843678513577711,0.12109202301192801,1
0.9291833573518682,0.2570063737192957,0
0.2335132596312638,0.3263918066964969,1
0.8516960832433245,0.8039402343817839,0
0.3223432062445143,0.7407507422978371,1
0.29295290839601573,0.4154831557890226,0
0.0007981394520226726,0.5267139770873385,1
0.5695802700259781,0.5076930872375622,0
0.5011273627639197,0.09961246453173911,1
0.741236023551201,0.3473839211586499,0
0.11216985546941116,0.7189753817049278,1
0.28166608576481145,0.42116790982781227,0
0.007524037642564818,0.602996015180076,1
0.8727741087557714,0.33991569098829,0
0.5103717111250703,0.32002105751963783,1
0.928097626541305,0.5357480921243346,0
0.6764060396328868,0.7811873670085463,1
0.3624559998894775,0.5690769919366301,0
0.4641628266403395,0.2572899912008134,1
0.9937533774606757,0.8760352454664612,0
0.236358677439239,0.17117423373342955,1
0.9580116963021762,0.7353250773020688,0
0.4521215059218513,0.28799477419864583,1
0.7455487290241954,0.07555618934249908,0
0.17030778756960674,0.24486329826341102,1
0.978245596820144,0.2882655177721014,0
0.04268534690074677,0.3035309496555765,1
0.5701125816072071,0.6395948338824622,0
0.12700799377531202,0.723394263407121,1
0.32621154020316123,0.5574960123638237,0
0.1977275521686176,0.39312022146054704,1
0.7951732486199192,0.9752756150521052,0
0.12104827020691078,0.27537922823127126,1
0.8681349838759467,0.14467431309025058,0
0.42172206366871057,0.35564481452833296,1
0.9216099776423003,0.8316072882602471,0
0.33209796631855093,0.35993933805263756,1
0.47195440109866305,0.6238920644484093,0
0.35776211916822953,0.13070176289770308,1
0.7728529038933536,0.29849145462633964,0
0.16293366947490429,0.03434447765344395,1
0.7427279367888123,0.25408154420437534,0
0.5748660652072883,0.2925125807517974,1
0.8199723408865102,0.6078652491069738,0
0.32149727202934664,0.8162185850618928,1
0.7159033359322879,0.34878088298177545,0
0.43593292679497964,0.24798745552320745,1
0.8874667936714727,0.8600294519069656,0
0.04725754266314053,0.8133757782465216,1
0.7972358594424185,0.10392869700259433,0
0.12332490441516619,0.012054652078969386,1
0.9513255081741255,0.15982652785623286,0
0.4757866472358575,0.17977630818253953,1
0.9660097487795998,0.9300665978055632,0
0.08761002071289736,0.5235485710013419,1
0.8075229802841891,0.6249235868886691,0
0.4430836613399597,0.7598867206562899,1
0.954740277341102,0.3361741433832348,0
0.1474620334867781,0.4537792004964901,1
0.8706336676732517,0.4011984608099822,0
0.25504056180304135,0.016057321973767746,1
0.8122568398805261,0.7493869233284955,0
0.6092696746762555,0.08099347171528959,1
0.8785317204589481,0.31156153198897585,0
0.008077663814415659,0.7693079416385926,1
0.2802778349886983,0.4872453026734157,0
0.38328364694295125,0.17594493792720556,1
0.5345095100855445,0.37705571411536976,0
0.47309336977132455,0.840563225752479,1
0.6047002253872096,0.48921781149005494,0
0.5548829297797931,0.14526212572002162,1
0.9162704228120876,0.5446813018075503,0
0.5713598087753679,0.1673917659116746,1
0.8283865987782078,0.3534266483827615,0
0.1690041298368118,0.2639306655862057,1
0.927954775229624,0.9029369851284533,0
0.46315728362223363,0.7124592745207211,1
0.38714922703851173,0.448450151263333,0
0.17294903279974527,0.06502653492485067,1
0.9451890983047913,0.17636708225519704,0
0.6087385507387364,0.8326048129785752,1
0.8232351116309399,0.5006682362066417,0
0.07635199752846689,0.8377610057959771,1
0.9817780712908619,0.9202281086744,0
0.5143001466858739,0.13693765795905877,1
0.5950459516142619,0.44007562202413375,0
0.2302888490684475,0.9575174435977284,1
0.6398629158897015,0.34294884200392395,0
0.046434328318763485,0.03150869662356026,1
0.8633190099883765,0.7688202230837842,0
0.2944849192974379,0.5921189516671097,1
0.7738369098201687,0.28728153821688374,0
0.17188791744372034,0.478861027826876,1
0.8572799062961275,0.522696759463937,0
0.5472313655350762,0.749292467468956,1
0.5490348966086269,0.4850052077306344,0
0.08904312278122894,0.34371337885333786,1
0.5964906829254163,0.32767363219805234,0
0.04203396150468197,0.9922043307010355,1
0.5622609336463246,0.5338741538829114,0
0.4661098043881233,0.8007127396126047,1
0.3012552441574422,0.4582533877411289,0
0.16201443927699533,0.5772217990894073,1
0.9215271325088891,0.018691688062882017,0
0.30230354189466824,0.24678120841073037,1
0.5310949393552925,0.65793751704501,0
0.08165150364290996,0.4492204731073174,1
0.9357605243335265,0.30441943606573696,0
0.3778577911129475,0.7269045621737338,1
0.6980047937448852,0.635901056737969,0
0.09343896395883311,0.3300620861190885,1
0.9741681699788883,0.10190234226614447,0
0.26759833753394224,0.5747722410406526,1
0.9017358036336884,0.4045634573843562,0
0.4451738405861606,0.7682975286455594,1
0.8972190218255449,0.7721146665689881,0
0.5884203460323962,0.04648971961228421,1
0.5895736231855839,0.38344063389407834,0
0.11011648792504003,0.718811227440394,1
0.28114772382461695,0.5396027506610104,0
0.3256833187529454,0.6566021032820436,1
0.32952923818621394,0.5806753128561435,0
0.45203722288369763,0.9437978196555992,1
0.7996241183804247,0.3475208316796251,0
0.17116821906223467,0.12125055698593967,1
0.7088686297645418,0.9357938038016257,0
0.6550787611648685,0.226279498245627,1
0.561513540973595,0.9845514346365671,0
0.1252966859166924,0.8595431849634584,1
0.6155873976344973,0.4004725137732802,0
0.0836168008305822,0.36236802645594013,1
0.6873562966852537,0.4249707285803742,0
0.2858552410042473,0.08213483052721415,1
0.8582088161685684,0.13133692152936816,0
0.38505698784853826,0.19093471084606184,1
0.6914039689512234,0.33913895034350805,0
0.39026533458687473,0.0771534887419385,1
0.6739863797945145,0.4077650973189738,0
0.122065202549698,0.9144984929330313,1
0.7449384234890699,0.060429455655289344,0
0.10627441890045597,0.25175286396791074,1
0.7122088586372946,0.6867632073670624,0
0.4117704060592574,0.29047591180661936,1
0.40257682894237,0.47304192119247557,0
0.47614896740976376,0.6597455603802631,1
0.881999337001685,0.8889236880395815,0
0.41750556575166675,0.32873570929219864,1
0.9869926790452177,0.4651921853290488,0
0.3037051223933972,0.6982785648110652,1
0.6309136108090753,0.679825660319822,0
0.34193037323652864,0.7572115479621621,1
0.9799045628445651,0.5180759217671707,0
0.4688674681705942,0.16071332758920898,1
0.5535320170388984,0.49116497914689516,0
0.07079527770917093,0.16194926782886465,1
0.687382642106397,0.37582150124580893,0
0.01669877149968757,0.662032834217897,1
0.8630792214627396,0.7211796305981153,0
0.21942593688348422,0.017369150315408755,1
0.8984779749744746,0.03864615611740907,0
0.3494147801955898,0.6701659141434588,1
0.7405609656867046,0.27084866088058035,0
0.4695828816636791,0.7036945248425958,1
0.7122566576568328,0.6152891127271638,0
0.2348947047829164,0.9396663021355812,1
0.31083911264920216,0.5257033618168878,0
0.4628466321967125,0.12277788431882597,1
0.6070163556210145,0.40549839899677076,0
0.03545162329738383,0.6432446590795254,1
0.9002061209781224,0.6244240651096606,0
0.41396990624536123,0.9064182443207237,1
0.7254038035632766,0.25403482171028957,0
0.19972533847581309,0.2968416816766746,1
0.5658928986878855,0.6257207344677199,0
0.057465905661052474,0.6930710859560616,1
0.7142931663213264,0.30756203659290937,0
0.4827252637863685,0.7001886221442193,1
0.37732601703037083,0.4513435839916665,0
0.1366523988701812,0.18585133388515707,1
0.6973569208673109,0.44133716285300983,0
0.5956447560549633,0.7021234442127858,1
0.958367469385258,0.5324454133359197,0
0.3719183373300684,0.8947337926092592,1
0.8236883015740571,0.8297574268487259,0
0.5763028012183582,0.9418243633882682,1
0.45273285304517197,0.6059658286467834,0
0.30884645578244496,0.946240478045399,1
0.6972987605579762,0.6878975583565791,0
0.07701071068202725,0.13384458321104153,1
0.8096793098058002,0.07969307814105764,0
0.12193206011773183,0.5857483145597252,1
0.9893057854087111,0.941039600661174,0
0.6244780854404393,0.7893171067153524,1
0.9972463111941723,0.7686886161470204,0
0.24866387853811944,0.6897805246744557,1
0.9353044043307102,0.013488391136044386,0
0.5100423188800552,0.8228550801946768,1
0.8982988273250295,0.27479748313878016,0
0.42714723488969464,0.7494426223059713,1
0.7536416086118574,0.002495339101205807,0
0.32045673772868066,0.8494921160859158,1
0.7984563308289577,0.9907389375156629,0
0.14591402993314773,0.974749495583381,1
0.5920063558379627,0.9771045530547844,0
0.06230208711675278,0.44860198736900425,1
0.27346098871282587,0.43557012184773214,0
0.3384652595055718,0.3867085005068993,1
0.6829571096744868,0.06706282408906383,0
0.41734199095174773,0.09430192123508863,1
0.7635299022696648,0.48393555048752457,0
0.18210823215188565,0.4643732529805843,1
0.4299956568382092,0.47019084073789785,0
0.12438446029401695,0.9153600076427381,1
0.6660238283827999,0.9756652865001585,0
0.39917684344566584,0.7183333195571394,1
0.629630320612844,0.3476896940963172,0
0.01695760695179127,0.2582054741318247,1
0.7982183273025218,0.72053739230132,0
0.5113915924931303,0.7153918652443898,1
0.6172208348362589,0.3379849002314992,0
0.34661165976318553,0.6905787896741764,1
0.4249489270796597,0.3894317984071136,0
0.19582912863661595,0.26780282979388437,1
0.9842629580784535,0.8969539751865546,0
0.3842290334796221,0.9684640061269453,1
0.8664670231149253,0.4180433258801478,0
0.1484946278061755,0.024660572368792266,1
0.9523680027994995,0.7994262690145109,0
0.1407649985561622,0.25044614278399424,1
0.7716427420237981,0.5345358098002306,0
0.3207659417221279,0.8130009756788754,1
0.6364577263052971,0.9671624016765095,0
0.5150105983118746,0.10700350145967086,1
0.8196142942883063,0.8712314170948625,0
0.15079967166118224,0.8146436800092183,1
0.9783891766905605,0.4985135736279499,0
0.3188970065156136,0.8128327983527907,1
0.8142091593094517,0.7051886601346361,0
0.6771767136226211,0.8998520557867713,1
0.9657963231567126,0.3482678666635528,0
0.2029163517316529,0.37010828931419426,1
0.7421962118392985,0.054300842023268237,0
0.08233632280687109,0.08175179195510685,1
0.4568561107448358,0.46972371367370713,0
0.30619052144139225,0.6946456411717131,1
0.9619568042226541,0.2073120592078952,0
0.34250824344530384,0.868442126758306,1
0.8956734707498913,0.22733227405678613,0
0.36205208312564185,0.3797708560462202,1
0.414477603936085,0.4344017722887753,0
0.39302896417892863,0.6925699845869543,1
0.24066632584260705,0.5299187127670697,0
0.11582448529390543,0.06800539160221197,1
0.6415780986167042,0.3111640461794255,0
0.4779054717796005,0.9421023895354468,1
0.4552641715383384,0.4554980884341975,0
0.35724833599448325,0.6742774748791664,1
0.6916363365618386,0.9931246715866969,0
0.13627051642640686,0.36700938871477906,1
0.7898368144906643,0.2646486652190049,0
9.085028134803164e-05,0.0017643137648484242,1
0.4471541269852346,0.5813654414370484,0
0.3964890238721952,0.10749853403339493,1
0.773490042922179,0.5211773003046426,0
0.04435565344167369,0.9780548656985784,1
0.903021255076073,0.11576390971076689,0
0.5853092041905488,0.9146465690747466,1
0.7198994929377345,0.9535746743400729,0
0.10865777347014016,0.7031348949847599,1
0.9774022309856423,0.5832183368112246,0
0.5967919939442413,0.7958584315919317,1
0.7726558530163244,0.6392814416339604,0
0.04150736309884062,0.17365970240706718,1
0.5481878051256014,0.6220440713048158,0
0.38633880552764566,0.11102355262596142,1
0.9895765519765541,0.6135561921668461,0
0.025457887899597242,0.2688740336254619,1
0.5155218999981653,0.5253584509202136,0
0.4182993297243123,0.2794894540147015,1
0.8833928336923594,0.44944264698313663,0
0.0820827738352401,0.9553017069071449,1
0.47105050620121847,0.5346432379528948,0
0.6561896427221195,0.8514468145285926,1
0.6007756538925105,0.6052028807583071,0
0.05026477397365503,0.28040623727136593,1
0.5916210625202943,0.41826738039814126,0
0.5404321398123721,0.7148863790851727,1
0.7796485844276179,0.12626233520409125,0
0.6125395499735257,0.07437856768395368,1
0.8676883508259707,0.8344012424915763,0
0.3552372074773259,0.6531733453516319,1
0.520941832252614,0.5685539557951146,0
0.6328207698989411,0.8866742550949336,1
0.6431037399345503,0.33088619269530317,0
0.5583416564088483,0.7188905103862545,1
0.5697382046733414,0.46566217303421886,0
0.3434878848253833,0.030722461084386254,1
0.4245702841070821,0.39757611415284966,0
0.3369433226618971,0.31371938536495936,1
0.7231184313907408,0.05527419167335301,0
0.16992023917219756,0.21407476774214673,1
0.3404477846663443,0.5227807195366125,0
0.7792414721600216,0.7947912661556591,1
0.9182981719529228,0.2410797457668874,0
0.32988140946170064,0.3297698919097193,1
0.8474204426036008,0.5965932143848492,0
0.7300996128571576,0.9070827007412456,1
0.9705748879957815,0.14133611694663006,0
0.4857849980353839,0.06664545660266874,1
0.45828063943855024,0.4907238036808612,0
0.07360360426445145,0.3758199238956308,1
0.8150354487009608,0.9620674184009202,0
0.34417351641205884,0.24298618735296262,1
0.8698408869169431,0.06957888798474765,0
0.46539031653376917,0.1798988670332603,1
0.9345672564611374,0.23115452117718793,0
0.32511712589802566,0.09978722159906372,1
0.6886135543257291,0.6584561588040243,0
0.42610002027258875,0.16966461735029037,1
0.862774343271551,0.683836038682621,0
0.24074071574646483,0.2897851151999705,1
0.3461828420926609,0.5514547265977006,0
0.37908580925213897,0.9913042307653537,1
0.7313334064437605,0.991342055926702,0
0.07490099053701593,0.5419609922086076,1
0.9854143291140788,0.9990622137620633,0
0.6433276240453982,0.7346364894835097,1
0.7897889860560102,0.9803246111531945,0
0.1318618861873031,0.0679028805959232,1
0.7012821676755999,0.6857327131066834,0
0.41294695097520173,0.1817741221870861,1
0.8189620121474201,0.517454181121074,0
0.43533843192980326,0.9392569774166457,1
0.4164903912176655,0.6160365783782631,0
0.05155152329885326,0.7959359872125892,1
0.8052092967284069,0.7213347865881019,0
0.5856810218984199,0.8848039691289035,1
0.33118408118816545,0.4848939476124119,0
0.13875819903419562,0.18608348402715746,1
0.9813506136191757,0.31803552589232986,0
0.36991118341101803,0.13550911438681978,1
0.884074893560568,0.6493647131635456,0
0.1428881286713406,0.5238856872653244,1
0.9353750926430217,0.19210102561928666,0
0.3287308567009516,0.11682528072029263,1
0.8360379027493158,0.05087620883844901,0
0.13823707068246205,0.5433743108075432,1
0.9449773892988232,0.2948211909363293,0
0.6338216192246117,0.8702739038591102,1
0.4216181809881987,0.511156706180509,0
0.043585438846213465,0.17849000579193042,1
0.47715376350644134,0.4243529942008406,0
0.5122070684703316,0.9123882785209827,1
0.4865379966683806,0.37285500714841635,0
0.07242002305205919,0.670621324266571,1
0.9022895190105688,0.4377467322425078,0
0.013690571778569915,0.18840987694451594,1
0.6977583007209113,0.6888673118798704,0
0.7739850350662307,0.8670575895559527,1
0.915551910301949,0.4999940470707891,0
0.23249516454897767,0.16722541064091423,1
0.9784129458504986,0.4460444280996395,0
0.3719647038876298,0.23230366454857976,1
0.8889568995908089,0.4897752917518713,0
0.1457659288776908,0.001332614519520714,1
0.27531857300449447,0.5403855459773658,0
0.19115655777835738,0.7793521057270306,1
0.8348975393945045,0.8933813583973323,0
0.26392486340627197,0.19764844985177565,1
0.9147864082699834,0.600657993274738,0
0.6140209985188637,0.8243782525568533,1
0.737997038748445,0.3954354226593103,0
0.5313246698277145,0.05853758694655398,1
0.6087708113406501,0.47260172464654626,0
0.3903650080041947,0.8897022010841633,1
0.810710016231783,0.16271345448743224,0
0.39034106592489337,0.7307067713090392,1
0.9172242380456898,0.5828747301051442,0
0.15256893222444368,0.5187655235729639,1
0.9455142439048265,0.51882489341561,0
0.10956775505095162,0.6334805830745794,1
0.638478968816814,0.4068162614035261,0
0.5456341361981283,0.13162086748961055,1
0.8535447516662966,0.4839314148586443,0
0.2031775113890304,0.12469647057616395,1
0.904963756915443,0.1971853814904455,0
0.09647977291124288,0.20331843763302238,1
0.41140637192860496,0.4559435697696296,0
0.5164303836693497,0.7656321472993453,1
0.8072519054980911,0.0037031734053526444,0
0.22574946523742,0.06526560748346155,1
0.929263976754691,0.10964818786784836,0
0.10583003560866144,0.2528208259754231,1
0.8961723411680403,0.3819398302198306,0
0.06413143563480572,0.1608032812023199,1
0.25964315885396494,0.5060695881272942,0
0.3644403632555838,0.8422492390239341,1
0.8881115917868885,0.34005252328914903,0
0.22430672831189313,0.2605173166526553,1
0.9317226017950374,0.6215476819771574,0
0.44005569408080625,0.1308144322768079,1
0.8583800248960705,0.06540275839309706,0
0.42661463195146687,0.9732064022666375,1
0.4386631696672052,0.4819379408367669,0
0.0874013908467367,0.8762453848752486,1
0.3753407047916256,0.42367940934425674,0
0.7726800696563515,0.8713073479809587,1
0.7540732103629249,0.7257494218298849,0
0.2692126786768828,0.41759855958147296,1
0.7678605687228025,0.6640239729046288,0
0.06266786917946132,0.7990898411819347,1
0.6870392770472915,0.29618844164082925,0
0.07029567145283067,0.9201264579281914,1
0.8936591752570358,0.19553298762923033,0
0.30700935559064124,0.8735596396377264,1
0.819572359680671,0.029358458863880443,0
0.477403545770281,0.27253925086205766,1
0.8099721902577397,0.6181068137020947,0
0.44264936177723635,0.7173209498694678,1
0.29265257300584935,0.5670213946671946,0
0.026568237142465145,0.7691639322018594,1
0.8862208144192498,0.47129406213875846,0
0.024294710511286066,0.23383190204445925,1
0.29953631127327385,0.5151914267055379,0
0.31669006879717365,0.9387874560531555,1
0.9360698553723489,0.9486208366509984,0
0.6815732898561805,0.23971326973522522,1
0.7862122506421555,0.054871061346631333,0
0.006415898360928596,0.7174514522622486,1
0.7085111110862746,0.4684996949309149,0
0.7440630645531656,0.8188976792722245,1
0.7526601206885019,0.7434580992270705,0
0.04780584006045785,0.10159125242401323,1
0.8399045940140373,0.6520749860459017,0
0.4612248142973243,0.28075284194651806,1
0.3582429533073178,0.5271999379652421,0
0.47839963358736315,0.8573918766117568,1
0.9759370891622118,0.41981471323472086,0
0.20588901616115607,0.19790411137222164,1
0.8292296766521285,0.1832520909107921,0
0.07173899489167679,0.9799913729429917,1
0.7720647678359837,0.7246664910838656,0
0.4445004698982734,0.34768295502771496,1
0.5556336938533183,0.3819728570704837,0
0.3347844269408792,0.8028320135052288,1
0.7554388033139834,0.90872469983724,0
0.5381617457526686,0.09713514254149402,1
0.7899380835240254,0.35324695715480325,0
0.13605519543331246,0.3304199851067776,1
0.7610045124071825,0.7406749481935361,0
0.7533694788931905,0.811934839336305,1
0.5976689711322869,0.35852681680859444,0
0.3505974823908061,0.6352074957663657,1
0.8764288758837288,0.44050150429934953,0
0.5324699277128999,0.9462353521663982,1
0.6014078902571569,0.35786827356785356,0
0.6995093032535021,0.20543979715349503,1
0.7213042304005549,0.5104234306052305,0
0.16868360718504094,0.7828090949978562,1
0.7464995839522316,0.921619101922097,0
0.37619644420560217,0.3176852317084303,1
0.9905087808353759,0.4690064684092704,0
0.1647872807626003,0.2824058483476294,1
0.9047879849155281,0.21044098047689763,0
0.31996540192934964,0.19291845882693148,1
0.7839074751563562,0.8765174971877079,0
0.6361931768963414,0.2564149912458443,1
0.8310353577132313,0.4250651288441827,0
0.17538952946521924,0.4905096206506556,1
0.4575133410601262,0.4537669087924773,0
0.304862893581491,0.9213143474325142,1
0.37579804554723284,0.5932439449355369,0
0.301483963716902,0.8425716710439008,1
0.85934334230292,0.5436004844257009,0
0.6090319315591357,0.8918486466281565,1
0.6262153818220699,0.45939392094604925,0
0.30207406671596115,0.8974620556928252,1
0.9204216077228592,0.5534989572772112,0
0.30744824348475785,0.15187123025376026,1
0.7399811606497467,0.55163916161373,0
0.18176634872639108,0.04065799354229449,1
0.9975122884200286,0.4584332846004927,0
0.3069723358020763,0.8270509587589515,1
0.35845243511077207,0.46032936023830007,0
0.3095880484751924,0.973592077185065,1
0.6272053088693287,0.339704615700571,0
0.03590861048844918,0.8184986608035109,1
0.8981210301526109,0.42013869075655885,0
0.11225325492419536,0.15095734370081348,1
0.7501507264090232,0.9849111421933141,0
0.0742563469147477,0.8782494524306415,1
0.7455810042207108,0.0615187656750259,0
0.11917345337999496,0.898893569199162,1
0.37431443775049145,0.466870008752161,0
0.28736425565964874,0.0932190001219404,1
0.9769371625370105,0.2567264690109414,0
0.5235103597809151,0.8040375094338562,1
0.8529032634685312,0.25602125053148295,0
0.2825275477969835,0.7465925811465257,1
0.6215825704452098,0.6900006187576659,0
0.33660048096577266,0.31381456003825636,1
0.8443951930317571,0.46071035567273133,0
0.0679511088375695,0.9075324832898075,1
0.9160575750991934,0.3807297918040372,0
0.6566958199463092,0.8427285979335807,1
0.998231866857917,0.08224030608739452,0
0.6940013649654463,0.7768135493964469,1
0.9005503801485851,0.5510664705490322,0
0.04338861989570941,0.5838468346187976,1
0.4972803277743246,0.43702276196380374,0
0.47426444337701446,0.27519272673067174,1
0.8997118521244694,0.001834449944251304,0
0.6800145523920024,0.12648463834860557,1
0.9735241325429215,0.14667679178360016,0
0.17699893092449892,0.4913493338826148,1
0.8717519541984984,0.13439742916259356,0
0.6014308284748153,0.923201174646178,1
0.7167453917966451,0.6089145706125768,0
0.27134064137398994,0.11920109040293292,1
0.9916514072352473,0.0267962228527987,0
0.09862351294416016,0.0775879770372796,1
0.8655863018555294,0.2446910807147311,0
0.2928276216098836,0.7331572984739132,1
0.8247854757633148,0.9694451053309229,0
0.7286802950727853,0.09818804497701705,1
0.46882838702956964,0.4947866084503424,0
0.5355777353834741,0.12267986356902161,1
0.3853475030336645,0.6034462462642053,0
0.5734427390909126,0.30707300688748607,1
0.6372631071838644,0.4486865491491372,0
0.5228739208595997,0.13801419370289547,1
0.861807093308635,0.1809502937025712,0
0.17478778270941397,0.13837836810423043,1
0.8477349694909737,0.8957037664107096,0
0.1210191148485289,0.9927050470219551,1
0.7100518365708477,0.6487371591868271,0
0.2757329971301671,0.39048326186393145,1
0.5311150607924594,0.006203147647341978,0
0.3019812913034059,0.6964347315875155,1
0.6343882260939787,0.49748206727593824,0
0.5068879149568342,0.20454862970195686,1
0.8491061334837565,0.731586121045784,0
0.04705109121114437,0.34376831933454377,1
0.28586316442991133,0.4387868530375112,0
0.47310456527084865,0.26120055556427224,1
0.3885425612346537,0.4433700186320011,0
0.44950291783281715,0.9141778725940104,1
0.6589675771359728,0.5617597967924607,0
0.00341197732099896,0.6837140353680161,1
0.5578091677470535,0.4843920075803636,0
0.2697363739787808,0.009842569766543185,1
0.850738874537361,0.6710858927027412,0
0.06985116858303164,0.10586543051299036,1
0.8898813996218483,0.8230830102223666,0
0.0673770274782125,0.31899030411679974,1
0.2391315846257912,0.4611242158637613,0
0.5761036005843118,0.17860704866118193,1
0.9715585628252773,0.9358296622104572,0
0.6748788588165986,0.15121589515510436,1
0.3769267963836256,0.5617813511972595,0
0.3726094253467742,0.8155913888463253,1
0.838475143090272,0.8097013859613503,0
0.041232973109888826,0.727777288843549,1
0.5584281806118064,0.3581243191151011,0
0.01514213190780489,0.5100609931461276,1
0.7625162120376063,0.020423816146863616,0
0.14769935723108707,0.9570560586050327,1
0.9824336127905887,0.7858069144298153,0
0.08378974314826915,0.3298461726275256,1
0.9618799004756092,0.03527421172825895,0
0.06906824631719155,0.5765738871916406,1
0.3859315569982109,0.4010281344740598,0
0.42301850032605703,0.9846424776682065,1
0.2275253278925664,0.5295664756033809,0
0.5542937806431318,0.029431436499560815,1
0.9789041186568401,0.3609215024146206,0
0.3369479747097608,0.9687014596683887,1
0.9520774876897791,0.6022313244186139,0
0.35087416077051936,0.677349582856286,1
0.9939332244255991,0.44299209219254143,0
0.45898035953530825,0.6662791517521366,1
0.8244650049126627,0.11231169053088763,0
0.42923395478402104,0.6893142284480348,1
0.799613444418348,0.34013533538599794,0
0.4398512786403117,0.18542774878055723,1
0.9933319413555838,0.8485323742259064,0
0.4749905723007053,0.7665305814463834,1
0.39062680335297784,0.40038525288138715,0
0.28606985556627107,0.9161438114605174,1
0.7611643674387628,0.7285781745040344,0
0.46632089040487257,0.03791379118703264,1
0.9736284422346073,0.8650594585171905,0
0.2836879673309325,0.8164223778633265,1
0.9607160750410428,0.3961527085280886,0
0.2148124014040913,0.19717518317726768,1
0.833427806196283,0.7133532917762992,0
0.5101356300445616,0.17316351046479972,1
0.6289993923349473,0.4499408763807836,0
0.24665716015924688,0.7374618978447112,1
0.8968967853494846,0.34428088566480064,0
0.3816089336207391,0.29008128556653145,1
0.526023785329547,0.47248509955005213,0
0.08113324354325147,0.9182234772670314,1
0.29221573234136466,0.4351398190825263,0
0.08522185639671909,0.9363863406307521,1
0.6808603065282055,0.7049721015097036,0
0.13079001639955645,0.11900499995916491,1
0.8253315128779329,0.002147864758619167,0
0.6908960149995346,0.1672855278356572,1
0.8254198908070138,0.11543064455359131,0
0.26693044153302004,0.2228196571808434,1
0.9944675334464603,0.5526807187145633,0
0.2547199777436966,0.8282992683080892,1
0.9956305480652321,0.9369494988189246,0
0.07250404608358785,0.46893071361653804,1
0.8778829967241478,0.6120848495841028,0
0.2059836733524335,0.5966046734111403,1
0.9737416429257746,0.4358365081322304,0
0.10940793811375238,0.017546985918705293,1
0.5122424549550392,0.5115023521483255,0
0.6985206420006245,0.8721792053301128,1
0.9191917531041913,0.5971961277732004,0
0.7353010762689574,0.7996381515915145,1
0.8722396189515734,0.09683577421596401,0
0.5753333040065585,0.8950606727106453,1
0.6815028763047533,0.39948923506116796,0
0.1922746161576313,0.404158367631709,1
0.7539604669268565,0.05426278937500384,0
0.42613925070436265,0.2854820276087503,1
0.8284438565495076,0.6647418860350619,0
0.6426916237712307,0.22947967864802687,1
0.6335026046917485,0.3810341072681065,0
0.3811330252665913,0.3225961459776807,1
0.9239756568589564,0.2664590511969003,0
0.35181200657438894,0.8769021787273833,1
0.9360678148352853,0.28303048572282186,0
0.0700527384456896,0.8748541475306705,1
0.4052563090176161,0.5803216930518565,0
0.2578458554488533,0.4086237661737032,1
0.25543360271576754,0.4489689046344727,0
0.2849757396551126,0.23851163002973985,1
0.957255536180033,0.17604498845211036,0
0.2219140839352859,0.8338827528224274,1
0.9151409846346752,0.09662883779611386,0
0.24125717715412198,0.07510367885423941,1
0.2857255814216575,0.5320427004549214,0
0.13034033126020872,0.4035072234889717,1
0.2988458100504584,0.5263841110136417,0
0.42517611709195335,0.015560911456643067,1
0.9082523093314705,0.02544281418099592,0
0.36280082983950157,0.8795362048573698,1
0.8433029821510194,0.08462206883730228,0
0.08596489255233675,0.0235528197303726,1
0.34156273480188803,0.4962701081067109,0
0.5804761770892234,0.07362413067935003,1
0.6503737173922032,0.355669559830358,0
0.1296011665079959,0.24889004101521128,1
0.27006243302921085,0.4345776546510536,0
0.12914971511727658,0.7333932214511509,1
0.48192004625527063,0.4292674960547208,0
0.4034023157624209,0.05299525029461083,1
0.5538992103941996,0.4762529793401816,0
0.15058094273210298,0.48794125740811245,1
0.970350996024533,0.1817462011254073,0
0.3801614527864502,0.29711563360767546,1
0.37348872600646366,0.5648303996597156,0
0.1893697698973209,0.2905165991912769,1
0.983831634157746,0.6256416730732939,0
0.4523863239080126,0.05301988629029086,1
0.982177319177075,0.7269492038200925,0
0.02281318860256154,0.1020421937311603,1
0.773247471738144,0.38898896584687537,0
0.14077380444471221,0.6959036282328082,1
0.7751461501061321,0.0004089527243851254,0
0.11305436954888926,0.7667621802640789,1
0.9433505109813429,0.5797289117060035,0
0.13085341645487536,0.5337624704149018,1
0.7457887561225703,0.0011213303693158316,0
0.2879332628949942,0.29941233206004014,1
0.9702015614535822,0.5039864903351389,0
0.303188396681944,0.9410786345311737,1
0.6621562310074545,0.6181007998606697,0
0.7412191481394005,0.8821510364619944,1
0.9413222376376766,0.3637417168822138,0
0.31023332208751897,0.039638435212707934,1
0.5997444637936653,0.5838565233498632,0
0.49173529703162877,0.31673892148337845,1
0.601107055017637,0.6009280829930593,0
0.563788136461439,0.0553416682509833,1
0.9706592333963797,0.272903476410435,0
0.2620933511009913,0.986985527063274,1
0.5323810867749469,0.45567404328106886,0
0.08617197756083284,0.1364442017130908,1
0.5551594849619481,0.33959548467798817,0
0.5854153949751411,0.9644944073210423,1
0.8768846086852665,0.6921929202593119,0
0.42215483259793574,0.9536918253451269,1
0.6028524835033311,0.385986465311293,0
0.7636312398424897,0.8522596381010614,1
0.737459875742561,0.29417535407892725,0
0.10502248035304584,0.6247890649323566,1
0.8553503766950777,0.6417617416185272,0
0.41634898471671056,0.24108326111334122,1
0.7260677516148796,0.28701085220989286,0
0.11433851714547194,0.7054001654429193,1
0.3454761266044939,0.5163934019410589,0
0.6909330282375803,0.8464806250117815,1
0.6054939044672807,0.45136905746089595,0
0.34187427416421357,0.8807154685951558,1
0.6985633940797312,0.33557736948965233,0
0.014633040848220924,0.9499356416746005,1
0.5727963103854014,0.48077917087506805,0
0.32060810756759894,0.05776937940257232,1
0.7959431203659031,0.43588063323401305,0
0.5774240083319169,0.09551366205179879,1
0.9592406518009129,0.7049187966892384,0
0.42944613363349027,0.1164325449079805,1
0.9476516636716844,0.5091850909952685,0
0.09122505691598837,0.02367403281246394,1
0.8384767302462542,0.3510438291664817,0
0.2515663808104841,0.07805529864075533,1
0.7225989627653392,0.5496081248489625,0
0.37740426276339933,0.7965912734415854,1
0.6384749148408179,0.3954681365738921,0
0.14205427749623634,0.6251064033550675,1
0.9813879263229827,0.793385496840594,0
0.09040822697456063,0.6647841474898323,1
0.7530051449184794,0.5378079060647558,0
0.2028526507582623,0.4606385665018946,1
0.5229405547493948,0.4423742595191319,0
0.3944049607578971,0.9274554155717948,1
0.8611006533597224,0.41001433118196295,0
0.35048585688550404,0.9305416703243943,1
0.9747020925190364,0.961296919164827,0
0.13374990905065298,0.5308139808016341,1
0.41628810874780575,0.44775412881768784,0
0.1321215980745286,0.9367381983363473,1
0.752771077623004,0.22925030216814257,0
0.24825451092921613,0.2687312819382234,1
0.9048840591176052,0.6880798997926798,0
0.6639254199702008,0.9104496221971312,1
0.7866667336537998,0.5426049765460935,0
0.5726140653875492,0.20621571691591734,1
0.7197017056875157,0.6787721932960095,0
0.2271179259489874,0.5930096032202183,1
0.5528619558959554,0.37855703437953214,0
0.1713356082195855,0.3779163607539078,1
0.5647835281859117,0.9876810199042281,0
0.539119577132934,0.29279603663897924,1
0.6204485012628683,0.4959777612719466,0
0.5529835334104516,0.9555520341195067,1
0.8501583798540414,0.40815220179567013,0
0.4874888685585982,0.21508244410398547,1
0.698048853038814,0.06189377405663854,0
0.3171926392097719,0.01526092648325783,1
0.31914414954361836,0.4920293374564588,0
0.15879440612939755,0.13754209930541017,1
0.878222121185399,0.6769958880571312,0
0.10288394294275649,0.9260115968089448,1
0.6953850257186013,0.7145632698929468,0
0.3036807734446988,0.2328525734432665,1
0.8137840224396089,0.2476468526058545,0
0.38924278144358126,0.6968556243732456,1
0.7499117623170964,0.48871149231358857,0
0.7204304917048482,0.19467496462678757,1
0.9479823095759906,0.2566952240677768,0
0.5284161973403474,0.7483199724115087,1
0.4296961898060724,0.6239265156286413,0
0.00097211203582237,0.0948023242422188,1
0.8312774409581648,0.7980253003850254,0
0.4125474863428972,0.7083933831095367,1
0.48159975394013854,0.5803268026384502,0
0.5048625985030585,0.8839097657375387,1
0.5939552890243579,0.4915397779771947,0
0.15094028429376227,0.016788164297312558,1
0.9410536881225122,0.2402426988284181,0
0.4418123594843768,0.8694868709093435,1
0.8311238960710375,0.9079501989204021,0
0.5068523935239827,0.3145534518383172,1
0.49405792320086717,0.6451894502220303,0
0.35986628363564066,0.9919216553023888,1
0.7305134498639164,0.4406010458686923,0
0.6350134276730447,0.7879883597991376,1
0.9368440449554452,0.8282427269963561,0
0.3354772081506996,0.9736020231662892,1
0.9744828106373338,0.359090957961145,0
0.17406449292894588,0.30118413437434477,1
0.8875689546089982,0.8619715542307758,0
0.21767834103924566,0.5432471124386147,1
0.4587254699457537,0.5617412713032186,0
0.06480776492706886,0.6703754202470993,1
0.43182601828225187,0.6378522954593696,0
0.35987246187034816,0.36963787101171297,1
0.9235187995122378,0.4484445654149698,0
0.1089899575806117,0.31996713334368965,1
0.9691925886295525,0.405980558943413,0
0.36876302686579554,0.8494770327747105,1
0.3184368246805299,0.416921188487299,0
0.43055644209683686,0.6699412043994428,1
0.8304961543243505,0.7581952294436111,0
0.21663948951446488,0.8109015089819773,1
0.939592896099186,0.8940071491427972,0
0.17432442634674095,0.23571556035756291,1
0.8101750344585454,0.3294323871294921,0
0.2778896011167774,0.9363170215108433,1
0.6515442825198737,0.6780629272024838,0
0.5518385477084092,0.7804140713554241,1
0.7447869593181359,0.2874457970668468,0
0.462300190537304,0.8232854850678606,1
0.7595526642664838,0.5827949476821902,0
0.5330258449238262,0.2865430650347416,1
0.5896758222333058,0.3870830632742488,0
0.41658880129350817,0.03432246407385797,1
0.5501261247867347,0.516811808982547,0
0.20620557699980469,0.5234118592152441,1
0.6532012018046258,0.3140931720584419,0
0.6082862334149639,0.2917295925985085,1
0.8848898567144309,0.8802550522073841,0
0.10070661329929764,0.057022136888502994,1
0.5228648073728276,0.6631933007761363,0
0.4724713822307085,0.8280004386130367,1
0.7350199290354793,0.9335285262677869,0
0.36245264734267113,0.30139781656694964,1
0.8807118108685031,0.25023108171944153,0
0.16882345183644487,0.7265688824968515,1
0.7423247802969802,0.509413847680814,0
0.2771225301659307,0.9967514645060541,1
0.4489346742507281,0.37471481828919806,0
0.009462279177166022,0.06540953044246389,1
0.443655456018616,0.4347674714461456,0
0.10248418564891992,0.1543997947357123,1
0.546342213053315,0.5473948387069871,0
0.7583729264988573,0.12697394341682944,1
0.6556948356637368,0.4623580972661083,0
0.19267281184668816,0.8452374457632972,1
0.662699419666347,0.43220629826872714,0
0.3269868788479997,0.26770546956877694,1
0.6894013869548491,0.7066962155221554,0
0.6698782709978307,0.7343489848704724,1
0.8943759509693195,0.9338107557785387,0
0.1145333555893917,0.7442405400798231,1
0.8933166020243425,0.37562103635208344,0
0.5031423743672978,0.7859389640506895,1
0.9397219920025287,0.9822777700144905,0
0.43488206517503225,0.08906013170002514,1
0.22818849081370352,0.49057418063219227,0
0.0007584603123726996,0.22293858739989592,1
0.412485915780915,0.4676816783442277,0
0.7104308295593872,0.9149450534345036,1
0.7451205181642387,0.5586495054877408,0
0.13390045306663745,0.2741468049242609,1
0.29590053601256905,0.4693966586633248,0
0.1359290500640875,0.5978243537013237,1
0.7986102575238369,0.9368421528144801,0
0.31379729658084343,0.33910766939570425,1
0.437690825375302,0.4873675671960678,0
0.46895942741240093,0.7759769473079439,1
0.6963017745582852,0.3107847237843637,0
0.4541656941889921,0.7176051253485823,1
0.4301990814330101,0.5565072899934834,0
0.7795255359792362,0.8591374724876686,1
0.6325226618400274,0.5976194982208916,0
0.31515398559259067,0.3416481675609977,1
0.9420073074969364,0.5150620993259006,0
0.2799737680787485,0.8027239735361711,1
0.3914326860172841,0.5520573767720574,0
0.2754650562949016,0.863918313193362,1
0.8363412451162837,0.7338852584572575,0
0.6770673995775819,0.9063287201371674,1
0.7722032474463758,0.2802984945358479,0
0.26501195209318706,0.6684259447770765,1
0.5735956578303638,0.6210437308340352,0
0.262175019348619,0.39925516281699414,1
0.7949147137703586,0.5496710997157073,0
0.20104359463842936,0.3584922119802426,1
0.8458374323885577,0.7978385498105264,0
0.05580725936867026,0.23823142798400665,1
0.8873733898378365,0.34655198965816325,0
0.15827226846461828,0.10766009171087909,1
0.8571922116206666,0.783132851973691,0
0.0790902104023602,0.8595568406135922,1
0.6948856188869076,0.7251500880868769,0
0.6923337329984217,0.879984114872109,1
0.8983425148955014,0.5325743254226611,0
0.06852530233755516,0.07256625963325869,1
0.5138305002082473,0.6671703070049252,0
0.0767121518333761,0.24926291480201057,1
0.8537532531633786,0.32527842669078333,0
0.24860061966290237,0.07442574512220923,1
0.2442209632761666,0.4720906530124547,0
0.6647983374869556,0.08272369859328554,1
0.9918504422605806,0.30036197386435026,0
0.6410687279008375,0.2236746754534913,1
0.8493596550787126,0.5680136423255059,0
0.2463578942681991,0.3219441425840168,1
0.49875945347108697,0.5917583220969318,0
0.23224120219322308,0.11529574102337148,1
0.7065101292909091,0.7236040226705003,0
0.3272586894829731,0.19898689781230372,1
0.7757434533934361,0.6646864730900445,0
0.45650370278474006,0.9072805370072411,1
0.5819808669013725,0.6791203717522974,0
0.6461497307253786,0.1559170547696086,1
0.7002796070534317,0.7104856400496664,0
0.2559005850837456,0.08576309806894988,1
0.6511995778118296,0.6390582699515924,0
0.4527008212602196,0.7489306469558009,1
0.5114663490912482,0.43712350509726394,0
0.20982693204093772,0.0755457109021278,1
0.24538687149589733,0.5580059369123096,0
0.09584352859046352,0.3847674341503885,1
0.649779197166798,0.4638771189088733,0
0.09385532527024576,0.9760861021989488,1
0.7098397148508092,0.6180777505382151,0
0.17227034155176058,0.7382346862139548,1
0.8191928859450941,0.8491591809063852,0
0.14599082897989446,0.9421094884627951,1
0.5701605348122302,0.5160517454936392,0
0.6032366560738477,0.9611829359247019,1
0.43007294259585205,0.3724530680562933,0
0.07779166220851741,0.20543731666539333,1
0.9834318214437318,0.5461945736017808,0
0.5734177618643029,0.8605840678347094,1
0.8539263264892788,0.7404688029683023,0
0.548097136215254,0.07147941414516723,1
0.9726297974064232,0.9937664844230216,0
0.12710441169885833,0.8428515492720023,1
0.9070386194864962,0.4739309961357019,0
0.3058221673206698,0.25998815993698277,1
0.7132618554331878,0.5866664360771313,0
0.6020572724993553,0.8514801599472756,1
0.4944372779641656,0.6062972422526569,0
0.02354088942044441,0.5618496053093538,1
0.9743647442328234,0.22569116586832205,0
0.40506760734110014,0.7821513673792779,1
0.748064976707237,0.7090938025438474,0
0.5732758487375819,0.8559662269264628,1
0.7541722185211787,0.8982568158387342,0
0.6827595280434317,0.791535080998836,1
0.8976847194729621,0.2544991593036001,0
0.19771904055555256,0.2873869872552932,1
0.8228358446476278,0.1808421769582732,0
0.38162680875017796,0.06682277535948888,1
0.8959923875882921,0.2834893634364113,0
0.5951296386832312,0.04837453799148017,1
0.9277957839821015,0.6561032575343511,0
0.03103561828735968,0.23566251095405788,1
0.7893814327882372,0.39638449424937305,0
0.4161051864092382,0.9917375431114814,1
0.7764221707111764,0.5354318629912536,0
0.4114623100676492,0.07872238933562747,1
0.7512169275682218,0.2940028479387685,0
0.284970418854924,0.07669167067420857,1
0.9962307429930806,0.0007280532272827545,0
0.3612025729354865,0.37976614484700444,1
0.8487393115008303,0.2369940198101318,0
0.18992713954116025,0.1917843572130461,1
0.4660887813896202,0.5190076134724683,0
0.2793638765698726,0.42091958773166727,1
0.9821339466881989,0.22944012980042328,0
0.48568331224541994,0.3114383735681875,1
0.20633098132295769,0.5102359062762635,0
0.17888639913656945,0.1969911973745223,1
0.9455821791780802,0.6544994557564939,0
0.07598245689235672,0.2139137715519086,1
0.9293490262143771,0.026265982507173047,0
0.7745166486729456,0.18655520508774437,1
0.6659797888308533,0.28144333922938713,0
0.13930943906268622,0.9854983831944423,1
0.9378297256184541,0.7841371465702135,0
0.2414958201300963,0.8970747103486955,1
0.8096357539526876,0.573709386746531,0
0.38219890916353516,0.9854891044818468,1
0.7068146474419444,0.3341088625609805,0
0.07856614290835162,0.8400521297217938,1
0.4991088356557324,0.36603206552881584,0
0.1683722886868847,0.8978645752779171,1
0.8190037212366374,0.6234336861802273,0
0.30498487049978673,0.6511794959127108,1
0.7198783601783277,0.03967356974775271,0
0.31312401440285376,0.7679024531370129,1
0.9071897044581332,0.9922503674714905,0
0.05578975984358703,0.035398367248835494,1
0.6719572178759866,0.31737977642841764,0
0.1758080157794233,0.3712605420425129,1
0.5067031725106572,0.45505025269666877,0
0.6655806245744775,0.09569224376667762,1
0.5705551807013942,0.362003216735887,0
0.0009246899596834224,0.468843808751084,1
0.680523094145093,0.2871728615948764,0
0.19114722312672683,0.8019880609784676,1
0.9573360999971113,0.0681798881850868,0
0.3943260336234251,0.24786623497125504,1
0.43856937739717594,0.5865370613058323,0
0.10508873585477607,0.43251971547737367,1
0.8086734186589469,0.06285979141455966,0
0.2668297071153781,0.24407277395442684,1
0.8011548113638673,0.4335216796869088,0
0.3927146642250916,0.7786107827730457,1
0.9743236483802519,0.3588893731378713,0
0.30924457057219157,0.33141402037745127,1
0.9701230914604502,0.056819810797328785,0
0.1908097832473602,0.07897832296046747,1
0.6540965531291749,0.5083628961826548,0
0.006156500809776921,0.33864739697634816,1
0.7147785082416015,0.6840594540589336,0
0.15344789644392887,0.12683184111221946,1
0.7413015423220357,0.027711833298449173,0
0.5425024271748028,0.8816050994183585,1
0.6470586272546508,0.47371450013785643,0
0.7217457562601415,0.880903846631506,1
0.9921782610504533,0.9683936129832169,0
0.30614908909236005,0.24561819892985426,1
0.979191168183512,0.17445365807127244,0
0.3678745273472811,0.6507542158610955,1
0.933990252041853,0.581025994848616,0
0.07574007095507085,0.08456579296573685,1
0.3526999847798984,0.39016383497189466,0
0.20670593612187438,0.27281020017700697,1
0.7889864655814648,0.025898954428800636,0
0.3279913609269107,0.8669424577910394,1
0.9438189299052704,0.45183200887334685,0
0.2651456438183617,0.58939146957349,1
0.777239380693754,0.11012175646857703,0
0.46763511211162956,0.2962582541649711,1
0.8133322150983908,0.6080205001380493,0
0.5023602676089433,0.6854449932232936,1
0.85054202831292,0.6631488092461745,0
0.24091899125095673,0.2740505543108258,1
0.3072146305683595,0.41303563695090306,0
0.46652206084132153,0.8704626863368164,1
0.3843390181599564,0.5457695619523575,0
0.6481725229969476,0.06281332472467616,1
0.8697603178950006,0.6186571352405335,0
0.6289395730355118,0.9210437454543599,1
0.35833520276048914,0.5697975370347892,0
0.06885410466432773,0.5346658854229541,1
0.9703210924043443,0.9509750322671087,0
0.5840365868902375,0.2886058761942609,1
0.3044133092916188,0.5109013879700762,0
0.25827739583645637,0.5932248639203773,1
0.45259558208707296,0.4033140095848071,0
0.46487883082402126,0.6966500697446255,1
0.86162881440785,0.3991252406008252,0
0.4884017215103791,0.2461306058042072,1
0.9354051800646465,0.2693998866785945,0
0.7209948046240199,0.0988090224106215,1
0.9866089414940417,0.6764147165814212,0
0.21154324526071988,0.10874092579362094,1
0.8234905203672115,0.15398507254455207,0
0.36471022927717145,0.01530023145344872,1
0.7368095229561706,0.4542589054613698,0
0.07897851770719588,0.3203949742164164,1
0.6286849408775284,0.49895323005281267,0
0.5599256913342583,0.2152243269244355,1
0.8912612570278462,0.3881230733967067,0
0.1827496150321587,0.23955032174572333,1
0.7483175765163324,0.24949122015386815,0
0.4946727732832821,0.7314410706635923,1
0.9694821664019,0.9003177753723144,0
0.06474496341432734,0.6163973940595273,1
0.9910011871114381,0.06713483704970014,0
0.4073045600332835,0.053746822767219316,1
0.8808521220445172,0.9140575252256306,0
0.7053243680237815,0.8889114783328832,1
0.5895576032152111,0.5815410931317552,0
0.20281226562296484,0.9341715236942617,1
0.7405222322657947,0.2984519168894706,0
0.6197911101193783,0.8705446246136441,1
0.9850344180360872,0.12043908779182155,0
0.6278078341996205,0.20951629763792778,1
0.8375197793513466,0.6217177727086906,0
0.42390527980291615,0.30929972577431986,1
0.7076620994437891,0.2940516433782716,0
0.277291767230309,0.08675914887980951,1
0.9299526166577858,0.3481186168815935,0
0.5707138915336591,0.07249301390858076,1
0.27811609906649737,0.505499761829836,0
0.3351178622910739,0.11485810220731119,1
0.8204234360236962,0.7485198614541795,0
0.518136210264328,0.038183584387588065,1
0.5565650994536594,0.3769954630231106,0
0.7497838171600724,0.8630341076876198,1
0.5500952160054426,0.4152211046953018,0
0.40701026173939037,0.34666637182638704,1
0.773713362933244,0.4129107703380549,0
0.14022418208426224,0.10702905418092545,1
0.3177352905131472,0.5060376501817005,0
0.6439202160858385,0.8775590678938842,1
0.8823711553282587,0.45841259565546155,0
0.4455057397627875,0.727808587470051,1
0.4624507390337732,0.4824034848401044,0
0.1048699935078724,0.9772153870205138,1
0.738927989250591,0.7369766621995109,0
0.1375254035021839,0.3549407717325024,1
0.7796169925418324,0.7427548088092109,0
0.2908600499999,0.718628334127852,1
0.784588923590287,0.02225304746365786,0
0.7192547579448559,0.17361309083437038,1
0.959696919169187,0.44847229365766894,0
0.05415032788459195,0.5664617276887683,1
0.7863285261676549,0.4157000184817493,0
0.328812888714353,0.7363209263756547,1
0.8510028542778278,0.19549271106808996,0
0.7688681447697973,0.12442749650575013,1
0.2989441296468952,0.42931491150779877,0
0.20701493705483998,0.027783046087396346,1
0.9310293583412368,0.15353943116742919,0
0.11830400512523853,0.8461471528356473,1
0.9473334143769515,0.7288729630356593,0
0.15424727978220465,0.8233174141856695,1
0.6996747769590186,0.28650250835124547,0
0.3741367493192065,0.35542223331706324,1
0.8663303595445515,0.3148847971916824,0
0.2531474935038599,0.9717715768422133,1
0.7984023653469823,0.7871392055465617,0
0.3518079714341438,0.1764699728451259,1
0.3541487542760591,0.5050230187594393,0
0.23283255481798248,0.6291731300835012,1
0.7692949752592576,0.018904189234710267,0
0.691914164724741,0.8917076966902667,1
0.8567320081767502,0.014985834123700137,0
0.28735005636589317,0.9843341328062734,1
0.52901208703594,0.4610523971324111,0
0.6567235536976718,0.08026064831636814,1
0.6352518165650146,0.03227563873717354,0
0.6286340070728577,0.16207492883933605,1
0.3936018082852357,0.4074625697049712,0
0.33695696891380233,0.3155341929747981,1
0.9482786305117993,0.4328265467992365,0
0.2956427414577165,0.6829031404037229,1
0.9689331566227127,0.2843950801887354,0
0.7895504951759517,0.15508905759192992,1
0.8515528078396278,0.33631724659523177,0
0.2560556532724432,0.17138482666044574,1
0.802772264920653,0.5034978667746137,0
0.04334675529405496,0.07463905196094733,1
0.6978551078350416,0.7008429670428419,0
0.7844985781356061,0.1671435540586994,1
0.4865711962016498,0.47078661863457305,0
0.040874276964419476,0.04395432882523875,1
0.725393635433583,0.9840043411931143,0
0.02829745076632717,0.28212439078478435,1
0.8447686512777471,0.06613706829779054,0
0.04888462822955009,0.5097856573552012,1
0.762469253032145,0.6591904167091964,0
0.315937652398916,0.7441141240933048,1
0.8616782976004093,0.3749978945067566,0
0.4752958385418665,0.7186035674430084,1
0.9091455866022741,0.23808417806249937,0
0.32234091365969586,0.16170409874343739,1
0.8478357342982381,0.6428748219714725,0
0.3787842077124062,0.036807785121393266,1
0.7775131249646317,0.37687125162457724,0
0.06064884472059251,0.5992010035141542,1
0.6802731809079313,0.5406843693323042,0
0.23914854410180608,0.8450922646648534,1
0.8340391561934576,0.5394673562173327,0
0.3283998137248161,0.10672571453569402,1
0.8712674585136359,0.4840409622403937,0
0.5404263695534797,0.22345120093685755,1
0.45233434170757003,0.5520793571506226,0
0.5556839216654711,0.14263399792022813,1
0.8103372510498316,0.13285460470254384,0
0.23023243784948644,0.7097281280716429,1
0.7153859769949521,0.9199185726902833,0
0.1004585470817847,0.6313707143020294,1
0.7908474594892289,0.9838219745579472,0
0.6862510862636804,0.7800260245496569,1
0.9386157927155576,0.11708315638691547,0
0.11222377207178968,0.7962522277416709,1
0.6828608900819586,0.40188012643453275,0
0.1941613936734411,0.23569465747707308,1
0.8326748371391391,0.2452593330843994,0
0.018328759285989094,0.7307488746085824,1
0.49713722610984645,0.44348569559207396,0
0.08903204884674343,0.3840684869575999,1
0.6785529390843271,0.5386950610300163,0
0.3606922073804876,0.6429652691532189,1
0.5331237347823654,0.6263674302665063,0
0.5234983526162341,0.214992090478353,1
0.7946281892942695,0.4825784751712544,0
0.4549998697399642,0.32661555575684886,1
0.9367802418988318,0.653787556634834,0
0.3950754633069623,0.6820847419544429,1
0.888706956828126,0.6005542938560762,0
0.7627160784728072,0.1828606061145701,1
0.9397329795332945,0.8832169517551667,0
0.2013889882916059,0.6588007971163679,1
0.7408925789675205,0.9364041122595768,0
0.5660671462869233,0.1849129646394979,1
0.8810050050873678,0.9411973757060933,0
0.6240820618447058,0.10063088069077597,1
0.8552732122316772,0.3429529649127815,0
0.6025061740138027,0.8770007672972397,1
0.5754681611486175,0.5585168492679949,0
0.37924959940457015,0.012445261717050737,1
0.8028257508802877,0.7631202198064404,0
0.4179537347583624,0.2062430258670025,1
0.9091937896180259,0.31269444143094915,0
0.24114923270138,0.9978597802315324,1
0.6560400307818459,0.3286456401036649,0
0.465377926185503,0.8937387439923602,1
0.8853708692083619,0.2693982030980627,0
0.4635105406887673,0.6862140209943832,1
0.9899398776470754,0.42124900014909195,0
0.15242785883345789,0.9097724531610996,1
0.3858836864701526,0.5962236197888232,0
0.20143112957842912,0.06474833141007452,1
0.7400572136767644,0.4139591655652418,0
0.21949909429070258,0.9457935149326722,1
0.6912804797993667,0.7314611623529662,0
0.15615808539390785,0.046943544782069746,1
0.7078574601422691,0.6568346297587814,0
0.11548553462274158,0.8994756863958326,1
0.3013727833952048,0.42092677747368235,0
0.019667495722750394,0.45779481041566494,1
0.8152564014009297,0.825032147378652,0
0.561146668882072,0.7357630372950956,1
0.5176948745032691,0.4706950040885005,0
0.5097081744485773,0.22893535064411363,1
0.951590793595214,0.6080418371043398,0
0.1242267163954256,0.8237119250377182,1
0.34380063509870906,0.5900125310155657,0
0.6649375958101056,0.7319579955866409,1
0.902974850947903,0.7138152792669322,0
0.41051370064153014,0.26101888125237904,1
0.8466914491574301,0.2925442436478599,0
0.2747122232806646,0.8326954435100623,1
0.3364762514935644,0.4775026925908381,0
0.29560119359937553,0.3847668099618886,1
0.7877464525216761,0.28739489093651427,0
0.3646238642563001,0.3794386472873743,1
0.8080085038256533,0.913874363099996,0
0.5273723491566198,0.29779217827293636,1
0.8964278998726614,0.499724317339457,0
0.28482188700085875,0.6831901310719527,1
0.9231213302942152,0.9585980819480475,0
0.09662375034472881,0.04977036165849369,1
0.85985914138863,0.11172174442110328,0
0.2640392750463846,0.16924595919630647,1
0.986388306296723,0.9193889900155958,0
0.4742472402278439,0.8340038997088015,1
0.4235631698054838,0.6302919941531226,0
0.054239664408193944,0.0631109153154843,1
0.7791961113245771,0.33699258068867366,0
0.2784877615964768,0.6447465623179985,1
0.7938412166662083,0.3328735110713871,0
0.3766101170562849,0.3445391525253153,1
0.9268717964859333,0.18592264881425058,0
0.2452559008901276,0.8457830527601067,1
0.9847937703963083,0.6362121980458089,0
0.6075663386377903,0.8518606326304248,1
0.8081515665985572,0.6469471845635391,0
0.7288896411805736,0.905001981938915,1
0.33464393037446327,0.5991695484584998,0
0.37583091805977464,0.06331687642246031,1
0.9082567251478373,0.7615594722820338,0
0.038197388590358594,0.003997949672106982,1
0.8141634480772706,0.5466498535885713,0
0.290654360437576,0.9602852962450408,1
0.557885894062154,0.3882940249735516,0
0.14652741307674066,0.6619201508811231,1
0.9006124385814828,0.7388409801511667,0
0.2770994595074945,0.8551070270241495,1
0.8863029221551116,0.0888563660499817,0
0.20398075173472496,0.5287157447024662,1
0.8576338406403085,0.5814718269664494,0
0.45462094067367687,0.832833258344316,1
0.8878514422602389,0.9281666038045995,0
0.3862105431566213,0.32333120039620566,1
0.9953793868072437,0.498903479283738,0
0.514254064902571,0.022126716744079844,1
0.7782331873443257,0.24394419784768984,0
0.019708055921507817,0.4875665292621033,1
0.9400233691387067,0.9377454019411972,0
0.032773635531115786,0.9117003181946104,1
0.6156455260488753,0.9804309987653149,0
0.5023187913174441,0.0962029001185114,1
0.868023948458684,0.9830607633036748,0
0.4530881407963172,0.028090813563150574,1
0.9885892752768353,0.8365796013842552,0
0.39015121372657313,0.20265081238876403,1
0.7726953242130207,0.23111160763998062,0
0.49816720307355955,0.03240059271329254,1
0.887382857493538,0.576359105115842,0
0.3847596948682849,0.6831655484455335,1
0.8317211905603663,0.17790325712069954,0
0.029006995746652886,0.7424947099689029,1
0.8338254413715955,0.8660369197997788,0
0.03992242535248469,0.4698361432011281,1
0.6432631054115905,0.7135011722236553,0
0.13811461183051954,0.6723518684226508,1
0.5888085103481074,0.4971050970905069,0
0.2812463174131018,0.3603050932863622,1
0.9484511361112249,0.969133189845875,0
0.20252373682916547,0.08564109243401696,1
0.688089142081527,0.4667324981055272,0
0.011447887454238526,0.8174987814885727,1
0.3305973309736533,0.4067975560249065,0
0.05191248063002962,0.09921871598068532,1
0.9255286928696596,0.15301472031006036,0
0.3524948981999956,0.8436307185973019,1
0.9370616877150508,0.626557579530416,0
0.3973898941633438,0.17442235107218196,1
0.996103521752083,0.9504735485844119,0
0.6570739992695648,0.10368563810402609,1
0.6881819694541597,0.6058086440976937,0
0.015800148378180556,0.22150136148345545,1
0.7548628924500645,0.7396857032282318,0
0.6226891789369361,0.10259916464982632,1
0.8388169911022577,0.528538090087231,0
0.4918473645038376,0.15304602999347494,1
0.8061053176757144,0.016736923824914318,0
0.11369948085769921,0.6874267706221505,1
0.6940045182906879,0.4572033359668922,0
0.5960304646358408,0.8509225552718481,1
0.46249249334561715,0.5083954036066087,0
0.5861213125360777,0.86333643455486,1
0.7770811521618585,0.8999788063048579,0
0.1747450143027064,0.34264093135368034,1
0.8039058589296667,0.6334636254090028,0
0.5187247491675823,0.748554250803355,1
0.365393548752016,0.6048042935565768,0
0.20628941730251604,0.31150296215093176,1
0.7631768639647104,0.5280315512086539,0
0.26933039680971904,0.6811745004995764,1
0.6792867696017999,0.27010350966942087,0
0.3690500979099105,0.1824926160481044,1
0.22191012275598143,0.5262820099399671,0
0.5081739433664492,0.8269119068149506,1
0.6048835844430204,0.5670963301035288,0
0.692777489096487,0.7518375071311986,1
0.7041745435317569,0.9360128639603859,0
0.6312512641147214,0.18869944831383878,1
0.8165781556006415,0.8262224091283585,0
0.16145766528527694,0.25317343549695903,1
0.6039480764006879,0.9987796970112581,0
0.5756574575119393,0.9039678808274607,1
0.40439868375717547,0.6253262448593713,0
0.19567603865887717,0.6393304060549068,1
0.5767212774235361,0.5836527136329164,0
0.04601310244583123,0.8438812030343694,1
0.20986833251674852,0.49580089886849,0
0.5914039427230275,0.8499008988526041,1
0.6008986739013584,0.6356034650699608,0
0.06884396099343759,0.5147936939213461,1
0.9764746062334171,0.561288605255443,0
0.535760322739582,0.7125945943191908,1
0.6605287784345812,0.586440044648355,0
0.3455370448076768,0.8717501551932224,1
0.8536869673096132,0.5016142977480194,0
0.08552269311480398,0.8460842966145549,1
0.22947606018605982,0.4921780605207098,0
0.4131560793379784,0.7277750832060882,1
0.3654427922790472,0.47343683397235925,0
0.3980768822239277,0.07225142140075502,1
0.629163119575591,0.2891671736633805,0
0.6415524969246471,0.07945230734858288,1
0.7721427822366508,0.46354987492133426,0
0.36868343983982876,0.2981455049647145,1
0.7715947700987941,0.019149963531117087,0
0.25449142824452375,0.9880373925767371,1
0.647888186224225,0.36299297322277924,0
0.5036220215738613,0.2340397439252404,1
0.9227092105700822,0.5706363534550818,0
0.1774626168915957,0.8012480625715108,1
0.67208836644029,0.7078416553454193,0
0.47529950921882547,0.9213011298369477,1
0.639099267345839,0.43759246718791944,0
0.3323418350202253,0.2084327397460468,1
0.4978767332707583,0.40258414795359143,0
0.002780922256184537,0.98281905423657,1
0.9927085661756411,0.9359628334254589,0
0.09246547397117566,0.4494661428588832,1
0.27312489458041966,0.4446411552126964,0
0.4630736385777331,0.3212313410679444,1
0.7277294213068574,0.48159695693992477,0
0.03795076043580348,0.0871718150292281,1
0.7341523156901782,0.06398399572094948,0
0.41453336918071193,0.2707768714209994,1
0.82283655536683,0.8925426895187478,0
0.20768278887331626,0.15555701969384417,1
0.8297718527890071,0.5931863000567051,0
0.4082076742128966,0.6666294472292145,1
0.6919121096475218,0.5960597506642424,0
0.16657890228240935,0.9896003203862916,1
0.3524534024626843,0.4295945604258906,0
0.19800754164990497,0.08680670521890677,1
0.737929449998923,0.9652891654667916,0
0.11967108010325744,0.276843288632019,1
0.8916011163526252,0.33606379461253,0
0.4769395750578814,0.9435248177622558,1
0.8750860434001704,0.3302520683399913,0
0.5588695539017066,0.2946891894454279,1
0.9520134938354592,0.832195413930566,0
0.02290162486470726,0.1408997614187003,1
0.27786236891744576,0.546206442464253,0
0.537982658065304,0.1942035583723637,1
0.5369006355267827,0.49471493187973803,0
0.33877807091363765,0.7098482084848913,1
0.8214251777856241,0.15195672953684625,0
0.5062743159534363,0.12141277025538388,1
0.9736709078473436,0.5312857747861994,0
0.0260226759122546,0.5328938911591377,1
0.8811320473175506,0.6987675255772451,0
0.28816827804500256,0.6555750471418095,1
0.9813505998257179,0.931654867466758,0
0.09735794570489442,0.7414364745996735,1
0.6063273263484019,0.03246876344060412,0
0.5992942253969428,0.26794663655847684,1
0.41996624983259545,0.5876153043454353,0
0.6168019054623582,0.9489162702614148,1
0.7720216515443619,0.7601766709115206,0
0.15044798155142036,0.29338482407109456,1
0.9748518488689769,0.46532052777718946,0
0.25076445265536684,0.24207081104266892,1
0.47108320116469626,0.633454589606096,0
0.19333204625172673,0.05692899983121391,1
0.40266948110225353,0.4214702525896702,0
0.7877431601941883,0.14298777870407198,1
0.6115901608413795,0.4202471320043434,0
0.5097072078755559,0.06040236018004319,1
0.8783065946810965,0.8351330393214298,0
0.08614182238049761,0.34230422822641504,1
0.8258831672890479,0.7131292362480732,0
0.14075449676628338,0.014865559338799184,1
0.5695123748385188,0.5773642194554895,0
0.3276693465624033,0.6564589728609967,1
0.7671920135756267,0.4319951165007587,0
0.7670717272579254,0.12481130858761402,1
0.4964316510977641,0.48522219504150865,0
0.32632945386097056,0.24504125693856593,1
0.6987247260754973,0.6996847437868196,0
0.35442041302887484,0.16191157678315815,1
0.9721159714579001,0.3394702451058864,0
0.29558148081626057,0.30297033099201875,1
0.9662414226679583,0.4860852665980363,0
0.42491156631313787,0.747053809071188,1
0.8700201080450932,0.48022835765130767,0
0.21970554606973547,0.2626437831930697,1
0.908350747302717,0.9217728962294425,0
0.3535821220683627,0.8130140206353867,1
0.7932241468860544,0.5530412658704505,0
0.6795397923634927,0.8203667288648495,1
0.7653881631599901,0.693651417900502,0
0.2383938247232067,0.7890252886002106,1
0.813618365267177,0.16446439991049722,0
0.28026935929547825,0.26767004368963865,1
0.9127216173977546,0.5079135933610911,0
0.2468141053292806,0.9533365521976812,1
0.6621088453479684,0.7265557798276789,0
0.4462413690216578,0.7672283531672367,1
0.9046823102892367,0.6032797343130528,0
0.6246587455145276,0.24410358340632765,1
0.7652389523276224,0.9175919654007496,0
0.31105828368496224,0.6978965601605241,1
0.93066475423178,0.7510621381593623,0
0.3926542292936387,0.24686023261963275,1
0.5981775811750171,0.6986582818266216,0
0.20422988254956131,0.08806533475601164,1
0.3713175030432324,0.5099834804512472,0
0.0541127869033472,0.18892542569515436,1
0.8269913438811509,0.18140141302187018,0
0.5025885426075808,0.98513420402891,1
0.960368724834979,0.2001888734431595,0
0.30291225434253344,0.10883839229807557,1
0.7301317858938126,0.6037345071477456,0
0.08612588786301778,0.12381685632881367,1
0.5449523551689562,0.6377712724596698,0
0.11490879296015777,0.8144993752998891,1
0.7866595477106937,0.4251449016613501,0
0.02432945038750023,0.6692152010955797,1
0.44779638859092974,0.4918356581868478,0
0.22112155750279217,0.709895693143787,1
0.67976086563641,0.2972353239566179,0
0.247391380235369,0.7850088387550751,1
0.8215954131748993,0.42588907511981744,0
0.03210504314126417,0.2142676684123126,1
0.8727305344731692,0.17746911851180913,0
0.2782022216113509,0.13005866079585393,1
0.7179677268493855,0.2803107432342017,0
0.18945773630885043,0.873006200937797,1
0.248552389239989,0.4452146235482285,0
0.0683206956563841,0.24731081264070975,1
0.7303645327254595,0.06810614718881403,0
0.006866027012340181,0.0891700805855834,1
0.8342123325068976,0.1296457868874733,0
0.0386333670837814,0.859793967337899,1
0.8959560044864526,0.25392348669360576,0
0.7760597962820219,0.20802872512204496,1
0.9124541855635376,0.7720610487288309,0
0.2740041383363071,0.9044915824214753,1
0.7902076412104961,0.8835559832810871,0
0.29672884832890745,0.29826330034852655,1
0.6174578856646646,0.4398281711042221,0
0.104073534142885,0.9148243553790081,1
0.9643851383600022,0.30386713048717595,0
0.17981978952925326,0.805882451980302,1
0.9231527230342081,0.8819063510422178,0
0.19833574111738472,0.6004686779607447,1
0.9927325592648486,0.37311022562101326,0
0.3750316987739366,0.7606694579801181,1
0.7433858241924213,0.9217362898049878,0
0.06888276487614575,0.08375246373630685,1
0.45862608153826456,0.40085016937024587,0
0.5217653656470451,0.8043409587929353,1
0.4848312147687307,0.3684594601232636,0
0.1498496651245521,0.15901296456638558,1
0.7269472037292578,0.5692328933409082,0
0.16979514318670752,0.33599819583624435,1
0.8222557161566612,0.988421913882625,0
0.34036007549748204,0.2347184020760691,1
0.7635295832045598,0.4997491869955888,0
0.7871358032443342,0.8543116521352753,1
0.6109929231957674,0.3192535933311835,0
0.4158800717856591,0.9589317721100917,1
0.9438494146478675,0.18676632783841607,0
0.02324178200423299,0.5905921598037813,1
0.7726875294880423,0.24842541625669956,0
0.5428274297041612,0.2091066789417092,1
0.7051804147917815,0.044998976462114704,0
0.019678631459364992,0.10358474895318037,1
0.8704467802889991,0.7567960701289244,0
0.16543532717168297,0.6190015863175826,1
0.8543745968816157,0.19921996969118538,0
0.14999970010421848,0.5478934161341233,1
0.7477547118258416,0.08247499763636401,0
0.1724371768531765,0.7649632402749442,1
0.9196322563243046,0.6297804411527635,0
0.02897234431932172,0.44906107596256883,1
0.7228502355985474,0.542801940228692,0
0.16222966507160363,0.6873581602023677,1
0.5163641652751105,0.6262769380097879,0
0.05616750524542791,0.01450699869363814,1
0.8979709345191936,0.2623525699201549,0
0.043468635253460786,0.5156865435589575,1
0.692050678465506,0.3781645288784369,0
0.11985766563677347,0.8607426046488814,1
0.8227280660569728,0.9795937883379868,0
0.35977514359934826,0.3148868430010421,1
0.7697675908930273,0.45923455968006666,0
0.7432028046870205,0.820471185787327,1
0.8718342723224128,0.7188526151800148,0
0.10811247878490671,0.4642865813131982,1
0.801248798436507,0.051180178190446735,0
0.5840945116562954,0.9491046858852713,1
0.6559310298306267,0.6018680060947658,0
0.11713526502395222,0.6330935288403842,1
0.6451325439199438,0.9525107706352656,0
0.12981558831150797,0.9918374413448418,1
0.4649497854754777,0.5713879095786847,0
0.28150754101108155,0.4012137063098542,1
0.2486382827706538,0.4621390955307709,0
0.6999749929985513,0.8479657798047143,1
0.4969660914969545,0.5948999798467097,0
0.14383606628549872,0.5392490678734414,1
0.4944086047645597,0.4132563826426907,0
0.2211998636128869,0.677532809221302,1
0.900721279507114,0.753939427836161,0
0.7355372755223814,0.7626999183871735,1
0.8291931475376586,0.6320836256191639,0
0.26115626014737736,0.30498438599609834,1
0.9831544453877185,0.559598109708155,0
0.5354383943355292,0.23911470817485214,1
0.38298452308493014,0.38384183407022154,0
0.5432466248071827,0.31628783172672237,1
0.557705647191057,0.5221278174853453,0
0.3196630560530084,0.9224936499950873,1
0.7423457453338521,0.33644686942051183,0
0.58024217854223,0.20203336468444766,1
0.5968131774278758,0.002534264646644413,0
0.7433660945626709,0.15067503979010666,1
0.9728225063911334,0.7620072823580458,0
0.0041031955363904915,0.7523808899077831,1
0.6851010015720511,0.7052493227944233,0
0.45194120743238064,0.7459787836686227,1
0.6058110379973648,0.44359163732391726,0
0.40367485809236925,0.22372663670559712,1
0.8680789064953768,0.8796659556354504,0
0.6112516212525267,0.7737531112613975,1
0.8594351875956793,0.5606940318262058,0
0.3527279414193538,0.23777003947889896,1
0.5502499145738463,0.32625401534658693,0
0.5043047217022233,0.10492414635685565,1
0.600419184761,0.4731899924270614,0
0.052101973511750166,0.8480139133364246,1
0.6396148903324823,0.6210756949218889,0
0.443675419124554,0.2297239051218507,1
0.6877755025620838,0.3558012664110982,0
0.26813581641389983,0.9377009386838627,1
0.9847860540150774,0.05364721187168564,0
0.23167114324900429,0.1621803690717163,1
0.5671451088893386,0.32011992191632865,0
0.23840311651776058,0.9568355339418251,1
0.6920582269233139,0.2645284546109534,0
0.07552728403435016,0.40158589753416074,1
0.9718149844336018,0.47231413176891224,0
0.6133878294826898,0.1825853826654823,1
0.841506278553982,0.24467626658738206,0
0.320222067233924,0.21683756417267197,1
0.792049159861255,0.4050335749097197,0
0.07925568151142959,0.13621065157709367,1
0.8663292138481934,0.8717944950703345,0
0.05375445141268442,0.14110879055222225,1
0.9414850977559198,0.6991756232214114,0
0.24466785911748112,0.6039047425667075,1
0.808979437350905,0.4180005759593348,0
0.5989034594506853,0.7437972750362655,1
0.6656805722108041,0.36147340136149364,0
0.2938119408707799,0.8522846172369182,1
0.7047698329050132,0.6192724149435884,0
0.1971005053667465,0.5421474912380261,1
0.5751612605009473,0.016096409637516684,0
0.40073318300408434,0.8255027656249001,1
0.9421131129559874,0.975164213367558,0
0.68127058269713,0.12382195576647714,1
0.9079993712320842,0.8799347224404448,0
0.49322581123562426,0.6819530241419173,1
0.8982879368228819,0.8930852007071167,0
0.750826573188357,0.12057399029068672,1
0.7525320477645454,0.957917212890786,0
0.45257244218702897,0.7371471744166561,1
0.3330773667615943,0.5136753279754948,0
0.3679334854889116,0.6991262294827565,1
0.7052256663555446,0.02590018013598061,0
0.16518112904250704,0.6510627358687495,1
0.7593480933000653,0.964240513990293,0
0.0024982944177386335,0.2120085807290275,1
0.9090373859224862,0.43503679158558695,0
0.25859106237939,0.09608462272192264,1
0.41736247468944176,0.5774239984410875,0
0.0032802524487272056,0.6034799199668964,1
0.9832461269003434,0.055709807445543325,0
0.28941721493931394,0.06830812182352064,1
0.2827217459080784,0.44529362236035575,0
0.07266930906686786,0.9614008850847509,1
0.8334654342153845,0.36668453792802413,0
0.2116125917096333,0.009757579799315907,1
0.7475757539539317,0.5711745895500312,0
0.7497990654604735,0.8709184899361931,1
0.32275554740740386,0.4748085976470392,0
0.6610697161156737,0.1549755867818985,1
0.926176801535862,0.9285338790353629,0
0.46273280172425146,0.032049684223529495,1
0.5075869710010539,0.6143598280284035,0
0.22211259148113072,0.6589470294218572,1
0.9704021520513227,0.8875115342672764,0
0.14781714134374624,0.5487932860223166,1
0.8409986704145298,0.7591643606676577,0
0.5511699355522671,0.2962254016839705,1
0.5497690836932766,0.595714685632003,0
0.023433346031852098,0.7396661941529208,1
0.8589085731524082,0.9048296626970501,0
0.23110597758171114,0.09724868593721969,1
0.6120019838577581,0.5087166538618126,0
0.3152969267172925,0.2846280708648582,1
0.8808328767366819,0.6568287388341474,0
0.42218008516025196,0.1403365173971568,1
0.8356898065251298,0.2939485331074745,0
0.059243432896246784,0.93503183750836,1
0.9824662051412164,0.5519083893066945,0
0.45711654492951614,0.31512471903666617,1
0.6911795525545157,0.3995560482090035,0
0.06929151477962037,0.9139134033535152,1
0.8371746747559171,0.9643322138470747,0
0.24960723287518094,0.5737383010515277,1
0.8429727836242056,0.4168074024230253,0
0.3189883191286168,0.3877502118383589,1
0.8320262848666095,0.28864306898737857,0
0.7465815605063224,0.7731166827923998,1
0.3993899427945,0.45893283039475075,0
0.1597822984387801,0.6251852723681592,1
0.9296773986159613,0.27966713630352935,0
0.23193927996279795,0.699636474106795,1
0.6114233905800853,0.5294569258800838,0
0.7065063199485168,0.8841924006526984,1
0.898389936346759,0.04681234299273718,0
0.2228985793434909,0.9307846243807938,1
0.6463106077300291,0.425668657410073,0
0.37156395232744077,0.050077378181646925,1
0.9321206397183629,0.43322001341775873,0
0.1308731552728417,0.8254151535350953,1
0.7634393004664761,0.4427138127860071,0
0.5022383446868169,0.2862554357926341,1
0.6306847883229044,0.35570771588999217,0
0.18908137429234706,0.5993917329968556,1
0.951875438652783,0.706804465871887,0
0.5173636086896324,0.8967062898497727,1
0.5942713190644647,0.5530652788822774,0
0.641810432421621,0.7564274534402599,1
0.9894689570672724,0.3189643203106888,0
0.06575159773575834,0.043933534136511354,1
0.9903995529468451,0.6062412703778444,0
0.5421490399966216,0.2906338707878314,1
0.6597940454337795,0.6852935140026877,0
0.2478872391975251,0.0428466618105815,1
0.7085589125054251,0.32444538477858986,0
0.07157042484601284,0.19213946153057548,1
0.6370826881558751,0.28727660861243276,0
0.5514008141819907,0.07837307274673233,1
0.9813134420455011,0.2159105027000272,0
0.397356842468345,0.8324952402943261,1
0.5750775561008808,0.3376460760582817,0
0.26756159413494973,0.11388547838591401,1
0.7769508194772082,0.7521806992663185,0
0.7360315586758645,0.22470842299333726,1
0.9565679550187325,0.3293792113938092,0
0.35439843891246103,0.9198410461455298,1
0.5636641010953299,0.33658773078097737,0
0.23966720268679298,0.82920385638718,1
0.7545345975641549,0.39643919430846075,0
0.2099766570470274,0.17125620502488925,1
0.6762845025134516,0.6046333446145266,0
0.2891343243683365,0.7811091229997668,1
0.748601003854764,0.2700560086050493,0
0.06812127638862508,0.10758098294724383,1
0.9988797574509971,0.4293408045354714,0
0.7654439307169062,0.7938746934977244,1
0.7872007823175016,0.5334637430497239,0
0.752645923636518,0.8376541486643254,1
0.9395499649210114,0.7984828678817397,0
0.20855787130150172,0.2563903771772654,1
0.7153073031573962,0.998053716713123,0
0.05390274052698918,0.45002668841394566,1
0.991118384526836,0.3897367457813201,0
0.22861662820010586,0.8972139364743971,1
0.9033628658863943,0.3234889760744565,0
0.3146062134608225,0.8216155064283559,1
0.5138684225328455,0.5582467376128671,0
0.20846094263471115,0.7441934501484012,1
0.8115021032758383,0.11610955720194271,0
0.03019463461691574,0.23413209684021707,1
0.8364058095644079,0.39279764950318075,0
0.4523757975348882,0.8245612553624739,1
0.4706982572466004,0.5220117631494212,0
0.3786426944283162,0.6674099315234073,1
0.6692545127325447,0.9369189260931301,0
0.4133385852731657,0.7228767595596314,1
0.9603638687565226,0.09238729247405963,0
0.6337507609260974,0.2335239307508138,1
0.7276197550592107,0.41903553360028967,0
0.42603822446824924,0.996870329979263,1
0.6477099375053785,0.5811598627050547,0
0.7406246921800707,0.7838745797823691,1
0.8999098313697567,0.6110820406220813,0
0.5079710032431504,0.32734474827527704,1
0.7632246306794104,0.40463948935995575,0
0.004949559302365625,0.17140246215731314,1
0.7501499990945613,0.386965491530458,0
0.4338591478365814,0.09028160467696111,1
0.6861890749570725,0.609158427814601,0
0.010558235230496371,0.6437415146158192,1
0.6470800934918268,0.5122152343224002,0
0.4551653747389339,0.9467626660611751,1
0.9745016928012907,0.6416676728618055,0
0.12981542593450912,0.281617335903672,1
0.5711585809084676,0.5431121628551053,0
0.4124660444507543,0.9098851369678017,1
0.9602585558214602,0.7430291687094192,0
0.25004763681413045,0.2593071310619329,1
0.9116560526200791,0.49702564112054237,0
0.08570649136622877,0.1471665028739071,1
0.41137444395401623,0.43660095296397017,0
0.49334532423137767,0.32259297364733486,1
0.9846950005068759,0.5433937857532484,0
0.4069694486088208,0.11814447595284794,1
0.8427410738531812,0.6897261665985145,0
0.004186386408005949,0.7392174428574394,1
0.8053037572945931,0.13125877547216658,0
0.4606556368337905,0.24231075158852033,1
0.35027197472361893,0.5567957069585785,0
0.6515601814913177,0.23833153924799388,1
0.7836523829339972,0.5785104036131609,0
0.21366235222070518,0.1363286026114845,1
0.9978246770099285,0.39528325889781046,0
0.02649440792215796,0.5620534714422476,1
0.5100919102688284,0.5092356721626975,0
0.4623387084738001,0.2896847825389517,1
0.396281763159812,0.6010360725788937,0
0.7052861493525938,0.09246043792694092,1
0.5687372982538237,0.5388728219985028,0
0.5149089569973619,0.22725613162955682,1
0.5997415744026428,0.37674480250400566,0
0.15353870416905446,0.7660614393780044,1
0.6432870726362583,0.3638549754479531,0
0.4606798530625549,0.8789361409580907,1
0.9952479333505088,0.045036075494022776,0
0.3355870602530725,0.7037878224815044,1
0.9250947727140129,0.1967401819118234,0
0.060991931210800376,0.5643598648957454,1
0.9971256660442943,0.9566285504183826,0
0.20487761923992376,0.7754471652923648,1
0.6199721015556501,0.6674021651293595,0
0.2615882602110068,0.8876565211134724,1
0.3173441232556866,0.48937333337107114,0
0.6167621898921515,0.8377232254351727,1
0.9084484480921267,0.15202371625033906,0
0.2740593591246986,0.6874742462513487,1
0.6623992268332578,0.49314227742132954,0
0.29906727742731576,0.5977041454570574,1
0.84565068860603,0.3401860311096242,0
0.08381810846889381,0.8308354038809641,1
0.9196233074336572,0.9109018034590628,0
0.6170884737823902,0.05823362454153902,1
0.8935774386212227,0.2856264871760552,0
0.19839161623660284,0.27132582597953037,1
0.8406686801552081,0.26261495845521354,0
0.46415447191567827,0.9172456990165451,1
0.38951272719952656,0.5346470141399925,0
0.5415846510424289,0.9809099241044015,1
0.6980243603146573,0.4400677095326766,0
0.14698093233562737,0.949239759954619,1
0.8718752053102842,0.4241307346083344,0
0.021638344302920665,0.6677075202674583,1
0.5848057413906088,0.46142170073260147,0
0.1396246560758021,0.3443792448196281,1
0.7566500547624684,0.03065068386186709,0
0.49623762486528133,0.2226400022525471,1
0.85026735579097,0.9227228020375567,0
0.2636665006485892,0.20946448435224851,1
0.8067051716930785,0.4737997168315662,0
0.18812398566440514,0.5421036408300133,1
0.9384114179484488,0.19377958078122914,0
0.4204987950235868,0.9684189217116643,1
0.39175750505482076,0.43934838868646053,0
0.0023376515161847022,0.6275961928084474,1
0.642351655958295,0.4255562973644962,0
0.40245831888500105,0.3679264806987028,1
0.8552864844816344,0.7277664510746192,0
0.5596480969858223,0.24801078847242364,1
0.7946095931899532,0.10433115393418935,0
0.16445331907913507,0.8939877859852683,1
0.7412319145896711,0.6918427902081418,0
0.1948820783874159,0.6104489553104591,1
0.5318972018045568,0.6387745116494662,0
0.33493614863620147,0.9030013634534311,1
0.6358972339605594,0.7152573835385647,0
0.0233633853088564,0.8178226142537934,1
0.8557786986238088,0.0542930183700443,0
0.3225000081504278,0.6453242196464889,1
0.9852028026405828,0.008767324489166728,0
0.1467041884136805,0.08949978017545435,1
0.7356238392837098,0.6313073061485258,0
0.39374937818984224,0.08744730152891145,1
0.8922746061915413,0.33068644922331314,0
0.422375745635993,0.9901214717617416,1
0.6714314556390182,0.30402945277781024,0
0.34562580093644635,0.1402073354204414,1
0.9829433676230606,0.01492817902587762,0
0.3181111186421779,0.975798379953818,1
0.28385343148963416,0.4716717761025764,0
0.16447932438174795,0.2468298972542402,1
0.8227687949524245,0.8057013255864035,0
0.17635313619985415,0.9740641331637533,1
0.7201359451731535,0.6948058177608926,0
0.20439657968758618,0.925391970245816,1
0.3022056066043918,0.4982616944361551,0
0.03155422292003218,0.7813479586635198,1
0.3942408206225352,0.5793572672543769,0
0.6209164705817075,0.09199473478996723,1
0.7813174232426626,0.34451180910081114,0
0.23813548283283503,0.5541880632174873,1
0.7028270209436409,0.6753776967591056,0
0.3445462344475445,0.1356680024228114,1
0.9899926888359699,0.49887928885927424,0
0.4281068005001203,0.1829394496632537,1
0.8143343475788347,0.1911124854543863,0
0.0850094039587782,0.004173586193423007,1
0.9133253041834434,0.5768928442700921,0
0.41895917344112643,0.8248485654450319,1
0.42347838168519036,0.397730075180583,0
0.41299137908780503,0.8229735510251012,1
0.8291892975906768,0.03669941314868408,0
0.6888662382283023,0.7447604055342403,1
0.5692586870402813,0.42315800509883417,0
0.40415037497078443,0.9761223709639683,1
0.8866971089404234,0.2387706153812078,0
0.29279566947678737,0.05246994877131661,1
0.9691117083800691,0.683896511652948,0
0.5556357048449109,0.24668254966545466,1
0.8874807631351606,0.919498347667743,0
0.2661314307551238,0.03797721048801239,1
0.28193522815818495,0.5718558761561917,0
0.09386425014363198,0.4923814747472909,1
0.799644746224759,0.7647743211621929,0
0.2658808643535462,0.030775352562644964,1
0.7678493864286475,0.619067018257545,0
0.3441873733559295,0.7092983255504499,1
0.9586184447101929,0.4810322318250939,0
0.2726850456622878,0.09368602172976737,1
0.8611996492919007,0.8323498317865542,0
0.7501858885252576,0.8163128053118436,1
0.8448018181700034,0.6227262889356727,0
0.34109138528641636,0.3696076627760726,1
0.7996697310199646,0.7635521447502847,0
0.4220235622073939,0.8191529202895497,1
0.9435025674355816,0.4102348350756153,0
0.5631806339972109,0.07693471580083677,1
0.618560669723826,0.564688451827652,0
0.34345753923543587,0.30038922961431147,1
0.9365703610928519,0.5679922683111774,0
0.36184930819647565,0.03504354630069717,1
0.7304397402660147,0.95366524584243,0
0.41563862704139876,0.20423275896868354,1
0.6610754273695318,0.534954201570062,0
0.14067021272295555,0.13302460485107426,1
0.7077697734656713,0.439539331691585,0
0.24771723203548224,0.26305243284091373,1
0.9417868209190261,0.31234335052878726,0
0.1422948484504476,0.775656170472116,1
0.9867794341192924,0.2423651979522924,0
0.06060385936861035,0.22339031313896196,1
0.5635720965206107,0.6535527888720722,0
0.31664925379755116,0.9311678729834872,1
0.976425422806476,0.9080217059591116,0
0.11879200738293227,0.5748286413020851,1
0.728434977253115,0.5697669384425486,0
0.3280565972378937,0.07234661964730926,1
0.7640868750363068,0.4476902220602932,0
0.17989111896345533,0.22983324626801727,1
0.9660926708460978,0.4356955172002458,0
0.16357839031236376,0.14990280054215,1
0.25273954280451705,0.5255709714416528,0
0.22840152242140876,0.7195130794992176,1
0.8921195745759027,0.6534255285582253,0
0.6390779811030437,0.12944279336692488,1
0.9830285331332677,0.5369323738512171,0
0.5478453860626392,0.7883641675109989,1
0.5081732604352939,0.3770726638416617,0
0.6665466937281339,0.8617024448918801,1
0.7580014032554152,0.291765000447628,0
0.09416722320823978,0.2047145668671192,1
0.8119614050468333,0.8253271692092016,0
0.534720954985091,0.3111806890343852,1
0.8663009174714911,0.1804786213609456,0
0.016966111308168386,0.545940231429298,1
0.8288964273652437,0.9682139651461671,0
0.42109061932126246,0.7731161191754465,1
0.7511767626674781,0.6835519852782128,0
0.36990702322220936,0.8478085327313257,1
0.8099984559684674,0.04253599402946451,0
0.6341797853479475,0.9230224040787679,1
0.8736920252854091,0.4372413678148125,0
0.07439625397156935,0.44491641712180374,1
0.8311433549943591,0.5591410130295729,0
0.283684382112138,0.5950352555458337,1
0.935146352888306,0.896506155383333,0
0.1529280747923626,0.42059577108070445,1
0.6581386583524423,0.6545969716557087,0
0.4090685475448488,0.3175492757784104,1
0.8325129320749339,0.9964030692869829,0
0.38977313345685416,0.843969726187977,1
0.9044137781385573,0.6790069820573637,0
0.31808823898368166,0.7324757103537205,1
0.2122613911799368,0.4822639050683917,0
0.24488665192466763,0.321954726438882,1
0.9370866923831747,0.9060143886323314,0
0.4595882201404031,0.1538609468735358,1
0.42401594181542646,0.6384749535328059,0
0.32204604507753687,0.12353370270317265,1
0.9600799270755943,0.999746375403097,0
0.566920538348244,0.8454204115048543,1
0.8060777033099663,0.40908478356893685,0
0.058541880428015,0.18934363736711535,1
0.4352142222840646,0.5747296791525289,0
0.6878235787972915,0.9133350806006291,1
0.8303113176256474,0.0049167156218183905,0
0.46269870969510085,0.9641837250868884,1
0.6376857293761234,0.9717565761937004,0
0.3425918584136277,0.13120738503956464,1
0.8740672144226441,0.4837961278924481,0
0.1693510225647148,0.4528412879131942,1
0.7859317167798835,0.3589526234614415,0
0.32625923342368424,0.12488787210650265,1
0.9745554738868929,0.48287763903946546,0
0.011217033146071365,0.3733931972533192,1
0.8167759701457228,0.7614712550108239,0
0.03131456691001977,0.3855880482236935,1
0.8827324622236921,0.31179026159600076,0
0.3089769609005222,0.7519370633775082,1
0.9213477845646094,0.38358908572457984,0
0.44702920747610964,0.822007200366933,1
0.7541494436738638,0.9682401275894107,0
0.19280768721001007,0.8764173486939301,1
0.9773184166573059,0.5330112760786591,0
0.4085984398700149,0.12953930835666483,1
0.8596697409182362,0.7786251866840326,0
0.2560318653022816,0.9021254681191444,1
0.87221529275326,0.39398074436740416,0
0.21782653030089605,0.2780610918912072,1
0.28987590817622255,0.4526610209682047,0
0.0683224505228015,0.8670395477807261,1
0.9704545205397848,0.27425389125383104,0
0.10868626821654948,0.043712273244925326,1
0.9351191061942707,0.317372916436528,0
0.24114301433617702,0.11035864055289124,1
0.9021867119886237,0.9866258679314821,0
0.6041116829475133,0.19028787434612648,1
0.37964653671860904,0.4203590275597924,0
0.03609259467202863,0.5734976962523605,1
0.9629532358736241,0.5411316454670578,0
0.692166785551471,0.20616342947629673,1
0.4531634825801649,0.6290560518092865,0
0.013092181952423232,0.8121479259912604,1
0.6060791719219267,0.9704252978269782,0
0.40379163686087904,0.2533426854582074,1
0.9429967433308727,0.019888627544278115,0
0.11341383164466445,0.7159474062435984,1
0.9936291913836162,0.6502104519522605,0
0.4328443398161317,0.304124439895486,1
0.7101997183769129,0.9564476576702968,0
0.5683995092716685,0.6974572256325395,1
0.39008691679036755,0.6143255002102326,0
0.2574477778119748,0.11319169775733684,1
0.4044161840125283,0.4795860669012374,0
0.017702300906046742,0.7531005516431368,1
0.9167057276760031,0.24010087913899392,0
0.40861250887212097,0.17162560972254315,1
0.21474221177188035,0.4776478456615404,0
0.7016260877221124,0.09522790514893065,1
0.5002010100049764,0.4994979779090788,0
0.21624617262203982,0.21600008210484145,1
0.4767219919945732,0.6428479961395855,0
0.5927646289388028,0.9230326553626161,1
0.33793655201803585,0.5794319522080491,0
0.12508947112990065,0.6732332298031903,1
0.21211364334344118,0.47874759088166385,0
0.6233283767869908,0.7389355170096492,1
0.9193565838271042,0.2003755433636868,0
0.1810673373431987,0.689489077887072,1
0.944242676348703,0.2571857514286672,0
0.7949820671471586,0.18527897199030396,1
0.9535075037058932,0.8984087028951213,0
0.29980313758969535,0.05527449733398215,1
0.9576513291326588,0.4910771661855263,0
0.3651770433585486,0.6717425384084953,1
0.9453437301133726,0.6947280166650122,0
0.5747063953236228,0.7188346796696539,1
0.3634773888903735,0.503000859117266,0
0.2511692271557515,0.10423320353415733,1
0.6740983235329852,0.47433476623316306,0
0.5301954732925288,0.7224690458811819,1
0.8700128487974672,0.3235896785295609,0
0.35562251823822844,0.30316442406286404,1
0.6813280367282022,0.6212911272289781,0
0.45350417246609476,0.23739229116289973,1
0.9095478102155873,0.1797313165367863,0
0.0751127530321164,0.722083552904272,1
0.9833552949444511,0.9458496950588714,0
0.1953622492177145,0.22846274213957907,1
0.6673601416300798,0.4482368770112005,0
0.4094864751254774,0.8795257297903252,1
0.9712690787362105,0.540748538857792,0
0.23073446364958472,0.004770717776817146,1
0.944414580998515,0.6279904229411025,0
0.019762735947417398,0.1386654137132476,1
0.4553048672186337,0.624439940837785,0
0.5617375647859937,0.821657434887872,1
0.9841471832683389,0.7617437561194087,0
0.48185169100851477,0.19569317686145704,1
0.9495047925344922,0.11826658286967184,0
0.5939832450380579,0.7224987974371111,1
0.6548413420386938,0.01831208318161781,0
0.13543339591435832,0.6642604472060265,1
0.8293056935190096,0.9078823347253238,0
0.7801511172827541,0.7951380751348278,1
0.9703695230481294,0.03531802186985844,0
0.010385982614496081,0.0011692709804409507,1
0.9430921325330559,0.6829991199217248,0
0.3191832830546977,0.8707067742546264,1
0.9752370587510852,0.5290971385516439,0
0.3578703977541057,0.672585287649072,1
0.475064791954788,0.4622628915001158,0
0.6279069285257296,0.7648185539394645,1
0.6892574550280264,0.03351201908166668,0
0.03115340464375771,0.5653544557939265,1
0.9869671773766531,0.7352927452264225,0
0.6015388405291001,0.9296317124425219,1
0.9217093483892208,0.038157451530751674,0
0.22887660207024063,0.4456799446798897,1
0.9589830314587552,0.789763340444982,0
0.030039648987045142,0.6388803499450364,1
0.9751365727907078,0.8732601929210669,0
0.6060666487736431,0.8460843327679909,1
0.813412083709055,0.9975562281836461,0
0.5808863337800625,0.26517140926977945,1
0.6426793817571652,0.5560649293641334,0
0.061674069960822475,0.4688032175288178,1
0.8749484083294566,0.7420611374237246,0
0.26467258047806275,0.8064558377297781,1
0.8997029839132736,0.9662178449638934,0
0.12203510685188723,0.5666709093186436,1
0.8321836607164861,0.6743118532319065,0
0.09717147780114332,0.8748684139136521,1
0.9918164499837745,0.4779447459763082,0
0.12582875749691635,0.044430092489693984,1
0.40952843975740494,0.5930097079016255,0
0.12173499678239852,0.753372157717688,1
0.7738918332887706,0.5654214904871276,0
0.14668645480154008,0.19334216882218191,1
0.7680228313948445,0.6033970564658601,0
0.44832379116742427,0.7964121848429412,1
0.8642775395126797,0.9576551442886403,0
0.2440221854604382,0.09678583970893362,1
0.9523884990768269,0.09879016131929841,0
0.17531167250234936,0.3513407025584445,1
0.2981553834564067,0.5557027898976313,0
0.5222316492041491,0.2531441035685865,1
0.7284331665184022,0.027915448345549376,0
0.22100869528409428,0.7946988399675897,1
0.632145335920749,0.6559958545073836,0
0.3285441011028457,0.18547557731525255,1
0.5565306424592703,0.38499521776278867,0
0.6830452030563456,0.9084226193573003,1
0.7933315383988863,0.795576897730669,0
0.6859718539209223,0.1897553090493359,1
0.960795598284937,0.3185865750663839,0
0.7332208360180509,0.8527589933967408,1
0.9933766044094539,0.7079559109420557,0
0.5734199690768381,0.1886125699276704,1
0.647689739015007,0.6305819440178244,0
0.12821856851537938,0.5229788133980816,1
0.7980044619188219,0.42844061905159025,0
0.04201639544230362,0.16183713814050016,1
0.9336786691674357,0.8822282320257449,0
0.6657865805930144,0.19948740473039206,1
0.6291672560833961,0.4892191068054712,0
0.24426262530720178,0.3371882277657442,1
0.9011185508418316,0.7981390872937663,0
0.30737488732141205,0.06070333013504936,1
0.9098563104043619,0.6742795790344165,0
0.3653919410289339,0.8121202814544138,1
0.3925582279004606,0.4287775769979104,0
0.09390189621511047,0.5983681030097464,1
0.9467375186827074,0.7532501885965709,0
0.45125477774162215,0.29081082821780213,1
0.6848755960850857,0.02879924995871841,0
0.15064707349498208,0.14155775060927434,1
0.8332227660669228,0.1694428983365468,0
0.3899336545628599,0.2863229751839015,1
0.9701929810494407,0.06620484192898834,0
0.6394526474716622,0.9399451247280549,1
0.8288727366456865,0.7891906241739914,0
0.6546344301177595,0.7646753414906077,1
0.9362831273385771,0.2870340737080628,0
0.21205600241669953,0.01577368663719647,1
0.7794143030946317,0.262411340433216,0
0.1531533820418266,0.6561077304787386,1
0.8170523390202232,0.9978749318332049,0
0.6249404102492438,0.099705818462548,1
0.9052765660754102,0.09011619142230887,0
0.2143219385574069,0.023078717261110215,1
0.43664700243696386,0.4633468091363794,0
0.3974075795707478,0.6349688636265758,1
0.4452334820317826,0.3794848201745592,0
0.05558878517058241,0.03265400859015799,1
0.8897929945320734,0.35651914174392896,0
0.4452306905495692,0.6529663559327721,1
0.7614568001475545,0.24460201310129093,0
0.04059098451901633,0.6717483562584725,1
0.6082375271493952,0.6756440766267772,0
0.5836446480209158,0.9582850050332363,1
0.9078534817142572,0.9819639005351972,0
0.5136950402313862,0.19682381606883137,1
0.4977134104293419,0.5022115728497425,0
0.12575845757510218,0.43245244779097225,1
0.5161129334999779,0.6067336544403479,0
0.3113226879527886,0.9424705185658571,1
0.8299496064388558,0.6476057469169323,0
0.5564487213310708,0.7842273436309928,1
0.8523163697165301,0.9499604691982546,0
0.6538454034594063,0.9347149536020667,1
0.777459722748115,0.36253994740943163,0
0.7268176533910365,0.1665419217669607,1
0.8717908679557587,0.9177046146062181,0
0.5669774416227876,0.9427926962736883,1
0.8788564755456354,0.7433368716619809,0
0.48543890645394583,0.13284937053630708,1
0.8822390872270469,0.5979718974437753,0
0.09643079516934816,0.6445712705592754,1
0.8786429002710313,0.8934035978303029,0
0.09230201253304526,0.583975507433484,1
0.4233164742967783,0.3768750336551052,0
0.4784418920703991,0.25077732745291514,1
0.49485239353082533,0.36555026567712545,0
0.4240556322147204,0.9261093242724312,1
0.81746718902378,0.7553260944958438,0
0.09439239365649177,0.9403198152257144,1
0.6951335098439935,0.34627828362398405,0
0.22374270755597547,0.6957442908870605,1
0.8214190153829926,0.8157217693786878,0
0.12350558816768142,0.8091123910399068,1
0.5492520882679269,0.6478704125145467,0
0.3011219412070344,0.5936347119632004,1
0.6751938658342004,0.28043912026761286,0
0.664035525229562,0.7489673909455152,1
0.8129967406180354,0.6601804279032821,0
0.4040335953872817,0.7978830108555539,1
0.8875662311714088,0.5972950504147997,0
0.18045313937057983,0.5792622487192565,1
0.9465041117887514,0.5015915234627344,0
0.6310313947778952,0.2726311361707797,1
0.9863086833280709,0.6754055620732714,0
0.48088917228654027,0.8011815131441429,1
0.28536957105081096,0.4417982453652647,0
0.05897496022707449,0.5399482719318092,1
0.937837269457235,0.6899911966869018,0
0.13407740467858387,0.2916165234299236,1
0.7414334802267567,0.6794184623295567,0
0.48962168920946025,0.24759936957582707,1
0.6683136964662837,0.9499060435274179,0
0.2188464011288691,0.9715276280782915,1
0.3855258403430767,0.47767364344408314,0
0.3242259420155371,0.06190544620153293,1
0.6596036889363402,0.7203870824245651,0
0.1837096188982772,0.7821508453079994,1
0.6775883280800831,0.32952300683245506,0
0.2606225514975762,0.9001601780228714,1
0.7328411888635435,0.489364671129879,0
0.31165457859558765,0.6174436620781962,1
0.5204575012759214,0.6476551603125453,0
0.4098269795206315,0.20616619709199813,1
0.8454402822947511,0.875658101567978,0
0.3983157444343398,0.791909993826611,1
0.7055929349753824,0.6446513942904113,0
0.0777445340823163,0.3300319160660631,1
0.8979169375990906,0.5955005364441097,0
0.198575927868629,0.40610851038742224,1
0.7971909440062461,0.5952219699331551,0
0.39132024112580344,0.3279605804251057,1
0.6024824091078672,0.5536961878281523,0
0.7462617704450603,0.8641495928981514,1
0.8130292436972494,0.2838432676290621,0
0.6989704495685503,0.1082812171369113,1
0.547162144765679,0.3930415997898209,0
0.5285587065154776,0.6841279758354661,1
0.8246470088748477,0.907540056898852,0
0.46386486940571825,0.7286096061071169,1
0.6638801775792046,0.32585374838420145,0
0.06661020989659605,0.3385775541556083,1
0.8414146013522737,0.22710604344519814,0
0.6783438962154873,0.11711204903189432,1
0.4611617592713583,0.5194322706558698,0
0.5153073068150186,0.034709246615767575,1
0.9925400463100051,0.4876436949904889,0
0.5776647269816815,0.8731053643692718,1
0.5469192483310688,0.41178130905910804,0
0.7784923416280778,0.8278432761356238,1
0.9477915797389187,0.28045186037032743,0
0.14846520464539725,0.27350367199723635,1
0.7297175711375983,0.04955524219354657,0
0.008858474322683274,0.8019070778842894,1
0.6475973752008692,0.33175486212452976,0
0.4326937429451211,0.239090990211835,1
0.848190251977112,0.210067380276301,0
0.13350890368861634,0.5307139130838038,1
0.8206847983181723,0.9180820661676495,0
0.655272164582765,0.19460486298475543,1
0.7772578299313396,0.061947120017428636,0
0.6143746681783843,0.05849476294463052,1
0.8363615713738262,0.10733160265743857,0
0.323320975072211,0.36331447753356605,1
0.8515796598721905,0.6441870633199158,0
0.05072711570591437,0.88818603848971,1
0.7405098868562645,0.27101396627831864,0
0.6413784196566622,0.7234311667325781,1
0.9688588917188727,0.5115679687614545,0
0.6531791787656464,0.08873598701194607,1
0.8036720995455987,0.7539504213885301,0
0.7324897842813856,0.7643099708968117,1
0.8573703077547754,0.47717703891818897,0
0.4192191424377505,0.14814349913249447,1
0.8545319254545104,0.08126299867289688,0
0.3105826356664618,0.6966121386191397,1
0.953649461882263,0.7669839338019373,0
0.24616078000945107,0.7029210368654335,1
0.6461193162875528,0.7101183622114862,0
0.45822070702867634,0.34000041012156645,1
0.8813271741321412,0.020378102506318663,0
0.602568775755245,0.23381462594598834,1
0.6605081966955271,0.6373058198169737,0
0.5523874418691826,0.852164720912453,1
0.8521755356804072,0.12242314361798823,0
0.7293997533946704,0.23867946777442473,1
0.6717979312048064,0.3256713416915794,0
0.5166421536399252,0.25120921062430135,1
0.6222846375970699,0.5327999809863181,0
0.27569469729321094,0.02284086118725326,1
0.9933940536042312,0.10311881357293073,0
0.28808453790926225,0.6790735303061753,1
0.6582214460048541,0.5543100263663302,0
0.45246734209001627,0.10804779948580234,1
0.7258627322963663,0.06378672037133548,0
0.0513371123797981,0.1321074785346481,1
0.4439852440362614,0.45040917142834536,0
0.04034725390028504,0.6478520538740867,1
0.43826158167355045,0.600891495179441,0
0.6477928241635712,0.2669945306245113,1
0.9119568356549449,0.15257957188929983,0
0.2126183221676079,0.24850924134723984,1
0.8531467690932889,0.23833961416677896,0
0.12325879286669861,0.23968806620674732,1
0.4025818137300613,0.3923286248959591,0
0.5248251970529865,0.14206248638973318,1
0.8861786890601264,0.3540172141379828,0
0.5667763225866986,0.9383094922885591,1
0.8899806982099553,0.7469144508050348,0
0.23222050357422808,0.3626693401693961,1
0.7757527310893485,0.48201736598875344,0
0.17377955603593087,0.12504599233411728,1
0.8276156514524861,0.08525901345847853,0
0.37236199624761956,0.9567953504675635,1
0.4545704561020535,0.4310485798747469,0
0.21887091810807013,0.4387493342880445,1
0.8882260274995961,0.11671222695191774,0
0.6613269686662249,0.2570268077842579,1
0.968806308723705,0.6550627264051971,0
0.24422992993846704,0.704266905513599,1
0.9081393838600279,0.7047764463979433,0
0.08044144028572608,0.7720453570936788,1
0.7986709341416488,0.11965414277824804,0
0.3905150014802655,0.8021815826106002,1
0.6242976767383347,0.5751648233460399,0
0.3720793557217027,0.9984900741756028,1
0.6831681052723826,0.4673310748528272,0
0.4214418247047368,0.8537728480737765,1
0.8820877375523438,0.24451488568419633,0
0.020422176368178557,0.22292445597439448,1
0.4172513982458457,0.4681277603175943,0
0.4811160169581873,0.2588687600407108,1
0.677793151911525,0.46986641130810614,0
0.0881330060084089,0.9709224595858946,1
0.5247773056333673,0.43479185462007985,0
0.20594292108750112,0.7203577045834882,1
0.44518589051809143,0.4112250893286947,0
0.3191767719365567,0.7132636844840139,1
0.7326889632375837,0.5342257111521296,0
0.605629773695457,0.1975105104621554,1
0.6461704343455381,0.009460793159351777,0
0.6824681315439304,0.18030593386894167,1
0.9423164663908502,0.10340788657279254,0
0.083052843924599,0.1634136122337999,1
0.29233080482834684,0.5147137342933601,0
0.4662710411227269,0.1540602893183317,1
0.8379377511568186,0.09465308707335829,0
0.535018918047025,0.19137372746262882,1
0.8639838750476163,0.7509465371166647,0
0.2759028623972223,0.3091178408620274,1
0.6821837857929338,0.035600271645748416,0
0.3521704055004776,0.9874834298894193,1
0.7631063620022844,0.6628110803749934,0
0.05434462087521319,0.5216066148708072,1
0.7738391408295278,0.6981287801652246,0
0.2609269506335741,0.6271763137475814,1
0.761683898855024,0.6188146104291333,0
0.062293916167824426,0.42440955721303,1
0.9577902780171966,0.2469963323747434,0
0.33232459766168243,0.13371279520160895,1
0.8765395322487376,0.492317028100246,0
0.7044851018559237,0.9096527148812267,1
0.5939501359923536,0.5073155603663732,0
0.33187032936777994,0.2971952569055407,1
0.9312670252756903,0.12844962089769518,0
0.009264203898552315,0.025487369531500548,1
0.7657819002182509,0.9892238313111644,0
0.28853246237031327,0.09224570102414753,1
0.9953788418487983,0.852797806439775,0
0.5204501556473636,0.90186604454059,1
0.9171198637460721,0.17012732103533834,0
0.21709277353269896,0.8875152578565118,1
0.525242490057293,0.49570640775846986,0
0.2589408731955255,0.6387199532915875,1
0.26402684820921696,0.4979631791189343,0
0.42823921857321157,0.35552109753173244,1
0.9526835539844922,0.7668593667335672,0
0.13434278591239335,0.18717866105293746,1
0.2617189212930461,0.5556500011023132,0
0.7013391421736703,0.886791723289629,1
0.928979840475051,0.958021264412048,0
0.5379716768166798,0.2881439980512428,1
0.5122879662930699,0.4352822569015371,0
0.00895093312581341,0.7071371096723317,1
0.93527574692969,0.45884897464542374,0
0.1915790081748764,0.06364200435729206,1
0.2826470836788033,0.5805665808148138,0
0.35977856134073605,0.15056079161158298,1
0.9322733369763212,0.02934397943160938,0
0.23125494665049384,0.56286159591956,1
0.8373887044212261,0.8358137540807808,0
0.11052420007060604,0.8796440427979071,1
0.6431871993982762,0.0018524949657537926,0
0.44842416206858127,0.9706963788536096,1
0.9888496393299595,0.8530773747027484,0
0.21146968734660254,0.7316044054668246,1
0.7654574019498515,0.6415107360975919,0
0.14737541032007362,0.06391465043708722,1
0.4164361687263819,0.5778885470012387,0
0.6021135460720137,0.8585137406591228,1
0.8150108405855304,0.4046411152150905,0
0.34816852876999216,0.7184041506883461,1
0.881945259807372,0.08691866870194054,0
0.6959083232580782,0.7678861489323574,1
0.8266777318768828,0.4421151687725595,0
0.13085559161353477,0.9847580104959462,1
0.9999592729933393,0.5360405337048697,0
0.5953028444406985,0.8662285703132448,1
0.7643023859107013,0.33080798883194074,0
0.22204489687680007,0.6342336653342356,1
0.8939228091176091,0.16407747965401676,0
0.49125737732631125,0.709121710643585,1
0.6488396714613516,0.03475335266940105,0
0.03654070362495532,0.7482306028418054,1
0.8039488755239873,0.8804815328797776,0
0.3306581152275506,0.6046104906292646,1
0.750885982926659,0.7451288301090379,0
0.5821943109904041,0.8266939966638477,1
0.8180365734903483,0.12720622287646044,0
0.036067296352935374,0.4765631515759734,1
0.9951311348623687,0.0032604840681907943,0
0.015170365959023213,0.12839157800778533,1
0.6166300697397786,0.37553164039549525,0
0.3037368052886733,0.28992848737355736,1
0.5854191347887987,0.402873692633234,0
0.19663755664592064,0.3258030608817645,1
0.46543968753695875,0.5507100080538221,0
0.18671138281196387,0.28818498901934864,1
0.9919171651162393,0.3187320175435656,0
0.5648301587565465,0.055428995901019795,1
0.6953548976532266,0.04215387962682904,0
0.35977480981659316,0.09046183155167331,1
0.66390211446055,0.03604644583977956,0
0.22284947203981686,0.601362632470236,1
0.9290810224610211,0.4622077447813523,0
0.11451604500126755,0.9032812274766774,1
0.2615265977697413,0.47591386530903323,0
0.18148643009835708,0.3202791034172504,1
0.5100280061129431,0.6624582900433632,0
0.5874106092902477,0.7924098963642966,1
0.625874720956501,0.29588365413551654,0
0.04903360607510043,0.04096179463630634,1
0.8823073859850032,0.18495808102780875,0
0.07309709251037733,0.7643984018227931,1
0.37958300925515254,0.5850735707602627,0
0.030369516108899264,0.4029205768822678,1
0.820542803537607,0.8635183189207456,0
0.7181808835428941,0.12649582846353702,1
0.8360198617274333,0.36282814593251844,0
0.4013584620449012,0.8214467597070011,1
0.9176451198101526,0.729917025876122,0
0.12295172102212304,0.023942125557095073,1
0.4526532461755093,0.5122271122421354,0
0.47564785774904494,0.8714982071090813,1
0.6127316924848322,0.3337670939995505,0
0.23226113813696692,0.15584643234323148,1
0.9160738679674458,0.1534968337741982,0
0.6352862131413808,0.24455128784496438,1
0.47484047547318786,0.633187705674886,0
0.17103503727646685,0.8033068159961804,1
0.9866599680831631,0.5777863757249503,0
0.4776857943848196,0.0643866319401436,1
0.8048059797476389,0.5396399868935433,0
0.6926781071038217,0.2547035408407,1
0.9860869083332678,0.8353627282394438,0
0.1653511451773384,0.33259554369856104,1
0.7562661410191677,0.4184036514377317,0
0.08873779864538489,0.7456021115580979,1
0.8683329956419413,0.27619906566647723,0
0.3581166620090078,0.6942978741609231,1
0.5831558054543852,0.546983606885386,0
0.50938391119589,0.042079288922988844,1
0.4784944441787553,0.5178603330778536,0
0.47467405734357304,0.8196855176622708,1
0.6946385378970429,0.023410615838178273,0
0.034021000282717484,0.32276339097029316,1
0.4589448538070181,0.6152710209670651,0
0.3905309123128675,0.051129563369020414,1
0.7039192635188446,0.32813889288513864,0
0.7889021521417319,0.14601004454302302,1
0.8520811994540151,0.2977141431520204,0
0.0709268068202158,0.8345920756244685,1
0.8830330265104901,0.06010525823466273,0
0.7208576460694859,0.8173579227920426,1
0.7898153844690688,0.5263260836341939,0
0.4608409626737774,0.9333370662128884,1
0.8496411304542373,0.5796212001779418,0
0.5429146286051834,0.16466655168280742,1
0.7985822361538873,0.38253885884857775,0
0.2672750837181972,0.3210512018439565,1
0.2867620851235635,0.46867582288622156,0
0.047029734980401416,0.8949460581686778,1
0.8231979783654975,0.6039498041809673,0
0.18035598481186854,0.1917636850542601,1
0.9352174058966017,0.39015450890346315,0
0.5636070122410751,0.8457722934016871,1
0.7757496534700251,0.04611051658710774,0
0.1320150159797714,0.5072756500350732,1
0.9571990000455289,0.8229694636291043,0
0.37303586322272064,0.9233546384280361,1
0.4232277063818447,0.4252951535850453,0
0.18484722700579959,0.5143404092312246,1
0.8946002569821763,0.21119537894433216,0
0.35772473736588273,0.3056553666863332,1
0.6747577712488911,0.44797654576707613,0
0.1013142757061608,0.17433229580777254,1
0.3356531370767665,0.39875178003742984,0
0.12209934820438817,0.9898063541421532,1
0.6081761162307924,0.9722991117659876,0
0.08969782003815163,0.5236175148100654,1
0.4572021161632597,0.5688165873898239,0
0.17910690471932322,0.13326925563648773,1
0.5969114714197239,0.5311978500174492,0
0.039978993987695444,0.505691238601328,1
0.8718950300967236,0.8103759492955547,0
0.646642610916061,0.2771766349982452,1
0.9071790638895475,0.07567554056136228,0
0.3044297590427697,0.0891878471868146,1
0.6279600595273855,0.5815887882291674,0
0.03210296536858104,0.7084665449958096,1
0.8405814052494395,0.3820938512827705,0
0.6438341143615635,0.8460503903730243,1
0.7689130103268732,0.3256930252995217,0
0.34309787299771943,0.6470356257898353,1
0.8857296638082178,0.016157054564414297,0
0.2642263562648547,0.3638028825410138,1
0.9826934591466268,0.2308622911794419,0
0.21025946974981657,0.34770037555468547,1
0.6057856062577663,0.4102520761726861,0
0.001846467163820531,0.3554893387906828,1
0.6245200264625531,0.29078960750203775,0
0.38488350697064877,0.7171902637352237,1
0.8614251551963316,0.08322055743541246,0
0.2624372192519965,0.7219544444050272,1
0.9380505217140096,0.8336511590184916,0
0.4071694012008953,0.3207888298191819,1
0.9759614513261013,0.7944081462116689,0
0.3520162388844562,0.6227368541789285,1
0.4371085117325757,0.39088443240388826,0
0.08336637210106868,0.30924078377956643,1
0.9180688363122003,0.2984349002014154,0
0.18702576582872144,0.5705825253642111,1
0.9775179169925917,0.7383568748812985,0
0.0724089872195085,0.9055237921614976,1
0.8887517929256091,0.18334664000348566,0
0.5027176962399581,0.9060427119653311,1
0.39409944845402645,0.47776352891107743,0
0.1705617785427438,0.8381198651628785,1
0.7890209303476027,0.04590782532135773,0
0.5198263002056093,0.6906229437972351,1
0.9265942091953222,0.8980889376296237,0
0.351827735490138,0.16043297174863635,1
0.6740670159899811,0.2949488190196532,0
0.6776137419758029,0.9228444508077911,1
0.6796616656142739,0.4980500371127977,0
0.08833917898467158,0.5756631873293655,1
0.9847921942821347,0.2847755282832234,0
0.11633288385052465,0.47263541582619584,1
0.8725463406913686,0.9257817414169707,0
0.1803508941891634,0.9702638277438683,1
0.6555214508927888,0.5379994538101788,0
0.07515019449270699,0.6430526148784654,1
0.644812923370527,0.6626847127540768,0
0.08636401932335303,0.45084677320258193,1
0.7329240161511988,0.026568263775479828,0
0.1411301882924808,0.26808531253491785,1
0.692371890700593,0.38530127047748775,0
0.6970738072986294,0.18105408921870514,1
0.8526101313069006,0.9715734567920772,0
0.6733940472071467,0.16557981133196742,1
0.6936172553267352,0.3256796904216348,0
0.4380823485332449,0.3544948522321235,1
0.3742214750420131,0.5963240639059645,0
0.00802192487107345,0.3049164024773452,1
0.9846863070401628,0.5617847283803975,0
0.4011843896685727,0.17022172007828618,1
0.8198649695001596,0.4141212157745733,0
0.43666554140671343,0.3403386821209855,1
0.9393247151136734,0.9911810850383314,0
0.3052176661112048,0.5923324623776086,1
0.9147783026811269,0.6357272976685383,0
0.3279501041070729,0.7368302776918139,1
0.9255239100607311,0.25397936504983565,0
0.4852778666441202,0.6693051825484135,1
0.6588503495775287,0.5609341136456579,0
0.22756572863306468,0.9305558990446372,1
0.7597313154101566,0.4540393096314361,0
0.46455751476648766,0.3062508793830131,1
0.7525888259119823,0.5358851337884047,0
0.5150823817388814,0.27751213144374276,1
0.6775547915371687,0.5108314541786654,0
0.10554042705327182,0.421323418784634,1
0.4176394250029586,0.496662139139436,0
0.3789416143873181,0.9711847449999053,1
0.7702429383090207,0.5962284969547679,0
0.6656482873118936,0.7676984526470169,1
0.8391582327981368,0.9697488575229259,0
0.17707583169675634,0.9605702957057665,1
0.9562342170867562,0.4275346262669574,0
0.17925485562514443,0.6318936655200332,1
0.525201609018311,0.5543831186431999,0
0.5562404727685084,0.28851489241469563,1
0.6794920044520243,0.6459944995191225,0
0.569774641109982,0.17146888351392375,1
0.8554577491369832,0.6929433874495226,0
0.4474186802107687,0.6662705750234487,1
0.9678844579906043,0.6592846915630823,0
0.02234913745549405,0.3403288823115813,1
0.6893196637885249,0.7231635902057615,0
0.059585636750215665,0.6310053550760564,1
0.9423604011303641,0.7232177129155627,0
0.3512681197988111,0.0764134609784729,1
0.9267281537900481,0.8648718102023093,0
0.10051253609289157,0.5461620202669206,1
0.9975087239690593,0.185703284124772,0
0.3558217349542283,0.7978512421061038,1
0.9339207494432373,0.6988431775930221,0
0.37330079748335554,0.8657099793580072,1
0.9012473043633284,0.06228904083378073,0
0.3433809873627396,0.1676799422951334,1
0.9597751605910959,0.6912247034349718,0
0.4050965314798981,0.0752012206397965,1
0.5597797252679553,0.5238386281332993,0
0.16039368143952337,0.29200317159667954,1
0.6956937763347342,0.3166529987218233,0
0.09981076145681533,0.5690315701757824,1
0.7091121034591983,0.39328661157993483,0
0.5419784822425466,0.8911318823805735,1
0.823426346259399,0.6939493164863758,0
0.3930913884271465,0.9834814666050468,1
0.5558833632420487,0.46289017759510576,0
0.1035972183690389,0.6016292969292798,1
0.9687297713267484,0.6758060497894325,0
0.549209468795567,0.9681819411045003,1
0.9718021785282617,0.5648013468606398,0
0.17556867081508953,0.8399024750053067,1
0.5266613658176051,0.5818528230477514,0
0.06293289804037705,0.3298475960280354,1
0.7912295484185139,0.45021992531561283,0
0.5051742546078479,0.8877777662143516,1
0.9264399580215434,0.3685569390105228,0
0.3092184789238125,0.6634072110122027,1
0.9360199988715427,0.5915795854200253,0
0.6504775201973853,0.8315439925061675,1
0.48644850930448336,0.3872946833450873,0
0.5806617469400447,0.13572541894318735,1
0.8330162559228677,0.5065130681751092,0
0.317078710946338,0.07745219216313126,1
0.7572260718214403,0.3708532354595606,0
0.17364688398979655,0.45023018528605363,1
0.801365177696617,0.14725604053253527,0
0.3165662924341939,0.9477572721242025,1
0.9676891397693983,0.6786797477811886,0
0.6248651564517009,0.1027685959058594,1
0.3622126755223236,0.541156203572268,0
0.1824659540976663,0.6376157124995371,1
0.5489928746609136,0.4242353738395358,0
0.5974600654838036,0.7440856522197563,1
0.7205473292141098,0.6172736167040823,0
0.2899327467236186,0.850852385650875,1
0.7987539856512724,0.5925162485546515,0
0.2667579111369761,0.34060180833882714,1
0.6863943859729463,0.0017733141401239383,0
0.15637822941719848,0.13192538033898205,1
0.25344403932427084,0.4398769144100846,0
0.7118659780816912,0.7636684161706397,1
0.8776634966687848,0.4955168312261681,0
0.24738866419983607,0.9659383383943869,1
0.9387524233867921,0.11844924306044757,0
0.049873303106637734,0.2648739126755725,1
0.20624337788138059,0.48296076276932753,0
0.04116409679070154,0.9310441871984474,1
0.6824365536843915,0.7277134731776379,0
0.5909974799944125,0.29539334410732676,1
0.6117916428453833,0.5321478665603735,0
0.3830564882486275,0.922406140551517,1
0.9670602823656634,0.04877860756360031,0
0.36599423722598456,0.23777494013491574,1
0.9359186477096713,0.6012979766969231,0
0.5833833228356764,0.7853957676899636,1
0.961157944038635,0.8848345491622329,0
0.15766427652783477,0.9173095680295391,1
0.8664159010457686,0.4301785252932262,0
0.049554947698587704,0.2121275483426448,1
0.816902672413452,0.791859217961156,0
0.2591276566672587,0.6230227547025883,1
0.9990376209988538,0.7431455327049521,0
0.584783480073563,0.07847975886753056,1
0.9179710390971394,0.6705641513607578,0
0.13958804074541953,0.9253623071088842,1
0.6586947418205995,0.9634982580360111,0
0.1088815489505166,0.569156207587839,1
0.9646573600143891,0.9518063381910972,0
0.686323803825777,0.8254584911481799,1
0.5038390136325982,0.5576939881249597,0
0.23072484054373632,0.9911462747450746,1
0.7838285551357543,0.3967885044021747,0
0.5737774159598031,0.047590646490323296,1
0.9644472604667742,0.856324184978486,0
0.13442052402561377,0.15639713010625478,1
0.9253740601050758,0.7874660870895713,0
0.023084508730149,0.6560260171355474,1
0.459154828333723,0.5065547823926564,0
0.35613692743743264,0.08763578253387083,1
0.814332235411614,0.27826054480714135,0
0.3438047367937197,0.046234255847533934,1
0.4178434253996848,0.4071110901771141,0
0.09837106113804583,0.3833897339505785,1
0.7546745591666761,0.06537511891755965,0
0.0728025543969284,0.2817162421871784,1
0.9362548145727473,0.35671509434674675,0
0.22821896462952762,0.1407432653051025,1
0.5705336987337772,0.5260529997797362,0
0.2688561659726155,0.8015047096718173,1
0.8201955253120439,0.7221671387819311,0
0.012465931499593741,0.4383628103717323,1
0.5010043588884384,0.37115148725155656,0
0.3302763009592111,0.9425437996110557,1
0.8747408793575618,0.9884686121897625,0
0.03402440741580681,0.5229538469180408,1
0.6910761264682068,0.3410803612470277,0
0.020549832651537092,0.9350333396389211,1
0.6780679373717879,0.7261947485861686,0
0.4581763590003419,0.8316903857776345,1
0.7013948657743813,0.5108471179021994,0
0.15279202969523276,0.9334170167702602,1
0.7002311022565944,0.3370696638596019,0
0.6231604408935261,0.8850284040506239,1
0.7744809226291064,0.3332987028173149,0
0.24007641380515088,0.7930566367758498,1
0.9541878869958943,0.5357763019297905,0
0.556994078859807,0.9375476113100298,1
0.8640493768208352,0.85747499391393,0
0.2705936541652679,0.2356264142216834,1
0.8515514768094662,0.8572889176231483,0
0.044940961696367854,0.7708630660285438,1
0.5743069153315259,0.6598970858807172,0
0.33275871858382844,0.867686455270238,1
0.573437215180998,0.3163069424334537,0
0.1288871804813967,0.390872997900095,1
0.5027984202292004,0.42254564579389875,0
0.25404247631304133,0.9864774118885503,1
0.762657952457024,0.48810911816330893,0
0.04420838881453604,0.7887339883223549,1
0.8175149541507236,0.5978157172824634,0
0.5323608933512782,0.06940760762740827,1
0.262906880411934,0.4952855998022757,0
0.22807379863231358,0.3401801375694957,1
0.9873438335699992,0.7244280641289499,0
0.4067129506618927,0.23939714630172937,1
0.8095378789348664,0.23797670749662547,0
0.15867161015035103,0.42753890864618804,1
0.25742731437611444,0.4444714833940425,0
0.09380917441337944,0.7505907857453278,1
0.6416172133827589,0.35101462660013794,0
0.06965411347158135,0.07612387207122362,1
0.859672853153647,0.7977990639021375,0
0.42409303373668983,0.7982793424047344,1
0.957324151728371,0.9091969397813375,0
0.1716909215411383,0.9503784584548228,1
0.9081515180884374,0.13366719950326322,0
0.6429702577094643,0.8343487952338002,1
0.9481902076096627,0.38190043389605755,0
0.37685751827739844,0.695247030478992,1
0.7871360251003,0.3413322011132115,0
0.3838664193504242,0.3475353051657014,1
0.8753488862077481,0.705530189341748,0
0.4644891999284666,0.7141717420281007,1
0.9843800591783171,0.6348655497619393,0
0.03654907739057334,0.00018117753017865557,1
0.6948862167687254,0.5191007566026723,0
0.23800694651717813,0.004296904492757325,1
0.5938782119591403,0.96784325473942,0
0.5268856734024384,0.8723285274371988,1
0.7753312877755361,0.4444504650759217,0
0.05653849967765823,0.4809594745395035,1
0.8285228321121926,0.2606125109822276,0
0.35343019717218516,0.13243452670284062,1
0.743178124818109,0.686000725074091,0
0.31264890144076507,0.9964196639773873,1
0.6899633628794789,0.9741724484765988,0
0.17850691649981,0.3110102148397764,1
0.6050482429359304,0.5507775415232384,0
0.11813147972173177,0.24912049642722844,1
0.6998025069980406,0.07108248496848535,0
0.6101848720547427,0.8263087194649654,1
0.8924521807694983,0.11321902685094187,0
0.5039732713919897,0.3206782276899156,1
0.703079043128654,0.4305366056235166,0
0.05602788499146516,0.16032648048689568,1
0.8854896989889398,0.40951198207707007,0
0.23968164668638425,0.7785206521487917,1
0.8814695383553787,0.39799045594599414,0
0.27660238652268765,0.2923575354636422,1
0.7922803609506265,0.33428185205431715,0
0.25788117534532873,0.7257657701209,1
0.23581919971094845,0.5185071267907255,0
0.18860299563177452,0.7867443377007788,1
0.8443753265883094,0.7856227875890799,0
0.7147862672528831,0.9137799167182661,1
0.9942171405116166,0.34041597994535466,0
0.12175717052555801,0.044121862402316414,1
0.8988724501699666,0.028974850335415914,0
0.09520799793189116,0.3346338396109756,1
0.7654470148942494,0.7542290411907856,0
0.09486097266088822,0.8053232514488283,1
0.7846525171235309,0.2975630580586188,0
0.2943163182456091,0.07597846633948646,1
0.7135405555660445,0.49506438694384125,0
0.6552704091968883,0.22759557394486996,1
0.9186956460372101,0.8499249492566533,0
0.413322406110073,0.9761287901455643,1
0.873403624746003,0.200089223917444,0
0.6607827866568003,0.1263048346172717,1
0.6146448868012788,0.6151887512077305,0
0.502959641532901,0.019182375659269058,1
0.5608283077307108,0.00963394573404086,0
0.18168905484629194,0.6935729527910689,1
0.7620326659639417,0.716813498179237,0
0.09274387677728058,0.747390145860936,1
0.9263482277724204,0.31575519698255194,0
0.05263013784897086,0.3807763576725647,1
0.9393868678393463,0.16755399396304083,0
0.4379998345076205,0.7937409845406116,1
0.6295631360128203,0.3109751070999889,0
0.1416668440389819,0.7197883776996229,1
0.709290785109128,0.9597354286194183,0
0.20742307922254377,0.3406561052215564,1
0.4614487212291125,0.39238371848641806,0
0.047726239942188387,0.418927881853315,1
0.834709122502021,0.8352906101674923,0
0.46899689665304245,0.7870380106654491,1
0.8121900140735804,0.9566303898667047,0
0.10644692224089247,0.7882157477356402,1
0.8701929337109713,0.6804126401349782,0
0.14806591397323488,0.40253636371236456,1
0.7411399672474726,0.6382177951965142,0
0.26530548305078927,0.11582046093499498,1
0.8846679594247695,0.5197111649618845,0
0.48516164580567633,0.8009763513332324,1
0.35653975447992137,0.38763181365497934,0
0.693437023491278,0.2551869782735897,1
0.6600845093516944,0.3874274270848661,0
0.04341672126664742,0.8747403085642452,1
0.5644197262087931,0.41331996424840534,0
0.6008976837161174,0.839684006853565,1
0.8072059763235271,0.9518074400706825,0
0.6765052809578807,0.7717405880569034,1
0.7671844839880667,0.7488841984874531,0
0.42185737546523927,0.1829033136774556,1
0.9809336243380542,0.00020942808048396433,0
0.1321824754450417,0.8957296880001575,1
0.7020597551852329,0.6798527125506061,0
0.5469844987920396,0.12475299541168883,1
0.8874518246071831,0.138939191361524,0
0.032569441499155305,0.6226049649334975,1
0.3345166767333483,0.5587009946196178,0
0.784982092092677,0.14979013679182218,1
0.23798928853822188,0.4793705845216697,0
0.7037366368032015,0.8243891017426958,1
0.6114939697057203,0.4989942627082692,0
0.37804712258596085,0.33791897976184637,1
0.9238758882947766,0.7346262937975386,0
0.6397190039131552,0.12257180009514579,1
0.4560178252635536,0.6210842882833546,0
0.24958965180070591,0.7565889375793594,1
0.6066590411449124,0.3273227621476179,0
0.23823423496422846,0.6590103494647848,1
0.8466779718553137,0.30289534903339865,0
0.6634371933604655,0.9063961389326809,1
0.5746605891830594,0.42421599746569205,0
0.4908357701842404,0.9879297798564852,1
0.6643989189298656,0.724221923273702,0
0.22683164096621178,0.16547976289274413,1
0.6031476323716464,0.4243437886255247,0
0.6381833510653224,0.9444814792391426,1
0.8349044200084327,0.8681793945925993,0
0.02277807783007091,0.12087850732834005,1
0.647648919405693,0.9923595388004856,0
0.20958902044799355,0.9110955794773901,1
0.30063502580524504,0.48628820625898384,0
0.6165078977324309,0.2584926136188489,1
0.48052700117941816,0.5709230980097041,0
0.24838552169777572,0.6420744637722989,1
0.9351287296893334,0.885108323414662,0
0.2193294225840411,0.7463187801993937,1
0.9082963758692338,0.477634955254032,0
0.7396019221904098,0.22592228936891656,1
0.5971761479074816,0.6591625904911066,0
0.22226768144007847,0.700681574925068,1
0.9053929401677022,0.7179233564152913,0
0.11079279021398025,0.22947324348298304,1
0.7349608338218393,0.616294090798645,0
0.5558595781917707,0.7740215532940988,1
0.6336311194496977,0.3126635551706114,0
0.2076854205069396,0.29404379408143366,1
0.7574018795546711,0.30451603911791614,0
0.21078199997336655,0.8470344047930237,1
0.47328377875522387,0.5925341596765389,0
0.3300363791711215,0.07436599522331733,1
0.615967220801052,0.3188384019080459,0
0.3567085006182785,0.30896815484749496,1
0.578122644930516,0.4273680752489799,0
0.48881642626025334,0.22890906488810037,1
0.9534402095879065,0.12261132077433567,0
0.6397920632963473,0.8464996621612153,1
0.4206468284325644,0.6072643768978464,0
0.2839797222451198,0.368110034448214,1
0.5702487286691811,0.4499529106961314,0
0.3457382531456449,0.7111686197754866,1
0.9423702830719881,0.9047459966368723,0
0.24332234764513172,0.07676588884271973,1
0.9866188127914973,0.6502634420494583,0
0.13303397287626195,0.6930061744239767,1
0.7065545303525991,0.07821759124084782,0
0.6069538624082977,0.11798202640583733,1
0.6580590722811428,0.5495032574930857,0
0.4192371182572351,0.8064760535040507,1
0.36862156878715047,0.5283203842185716,0
0.08963984390456459,0.5678696783472507,1
0.6865120764909899,0.9566752418164515,0
0.10814548666130308,0.7746424170513485,1
0.26506801471587393,0.49413435615916956,0
0.22501985029005322,0.44910688727904025,1
0.83083299096899,0.9332989636988923,0
0.3488863269646012,0.37498431459511405,1
0.9770939953108705,0.863643606892216,0
0.36907052086623615,0.095635795836576,1
0.9456479065472,0.5964393670179166,0
0.348555727920014,0.2610150403124344,1
0.8600724398145042,0.6126355874921091,0
0.24797217058824106,0.839195536940371,1
0.7966872435829968,0.9812798488024256,0
0.5367955116098448,0.9246550356127382,1
0.7832651478662035,0.31648710196471685,0
0.4278761180696713,0.9978374731155063,1
0.4406557192415247,0.45296875640676015,0
0.18792929226721244,0.8498249877013725,1
0.6349638230690674,0.31562736100326594,0
0.5341168368187516,0.975987340446664,1
0.9691131109447313,0.31854863388383736,0
0.7813433728272104,0.8024505453673272,1
0.8167999383423676,0.47619420484409136,0
0.16349278565993153,0.01161818985260421,1
0.9597244275651808,0.3859106561908642,0
0.013784017748151522,0.7455129268754263,1
0.9597898468736922,0.8080291686026102,0
0.387088545140973,0.9882630875157112,1
0.30207338497332215,0.5566165192332763,0
0.044298878189846125,0.23712074852421916,1
0.7694074253642914,0.493345260061294,0
0.14093907496477964,0.8570533727943115,1
0.5821018637969023,0.6468382636597593,0
0.25948781494574646,0.800831035545792,1
0.2825261901703048,0.42359340153824965,0
0.5033119011836623,0.8158903100493782,1
0.6322714522320116,0.967420734066537,0
0.28742721778188085,0.2771042226778695,1
0.6976312671613669,0.4345023303763297,0
0.41056524124089133,0.9861229539789935,1
0.4697644235303735,0.49199251033873126,0
0.5297151623226667,0.08395807933734456,1
0.9929271618426585,0.2431444855445667,0
0.5686846975077704,0.2650976404498988,1
0.2269150943519237,0.5021417533968399,0
0.3426637104329967,0.2645273401550656,1
0.7769871261804099,0.3148906870734498,0
0.3462101307721104,0.3468400687170824,1
0.9333778155764305,0.34350696401102254,0
0.6476606220261321,0.25074108517647076,1
0.8133616049814589,0.13193417881012237,0
0.2645471956345533,0.9960702302067442,1
0.6466081001810259,0.3275747754342624,0
0.5282629372991664,0.7345987869967809,1
0.6558066392098973,0.6403946335572253,0
0.15264551653614655,0.7036787071460361,1
0.6482182111078542,0.6102340562540588,0
0.19901026995223225,0.44140427029205387,1
0.9175191918081773,0.8943171895722745,0
0.21349845394378497,0.6291935081890642,1
0.6086145209951982,0.967958143136,0
0.012109941121507761,0.8975061771649959,1
0.9977246455165016,0.4449447667460056,0
0.3355412822614938,0.9694684531652364,1
0.8769878218000254,0.47130292045759625,0
0.3482275817483039,0.18962159794460154,1
0.6000217933502575,0.5539780728903156,0
0.12274817283699324,0.7125122413858198,1
0.47223172732386187,0.6506668082476522,0
0.3709500466899375,0.7327055331235766,1
0.8552847353535501,0.6342061930058034,0
0.4682766867020156,0.17721541285883013,1
0.6434416290956883,0.45125135778452286,0
0.4617065706807746,0.020098502355168857,1
0.7345338820097517,0.6182060687243188,0
0.6595607846589631,0.17287060499921492,1
0.6910709722485606,0.3290460647604663,0
0.3158283296474532,0.19271995471981607,1
0.2778121179509181,0.4587957710925671,0
0.6720236423383752,0.10226493872771691,1
0.5499399972918979,0.45718772821556686,0
0.5290131589571481,0.13026428546304247,1
0.7201219419174161,0.915511601902118,0
0.18225458028642627,0.13061141278913435,1
0.8920485154419325,0.39541362251138357,0
0.04195466924078928,0.8687164770764132,1
0.7840797954426478,0.45267018848312546,0
0.5181297771893913,0.08879303514832337,1
0.6572350190038635,0.6844243527797993,0
0.09043683379836698,0.5337820640372581,1
0.5299490340650889,0.34145253262481623,0
0.02569058659940593,0.8838715847839421,1
0.713991886829851,0.3742851055318651,0
0.2044901814196325,0.8877476375478592,1
0.8713758804145474,0.4843542007761725,0
0.5700189493100752,0.6955085809274326,1
0.4634750797796918,0.49027497702147405,0
0.009834996590059375,0.4625476122380685,1
0.9436098962768791,0.198658669981718,0
0.11842950556382514,0.0073273896447073605,1
0.9621374318717215,0.7790305557481485,0
0.23225104464062185,0.2610673424185205,1
0.9076032649779526,0.5672105321069454,0
0.08756201500400651,0.35150198467362437,1
0.8397772987218391,0.9522112181658919,0
0.11150067895143179,0.28859896591092504,1
0.6822135104396525,0.34864187656890644,0
0.18914114259634296,0.16444499142672242,1
0.8902491127623012,0.0418007349524363,0
0.6258717335348145,0.936519029160474,1
0.7423116147935065,0.9643247836307394,0
0.6662599381860423,0.10435680217876231,1
0.9446499801832124,0.11142380048454326,0
0.23178952495950222,0.7890578579964024,1
0.8948397573703374,0.7056261050009863,0
0.007446080975656688,0.2737875025449642,1
0.8833553718419366,0.046411947600351056,0
0.6233505653661096,0.71526115852252,1
0.5201439411548866,0.3324665284761513,0
0.46365817676058485,0.9647306956205173,1
0.32992526348228146,0.46477133036586527,0
0.44675988090940155,0.30797954685794116,1
0.6849388832494271,0.3478140266762809,0
0.19384940651431903,0.9130023776882842,1
0.7951402451150146,0.6377367266966741,0
0.3713698356581119,0.7405550182753458,1
0.9993900124577583,0.7114387810533086,0
0.19409043383032998,0.2439233346667904,1
0.8364393401790252,0.8895721377086009,0
0.18472559972758085,0.3790865589097525,1
0.7831880720442588,0.6291756897028776,0
0.021955154546328015,0.8975814982047051,1
0.9932150988018629,0.8168762355867545,0
0.15060613993202032,0.7800918150543052,1
0.32549157345270496,0.44852835179849715,0
0.023309824707901994,0.9044813938268906,1
0.9211033707310149,0.904411360369328,0
0.6613990275264968,0.8811537950307295,1
0.7750170885944164,0.9961876794507623,0
0.05326255758343945,0.6387876032483688,1
0.39997061799945977,0.425031836782214,0
0.27664275233783153,0.6879768722334467,1
0.8676411784489717,0.3738701710663981,0
0.3299054959573341,0.31105659692672605,1
0.6189706608462694,0.3456558347897195,0
0.20257839567702585,0.7376505282758301,1
0.7447488835775822,0.9912931809730585,0
0.07997771101064055,0.959665018359016,1
0.7124331136368495,0.7027352109703173,0
0.2871873055128147,0.2512259421752471,1
0.8868059543839907,0.4127717725921275,0
0.1807090876516353,0.3623587844812788,1
0.8804890121335527,0.04260390124947333,0
0.7221984423559192,0.7678783314324855,1
0.9008573074904296,0.2962770334280005,0
0.6686157922865171,0.2298404219620802,1
0.8104545107495145,0.33306596806689914,0
0.015703450840812816,0.026238197130426966,1
0.8159307812814299,0.040662600574345564,0
0.4665321264119817,0.23595798518726308,1
0.7773670008120019,0.24873180844033826,0
0.5617771409298529,0.8343553725994943,1
0.8119191547564644,0.4214608201726566,0
0.5934725072098054,0.2163221857219172,1
0.9764608484295002,0.43941901406673955,0
0.12794120822846022,0.014166867118563853,1
0.9532950409107214,0.8215112721528454,0
0.22490665872620408,0.2788402594082503,1
0.6248469368392214,0.48947447058425353,0
0.04771377234783447,0.8762323481386537,1
0.3397701992103056,0.5302102326199092,0
0.24456881968478705,0.6764935220154344,1
0.6896794365422684,0.9836816961391126,0
0.40564790701745335,0.35937019037919316,1
0.8660486811594377,0.7293881158568862,0
0.740210021981226,0.8749682023115823,1
0.45276606136216146,0.3903674015964017,0
0.12990942701397679,0.34398803950062884,1
0.9424552069229907,0.641373280809872,0
0.4828492926765978,0.8479658714856045,1
0.6266151352802146,0.9982509709491506,0
0.42652097521304155,0.35420906484841086,1
0.9968174284881343,0.38749763664511383,0
0.21533180537613195,0.7027671473155684,1
0.8052568955963912,0.6197292317867485,0
0.2223635128979018,0.725993641824306,1
0.7990229743268531,0.3761813573051117,0
0.6328900064075821,0.7305439009639603,1
0.9547387529146685,0.9513848216592089,0
0.6690169233343068,0.9063321857651171,1
0.973502259354379,0.36848354363554126,0
0.3995343460255094,0.8877509918146123,1
0.940442885449155,0.7646515751026997,0
0.7101297577172975,0.8011247319812056,1
0.5894803647881829,0.5096173715960514,0
0.35947288898871854,0.8377776539428989,1
0.8954080246354106,0.09679476495885819,0
0.4968767869561167,0.2189354894082458,1
0.8147258698762301,0.1459498100481854,0
0.7620424361271062,0.1684070055686726,1
0.7174638330264544,0.4976703616760454,0
0.23245954585107542,0.4327714925082673,1
0.955352054879839,0.4608747583775592,0
0.1422491150180405,0.16449298396933598,1
0.9488740874508723,0.8959971911781864,0
0.12077970516827408,0.3644854399519425,1
0.3905479601680947,0.4837131868134603,0
0.3079217803610561,0.05980207888845901,1
0.576183747527373,0.9925623879525466,0
0.5409477211060248,0.09932068317847753,1
0.9053321428556427,0.709488552118149,0
0.09417316907637707,0.878611162058917,1
0.48338546232139956,0.44856279844160973,0
0.6940078814880043,0.8309342598541122,1
0.5640156798354812,0.3565804507810135,0
0.4270443582432816,0.7336336185468628,1
0.7662908732491416,0.07157623008566782,0
0.019087619170451542,0.0034098525325720885,1
0.7967459923617699,0.8010106237584741,0
0.08323280971760838,0.9783642486480564,1
0.5985823074644033,0.5641074133077156,0
0.10529500070292797,0.9433836793742683,1
0.725466879954926,0.24869777921539837,0
0.22747918680766277,0.7160532412440983,1
0.910699374460406,0.48896916778453126,0
0.1260405516714408,0.454447530198939,1
0.8440797179141363,0.06183946943345975,0
0.6912305358831553,0.1076602749318647,1
0.8669077918855854,0.9601372176070437,0
0.4043755208077997,0.11368127213966694,1
0.9433329603830859,0.2396647400608205,0
0.26991415371901206,0.8927152892357254,1
0.6028562847775386,0.4841963651328761,0
0.7806734416304536,0.8203029923171511,1
0.8812780104341678,0.30894607468005275,0
0.5714264530237715,0.9209669449204879,1
0.6836700385397515,0.3039834052099978,0
0.5647269356097333,0.7201823166661866,1
0.6965631188968943,0.4196849688745853,0
0.37727629515878536,0.13922753619418649,1
0.8937558184039811,0.059373574073463886,0
0.6770201076795164,0.8386357972597558,1
0.23811801458176474,0.45012996822840956,0
0.49485814046535237,0.1209135511897037,1
0.8833061069983074,0.6599753868864818,0
0.05780935299917922,0.4596543632811362,1
0.8108521263642383,0.33219771420867383,0
0.37665038760715175,0.36798266605257324,1
0.8857713871733754,0.5970365541217106,0
0.1936137420498587,0.583580796912449,1
0.7155747991460275,0.6359942329917747,0
0.3518920717031522,0.2229309536082682,1
0.47100783322731943,0.5150527240303822,0
0.03522662259058551,0.29968431213377944,1
0.9186940107459204,0.2925396527592504,0
0.7662392485893492,0.8548741002820436,1
0.4614365440346673,0.4416544849248807,0
0.7655030493413881,0.8050820567793563,1
0.40835422554128886,0.6271111310655316,0
0.6843737937673419,0.12535197281753951,1
0.7078501234532258,0.3895552874611016,0
0.35508616066017895,0.012903849267491663,1
0.4161535769597713,0.49683163031539235,0
0.7391168110498384,0.1044823734655187,1
0.8064542871568621,0.13740623129077323,0
0.053044450174435265,0.36535758725021183,1
0.3446698064288142,0.41198699658925697,0
0.0884236750384717,0.2232210081061149,1
0.6397774668779871,0.5983843169244382,0
0.11167072962061997,0.2993527001913039,1
0.7586049514930788,0.769129071337202,0
0.7886733794297719,0.8125457854549514,1
0.6886190168252602,0.7303968078480084,0
0.35492212856898164,0.7415403709644338,1
0.30315736125064907,0.5210413559932242,0
0.16161443993083946,0.06978964122833275,1
0.7165069713765402,0.9334370618945533,0
0.264807120244146,0.5807822975239486,1
0.5545760845232455,0.6453654846284524,0
0.4275475641166686,0.7610277090546871,1
0.8142264168955967,0.9376187100975616,0
0.14277748237940013,0.28538066334192747,1
0.8862107940046354,0.00016877931510550503,0
0.10087567036568168,0.16784884525142452,1
0.7221941665135654,0.41684110355537374,0
0.13382529281950506,0.534754258211744,1
0.8472933956080635,0.8883186550925676,0
0.5478188785766392,0.8457706340225293,1
0.6399775090207663,0.6827199311314089,0
0.5449806807895504,0.9661745886032674,1
0.935872268776102,0.7053287096492851,0
0.5431153589542703,0.21056735473493682,1
0.7616523664586603,0.43280645203115076,0
0.2450669955057464,0.9874977396615617,1
0.8040314123009927,0.6603926788073862,0
0.4181164608595731,0.17199210885617722,1
0.916474192871453,0.8289689548370609,0
0.1889089739138058,0.4372590537132389,1
0.9353017612732059,0.7244031884444632,0
0.2683165464930988,0.8765136970077858,1
0.25917146580752437,0.4485572939139061,0
0.19662541069810546,0.7023983572244918,1
0.8825262968725462,0.35727208922365117,0
0.3523018536380026,0.9743949182450647,1
0.9336358350615495,0.6713679857994368,0
0.15281990449063976,0.6381449372196,1
0.6922343924696853,0.02931297219718043,0
0.2790062150454219,0.9589428553721833,1
0.7692828457445401,0.06256841609725605,0
0.16980072491536002,0.698826861851943,1
0.9400774044881028,0.9313007952108413,0
0.1073564819072893,0.16492680311155639,1
0.7012593917069188,0.5501599994504932,0
0.31260326960579865,0.8629243711948104,1
0.9057781536019708,0.8304087878553537,0
0.42765671581615405,0.7604498266623294,1
0.6742383774039683,0.49499200251932873,0
0.6089647833768803,0.2325804652705521,1
0.6495639726824339,0.43141084266436047,0
0.42944190399706617,0.9038887962758719,1
0.5089855340591953,0.4728401434702515,0
0.20139609656021396,0.25221139214651345,1
0.9932253200876192,0.284696030896591,0
0.6137467208201994,0.22607823135591354,1
0.3079973701205566,0.48585142421727645,0
0.23781651374741952,0.7635427289191564,1
0.5967573770120435,0.5178436597972805,0
0.3596562631426802,0.6526426115155046,1
0.9267190036911657,0.23169378380487604,0
0.2941092768816317,0.13306072104762812,1
0.8497641227445489,0.34384216570175763,0
0.07047269618124818,0.9564160594059476,1
0.3558797906599407,0.5804261687027816,0
0.5336282424252625,0.9333851177347096,1
0.7036949830656012,0.9401310781160078,0
0.15502461973893766,0.9414690863627523,1
0.8596449469191597,0.48667317182609615,0
0.6208917132435519,0.16137186257125602,1
0.34843396323122455,0.4946536183465283,0
0.24871756108030418,0.30501959171172044,1
0.5755848993244814,0.5852607723886407,0
0.4426071375816538,0.8750355844923698,1
0.8335443068548518,0.17658924084546523,0
0.28669458678116166,0.7896529791055482,1
0.513447798226997,0.6134388925266395,0
0.11513413537900019,0.10009445760548352,1
0.8601256373395217,0.5852179853645213,0
0.25491095478398995,0.28004687841031806,1
0.8127154822363639,0.17857671066285563,0
0.3653709158949824,0.8555773522904899,1
0.3790077543661401,0.5376061497915042,0
0.4089414858753525,0.024061220971674846,1
0.9341564848627925,0.726010959837928,0
0.3934212954660786,0.2006474436431943,1
0.8688353595073119,0.996706944607663,0
0.3019092865868723,0.7564506158918689,1
0.8440321678087427,0.7122503261221105,0
0.14183483841808497,0.6719028220870173,1
0.9578356148969194,0.35695542358858245,0
0.6130396152266193,0.12876556821405205,1
0.4557919962575995,0.646203573098496,0
0.37070815498260634,0.2638841299512219,1
0.623848723456867,0.562977873119265,0
0.03616031176727841,0.07785333364258429,1
0.7959670128265334,0.18961996906654632,0
0.4725955771535232,0.3279117886183699,1
0.7232384448689491,0.4427155166782456,0
0.7285909175751797,0.9062357278640977,1
0.8410009077253428,0.8256580996195447,0
0.22929412542005645,0.8396981726564774,1
0.8054353723401041,0.1993122636260226,0
0.6250048529158029,0.7539876770467205,1
0.6410052422865299,0.6487285759170699,0
0.011083431898815665,0.8564063631309582,1
0.8536053392344796,0.6701632982613621,0
0.05652542089657753,0.3509357686677791,1
0.8139349194281497,0.2078499124333708,0
0.6047189172801187,0.23324693306597788,1
0.6512474464444042,0.683488446295752,0
0.2189466821672419,0.5908790807260471,1
0.653552239028016,0.6961760883087962,0
0.009022919505256577,0.3087895741895357,1
0.7980435618948956,0.9068128263030665,0
0.46278271119838854,0.18310179652132785,1
0.8815387966709813,0.8237151954501559,0
0.38816191796935007,0.3415165889529215,1
0.8379269491239554,0.056105147996656,0
0.1942593123194628,0.3390008089945761,1
0.4945457896488804,0.5329591193412077,0
0.6455429061041367,0.9039471896854925,1
0.3539851213917897,0.4706344641710902,0
0.07082677782827917,0.8977506337633201,1
0.9118245017259308,0.645360672679038,0
0.08835001339612902,0.4758974234907547,1
0.822463518408951,0.9530781931953342,0
0.1722387147086818,0.13210484811815582,1
0.81350509439875,0.7701412056517093,0
0.1000426768679118,0.6961406807232078,1
0.6840177140474349,0.27958262046628835,0
0.7743361993867066,0.12612568740426422,1
0.8911925640555016,0.3658965308540101,0
0.15139708483665637,0.14044916872051383,1
0.4096749626328484,0.41694454959482397,0
0.3683411752626583,0.18403332666413164,1
0.9851244279516387,0.29895605240728007,0
0.42902039872581843,0.2836512823121421,1
0.8912823462323187,0.18951197159450295,0
0.3689393221711711,0.32901462110495006,1
0.89521990456563,0.8355362970320503,0
0.009498120423671597,0.19614608922111543,1
0.9012427762226828,0.4329995890938061,0
0.33888757300653416,0.3071150735206465,1
0.9073374824366925,0.35252294759295866,0
0.20248528053659087,0.10458565260398722,1
0.8516844620845997,0.028979202204339916,0
0.35845982455601955,0.6371292093647992,1
0.7710785479462633,0.6598845940479469,0
0.4481880880315443,0.12357685958842113,1
0.8126121062605474,0.8873424301912919,0
0.3102747532814373,0.9060541549328349,1
0.8046958707936568,0.7179883850726202,0
0.32670205062620317,0.77789130921549,1
0.5334626130175334,0.499406869809048,0
0.13251471189812347,0.32938293569982946,1
0.9999169682320321,0.5446600380663837,0
0.6528587954458338,0.09066866509485505,1
0.9244363289490739,0.16758716658865103,0
0.6619757067489106,0.1286485865913658,1
0.9108473053149385,0.9008331620853295,0
0.35954294296609546,0.1974353734968175,1
0.7333741955429085,0.5371976985409287,0
0.2856411815385308,0.17072762446322065,1
0.9527046560633415,0.6960578974083035,0
0.13819633991180813,0.9286490427939273,1
0.9481779541379366,0.8389296538646478,0
0.4488176893493857,0.3059598449291484,1
0.8704345536443088,0.4155291669219464,0
0.7058614548264306,0.15843507617111297,1
0.4574457149892528,0.6446668513441421,0
0.39251220736171777,0.2844799435322112,1
0.9713493736574627,0.24076246673468127,0
0.10944467599033947,0.7474929183436329,1
0.8221351442456981,0.00040989555569537206,0
0.380076753320297,0.22442686924723243,1
0.6594867404586623,0.02595437380447463,0
0.1268092291334756,0.9314648844763512,1
0.8269008100034388,0.04721135704896484,0
0.4173343276303826,0.7977492225776234,1
0.8102933839052223,0.3487786272602277,0
0.10277943113645915,0.32649221601040623,1
0.7943188582371176,0.7948232490446169,0
0.1678641324254737,0.6912702045046928,1
0.9543065411217275,0.5488909374883482,0
0.4533740137099458,0.16005287995672557,1
0.9464266732851262,0.29682981181150836,0
0.5592993020584851,0.29231344814304927,1
0.9190899053855923,0.523940655606013,0
0.1753440234797492,0.7104415127718201,1
0.604757212217209,0.38333095979989873,0
0.1747883384888278,0.9945293740302713,1
0.5059752450171657,0.476638477163584,0
0.2324673278612861,0.7806889105651079,1
0.5082221646026424,0.5973808056995845,0
0.20120320133788505,0.6253178287578751,1
0.8629296886975009,0.3016937127006397,0
0.011782208000570393,0.4741232384748346,1
0.7228037340979275,0.7146236874092711,0
0.27463260995446914,0.27442319024636863,1
0.3540195697438203,0.4164423536285977,0
0.5164872606587734,0.060971469228440656,1
0.8337960964526714,0.6957998774688867,0
0.35308341934330667,0.9030942004463639,1
0.8297386118361929,0.8990295080142581,0
0.7405245736814723,0.10773560506578839,1
0.865649383836525,0.8210351055893813,0
0.14776381462018573,0.30239726911832676,1
0.8978811190861569,0.34912878817212956,0
0.6578372996310827,0.2545004551560447,1
0.5271024202416097,0.5497908992002779,0
0.5677535526732872,0.29396674024623126,1
0.884851782869885,0.1657155422661174,0
0.08826941022764168,0.13083125977990007,1
0.857100458993712,0.919082885173251,0
0.2410873852757115,0.921235534209436,1
0.9332378057726632,0.8719538291634785,0
0.6966582967943448,0.0795218067252017,1
0.4968727207804786,0.39855259875452687,0
0.15811248910030118,0.3757218018806304,1
0.5494354755072419,0.34882271441657975,0
0.2359172257394817,0.06746284095728328,1
0.5569933547701503,0.6578603608098975,0
0.12259047747347585,0.9403820099935497,1
0.8782510314942978,0.18514406506310854,0
0.12881736279131994,0.11494248948209407,1
0.5034213635076885,0.50106978362895,0
0.5450793645013053,0.8287530757828085,1
0.9646327034602953,0.5547540057478811,0
0.563135913206594,0.7463945956529037,1
0.8059448661065061,0.8773199765475991,0
0.40949222343010006,0.23305208008075418,1
0.8337904630604679,0.11034599486192109,0
0.7154708561977415,0.8910089359227683,1
0.5890663153157155,0.6717992107899992,0
0.1377199022456146,0.29758734143265586,1
0.9827022632056376,0.18979608577164842,0
0.1677234526560466,0.7991530429959005,1
0.3878145744220105,0.49469865557806847,0
0.07209890837759059,0.47092868556960543,1
0.7197834313212527,0.02497212877710464,0
0.397753341397331,0.2010949202840573,1
0.7151903801154537,0.2609549868111477,0
0.10088041863867336,0.9890324131392727,1
0.7239481995449611,0.9830945030971002,0
0.2278017778995225,0.12010562372889033,1
0.9451945677211077,0.29606468006209397,0
0.011100302247847527,0.41504807240549835,1
0.830349639259925,0.030752839020511735,0
0.6358375580904471,0.12139134231580107,1
0.8638007142591853,0.5205361823649317,0
0.4613452679821106,0.7318679449604187,1
0.7027931809220792,0.40946499969653516,0
0.14735649464719347,0.46435459379461663,1
0.827969214774871,0.5295124657277388,0
0.17585986339557602,0.9994076018814669,1
0.3060966049306233,0.46989897418104554,0
0.10312150379542473,0.6497850915741649,1
0.7787992597609402,0.6927835158139318,0
0.3306159730887903,0.6772109534877223,1
0.2652270083723487,0.48129591982883946,0
0.01688688006527428,0.22035371854175534,1
0.9039034878531086,0.39723910744856594,0
0.7442191039515627,0.18669214029515013,1
0.32073639357196526,0.43022025265130315,0
0.3544861048982608,0.05614237778855813,1
0.989591532790956,0.5869290446505582,0
0.5599577351430322,0.930024857949026,1
0.8397844337357365,0.012283693722736744,0
0.14386248519424694,0.3483171959564192,1
0.7180183260036196,0.5230633849973579,0
0.5609204026469985,0.9255739023634061,1
0.6651302679517013,0.6679657636139971,0
0.059730727553162555,0.9352192528839259,1
0.777398318626071,0.918161079966809,0
0.09518636990901408,0.6893430421954205,1
0.8663302520681393,0.753057533150846,0
0.4668606740547725,0.15816910936053696,1
0.9002855674479128,0.10850125503087671,0
0.23702108542650502,0.2794030930874619,1
0.8277182467194477,0.4303108772189038,0
0.44805379221597386,0.7498563694658552,1
0.9126543331818856,0.009927922978009263,0
0.13570920704548628,0.8413314123615951,1
0.9719950893675062,0.430209053197392,0
0.19593965205656183,0.8339990276879176,1
0.8902197299497613,0.7818136653527511,0
0.014094246983897829,0.6871293250485735,1
0.6873124242093814,0.6328403446071081,0
0.7157244407579124,0.21520191430714808,1
0.6822629967805349,0.36035195105950524,0
0.42587685315816426,0.14826312985455292,1
0.3441619971126594,0.510048748741853,0
0.060888366925163084,0.6891261902620857,1
0.8713542737000004,0.704583490489088,0
0.6554168606098271,0.8548894320874467,1
0.7806586379472166,0.8861514874804304,0
0.1815861103602282,0.319004913452246,1
0.9996093375364681,0.3295796822034315,0
0.48755594363309873,0.1056390230824793,1
0.9279176800391215,0.3164581706177939,0
0.7483988956620649,0.13296766380856595,1
0.48923858444891033,0.5350847289900574,0
0.0673706910883497,0.19946727568898603,1
0.6604027523308883,0.48881708745886243,0
0.24646356898756927,0.2336092602305394,1
0.7591835496800761,0.5405752926160423,0
0.3742539451075205,0.6423669584798117,1
0.8468375994149961,0.8303535971677639,0
0.3621693753419426,0.6664520891060629,1
0.778268441450252,0.6610129414244621,0
0.5540779426336161,0.8054769114964405,1
0.36042677047656113,0.3982709687006547,0
0.11785063964538867,0.45439856118303257,1
0.5317452635671968,0.6216226559909478,0
0.16176415261427224,0.8528513434134875,1
0.8335521590904585,0.011821028608394069,0
0.054206256701591404,0.7220639676234475,1
0.7185994935156333,0.5071223190239822,0
0.39543292798359697,0.8403623496821887,1
0.9290457141369648,0.17194415808581753,0
0.27571243794878186,0.14008402061137903,1
0.6936304284632612,0.008202335056621823,0
0.13001808956918393,0.6396376991577981,1
0.5656020215500789,0.43136666811897606,0
0.08379983111950917,0.044359914780509935,1
0.22789901467706764,0.5135533208566223,0
0.1119207281400163,0.29281840237206913,1
0.9320952212442732,0.7757621446694095,0
0.042304052978752615,0.17529440505097427,1
0.8714330553558366,0.9839149097345425,0
0.09306396890615154,0.0348210487998325,1
0.9506469539113692,0.5663747885192912,0
0.1610909471227514,0.5428855205034768,1
0.653235216571792,0.5413757493361177,0
0.47571019092024003,0.663431708164481,1
0.4358270282891846,0.5216422831781788,0
0.010123797222135189,0.37896789142219955,1
0.7584551107044188,0.49839743131290604,0
0.7116868178312653,0.785648213080401,1
0.7870338790224078,0.20913490462133333,0
0.5570119187345539,0.18234071830943388,1
0.9927473991293627,0.29173979075237666,0
0.41423272670381606,0.6478438350106691,1
0.5739984019243738,0.9911209986613856,0
0.418408475987472,0.07005359914370857,1
0.922469613859549,0.18070258041538823,0
0.2563954873733436,0.9098297569661854,1
0.8556679191806164,0.8315810613798825,0
0.18028799109863625,0.9610854867113862,1
0.40428110508141024,0.6087543586134768,0
0.07293699425830902,0.053440924633084363,1
0.9077720428020097,0.12973839365438533,0
0.4270225037640142,0.20804871003616188,1
0.6957471181245478,0.9809513093744056,0
0.20075720571477884,0.21462150924762258,1
0.9050119140869404,0.2561228906984896,0
0.4306995955733044,0.7036128471818208,1
0.5154315283718258,0.6461906591156005,0
0.6761809860889354,0.13284900141921752,1
0.8290667716595501,0.05715897186741414,0
0.6593747731285656,0.7694350349923945,1
0.9160040215738747,0.66450868357192,0
0.6474217270539545,0.9121140972831141,1
0.556302320870628,0.5676763509847519,0
0.412871577971318,0.1992492445725057,1
0.9831866546819997,0.8403016247540781,0
0.07308345750723044,0.22583797967157626,1
0.880287458095618,0.6979493434101115,0
0.3544314107155059,0.9262217685122942,1
0.7460836515156427,0.33545489545313056,0
0.364998493023606,0.22029854814156635,1
0.7459469317147961,0.03393123356822447,0
0.5916082123408107,0.7966275104965301,1
0.7756862494237721,0.346435510992936,0
0.43180527311941075,0.6737839693784229,1
0.7298775528347017,0.028423643457666237,0
0.35517204183255224,0.30812759197801787,1
0.637615502937912,0.9618729101870275,0
0.6562874514362579,0.10706545223269692,1
0.6674760793772117,0.6564010952171123,0
0.24732507583862362,0.917272085512809,1
0.7097982856334121,0.6352074715682736,0
0.468226925762402,0.20996350031609834,1
0.5769018102309905,0.6156743040480159,0
0.16612370059510861,0.5347665577223565,1
0.7294992205626496,0.48587249484074524,0
0.41774108816308075,0.025718202911301113,1
0.7577769585494755,0.983189210742269,0
0.39784560324176854,0.14654821129614026,1
0.6142623186611059,0.6089163144097667,0
0.5625667345756351,0.1301877994564965,1
0.5116972840733071,0.6334075113060408,0
0.35474616138971327,0.05234961049055975,1
0.6672039623473673,0.3950500400276358,0
0.21666122712462188,0.7179705773877186,1
0.8264672111252301,0.030581472898758788,0
0.471515055141537,0.05877420750525242,1
0.7796609829914832,0.43514648188784955,0
0.07387761110346047,0.5165216402350816,1
0.8762192317847408,0.21718400798618698,0
0.5752790539654575,0.8944918679231576,1
0.34269260791889167,0.4692473046099159,0
0.3670708442230506,0.9989689847159052,1
0.9802308299107766,0.45335976842659964,0
0.39738257666996146,0.13750282532137592,1
0.9681519438734056,0.30617358399448413,0
0.20247632879437438,0.0010643308355702263,1
0.8369405616624442,0.6875639963358351,0
0.1726104728526049,0.16663970019454422,1
0.3193332350067314,0.4128155662742592,0
0.6574323483221475,0.8365723087412775,1
0.31026216945494556,0.4242108691392744,0
0.6110006893450389,0.8254182417390081,1
0.8053707695387347,0.6498334644284391,0
0.527101486954538,0.7581250280223387,1
0.9761215660838726,0.5860155943280938,0
0.030259429032863383,0.1978419461402673,1
0.21639728265729152,0.5190798674631488,0
0.20465565665778263,0.10531907084375369,1
0.9463819980624468,0.1652330368418855,0
0.45227041984987215,0.9389973231464692,1
0.7916033417797762,0.4174096198263768,0
0.07102376242653174,0.021127161428868058,1
0.7117505727101834,0.5556520467307589,0
0.22171055320758926,0.7127631977541781,1
0.8815697366000808,0.36161311311266076,0
0.3754620468776957,0.19940293172944834,1
0.22213792708998759,0.5382574106653786,0
0.7721027429698579,0.8122272076074927,1
0.6523294796857164,0.37198483021174933,0
0.1163141833966177,0.09122452295878558,1
0.9149758307306396,0.04717156927895616,0
0.5846620886005135,0.9166099124562613,1
0.7129854285219819,0.5232951267961506,0
0.3710332309823938,0.28850819562250396,1
0.8871564607790919,0.7444173405378931,0
0.11813192220707491,0.6670144731641082,1
0.49927474275390404,0.6654903342441587,0
0.18104297615997778,0.15129101465978734,1
0.9773471690423957,0.37684700906379087,0
0.18765995033686644,0.1342849311267863,1
0.736846978152858,0.4062873805375711,0
0.46455925059977166,0.8234138004527312,1
0.8339002495782458,0.9924254192370804,0
0.21963177871446815,0.8791051929946373,1
0.4164271665729694,0.39195968330338304,0
0.28286528315080894,0.08932138503901033,1
0.8462098139204471,0.20897661288913683,0
0.2534949022068499,0.2602476356284855,1
0.7418235546864512,0.5959061355183535,0
0.21666409286960697,0.5465183571588738,1
0.6990172352615507,0.07665711091368343,0
0.6189100041865765,0.12291671892687817,1
0.6477986916566728,0.9966213424564624,0
0.06660924141316926,0.22591817420210059,1
0.9854504814571382,0.248000016737142,0
0.3077198747080476,0.6905654176616322,1
0.5381830650202183,0.552423920199755,0
0.1382408776735139,0.015746162216676574,1
0.8961913810299204,0.5098593231872638,0
0.49850106389154614,0.8815583086474407,1
0.9291612444544897,0.30720090401648137,0
0.7783539498227576,0.15676344287445787,1
0.990775278416534,0.09112277358356269,0
0.30463794797579635,0.7466094871963597,1
0.4195677097037045,0.5833160332838626,0
0.05362204608817778,0.8885731010917904,1
0.8945763680106488,0.21074806170383875,0
0.031128191042278153,0.7613437838834223,1
0.7026779703418446,0.4966090787968037,0
0.6608596735783917,0.06572170291098633,1
0.516191810256058,0.41329267310965634,0
0.14875539960039963,0.7183340285048283,1
0.9409053329539011,0.6897384031846516,0
0.19778294721039646,0.38006807162348877,1
0.6653457803125729,0.9430101041717943,0
0.3763263063418959,0.9840046673345446,1
0.701399945626097,0.5179253644709335,0
0.49226243758937427,0.7640752559785734,1
0.41224487681723554,0.3966036161024016,0
0.4999975814500751,0.9925725562544893,1
0.6804724537874378,0.7020465104679966,0
0.15454607600908432,0.05491329916911869,1
0.6925708307601467,0.5885983122071676,0
0.23163430083591818,0.8400049655077211,1
0.6120212483733506,0.49893413783933105,0
0.15795726876886784,0.5713686076330768,1
0.7555611291169338,0.3374316644809109,0
0.38663078820197716,0.6776744128732377,1
0.9511992172694309,0.0011700308035852425,0
0.7269067116861196,0.09704206013901484,1
0.6699330825440798,0.45409262259329275,0
0.0834934711909131,0.8225435683123397,1
0.9053950375173868,0.3196527488095263,0
0.35949538905797573,0.8606115073540865,1
0.8596200562465932,0.393605543428439,0
0.6586798875767848,0.9188612336391345,1
0.8134062692534918,0.42247963946862643,0
0.4540522295513453,0.6953803376430581,1
0.6082825159704264,0.3696146714078612,0
0.6847082575956833,0.2251311756583363,1
0.7330548984443218,0.5523587567376906,0
0.20549345264398944,0.13386539311190604,1
0.8481760144738227,0.30707851410789533,0
0.40333038917203623,0.19513049169238372,1
0.8634140380137572,0.9814208858185333,0
0.38176627714731914,0.04090812137671418,1
0.9257494033393363,0.06410418355586633,0
0.19636601049192137,0.30164938470176583,1
0.9684852963044182,0.5579565869368001,0
0.12493081440520493,0.0963713766164147,1
0.22632299823202517,0.5410581303045093,0
0.22523074279143473,0.7658191903129917,1
0.9322272470854697,0.33971739732279116,0
0.6212622635016187,0.9515368984873643,1
0.794004438024991,0.9164657026910323,0
0.3751324004755101,0.819428067476959,1
0.9448410145222884,0.23538180377865647,0
0.6422850468909858,0.8348452827085189,1
0.6415309684199829,0.4634133104726832,0
0.6444528881995658,0.09953485970140896,1
0.6463882509538754,0.9762218255560359,0
0.2877251673046144,0.9581902111639747,1
0.8900001207366786,0.7941550756112798,0
0.406774153703256,0.8030545822183528,1
0.7438447691226028,0.5798068965739019,0
0.025407741093820824,0.0604277456277148,1
0.3473503768520826,0.540686785476813,0
0.05923761225756374,0.822899870276819,1
0.9879317291979948,0.6407461600281756,0
0.7104724874136423,0.7557730742777659,1
0.2357438086560617,0.49084538961126023,0
0.16235539636358742,0.9683171128286913,1
0.9955041213407302,0.6165890503537754,0
0.2342255497869884,0.3635652387029378,1
0.7675019071283947,0.630046578078076,0
0.2238952612668489,0.3327399508074762,1
0.45198811975857867,0.5215801211729053,0
0.36610952502883254,0.8260863988507474,1
0.8295932650105023,0.5321458379241522,0
0.6294490002963737,0.8411146296535014,1
0.8432129272400495,0.2571186130009011,0
0.1020876311944866,0.9243129195484286,1
0.7767121118451391,0.9624636641695035,0
0.21863001941448867,0.3681160957686991,1
0.8504361321829124,0.6993677985512086,0
0.09942214576675401,0.92337898548863,1
0.8811917373255911,0.32984902374077885,0
0.11776784308499366,0.9517659679209654,1
0.45648696678176415,0.411768635538342,0
0.02017678177421922,0.5737570139307324,1
0.5322468366489826,0.6553342389777864,0
0.14240845387235168,0.04954424180634698,1
0.9146927607156757,0.883969553114364,0
0.12303470441613484,0.29264076889099133,1
0.9496029095815935,0.5511504796888858,0
0.1135388054027342,0.004951337608066875,1
0.6294335412800317,0.3159802112934734,0
0.05292820879139959,0.4821718767380174,1
0.8373075654480641,0.11647738258057072,0
0.4559991638387503,0.7877704476089067,1
0.9046900846374577,0.8954023416973171,0
0.415636663942931,0.08198590962084717,1
0.4803333546282432,0.37964362880732827,0
0.43660789444937775,0.32141002328246615,1
0.9353370977127243,0.4916968645025026,0
0.12563598533270492,0.3129726745734269,1
0.886256225779148,0.41000127473291914,0
0.20669874067752314,0.35382563168216863,1
0.3532337354979944,0.521576813398341,0
0.15033989451032392,0.20983454357471165,1
0.9786565691353604,0.022522888927457685,0
0.5441680279261077,0.28020118894026314,1
0.6151133803811865,0.6155739155865515,0
0.4327769979094619,0.867179008046582,1
0.7736646089237372,0.9078177426863222,0
0.3206724096415724,0.9635266043393445,1
0.4982596180640656,0.5730978856987984,0
0.27557372873643915,0.16063016821772402,1
0.7431537300132465,0.00669917779625584,0
0.15035330210584452,0.19554253261562493,1
0.6697627280532119,0.3023837968984193,0
0.643154397035557,0.8488601190627658,1
0.4620736627897932,0.5143065915360981,0
0.7564332286048021,0.12606821589788153,1
0.4774882486700577,0.38510142923256563,0
0.12152122697665768,0.8752633410184889,1
0.7665897885118601,0.9756589421883781,0
0.49954214671831776,0.7749034840818101,1
0.9221718763236719,0.24648373095339982,0
0.10807984292279937,0.289347439361648,1
0.8266452389568442,0.4131119808807209,0
0.11043484463206876,0.49561423550680916,1
0.22875089759481715,0.5266116133009637,0
0.02223873615753491,0.6110199712556817,1
0.7972233414915383,0.26944585600034987,0
0.26054273628877445,0.8967839763973044,1
0.4574487819182671,0.41987303930693565,0
0.36302046466863924,0.1307361010040543,1
0.933747039762777,0.6086592349316203,0
0.7111266487009998,0.2409085548892952,1
0.8492108859118859,0.8422419529254196,0
0.6569056048042903,0.8092456947261547,1
0.8314873326973704,0.6338553285918357,0
0.3774684458336476,0.18063320625195456,1
0.5031947342034817,0.47272860739252465,0
0.08690264888584331,0.18522298735843912,1
0.9209681270901194,0.2875842641614378,0
0.4162555247103775,0.09925512925523328,1
0.958577654452682,0.49818073258473095,0
0.4006766926163545,0.7423222918362948,1
0.8133364304798544,0.456615358916604,0
0.27505715025467026,0.673299015071041,1
0.8136377486590727,0.21222482952218602,0
0.5867084124847476,0.2489368228220692,1
0.99969338816374,0.8813269913086019,0
0.20278798305259882,0.737731699411734,1
0.9381445165113544,0.6276641872102289,0
0.2113189473607373,0.6824815882508537,1
0.5171462359429124,0.4063888529533556,0
0.6758921852043079,0.8071472875613601,1
0.9409708930579973,0.4705853644142115,0
0.6783435683658166,0.8900699425144389,1
0.9798419644124228,0.41576794542691975,0
0.17052378838750581,0.32378383332514216,1
0.9609052294401572,0.7788073875231061,0
0.5383091392755555,0.7221799293418641,1
0.9134712263913248,0.6334478368637504,0
0.147788771945769,0.1688611803049893,1
0.7469367921808266,0.6084130307375528,0
0.222105767589712,0.1777631598031284,1
0.7049761731027593,0.7144182505232154,0
0.606289311557977,0.877168185922524,1
0.5671246370410006,0.4652223649589968,0
0.5340800204598634,0.7613261871341391,1
0.7637162343902859,0.029301895489858287,0
0.030531414149720937,0.09159575931685915,1
0.9558298975145942,0.2943283272372488,0
0.07832633417723789,0.7296502869703063,1
0.8993738638484886,0.42956830701637205,0
0.6263227219835973,0.24925156254035918,1
0.671289825336919,0.3898051710963698,0
0.5385841850016825,0.2053175223135527,1
0.8283266631281394,0.05896700223144702,0
0.23883887455644337,0.8822475381929428,1
0.8879453466304874,0.5321887460582769,0
0.12437393578689282,0.15508881324019652,1
0.5781457853710148,0.5774639995418898,0
0.6220001774252397,0.7585526387592362,1
0.9720171731318259,0.6035653164015984,0
0.28809680348882905,0.4030742475466065,1
0.8301463165681845,0.12119692337716736,0
0.32748938293709884,0.8212349019816583,1
0.35486220078641995,0.4742817696696946,0
0.22255494242217166,0.9697962427285332,1
0.20683364388362446,0.5105868894245754,0
0.07686451201326772,0.7061686450486369,1
0.9624314638669804,0.43146812219130404,0
0.5280373661588438,0.07535925194730597,1
0.7997678308511765,0.05348329864481838,0
0.47040094621810624,0.9288830922720044,1
0.7106315486321525,0.38127634371503993,0
0.12184425768590068,0.3253981058336577,1
0.8432723769932302,0.8589924100036683,0
0.20069436943963048,0.40724558207187644,1
0.9525347450152418,0.562393141951763,0
0.25614680686508595,0.08836585056930024,1
0.9715937584647315,0.7545752955487915,0
0.10777463427913958,0.29603248697644036,1
0.7137585318283463,0.07079383088930191,0
0.23787719291530807,0.31216886113544184,1
0.21506166179146813,0.47722959602920667,0
0.360966613260686,0.22326948341132535,1
0.8611173637054209,0.6759744741353196,0
0.34615752985452686,0.8191591309222507,1
0.9091879496778643,0.01789425455791771,0
0.39529671358231167,0.6682712319262104,1
0.7163535459362214,0.7363058170504009,0
0.14448870210316578,0.9485185786600552,1
0.24120127343146924,0.48953254483124653,0
0.21672745316081365,0.6567833383607572,1
0.5579546116718547,0.9856507039803315,0
0.317744324236761,0.25864142732993467,1
0.30043013378301364,0.5510321123682019,0
0.036046190670138034,0.2891784937240097,1
0.9051274340143585,0.42792178136645886,0
0.08825005221987992,0.8034305864566019,1
0.7304781815808571,0.3970759660688179,0
0.3773635622362148,0.8234999013696671,1
0.8253658248869723,0.6627194130282712,0
0.5698550189306393,0.7002127321581549,1
0.4045906028868813,0.4012471124147434,0
0.7618480136612052,0.15056363148675278,1
0.8494828707527391,0.6966806940397442,0
0.028607939593312315,0.2817109747242481,1
0.9499635029056936,0.1568880051476882,0
0.4976005833309639,0.8420375381086879,1
0.5859261010876902,0.5583978281886509,0
0.5801664460160716,0.2573555904075303,1
0.737437174508061,0.4466676699824945,0
0.17033943175563726,0.6940252344111539,1
0.9108321703602693,0.7267973364865267,0
0.7361042749522355,0.8699795674417656,1
0.9675783322817078,0.200553821233727,0
0.09846541120286512,0.9226217697801044,1
0.6411315792767488,0.6471307209478846,0
0.20203875009867123,0.06275756269684218,1
0.230459680841285,0.5195094924192238,0
0.537859034309958,0.30725713921921094,1
0.9475634959926839,0.5213424231018101,0
0.02049526185848638,0.08213940518489082,1
0.5583379353248442,0.9856695769831185,0
0.3474971237518035,0.1246497746487043,1
0.37760794042788337,0.45176695885763873,0
0.23868760690897695,0.5981202015518583,1
0.8503559947074112,0.02241596179685279,0
0.2779638832855278,0.2882436071066664,1
0.7473205074701994,0.7245843759793098,0
0.381504876408598,0.020086423695822364,1
0.8870951401204294,0.404692076393283,0
0.5081935250151817,0.9928807345702864,1
0.9225936579157055,0.5916562917747882,0
0.05936717162907934,0.7534368460798593,1
0.9425158223267137,0.6145679976244501,0
0.691662609904203,0.15133869797957156,1
0.409211466257273,0.38527078888643773,0
0.766949063884088,0.856710526809584,1
0.6355643053057288,0.49409229458665904,0
0.18095318748757627,0.6030316790797559,1
0.8314984107607146,0.5690978679238863,0
0.11236628839803164,0.03420330793255977,1
0.8106502554914028,0.26369018707801306,0
0.10690187985978594,0.6257655953009603,1
0.5537984997304063,0.3570400416832685,0
0.5381777774576514,0.7999175098623691,1
0.5290140288628608,0.3322083602200756,0
0.09802576233422466,0.010624255533623117,1
0.7182469788663484,0.9928642025045169,0
0.1636979299499265,0.7425519135358741,1
0.4545455182644462,0.6003561432539193,0
0.42140140702577433,0.19659741031682132,1
0.5607389185329329,0.46616982114093797,0
0.1519801728943705,0.5961363098113569,1
0.8369509165000794,0.4221033563029464,0
0.29849019958903833,0.7413569400455032,1
0.27622790936187136,0.5417610229519321,0
0.12738987829820114,0.41164696749246166,1
0.9148808986292777,0.32259642879707406,0
0.05008475585826344,0.6436545236542329,1
0.25927445088937284,0.4586540631893261,0
0.22716220395299802,0.34498897055623523,1
0.7981543428408773,0.24540698813006945,0
0.20436897456910919,0.12158320247874432,1
0.9476495268514513,0.17620053118927803,0
0.038044810334539214,0.5659134090519755,1
0.6754998089443665,0.4536344003103886,0
0.505173345311768,0.7658831248056991,1
0.9427895369674312,0.1246062476291192,0
0.6536634813529008,0.8158312930025983,1
0.9063520966048604,0.36720306199632147,0
0.28234569913487173,0.5950691100892198,1
0.7276346338814716,0.5703933734661328,0
0.6245799401235835,0.10532196629735846,1
0.7852226686306066,0.2235578197845267,0
0.7108674893836697,0.8080476220258416,1
0.804552819967426,0.14368153671356143,0
0.34927399089855915,0.3844828700206978,1
0.24412431181760796,0.5123992116770487,0
0.18298121856471572,0.6126525412001608,1
0.8668716283953279,0.10595176707278797,0
0.0458804893165603,0.9697590874560958,1
0.7421609152284239,0.5021782604073638,0
0.4058489873686133,0.7365118795381603,1
0.8212063364535522,0.2413013230591724,0
0.2393965411628608,0.9032253118636867,1
0.5630316374751663,0.655205699324576,0
0.09716422635073008,0.21219889078936838,1
0.8746918674912993,0.8291570837678844,0
0.03346303407327034,0.3531919717611586,1
0.8700436316902,0.6792085826781902,0
0.3609541324139459,0.7822286534328311,1
0.9849670125079829,0.231440261838463,0
0.2722301755641351,0.2283225888812126,1
0.30732429137419626,0.46755055241169485,0
0.6989447873032579,0.8887543948122545,1
0.48276697612320607,0.6577717480823444,0
0.5692019845085239,0.3016695348559786,1
0.7392701395183254,0.36432601321435854,0
0.7070912549807191,0.22926218823733435,1
0.6835569811399915,0.7270830214332452,0
0.18423069108401813,0.6080858874253556,1
0.9641814621562855,0.3857914824958635,0
0.08631305530864164,0.5269122322178691,1
0.4336869031183753,0.5811995569900877,0
0.27474485894175404,0.9311641202683785,1
0.9634926119450459,0.19816894932270446,0
0.0687869577418534,0.07711500061169874,1
0.6472307519754957,0.5761094092105151,0
0.532029681222434,0.2904454259000976,1
0.7836775574862989,0.7954425822398244,0
0.5942311154944825,0.15023955585893278,1
0.39751936564539136,0.6054538503351792,0
0.42429255415957967,0.16713768745873803,1
0.7913193379077879,0.9190970237786725,0
0.2899619144278246,0.025858078462222434,1
0.772098799696982,0.672380391839795,0
0.4011250814440035,0.2309065521418744,1
0.7342634164159927,0.38573471335360143,0
0.011322601514400232,0.18882940736923393,1
0.9962500844003579,0.9886595836677944,0
0.4638272610604831,0.018518711210634864,1
0.9101239442493579,0.06671938056872473,0
0.18879414065639644,0.4176306584813877,1
0.806143652508676,0.62629893607115,0
0.03604231176635553,0.5359347755499558,1
0.8580615156438068,0.7648185040783763,0
0.33103711913514156,0.10806890071529696,1
0.5238944008163793,0.4123371034748331,0
0.14346569924556596,0.48655333343163076,1
0.8047923899722607,0.057006909147837015,0
0.13269729804196762,0.740674140843154,1
0.9650951714678139,0.2234843887677609,0
0.5996879911277643,0.11635496414217383,1
0.8675506067158093,0.6566805570988054,0
0.3465391678460742,0.3533063783477016,1
0.6214557423926038,0.5075048198334281,0
0.5480054201903986,0.8473571468263594,1
0.7653313558520636,0.368888924715163,0
0.677856461934426,0.18979169191645695,1
0.8451527725169591,0.7841231156378082,0
0.15752892594432943,0.011096748782388088,1
0.9249843674616186,0.9132628611121107,0
0.31529531694463675,0.3074524816001344,1
0.8274041281189282,0.13622172465392002,0
0.2337902948577245,0.2517519802839039,1
0.7885804127036825,0.21547578292351222,0
0.5148225733996988,0.01696465278925341,1
0.8553455113017276,0.568367685397418,0
0.14375043053143732,0.018719550204358115,1
0.4134014696131274,0.3821768079474154,0
0.3071946364543393,0.8176216811202484,1
0.8551428262273707,0.6143748624947853,0
0.1164038622754302,0.33387684551854413,1
0.7475121626390595,0.37718846251830274,0
0.2719660990138011,0.9610272443386708,1
0.9128696066394667,0.6369189373206112,0
0.6843080454652306,0.8684181293998141,1
0.9463429851623465,0.6962920663740897,0
0.15182935622178084,0.42591723105743273,1
0.9622197799638919,0.2526656610809236,0
0.6978398796591339,0.9044558960617348,1
0.7299899264429249,0.552266991647246,0
0.09800893341081551,0.2966113389374846,1
0.8729318281576178,0.02007577894607515,0
0.053495634704402883,0.9548517422279889,1
0.9948536322739593,0.366286136460407,0
0.06066603001539295,0.24304066708325434,1
0.7453170372167207,0.34946230362076525,0
0.25901203669137973,0.3244999111907001,1
0.7208323765913145,0.6303957919959579,0
0.29824620992130346,0.7239629399515816,1
0.9420976854949658,0.9942163166546143,0
0.02490700080632846,0.16462921176589784,1
0.7983013642713633,0.08069959074942834,0
0.10724874718418109,0.002236631611980844,1
0.8298484606077026,0.3178285442893882,0
0.019038424636595774,0.45579576189448034,1
0.8775515229199674,0.2974842747524491,0
0.5001163254399678,0.960393568832913,1
0.9445795470568632,0.835147781326064,0
0.15294337282831505,0.29511180462705566,1
0.9165185639141594,0.4886746719371654,0
0.15941195695781885,0.8899630878800964,1
0.8419300640508082,0.8856195248424168,0
0.2642442556473432,0.6503192929725136,1
0.5519033637467422,0.32195533087151573,0
0.029427803895368254,0.5394740492861048,1
0.6121836506611376,0.45715352865030057,0
0.06182230928649979,0.9193633433537133,1
0.27046009658858605,0.5594425658606649,0
0.11529207709014999,0.8873270543993577,1
0.9092318967638386,0.8504482496059379,0
0.24404400467175047,0.1387851935608534,1
0.9092610398933286,0.5612039247918363,0
0.5922979380093238,0.1974518773974956,1
0.4877445117884269,0.5781288079286769,0
0.1973048910886599,0.29521241573148627,1
0.8850885350430018,0.1559044320989864,0
0.029289105249159286,0.9511980402173777,1
0.7029534239223266,0.5263939667017271,0
0.5996435366447822,0.20825415505408906,1
0.8165446220169845,0.9408032458408095,0
0.7018574656943449,0.09377158250605122,1
0.9206416690932828,0.8373842225445673,0
0.12024091880973753,0.2510628288463861,1
0.8720885707225315,0.01881678228479866,0
0.12174478252677068,0.1674694851996249,1
0.9326044262038519,0.2142101434632584,0
0.3229991278335538,0.1613073706404945,1
0.737570134208063,0.4824479046747824,0
0.2546207716362684,0.3341091204304134,1
0.47498545969758643,0.6526277969293854,0
0.5486523982880088,0.08624295854962294,1
0.8404188842556056,0.18907649267090432,0
0.3775623303809932,0.7584889795856543,1
0.35060877756630926,0.4244544717940604,0
0.34969366925176015,0.07172837655276798,1
0.9214144535837343,0.7096928882046579,0
0.22842800165220278,0.656093298990529,1
0.9827213118474855,0.24212501694250088,0
0.023197749681373336,0.5196713134198941,1
0.7794280716213158,0.9698886433176935,0
0.2947448374366496,0.26846004750427344,1
0.6228033818082949,0.48481107974428983,0
0.7607500871415284,0.1692579635264443,1
0.5983974084002316,0.021083598584160423,0
0.1859065968300243,0.34083926905877615,1
0.9255288102921991,0.011136035562895663,0
0.29672356029891256,0.04980362933367222,1
0.7899761653356249,0.401545253359221,0
0.3192197202021019,0.6524764251277477,1
0.9257959303957126,0.21555082519219715,0
0.25690781730691226,0.1400329578880538,1
0.997966071823681,0.27260892406817905,0
0.2830222351377335,0.5999186285345021,1
0.8831676523496045,0.37569257808493695,0
0.05811038540084601,0.4371496104737953,1
0.5098915308794679,0.4271534976699315,0
0.2566084703624695,0.11632305443054836,1
0.8211738779132807,0.46543613004444095,0
0.5227407073622463,0.6849999579107028,1
0.9246119874664225,0.9277758642033542,0
0.13865035500709133,0.6758795230590593,1
0.6514436549592679,0.012625565057598598,0
0.08206811778236023,0.8041254956471938,1
0.7691336419370947,0.9477946724167495,0
0.1468107727278145,0.8035115021158129,1
0.9546195082566677,0.028883562051696843,0
0.4745414327446752,0.8670367725727899,1
0.7569411875538382,0.6431489876885186,0
0.012809526000344573,0.21630755084777054,1
0.5288138843896946,0.35207682981719224,0
0.22283259152635715,0.6593307183303371,1
0.6865526123448337,0.9922442435603792,0
0.16904192005976426,0.736911989826794,1
0.4409861818879006,0.4084122731742491,0
0.39600515283920834,0.653823528879497,1
0.5982763534158345,0.40521872908265344,0
0.25081745584481696,0.1248739977369171,1
0.46050502054830367,0.632365760239035,0
0.08281075734486165,0.36916336823990514,1
0.6492805659743223,0.03347402362050933,0
0.6215515789409297,0.7469859149275204,1
0.9557351595924938,0.5823082176371555,0
0.16390927650742126,0.08124048119771332,1
0.8336094643376092,0.49115654949459764,0
0.4001392975684691,0.7145484981854519,1
0.9965200643287704,0.9274622068904669,0
0.007322191420686575,0.4889073054827221,1
0.8415028570709533,0.3442810769403143,0
0.5779844712719269,0.7237718802188767,1
0.8597218089638162,0.07097324220350387,0
0.1731871740972062,0.7986267851479365,1
0.8621807830267287,0.9492892117409253,0
0.45382515955513947,0.0830813068905355,1
0.7509101564200321,0.25862516562417404,0
0.035823920976901014,0.6923774017684203,1
0.828016288111781,0.43266935955174335,0
0.3481965520143354,0.1934413305645123,1
0.9448351424182869,0.39255437457577225,0
0.30958431133413167,0.010064420320956113,1
0.7563656886308391,0.4979370192350081,0
0.49855082805357753,0.9526040079572707,1
0.8551632437532221,0.002862698790385809,0
