feature_0,feature_1,label
0.3834415188257777,0.7917250380826646,1
0.7781567509498505,0.8700121482468192,0
0.6169339968747569,0.9437480785146242,1
0.6976311959272649,0.06022547162926983,0
0.1289262976548533,0.31542835092418386,1
0.9883738380592262,0.10204481074802807,0
0.2532916025397821,0.4663107728563063,1
0.6563295894652734,0.1381829513486138,0
0.09710127579306127,0.8379449074988039,1
0.9767610881903371,0.604845519745046,0
0.1201965612131689,0.29614019752214493,1
0.5666014542065752,0.2653894909394454,0
0.18319136200711683,0.5865129348100832,1
0.6778165367962301,0.27000797319216485,0
0.29743695085513366,0.8137978197024772,1
0.8817353618548528,0.6925315900777659,0
0.30157481667454933,0.660173537492685,1
0.5699649107012649,0.5908727612481732,0
0.43141843543397396,0.896546595851063,1
0.8061939890460857,0.7038885835403663,0
0.06916699545513805,0.6974287731445636,1
0.9755215050028858,0.855803342392611,0
0.17162967726144052,0.5210366062041293,1
0.7936977033574206,0.22392468806038013,0
0.03183892953130785,0.16469415649791275,1
0.9342139979247938,0.613965955965896,0
0.31194499547960186,0.3982210622160919,1
0.7395507950492876,0.4904588086175671,0
0.06724963146324858,0.6793927734985673,1
0.9903389473967044,0.21689698439847394,0
0.38346389417189797,0.5883171135536057,1
0.6874882763878153,0.21550767711355845,0
0.21331197736748198,0.5182007139306632,1
0.8638556059232314,0.11753185596203308,0
0.39605970280729375,0.565421311858509,1
0.7653252538069653,0.7486636198505473,0
0.5844760689557689,0.961936378547229,1
0.9774951397444468,0.8765052453165908,0
0.01323685775889949,0.34723351793221957,1
0.3685846061296175,0.13690027168559893,0
0.08110138998799676,0.40724117141380733,1
0.7255943642105788,0.011427458625031028,0
0.08960303423860538,0.6720478073539145,1
0.8605511738287938,0.7270442627113283,0
0.45614056680047965,0.6832813355476804,1
0.7786953959411034,0.7774075618487531,0
0.272821902424467,0.3708527992178887,1
0.799795884570618,0.07695644698663273,0
0.03536243575549092,0.43040243950806123,1
0.2775960977317661,0.1288605654663202,0
0.4569114216457658,0.8820414102298896,1
0.9040443929009577,0.6900250201912274,0
0.16053882248525642,0.7963914745173317,1
0.8577226441935546,0.45722345335385706,0
0.15941446344895593,0.6288984390617004,1
0.3553688484719296,0.3567068904025429,0
0.23274412927905685,0.6144647064768743,1
0.13105523121525775,0.01203622289765427,0
0.16295442604660537,0.6387617573665293,1
0.7832344383138131,0.2883984973314939,0
0.4240889884358493,0.554687808661419,1
0.9249669119531921,0.046007310887296926,0
0.1059061548822322,0.9509526110553941,1
0.23780724253903884,0.171853099047643,0
0.23774182601563876,0.5023894574892614,1
0.9402096893547673,0.7507648618863519,0
0.5922304187618368,0.8967611582244098,1
0.455444149450027,0.40171353537959864,0
0.37303486388074747,0.5249704422542643,1
0.8623185468359024,0.04869029597552854,0
0.3484759890334971,0.7400975256176825,1
0.5436780538280952,0.2826996509455366,0
0.3726790698209955,0.5305372145627818,1
0.6222310588397949,0.2790679482285984,0
0.5887396099702882,0.9627703198402424,1
0.5098071966215841,0.33396486959680916,0
0.5199523745708382,0.6939564109345475,1
0.6188261682413765,0.13346147093493443,0
0.03603381742856948,0.17477200416093996,1
0.4402637528294918,0.0764867690302854,0
0.05994429824957326,0.06107853706678734,1
0.6725823112965214,0.5289399290308832,0
0.32798800090807967,0.6803486660150015,1
0.2839999767621011,0.238413280924058,0
0.3374773817642399,0.9704936935959776,1
0.97622566345382,0.8897936564455402,0
0.24190170420148482,0.4322814811812986,1
0.11732048038481102,0.10700414019379156,0
0.14780867669727238,0.6849344386835594,1
0.2415570400399184,0.16902540612916128,0
0.11583400130088528,0.45705876133136736,1
0.4037927406673345,0.39981214000933074,0
0.43176012765431926,0.6145276998103207,1
0.7263424644178352,0.5369230010823904,0
0.6063081330450851,0.7032174964672158,1
0.8671671591051991,0.029190234848913255,0
0.01912289744868978,0.5181498137911743,1
0.22139644629277222,0.10001406092155518,0
0.559682405823448,0.7734555444490305,1
0.7592824517166681,0.3645446259967866,0
0.26090449938105975,0.4959702953734696,1
0.6128667531169923,0.0813695988533053,0
0.5495005727952714,0.9308187172979732,1
0.3719187485124613,0.0013833499989991394,0
0.3361022663998874,0.8806781230470796,1
0.9661474456271714,0.7918795696309013,0
0.16604782452124567,0.9227566102253654,1
0.7781715954502542,0.8442349615530241,0
0.156383348867963,0.3041986915994078,1
0.568217593669845,0.24655693981115612,0
0.24217859412608544,0.2503982128535728,1
0.4083029083397448,0.3774065725888873,0
0.3519362404956907,0.8975427646494055,1
0.7452329600321291,0.5269074490521803,0
0.06355377483615843,0.20825325212148382,1
0.8028933715613342,0.15914623694224284,0
0.6374622773722066,0.8119385616910193,1
0.41810921174800086,0.17295135427115638,0
0.5156383466512517,0.8890599531897286,1
0.9195074069058207,0.7104557595044916,0
0.3589952783396321,0.9371170419405177,1
0.8735568272907714,0.4918922317083445,0
0.3573468796779544,0.9149707703156186,1
0.7955903685432131,0.34453046075431226,0
0.5678460014775075,0.6211692473670547,1
0.8108386151289514,0.3481919427465201,0
0.11589846882587973,0.8998667430000302,1
0.8634706491935857,0.5665061069891627,0
0.3145732950042872,0.6573189166171418,1
0.7255735341014894,0.03855724605899835,0
0.042924190608832014,0.33307203447431877,1
0.2981873596630641,0.1509348973110416,0
0.310839977143316,0.7186263903411519,1
0.853606042296272,0.8894479088158666,0
0.3165007454536064,0.482584241712101,1
0.7348137746305611,0.17649938888906014,0
0.19725947430073765,0.5349081983832014,1
0.9217190668708333,0.805263855579175,0
0.49236140669088413,0.8738321783347182,1
0.7368531616807855,0.09767636744772412,0
0.01006369565609333,0.47582619585722274,1
0.5200814166356731,0.03066104832571792,0
0.10747256776880454,0.2875445022805615,1
0.48945863543469814,0.2436778752812322,0
0.18534858697938283,0.995815292959635,1
0.9438508573508195,0.9649249408484396,0
0.3167306665534563,0.6267064759591049,1
0.2656325475414473,0.01350870662671888,0
0.23277267218111208,0.3106292182913063,1
0.7049480619227595,0.4186368635700265,0
0.1858976028554975,0.6915081078315353,1
0.6394627744740102,0.5206777914825536,0
0.7008556494477377,0.9132843408854808,1
0.6150580206350962,0.5524390589916331,0
0.8281466132166949,0.985108679337132,1
0.472413789171073,0.43825594697170356,0
0.16368426115164847,0.44137414333248615,1
0.9062314197872842,0.8163643055198561,0
0.11052229405266056,0.6308318084098038,1
0.95612315955996,0.3304405726028439,0
0.2687090287568493,0.8002556035835235,1
0.7510322995349188,0.15597792803445654,0
0.01809635820147515,0.5905853790479337,1
0.9838538296816167,0.6973302508300515,0
0.1355484331085064,0.720265852504758,1
0.7068718094201221,0.6495342241752968,0
0.3695235401396495,0.3798939037860174,1
0.8882650405440435,0.8603106783434196,0
0.051007308828755815,0.6271607114618583,1
0.7732591260670232,0.5676927488368441,0
0.11861551836576589,0.9382561369639623,1
0.1858167482259957,0.1047361066812933,0
0.4248539212016895,0.664197105081149,1
0.2781165127648617,0.16931269054360076,0
0.5120807159237846,0.9717630761139511,1
0.5983159693646871,0.11891694214601356,0
0.5736097469668154,0.955046681006283,1
0.8877008357273198,0.638609177641413,0
0.502105580724113,0.7861884994650608,1
0.800798599067631,0.5488463284661673,0
0.10231681588759423,0.292177365167522,1
0.8451540869957204,0.3827642192427715,0
0.15236448365130972,0.9960712710101872,1
0.6211403254603832,0.09781016147905275,0
0.05373354735373537,0.396222744661744,1
0.8830775973191353,0.9665751069241639,0
0.3421038752037887,0.8234717190675371,1
0.9824448830007099,0.40044853473592334,0
0.5323203282585608,0.7031890160156643,1
0.5775900900433487,0.07527727983273447,0
0.7396325011799493,0.9568705691056464,1
0.9440324664280993,0.03669141786941299,0
0.2742957038427515,0.7018404829444163,1
0.6455442945794939,0.3448565866227481,0
0.48714812691737464,0.9903685221395796,1
0.8986376684082662,0.5371701279487074,0
0.12208560683646719,0.2596002334976195,1
0.2987503108519409,0.2550637853166394,0
0.10668244680271344,0.4087738294698373,1
0.8847648222993799,0.7019775951661972,0
0.10398807754342043,0.9078984575106281,1
0.8356460375834757,0.48345899817102334,0
0.5379457791519024,0.937663093964562,1
0.7690469943201406,0.6778949696185212,0
0.47418481226362175,0.5147671040351863,1
0.37441398387974,0.3538190325726409,0
0.03042651533700591,0.19362329040249648,1
0.9296187394467544,0.6672147067866749,0
0.19798279993979484,0.40477362895714797,1
0.8754513240932963,0.07382628156424853,0
0.3109303803440895,0.4984347858624524,1
0.4810424481098726,0.2982457987055127,0
0.3502712073448542,0.9197379807712738,1
0.5468681788063412,0.3401007461241111,0
0.4351419865163296,0.5909267255335692,1
0.7689194362148217,0.8565674676693013,0
0.034267040352229494,0.9985265777083543,1
0.3730545293052032,0.19685205466531375,0
0.7137177590011357,0.9154076488518006,1
0.9906516926063994,0.19889221776744814,0
0.39312241522341707,0.5897118179929232,1
0.1816223946456883,0.11222431582828851,0
0.6294612270091522,0.7321422191397015,1
0.845364518667763,0.7780388469246989,0
0.00036734375145786036,0.2737326293884642,1
0.5199849899533098,0.45180701808448065,0
0.07799281787582457,0.8049355721591271,1
0.6716898576108536,0.470321282336041,0
0.4562225019615531,0.5961844467792436,1
0.851198471715004,0.771077346815188,0
0.43125784684189816,0.6726271392574619,1
0.7674657630849425,0.5168330403809708,0
0.11646325416191616,0.1631817055141207,1
0.9006752388088651,0.7698715146690553,0
0.23125495297968846,0.3078740979600233,1
0.8080493403229045,0.9270205687863958,0
0.19600075428073904,0.286329546873449,1
0.426593909598879,0.024548116523977592,0
0.08044851553740051,0.6012277576745202,1
0.8907643464500933,0.8061241514404441,0
0.27047734094662323,0.6161829906159595,1
0.884324226389135,0.9585323442450648,0
0.4768013639288602,0.6218823913943651,1
0.17820095493926813,0.17117204815515852,0
0.5439214998029848,0.979324537264369,1
0.3685989199435754,0.21927938520306756,0
0.5611209274297748,0.8365471806191977,1
0.9682043910905087,0.22619630084200637,0
0.028362934230075076,0.5592483000339074,1
0.9559617507082513,0.9582793338421058,0
0.01331611324646731,0.6062619062265414,1
0.8748423619393388,0.5556626252724074,0
0.3154651571670559,0.599581346373995,1
0.9301263622436969,0.1812676621478424,0
0.13314819153576818,0.9178766169931135,1
0.9550641453735598,0.5189256786371652,0
0.19419420761346906,0.4131347717827648,1
0.60018442398144,0.22500159467716208,0
0.08353058855531703,0.9371230205317796,1
0.8167256870298913,0.6071806401301921,0
0.5584100265458799,0.7181865260891839,1
0.8256808210194495,0.7468338109353565,0
0.704643698826602,0.9229142906324854,1
0.28648634831524233,0.2851749281325723,0
0.009247994223699374,0.9277530793237041,1
0.9832027382901181,0.4486006620177172,0
0.457388698785811,0.6443971409505681,1
0.6090938979435434,0.18511638887923054,0
0.1663246137196387,0.5526864711082139,1
0.9634699947451857,0.3049641829577222,0
0.17633290746448915,0.9417421432655166,1
0.731930277681536,0.3422263312509606,0
0.480107807145184,0.6438640367225967,1
0.5231559899920758,0.25052058641717856,0
0.2715502900064757,0.46185344216193713,1
0.8527361578939424,0.35020195195657644,0
0.37966644320667897,0.5715501954169343,1
0.7791109940193555,0.8051274852078378,0
0.39618455999532054,0.6019436981131123,1
0.6867833676432891,0.28757538285757145,0
0.04928525907355852,0.9334558911487183,1
0.5323360708973223,0.11495214963711486,0
0.6679770724602178,0.84083024241225,1
0.8048229649897223,0.71337040541456,0
0.3175036991866854,0.5955850196361631,1
0.4884424667302759,0.13426702371782484,0
0.7046646536082916,0.9682117713312417,1
0.3954107209186417,0.23059463665872149,0
0.24599060595658673,0.583137978473822,1
0.6104897350200319,0.5456289245734854,0
0.18420430651882713,0.23718963205167587,1
0.7083602670365968,0.3927589459044728,0
0.11492434998823198,0.7240725264090636,1
0.8168251414784377,0.5395366051096308,0
0.5383684384690157,0.572450218156556,1
0.5902799217288169,0.31144939554220064,0
0.4212733963164108,0.926265880140584,1
0.7236230943988581,0.2889067713573552,0
0.01923205935154848,0.569872151314809,1
0.5388770043211097,0.1145881696756057,0
0.5850510104238695,0.9674006017456545,1
0.6037829038425656,0.38582796974253164,0
0.5756340728609814,0.6143675117683143,1
0.8012734198599218,0.05029106314738907,0
0.5301993630119022,0.9514108146164075,1
0.49178403563557693,0.1311162289671456,0
0.46304438152129135,0.916050908274991,1
0.9949019073529632,0.7456665838750144,0
0.36632437083075464,0.5291742697126566,1
0.28351378229303437,0.2630787802965846,0
0.1762816401400148,0.2796787975992202,1
0.8207342620964065,0.9238783025113612,0
0.015676116049913924,0.3447021787677881,1
0.42261007383104854,0.3266352296260078,0
0.5802481665713005,0.8974333267292596,1
0.5645971096407215,0.0909693392955635,0
0.24394081886689145,0.7221507657001041,1
0.5345089400057921,0.42455295605800947,0
0.2750064007006836,0.5005374588031359,1
0.9905391939211878,0.5714974464624556,0
0.16548322833961315,0.6254176103511686,1
0.42746140569325586,0.0009032855212496305,0
0.2515227381686128,0.876681892223048,1
0.44986153390757877,0.22712881689932363,0
0.3805828679202846,0.4785758584818498,1
0.35342370324816885,0.262891177010511,0
0.37193477984906886,0.9444741644379346,1
0.8113794039634867,0.8156175864366617,0
0.18621159518672326,0.18839952278280425,1
0.8866832208474523,0.8309087977775759,0
0.053662906291589096,0.5874885247317233,1
0.40694640027158935,0.0445096271486205,0
0.810290763069436,0.9504860360377839,1
0.7190770235550296,0.5595705341197842,0
0.3815222070708323,0.867580851341647,1
0.8762619382503131,0.253916666989189,0
0.3779764739828766,0.9787965377421489,1
0.966737743843486,0.5347081744165934,0
0.09884595187690437,0.402908444731893,1
0.6946109034163818,0.043270676442196176,0
0.47166406620494905,0.7023391426917073,1
0.8513234378820872,0.23556720050497482,0
0.5316058181086445,0.6493727306293858,1
0.31342052273491317,0.19085000416415399,0
0.36725141256017046,0.9390783565470986,1
0.6621836528441697,0.5809958186732397,0
0.46509178414375885,0.8339346694541027,1
0.878594237524952,0.5066888439148206,0
0.7571297778090657,0.9863290630015888,1
0.5006770213261564,0.07208015736151685,0
0.4060373025327685,0.454386298099938,1
0.8825859737322465,0.08020666233007856,0
0.3457458450898646,0.40051046358150544,1
0.2846940663904305,0.1548694156544791,0
0.6327656411063102,0.7925551673304461,1
0.5080443388649867,0.46109400030335734,0
0.3306170713112795,0.8452379960035107,1
0.8719683961501463,0.44828214689444545,0
0.49863935274004045,0.5912202854073818,1
0.7748038571611511,0.44750343997820197,0
0.15851485058039905,0.4095268315182661,1
0.795252812224187,0.3897864227871187,0
0.30072690578464023,0.73832475679861,1
0.06877784768384376,0.01077776350569315,0
0.20841401420210837,0.9281017724711823,1
0.4196003634549319,0.1992281464241792,0
0.41539495750952704,0.5082713750461963,1
0.7930286671951117,0.8264304053149786,0
0.29136152862599196,0.9180044020391467,1
0.7457637340963282,0.3530363904475091,0
0.6091640528298269,0.7759584418813597,1
0.738402441015417,0.5882017770788354,0
0.07319729852497836,0.15411716937731978,1
0.48206185276773483,0.45311076628522495,0
0.16648113180479807,0.531967344073168,1
0.6090793160357167,0.18477457483728732,0
0.11680700716264036,0.4325966430678647,1
0.8360175827727111,0.6461810255983272,0
0.12474018780936369,0.4617576297529471,1
0.9042874658222364,0.4493691779610771,0
0.19840674774889933,0.603038139426371,1
0.2916492615163876,0.22213992176121322,0
0.2107106425777696,0.771146097054588,1
0.8818267622722838,0.3691611951062197,0
0.6490695977908352,0.8560349969338062,1
0.8666605749971459,0.10409193213346701,0
0.7340756777304887,0.857978579001121,1
0.9798641184223712,0.8672860771213566,0
0.32741140405268243,0.7034304233584269,1
0.551569960761176,0.12301675917649424,0
0.5927595785429434,0.7932593060544021,1
0.9640511688456009,0.7709400866027316,0
0.2698888205643851,0.301768552165938,1
0.9185266283960603,0.2814161142143904,0
0.10784968126068728,0.3885892096203356,1
0.8170569837942127,0.930941311255106,0
0.06958710851901795,0.36547352532599353,1
0.7907728499829019,0.19404254918460295,0
0.33160214566713064,0.3430669324230867,1
0.5784515481629375,0.39711199099606664,0
0.7839054772850341,0.9695823723122513,1
0.5760767658404541,0.2842327288404888,0
0.37273675143760665,0.9357995794399642,1
0.7903403526216722,0.6484683580489194,0
0.3688491939140621,0.4740025854219123,1
0.742271569229792,0.0230075418456952,0
0.7687722230537536,0.9668005974515538,1
0.5890134889852785,0.25663261663902925,0
0.4444937233583467,0.4950963271763734,1
0.8518938450883227,0.6596954981260428,0
0.13950519378682968,0.8048940268708661,1
0.9589616184964967,0.13599268999160763,0
0.6645010506676454,0.8676871753434979,1
0.3650435474567474,0.26768403969287646,0
0.024945629811443437,0.41536730019127244,1
0.5036973051815162,0.025737775583115297,0
0.3236137095467213,0.8135450174175773,1
0.7785842640282813,0.8515577942834893,0
0.05862905888377212,0.2001706815505686,1
0.31515150344547804,0.07017356786490447,0
0.3000318716171253,0.9561498341240191,1
0.9529108480388515,0.914602694494837,0
0.059846315550850626,0.3022072827360107,1
0.8334788758433764,0.2762691080120896,0
0.3921798826190154,0.7335704476706063,1
0.4142210500958915,0.3602481588123011,0
0.31658441102995283,0.7835077656425353,1
0.7475763636496067,0.408509117897626,0
0.25287988720157717,0.8921133349667691,1
0.7991832081050435,0.19996658590792427,0
0.6808601208111374,0.923341084521733,1
0.802187920876386,0.27484439421426143,0
0.07679747022711503,0.21435952961809968,1
0.6939881399885446,0.47722248071760787,0
0.16174119463151948,0.2723958026607546,1
0.3465341756581186,0.1808393999158191,0
0.27379311114879124,0.9175394862588203,1
0.5674409403252657,0.20237230493598024,0
0.14977640928588787,0.1640043891105587,1
0.9687912539451718,0.12446060880994103,0
0.1945745242572069,0.8820359225258269,1
0.858856909563651,0.6053904805020363,0
0.17763229007560877,0.41295045442400635,1
0.6464559113657224,0.14131404979592044,0
0.597950900679121,0.8382864750148153,1
0.8091995921508134,0.3120705211951691,0
0.17307226036346834,0.46242639029914556,1
0.7169750729815461,0.5844829937642724,0
0.018173019276237823,0.35259611513765576,1
0.7198520277711921,0.7673608619709871,0
0.6018679759527085,0.8658052565674659,1
0.3045715507819634,0.013688410984091681,0
0.27459469982028606,0.43430247140102396,1
0.521913680218495,0.36772668506784956,0
0.42025933959837536,0.8966942501708143,1
0.7290155103364921,0.2609240084776018,0
0.16510812737192027,0.9586012891469076,1
0.039783298028444825,0.013836251172974823,0
0.15570077014486672,0.47660392304326005,1
0.7524914090061574,0.006237766446710369,0
0.3162919638346049,0.7306790666385901,1
0.9699110259492697,0.9870849034861486,0
0.02786372412310567,0.9438645773285519,1
0.7354093600258587,0.7378812839173013,0
0.0611974471035418,0.382989702367717,1
0.4421293206493173,0.0019621445973821983,0
0.0979187987907415,0.5012363117860135,1
0.6819531314673225,0.16035314538048817,0
0.1895738658444951,0.4837735463096444,1
0.8865051551042046,0.6356772638808419,0
0.3226629649849716,0.6913108812107946,1
0.9923469623196748,0.8325885178221839,0
0.31633539290556756,0.4899233666388467,1
0.9360590205048064,0.029435237061361197,0
0.2688782303903485,0.30596559055389094,1
0.7284654948930182,0.336350655296926,0
0.37292509626159465,0.5425058428622357,1
0.717185240298106,0.3541393651221608,0
0.4713172007107326,0.860143500304649,1
0.8113770403016125,0.7880353687003,0
0.27879141669105545,0.3024312445516868,1
0.8603830798416068,0.8035044982271469,0
0.3114649593908826,0.47445327221813327,1
0.18219764492303292,0.1256644453137924,0
0.5158542979015847,0.6849379367067089,1
0.8621976301852416,0.18297559358395976,0
0.18710434243329277,0.30073256395315373,1
0.321438589165044,0.002770956625681942,0
0.02510953817714312,0.8344984319735175,1
0.9204871188372717,0.2626142180446358,0
0.46518955047155564,0.49377406341346375,1
0.817352116565939,0.7685456376763616,0
0.13253097749036336,0.8514226765922394,1
0.3313715908270286,0.23191404341416944,0
0.19970392819903238,0.3680839022202911,1
0.9713928217354079,0.04622640047085602,0
0.2137071880691377,0.7622328074825822,1
0.9234419334879927,0.012210519663421904,0
0.11990356732862284,0.7179512067070324,1
0.42275869303077596,0.1047744042491886,0
0.43161725028685605,0.8009363887030907,1
0.6475524325933526,0.5630238367151661,0
0.13479789472306425,0.7950350443033544,1
0.6963676936065396,0.2402622011512725,0
0.5415846607086229,0.6277788742244063,1
0.5753067067202899,0.1450155894271119,0
0.30032157477911237,0.6168211241115817,1
0.6658070345090323,0.6140006512807219,0
0.1911514768901753,0.250180007174864,1
0.6332924423782887,0.12542188091555395,0
0.41057870144117214,0.7793492722768518,1
0.7121854071513629,0.09410500407840094,0
0.2008242765381808,0.5033222993038652,1
0.26888805009787653,0.10676759258842983,0
0.05690645260383198,0.728557743534167,1
0.7046820311167495,0.15214085470395233,0
0.0961552543014883,0.36063499365180096,1
0.8311881586067501,0.5538959343957655,0
0.3424065656010231,0.4790215054529672,1
0.627183234547841,0.505191555071379,0
0.11528118273788834,0.37601733497150314,1
0.9293998221452582,0.8238822097031292,0
0.04278380916663371,0.3349545405035974,1
0.6725046423160782,0.6050368756235982,0
0.20921049112192747,0.3218889624998843,1
0.24954174744284097,0.2274702082086888,0
0.05805632067769373,0.16329214202474285,1
0.2770661627261115,0.13535111433764768,0
0.30659940165063915,0.8298353336783945,1
0.33508574267910995,0.3245999991272911,0
0.5278719205461331,0.6715157252329823,1
0.43610982009521804,0.20822421097781196,0
0.20010934490087728,0.8999425369158052,1
0.6300171925284672,0.27204033929140836,0
0.21581336566329634,0.8614762028764,1
0.465485967436008,0.06558209567040296,0
0.16030521702543288,0.8058308258054888,1
0.6911288860821325,0.5195864408573572,0
0.2196337996488893,0.8676942857212915,1
0.6634571998860077,0.5251597299929988,0
0.15510809316064378,0.5821871830790901,1
0.396905538757533,0.18295193952533229,0
0.057290038549901334,0.5567194419749216,1
0.5260963484005408,0.21328200403897157,0
0.08168893759303875,0.30969464926452184,1
0.7582558436964189,0.15775159165898744,0
0.2276689383929903,0.7484325130680506,1
0.6317694004506118,0.3984317131891898,0
0.4377852488597531,0.8494852489826142,1
0.26195314970279426,0.16313215297289452,0
0.32885323381140785,0.6009327870197562,1
0.60293211047753,0.11951561836705538,0
0.12987027957280362,0.6705659229837077,1
0.1879098553132461,0.1522379385630518,0
0.10777613604762737,0.33378340489470293,1
0.8315584310390406,0.37739233174698905,0
0.3220544273636916,0.9851546831184075,1
0.7067857215297443,0.5452011971650093,0
0.14215650226214827,0.9393044596914456,1
0.4572891110790437,0.13266195551253201,0
0.17567656948828547,0.43216660514178373,1
0.3763414581904063,0.06177906973480196,0
0.3496393671192708,0.4348736293666029,1
0.9474195185897651,0.8646408384568184,0
0.24811224848006264,0.5083733142598797,1
0.5597646005643659,0.2688315646932502,0
0.0189010682637637,0.7384959296651173,1
0.8677099684769924,0.42660833869182113,0
0.08579703513243586,0.7986187466244946,1
0.6797967402259275,0.266726943216011,0
0.041810601153301374,0.6065293910758234,1
0.4256303514649916,0.03902913808359587,0
0.2012292906236388,0.44820272374154624,1
0.6503917479374361,0.12021666718785995,0
0.10398209321647645,0.2156755661320542,1
0.6124272839894,0.11588175867566619,0
0.49551475247726773,0.7740529258445351,1
0.6946466513738965,0.7365733630422217,0
0.5562573515833802,0.7170179689321408,1
0.9739029580424036,0.051717662340782455,0
0.2369650183111639,0.8526226082130755,1
0.8812398878757064,0.3186723521815287,0
0.4140153847751511,0.5226158468487513,1
0.2323422036036078,0.09570169580913968,0
0.26253654507815605,0.2959530604047663,1
0.2293638996894345,0.19806047831528317,0
0.11587016526054772,0.7080479638455524,1
0.9625743710919205,0.1911012006151671,0
0.44933099697521217,0.7347733972292894,1
0.5220482465927828,0.26266441418502784,0
0.5910919631856151,0.7137406204838045,1
0.4328989896562977,0.3257544359864233,0
0.8052882554318365,0.97916100621838,1
0.517023394169903,0.2557198042079394,0
0.43521552045635725,0.7652582604512472,1
0.685506985378391,0.7149763296261568,0
0.1317055624519009,0.27853571434901214,1
0.9078256449513591,0.45184683151759064,0
0.3463276500858449,0.5546435845852176,1
0.841254064030045,0.7216095012513192,0
0.4964399473360398,0.5994131178177925,1
0.8445658597384956,0.45222121337041465,0
0.230476070159513,0.5351480485798903,1
0.6311232710517998,0.35930127868712947,0
0.4676570677191002,0.8454039345087339,1
0.8713810215947371,0.36331354583071906,0
0.7749456414423113,0.9678570834494661,1
0.9832713188441309,0.5954032831362801,0
0.5007763078118548,0.6270581276779179,1
0.5454002163552302,0.08167126508348677,0
0.38144561378471853,0.9014953018499317,1
0.6513094388112957,0.06273651131791269,0
0.7692256838949744,0.9721138959242149,1
0.6679425961129916,0.4224437872706094,0
0.4102386749667679,0.7430228925332476,1
0.4227221924900907,0.04273899302080575,0
0.5003487431628697,0.9368792084893011,1
0.2523693137024965,0.008162767446609265,0
0.389791444940793,0.8005445255305743,1
0.4991818345516955,0.44784759633650517,0
0.044658824359445126,0.5034686093793187,1
0.5877480868627315,0.5429862373083882,0
0.1559204841607894,0.6114227359945645,1
0.15876824849159765,0.14327791148182034,0
0.17047921327901827,0.8018705034394569,1
0.802240832233182,0.5863030105015549,0
0.32415157494616786,0.6875089728299585,1
0.7455332082200743,0.4683316669173232,0
0.14259143461115809,0.45934796084424934,1
0.6676200688843181,0.19531752237312883,0
0.5377374935872099,0.894164183762562,1
0.5727805812768629,0.32404271547176233,0
0.6176700243373133,0.7364358207481377,1
0.4064449124008854,0.1700970121859906,0
0.385619861610651,0.44006333135797315,1
0.8471371472082502,0.76094030253111,0
0.06398226218648662,0.6412538606417006,1
0.6650932640952021,0.6107026804586011,0
0.0841018432522711,0.2426065143827414,1
0.5718492202749439,0.5195832923153049,0
0.3460720743301008,0.9033779832128846,1
0.24977089352473847,0.24066889673321867,0
0.3236119729431979,0.4092966507907204,1
0.8948692396828983,0.04051673614469664,0
0.468839957890701,0.5798298600121987,1
0.9242743346141207,0.46259277420988687,0
0.4431526625579515,0.6689140002469732,1
0.6426096986453004,0.3814602801848396,0
0.33197109064231656,0.8382055695407933,1
0.4046758169978758,0.32950361604644496,0
0.27345391561770005,0.7461028700926283,1
0.8478048808856727,0.8784202538807585,0
0.24434462826666647,0.8660775723135234,1
0.9131511770439525,0.9165767655006917,0
0.27528778539056553,0.5377509775277578,1
0.4924272227573304,0.16027042870417663,0
0.19664682452455484,0.915896904725474,1
0.6355843417029102,0.25975364773136134,0
0.1449134952643405,0.9674916853073376,1
0.3310087591609415,0.16392685014813946,0
0.3691809440992293,0.6718731713210726,1
0.9093551124642789,0.4666293736999204,0
0.20214541958645416,0.6191428258133745,1
0.673158146918348,0.06418438235411827,0
0.15373198946529187,0.6166895563041491,1
0.5896365630842033,0.12950937628619286,0
0.5570674938278416,0.7035988520793304,1
0.9715309283465463,0.7361026993008667,0
0.16120827226217105,0.4220064644911017,1
0.856179176233806,0.26939083034449174,0
0.02771074949814023,0.3043616434857568,1
0.75236630587641,0.6949516877790678,0
0.3881798489827343,0.6073203455652825,1
0.8671605076394512,0.07765712692326643,0
0.0940238805164284,0.8518839291320732,1
0.056283547133671674,0.016883784429005844,0
0.2573246988236051,0.6644249776889313,1
0.5528223556900267,0.4317116640505323,0
0.34639443568268435,0.8535026178683808,1
0.654684237674076,0.3121943143752183,0
0.31810636007108817,0.41567185646575766,1
0.4721312932373858,0.05101303307194649,0
0.23474043001400113,0.40032716873111773,1
0.934759914336219,0.39619710872664193,0
0.5295290252524105,0.6400455455225241,1
0.7329939155277158,0.4993545241525672,0
0.7864455027447715,0.912759237011567,1
0.6571857904622997,0.4209270640798972,0
0.31299077777679774,0.8841752408568262,1
0.9973536810729767,0.0779966370611127,0
0.2551560524061398,0.4413576227998247,1
0.8828833922678256,0.6667622624685676,0
0.4151208649677005,0.9624825097357574,1
0.7210893163713941,0.5963329437895811,0
0.2892474845576688,0.7366239439973583,1
0.4384167268033342,0.36130004377240055,0
0.015228865370231603,0.7778802532570951,1
0.12129977222287758,0.029564740126206024,0
0.10426473414343551,0.6978639818667118,1
0.9181717313376463,0.5792575947174932,0
0.15579670440750393,0.19456826181614306,1
0.692917552350085,0.21815574826780815,0
0.14368104195420506,0.2785103008781139,1
0.5786356332052254,0.2885886788600466,0
0.3840980551084494,0.5095620286443752,1
0.10811275170455004,0.02899486998162648,0
0.20849832048797057,0.568548055856618,1
0.15891889101864154,0.11901354720833301,0
0.5614162080757035,0.8457396341581295,1
0.9315062661175667,0.5171395715537852,0
0.26512523712120484,0.3066818621698084,1
0.8546498313787537,0.41823208636807807,0
0.12066494538423844,0.17108871769211698,1
0.11187205183646587,0.002125394816527737,0
0.35653452504058447,0.7703758863024983,1
0.15839147210138893,0.008906159891957532,0
0.2657813825886495,0.7658853046993359,1
0.4519490103695154,0.2770826690937104,0
0.08143183556633804,0.8387972783999728,1
0.6234800061046875,0.27827343657115255,0
0.0923492753402122,0.9662208123645003,1
0.04613701973475881,0.016370154899359557,0
0.06197714607419669,0.2788366202003293,1
0.805165180779569,0.05978443594780192,0
0.14397173231415317,0.47903494480879594,1
0.7377738575166696,0.026338559140857365,0
0.173429713261673,0.3686167729658242,1
0.5928977624010155,0.5229846652790235,0
0.002624860083645486,0.48441868634742913,1
0.49306119094522105,0.26039715770152805,0
0.008636591717047004,0.6289255677324158,1
0.5724114284565913,0.44671865595349747,0
0.1834801085039569,0.8188660675130984,1
0.43563212969053056,0.12540401379846733,0
0.47245508902480304,0.6663307728957538,1
0.4173045001510062,0.4126036845593929,0
0.050859749137671106,0.9766996259784294,1
0.9180811903386481,0.46955681635503677,0
0.179531403193542,0.425064913413416,1
0.2672670392793085,0.1644326896777859,0
0.19379415706109637,0.7512853270023069,1
0.4193509917347735,0.31900209544614655,0
0.28581895410133673,0.4622782156644186,1
0.9616329756751311,0.5240260945909234,0
0.32626442173019976,0.8520664607012145,1
0.7569787491436959,0.5777352938932433,0
0.6486762994843933,0.7993880680782421,1
0.7561116530041684,0.2240343969920071,0
0.31475925240046,0.6321208142767394,1
0.7767641682552443,0.3186138552686252,0
0.16392806682708638,0.9510694250493024,1
0.906586317718425,0.1402892979004947,0
0.4643670243334074,0.7946117182649748,1
0.8084636732940402,0.02574421374986946,0
0.25595339279506435,0.41906619138035706,1
0.9253006741749734,0.470399929220913,0
0.08858766880180191,0.3479624931488631,1
0.4925060893830898,0.10473779394108029,0
0.37636975659376704,0.5123818824025214,1
0.9393676947880834,0.8319590605471314,0
0.17801758545621216,0.5190075537779674,1
0.6816779778478236,0.05801545716674017,0
0.6005562261662398,0.983472938004841,1
0.37538921899023237,0.12946952245179288,0
0.29491717747170043,0.3466668410446121,1
0.6235774122370806,0.012769027512908315,0
0.012901289752904943,0.7019395885371039,1
0.40773168314327146,0.23233768146807765,0
0.004960601569080403,0.9173782984001366,1
0.7375992951678767,0.6709610146245125,0
0.5382582499869688,0.9217565393954021,1
0.9016909835425745,0.8253882832161519,0
0.2542266118257689,0.8668668960548604,1
0.4458547688324669,0.08462076875400237,0
0.29935680334672377,0.4690426473292233,1
0.714880021494959,0.597945994636332,0
0.05040509231333379,0.7920765760385999,1
0.8960522514968512,0.8776740768408433,0
0.10611794902967975,0.31148371881176407,1
0.2634359551967086,0.07806747249987345,0
0.27146543026999426,0.5974995756611501,1
0.9692937868690089,0.8862247187814873,0
0.5350312900861803,0.6750779395188993,1
0.8649374486927179,0.7534954225564147,0
0.6043077792236501,0.7361741349383045,1
0.8081328331130814,0.9312819841207534,0
0.46733826584618987,0.7171476260735233,1
0.9648642416539138,0.6902621570556147,0
0.1487804745516349,0.868849903679928,1
0.6571731874206858,0.11223236229024414,0
0.38085334257877945,0.5447598583067481,1
0.8931135181516047,0.06118888421400459,0
0.7933333118398577,0.9378562651668003,1
0.8652060263692287,0.29965542624871067,0
0.1274871080121842,0.6513593483108809,1
0.8155835834987643,0.34934616318525513,0
0.27610073226945986,0.7842878718629166,1
0.6857984253448808,0.5022890565359853,0
0.20768913531876532,0.860030137795244,1
0.9408186758646101,0.21648792168083886,0
0.12326822327950848,0.7436223991939167,1
0.2510225380451314,0.0653915207119099,0
0.16278764942333757,0.37154547043351427,1
0.47191161877427,0.3847152628605611,0
0.363892774321953,0.8034974713723212,1
0.7440794496231079,0.061375868570569536,0
0.04982754879289264,0.2602528047561462,1
0.450965581916813,0.016788717539566234,0
0.007092424504005601,0.11160022513888179,1
0.7855826878141747,0.7336806308500963,0
0.07232115926078597,0.5648157586952375,1
0.9152712849542888,0.15298271232517446,0
0.47265508002614975,0.9436025391802001,1
0.9869407771310376,0.09564526644980575,0
0.11971610468122029,0.4044393011192855,1
0.8456225589346785,0.4741650601753056,0
0.015446074678692634,0.647088366463697,1
0.8815425960548838,0.054815826810139856,0
0.15975718713646014,0.9374075729287451,1
0.7896001398250442,0.3603576642479248,0
0.47619222605502154,0.5326990745980137,1
0.7840746259144714,0.6817517685017292,0
0.474954644495594,0.5961940429332528,1
0.3607954228610627,0.2789112105308523,0
0.3295302892589168,0.6991276180280982,1
0.35056705308389646,0.15739744875697415,0
0.363891243584077,0.8024040447137513,1
0.9036637406018898,0.2670948352502299,0
0.19089503111390738,0.7535587527636661,1
0.6668632040987817,0.6035510202410393,0
0.022402813798596766,0.6855370491014435,1
0.5302034215504031,0.054266394648734284,0
0.09332351731567312,0.14180871772763115,1
0.7923490214866913,0.2572190963807842,0
0.11688770194339293,0.5590259315099929,1
0.9884214329976069,0.6326775584564301,0
0.24284325984597044,0.6094272384712242,1
0.8799225351602699,0.6168877802531492,0
0.10551829464223716,0.285340370117794,1
0.8142268941187296,0.793437280534362,0
0.09009998820237053,0.5541931862447058,1
0.05130866183311378,0.03038283911238404,0
0.5294293084233084,0.9590058987642642,1
0.9076145585613595,0.7082831405747101,0
0.33707314042002723,0.6900501377623072,1
0.4836966144693602,0.3395507309511038,0
0.03459012575426679,0.7760049179450405,1
0.863597702236331,0.8603850438750796,0
0.35369242910772447,0.8888328939449607,1
0.5949380307729589,0.5639572035274568,0
0.2557335320315858,0.3395114382042821,1
0.829741369555985,0.5256997148931065,0
0.172985677257379,0.472094057017978,1
0.6746038509929627,0.22193415638011005,0
0.1911172271039535,0.9663717444251193,1
0.9994782500995681,0.5900994975210713,0
0.5081565720401193,0.8997861669773904,1
0.44904391262661825,0.21768278162070565,0
0.3758763494031635,0.6256985496114685,1
0.6863134531018993,0.6917106852566379,0
0.019397983736088364,0.5982939903852376,1
0.6258314142890883,0.22505507332950425,0
0.47388977885992334,0.7232848225591392,1
0.39300921838654257,0.1479111457346507,0
0.05846241865712687,0.15052506965642853,1
0.9184122777180632,0.3547046819793165,0
0.1447122867817633,0.3687144441173573,1
0.3787352733338839,0.2412541524818187,0
0.6468215249343464,0.8879207710432816,1
0.19880420538553856,0.19184457474798877,0
0.6668048227723277,0.8213445631683517,1
0.2537726800621737,0.16459054620342062,0
0.3867855037467396,0.47709440152749405,1
0.468634224195022,0.2517761776166666,0
0.023984851587710243,0.5698759987051809,1
0.48996963150467054,0.18237171379222494,0
0.13322338813487433,0.2834628391543551,1
0.8102440844424843,0.6193006073063304,0
0.6398546571412967,0.7368454413919675,1
0.8111955617155305,0.49062694324010003,0
0.43065145226838597,0.8148922205470591,1
0.3900580373018665,0.3030692892057736,0
0.19298210794577952,0.9700227833676315,1
0.7477418496154136,0.5194640377742835,0
0.29966614553662196,0.6928043451973245,1
0.8462493800401598,0.24118982176047088,0
0.5862597572348028,0.9236578068800452,1
0.9000573049353442,0.6964768294145666,0
0.05449016214043634,0.15319920756241112,1
0.6509178999698826,0.21492954390011454,0
0.2664468110210094,0.6388649039268323,1
0.8569970748307678,0.11102601540791324,0
0.18980381538838287,0.3733456825587742,1
0.722728754448925,0.663909205751314,0
0.33889943307925674,0.48182786087509044,1
0.913578918296801,0.7289601976453268,0
0.2596147771366438,0.6019514224019971,1
0.5290669153175487,0.010686520253527898,0
0.47393787286906197,0.8540873756008774,1
0.08542429297114362,0.06798291605090445,0
0.12555170305093377,0.21269615262495822,1
0.7374839894934233,0.22140809653603255,0
0.5967907154163188,0.7724021772527104,1
0.7724184966593586,0.23285290915336143,0
0.023472747932016813,0.5819463389001059,1
0.33311808303924517,0.10783584424794856,0
0.5490742921137304,0.995082066501174,1
0.9925949324479775,0.7430991647381311,0
0.09691401801436517,0.9283330925386885,1
0.8304247459573004,0.8057756185030537,0
0.25422602090442203,0.784985182331391,1
0.23106325649730475,0.12739389279891733,0
0.3329088828900948,0.9937111994613984,1
0.04142908746895546,0.04025668760753387,0
0.287243988576926,0.5338767517623665,1
0.6654005697376356,0.313055637104693,0
0.04834719400136778,0.22891553502815187,1
0.74284738098208,0.5615964941163512,0
0.15041733146828873,0.6362155333877388,1
0.3420953907670756,0.30023523991797174,0
0.6155111211329035,0.9850488848424479,1
0.3258514080423317,0.19635559007053371,0
0.4653102242138287,0.6243118930312149,1
0.9298208966736223,0.6942861467422575,0
0.0888046565068874,0.36541018247418156,1
0.7921518285582522,0.7826874906281025,0
0.3596488810184315,0.6257735997273614,1
0.6644993180338095,0.36081475701099497,0
0.10006356442883158,0.24210986545263669,1
0.7761543873400968,0.08470299481994203,0
0.06987841961235586,0.7083869649641183,1
0.7417424111095788,0.3130639129209539,0
0.1257009545485852,0.16622886434189632,1
0.1694679865670896,0.11251762066662319,0
0.027689866481070413,0.7660882525012015,1
0.5040966585100232,0.12285801341521918,0
0.7316707998695561,0.8782887916325304,1
0.57754873185332,0.5341480763426564,0
0.44060323284291525,0.9675886809570229,1
0.7185377796671676,0.04922065517688312,0
0.44822579099730075,0.8337804667900105,1
0.7031446813789685,0.3444015683259323,0
0.1526430996134447,0.4598882785460592,1
0.04422048482604102,0.02589787253935405,0
0.4585452791351088,0.8818905703558266,1
0.9237380669378205,0.12328677894566675,0
0.3655181108771812,0.39746762521546375,1
0.48909633153699983,0.16934164939439944,0
0.25663082129253956,0.952586329502329,1
0.7099218407468287,0.5353824272656842,0
0.6278380403773827,0.7370082320879698,1
0.20030178667017629,0.08090392316204587,0
0.38644067982498886,0.6814581014047238,1
0.8162301680574803,0.07099909226299395,0
0.21787991962622655,0.9928871654632269,1
0.6422605933113189,0.1988031570029617,0
0.5312361169926768,0.9694322436001992,1
0.6126887629156766,0.2032555404902069,0
0.7863250431569317,0.9075182697110807,1
0.9267471088454478,0.11720874437914053,0
0.042895897284016105,0.5317543354427275,1
0.8752227692976196,0.43758639901883567,0
0.47416375488813567,0.8368037913632785,1
0.9138082273681882,0.6622127041301269,0
0.5051404107654752,0.7850888711009105,1
0.5388997537701047,0.10408019694404624,0
0.6399673709743764,0.8167522208877048,1
0.6551304024783047,0.0411110011418061,0
0.07094386771243155,0.7949861451032598,1
0.9921171349526544,0.17942040244741364,0
0.3915172929450532,0.9374656204336403,1
0.7236890661029202,0.3830118824987324,0
0.5494450258696625,0.9055157676783568,1
0.6584794920331213,0.628393620599618,0
0.18834355939471392,0.9798315439620894,1
0.14340792022874027,0.030643464003464294,0
0.23482889816922026,0.8302416213705017,1
0.8427590095284734,0.7840421779944164,0
0.22615787010324118,0.6906958658686108,1
0.2181083358351018,0.0378085503217499,0
0.3603335923014055,0.5909656718148829,1
0.5522122769361044,0.40125981512628817,0
0.47984029427226804,0.6359084062356114,1
0.9978133537694148,0.09886441623260189,0
0.5198964435330287,0.7360321826115527,1
0.8291148883827826,0.5506478913184637,0
0.1789108925947802,0.4080935557579406,1
0.9819735252211879,0.10749205818689556,0
0.3885032525578892,0.5393588364275438,1
0.14710377487999615,0.054255836314527905,0
0.24904205880259833,0.6510028102936444,1
0.8693689269415396,0.15739584912275373,0
0.499012664343811,0.8951140528845675,1
0.7080064803052764,0.6132248157403604,0
0.7137544731778374,0.9699265919173937,1
0.9460673436570871,0.2285550257603659,0
0.27610971471285073,0.7084662629270237,1
0.7334704221276805,0.3665611154142516,0
0.5418418404493104,0.6370701534375911,1
0.6907030954530314,0.06521464721662573,0
0.314321644093269,0.612456231292083,1
0.35662028771018583,0.2458901595699735,0
0.21433669344558237,0.6651238586443668,1
0.5091859687217706,0.049491467155628355,0
0.46665806233093166,0.8039939440351594,1
0.9979818120946059,0.19218128376428567,0
0.0812635366383847,0.9294283644569747,1
0.3122986170758142,0.21404057967009382,0
0.6413007780609618,0.9254372594876188,1
0.2289610081163196,0.01960223306193165,0
0.2240390588541673,0.2784595953903336,1
0.5754712485275603,0.15775160622349815,0
0.4718949858560406,0.6145127612603761,1
0.9249654928310098,0.9909404198840676,0
0.07500483980227612,0.8001678784089122,1
0.2876483753828909,0.045663217866664274,0
0.2465856395657713,0.5863096890166372,1
0.6702804280820993,0.181858460291778,0
0.3303001411894396,0.515670451497592,1
0.8604430801914634,0.6957230509751808,0
0.07568570568769728,0.31371767053148614,1
0.9156914153497794,0.3612846182579472,0
0.23160918076596182,0.9874558514466668,1
0.9103813907255212,0.4381927803188038,0
0.4770872644449199,0.6593617967637132,1
0.48992567874270676,0.05579741994643972,0
0.07228576139578391,0.17113460410957881,1
0.7932735643458988,0.32083683954135045,0
0.4630882491956728,0.9103238748211734,1
0.5830436415285783,0.36582710326906576,0
0.3060427782278984,0.8647414812341482,1
0.7826074429363074,0.42246579425806874,0
0.3499613429124586,0.40817814421593035,1
0.925136396120809,0.8147971587996189,0
0.3923070592813428,0.575205794432731,1
0.6320068128511475,0.5958702789757002,0
0.43596125319483015,0.8468798639039168,1
0.5107033625017567,0.3231270948370465,0
0.12318852111207512,0.3967840003617261,1
0.6872630688813101,0.3887091359837431,0
0.2018204046609119,0.809598136696598,1
0.37761754897409416,0.21966451309804047,0
0.6946186119788744,0.850107453234751,1
0.7626427949568991,0.5668995383859755,0
0.16778600305867497,0.735959019803195,1
0.9023171026611102,0.627864204667689,0
0.8059994989169776,0.9667530778577011,1
0.4291006602659261,0.01722348307915822,0
0.400680898855856,0.6894901814229618,1
0.747787289865463,0.22798738863031542,0
0.35231884144511394,0.6123338257392731,1
0.5855655117472683,0.023491401158192926,0
0.1106995141332282,0.3416952127779528,1
0.7660041259559528,0.07897341024737947,0
0.7605517645166886,0.8930837091964431,1
0.9404893510638984,0.18062872821572873,0
0.1647904229110695,0.1905144905439351,1
0.7570180166999549,0.06273967673265379,0
0.04990052927536981,0.14855783939243428,1
0.9392329417135517,0.7286978986682412,0
0.06099703563643344,0.9914233105026428,1
0.42840116945650875,0.1832707471881192,0
0.04371621836509809,0.7148299959022736,1
0.41791321337237974,0.04958951320552152,0
0.3047968906588412,0.4454133154310441,1
0.5312465781942654,0.1986952389926171,0
0.3700963576587827,0.822684554489393,1
0.8227320656705545,0.2009265169060389,0
0.13720967479296886,0.16496779055647837,1
0.6531136838100272,0.22433741140043484,0
0.342547995787465,0.6080549794500912,1
0.8210120962669403,0.11794768295781599,0
0.15624738243717706,0.4678472413688216,1
0.9136999730901166,0.6134427335030938,0
0.7276448018535098,0.9367956851643142,1
0.7774135601794165,0.8809419204310185,0
0.09337831724815804,0.1191581675877671,1
0.8337578807060013,0.5097824983290283,0
0.5494572519173974,0.6398291539559243,1
0.42301876341829303,0.0603938712493397,0
0.5733787248278139,0.7492823555021945,1
0.8700073629596982,0.5922786870825657,0
0.1711952773615818,0.7160043512962876,1
0.8556647760152495,0.9873976729273946,0
0.012738601599584398,0.61913356412323,1
0.619688644588005,0.28132649058419446,0
0.12562224175887826,0.7126897771616185,1
0.8122675819649324,0.4465948502605501,0
0.0019200277026085733,0.038529194501316644,1
0.891242926958027,0.4278382133647214,0
0.6572874626922024,0.8778378808585963,1
0.45057449641905456,0.12703221804242948,0
0.00833765821962984,0.4632150465449535,1
0.46372049013781824,0.03961749637798717,0
0.3464506554000285,0.635147835490334,1
0.6352393935449648,0.5119749249585483,0
0.38821479040104034,0.8515438522483644,1
0.29917027275270824,0.1750787957639922,0
0.530258603924154,0.6983473549683819,1
0.9196657324166433,0.8063350777087678,0
0.3425546179070398,0.8993739525756794,1
0.49932947442047826,0.34177238897718165,0
0.5703977871139715,0.6184592649841587,1
0.28851545262171285,0.010184999111731652,0
0.0017891186466393316,0.36995840383505574,1
0.7363447169766438,0.405286911723989,0
0.03735996350614057,0.6834530622886044,1
0.36603431791414687,0.10227735303949215,0
0.027735020978141622,0.5231652859821224,1
0.6230921783639061,0.07107512099836855,0
0.00030653721113726995,0.01687765732910229,1
0.9404968097628994,0.9666066444882597,0
0.07655580980737575,0.8572428210697111,1
0.11670404555174552,0.07911447068794097,0
0.3155908434566782,0.822576301171341,1
0.2628833546030487,0.024886569354063526,0
0.007486740575623263,0.24057253304867254,1
0.738979971363975,0.5859865738966199,0
0.260179284890805,0.602134638525865,1
0.6925947805409707,0.5222828495120234,0
0.7968912629599297,0.996629040896845,1
0.8401672799469233,0.39019971189142544,0
0.6402702336839451,0.926053137760096,1
0.6934322631602173,0.212707448722407,0
0.37691770173244865,0.7023351294557564,1
0.34063534472196755,0.1205241030781643,0
0.5112201367466628,0.7712525593729496,1
0.577605859758019,0.47811713451065774,0
0.7382064873596962,0.9828658385565364,1
0.5697414392632383,0.14068940320214574,0
0.7504242255351292,0.8961768162502534,1
0.9248238134265128,0.05050540703018791,0
0.22805642055749087,0.3003441878136395,1
0.8992269707006961,0.7707543804378596,0
0.07007694030832023,0.2588076050071827,1
0.43054668154594455,0.3807148796679184,0
0.5552997507340152,0.6425663387203792,1
0.730520702872745,0.7841668388952904,0
0.15973980365010065,0.9417303183978337,1
0.5724738148502333,0.1269991650499218,0
0.2242444538698284,0.7629217108076792,1
0.46480603267866016,0.2984438484276204,0
0.015344877949039715,0.7196063468648528,1
0.6746788236766706,0.3040216458895896,0
0.4078775292509511,0.5477531785693859,1
0.761964602041976,0.7535793984909569,0
0.062090952324820536,0.8350537825118439,1
0.17210531223439973,0.061706672830906806,0
0.3143537687618483,0.35047038665549135,1
0.617329719619644,0.30627564914549543,0
0.3592466881268579,0.9077281976837613,1
0.49735061846741235,0.09631765224583888,0
0.17687017865102783,0.43903734992196475,1
0.6242408941663337,0.5990137899303929,0
0.3343904959811964,0.7830605269926757,1
0.9045852878729909,0.19763325637926965,0
0.43752344205247906,0.7169623896698697,1
0.7454971686236133,0.4467143435791229,0
0.3636156156207938,0.8852820636230296,1
0.9327709877037801,0.20767491859763765,0
0.20565587861589218,0.2272353924061279,1
0.3231677929228034,0.07610170408872008,0
0.11120292457453174,0.47518193428434385,1
0.9763408177929684,0.2596493653841313,0
0.48364536416188053,0.9698255037310617,1
0.9394560179124195,0.02532633220456304,0
0.05651562509318031,0.7432450113749436,1
0.42045967095058534,0.3876140806742273,0
0.23016157765452105,0.554411585465911,1
0.4022183543389827,0.07278304989232875,0
0.3720841154267758,0.5624416130817604,1
0.755040576337117,0.7903457689795522,0
0.03504399745847253,0.09175484460432448,1
0.6210661075880134,0.35236623536044775,0
0.17478877130070403,0.45148407639573584,1
0.47821613698674303,0.1841494189402184,0
0.2678733327553571,0.9732639930325714,1
0.6209882239396364,0.013831372461680869,0
0.19222975212350135,0.6103448635397801,1
0.7099285853633247,0.5208410323043317,0
0.07600243310729549,0.8026081067644807,1
0.9808588710857735,0.7907331077229514,0
0.15416755408644356,0.4210430439060491,1
0.6456507764029659,0.23383749483744698,0
0.020261149647881282,0.5036150487320212,1
0.8592659733128383,0.8886435019297769,0
0.40659648306540375,0.7000138364418992,1
0.9668024850188633,0.8826613406922584,0
0.2009312518302503,0.5260453870306901,1
0.8555514527618717,0.6082354968686869,0
0.19013956312456426,0.4281466618894747,1
0.7713956880272157,0.39435192492219784,0
0.6153026101008355,0.7948729777373728,1
0.6897700594466297,0.11191336648993921,0
0.48742887585568184,0.6047052148098895,1
0.3060090380522952,0.14756650864257181,0
0.6281707217233395,0.7143518740441027,1
0.8106878069171878,0.5757784452359002,0
0.11429768112828564,0.7422027566274956,1
0.49290612729697925,0.29497545938416925,0
0.3832131853984496,0.7249844688446831,1
0.5290607545129347,0.26656018045561114,0
0.2892819734951687,0.5823129334842699,1
0.642391769949142,0.0034182894903084238,0
0.7752522499295468,0.9316137924063105,1
0.42862384209706783,0.3161532482858075,0
0.6429280915576341,0.8097938358061602,1
0.8047853385485436,0.7179130382090444,0
0.4622472784020454,0.6548325231064823,1
0.31038964791618595,0.17500990396814686,0
0.45506949219874215,0.49291773543489437,1
0.7133640594559716,0.6793239327912491,0
0.17541996596965548,0.2345775913424153,1
0.7931332898155337,0.6151297098740984,0
0.0051627460408377734,0.5986644995315266,1
0.33313122503113235,0.23294141723552442,0
0.6129686757191167,0.862721484258292,1
0.6105980328662264,0.012254802849643642,0
0.3719960887561181,0.9646856107067925,1
0.6995192226288048,0.6964425334558979,0
0.0848008796462012,0.6659688181097813,1
0.9424344947671277,0.4621620120672052,0
0.45802669183254396,0.8865180972974642,1
0.8928473437480909,0.9270067847489804,0
0.5538631814657797,0.695735028173654,1
0.5712136033619153,0.06831468751150127,0
0.22120556323361595,0.6963224086569129,1
0.8426854305573911,0.6140071031041104,0
0.017902218193430963,0.7359684709773223,1
0.7929019188469978,0.6045899677506547,0
0.1605119793977191,0.900349693232387,1
0.9200805449433547,0.5701980246906341,0
0.2172808398687779,0.9366288747695951,1
0.36519397578720614,0.31929083101471556,0
0.1531336484409902,0.8274517024327495,1
0.7606666604386912,0.38627736921801903,0
0.10391812552088908,0.4082047705046157,1
0.618082118444323,0.1809676264338217,0
0.5687203990394377,0.7912524072172847,1
0.7071913262976368,0.051709724737052376,0
0.03132319197314837,0.7539965308580378,1
0.9104708302046571,0.5682297079875795,0
0.41144604400336493,0.46822691126571014,1
0.6244104504634144,0.35646361304438734,0
0.053177579847562995,0.2514558620791316,1
0.8885281244099439,0.1858760651920962,0
0.24689347408061246,0.8508865941513848,1
0.6880821119954665,0.38562012959709413,0
0.3626774933936199,0.9394692397340764,1
0.5551584261460473,0.18007566693278154,0
0.06559892271922085,0.09211699400236217,1
0.8153145154178744,0.7885508924724373,0
0.30232149549534915,0.7833947504052112,1
0.8828054173379951,0.17585811748426394,0
0.15217931462761736,0.44038964166644023,1
0.24890540953586549,0.0806164382353517,0
0.24008313521328806,0.5369912105024833,1
0.6684984765537452,0.2134259636279049,0
0.12067743538888176,0.8352319054893486,1
0.9512802779403462,0.5485307739752071,0
0.1826541733828273,0.9959028845432593,1
0.3786796505915807,0.27151720492568865,0
0.22387709040603043,0.6667890038534903,1
0.47489222471485404,0.05111624790366176,0
0.39813136810302485,0.45239095436744536,1
0.690350322630357,0.5595493036359868,0
0.11142240670621806,0.3649154523290039,1
0.6252403777532134,0.1595664825969223,0
0.6277056636173689,0.6815436504157774,1
0.07222201323094601,0.06915139007142301,0
0.7187292963814044,0.8205372927310569,1
0.3760083972612792,0.033794317335105295,0
0.3137977171002909,0.7014227841198686,1
0.9865377746695222,0.05002589107697786,0
0.1755308378387871,0.7818311826883816,1
0.8934767534227626,0.42406623468674265,0
0.48778538175984776,0.6945055891758002,1
0.9657423441828165,0.38820498523694624,0
0.5477918867372337,0.8445396910017742,1
0.9277803906599386,0.11200466588415847,0
0.1060636121594688,0.21825413429688234,1
0.924500794219179,0.3152938469612392,0
0.4727738072861688,0.5700101217245139,1
0.38764959010899336,0.09695807609048779,0
0.024970328686211296,0.053264541525232634,1
0.28642515889235676,0.06987947985329335,0
0.1454761419338988,0.8394109332879723,1
0.6681983620560101,0.42208169673005536,0
0.0046501901375032295,0.7879273177119627,1
0.9080919475542168,0.8859257403805855,0
0.24858238970139523,0.8199825696812275,1
0.42175626048790416,0.0776113591112898,0
0.009417367750834682,0.1448006684225307,1
0.9104956189625174,0.8786611200972521,0
0.45419224721488194,0.7811265044047067,1
0.887461848565025,0.5394171628836234,0
0.28392987000796255,0.3682153342682435,1
0.44306433261891,0.44978197982798007,0
0.23548875366383626,0.47700414879884356,1
0.25662847272991773,0.12872332908919626,0
0.16139289589205064,0.28671962583024124,1
0.9003024475226163,0.25277886428534946,0
0.7930487456647983,0.9189439789872554,1
0.566623123184881,0.010389553165235488,0
0.127759270929393,0.9982946962907085,1
0.5345372807416643,0.16427566725969467,0
0.5438840560279873,0.9222684176785777,1
0.28238925163972217,0.09859926508683425,0
0.6196964419878921,0.6782125115007157,1
0.404118111422921,0.1794867559042166,0
0.07872360668151168,0.4759333573110235,1
0.953626237748492,0.054929794868879944,0
0.3770439370208023,0.8886976516389528,1
0.5801479561799301,0.11100837284295817,0
0.479741375610947,0.6103793335550584,1
0.8888679577555587,0.8954042167418692,0
0.2660792704153987,0.7652020694677131,1
0.13612730324678368,0.02557655975117079,0
0.4388942425497333,0.6784721861138236,1
0.4623776121927027,0.27835564296024573,0
0.2705258386124908,0.9474484882606938,1
0.8164096260062703,0.718184370936021,0
0.03566226093763125,0.556155837645375,1
0.8451048612754092,0.7609097283506078,0
0.7472893489869201,0.8797745721007132,1
0.8712095485621896,0.7637300020077148,0
0.054173991135630595,0.13921378186530908,1
0.571152702008119,0.3601892931921826,0
0.12106611758660657,0.5430492413500665,1
0.42028055670208153,0.2053617584267019,0
0.1416661472026417,0.5144381148622968,1
0.37203767252657216,0.17049166682019368,0
0.2969643696090861,0.6800279541215725,1
0.13323043071569052,0.051227864888909735,0
0.37410232493044826,0.5762870315572597,1
0.9169990681458956,0.2467383875067788,0
0.019377383377478852,0.3005118174825214,1
0.8387194910662528,0.4215503877734813,0
0.04489142321743722,0.4887778270884723,1
0.5455027774805835,0.17288373272634172,0
0.14992559120605253,0.8209371403156026,1
0.8988295696002742,0.7585707312910012,0
0.19452715158150224,0.9166974149125464,1
0.37295532375353824,0.29887057810891804,0
0.26114374347779346,0.5842312371591082,1
0.6187668020845626,0.22063950261845644,0
0.13174401805704705,0.5654416888696837,1
0.9315711630704225,0.4726306180364911,0
0.21771787324758152,0.8613083900711783,1
0.9100105680484606,0.14288963858048642,0
0.44506003743382583,0.5472265773689182,1
0.4085352753968343,0.20072014024813267,0
0.01461730000575412,0.3317908347898485,1
0.8205794722964377,0.3126254748582792,0
0.13438714558027431,0.24924475095234633,1
0.9034608705232715,0.19407845732723517,0
0.14121565405818193,0.36152989581654305,1
0.8394719841694713,0.57047337922255,0
0.11143429543971739,0.9272852916117267,1
0.9665260483367275,0.09796177402526407,0
0.4832289968692376,0.5538458407345603,1
0.5810310349524278,0.3997882115110888,0
0.7611507496384398,0.9205195086520304,1
0.7727301159951613,0.012119398988346464,0
0.2686742754454652,0.8402849903572105,1
0.8973936225997661,0.056980353894929725,0
0.5135113983499342,0.9525717420841997,1
0.771405994084436,0.013063353996892513,0
0.448051699993111,0.4856175519071695,1
0.5162957991240096,0.2730682794989251,0
0.3642641142413672,0.8869536378575852,1
0.8193050851696141,0.07653106062938275,0
0.722362794411825,0.9993855831056796,1
0.5386089104082208,0.09045054527579033,0
0.5640170241499562,0.6018798981389091,1
0.4397182820293921,0.34472176891165196,0
0.054128847101752364,0.15548873237384886,1
0.9183971067658641,0.36613007177022416,0
0.08866340669486428,0.8784021515976098,1
0.7372911417342802,0.22519843652868698,0
0.20059645931716885,0.30873911332899706,1
0.9540439139926326,0.9843840381689828,0
0.09659279424515754,0.5363772461611648,1
0.5591575600160851,0.5509464412690468,0
0.012811502166593325,0.5331242784872043,1
0.8457750811776573,0.3228133707817784,0
0.3495697438086828,0.5487520436023204,1
0.7975938339584238,0.8543268876387855,0
0.20250171072277567,0.6577909480028716,1
0.7954273315753894,0.03812224927679875,0
0.41973084433013197,0.6602003727372155,1
0.5488608525035386,0.4637540515246543,0
0.3834755935827968,0.978168995848917,1
0.8813069929287864,0.14193339516851722,0
0.2116285070439876,0.2649539520947074,1
0.2814257838550728,0.18677080268554014,0
0.13114127580026225,0.738844575881808,1
0.9658176031636153,0.9548823905172846,0
0.5173266954077026,0.5725530256075637,1
0.8680562260521445,0.11232805220668207,0
0.12256361224656576,0.46156875220591453,1
0.8640674683261427,0.7408183637218844,0
0.27851061212292116,0.9741305594883063,1
0.6717702480745642,0.3496969300021773,0
0.30810613675120546,0.7089002745751649,1
0.9047111736671553,0.3856279074171767,0
0.2621157642412605,0.7355022334615974,1
0.7482679812896987,0.18020270731629007,0
0.0015561979296321304,0.7712266730402363,1
0.4511027753265111,0.004980905673753422,0
0.03019745488202563,0.8742308098340758,1
0.8117663950996238,0.8532203183236466,0
0.41685067295365186,0.905998994932563,1
0.9265160634970615,0.6118717214256995,0
0.3752998428527162,0.7891675208579388,1
0.4727286201965848,0.11288167014198824,0
0.19853412043549779,0.7212113980733806,1
0.9824176014231915,0.183261789288234,0
0.18446810682017512,0.568633165586175,1
0.28775064460174904,0.07395790212188069,0
0.19681423373603557,0.23502235948749772,1
0.9713470716842646,0.7919904418762828,0
0.27309257611294324,0.38977614848977926,1
0.8362738906161136,0.9457570719536152,0
0.3870145742968444,0.7382295862478772,1
0.9150979639464029,0.44621659632947264,0
0.5773359468594568,0.9781573156377867,1
0.553973975768774,0.16794023736286134,0
0.3028025250340949,0.497519204116432,1
0.40099342002648575,0.09516239261882609,0
0.012140297760557917,0.5966702023597915,1
0.4317911252873432,0.33619551690675753,0
0.1433300810670205,0.8818819351339124,1
0.8725275366252805,0.6068161895353213,0
0.6085511222654155,0.7201634855615034,1
0.2737843130912504,0.230750588282429,0
0.22926144256922631,0.3499634952917753,1
0.5294107137711552,0.47432034069650497,0
0.0011111083906129027,0.48586176941373804,1
0.750956222267262,0.3400703295083458,0
0.10159585852402564,0.4460753271430037,1
0.6149784861967431,0.15663633699489654,0
0.11379938716070237,0.9008699833421088,1
0.5254388785762143,0.4021395670501976,0
0.15109276843213792,0.8715369970883695,1
0.8865543358626194,0.3786041274104316,0
0.1663522007531434,0.8229814616061603,1
0.8264166097250599,0.3992102720217571,0
0.26049216540252484,0.8610408554849603,1
0.2574445783783976,0.13270751948521942,0
0.6638604235179918,0.8584238601306763,1
0.9226756024085013,0.6826798893103073,0
0.09312104647435737,0.2612967609256104,1
0.8735181808358993,0.9305531886761769,0
0.20152488376805533,0.5864820862685969,1
0.6364498046618695,0.09413466575242069,0
0.17187788311155716,0.2343259496715563,1
0.41031968652683215,0.24035783312846526,0
0.5346387665061736,0.7265661912639075,1
0.4017805475775137,0.0873930833489368,0
0.049995991410820007,0.6767315329538037,1
0.7829903978765995,0.21669065247173314,0
0.4229389412275808,0.9418489703467511,1
0.23141096112489012,0.10196113461016121,0
0.12260392109925089,0.5749056458422663,1
0.9347548955954068,0.34940425265528285,0
0.008953537205015905,0.990225518444119,1
0.3250594958087054,0.16845673092351376,0
0.3919146822192434,0.7637386082494454,1
0.40942895437253934,0.029265683952944155,0
0.17232892786367604,0.9516135788667495,1
0.7689837310213484,0.4022262474078787,0
0.18621990008841927,0.7934650463166777,1
0.7349362550586455,0.5497055616691202,0
0.0660424040819303,0.3839814891538432,1
0.6416877957716967,0.49670185927825383,0
0.18675652776903073,0.42229914714691097,1
0.7089532174596769,0.7301612544117221,0
0.029009349695019337,0.3919898146388491,1
0.7928532882832405,0.24863459072548444,0
0.11570049442415353,0.645201996278511,1
0.5018925618242408,0.06869050887629669,0
0.2705305792044096,0.3569586223448029,1
0.6419483445457923,0.17255373468917745,0
0.18727168976970043,0.7408706506938373,1
0.9393957528131663,0.7826932315321751,0
0.26751806503266207,0.8000516182655674,1
0.660009380981317,0.26471136917689564,0
0.5552812280008592,0.9673738960177289,1
0.7254784091663493,0.33988165395235437,0
0.6321614755141257,0.910880956991371,1
0.35155843381263485,0.3111693484381629,0
0.7902570521700405,0.9443850726035201,1
0.7349903285619352,0.3032515777217212,0
0.3090010403569846,0.44183204941195076,1
0.8621964596942178,0.023738621409023275,0
0.05428652624087216,0.6877426969251496,1
0.27861905890643324,0.21359658421297478,0
0.6420482154705945,0.8551557561842503,1
0.7892646651513987,0.2285547481960568,0
0.7463862278717381,0.8813100604706113,1
0.9053939002176842,0.6853602267351571,0
0.16215012023514008,0.22383694633086093,1
0.9530852548864231,0.45676686063898486,0
0.26174146526004005,0.29913924848913065,1
0.483005031188643,0.289062579674065,0
0.3185283033819344,0.7310356112838111,1
0.9745360622652123,0.6175352056613012,0
0.1333347578550118,0.4304095136360707,1
0.4402098161457113,0.36165973410413865,0
0.29264526451191597,0.42516303846131565,1
0.9948453661368346,0.23076601815113762,0
0.4295180481734958,0.5434836578212362,1
0.8033806300667222,0.774871881325903,0
0.3141128963490003,0.5150483535883182,1
0.30467152323725455,0.04044490094577091,0
0.6601305347382026,0.7504297132612253,1
0.5376448622510346,0.2675845278288139,0
0.04176896754559534,0.9538298022152253,1
0.9421137207142817,0.8031539174397093,0
0.5063493563373049,0.9087721168803684,1
0.9604976835456291,0.7076815130051147,0
0.12336388872627269,0.5111583332462218,1
0.5143933767044522,0.04130901310814061,0
0.7896540828216255,0.9623792466398673,1
0.8987288418592564,0.21184696844819317,0
0.046872819214749395,0.37276736532227184,1
0.3338002905273141,0.17230199067157148,0
0.18226935129703525,0.7102047827640191,1
0.5839600845279777,0.44144537610290524,0
0.508013933263797,0.8291387576123918,1
0.31967975644496505,0.006227204998506264,0
0.4173402893437681,0.8772788135202104,1
0.6701622107681499,0.6377639240989349,0
0.27608627230214355,0.9407230534122436,1
0.5883091408515186,0.08849794918646803,0
0.2958403662256137,0.6675745005170138,1
0.8307819743329444,0.5512672572154956,0
0.20456518823265357,0.8187043763529637,1
0.22779127608785488,0.21828849202538558,0
0.16022486765399202,0.9234454318202008,1
0.8376267275805617,0.5276276328804467,0
0.07847429634686753,0.716804475856938,1
0.7273255927782961,0.30914600374163415,0
0.023677019088988005,0.43870247013668107,1
0.27983988308161767,0.13373120360895874,0
0.28363721119324037,0.3499245310927812,1
0.7795808337367227,0.695514524824469,0
0.02342707135716826,0.4888273186595318,1
0.8093460419391567,0.4160079030318201,0
0.029723206038613115,0.9667930377441305,1
0.8486043195889105,0.3013500835540618,0
0.22151697416532445,0.24558338126439927,1
0.6364034635274743,0.3338485670746899,0
0.650539734904164,0.9997941909292543,1
0.39973933517692817,0.15672587178064512,0
0.4524197456707688,0.6220613543236235,1
0.26540702205610855,0.1974327919913096,0
0.6096101623657805,0.9746171359127349,1
0.895472410880163,0.45583759776223143,0
0.1632850267214332,0.5687938174641619,1
0.9579903410896798,0.4672163598942125,0
0.02318130985007183,0.7536172680069535,1
0.9515194868375293,0.0639844335824743,0
0.21022065413900148,0.4518048806925231,1
0.3958740216414164,0.0651396836628465,0
0.5982991855889276,0.837106258979141,1
0.48913263303598276,0.49171641794495713,0
0.3145815229797918,0.8260194076190565,1
0.6833749030756802,0.5157752499611213,0
0.021875885223377023,0.7584950295903025,1
0.6722167706445454,0.0430263095048905,0
0.1457879648104934,0.17014208046699264,1
0.8889400600889747,0.6297693894947851,0
0.45389182388492666,0.6406110058260279,1
0.9936639853215907,0.8012917854915502,0
0.15122532604109917,0.40570489484054395,1
0.4517487165337809,0.06381559992009511,0
0.08160935281857262,0.43744613973973523,1
0.6591136294348874,0.6436884970632571,0
0.48961750530452597,0.9402967141195783,1
0.6522104825388213,0.2459390012306737,0
0.09954960284190839,0.15513417579888833,1
0.5269841858401602,0.41887049625538664,0
0.2849489068592491,0.3677280065772969,1
0.9916130877268311,0.41576301187127374,0
0.7458146450228837,0.977454206342046,1
0.5425374642382351,0.005253243424018339,0
0.5087212701178259,0.6141106241014658,1
0.8594292396478571,0.10450827333614876,0
0.09760491947706329,0.4536383438428525,1
0.8832667376244584,0.9632381583900451,0
0.38658658096112297,0.8142140833269593,1
0.3699197071704843,0.08532226453618352,0
0.10589505883437711,0.22698835058532607,1
0.09306691119780186,0.03650798842486036,0
0.1688167193300497,0.9804038856124353,1
0.2795433567068141,0.26233393229045754,0
0.030802590513064443,0.9858597970824255,1
0.1562398706369782,0.0799774985142907,0
0.09745943597177587,0.7283704043466166,1
0.8203548722837061,0.6821466045747867,0
0.5041977531598213,0.7731215369141348,1
0.6927212161175995,0.4776399317454554,0
0.6407550826320475,0.8158320844374963,1
0.5517326243148614,0.41487112234814905,0
0.36478893161475623,0.45553090333509105,1
0.9253807605539885,0.20170431961213708,0
0.27098764924068597,0.9166328631625821,1
0.7394691347566064,0.39817409463639086,0
0.534321355914804,0.973568213042448,1
0.6602782725183921,0.45844654353868064,0
0.5947856309798191,0.6775899254634383,1
0.7288710977197912,0.4401907983589616,0
0.4071616214133539,0.7609289361615617,1
0.48259710113124843,0.19243695667565552,0
0.6344633590649896,0.9714258252649743,1
0.4527424026010536,0.1672002632242222,0
0.515170391237707,0.7088991996097921,1
0.8010966280216821,0.023823824301848706,0
0.15748973386597054,0.6471246695797035,1
0.9175899818695243,0.6774914693891774,0
0.5894016227082391,0.6562980818385479,1
0.8470444816668272,0.9524166766052585,0
0.5103743120371347,0.8153659233820686,1
0.6241946134580741,0.6118705901806689,0
0.7102950576567533,0.8291117476061849,1
0.21760226988180864,0.12465768075652872,0
0.4403955709041366,0.8551738301740429,1
0.7898324891267232,0.36074412422293445,0
0.7298580097190388,0.9121407168549192,1
0.5457341768304563,0.2521200245228541,0
0.05570888997246504,0.18864442687836525,1
0.6680148555493653,0.23219350212070655,0
0.10330268331510817,0.6493610553592013,1
0.5514750712623879,0.2844835444413808,0
0.2721592776207964,0.7918695697726975,1
0.9278013976388936,0.3767762632266638,0
0.22788326504258194,0.6853535256147802,1
0.11515021910832524,0.112606480143989,0
0.005225104737947461,0.2742032717850985,1
0.8460556371517005,0.20947147660541554,0
0.36206880106757977,0.8753153593364593,1
0.22071530299201914,0.14234669834163216,0
0.06532899236296064,0.6305357141042781,1
0.45637205513918644,0.15707029683418083,0
0.25214384691736824,0.5188548147008561,1
0.5705531362723459,0.5313866348577074,0
0.24038759450387748,0.48236597600787445,1
0.8231283156766313,0.6782799104083133,0
0.4251489356018373,0.6450376484325936,1
0.6115341845511547,0.29141537570037146,0
0.20693212193515154,0.4585691923229175,1
0.4998767506118408,0.25713978671150617,0
0.0976725733378766,0.9262833240031522,1
0.8316387160173767,0.400360970952518,0
0.23270321547635597,0.34714350405841043,1
0.7107044595799425,0.7420035998147967,0
0.75736255262843,0.9359825066888495,1
0.49774415413206874,0.014894228579371616,0
0.06272380855444115,0.24219986721831743,1
0.7753986686719786,0.17494256596407332,0
0.5425203638046312,0.8925934541323876,1
0.3359672699482168,0.06947609200180005,0
0.17399673296870166,0.6705668085697148,1
0.8258626758965936,0.5740732161851406,0
0.38774949602610875,0.8074460340632574,1
0.9198566067725039,0.42094161509072836,0
0.3345476761096874,0.9629956864004882,1
0.5146268512140895,0.22487588107827727,0
0.6773826504015935,0.9026263497069409,1
0.946201317762248,0.8748700019995529,0
0.24972860422212773,0.8682287937953231,1
0.6044322160907072,0.22834384466140623,0
0.18604141405740315,0.8987199326625098,1
0.8353503504392654,0.3601862830165351,0
0.5944073709796783,0.9479459878887757,1
0.40514530704431573,0.23937605476025803,0
0.3894246488042331,0.6081381887643951,1
0.9688212984660657,0.8504249082454308,0
0.43232175664335126,0.5791025668313452,1
0.8222152000159778,0.6855927730783775,0
0.5126532474941007,0.5789833316321626,1
0.5171468948126894,0.01247604850955264,0
0.03019949099865471,0.448338377701042,1
0.9392021599234838,0.49848039900618035,0
0.3241552033329199,0.9156513062006972,1
0.9458708006923029,0.5699678314641291,0
0.3382780848820647,0.8141704495913136,1
0.3170882864162625,0.21212411369450213,0
0.12080915563068362,0.3797583065495185,1
0.4404688517663523,0.10408862858587398,0
0.03339441187377146,0.2531015323052722,1
0.20758765357731224,0.19617801879767494,0
0.09922083474821775,0.759558891807464,1
0.4413958707066089,0.04767202665257009,0
0.12446804237521802,0.4011865799120755,1
0.473839177725075,0.06530432758790317,0
0.1927795958451628,0.6404768667600277,1
0.546607485048415,0.5558248399837245,0
0.35290968670937406,0.3792679821869085,1
0.3992664825092751,0.37477925326179906,0
0.1632492837775098,0.7968349610007254,1
0.1426557759990048,0.12324878299429542,0
0.02305591324955847,0.9758813752739505,1
0.941747978621612,0.42031088274226913,0
0.1618911762667975,0.9035279820089782,1
0.9491280084181142,0.09755396225968727,0
0.09645488846471018,0.15467222941241743,1
0.9171785401794323,0.7235878482164931,0
0.15257177961588897,0.289963673480917,1
0.6102089147279981,0.47508158410793055,0
0.2647099953173283,0.8736057531476809,1
0.8081281753059233,0.7261535381595218,0
0.005456305627060232,0.07165411743209404,1
0.43962180793212,0.23213762917250524,0
0.27950349258871854,0.9239592194829513,1
0.8553119436501057,0.102996305000013,0
0.4147089195055724,0.6271447039137846,1
0.8248991941392447,0.9297069438816482,0
0.12927516685013274,0.27218717020294014,1
0.8527291857024574,0.21080649758640124,0
0.28712698459942043,0.604002812285631,1
0.10578332318852435,0.07353678125744711,0
0.11805174563174614,0.9775756473822247,1
0.7487302249418331,0.49329470462847824,0
0.32330368775287954,0.9297843574237147,1
0.9462850768741249,0.7098770002182988,0
0.03337280390115982,0.8799584456541529,1
0.550269448955057,0.22693736306160617,0
0.04328559377269481,0.29626606622052676,1
0.6087099099832936,0.5198172875267887,0
0.17438154535031036,0.7817700436347413,1
0.9500065668416902,0.4425060329328676,0
0.1320366385135826,0.8834855258659817,1
0.6451194317089461,0.5671398603895224,0
0.5873390752603139,0.8854785918697251,1
0.6256556615883229,0.22369051111032845,0
0.04196278330026637,0.6201737861431975,1
0.498288671614317,0.2455516422114472,0
0.5549743211412421,0.7012513837162718,1
0.4351299149769281,0.07220538914739127,0
0.23831528804654534,0.9076723009098597,1
0.7558030065616265,0.7722622959414784,0
0.09674873644051074,0.6207134747882134,1
0.9838301929668756,0.11494475617347022,0
0.3789276805967051,0.6500632241158841,1
0.8355163860597851,0.336503761494516,0
0.20591580531625586,0.23141814894619683,1
0.408223692504723,0.35704086483185027,0
0.25647737980853447,0.5490697161117685,1
0.7675551599842692,0.7728321044134199,0
0.2731312369135874,0.9500267820666264,1
0.6979864426881882,0.6873871935677378,0
0.2339895934695555,0.9566749679371654,1
0.7619188874979097,0.5167587139678089,0
0.3870775559634231,0.435651807575274,1
0.5668733603852718,0.5626247232617693,0
0.052636049417352226,0.8126723586821264,1
0.13883838000724047,0.030055016790528244,0
0.14746842773947588,0.6311455018450769,1
0.24667962547889155,0.01603148573414026,0
0.2631686477994579,0.643697721483723,1
0.9106412361657696,0.3089885865600104,0
0.462270065889272,0.7639221231111064,1
0.7826899725385765,0.38470558788537124,0
0.5530285926768189,0.6712070453451906,1
0.5491201046414588,0.48400560356877786,0
0.05848082772902419,0.8995851206299367,1
0.8067420393802855,0.37121534750881957,0
0.604712449529139,0.9243466900712887,1
0.761892826681813,0.6596082784163736,0
0.014767382925551353,0.6034366894022372,1
0.9012088284465878,0.648244764640422,0
0.12144412649291081,0.5288356999933583,1
0.5085647915762342,0.0052659985507939044,0
0.2318724804981278,0.7760392031931506,1
0.8442883807551069,0.5316782034502294,0
0.11119359652411653,0.3089795840164993,1
0.9802800179423186,0.3712187453190682,0
0.30264976624075757,0.3659743525303485,1
0.6962567781880515,0.23593911495777709,0
0.3898087886473819,0.8179133158851739,1
0.25986194359040415,0.23423540329197223,0
0.06913690691840535,0.6469670366535515,1
0.9659244345793039,0.5381835342439754,0
0.40192076966953993,0.5255502374545823,1
0.6956518971373467,0.6328876931732541,0
0.1496172651358525,0.20902615080215625,1
0.7777013136599874,0.49996437166544383,0
0.456280474054796,0.6184689927857417,1
0.49056901697719,0.43324822392943185,0
0.4591055943556779,0.9802937300876445,1
0.8523529057814802,0.5913089121291565,0
0.5715847303867606,0.7410890600859894,1
0.7162921982641457,0.6117607144682392,0
0.14867378114284735,0.29045999647245024,1
0.8009648518752587,0.0940438579362507,0
0.3262573414243741,0.5351302326614003,1
0.9484697652016916,0.9607752091425292,0
0.034164048146521075,0.8376506291961819,1
0.6800467266581528,0.5750454109530553,0
0.6861235921996194,0.9441577374713949,1
0.7686721472899446,0.7266828215052297,0
0.2832216929904694,0.5276103820141079,1
0.8941497656749111,0.6056327640020043,0
0.3656292827056318,0.8429051883557425,1
0.7312375531996449,0.04526159318495948,0
0.2475800261901666,0.8075961798811688,1
0.9477337879993769,0.5985822684993986,0
0.370974913566803,0.8843665879313886,1
0.7781666863089062,0.7130752134992607,0
0.5510023259488225,0.7545246011385881,1
0.8927481971533415,0.7465105176469258,0
0.3146405902299496,0.4117955765386301,1
0.4613480690721091,0.3265198051868844,0
0.17324134763848764,0.4576064565304764,1
0.5288938886037085,0.37432825277113224,0
0.17780969945592595,0.8999140504347687,1
0.5587939688017649,0.1679261445638689,0
0.009235881993884698,0.7082618187026514,1
0.14600739884670977,0.14468640769950936,0
0.2616006591357489,0.2800169598903942,1
0.2543546393165199,0.002466660541007193,0
0.284430621746783,0.5314971897222569,1
0.4006722397610074,0.40438340502475634,0
0.2605808175886273,0.4931166625816771,1
0.8234514950864352,0.9174788726638361,0
0.32510117919047343,0.5477399047939903,1
0.8566267451922729,0.9230812556318091,0
0.5777235638242176,0.7758022410682199,1
0.7921972717942125,0.6485033646440926,0
0.29098099657467213,0.6659319799608515,1
0.5279000740864237,0.06482289186784873,0
0.07561347804877927,0.8413630435914181,1
0.9336589156485074,0.03459105580141575,0
0.1842655704969035,0.6895660742792513,1
0.506853738700961,0.06828588789263579,0
0.5410710072637177,0.9364845492519441,1
0.9889343721195565,0.8127905630056311,0
0.17330187548825826,0.6528508505036689,1
0.499174498472973,0.3564367123074784,0
0.18589367347562347,0.8383494958466147,1
0.39362657944971313,0.1405962263781484,0
0.26155635250925025,0.44474677033713617,1
0.7363360234876161,0.8254285472858723,0
0.5552971516862779,0.7018267450355834,1
0.8907339514406158,0.4091177400656312,0
0.16336343789152485,0.777695976815075,1
0.12650554906250022,0.0534079130750873,0
0.06454438988711564,0.4555517212561272,1
0.4036754797072962,0.05831577902523011,0
0.2404565250787294,0.3496656833190387,1
0.412537787465973,0.03783636909911814,0
0.1033461125539985,0.8865222357780319,1
0.9880076654045273,0.12649077866436464,0
0.3106344825061137,0.3324536136174767,1
0.81939580421929,0.5808190503906379,0
0.4244790662040633,0.9649999697291918,1
0.8425952998168947,0.6609045325798055,0
0.37203441811264226,0.6741655587798522,1
0.4825810648964515,0.3827010518540064,0
0.6899461350386473,0.9128546926150384,1
0.7592496701539798,0.028975921991350018,0
0.4371067057377038,0.6116721524400074,1
0.8032293524536013,0.5092437681267846,0
0.30796671501691086,0.9247253570365762,1
0.791333309029103,0.12098466779585615,0
0.6895587534429122,0.8804913684623367,1
0.8686618917939799,0.4550440854554836,0
0.34752552816429993,0.3781619896201225,1
0.7156334638513078,0.3768754212852363,0
0.6809893323922553,0.8438571715325364,1
0.4934154192944137,0.2710666324287614,0
0.22962039407454038,0.6270703483721515,1
0.9002642906046967,0.8889808165090561,0
0.0889438649648947,0.2610319170333343,1
0.9959373687990819,0.2482856842538973,0
0.4184921470187978,0.6575585991315914,1
0.6076560043099889,0.2543906140777221,0
0.5986304097586412,0.9765698614378274,1
0.7928222631843066,0.6302082071481697,0
0.35703263067386826,0.5463705647321258,1
0.5784485965492128,0.02488626326382315,0
0.030374846635656816,0.5160443842998772,1
0.4289656207062066,0.24735257500572272,0
0.2537027008877547,0.5129402043371136,1
0.2089743035925552,0.00226419815826151,0
0.29101503653512273,0.3421259623278041,1
0.47998612772235694,0.34847535776834593,0
0.46509254011450496,0.9761286947382282,1
0.6146897775097919,0.15488510100818498,0
0.039947289794796004,0.7507774612344408,1
0.7844481565974463,0.871650454005818,0
0.28271120391549565,0.6081167278058752,1
0.35136087833649454,0.11352686806724122,0
0.24371008422508644,0.48762629428205384,1
0.7582353612522865,0.517932830454067,0
0.10912306422380647,0.8493371919115164,1
0.5951443870756984,0.6111450545358492,0
0.456609413190324,0.7299474839585582,1
0.49617448019176746,0.14296605200450974,0
0.2940820968684509,0.5551932575440635,1
0.6247817020201869,0.5427557811602874,0
0.13568898286979791,0.4704634398234121,1
0.7974203581181253,0.008278616110938386,0
0.329987264882702,0.4928490438260067,1
0.791840276361373,0.6049395105381546,0
0.33453052494424285,0.7962924967834828,1
0.8664708462385277,0.6864941547793126,0
0.6061125970608121,0.8153860497392181,1
0.42646474891875186,0.11284746001259771,0
0.03654005472869826,0.11254167811387461,1
0.5242687951066105,0.07570046261467478,0
0.007153003215922937,0.3382351924864585,1
0.7796124762342274,0.3208974062434783,0
0.26564564081642383,0.3588211102113328,1
0.8740743813733107,0.2845242442381689,0
0.38728972094018776,0.4118977902658787,1
0.41601676551754296,0.2476556872297604,0
0.30652529496974745,0.5429267025090385,1
0.6972137297627324,0.7628968100744891,0
0.06861686999837746,0.8435367206207521,1
0.5824970364547362,0.5546627314840147,0
0.3751799922421857,0.5933174180430605,1
0.6906737552086535,0.7314387927718887,0
0.0010176394510772457,0.3873041255173092,1
0.2780154121984675,0.06586298914187683,0
0.8069732007959904,0.9392779210680061,1
0.6216300543909267,0.24693274222900852,0
0.3482654463926671,0.5644816081422298,1
0.9421374009833705,0.1902269074976456,0
0.22103275641765985,0.9278406588394517,1
0.8807061508193257,0.723565708034751,0
0.21246293381683068,0.7719351394538858,1
0.5713178210231885,0.29328582211032805,0
0.13453361329740143,0.6602063780786994,1
0.7360364243726896,0.04041296778198511,0
0.0215417117859239,0.7717597696242601,1
0.16562493034273762,0.0681142370469513,0
0.5194402423599609,0.5891370445409818,1
0.7802873423853813,0.7560062649157743,0
0.6696379620875338,0.9902486728037437,1
0.2871965953125428,0.1032766714199852,0
0.38006694053982726,0.9408966978145163,1
0.5552748771531235,0.40928810712776453,0
0.11227480278026336,0.23055141386959832,1
0.5697309254334905,0.5493140198739593,0
0.5405664223366136,0.7613997667328053,1
0.8252404981774144,0.8382978494043921,0
0.2307604899235235,0.23974938902916676,1
0.6660875091321231,0.07089144529386304,0
0.5424837380181563,0.6348566113950739,1
0.9436534061231817,0.44904355461969836,0
0.5761964791783908,0.9810131260829096,1
0.9027086055538069,0.4466351377837766,0
0.5071164869373487,0.6279652645686338,1
0.7993880229559965,0.7801508334641117,0
0.01024861045610126,0.9648148567213467,1
0.8156288564170905,0.9398443186273435,0
0.1362982789011753,0.9194539888274886,1
0.7910830528994609,0.19530873636391188,0
0.09327576427075845,0.4110646586183111,1
0.5219258253333037,0.44198102178574594,0
0.10703024162960673,0.355324968565334,1
0.7955176195244543,0.025164590657516195,0
0.2729302987805452,0.7092597825622118,1
0.8835013689632524,0.8495977678805312,0
0.16899495686744537,0.9426869714721722,1
0.9270177832572093,0.6085401694520353,0
0.2676793527657123,0.30978290462320734,1
0.6240828593485872,0.4035354422566553,0
0.40000959772124967,0.8738403065925879,1
0.9790812928656492,0.2701225969201576,0
0.16934767381933202,0.6588502940947246,1
0.7490908725278697,0.005935057952418665,0
0.21960902136977245,0.8769430510166122,1
0.6030924115473005,0.41571808231981444,0
0.4240113420840387,0.9133955226352884,1
0.6725455997253357,0.3098672227762683,0
0.38077541974116325,0.9040274891141186,1
0.8797201544002657,0.20058324673285766,0
0.2868429083015285,0.9257859727176406,1
0.840228551007557,0.9801866737032967,0
0.3477059785518961,0.439429950092897,1
0.8866081812860056,0.5296178095798064,0
0.48108843308987315,0.5655310878117835,1
0.6310824586747836,0.6544661516658622,0
0.10293582632625209,0.3573990420739337,1
0.9436777385340237,0.685772758910542,0
0.17693989851064684,0.5555112408156477,1
0.45797986538607705,0.1375145314046725,0
0.21115014464883697,0.3205827869122104,1
0.9545853023271806,0.12591204169376713,0
0.46139893188097014,0.5071532373428719,1
0.9394089163882895,0.020908796672042818,0
0.04709837261433092,0.054714431314573764,1
0.4483895345650152,0.3393566959411851,0
0.6845857691322755,0.8294543452920602,1
0.22939784763102888,0.19819761695680416,0
0.37444546085710595,0.5058650395200377,1
0.8505067639941011,0.66874890372976,0
0.6932826065344264,0.871276632314416,1
0.8926243208328589,0.4876720359692118,0
0.5412581173919473,0.8058273476333754,1
0.7993524540316629,0.8794586910259888,0
0.0409102878055958,0.04831407930409404,1
0.9051090877555665,0.30094640130215444,0
0.04150561969864841,0.8391829466054858,1
0.411005184353175,0.15075383364920603,0
0.05381410985839463,0.31642515704169183,1
0.5728344519839352,0.0583957322794284,0
0.37187545651744025,0.6777268097949066,1
0.3877990746241682,0.1747697998619948,0
0.00764785633761722,0.6932414385036367,1
0.5513208633526399,0.16673438081825365,0
0.43414802681788967,0.6231906366638182,1
0.4803814718911926,0.21857759493612072,0
0.1928287558408064,0.33670555961355964,1
0.7308723558099937,0.04463011309781206,0
0.12757234517735927,0.9935332165577612,1
0.5418424753791008,0.3840919165760619,0
0.034401124665264904,0.7228476264302213,1
0.538407554727334,0.28170009840199395,0
0.3174574757505616,0.35608160373896003,1
0.20299233662831062,0.1616021069210305,0
0.08662279627194014,0.2312945071108392,1
0.9817901862112869,0.7391352717926637,0
0.017084190339937244,0.6618529290655538,1
0.5343376755311192,0.28166032057738466,0
0.0926580739290398,0.22278070548619067,1
0.24975855760515941,0.03242375388335739,0
0.3330314019765611,0.392749265685701,1
0.8229860075072061,0.41497507500764164,0
0.3311898999758911,0.8946976027656148,1
0.9838297804890601,0.040735921701773536,0
0.30155395363360804,0.5837473067646207,1
0.6692694170908704,0.4003410564954434,0
0.15017956727892823,0.5529735462468514,1
0.577900673886008,0.06382402305032853,0
0.4986052410489985,0.8998898578536181,1
0.5315526022804513,0.001292873002072925,0
0.28423622451621533,0.911832554722551,1
0.8500844633193915,0.524183493866547,0
0.47257932479007225,0.5866066439207047,1
0.5235511306617912,0.5010975074654985,0
0.08396337956370326,0.9690675403697153,1
0.560823341790686,0.23698728978888361,0
0.11712620280318853,0.18071775620897212,1
0.5828579095325483,0.28386963466596726,1
0.7933908765927855,0.5247490419196673,0
0.10852109867454629,0.3187533381338826,1
0.4682235542306674,0.47908407249104246,0
0.45007344981357433,0.6686122145882427,1
0.8784605096609706,0.7288475054121041,0
0.48997677128173966,0.7188422607717803,1
0.8018203578738419,0.3279339702209838,0
0.02735103593326582,0.9119213539022634,1
0.8833754045278339,0.8935058335819619,0
0.08452742181841022,0.4308478684512477,1
0.31213005338923394,0.2984419854645266,0
0.55327219195531,0.6671320813103918,1
0.4219238245094884,0.20223954488490692,0
0.04615550905140209,0.49250698444449104,1
0.49510892853043775,0.29391141833031154,0
0.2633265793449526,0.8779092891174991,1
0.5387080642267852,0.15628035232268012,0
0.20321840616640363,0.3134651719752488,1
0.558371205825825,0.21844801106903777,0
0.3641603013299175,0.8118896230292069,1
0.8219180207309781,0.8655620713309521,0
0.105978633461559,0.3112087189813021,1
0.5664426062485873,0.5641228524626333,0
0.3409321217625113,0.4107481654439483,1
0.590329605248383,0.39976590123045763,0
0.4505910674819442,0.9899207483384065,1
0.6313011511801775,0.31121418808562507,0
0.4422348547226198,0.47280297675651695,1
0.9034187865252746,0.8063009154182704,0
0.47927382463036605,0.5503386837434572,1
0.9743776084033628,0.9726357397489355,0
0.6578764558161185,0.911518284907565,1
0.8335959158267761,0.3287531848406302,0
0.12092097113635347,0.45202225400368035,1
0.719544502158349,0.7875368649817592,0
0.04467750115442415,0.8147763284482841,1
0.9591051778604918,0.08254147711834203,0
0.1928131719632773,0.31834615372759734,1
0.2070745044844543,0.01068053337794339,0
0.4138493040054575,0.6515558300621965,1
0.9654745370329594,0.2581108598146028,0
0.022009609699198296,0.43702605523155835,1
0.7289539351451216,0.5653490914782575,0
0.1511716690124577,0.9684299785888738,1
0.8020381526128464,0.09164815907699553,0
0.6684460211497744,0.848029421609013,1
0.7912791757151623,0.833581748617113,0
0.0496995495665945,0.16445317365792855,1
0.5396084338456724,0.2853530907749038,0
0.19549846832984252,0.5324299665949656,1
0.7124765922837871,0.5809853400836347,0
0.15405245835742076,0.20687025769049971,1
0.9897606765153361,0.904019166901161,0
0.2885457263794289,0.615746020445455,1
0.7156602058111727,0.6043575547987148,0
0.32826970952083667,0.5176431810208654,1
0.4016355674273462,0.4122538218631232,0
0.050595803410903195,0.7031860929660917,1
0.09591320213628951,0.048752528141438045,0
0.06014761355215015,0.9010588654288374,1
0.92581709312111,0.6496641060006259,0
0.3685749221709238,0.978544832753648,1
0.2490486666359969,0.1992510139078204,0
0.6434597096623959,0.8701918224331748,1
0.6886939176120344,0.05101221930553401,0
0.47544267307330534,0.6620874301377012,1
0.9485246377522957,0.9383937768780017,0
0.41991687680048817,0.696333697524927,1
0.8119993870311273,0.34594278764237696,0
0.13066022287445256,0.16431073447184152,1
0.7722180787773404,0.6480297223260489,0
0.039267526043561096,0.2758644595386739,1
0.9245701316419669,0.8526247982214322,0
0.4107014097463798,0.7219480246880302,1
0.8010074541876879,0.5640941771206882,0
0.2990446665033636,0.9925547321810212,1
0.8748970844060573,0.7253846797672955,0
0.14941686099350981,0.7856557187996062,1
0.6399648223474189,0.5037350726000355,0
0.11044362930271201,0.34656653206712396,1
0.8685818579253491,0.14773771607306485,0
0.5962205834076775,0.809387406032536,1
0.5726918181141961,0.2860053664372878,0
0.641650744172282,0.9282053077102062,1
0.9174346969130935,0.47658792681311124,0
0.5158902960517162,0.6911232220278712,1
0.426722112176658,0.04126243316248135,0
0.14030193629434662,0.8960872772683394,1
0.3239078077626316,0.2982805285226472,0
0.01206981666211393,0.7385116290804413,1
0.6852507967876678,0.4923133399381122,0
0.6561273604740032,0.8490459024833777,1
0.941178177637106,0.6816076695892851,0
0.2735719890915581,0.8252685280263349,1
0.8817538853927067,0.6274027326387023,0
0.055920300752515306,0.0756266522487844,1
0.7261072693976993,0.7215446563728837,0
0.1084606378158608,0.44549480719827983,1
0.4516245619493753,0.4059966437608161,0
0.46863081104298776,0.5677242961628597,1
0.9776503185919289,0.06244430309661997,0
0.459588965746356,0.6881372824495617,1
0.9327730333714861,0.9866549450921671,0
0.5845491197643967,0.9312188876915443,1
0.8440227025203053,0.11157154031910521,0
0.19053815516032724,0.4679706269666527,1
0.26747324389160676,0.07595907522886691,0
0.15299395117797632,0.7297262823878592,1
0.50919791573742,0.4255484643781251,0
0.7294159692741273,0.8655801151399123,1
0.4688279643914395,0.08977781090074044,0
0.18804752775005862,0.35520133606688686,1
0.42921006404829465,0.3429879951939834,0
0.4872064766017197,0.7283603005606499,1
0.9528565031342866,0.6082797063174833,0
0.6502810628691295,0.8847027487140622,1
0.925820723655512,0.6273683753983099,0
0.08942186535113517,0.7494879859476326,1
0.996998355333622,0.7746991381443226,0
0.21872577690129968,0.972935722207534,1
0.9854532208947087,0.13763634096581767,0
0.3921444905565925,0.9892897696213884,1
0.8586255241253675,0.10182590055588414,0
0.45378341831030133,0.5423073881051861,1
0.3177784414244954,0.29746806189944,0
0.3823268523318032,0.6652689077560975,1
0.9773148910927173,0.5078561055899011,0
0.08982933507658808,0.3673389667512993,1
0.9813679799900986,0.36155846245942125,0
0.3429066262451358,0.7690167948310811,1
0.8557450705316619,0.9046240049929487,0
0.3114543624670819,0.4931837730226314,1
0.9819423368641778,0.6222657670208015,0
0.15096500769655274,0.4491658675579091,1
0.8205450582909171,0.6930845818944277,0
0.15289587876104194,0.7239385462081479,1
0.7166259932637926,0.029733336524887077,0
0.44454794142717124,0.9158217231681511,1
0.5805767910694241,0.5234164668673017,0
0.16086401275177697,0.2769773591831626,1
0.4219332424105604,0.3435251842825333,0
0.18388638112275046,0.43769315549554977,1
0.9554397798773574,0.46600111335754646,0
0.6322372603860336,0.8047176039622268,1
0.40166244848538923,0.20943529169672315,0
0.409120819321405,0.7734856548513942,1
0.3822891040369688,0.06272855302724623,0
0.2876394235097576,0.7353145134445792,1
0.9560388003441809,0.19718933588230236,0
0.18087338729342683,0.9380501188645958,1
0.9952259343885769,0.16508546406896962,0
0.08639705119030094,0.17395667320149888,1
0.44161201168386677,0.3653960925001174,0
0.05682157854472836,0.118497167385899,1
0.8951522849719156,0.43261171493064254,0
0.16098470427987888,0.6304786607060487,1
0.3436677989826943,0.2831417861975456,0
0.7856258371166797,0.9718864051773711,1
0.8661650525911485,0.48391891459648884,0
0.6404886632830197,0.8377586481746186,1
0.35467575205335844,0.18238658716871226,0
0.06743896497349755,0.21747225167660011,1
0.49352068041521036,0.47423275754491534,0
0.15006119383130712,0.18688247249274093,1
0.7979291912328981,0.7378171950105671,0
0.07912625366922477,0.2699951776419841,1
0.3852493948615634,0.2301038659068838,0
0.30597329123479367,0.5496881270310058,1
0.4680205698200244,0.2521229784509369,0
0.05222015004896119,0.31633379487007784,1
0.9265523388508773,0.02634351762006526,0
0.21859448049999408,0.7764602899622164,1
0.3084901246466758,0.27806915210010175,0
0.46660822722609796,0.5805948250300117,1
0.9323452362417671,0.24546480992961428,0
0.20034794834458092,0.5280955210995006,1
0.49108584066666383,0.15295042936267822,0
0.385257655352762,0.8259263202307863,1
0.9080907027590948,0.8411576371777746,0
0.24229578513875416,0.3328165882737719,1
0.7321964011443138,0.475085868494317,0
0.037358176811850496,0.22248573902383784,1
0.6771021953666807,0.17038694634089602,0
0.44869866898968636,0.9483355532134629,1
0.9850581154858147,0.7821073427135994,0
0.025259479879783275,0.5163860435666612,1
0.8967110687834807,0.0379253058992699,0
0.5361156701786035,0.5741838503075857,1
0.7795712020925444,0.8806286986034546,0
0.18771437516208278,0.38938909225268237,1
0.8440174901091267,0.15044175049306974,0
0.00979924536792487,0.4919335923105512,1
0.7100229054797983,0.41427963881204755,0
0.15997532142058135,0.4528677346573705,1
0.6559401606411872,0.18931160887373355,0
0.5018525420584673,0.8327103922576113,1
0.9565498695511472,0.766706983915463,0
0.28365322323803954,0.5236589402431985,1
0.7327486251432258,0.19830734503070735,0
0.20141924899158947,0.8483146295444854,1
0.9074154691647834,0.3124883459973269,0
0.08028142149539652,0.25909064057593,1
0.7783571636364226,0.39987630099131677,0
0.37005122998628726,0.6324423497429255,1
0.675177112376878,0.34772091728344534,0
0.4159104193107971,0.7287373337460907,1
0.3337913521626694,0.3023606540227015,0
0.6814023081071682,0.9788224237620797,1
0.7192921567884982,0.15532282327278857,0
0.11124472551837894,0.27003770160860796,1
0.6923848972346754,0.15213291219632685,0
0.006077910889203952,0.4860570217564487,1
0.8607120738818861,0.8512174537438992,0
0.09396269891121978,0.4665335015972224,1
0.6952689887273222,0.5611670455873775,0
0.27178326824969246,0.41271624250395067,1
0.35199940670094043,0.02130788668670458,0
0.002282781162639691,0.11351198480002389,1
0.46692864371786547,0.2099517972920789,0
0.5751223573437682,0.8795911515126212,1
0.7213312997450538,0.19169606921169557,0
0.15736151017735422,0.5993996789479702,1
0.7728068783149834,0.08428390705293831,0
0.3140009589988261,0.5636466694926481,1
0.8346634482733364,0.5370183789467097,0
0.44088264717508996,0.6293309920785994,1
0.8441725921408902,0.9897860111274507,0
0.07254656066691989,0.24534730585209286,1
0.8581504404234543,0.6280329261554833,0
0.018199774795820578,0.13750093158093268,1
0.5644099556625444,0.17493341991174793,0
0.15481994425408718,0.4369172356713251,1
0.35509510332775596,0.32590257181424387,0
0.5011080417334511,0.558866454721399,1
0.44309642451520437,0.27781949557471997,0
0.05545647956565658,0.9106925705422108,1
0.993909539708163,0.04590123748458108,0
0.15921357819947635,0.47108710952886257,1
0.7587158065135063,0.5887756943406371,0
0.7820543600490878,0.9916201508405547,1
0.8860218388997017,0.6951932466634149,0
0.6056794823638222,0.6702630347910905,1
0.7851496896877882,0.014401674920330731,0
0.46712160286516624,0.7031042738679554,1
0.5174586433595088,0.4543286415615515,0
0.3772842724585441,0.46994936275925236,1
0.9189440014309119,0.2138309329488859,0
0.4361143414971993,0.6043464478265173,1
0.3470691329830127,0.21734090827329633,0
0.5547952966317392,0.6366876616772188,1
0.8830582452022302,0.9890503375345863,0
0.03467285772476558,0.32668143401639926,1
0.9720613477061124,0.12338210916297454,0
0.10809368521243534,0.48032320554683405,1
0.6632652167309332,0.4521382807963711,0
0.3848974547014584,0.7789641449549022,1
0.5642136066530449,0.03531218793192936,0
0.5963329755112341,0.8340817811879674,1
0.8008121491864818,0.24179533127904806,0
0.12174006843613072,0.7402876475384629,1
0.5369713822990418,0.08585748781859315,0
0.2992087555476086,0.9507042659914531,1
0.8525165399440694,0.5210869353371529,0
0.5337590747877268,0.8535715713740513,1
0.6857638903487248,0.4726636866060152,0
0.38996871921098386,0.9182355796405223,1
0.15893857866402694,0.0979303665974437,0
0.06032478076926928,0.8047667466621078,1
0.9160058165625045,0.725980438694815,0
0.10702768602060475,0.20375234012715915,1
0.8505548427749235,0.41934278593337115,0
0.5474839072950138,0.8089375986256381,1
0.8524479981282803,0.697723499049266,0
0.15867435527811746,0.7284951589216354,1
0.966279396890969,0.7256327425536001,0
0.42920217917525116,0.5763953362816693,1
0.9904943718766125,0.729139410826574,0
0.3521347547572089,0.8941891993808165,1
0.2101179312633621,0.1351643053459668,0
0.6447744888852163,0.8728887001481208,1
0.7682875106318179,0.805863564152483,0
0.40114410869458184,0.8671916045960355,1
0.6123996713768721,0.6560600866774905,0
0.27855290760677787,0.6129950593367205,1
0.4233707885234892,0.36426933499902925,0
0.06288325666973449,0.3309202723571837,1
0.6965512928161027,0.35605773451653433,0
0.2594144547649879,0.9589774051983887,1
0.9137921618015257,0.3608166601610441,0
0.5393480109890392,0.8126701363419354,1
0.686676521961079,0.2513462294012342,0
0.12555295416311318,0.3469503157554412,1
0.6326267312168484,0.315378708555099,0
0.6281320375492977,0.7938581727916149,1
0.9800334491231625,0.8062672108213645,0
0.2067436820819254,0.29017351832145,1
0.5835418549903293,0.25636976050986515,0
0.17333228139260448,0.6981395584234359,1
0.6971697246869135,0.585067691951461,0
0.08640669406996204,0.29135447308809037,1
0.4858144299436643,0.13494294970075404,0
0.4008686495103766,0.7434624878115637,1
0.9288492981755682,0.20652409578844277,0
0.19693275757314088,0.6159824080962565,1
0.9101669999996806,0.32401771929710976,0
0.36969241586519497,0.8209562782784339,1
0.5140420499362622,0.16934890456648244,0
0.08425059633002896,0.3634390495973858,1
0.29878532845069594,0.19399846610349603,0
0.06110598910985088,0.8394219913878512,1
0.9034518282042732,0.21473533296085923,0
0.2760692214449447,0.33695786040100506,1
0.8271510434858905,0.8789896047402698,0
0.1698130195038916,0.5902634287955285,1
0.8662865683966752,0.4510756189627212,0
0.11883113111765808,0.2907309634491979,1
0.7996354275826909,0.19432240569666537,0
0.7008030873844872,0.9866792224747695,1
0.6259962394368742,0.06487109101069444,0
0.7241526933476424,0.9874474841781222,1
0.8556705320845909,0.6573544229877596,0
0.02257866596319613,0.8841868392971145,1
0.9005799104106963,0.8074418164858097,0
0.4068873254178116,0.9147700943219228,1
0.7489735620462477,0.7272976486532201,0
0.09352013599639541,0.3007041676962555,1
0.9579911554269938,0.007161283399581664,0
0.3085072766787188,0.8172052022428097,1
0.5247874175325151,0.39342634976710367,0
0.33208486001185633,0.6279629354007358,1
0.6066937616053519,0.5889130806247272,0
0.14028390903338095,0.9369740008017299,1
0.6205055977876678,0.27406427505249054,0
0.29784328850812003,0.6806787712718604,1
0.30344055888030896,0.05404476609731601,0
0.8045454248915076,0.9954863717212612,1
0.8687033176317255,0.0354056169897452,0
0.021793444191108624,0.23853837814969592,1
0.392395406900492,0.1732092698562644,0
0.043398980833396994,0.49049829494425257,1
0.1256432984411472,0.0563869906446931,0
0.04624636142520222,0.9571251490442307,1
0.6519277413041251,0.5364655428613505,0
0.4911717886703536,0.6467925704981267,1
0.49938773520817736,0.11330801935480772,0
0.7203431865016359,0.9706083232379623,1
0.7219218571947249,0.6532308596991819,0
0.4995697954755547,0.9077714195408185,1
0.864706084970004,0.20712529086719278,0
0.11857330522942777,0.3439371128174309,1
0.2955144846225646,0.17813248524025538,0
0.2322858476871621,0.5202253846657418,1
0.7340488918332686,0.5637968972999654,0
0.08852162141950615,0.11870341709703724,1
0.9239082883270592,0.7323057856466035,0
0.2680013507716983,0.29692221954222264,1
0.8923111339304197,0.2858150378812503,0
0.09543270244724089,0.5046234487205221,1
0.7806058129306315,0.7530550598942741,0
0.008838136581726497,0.21686917106167192,1
0.8602140822781151,0.9380933087761637,0
0.6568850293264391,0.8825256887368415,1
0.8570876621899329,0.8690623369824935,0
0.21981569806742662,0.5889366788280676,1
0.9691770443496718,0.0021770687078050965,0
0.5374536136111437,0.6306085159336683,1
0.34315502091069894,0.008413185433876702,0
0.12782224972230893,0.8126389359570866,1
0.5609164694613811,0.39793391266539846,0
0.16614986631382023,0.5807319053697084,1
0.9909473992908515,0.5741062309993789,0
0.14963676501165668,0.7739480925707599,1
0.6133972919693297,0.42630470623778705,0
0.43512048840454753,0.4703965541015207,1
0.9630907881691364,0.3524637980328219,0
0.02644120291469565,0.6008888943735927,1
0.5635638582161803,0.237732101578206,0
0.0033669392215451843,0.573464700699188,1
0.5771799886020536,0.5066805193114193,0
0.4182109160447065,0.895797568718395,1
0.8885101823568669,0.28031631219304,0
0.38588096405740935,0.6734704199096516,1
0.9044593844037756,0.3648195254035178,0
0.5014043151577331,0.5723206186152864,1
0.5943860121744954,0.611281737051367,0
0.49864637787953425,0.6201820376551982,1
0.7620593056786988,0.46625355964997517,0
0.3088107183134543,0.5925112575118735,1
0.861065114978624,0.07072625689329237,0
0.24344736547148882,0.9532469692310179,1
0.7551772677200672,0.4961940606147397,0
0.18690589786869283,0.9514942327257784,1
0.2086572674231021,0.07002611782099277,0
0.5981372548804524,0.859435832529515,1
0.19649304306069648,0.0009564403118481613,0
0.13614296939397552,0.3696625527252355,1
0.5251818398506775,0.012755330128073394,0
0.0890898545602895,0.7741873743489703,1
0.9840901651089927,0.8206342356772961,0
0.29247200789362515,0.5038608374599565,1
0.4951438817747762,0.20942835886096767,0
0.17209174319347675,0.43946152325799337,1
0.9873983751682727,0.6796308346406968,0
0.08910026388242387,0.6928222128816326,1
0.27407470577648085,0.23993376298018054,0
0.35112567424693086,0.5645976442091004,1
0.8426354791281342,0.45688333210857246,0
0.0184509128535828,0.09854663163784083,1
0.5154262271641586,0.19424887276887381,0
0.3472558249974348,0.5296029259073669,1
0.573460909856588,0.2840360435250777,0
0.35659837027307706,0.5787145814995475,1
0.9622202305284945,0.09519865272229278,0
0.655267370372525,0.7890994179066251,1
0.9237778445449363,0.1637039503829556,0
0.04330332413802629,0.1902258985973856,1
0.7830848759498034,0.7359731606445706,0
0.1881435723645506,0.009833331651590616,1
0.22467987602525152,0.5959597329271412,1
0.8683337723873257,0.5503564573950883,0
0.15034249644376407,0.39233352616944406,1
0.23171765532054556,0.18953479680520757,0
0.134184376140135,0.4795765884468962,1
0.4917389650996332,0.4965098490815043,0
0.3492756744064919,0.6945843408877679,1
0.4562329125932685,0.23918276591361576,0
0.6218518346551147,0.9427452549209973,1
0.8258337867830815,0.8320681850676933,0
0.14497966236680304,0.40272271272693516,1
0.7305071937046401,0.09032630391500451,0
0.09183412752173703,0.6093634980824706,1
0.9296026857932723,0.9952715401043836,0
0.19087464987771263,0.48136991825145614,1
0.9811778564044425,0.07599917413868806,0
0.001509434426787748,0.7177148886002629,1
0.43783603496503243,0.23085485790779736,0
0.30619529272195334,0.6170089525219157,1
0.4818242610481628,0.11345799506988141,0
0.019726677183054098,0.7248986168178807,1
0.8423429955757415,0.41928345097671693,0
0.03166301693761575,0.6892744393281671,1
0.8107941234580417,0.036801637030375756,0
0.26663159763927524,0.6282996990827281,1
0.4990131039333122,0.3010827956822659,0
0.07609786764699211,0.298040589582948,1
0.9093587474426982,0.9525942782611752,0
0.45215672556587183,0.5566009236806863,1
0.41632544898764645,0.07798095197408361,0
0.18727868185696062,0.9695619629932289,1
0.5787281515871974,0.2390797081381656,0
0.05101396349613596,0.5316991595116739,1
0.9885344409479541,0.42215541287844305,0
0.6036882999850628,0.6611064256115966,1
0.1961996505386887,0.08715981968832409,0
0.22323573981487488,0.4127155458962768,1
0.88872986494528,0.4145232774251798,0
0.22183896062656006,0.7477676498191784,1
0.3300039799217497,0.10356359552309224,0
0.19705377953802972,0.5108632824647797,1
0.8779611604116999,0.8625992793538149,0
0.3696303945470403,0.7706336467560174,1
0.9192787679457951,0.4362038469637529,0
0.5511906060398,0.6112447184728907,1
0.7160747004813918,0.06605799013399971,0
0.013159522299689308,0.8869228736665916,1
0.5720849311765334,0.49284676422378637,0
0.2710466842803194,0.9537680521458507,1
0.9857399192722093,0.3978868107968717,0
0.4583999633018865,0.9429785213824763,1
0.8276926340098428,0.006450157291305936,0
0.3417974973215476,0.5515540916962252,1
0.8582601637227748,0.4166080238048705,0
0.12132086273768794,0.6438731506332241,1
0.8517479413996335,0.24220259148897028,0
0.3960689420239323,0.6321208449909643,1
0.8140271029397844,0.8513371504897593,0
0.2818270652523588,0.6174699211679863,1
0.7220571509285902,0.4427390444677376,0
0.636100237069709,0.7003348935886491,1
0.871470149524995,0.7191983399914285,0
0.059282542706626806,0.9543482922661725,1
0.3948889921525952,0.4059353444973489,0
0.12406503794109935,0.9788324473997941,1
0.7941435885999136,0.4772642223945357,0
0.0058728356040131935,0.5255267688172791,1
0.5651392091053485,0.5952809943971333,0
0.719017627779193,0.8531337473731437,1
0.8016617911393081,0.4787293605466596,0
0.07312525431623795,0.7057818110996555,1
0.9176897011112783,0.039603844936390686,0
0.2834584649391829,0.5364498114656252,1
0.9775692489662262,0.8152395384853235,0
0.019524112985596864,0.39717530397570056,1
0.653096150933754,0.14862035297832688,0
0.08297369348660966,0.6021954989884778,1
0.7876843757859456,0.5851945486954833,0
0.10742860625591877,0.8229325502185532,1
0.3592123274141745,0.003006831482885941,0
0.2849647377481399,0.76319393587769,1
0.9311275164275965,0.5773864215278839,0
0.2742810733149268,0.7482458759737356,1
0.6474500424601822,0.2711180475982162,0
0.051089361732838956,0.8311069880885691,1
0.5011890896793757,0.13999704124155954,0
0.687681420561295,0.8001022573524128,1
0.7419429437997905,0.5224999634575906,0
0.24726972503576405,0.7147700768175509,1
0.752409482944432,0.8075667563643805,0
0.23625704290690397,0.7924832239957238,1
0.9643715697705211,0.15725318740160477,0
0.4351733868668214,0.6974049895777524,1
0.7115505747483171,0.2049267321979753,0
0.7704774287487601,0.9162450012679128,1
0.7609992976876586,0.8198175283649412,0
0.4157453911245731,0.8801809020264231,1
0.9761756086977416,0.30801833649148125,0
0.012743719801931674,0.08350360041986726,1
0.6040684652416078,0.1311843254960362,0
0.19645751826107416,0.9765676980356417,1
0.24297874325010338,0.14145297138814616,0
0.2788063744736642,0.3098393519432323,1
0.9265880948938814,0.7976072592765268,0
0.032670387067896045,0.6927119678311591,1
0.9971947086040851,0.2624076629568469,0
0.4522775390072925,0.8926595136483177,1
0.8895026216725513,0.8361675278835613,0
0.13967578980700546,0.8869213992793363,1
0.9220991819708976,0.8756947476391106,0
0.7789908766721003,0.953777913437313,1
0.8470525172670501,0.4676240680303815,0
0.0384903926426956,0.884311047332464,1
0.5367152971303308,0.34369864591531607,0
0.2201283601842029,0.7424564935746099,1
0.7818427556579942,0.8917297176346644,0
0.2688022340517059,0.755592567526459,1
0.5330385919565576,0.5573066366317435,0
0.08063601839846835,0.9589604427185506,1
0.5039003054548951,0.16208821988986277,0
0.054243462131962406,0.2519407370770863,1
0.8595688691429254,0.16743584314048487,0
0.3816511659490718,0.6072408923064354,1
0.896301944857724,0.09093273959805981,0
0.08672855319126016,0.3644580651926126,1
0.2861015871239484,0.24251483551642095,0
0.3390067176179068,0.9725986588404333,1
0.6422149295815317,0.4603681468849996,0
0.018336638311006292,0.5614300662641278,1
0.43299239122709565,0.4203772573557988,0
0.20029072126091707,0.5147137666026848,1
0.9660446764358439,0.9829738420066471,0
0.24491893433209255,0.2761321069812691,1
0.8477198472184945,0.14320819800276363,0
0.7376250486083387,0.8957255180464719,1
0.4302322734018651,0.03160015989566034,0
0.17101133730974727,0.3727670238921227,1
0.5888674274835638,0.6133190250023794,0
0.08750885595428193,0.9597586360077351,1
0.8022863278686783,0.5250888988863696,0
0.14839224141900176,0.48041136679875385,1
0.9149090651913526,0.9429200195371749,0
0.1317824999735676,0.9620753886323075,1
0.9861308222631018,0.3600217373040375,0
0.6821700192223183,0.9626362484316173,1
0.961472378005593,0.0447374956658293,0
0.3332895010718251,0.5000320786225128,1
0.7983892982091848,0.569545055132198,0
0.6171332064698094,0.7324153854174228,1
0.2791720020901951,0.24088326780516411,0
0.5891081867260457,0.9616870232254314,1
0.4724958506322584,0.37619374562690366,0
0.16270532607867505,0.5977780255846893,1
0.8602764378219763,0.7000119293134006,0
0.9495315234262549,0.4928486206240267,0
0.0015452503831684394,0.3475086123423228,1
0.6078325123925742,0.5298475449322835,0
0.36630354731517945,0.8177576915335437,1
0.9521875517133038,0.6445352800996557,0
0.2198453731218143,0.9064558958841548,1
0.983616365087843,0.6008283475439183,0
0.02309560780535702,0.8453949589902461,1
0.12419022744457042,0.040238287214234614,0
0.19719360310049694,0.737612173469643,1
0.06717061507619138,0.018508253868771418,0
0.5081982167149838,0.5923112571850796,1
0.943583729282163,0.3132445746074167,0
0.6209885114947724,0.7877432956173933,1
0.7625274462359304,0.28859115678572544,0
0.0743015307470064,0.5214351265540981,1
0.8938795288984573,0.7890030030504374,0
0.017729796236833018,0.1825139540232129,1
0.2694073679969512,0.23731970815486958,0
0.23037836187069594,0.26469607453485344,1
0.3325378221625731,0.05255619042520887,0
0.5095159791917828,0.9095019495216542,1
0.36695963745030835,0.14617276524489453,0
0.25196105745326847,0.5667448797946824,1
0.811059266642651,0.8888014792026359,0
0.6496658464852171,0.8573838088655814,1
0.6464998807950011,0.014565344851057205,0
0.016286325988094208,0.738934266304041,1
0.7814964666611371,0.4039091302581015,0
0.45087509732148257,0.7101751014907249,1
0.7717665238900557,0.8488765402831948,0
0.22558843962261166,0.34263217805236146,1
0.9896084341502474,0.6607446467414859,0
0.20851746296870977,0.46346595014947145,1
0.41106864503650176,0.09902583698363199,0
0.6525604631785815,0.8047881944130604,1
0.7916340838876065,0.8172551135157351,0
0.12487177358684609,0.3104330832474581,1
0.4241171038595202,0.189440586164916,0
0.17813485045210709,0.6454059082189827,1
0.8881346044024848,0.6419941506137333,0
0.042222963210864606,0.08821384965270695,1
0.5316985515175559,0.3062086948527243,0
0.35036422855956695,0.7659372591427343,1
0.6884352752992418,0.0013121335661948619,0
0.3215810248209132,0.8423946750203614,1
0.33014245967262335,0.027481042057434957,0
0.21095144406086108,0.3382529244660548,1
0.6491350239037116,0.5814854356770283,0
0.37306550415878914,0.7040614205258122,1
0.8720969640578878,0.20412203901923354,0
0.6905518321171874,0.8259782384971721,1
0.9309298006973127,0.17889243594238446,0
0.05537278055786943,0.2964559709814054,1
0.8569413683182169,0.15355273423673133,0
0.45231023727511865,0.848127931382367,1
0.8218748077795626,0.668025064504584,0
0.15453138775352626,0.7298928982135399,1
0.3500045036355248,0.06276253711346169,0
0.2869183533561003,0.8835596994767234,1
0.8235947160138608,0.9076448661254127,0
0.017208026179125202,0.974044500133163,1
0.5256817522888052,0.019458720570559418,0
0.21328304479486238,0.5462211628393753,1
0.9299811154646453,0.6938845917245681,0
0.2787416788744993,0.90816498090373,1
0.687386875872485,0.7054460882935961,0
0.4663193792355259,0.62575971264179,1
0.48886478824321,0.3176034081864745,0
0.08378677011671032,0.5010983844078168,1
0.7103780639753761,0.3203174514920716,0
0.19693379400679356,0.2110600997084323,1
0.9810821721771205,0.6551515151631945,0
0.6461220904349808,0.7796505916478214,1
0.10451833439683222,0.07219875020587696,0
0.5230778402734484,0.5971043013194851,1
0.9479693835592383,0.6694310110123669,0
0.06449492585641958,0.5937337171704159,1
0.7769354355382576,0.2900476469107537,0
0.58340457354585,0.6444133541743807,1
0.48788854864338616,0.40653882381833384,0
0.015202108426341066,0.4741088419020373,1
0.7131197586112095,0.7816948777520449,0
0.5692370438104459,0.7973925500009428,1
0.17787183522763472,0.007209024151803911,0
0.40737675570652343,0.42835360882582363,0
0.4316729208936241,0.9898657103600308,1
0.8475558495885186,0.6116790135852356,0
0.4164889889716208,0.9631020392052811,1
0.13952304151656503,0.0005770142316081639,0
0.04772589548813666,0.8645841998157373,1
0.6813612737056814,0.4520017433033071,0
0.2655827894087601,0.557445868855734,1
0.8270857938733599,0.6148085642973021,0
0.19211658255244524,0.9292917722521375,1
0.9521838519252751,0.7375909523302714,0
0.25139691741160797,0.5228488945457977,1
0.7931617990992748,0.2699742112682624,0
0.4173878015995621,0.9829375864188552,1
0.24348129007062813,0.1739552046278423,0
0.15126640097449529,0.45011576597594605,1
0.8824365917574281,0.7345800999414702,0
0.13564601915181884,0.4900664799541038,1
0.19503353059398598,0.4480491442623741,1
0.9034242983138784,0.7639532227302787,0
0.5540444451250752,0.8611461883361179,1
0.5269302827399998,0.47975001527929795,0
0.01674451817650746,0.39886061549035146,1
0.6944428184582722,0.57889110047192,0
0.03525116892471414,0.9795852909227741,1
0.5214764507380116,0.3978892095244647,0
0.08971776679592591,0.5942382570059979,1
0.7799802436252573,0.5613278416248599,0
0.3286212872084736,0.6680945228869102,1
0.22427588320012926,0.11470923816201961,0
0.5339042326315335,0.6787154565135323,1
0.355823769761769,0.26662015847719056,0
0.7398988399258967,0.9278022369661176,1
0.8987374065881109,0.9647714477983879,0
0.4907083460292472,0.5445758317686772,1
0.4290555115732594,0.4018693750125416,0
0.39820818414043757,0.9613990129827843,1
0.9760503399844325,0.6238931513545704,0
0.6472319395058933,0.8761915665272453,1
0.4384566677057432,0.16837358123527146,0
0.5343783442440161,0.9049119150561931,1
0.8862814123413596,0.4817408899645791,0
0.24310055769948524,0.4563514688572923,1
0.7896003953770143,0.01506525659673874,0
0.4207082375609401,0.7838482447210452,1
0.4017627804540461,0.2899390121714528,0
0.23035147230500475,0.9241082006827613,1
0.31937504325439925,0.18249010242395147,0
0.4881042322139324,0.6359537181417892,1
0.9125525657445328,0.893021086752269,0
0.6876965798906166,0.8405848417416584,1
0.9477519306140292,0.3322354671321729,0
0.20583663959294674,0.752351297408987,1
0.8229735782677173,0.2215146042111572,0
0.19844068798590297,0.4422533983832482,1
0.49886235965570624,0.0029230711208823035,0
0.05121155600635574,0.3321827053336671,1
0.6666301253680327,0.3733881125065869,0
0.2578998640346616,0.7623046978361647,1
0.43962983320235294,0.009449542139249312,0
0.3793200937534822,0.8543097158029729,1
0.5824019538897094,0.16290714500494985,0
0.3867177290400924,0.7117834306940715,1
0.2869456501256976,0.04889895354087881,0
0.06264022263370639,0.33753918247524595,1
0.6771251201270585,0.4542143000290262,0
0.5009595346156877,0.9505733612527707,1
0.7721373160105031,0.3458045392059439,0
0.14466701284400407,0.6631394693186433,1
0.5662269430923669,0.0894180703834867,0
0.21304397420642907,0.7499221427569542,1
0.8808706545775599,0.7374323687255027,0
0.3863259164933093,0.6141832118586363,1
0.2362127119465408,0.09825934012884152,0
0.7818720459872083,0.9474205305261424,1
0.20892423666915905,0.9207381576472476,1
0.6689374103263888,0.38989411147311137,0
0.1394351913422487,0.8827908950897702,1
0.3611211932260576,0.21165809550029646,0
0.5324580817225,0.9664894778400693,1
0.8473146675299799,0.9866058227149868,0
0.4501670893590922,0.875140843210114,1
0.37136520300537745,0.03155735835956508,0
0.45796102741301425,0.58968657966829,1
0.7968480992913988,0.8656536455892738,0
0.01702092948564038,0.8370391916225702,1
0.83003958023771,0.311190829824354,0
0.7354055471560539,0.9707694871918185,1
0.5197775630195007,0.30097034980584403,0
0.20203690438440491,0.7223931743846427,1
0.9039985156207968,0.7145115514644883,0
0.7925209276005564,0.9475855543010974,1
0.9084953054010161,0.506619002515107,0
0.4950212951597903,0.7286393702984619,1
0.6889423265362856,0.2187736994599807,0
0.48832132495458436,0.7279892946213913,1
0.16056167355079554,0.0739896165628291,0
0.47222198729146836,0.7619928894419027,1
0.4356235048279402,0.29706392897345113,0
0.47130355116661293,0.5105051573467421,1
0.5368077912335778,0.5287141742682492,0
0.04115658616429163,0.9233005685513088,1
0.9183199522385971,0.8232675386765654,0
0.692822400555904,0.957991514481232,1
0.703772217967251,0.445994070079866,0
0.009142555666212138,0.2572154105700256,1
0.26753055649547375,0.11264624660421141,0
0.1947396563240673,0.6621605117285676,1
0.8978239471394469,0.02442901389522001,0
0.011585810285985265,0.8402934859680952,1
0.7605126752663833,0.7765548250462229,0
0.031650231466219036,0.7277729647296497,1
0.832559671921339,0.774653297521747,0
0.23913282688867743,0.3431362055188497,1
0.3850975124562056,0.19796269100710862,0
0.4608838174437775,0.9142039705297894,1
0.50067142074156,0.14532720277214817,0
0.2586233288184855,0.26697948276595007,1
0.6895992639192556,0.6788448261939846,0
0.04155902143777268,0.6235816167940933,1
0.6031897544152501,0.4666381379539263,0
0.695397525445322,0.7738724762430012,1
0.5309924731201695,0.22652894976718252,0
0.41649142971408903,0.4934182460797446,1
0.5436974956315485,0.5221957480209215,0
0.12967635007494682,0.49048062638832046,1
0.9081351670355864,0.1545274341373748,0
0.21496960458536618,0.7836541756859514,1
0.10778988222201091,0.025717058800788672,0
0.48321628847786324,0.7996598607816455,1
0.5485179269766256,0.29325988939042735,0
0.19869722895671416,0.5304941461593489,1
0.923682913475061,0.3999015139352735,0
0.07693954696625505,0.6554587408370035,1
0.9100380780162797,0.9545163402850848,0
0.46685725965057046,0.8298837802664197,1
0.6991622756042054,0.38293158096762026,0
0.35128401638753626,0.8434933874117387,1
0.6963138328642843,0.242824279191461,0
0.6270547424473533,0.9176788128848525,1
0.9896987024059339,0.4192549285267321,0
0.39449869858886444,0.7121603428785216,1
0.5842281225377521,0.22723105476687555,0
0.4204665193167326,0.5039311634662187,1
0.301245481423972,0.007690493012202149,0
0.0441106339124715,0.309095818663229,1
0.5955250034890454,0.15207825875547942,0
0.557882562469137,0.914578652294737,1
0.9378953172825425,0.6934750091358407,0
0.45823327076125175,0.730690455162145,1
0.7969919336952096,0.2538350550515731,0
0.8380159387493099,0.5610600750935618,0
0.3407799599104584,0.9278605435817192,1
0.7299649026149091,0.3102108612619868,0
0.3203652547649486,0.874383478277984,1
0.8987443795405444,0.35241080592851115,0
0.27506331134998907,0.29828978376694104,1
0.8383709878259209,0.2520330493968793,0
0.5490816466736764,0.8765688397737477,1
0.027579979634977603,0.11793449095658992,1
0.5792355640727883,0.05616592173539703,0
0.4593135186451922,0.8603406167873197,1
0.22587405447064202,0.08500644177334638,0
0.33952629205389384,0.5857954269349587,1
0.6216521879808302,0.5142314063015144,0
0.2723690074477625,0.9449292941454802,1
0.8090002363520813,0.6083367185140589,0
0.5621017261879205,0.7250851083699946,1
0.16708628059135977,0.08602837900821658,0
0.04150302219177837,0.8192001084404974,1
0.965490045916294,0.43805299786811114,0
0.39329760750270704,0.7188141194108865,1
0.5823577115818269,0.43891293240077334,0
0.4474834657351764,0.6570657224947584,1
0.8406577416105115,0.2869843532430837,0
0.6483198015060305,0.8394938930796836,1
0.7522665124716423,0.002595413523669876,0
0.10734813690028411,0.24150958830682145,1
0.62016518219887,0.5566541522205487,0
0.4259986469852707,0.9317942828694304,1
0.6347764982067735,0.6386548739136672,0
0.7721368428720905,0.9662314032119337,1
0.41125739634408387,0.35253242521413886,0
0.6116165589240659,0.913690181473167,1
0.912080830838406,0.6027592179274034,0
0.004658610763797033,0.4730883449865757,1
0.5905696149167763,0.09503136705910431,0
0.5128044442184527,0.6541274665441547,1
0.6700314697621002,0.008217834829687742,0
0.4246549314312066,0.9043221915085615,1
0.08737085553630386,0.0035865685136041714,0
0.15067951740417562,0.19215123280540314,1
0.8441978791768863,0.8029514546530834,0
0.14434332398078942,0.9987491142243664,1
0.5679205127621899,0.08723972626456022,0
0.01531795133068814,0.7535641387527643,1
0.9588605053141476,0.981749128308004,0
0.45349310983261315,0.726564950475329,1
0.7611587009015629,0.03721072982959783,0
0.6311506040368654,0.8872095938499237,1
0.9608115740312956,0.9499150029254455,0
0.008783125562667582,0.25268289951792255,1
0.9024113881023785,0.3064638279848779,0
0.015228611830635286,0.12941845479284908,1
0.06281958523397746,0.017740683018994674,1
0.5713100803333165,0.5897756229049851,0
0.4793834355747767,0.520344041907905,1
0.4171022564872715,0.29436186206649495,0
0.33717127600705277,0.7895213481473374,1
0.7961022243080508,0.35392330938390404,0
0.5710069680862324,0.6155320879278526,1
0.7785259720735757,0.2687644049680058,0
0.03329690338337099,0.9100947638903225,1
0.8831696228845548,0.42747086267220935,0
0.29065209626715305,0.9119083011131853,1
0.6684935930616018,0.7033324678131774,0
0.23145087030733202,0.5299555107379923,1
0.9769027351839507,0.2010571663116837,0
0.17453629956772576,0.6515438697410918,1
0.7862304760141209,0.7636776905931787,0
0.16530479627957806,0.2848747000201115,1
0.9885379367539683,0.5090330853394308,0
0.25744667605613514,0.6337466488890288,1
0.9750721798521306,0.9541180982880206,0
0.024118876024420755,0.33820396972006883,1
0.241941967908186,0.1120704356806359,0
0.5378267853725807,0.9578111068102884,1
0.8867185477483994,0.24588287324869962,0
0.543309467361948,0.9452719264027749,1
0.9546469803217167,0.04460796739115758,0
0.6800611004850446,0.8291955973061634,1
0.903508547340552,0.1624746046561848,0
0.7885492253601827,0.9533405006165846,1
0.9702468775111478,0.12010477231018302,0
0.049550143089880705,0.16442061664604113,1
0.6131799307031378,0.1637379450214368,0
0.2531235576028401,0.6814699135613355,1
0.8815264057465737,0.6270057408716064,0
0.06563037101563496,0.3981642339377335,1
0.7402678355206207,0.12249321919060197,0
0.11314450479441307,0.9130139231421779,1
0.9124128478562553,0.9118448521643385,0
0.2647759852554643,0.6480456570680276,1
0.939672761770258,0.1580335229015445,0
0.37461696894146235,0.8795877755837902,1
0.5029594013901347,0.5176957367192356,0
0.10648447117255222,0.4128272505420837,1
0.8411772396287692,0.10482632419530591,0
0.6915229098296988,0.7670236414962257,1
0.6673423492854148,0.1566745792946399,0
0.2340766728121112,0.2749189523080168,1
0.7324571661407048,0.6891586546046936,0
0.16331881257252312,0.6861387195785879,1
0.8150820255115373,0.942299974734095,0
0.08933888057573536,0.9625233796508781,1
0.45021943689471167,0.09499342157071222,0
0.32727592334397193,0.34571523714321173,1
0.9507288333988773,0.30259169173188294,0
0.16769178047441946,0.8828399856319568,1
0.16902284262081724,0.14309483212847252,0
0.19342698951450044,0.3820362826474476,1
0.8825783798622984,0.9214750677077547,0
0.2589213990385739,0.6181693488257696,1
0.6744324331154785,0.34315266373470676,0
0.6733235341311146,0.8049326947719561,1
0.7582647951876477,0.5121773929719086,0
0.6873827280399991,0.42249223863270313,0
0.491497804505286,0.732706716784342,1
0.9282155388155773,0.41374744826398213,0
0.38650489101982866,0.586653627574434,1
0.8034650794726296,0.9321376823956441,0
0.07583045410787725,0.9969634163822209,1
0.32354951013004196,0.9666971339817572,1
0.5861422441840674,0.5582718358883682,0
0.31548717807819826,0.5320313470059952,1
0.2773262790231278,0.0642718222689439,0
0.13274884452067826,0.9372723537827731,1
0.8428969057773448,0.3309717290351598,0
0.36904759091641215,0.6174537974176355,1
0.6821430786222143,0.4603092356902102,0
0.4704411881304432,0.5707771096976636,1
0.8717423778181481,0.7742017599058459,0
0.06915703960107777,0.13075880812647966,1
0.9809302902732064,0.32231106724652736,0
0.9060646007124324,0.6356937152732441,0
0.0055604575680947566,0.788379199880358,1
0.6491174155595966,0.11404867157589937,0
0.48538274296223893,0.6612821600160929,1
0.7724880208951234,0.40113569310454444,0
0.5566227074759017,0.1260733976449484,0
0.0228269619977316,0.9998552762481914,1
0.8863009366927412,0.10739042861339443,0
0.6234232228104202,0.7320942899866889,1
0.909073339411651,0.10885893430165228,0
0.5233260520151785,0.9486005465196753,1
0.7485253000748656,0.7099746447597785,0
0.048715623785064,0.9568956530946923,1
0.932088841341747,0.3794656360338222,0
0.415604749694506,0.8983726628355896,1
0.46450700474612217,0.10720444647837535,0
0.6879728200466515,0.9819248117472253,1
0.7392000035972146,0.7028819171914146,0
0.30909554144177775,0.7327375856469629,1
0.8625917199357783,0.9164271884227214,0
0.45949074004896395,0.5825210383400357,1
0.8584791264164668,0.8176977751868135,0
0.39389375079206057,0.09482411863621143,0
0.633774771231147,0.8589804801073733,1
0.8501157615275499,0.15046441162667412,0
0.18289982585360653,0.23654862240451502,1
0.386273812652825,0.23255398815240957,0
0.03569942277803495,0.9415336094307294,1
0.2057315167847662,0.5232956412282962,1
0.955179163308515,0.8655008748732299,0
0.7830477488313194,0.9732243815097368,1
0.5685690258350837,0.0919176043786476,0
0.16398447300621533,0.42895387168086885,1
0.3499197776326156,0.3423877108463522,0
0.013152316397376906,0.4610934012160156,1
0.8390487259076014,0.9256002103286575,0
0.19890487402222512,0.6904620886910384,1
0.7459473113859149,0.24429595523714054,0
0.026565365598574364,0.31323912447117974,1
0.9898630417328109,0.48897602711194466,0
0.24240617352574345,0.7707452635835542,1
0.5752381492193341,0.38791796439846915,0
0.7964919710695018,0.9709470771998747,1
0.3748847822193798,0.21098311233283285,0
0.12410846140175757,0.9208162501718042,1
0.8723674159365468,0.15289227699677221,0
0.23430225269213578,0.4307400499436417,1
0.79723869530204,0.910075650850964,0
0.2319007663950886,0.759773426199395,1
0.7975416414135164,0.9154466383868257,0
0.5253423371281214,0.7969415117438053,1
0.5886889927101158,0.15880774755897364,0
0.2276681522377051,0.8181794863617401,1
0.2932324056018738,0.039069668489960296,0
0.47734365157585135,0.9744341504031558,1
0.9213194327812926,0.19298671407918377,0
0.34832862167103684,0.4348624545243638,1
0.6397035875204129,0.14157004138589502,0
0.4795512247278627,0.8441962278442082,1
0.8762418189139058,0.23727493442423186,0
0.21105325517110252,0.5176860454473866,1
0.5876159868389385,0.37052486556835984,0
0.015035439591099653,0.8917308094793044,1
0.7943519011679718,0.422110951774183,0
0.012746009469915331,0.838987476687671,1
0.700396533999114,0.45398000936222316,0
0.26772515414195974,0.9195645484039435,1
0.6626189812717547,0.429118936625822,0
0.7040905488201568,0.6556746965343223,0
0.16704505757540578,0.6210620905977454,1
0.9054716469695012,0.48976444416340137,0
0.2853490298039776,0.7021757380237257,1
0.8214023555242124,0.6549017170604606,0
0.49570409051682296,0.7307648405604987,1
0.8881520391807057,0.08443151161678275,0
0.2936833346486959,0.5423787129450309,1
0.5776933861260529,0.12703353658987837,0
0.4752800014102042,0.6764783611946037,1
0.5600414083264522,0.2806383725954231,0
0.0912592830026211,0.1946399382865427,1
0.8326343762928924,0.7321497291907774,0
0.5905768171047159,0.736351189772476,1
0.5877917504941517,0.36316637695406717,0
0.22470638539666188,0.5603707911560452,1
0.4315933477804015,0.6847638071385054,1
0.7439972237190722,0.22033540875697544,0
0.14623322175405584,0.213989112784999,1
0.6976579916843173,0.18642869329270895,0
0.25857724189937015,0.42533738129148135,1
0.44193610755562995,0.05832786032036941,0
0.21199305305501237,0.6961154539665735,1
0.8101018237600403,0.5729129448442231,0
0.3421348220789556,0.5747750095318428,0
0.2710017049213449,0.48732673607616916,1
0.6020544969780655,0.19962728668926755,0
0.30454573655343586,0.9243370002687067,1
0.6200200497467062,0.2132272258850294,0
0.08598806844808193,0.3498002270675822,1
0.1264494397242032,0.02500394735324063,0
0.29700478922956575,0.7852899591199101,1
0.12468581581919946,0.7279916200038308,1
0.9498109246552688,0.9980596263187371,0
0.2942589827454133,0.07176461933061262,1
0.26828062334507785,0.3884942807034566,1
0.7288106964656011,0.6939171984764273,0
0.21861693191920462,0.5545203289247919,1
0.6030398956069428,0.15027414441065357,0
0.15222628157280427,0.5782564009269394,1
0.6161731742498889,0.43634981525880345,0
0.11127774864841722,0.7806639903808607,1
0.7395189468744426,0.20409446722738933,0
0.5609442836230137,0.7883089365714723,1
0.5879659963014332,0.01804703018271514,0
0.13424936542952082,0.8704425949442471,1
0.8853860945007338,0.5050454763449551,0
0.24803878804623392,0.3693901396660273,1
0.4036185056285181,0.37249404286577137,0
0.690462769294077,0.9809375412186373,1
0.6989326010993577,0.2434890744168383,0
0.254159476045964,0.9205391987583063,1
0.578376046413368,0.15148852408192193,0
0.566566291407201,0.7149811365144437,1
0.8309106270056518,0.22429938833102236,0
0.3543490788834014,0.6088315955343495,1
0.945581777795253,0.059415117534199924,0
0.5877718857289604,0.6736370418940736,1
0.3596699662939207,0.34420282860717877,0
0.3874367640297254,0.8661654213238298,1
0.4278641335988107,0.30421965791988803,0
0.1389971967174488,0.5225763373692206,1
0.7431293186918401,0.5877170239778403,0
0.6389928972288548,0.9387469521996928,1
0.654406620096961,0.16577211567346528,0
0.3477365823963001,0.6400126490762388,1
0.8082158252098668,0.567532893057322,0
0.28531495119508155,0.3803046064556139,1
0.735411275673329,0.783526594059175,0
0.48299077987736416,0.7888654328398335,1
0.7513487819091642,0.7266381832207635,0
0.19580206227285946,0.3698885377169777,1
0.8486943907829858,0.4092626183832614,0
0.4281184829668767,0.9859986997979812,1
0.4493410153845475,0.14273544896733337,0
0.13449240113085292,0.7424230367233036,1
0.3787112153952781,0.35159311835932283,0
0.48722303554479574,0.5954258653965043,1
0.3379164674744508,0.33173031843740797,0
0.4008067065295581,0.468475691665622,1
0.7258086694164048,0.1779784098446986,0
0.33711308819372565,0.35071320327200173,1
0.9858572475565803,0.3681420631316208,0
0.8157487123417747,0.39501588597327075,0
0.37157877711361487,0.5298244931857061,1
0.7512100673589931,0.8796053892437634,1
0.6479615119568002,0.21164556526511114,0
0.20356765292831736,0.7292212135599077,1
0.6972941722135421,0.6431369293062567,0
0.514134329618517,0.9517508292524198,1
0.9970736038310295,0.8983785823066885,0
0.15456285483923715,0.9335010609633715,1
0.9024579263379928,0.1233823355825433,0
0.9083561305129274,0.8250246317131594,0
0.5585655241909115,0.8614788261199811,1
0.48883518254857095,0.25586694192899284,0
0.5569422804299795,0.7250269948919236,1
0.6849501749729922,0.6068925297678383,0
0.5496248366811441,0.8381831557058793,1
0.26187716828304974,0.09289845923169038,0
0.061135634605375855,0.11643620285154177,1
0.46235242490197037,0.010047886528066874,0
0.07928108938494804,0.34892707683513924,1
0.24046655225453628,0.10006745772974046,0
0.7712415489970631,0.9921923335208673,1
0.8290214166298335,0.05539179997026322,0
0.10545756087545466,0.5435223613601412,1
0.7581194323887662,0.09930542034396295,0
0.05911140734600839,0.1928818601207315,1
0.5495734782312831,0.10878917993726978,0
0.25415989631110447,0.44736226734950035,1
0.9166195199171623,0.932990787321008,0
0.02749875622136133,0.19076449427617292,1
0.7602792073258124,0.7820968011284518,0
0.17357527743053658,0.9089110985893846,1
0.8392556336031369,0.9196281081762281,0
0.0013045629588908092,0.5718939740936855,1
0.8382996448224352,0.7156495583926393,0
0.1964686034165143,0.257257497292231,1
0.8368987102325328,0.2018334758598722,0
0.12792342576974047,0.6880905680978083,1
0.9274088636105572,0.054452085196087574,0
0.0667072481466161,0.24646569876037183,1
0.7942244773606981,0.5915510605008617,0
0.5772523005376705,0.8056778174952852,1
0.6647923024646646,0.27401556185793463,0
0.4063298035091152,0.9522285607007835,1
0.7201271814846171,0.716204339631707,0
0.18600708410006617,0.7346091687761118,1
0.5480126099069715,0.6196521533126234,1
0.7967972528166856,0.08390830687822548,0
0.15788208025084416,0.4970756862079371,1
0.2114168600932299,0.18139610096412218,0
0.1499019534541255,0.8883853829040387,1
0.38874737742063303,0.3769699822602306,0
0.8892275496557601,0.988903339824212,0
0.32720070173397664,0.41505095861140284,1
0.7743776444533748,0.6937957398952329,0
0.3422782669001272,0.41155509251840094,1
0.3683237268184084,0.07777050867703084,0
0.515802053668782,0.14835430007389627,0
0.5398002545239126,0.9566763858460384,1
0.4121921004580401,0.3515365553783817,0
0.7793386596959967,0.9726377972335698,1
0.9065793869523696,0.34019150019107325,0
0.350571849909983,0.7831244809349933,1
0.9473207424908011,0.4561934222039099,0
0.12660188853709953,0.5587149165975469,1
0.692524130696345,0.12867895964270493,0
0.35476371776861526,0.3733629013440941,1
0.1607784539214825,0.730538584667771,1
0.49196753548136396,0.3363719191653928,0
0.23414780242327682,0.7588667814268174,1
0.580317304943655,0.034108579336712075,0
0.1535393140437964,0.9881209698107164,1
0.49909498065305613,0.1417047945845854,0
0.06843869246869005,0.7234840627777599,1
0.6805624377215176,0.5705821037119428,0
0.4054536745070588,0.5392253196361773,1
0.6463165944313595,0.16230823046710718,0
0.07374541006456792,0.8394072163485141,1
0.988400925631784,0.6996593661524028,0
0.14975947243698562,0.20365708142329886,1
0.6567458007425465,0.031183984778147433,0
0.0984754217896946,0.7162066429469112,1
0.9064403531518287,0.6755549005235822,0
0.0009968026025612975,0.8278845722634511,1
0.659361452743196,0.34349390896919063,0
0.5890211926850624,0.8038281937541446,1
0.30354126252466607,0.1451819059942817,0
0.01889631068072206,0.8767923469200216,1
0.27786670024663296,0.3428464037899216,1
0.38684060002642495,0.01800429516871982,0
0.08614291743008096,0.5478313517893685,1
0.8266720749229918,0.5607422931026137,0
0.709793161996614,0.9777952480412453,1
0.7648981054230902,0.6285814837774131,0
0.4094883938164461,0.7364725561183525,1
0.0981469578844264,0.6505525363451581,1
0.7206792599601052,0.625731293873194,0
0.9544009911143123,0.628397715045312,0
0.13979998926740445,0.2690052753348128,1
0.9351780096452328,0.1845990672255028,0
0.12381571828185589,0.23457498430715595,1
0.32654860584543177,0.5288465870240727,0
0.8732216976540116,0.7582813571307466,0
0.5131960522712326,0.7351336745390626,1
0.986312182638486,0.7911360388353673,0
0.41931447951924894,0.49460390281136324,1
0.5030261853690403,0.07320381859312675,0
0.39455879351468204,0.7984326776588128,1
0.24443326083735295,0.0393242557768283,0
0.31303996472544715,0.8776802284297405,1
0.6188442383981337,0.5155239461762581,0
0.3454120597777839,0.44671452956727153,1
0.38354038375567445,0.731845903004826,1
0.8163703929566756,0.4169762619051871,0
0.24817005196052544,0.31140635866536426,1
0.6855156918587323,0.6382071020051393,0
0.11876199329591663,0.9938254601896558,1
0.856474282414896,0.4940615484231825,0
0.04467759566100282,0.3358080293193919,1
0.44665088661614016,0.20372760217925712,0
0.8355384817045752,0.5541717517705014,0
0.5622707046947802,0.9195695812823902,1
0.6653069943317819,0.5545341915975939,0
0.1395048712822915,0.8648000686868474,1
0.3566203224177663,0.012840429618016458,0
0.10593170824430631,0.12525504191588355,1
0.57249078963396,0.2551709398084382,0
0.03894719897172727,0.4131672852968751,1
0.9919863507123085,0.9835717863996162,0
0.2032736209888727,0.9783674445526974,1
0.8018670308337461,0.6682908761954361,0
0.06425837475403529,0.9905984523775638,1
0.9327892206045211,0.7368054205605253,0
0.02317320176180593,0.21030491681457897,1
0.3938984889042566,0.1268704337861286,0
0.022008983127335235,0.8327701410088579,1
0.4678452952294777,0.29165749601271984,0
0.22178846805910002,0.6164455739907636,1
0.647659815875767,0.5028257952778433,0
0.34309842451535577,0.8173474595781165,1
0.7969464745109307,0.8038772604385184,0
0.08739852643726942,0.5034115740070785,1
0.35342538717327865,0.01524278181917782,0
0.14221981775752457,0.6856798623063335,1
0.7905569719569067,0.20782528124629263,0
0.6661984338764809,0.44414808165982034,0
0.4476576575549074,0.8683393089946058,1
0.7065163783088714,0.8247589483264094,1
0.8569385719870358,0.23208231227840692,0
0.1922343351364748,0.7931757323180187,1
0.5380187113455489,0.23223636898611,0
0.48439134252485505,0.9261650673321163,1
0.8707746756974062,0.10668281387158096,0
0.271678579539819,0.39524146028426654,1
0.6494396545384182,0.53521210366713,0
0.08436314464866745,0.18802284637504452,1
0.32718892249241116,0.5586828485437275,0
0.3465185845257174,0.8444759177244945,1
0.4976934396240139,0.43388681883207025,0
0.31556379809880464,0.4499822354122114,1
0.4205042096144299,0.007015636303167816,1
0.3028629513100326,0.1800522363548802,0
0.29308264027935416,0.5748883239804436,0
0.49229840921035173,0.7388818422331632,1
0.9993980827329372,0.8334330840399998,0
0.4931087742443363,0.7911481282729883,1
0.30359545594306725,0.5135760300863532,0
0.999398999742249,0.9887673789297673,0
0.2357650707472173,0.5997766700661057,1
0.40151178497793594,0.13351070200919257,1
0.8493826378689062,0.5687080440605444,0
0.6216735596317389,0.5559330750784338,0
0.2486275847236865,0.850363861351013,1
0.3444077603253083,0.006814248141527313,0
0.17689814240988344,0.6468374412923248,1
0.5115380266428486,0.28582316965941146,0
0.12762942743679917,0.19060155503149545,1
0.5885281497332369,0.2796603684857052,0
0.5221167161909256,0.7726945125163645,1
0.8867388940788096,0.5411843823931819,0
0.03778991544175647,0.17664323293317008,1
0.7481137899211002,0.7046851014834881,0
0.21397652233075892,0.24672101858025652,1
0.7699774343962539,0.48799536170812563,0
0.050189300281856974,0.9607932275004728,1
0.8755704882948531,0.6703107021347513,0
0.24922701059299435,0.2561441264047086,1
0.6705518345198962,0.5803069804800556,0
0.4551401946835242,0.6018120429782688,1
0.7826421058225022,0.2031709293210453,0
0.3152861468228928,0.9559020136679963,1
0.19997854464791753,0.11360878281506315,0
0.010440296049616271,0.7950767972318515,1
0.3912959804913817,0.5776033116268323,1
0.34325886079370815,0.18189841330506085,0
0.5020736709439934,0.6092268840003614,1
0.7645555167329657,0.7865179448083774,0
0.3421652074258773,0.7715086019221674,1
0.3388392291770552,0.020981042810259365,0
0.5313609172036746,0.7062530561902409,1
0.974434894504395,0.1652534344793587,0
0.20328330141675388,0.6530460999796971,1
0.31677442246140075,0.06430731672541956,0
0.09682051949816795,0.559773270123031,1
0.5405829577408232,0.2160327293633344,0
0.03049839195953985,0.5763268856449575,1
0.16440612796392096,0.18191168960556559,1
0.10156851371688835,0.0742661695704433,0
0.3763145658638246,0.23640402727353005,0
0.09878105771453005,0.6140570260036654,1
0.6366358918911671,0.02782837280877215,0
0.04395723484271341,0.08333037418624434,1
0.2830706380286443,0.5554459522987288,0
0.4768875111930104,0.4811923378879186,0
0.2747048467185603,0.6493481141335078,1
0.3821089022865345,0.09709509280841988,0
0.1583120407454328,0.8843408331003881,1
0.28937326763529114,0.05905681998094292,0
0.22029674055687032,0.5330563527769755,1
0.6984782776394015,0.7734339952243702,1
0.2551827472364614,0.26627113050168894,1
0.06705578586675176,0.05762841661262297,1
0.8287838517092295,0.8399999365497246,0
0.1859714565773386,0.9766999213028619,1
0.7485456230288615,0.7894374038861578,0
0.7048867846024726,0.23053651881275183,0
0.17391393058800442,0.3429661027161188,1
0.9934108512862706,0.10372718100735745,0
0.46985081083333324,0.6639167895868249,1
0.45344859057509934,0.5262036893422756,0
0.9713929896258666,0.5607020395486455,0
0.5251532053839089,0.5067202772304719,0
0.3637724539444811,0.9838959868475259,1
0.2892599534462359,0.925361675662195,1
0.746873226257025,0.5936204918027992,0
0.3524884965859675,0.9488229600699781,1
0.08171775398479841,0.6969968043074777,1
0.8942123695733197,0.6281910489423257,0
0.6397156307825778,0.847375641048691,1
0.6031984568728167,0.6379413768187048,0
0.5473207330260131,0.9916482934590324,1
0.7832666684232389,0.45498778884511926,0
0.044423808123380204,0.7802907216447598,1
0.663304262177854,0.6116906986956825,0
0.45289112071611337,0.6061649071603841,1
0.2797186441851375,0.49437273863273334,0
0.18609475339049197,0.9164047491441397,1
0.4748014200161518,0.9610674055111174,1
0.4400929861111791,0.033518032475822745,0
0.16490910090171285,0.9450497300372837,1
0.9455073946673342,0.9731105021988778,0
0.4488700064255243,0.6405912217897191,1
0.9631971020662861,0.536398576071923,0
0.010484738128990423,0.15319618503407406,1
0.22879529554679623,0.4992463813737149,0
0.7169901953076628,0.18223456858935405,0
0.7472350785619998,0.8906103430339716,1
0.9285630784285454,0.34378994008722474,0
0.7420245717110796,0.9186305559998744,1
0.35810842903860185,0.5396170966763307,0
0.7678392618219115,0.12657381871199314,0
0.023280994905953145,0.6768392831329169,1
0.9920054269725287,0.7521587913058853,0
0.19248773804339292,0.7946610416422405,1
0.23587420252348068,0.6925128222006447,1
0.5818484432392108,0.13049713181521938,0
0.5031136122181527,0.5619673391892274,1
0.5357885233837196,0.4667326405557033,0
0.5620570894451203,0.8309031886939274,1
0.3258105761332418,0.27543897956056707,0
0.03492647831922313,0.056156956750537,1
0.6205784447436794,0.08127177430769172,0
0.03489038085482821,0.43222596414785885,1
0.18886034214057934,0.1344769872647772,0
0.7904764623388776,0.021224763684304482,0
0.000815900121695079,0.9317031154459348,1
0.8599349241368339,0.6072299268348259,0
0.7377589044287378,0.8483718844238023,1
0.9618224516127452,0.29049612710360995,0
0.36907607139234877,0.6681234681719559,1
0.00034494409119278924,0.9610306195449035,1
0.9732723491403733,0.3459325568366546,0
0.5642000477910235,0.2755011148783081,1
0.7620788356628977,0.38154900124473423,0
0.10801941797961279,0.2771905722040069,1
0.8480587444756204,0.369766943343109,0
0.19620920814345288,0.7021080797615981,1
0.8849856857055078,0.2469563296763071,0
0.5484731784567192,0.848029828879747,1
0.7437798222039946,0.5818100862177267,0
0.09817161244802086,0.5067603405114971,1
0.9817326420206818,0.9306144873029419,0
0.7203453655943632,0.8825863650572607,1
0.9400948457253399,0.6100370060065725,0
0.490599659215061,0.49625862904426676,0
0.06130301018818973,0.3412092773356308,1
0.014549254777506793,0.8449866953069078,1
0.7440070884861493,0.49617590916237453,0
0.11836618193706272,0.18068449283184762,1
0.3999960270579336,0.8298308080565587,1
0.299882259866037,0.06647325831539441,0
0.3336565756824902,0.7405485593265658,1
0.5354934017990888,0.35032187004124715,0
0.5981682594694906,0.9165076148000941,1
0.4114554907243875,0.14895170636719324,0
0.0327711192679887,0.9300944640601766,1
0.6216569637228124,0.6104522900929213,0
0.8289982395850193,0.6148144945761811,0
0.8666996763960444,0.921687786475068,0
0.4143987522907301,0.7799810342964971,1
0.7412039761971244,0.05882409254440879,0
0.002313720307459022,0.6693842785316372,1
0.3756788540434849,0.31842045131142027,0
0.47671244563738846,0.9196046868520436,1
0.40585399120700094,0.03782095581063594,0
0.7812795383563381,0.5967215731133118,0
0.38491852767955226,0.36407797480934134,1
0.7410922135884217,0.5833056709813887,0
0.548641568585497,0.8194886351179558,1
0.18329077240841962,0.5989426136795917,1
0.519216060426167,0.05984735012952613,0
0.665046585110142,0.7791964251795134,1
0.7992993751344192,0.5635072990944998,0
0.12827530980322233,0.5938878378160438,1
0.1516481325891481,0.2182965124506181,1
0.986649925803453,0.9760129741265777,0
0.35877156770890195,0.5324633764129159,1
0.2699766066103668,0.20056089889915885,0
0.034068176945092454,0.2099629840034396,1
0.6163581735016671,0.0004663181067602329,0
0.881024325515449,0.9698128068722316,0
0.11586831547474696,0.5517027771744459,1
0.49404562874186264,0.03559233517485416,0
0.1282000812188484,0.10193769860524748,1
0.5800675158789571,0.000568991384273021,0
0.2714731649014205,0.8603055283995312,1
0.6909179609895101,0.17744194411107195,0
0.20004748314863308,0.31689362599135695,1
0.7924883838885293,0.35102457858928104,0
0.21954839833185968,0.015181175940229386,1
0.5489121935161393,0.8298998230432589,1
0.7711919066895702,0.27857771151373345,0
0.5555081069960569,0.9425189703728492,1
0.0711944276778701,0.0347888178603839,0
0.06760301427187565,0.6341566955255887,1
0.5687087779933555,0.5287410378776477,0
0.3555033970649736,0.8442049110891533,1
0.4858641043281873,0.8713381915297791,1
0.8513477130615259,0.5859640038326863,0
0.37147258935057736,0.3066084908505119,0
0.8163729938092802,0.12840164883282001,0
0.4425170656245494,0.6787948403628756,1
0.5872140309013933,0.11575488999857331,0
0.051344715227351956,0.6014138718769391,1
0.31363806445166964,0.8340131270218212,1
0.9465568472299254,0.4309663136050318,0
0.6342433438827484,0.9339424058808189,1
0.7307496516597165,0.6333575421868641,0
0.6393189970043334,0.3826226762854529,0
0.21741055039957413,0.8501418040296463,1
0.5037769238238402,0.3899691667641373,0
0.05084473294838121,0.7610328735277606,1
0.2159311054515478,0.0278213428389954,0
0.43051269329806197,0.18424342181286868,1
0.3542297150004473,0.4248029813456019,1
0.8629959852331592,0.8099809403366264,0
0.9691705859684827,0.08409187498151305,0
0.2174482437493076,0.8224182350370072,1
0.583425825998487,0.04624351519801129,0
0.0058422053270029695,0.20197165349250978,1
0.6811188742258357,0.9861188377135884,1
0.6023562738680663,0.4037167575411047,0
0.12653742676706525,0.6663239593950431,1
0.39375625992662466,0.17944957898958602,0
0.5059304015265917,0.7027244962928944,1
0.40730069055298257,0.4050736346206393,0
0.6364846549665515,0.8231715252517637,1
0.6064709241998447,0.05255455550722443,0
0.9839202891174362,0.16568949719787462,0
0.6807420362613146,0.8806226701413364,1
0.7878437460730446,0.47646294111999254,0
0.16259186147901972,0.47090786475487023,1
0.7774339183635924,0.6184138378500809,0
0.18276707855262198,0.9314057446218887,1
0.5423568914349527,0.03903668439096397,0
0.48842471653775343,0.6666589115115025,1
0.8607356404067871,0.06556875950694097,0
0.18318484641465804,0.5066186995787225,1
0.8282236131991182,0.5840293796763187,0
0.6720509359607035,0.7546998925401397,1
0.6496672995249236,0.013718915628250117,0
0.0428288937273571,0.8538527950830951,1
0.494403919235317,0.8835015995047856,1
0.8610522592980204,0.6641674682095053,0
0.399971751869037,0.07416204519612746,0
0.4573888746404676,0.8500839601608914,1
0.555126128645174,0.15948175067470272,0
0.5104818583374968,0.5698275257323786,1
0.9502511260548951,0.19301081606979387,0
0.7775590657383228,0.9693211177180401,1
0.541505508910451,0.14278145391254315,0
0.0029915119371932697,0.6063197509980853,1
0.2934197980022205,0.6138373272231918,1
0.4084758099753951,0.2563841362975666,0
0.536990620380448,0.8416546578380185,1
0.7166289065951591,0.4989427196161893,0
0.5172350268419608,0.9685186910422756,1
0.5235547393227878,0.20492708190239306,1
0.5001187760542131,0.5364119752614558,0
0.9471385915019347,0.4495817565127799,0
0.6692798127661724,0.8212780128993492,1
0.08461473166627331,0.6269180481149834,1
0.9684985824393255,0.28348086399763217,0
0.7002582605305996,0.4605966248975738,0
0.19692068762677006,0.35867047558279563,1
0.5495910003431044,0.27350094446857,0
0.15254755752514126,0.9684663574032689,1
0.9441855880623292,0.5764598508555839,0
0.00509879945755265,0.05102509714056469,1
0.8398738835635997,0.8319069119302648,0
0.5868588502167681,0.7472268412721622,1
0.02075989132841538,0.005346495273260032,1
0.7854683628871411,0.4094362200463083,0
0.2786895406280774,0.26353771308931895,0
0.8966469298606222,0.22680273058355227,0
0.20594909920450233,0.8756535234756896,1
0.29411602742254583,0.9474136187526514,1
0.17609965486827406,0.02618100372770016,0
0.8618204681456535,0.028908781535327166,0
0.7489213052455761,0.21781706706807302,1
0.9496883845560113,0.5518618018328492,0
0.015322219603017051,0.17272794702031513,1
0.46526515566397053,0.30778581316951437,0
0.8958684452868375,0.8593596882098751,0
0.16327125337024695,0.7568929546129832,1
0.3466337265441095,0.6244056868449435,1
0.4138481544947221,0.6427117228918432,1
0.8851515680202462,0.25501475628706893,0
0.40187374163641354,0.27379900065397766,0
0.1617657344437614,0.585198866315488,1
0.1824614410666422,0.5366994399084162,1
0.6519175353808776,0.4874762261584351,0
0.2874215276270389,0.09870459761133221,1
0.6865161494178532,0.40765572895401037,0
0.8540108435810847,0.43473598814260705,0
0.2374664985082492,0.8379297454828964,1
0.7719262750733662,0.7340010223570882,0
0.0027517605521301114,0.05341412541419477,1
0.7130242562727698,0.70104929011472,0
0.09266436930423982,0.2630798481791683,1
0.9794229239276164,0.8520760746206547,0
0.04587901219363344,0.7403698153536602,1
0.7682359775538767,0.9283943548329352,1
0.17664176581172786,0.1467212930015782,0
0.0899661353818586,0.7990964008150244,1
0.7287564075286316,0.7208844834732517,0
0.5158050210887596,0.3783364063329483,0
0.18298770406229448,0.9922630256890967,1
0.4270642084799813,0.6203681011960132,0
0.22978045056904195,0.1156587866991079,0
0.3749118631531865,0.7135209595902279,1
0.9992586586811883,0.23843954887924945,0
0.6910660054733692,0.833512275983964,1
0.5337089438991413,0.6405247634389388,1
0.7228050696531606,0.009225670170261546,0
0.5461624506814843,0.5806164927896446,1
0.8442235732490728,0.5586054136001436,0
0.6743825545963514,0.2995310695336032,0
0.24454742831659027,0.5752218756010286,1
0.4495364780458636,0.18181261441896002,0
0.5973611480456519,0.1486449283720559,1
0.08580368903985303,0.8294561169450407,1
0.431520933529033,0.14183451977404038,0
0.12710748813148043,0.3089613299148024,1
0.3132584901040172,0.3321833089070573,1
0.2897069225497291,0.5300683241191882,1
0.5376263843938499,0.52101871817284,0
0.4006370418837154,0.8371094299795334,1
0.8654960553697558,0.1343040394399232,0
0.6846744445940333,0.7948279496955295,1
0.41477750122383006,0.5538899029911105,0
0.7004378477697513,0.4452074476276854,0
0.3262665922513047,0.918173528339493,1
0.9791700436289243,0.8998442030694036,0
0.23104461208715832,0.1676255830075002,0
0.18832160824190847,0.24949143883667668,1
0.8444081016417961,0.9414401462888434,0
0.7310495366273464,0.9119692651796834,1
0.6191939245076891,0.6720018639966014,1
0.43331720654473493,0.21020482741600532,0
0.5578067220819115,0.5767929819822396,0
0.6567664851114752,0.9900959018170045,0
0.046077697177891785,0.9639245175443227,1
0.5049940856154623,0.3962084184035283,0
0.0940895032993897,0.2370573552510965,1
0.3793866559477056,0.022633753539035184,1
0.7079963908733785,0.7135747964474645,0
0.12778830924088713,0.4170491343138659,1
0.20686556949191448,0.6023230195679709,1
0.6730562456888743,0.6151197900331703,0
0.5707971598484831,0.4588812209643153,0
0.9217427498743007,0.1585530926952914,0
0.7304664836161067,0.8157348740723542,1
0.2196520734118408,0.3717376479102483,1
0.8788097969475697,0.9124261051540442,0
0.8811939396352021,0.9286273437686131,0
0.489193909660409,0.7701805323893903,1
0.5322222697953986,0.8436612347579705,1
0.39220716370787667,0.06722535508249672,0
0.08641526447264725,0.7551076683675894,1
0.8429797199023248,0.5484307562078579,0
0.6061529585170887,0.14390153682773998,0
0.2051109678366816,0.4435866555949983,1
0.5340386583970458,0.8540300816515106,1
0.33526423296335306,0.6754510583550474,1
0.6236370299125114,0.3665863867541026,0
0.18865750494608957,0.674995293676822,1
0.6677434108815405,0.3886234003510294,0
0.1944362238139059,0.4877545459267312,1
0.3533157322154675,0.6131446183213517,1
0.7336209290694403,0.4489970583215752,0
0.9846108362927004,0.18032424545561354,0
0.4182375952183234,0.5137340681536795,0
0.07472271876243652,0.2026804646382918,1
0.6899061219775819,0.825032654721549,1
0.6883826796500636,0.016327057653285015,0
0.3819142072984607,0.9064232695924421,1
0.14639423733069656,0.09976750318687122,0
0.6673923603662288,0.6661662313780126,0
0.8242594401083565,0.5497710907699097,0
0.10225611528374079,0.9254415787566815,1
0.11886909409415791,0.22628540101792194,1
0.2606977177884998,0.6833572909508704,1
0.981985899134372,0.3102877305572087,0
0.3420624702539188,0.5098199987587142,1
0.3530721598416837,0.13454600971319008,0
0.7417461718270322,0.8487772269103121,1
0.7434036228039405,0.0024846163394675047,0
0.5265902303287668,0.4691754877159138,0
0.09757826319002783,0.23602225059054538,1
0.7025651223667444,0.09765010126947893,0
0.015918350659116065,0.8986482520449397,1
0.7098539386326113,0.5560737672049464,0
0.5307708210310795,0.7286135126723927,1
0.005700467482335325,0.5029974390074456,1
0.8414843970643523,0.9182653786209991,0
0.8047752622631005,0.5438425598392654,0
0.08502521950476616,0.7872354545321565,1
0.1917771399325192,0.7158141460672931,1
0.8771040517756814,0.1373008359339174,0
0.634035075573435,0.977105444879522,1
0.9614943831569426,0.9389008768519275,0
0.40160960080494845,0.8521807930940895,1
0.9071404649667955,0.1447556845745671,0
0.5225938646057869,0.09542382614527956,1
0.38615225522324426,0.1340468325909956,0
0.6647942066900819,0.2746548306501191,0
0.5009278628606162,0.5795326764013999,1
0.32874207083325824,0.20705209479944497,0
0.011244438035526327,0.4525473732273766,1
0.5677394693445188,0.9075264323411825,1
0.3449617128146586,0.06663145274539473,0
0.7524445904308842,0.9151932086569714,0
0.5066731028970403,0.938489445546642,1
0.629132232189036,0.49402533235206925,0
0.30195263310327136,0.7252080802565603,1
0.6950063840177231,0.23978630355692898,0
0.4509835024959863,0.7761128708898581,1
0.9840701469469509,0.9485101722226146,0
0.09865078111374848,0.1404460841987567,1
0.11574155645476158,0.8009566367230895,1
0.40685124961474894,0.4170595760368133,0
0.2068684282686274,0.1604478565830254,0
0.18192445637549726,0.8962818123809436,1
0.4245669585866304,0.9952307891119746,1
0.7151433274200323,0.4613821079878776,0
0.764002135334996,0.42336010432286353,0
0.0371807770188316,0.906204272319937,1
0.681451550993185,0.6264397017939068,0
0.1143761815133838,0.38379230334422987,1
0.0022164610687180897,0.32418628176806297,1
0.13624706570193745,0.007444144040856693,0
0.20362336632800448,0.5550027716119115,1
0.7308765954153807,0.34344431630947747,0
0.002688856679777585,0.8264034289976852,1
0.6928225387152196,0.357685466149836,0
0.41851091774232785,0.6104122435005064,0
0.5251291425998723,0.9306090289420768,1
0.546331551410932,0.2172352693896451,1
0.9211029886709199,0.9134059471575372,0
0.0075158519323013095,0.5107430838208225,1
0.452199463783043,0.21636262218539215,0
0.7399265996101385,0.8920087967904998,1
0.5936357955523321,0.3029986443755618,0
0.4860572127973588,0.8450130420929158,1
0.7263770215639161,0.566322382156451,0
0.38273658265969546,0.5849876731462912,1
0.8555836714142824,0.6332550107680148,0
0.6143682143454449,0.6394951435762188,0
0.7096038388081114,0.14260333951268667,1
0.8026915081720639,0.6126832127608275,0
0.07929169277731829,0.5073998877038342,1
0.4235652766934609,0.20028942856090193,1
0.9454423058043693,0.16167070509987647,0
0.14949721587321885,0.10497626831698637,0
0.3105241437320092,0.10172817057190686,1
0.39161079482950745,0.5685866218137579,1
0.11351725065442975,0.0934654997444847,0
0.5557662544699398,0.7315588663901179,1
0.4199412609170742,0.8904025021770315,1
0.835123154618527,0.6512835841536776,0
0.709376940107764,0.5911813327420514,0
0.3257448511861275,0.5169274200180691,1
0.11965062029502482,0.7533354891848006,1
0.8008827580192296,0.5429100080230355,0
0.6917547853425255,0.70114607245625,0
0.8666352238327274,0.10827157336653437,0
0.006118619205446207,0.6201373426855752,1
0.38125895531143017,0.6496830028454862,1
0.8193882285912266,0.4614763577590212,0
0.4445605190879216,0.6919228041844885,1
0.28438162359237684,0.071994721412455,0
0.476124606428729,0.7608961494931844,1
0.5192706576361028,0.3592503194746519,0
0.9651342788716554,0.40811031762964833,0
0.42734334976655486,0.9858289459643249,1
0.5572420329630543,0.4316732279874571,0
0.3671319418390977,0.7848817916362248,1
0.8732044631538585,0.7065958000973341,0
0.01797444292409367,0.9724701320368788,1
0.5656803747284078,0.4968540700296298,0
0.1427865746678979,0.9382336251953469,1
0.6212453964988106,0.8795086792126521,1
0.6689892668038828,0.7612362340796833,1
0.39786796280140513,0.37606681662130714,0
0.48509991246337536,0.4322094466495777,0
0.0017721425871179974,0.24503083047915275,1
0.6714266348743596,0.6579690597609811,0
0.17977000374715812,0.8740999515660618,1
0.5395046977054664,0.30725798502047863,0
0.4855584657824077,0.8268494286352581,1
0.6720969792403508,0.530547063993019,0
0.4797340865019898,0.5812258214792457,1
0.4729936742268256,0.39912216537586864,0
0.3872459933121044,0.9589212376622538,1
0.9110139072002976,0.07261777149869153,0
0.9304228487577026,0.3064688340457201,0
0.9938160938234839,0.5162198375166953,0
0.37663414293955244,0.14012597256423953,1
0.6033385783125487,0.7063945472101492,1
0.04465338749466996,0.5907123314207584,1
0.2653371109475444,0.17662070719777,1
0.5846474216941038,0.02217624537064289,0
0.99500686386822,0.6472995633702459,0
0.9308421303306487,0.18456978337661223,0
0.11800297537086302,0.4838469118352887,1
0.7351875826779635,0.37761653711208765,0
0.3448229552323365,0.6127341396616915,1
0.15901746870444178,0.8957589451914483,1
0.9456642602325334,0.04128644104960166,0
0.9236747477267614,0.009169965120603418,0
0.05849234071119114,0.23348039247756613,1
0.7144542739159339,0.774639511595928,0
0.08997583856567637,0.07736711757146109,1
0.32009346741666034,0.53652547701807,0
0.02358891925667783,0.7640509430841425,1
0.3496198205591362,0.5283933998611958,0
0.18666473080775958,0.4801494521964851,1
0.7588159850567106,0.725671349274728,0
0.08819059399913443,0.6527722338860076,1
0.3069171389593791,0.4200415635399777,0
0.22172549323800128,0.2947488475163511,1
0.6398009227800668,0.6874601893993559,0
0.34207980031719887,0.8312425371036649,1
0.26314634105266743,0.7980225278147978,1
0.7827504852378215,0.06413266730972145,0
0.45377210033064785,0.8011855486522205,1
0.9903211270189052,0.7824462979390993,0
0.8942084572943306,0.7312000145228635,0
0.44620654875357313,0.8102177449686585,1
0.6832482076167268,0.40578308360611515,0
0.9552717213908639,0.5679618147527086,0
0.0408132342372135,0.15223919593497726,1
0.5098065719562541,0.9666781594905127,1
0.42725040525483726,0.10492008003876674,0
0.65987255429686,0.6725170526988179,0
0.5831113599906315,0.6276291056990315,1
0.20664976055386486,0.8065436567460524,1
0.4524394709663173,0.3875818104162482,0
0.1892388900340446,0.5899727695711657,1
0.08351457881709257,0.7988871509604482,1
0.6055602651519887,0.06694314002093804,0
0.795121243045091,0.9684314539853957,1
0.3507085695985961,0.24129960629790248,0
0.41512969751550455,0.2015322181881425,0
0.3159664492566485,0.3719058415233424,1
0.8531050413405283,0.7598575014064004,0
0.3321386992552742,0.40109145438343896,1
0.6214915899120815,0.006997255534736957,0
0.0044310661593115475,0.17546982673890654,1
0.05581810003457499,0.7567473425185143,1
0.02106196310369224,0.05510541200060581,1
0.6976668303703151,0.3621436600300719,0
0.6564477053825916,0.04042614237378672,0
0.5515439736690024,0.03103650525700352,1
0.08729856516354895,0.9209689948207654,1
0.3107827713751369,0.03380810051337613,0
0.2836557352258846,0.22345139262673885,0
0.7274859517525308,0.9365853485829462,0
0.5416549649064767,0.4288203701259825,0
0.0524621653997146,0.5691473935509686,1
0.8883045367682972,0.9081226397463458,0
0.1215599423613275,0.456027350167874,1
0.4479250078679473,0.34452055532269854,1
0.9995623899977851,0.4151777553225656,0
0.0628431444882579,0.5174682488520856,1
0.6185224388870166,0.5526643126628082,0
0.03448965504194712,0.33504950556727775,1
0.9596950354814786,0.036631950336749375,0
0.3583797755608775,0.7372334317713836,1
0.9060874185413622,0.0984569046174375,0
0.3152164854458652,0.3282074491554663,1
0.8186234638871006,0.7794660026238455,0
0.7282489610071307,0.8421225384793879,1
0.5252402355573128,0.6049758025533195,1
0.8292671114108833,0.6255357210501936,0
0.42617356400380424,0.33812510841042753,0
0.12692825000516594,0.460732371275835,1
0.35904767807646687,0.5189847130698904,0
0.19166588018309516,0.8381136792438556,1
0.5695416319602954,0.39421424217675327,0
0.11521689587325212,0.4263985316608304,1
0.08747448670640123,0.2905922449728662,1
0.7410605030021781,0.8282422446661346,0
0.13666651582230938,0.6142275174493332,1
0.582386533429832,0.6075151982850958,0
0.12462762994363852,0.5526171974286258,1
0.9425046636525001,0.354201571429396,0
0.7097689329524032,0.18068512281802407,0
0.26437333000981134,0.6064601301817498,1
0.8526185633182405,0.927584686360855,0
0.14130038724111893,0.7276053812325977,1
0.5128939036357394,0.03874496702766683,1
0.8374836451888797,0.3591623214032178,0
0.2274871190372686,0.6895240840352342,1
0.4295333416710698,0.4373338104937732,0
0.8828517368404095,0.7786943222426728,0
0.803590255047326,0.6760410232269861,0
0.3313104047159299,0.8965070255649081,1
0.364771811664102,0.008446534294119679,0
0.3492560322848711,0.7936660978150086,1
0.6375355990978265,0.8662802201288676,1
0.5919036416273775,0.9939628758288213,0
0.22746138535109728,0.3254403752568906,1
0.7795463244799887,0.21024447684851355,0
0.9406558385721591,0.9594570491826062,0
0.3304304448712403,0.3603991090485583,1
0.9140371410829844,0.09136586942880287,0
0.6835200878759653,0.8774336406971796,1
0.20857936694517876,0.8487768768950097,1
0.6868057717175136,0.49692522974183195,0
0.49196848658622716,0.8948551421233714,1
0.20646920061667628,0.9332481224716862,1
0.8617944953040948,0.7970823553284109,0
0.9345758725650632,0.741894819357942,0
0.24336462934621972,0.5238892509053524,1
0.13702185446606174,0.33118513988799725,1
0.9968420319042198,0.47749238316961506,0
0.4827567186473004,0.5249465813911693,1
0.48960051037490715,0.3582474573981643,0
0.1933671016721692,0.5561520776585281,1
0.5141999170690188,0.7185788362754401,1
0.7576031417256607,0.1052307275646236,0
0.02033660994513009,0.42741068306609487,1
0.8476067582302665,0.14580974226738597,0
0.8994561590218639,0.28278508565161564,0
0.8378703944627433,0.3222303075730776,0
0.0352625222389783,0.5732161351441617,1
0.6796241246670217,0.9628169650434161,0
0.05163000019106645,0.9704437498525035,1
0.8964688396839469,0.04546956472876085,0
0.6299137353433024,0.6358568713159629,0
0.05085136747213004,0.1519659725146263,1
0.26292319198322467,0.9868816079241644,1
0.3362215791832551,0.5178891017117371,0
0.07518650097233492,0.662456633711375,1
0.6637583963303386,0.6856408243572136,0
0.23448541214579888,0.07690086549732766,1
0.6647605515434505,0.4211588871728307,0
0.5029031543471263,0.3263257550720261,1
0.676112448191638,0.664162683404908,0
0.5440957732436116,0.1844122587307644,0
0.05882545471443623,0.9258028220556314,1
0.4368678234644078,0.8692822495463773,1
0.34422137406528264,0.17573187612125274,0
0.7466229398491541,0.3183545831284732,0
0.35265315121002583,0.9512985086145838,1
0.6655868207745775,0.040051264414449506,0
0.28512186459302225,0.24547738490712223,1
0.7851594803955765,0.6263817536487862,0
0.5037376081364955,0.29603021125345186,1
0.42892622666219204,0.9009369063620596,1
0.11017161097403028,0.7139036052468479,1
0.1448118765496007,0.5628369149909248,1
0.39986807510325706,0.5035349144323278,0
0.5841121205362751,0.04720648202975419,0
0.2844330339864952,0.8901548464273608,1
0.08205700376525493,0.15669297021079376,1
0.642816611855285,0.2704131937284131,0
0.7837244236959571,0.17208207950396837,0
0.1307354480738505,0.318024985287515,1
0.6027055191773705,0.6401031935900153,0
0.6177730660008024,0.35580002070413164,0
0.024259290165986824,0.36671130699931953,1
0.9998556266062902,0.9582605892411927,0
0.09857740132850468,0.24052287988198084,1
0.6346744178610509,0.9223636755153781,1
0.4686375811991286,0.384106594349227,0
0.30668785668857035,0.9145797912626042,1
0.10518314315598876,0.025700373204277094,1
0.8277162909409986,0.5697909634455086,0
0.16746730277267807,0.4648260592263853,1
0.7911053165012084,0.9206546078783757,0
0.5731803875987078,0.5467976659219346,0
0.7557507005046312,0.7263487291802057,0
0.062248617377688165,0.7578531689366423,1
0.31996290490446655,0.4036414945618193,0
0.6696302182604081,0.18015212393686086,0
0.39188365546148884,0.03914587520603674,1
0.5629945523962644,0.5097995376419993,0
0.08531258149942345,0.646950056411174,1
0.6965937734670041,0.15021617609434923,1
0.7872110536761099,0.7813047096549868,0
0.260007889883044,0.4222941170150577,1
0.9677810339494007,0.8197181303039549,0
0.9920328547423125,0.5970316537165418,0
0.18993806887410913,0.6742157972011069,1
0.5754434271490931,0.5831683476747898,0
0.030793133793571403,0.7333924834031603,1
0.9297355734486963,0.1286846705889404,0
0.5478241564653885,0.7557302669016045,1
0.4222563752792403,0.6502481130571577,1
0.5048614551074332,0.9247571556427154,1
0.6987359738527084,0.26508915794056254,0
0.11284142881791881,0.8834494451437784,1
0.6513555338562068,0.8052247816271018,1
0.9255608529782255,0.2575159652094102,0
0.4011108552091259,0.5359435369553874,0
0.6287887103590708,0.27533684948912585,1
0.8042509052614755,0.9444459114145439,0
0.8271136764904333,0.027653075923549486,0
0.3367674803081958,0.20227612161480724,1
0.801999372499561,0.8424280303741558,0
0.5495025880064275,0.828084554943256,1
0.507718913686351,0.5858517259649508,0
0.5705637353507071,0.7808080519451597,1
0.6903263699617815,0.27613022088676653,0
0.8317846133332055,0.16857442849329451,0
0.6306710762979366,0.7042445342123741,1
0.04370679146845735,0.04375483478810838,1
0.6567442930151133,0.12220009304537638,1
0.7121157696254138,0.23520289683968976,0
0.6837025870782201,0.2695211588076255,0
0.5733589335673128,0.9069864004919369,1
0.6981419897157466,0.8084309931610172,1
0.7801932130818865,0.6683104021757076,0
0.527968427844939,0.37857311108092606,0
0.5007088586679955,0.7715208139091254,1
0.6855260797106462,0.378372741500692,0
0.5309797036070355,0.8930618237577306,1
0.01016400338022072,0.5703448796539005,1
0.5507849662715976,0.06492865338268672,1
0.8249665641519546,0.22763570573978997,0
0.582352457676354,0.600334160775513,0
0.8057680842963774,0.06148029273017652,0
0.08577721141781403,0.7936360456942121,1
0.8943417929162343,0.27831875999334055,0
0.5804111241657376,0.8756118395004987,1
0.6069323086386174,0.47186519553866113,0
0.5437779943799771,0.049206421901967556,1
0.39783084716977,0.47458024093662,0
0.5829690064398529,0.5975015498876708,0
0.7209145917180763,0.7765265300650303,1
0.2047556030373051,0.8152988591140173,1
0.9483547567920932,0.9979785574741243,0
0.8314256649700117,0.7959263791353812,0
0.006766370717575465,0.04943816332554318,1
0.42757808767811634,0.6414161380655169,1
0.7108010931557053,0.7141660530984089,0
0.06062422291068181,0.07919481352502944,1
0.873592191743355,0.33995337143511883,0
0.05769225110837872,0.8198270275252748,1
0.7404343979102759,0.3011499326134064,0
0.4410467884363859,0.8470196033726477,1
0.3058509615838253,0.6141638667561092,1
0.7844560217791821,0.4333506348624978,0
0.10531812951158748,0.9735417086472712,1
0.9700570638591334,0.08008854876644678,0
0.7621664005562576,0.013428536570466276,0
0.39595368664729114,0.8382499296080379,1
0.9036086009915096,0.10383976664532724,0
0.5386035216385578,0.38050241571407495,0
0.6817410839973626,0.24038893909442594,1
0.730597560899294,0.9383970141746577,1
0.5460344053223625,0.2201279439783006,0
0.05169276443869064,0.9759939474256251,1
0.014168940088341242,0.24206528609381917,1
0.7834056769417577,0.3152324192423295,0
0.8174679662858428,0.7724154949246907,0
0.01771936019603748,0.1818907393465643,1
0.8154234399055471,0.4103968476903891,0
0.5692096474663195,0.8492230198343329,1
0.3109261271026661,0.03428277261285673,0
0.7109071799089273,0.07334148585960976,0
0.1790203974350808,0.5180865121793348,1
0.5985359235811958,0.6847225806540291,0
0.7229780029931101,0.1837895785507654,1
0.41334695021827284,0.4791398308937267,0
0.04687896047071172,0.44482701863099494,1
0.03615655596780798,0.28360197512511776,1
0.6433397898079679,0.6483074181042245,0
0.2678286456983836,0.7174353651367082,1
0.8392788812614512,0.3574694211320335,0
0.8896465836914202,0.12812898779410786,0
0.48018572815001315,0.2247805361898887,1
0.7881926698042884,0.24839599462463358,0
0.6009658879720641,0.8057774189748451,1
0.7293216296513896,0.9142533954038344,0
0.329524069598512,0.8497939940781192,1
0.5062803222544722,0.6554197697610661,0
0.2924150437896109,0.9103930627897991,1
0.2857218237266935,0.5432039649161201,0
0.04479844366480701,0.4437100904463849,1
0.990112036786105,0.31298025238093885,0
0.2520502579032302,0.7172796179512418,1
0.4990258284503485,0.9767755070222107,1
0.4254232953275374,0.43750858465061737,0
0.7575717400703689,0.8292497373024724,1
0.08447072457077287,0.4490223556655685,1
0.6949087573499274,0.343555983854936,0
0.6028317407790561,0.9978194939335403,1
0.30355252906306673,0.7266061678004146,1
0.8494126140823162,0.8689418343572879,0
0.5731596276715922,0.5635730788639299,0
0.7271245358356138,0.20433818214669008,1
0.29934706256136134,0.5487514887199403,0
0.6058558343310829,0.4394450169465658,0
0.19009033350953408,0.4439110249289492,1
0.681871586560767,0.8227808244441551,1
0.40690106698970285,0.3751131225618377,0
0.2042374197038579,0.4811194614040396,1
0.7081385447758235,0.6659744784103846,0
0.6554722739781597,0.4639914685314881,0
0.3670892692699428,0.3799691940117983,1
0.7969476427954154,0.31444606608132153,0
0.6217843120644785,0.12582305237382174,1
0.138232333878471,0.6771694233169253,1
0.8010266868898883,0.9096214763211989,0
0.9075322098182168,0.993996928978194,0
0.6308909849474563,0.842361356309081,1
0.5297202475021947,0.36224804303758906,0
0.4894965549742366,0.10332297071598762,1
0.6775338800694147,0.5770617844902375,0
0.5051960966366549,0.965796874000462,1
0.9760502755031044,0.5360561233908488,0
0.1757897863952631,0.31033184676502956,1
0.5271646861529267,0.8033029389572628,1
0.4329741985979708,0.5097426515276857,0
0.9147093371001543,0.06094521049143731,0
0.5676475563532827,0.07572808055904812,1
0.8509104277864555,0.4152073071843454,0
0.3279568012542886,0.48729079912914697,1
0.7658030796136908,0.2853081588122701,0
0.6183028349847531,0.08501798559674467,1
0.9814852084513541,0.21818166093788327,0
0.5606119135524819,0.38774371487909653,0
0.6556583453572332,0.1505399410380981,1
0.9643004469053549,0.5110760183093551,0
0.3677242902703163,0.21455760301541893,1
0.9562287800935062,0.41961898395709674,0
0.5928047034004513,0.7741626953982194,1
0.6844948541553395,0.5034158680035824,0
0.13019849186237853,0.8604598296024702,1
0.03213020465701111,0.3208153701551216,1
0.9778779880152714,0.1450448480952129,0
0.514623713615799,0.8391518798014577,1
0.710987226963133,0.7707961245095434,0
0.3488944504377328,0.938428415003399,1
0.7046885587136374,0.321057114178687,0
0.5161417914822112,0.15683468119407917,1
0.10780053159148018,0.3092128627227677,1
0.863850546443346,0.7815597980106348,0
0.30137647330259676,0.8882737710963297,1
0.5213471572133446,0.40582158406471613,0
0.16238721734143735,0.7506037352376455,1
0.7867082637454073,0.438796945067386,0
0.5819256887003926,0.15182145196072705,1
0.52626992360187,0.3646275654529596,0
0.09524886082393758,0.5141068928544584,1
0.5957900384574528,0.5016944854394564,0
0.5415945548060109,0.2797210529198898,1
0.6963206749204166,0.04870254220601222,0
0.5705223663052416,0.030143607474151013,0
0.29638145366947444,0.6193581140643548,1
0.580302229975548,0.22389484184199948,1
0.9255228933393124,0.11369275461440564,0
0.9163277551023776,0.6608242678918131,0
0.09558462371031984,0.27276309958697365,1
0.4756729896064119,0.5817064138985425,0
0.43092924737182936,0.8843067755592179,1
0.7966118474625965,0.6796078850770144,0
0.3891042082220636,0.5858206160642935,1
0.7435900822810119,0.5023300839729034,0
0.39186879324193247,0.08949063982611238,1
0.7820453989009657,0.5797167532136822,0
0.5401834376413879,0.49409793476753716,0
0.6939037816542529,0.14471888339667238,1
0.46003168025727503,0.41957877185036385,0
0.14997258656530288,0.9626047408535542,1
0.8396978630743337,0.5170187652641777,0
0.1429102585993508,0.7949047223665326,1
0.39640563675517415,0.6104501257424526,0
0.009496387302932896,0.8597818938053663,1
0.09202973952360816,0.8150423661175528,1
0.9771302242452491,0.21124178363757828,0
0.5491986140356231,0.05569572355595642,1
0.2633576328284568,0.4683883726726049,1
0.09965815811234935,0.3975168290479669,1
0.7005336765887082,0.5665581448566094,0
0.07112174292164541,0.45237814716738745,1
0.2260171410135634,0.46124453061111303,0
0.27201346649412894,0.15108611068255173,0
0.15321247484118494,0.792312292030315,1
0.7846414836993425,0.42523731883741145,0
0.43215270286458385,0.4252497584952759,0
0.4621407432450785,0.8645792080121836,1
0.4860030931464763,0.3595364490089551,0
0.6016315297815048,0.2148892790363388,0
0.16174579011342427,0.8185771180208243,1
0.7737090062812506,0.6420656439539741,0
0.15481187546260589,0.4293850667554965,1
0.9768104970313439,0.4577511989407629,0
0.3366759463467752,0.5669102689038423,1
0.3114133134989878,0.8786916344854181,1
0.3914500791511233,0.33797035914538176,1
0.30732195604925605,0.032795436939161204,0
0.9589184950165641,0.7043498274578273,0
0.754063461749002,0.9566041169422185,0
0.03908265656002041,0.026543978455041972,1
0.40896042605567473,0.45225278488097975,0
0.2430644272582494,0.5825832964806856,1
0.4596244191110984,0.5978552660242226,0
0.3215723621544465,0.07124811138188858,1
0.6424730830803657,0.5725399142205982,0
0.30859221516757074,0.9616906284035494,1
0.6267954614222312,0.18476810701308177,1
0.8423385301404497,0.8175969181802611,0
0.5237229114631512,0.9345129215220355,1
0.5315839814045973,0.337521272262139,0
0.048988624169964634,0.33798284677112334,1
0.354136243361168,0.43369423078077085,1
0.9932203443531566,0.5829993721691814,0
0.5048610668003254,0.9869779158426805,1
0.056713211685873066,0.8684964552106358,1
0.9706922306508204,0.6395716728640568,0
0.15511310147828372,0.29189817263413953,1
0.8937102002490532,0.6547097624080581,0
0.5240159335229533,0.22398147772492882,1
0.6235404574352514,0.3128414208058494,0
0.7169528357816698,0.5591256126782094,0
0.1321356120560282,0.9299153589370415,1
0.30845593825656736,0.5925613893729829,0
0.38247158525264124,0.2385879810665421,1
0.93410732618464,0.2477405590137315,0
0.44960482466427965,0.14035390656461777,1
0.8596566044388132,0.8554214755214434,0
0.17423948812707235,0.12457201193182421,0
0.42054847382765814,0.9754138650895001,1
0.9702562773144516,0.9227040517249376,0
0.6739559423213893,0.8821724623219608,1
0.7546828616191662,0.0010440090074195219,0
0.3433278894378715,0.5851835189413531,1
0.47861573505620114,0.0012180845374238913,1
0.62126151726673,0.47707991010067097,0
0.5027881035353454,0.2434859490216691,1
0.7964932854546478,0.5155705151769499,0
0.9672042973689092,0.6715796346631984,0
0.20207982697653415,0.4759593766876168,1
0.9776092507002145,0.17906642565189335,0
0.4910757428577156,0.968140966976309,1
0.620121791758546,0.3943827183761054,0
0.32482729326450566,0.7636368224197448,1
0.8457903508073144,0.9102294668257046,0
0.19960567701840215,0.17586819562204925,1
0.3853179472807028,0.7011246722441495,1
0.9099753386149221,0.7060470137393797,0
0.23661271321603217,0.6529685887811499,1
0.7587636390949752,0.4907122774999986,0
0.5148861582812497,0.9734928071852059,1
0.5164748086000319,0.44557820678408533,0
0.5783356323393921,0.7322116104382356,1
0.7930936378796798,0.7846665348076727,0
0.009092476032068642,0.8983777612268048,1
0.8522202980018296,0.5239479440336474,0
0.4440330072044648,0.7808168118873597,1
0.4074805830742675,0.9318767509756644,1
0.5752581640487284,0.5765427251934542,0
0.3584745113008886,0.8619418580532187,1
0.8314868419311874,0.18871761695413014,0
0.04504042097338967,0.4388545151455273,1
0.5976186993866963,0.4697695346812456,0
0.6494634993371498,0.8759935980743886,1
0.32538072214531333,0.5927561513255296,0
0.5225972689795142,0.8996170548417898,1
0.508784639855427,0.45917013051654576,0
0.10309772779840454,0.9071338879765294,1
0.1245507008814658,0.1084387234033033,0
0.007999752778197089,0.3170893978512057,1
0.9902110159196237,0.3468981801508446,0
0.013296294844655887,0.8147048902993764,1
0.9946686378304264,0.43737650937498795,0
0.20742512528552282,0.6223457192644302,1
0.9264377656558045,0.5954295854394267,0
0.2976886003116743,0.9637190503182146,1
0.5651278369697563,0.5124642603440656,0
0.7901304955554757,0.9077466802245336,0
0.1707360805675845,0.9773671636894503,1
0.5794191812599843,0.5562635695151498,0
0.4172518994474842,0.9108500143866981,1
0.8401756698004745,0.12198774384398514,0
0.4875252128241523,0.6221137487706773,1
0.37238111144226493,0.743848236109491,1
0.497594714273756,0.510017005199016,0
0.8868521878632157,0.29468281315162337,0
0.5018526031816544,0.8519480140618485,1
0.8952226956555597,0.8562091602013774,0
0.9994217521843032,0.6367312040983769,0
0.335764069907736,0.5469344427971028,1
0.9155753091594688,0.8843524281230092,0
0.13941083746081961,0.8446523956456685,1
0.21504538446955124,0.1573794493999453,1
0.8900911092477815,0.5900660265977963,0
0.3574789305457754,0.62295195323397,1
0.9167655080726885,0.07545047718013753,0
0.7389727175754724,0.7958804301761513,1
0.8613266044093978,0.07069812850426271,0
0.9361644622540705,0.5211008310389758,0
0.6720672226792564,0.46242092364807563,0
0.3042501568455813,0.10742172515264026,1
0.7481385551799666,0.28348799018106585,0
0.3843168491018636,0.6718694190050372,1
0.994767143231825,0.21288289967388496,0
0.2286151929490875,0.16768564672908737,1
0.9356345192869663,0.21916912515676024,0
0.1750364551724266,0.38819590078214805,1
0.952778138150179,0.677690807918896,0
0.587077949869358,0.7923859378957622,1
0.8289936045777192,0.6944762084790832,0
0.023830229420500837,0.5482009288284783,1
0.6813312816292575,0.5396269580959414,0
0.6035068952867658,0.7908136920635693,1
0.7815523370198976,0.9951176210836885,0
0.3729722369488385,0.24708334703214996,1
0.8904201705688664,0.8423044121570489,0
0.19698168227248247,0.825899605851033,1
0.06658362591379319,0.5028280564857402,1
0.917894447825563,0.49488971782450986,0
0.16755265918894757,0.0038911174739132415,1
0.8530671144436243,0.31048730168786787,0
0.25400544193779384,0.9726813967085677,1
0.7007056778546418,0.31826851442617365,0
0.6940859747036042,0.7613734115664991,1
0.8986631560611128,0.10061903555056473,0
0.24727402193328896,0.030264093392708524,1
0.7596193665709716,0.9275974219234748,0
0.9996558467223111,0.12941240764069872,0
0.7839400170212696,0.16874478520149627,1
0.814244407447665,0.28486221617478513,0
0.4935146756597607,0.29901813367425345,1
0.42133873478661577,0.8763700188361727,1
0.9493570973032298,0.9268709180063075,0
0.08431147964838481,0.9875213463176976,1
0.32173242610012964,0.5575764030914641,0
0.011155833613863075,0.3184223002162976,1
0.05088096852173962,0.7527676434757481,1
0.9297188082797694,0.6010919128026704,0
0.9667453849618524,0.3910126977114349,0
0.6672258487621815,0.7616398205838906,1
0.02494834231287746,0.15416846431375542,1
0.9994787441229571,0.005986485617698434,0
0.40393786716364644,0.057409116698154516,1
0.5112056338057687,0.6319893416151731,0
0.679477934504124,0.22261649241028125,1
0.9640729769362733,0.6106077896638191,0
0.43676750327574987,0.16720941391908795,1
0.8860046548520065,0.5281491540827972,0
0.08243408165444377,0.21152014383561635,1
0.9766513247738868,0.8716235622076942,0
0.8335905208146376,0.9997874158155533,1
0.7288170673514146,0.7506281100419969,0
0.4594195619358711,0.18132106807649706,1
0.6212569620415886,0.10403899426688623,0
0.2076107658925227,0.33541328089343914,1
0.6964124935871243,0.7057120383557647,0
0.9353762324888159,0.2269193580840072,0
0.4684256508220018,0.20848595246823054,1
0.4092628543028417,0.8076611506574433,1
0.34497419786133754,0.5029796015873764,0
0.9049731344714004,0.3035595192406645,0
0.5943722663132093,0.7029180024410435,1
0.7561334546702219,0.7393927159181909,0
0.17905965933992174,0.620873122947679,1
0.9594093295296833,0.7935380450540829,0
0.5119371121731207,0.31073725411358344,1
0.8789904723496226,0.16767886965013223,0
0.002945961085965898,0.8578941294197384,1
0.7950275966169568,0.9001138776977237,0
0.5739854397800196,0.9780260506988304,0
0.5818210692966346,0.7391822630474686,1
0.7132242100410765,0.5932758379991552,0
0.2671102982795457,0.2553776306891138,1
0.13784605229855684,0.6477910199782934,1
0.9737952927330463,0.22941774463250475,0
0.38303585928916695,0.5011534293300242,0
0.1672086227166143,0.8460594746450494,1
0.28825022915581533,0.8896052196186891,1
0.43071678650702905,0.46999466497986997,0
0.01707141402817336,0.6358231800150637,1
0.9678807190387662,0.6973998587466356,0
0.16643662994196262,0.056226075610374626,1
0.7324951883765429,0.308969235674164,0
0.0544280915188321,0.8312069926496031,1
0.9166155008599277,0.8483095371860053,0
0.17355199793458176,0.5226319132250881,1
0.8966144223772468,0.35245553720643596,0
0.6757569982862126,0.7590519542262152,1
0.17954644665375286,0.516865643476697,1
0.6885888956966982,0.5681612092240393,0
0.4849008494553927,0.05998133058908628,1
0.030124187651791923,0.7322177036461774,1
0.6327667827861978,0.022918664803310174,0
0.32050453819589364,0.6912148640911192,1
0.8084945922093447,0.9447487233622268,0
0.3371916438478786,0.6076453127358399,1
0.6959369525222177,0.014984641846898183,0
0.12312764353459538,0.3462773241307272,1
0.7906360859704401,0.5490662109056893,0
0.632042996496073,0.12970146552816686,1
0.827381493700785,0.7336356304439591,0
0.5784925253244521,0.2467189247499938,0
0.18849498434752832,0.823013893057723,1
0.23437277876176343,0.49104855641943557,0
0.37607700192199256,0.2974007910838766,1
0.5659282686351024,0.35526659742238786,0
0.4690042984871521,0.7442558039061937,1
0.8866107325088571,0.5351895932422112,0
0.6223591937487615,0.5311404390867316,0
0.17701666313100684,0.8325365053590081,1
0.4489119935141723,0.8331330801040027,1
0.8311142244989167,0.37333346656235766,0
0.009823639460113553,0.9090950170159836,1
0.6691687718951812,0.7103570420501926,0
0.9703674873738966,0.11327181145653098,0
0.5438646503683903,0.11447021004365043,1
0.3302447150059903,0.381685586496169,1
0.7684833144602606,0.5873737506385248,0
0.5999318709042396,0.4420869282554548,0
0.03431345902145422,0.42432012115148465,1
0.12478670062091168,0.5232545124681642,1
0.8750323426305333,0.03929253440466551,0
0.8518746178871801,0.6870775028266,0
0.5955274351707481,0.23626423601839042,1
0.9739882864698531,0.6605606161731575,0
0.22068562511897072,0.13251911889586065,1
0.9624156139286162,0.22888971071771325,0
0.7237406870917199,0.8209986596572257,1
0.16943125064378994,0.6321735756807892,1
0.009922384872685153,0.5484367582151249,1
0.825600310992335,0.07968135249775188,0
0.4188331767602046,0.2143740032549335,1
0.5038940443944163,0.46933972982341887,0
0.28188345151812566,0.3518070546670954,1
0.2744506648397831,0.5388576788930377,0
0.39692047759280036,0.12453687326344764,1
0.7106462753088669,0.25397736965322837,0
0.27538406643056124,0.7342168670079458,1
0.9555663629345063,0.66704844414089,0
0.2776893943863099,0.7559608062339167,1
0.691490101351486,0.6373633735396048,0
0.586385983602244,0.20546951652098056,1
0.908712848225281,0.7983862907890855,0
0.46874550780997537,0.12589034261856968,0
0.04397691494131828,0.9640631613150896,1
0.3632218591117138,0.5578026253581027,0
0.3022802697272813,0.690696970354988,1
0.6768573288233635,0.9861390929049781,0
0.20912078667766776,0.31518821841422817,1
0.37007193877195443,0.5050659919242049,0
0.6474989544141624,0.17565073693620625,1
0.4747312934930422,0.6017128230306157,0
0.3192836942278183,0.9735248083957152,1
0.024196003569235125,0.6410876470990411,1
0.2798928573860858,0.4309347837838434,0
0.29480859325445163,0.18029475912107462,1
0.9528834831191546,0.5498070287138677,0
0.15227763469197775,0.5964262515709777,1
0.9096495797555892,0.11192641063692699,0
0.5508326623888358,0.28462641729628335,1
0.5689704236341623,0.5949367700355234,0
0.018016986701739568,0.2247813176674519,1
0.3329898688036893,0.4778587357555226,0
0.1275869344175775,0.0024798835890935678,0
0.11914055704186954,0.3789299840228587,1
0.2070150156814673,0.7857111882337645,1
0.7068296467095977,0.048087658091848895,0
0.5063903735785475,0.6418744877715156,0
0.33354038988616064,0.3195285144794048,1
0.9307257842260349,0.13351320219118878,0
0.2039114579930006,0.27275833267681693,1
0.21969168243068127,0.4968327833923467,0
0.4398489470807815,0.4208465231929863,0
0.5355905190932735,0.31981352756525416,1
0.6495015957820416,0.5884525834596764,0
0.10038595388376259,0.5576036836177644,1
0.3859142164266912,0.7403517086031112,1
0.4245381044796469,0.2081409883585763,1
0.5924310334265238,0.9805808098905043,0
0.1895613982766977,0.5619676900701387,1
0.9269635140925381,0.07970618540628782,0
0.27084329218482306,0.38936020641373603,1
0.9041074772036489,0.16780273055119044,0
0.432410382997267,0.03181791756689489,1
0.5915102333232032,0.5432048159690888,0
0.5867650113057745,0.2007142048449817,1
0.6889768336396768,0.9640625072162002,0
0.7044442659801843,0.8653113829794649,1
0.8993998375372473,0.9339707675818687,0
0.7060381361263363,0.29102372151309,0
0.20360464523693167,0.8539061916930335,1
0.33112574898848757,0.41106803655649027,0
0.04187489821818502,0.7213276261804031,1
0.9520778268311357,0.48836444960645564,0
0.04088770385368745,0.593242784295958,1
0.02740596466420231,0.26638846222103885,1
0.4360133619516636,0.41630532814303733,0
0.24188631687649664,0.5720351465422728,1
0.48790297949807737,0.472939278327542,0
0.5768848153703503,0.7704811727532548,1
0.978521130652235,0.6719532577762463,0
0.41944963002656754,0.08905528845909894,1
0.6757023590100684,0.359977166604724,0
0.48982813584138707,0.9453271689596885,1
0.6833444711927318,0.9426832134633555,0
0.06570927359637091,0.8789383158361384,1
0.8535363044033221,0.4359164384428925,0
0.604701979395321,0.10315240071055576,1
0.9444380646467206,0.06925885996857706,0
0.1048867251008998,0.9713996168656579,1
0.7484130672770548,0.6990194092538007,0
0.1980950414287237,0.03494267674998164,1
0.5046796961409417,0.590332074728263,0
0.08736559697569979,0.19925575979896026,1
0.9689860223160885,0.33862678096044574,0
0.30222515347581014,0.9422365265995974,1
0.5709445814944681,0.3822579319343752,0
0.45822455055720457,0.9126648378434472,1
0.7772040925028869,0.26006797636659174,0
0.05038791460373804,0.29481607855214687,1
0.6164358154066268,0.030778031213439916,0
0.05815926152504536,0.9293626507322543,1
0.2928492049966481,0.5584926216726824,0
0.04793444164720728,0.9744464374629749,1
0.8629563828201443,0.2815159739192249,0
0.44513245262965717,0.24430844509569283,1
0.7284255265379346,0.6185595528262966,0
0.09721997623832901,0.2316643544954683,1
0.23204563171327586,0.540279658389614,0
0.21563226605944574,0.158392809480705,1
0.7763070719459213,0.7307092082038288,0
0.3200483541498562,0.6365621213368609,1
0.4811552248074735,0.15623395263737005,0
0.7765942489094201,0.4358021009052072,0
0.1285457594404824,0.934396956691398,1
0.9368653832392957,0.725895895341243,0
0.189130919919413,0.4605645236997702,1
0.7321253792338244,0.3389402884887287,0
0.20372612086027397,0.3081413677787612,1
0.7456299762755418,0.3230950278965713,0
0.10434632956970435,0.5053206194656177,1
0.607688518084822,0.7567617316479154,1
0.5417528903723433,0.5718130493195211,0
0.06131373799410633,0.18851376175907397,1
0.2576519365142963,0.15324603677217785,0
0.7066588051233821,0.323017151092161,0
0.6614717134805427,0.3088545005019573,0
0.62005073577305,0.058051499710220056,1
0.8757152614147282,0.8292219362941984,0
0.6740215277444647,0.9263567005887565,1
0.6926777070442938,0.27374215367899357,0
0.4114723158146928,0.11838562768891903,1
0.7255601295533093,0.5076524719102574,0
0.4950138527141644,0.12144889031964923,1
0.3520919781245456,0.4253243086763876,0
0.5319582881421262,0.1370370450831312,1
0.6473208529461513,0.014952075751491045,0
0.3727041308230781,0.999560458756805,1
0.8651591056742883,0.7999346150681856,0
0.28846061602972173,0.25799170050449205,1
0.8977581315475829,0.1356847528769064,0
0.23177585370125353,0.2529025159256644,1
0.6305337000132625,0.5714798384671576,0
0.42997778488704297,0.9196619730953894,1
0.8352937123476837,0.4953955919707721,0
0.37907251573551215,0.019418064631815835,1
0.3205901008396099,0.47763638548018206,0
0.4262933906722818,0.6528146828828828,1
0.70904734748627,0.9413576480543594,0
0.4265076616323761,0.9592991552872083,1
0.2202285903081076,0.48724634757182306,0
0.07019601423920208,0.20728381478396118,1
0.44249774637640804,0.9205460188751495,1
0.7437807498724115,0.24256229574673427,0
0.5521437148494708,0.07892357595891408,1
0.8599209672609148,0.1788658071573591,0
0.604644908747716,0.1438583922544988,1
0.6665407361187855,0.6358746605355161,0
0.3166022495479832,0.668028922522559,1
0.9801770994295997,0.7129651177396954,0
0.5485150483721563,0.11441924358371358,1
0.7620648114218068,0.05560529224492006,0
0.3397403584057068,0.9101933393776952,1
0.3930879637289425,0.5976450618675951,0
0.9091493130894484,0.4343196399894068,0
0.2801508991455428,0.616425578257208,1
0.4661393353673391,0.4811959207458867,0
0.6652361684238781,0.2610622667167273,1
0.6868022924278613,0.7059644231771923,0
0.04063785067107706,0.433607834818858,1
0.08728143985727899,0.31616464741156547,1
0.6645015705667021,0.6001113520209431,0
0.6436399500139895,0.12395910082668415,1
0.7318725913789973,0.5620343811306815,0
0.7576424568078315,0.7973681725173555,1
0.5567629305798263,0.36673683281590963,0
0.07967328393030138,0.594261386047819,1
0.35480755012202103,0.46009934034074174,0
0.3486722465364963,0.19318347195225927,1
0.8654541151084688,0.6497776610149028,0
0.10432706574816342,0.25319567330517934,1
0.9480333949513499,0.7385434413151744,0
0.33109766643865635,0.8695069825520998,1
0.6953484514190539,0.6303499881595629,0
0.33563038400031087,0.9441616111052916,1
0.8247328451786802,0.3939692815118887,0
0.33484860420527507,0.9077415347320617,1
0.6052889205861708,0.021135967044664472,0
0.15465761113422571,0.937400276110104,1
0.5001772675459725,0.5499247333552723,0
0.5772354009357407,0.5101424767753455,0
0.7353046900670663,0.20446402371400885,1
0.9814536049694297,0.1461180571889238,0
0.542650522782007,0.6957935878941962,1
0.9803743594455672,0.2742371348895827,0
0.2402749194492022,0.31872038634386834,1
0.7656482083351597,0.6622387576625203,0
0.4480642142100689,0.22902193323933995,1
0.9807490369385178,0.6532802519875807,0
0.10057432670463762,0.40812450933133027,1
0.39310177136835767,0.5871067980382497,0
0.8013281513822067,0.9501916270213933,1
0.806240325205154,0.03771913789834369,0
0.1463340382616657,0.4679879048512051,1
0.9582283710400674,0.6528328998653432,0
0.4840687652657236,0.053164388370074755,1
0.8606079081248288,0.9422347561995835,0
0.4610027680926928,0.294501557052933,1
0.9909255432980364,0.09482376414127547,0
0.24359733913849568,0.20338260588750479,1
0.9831367656334555,0.952362550359396,0
0.7777086003944069,0.18019166932571662,1
0.8293890099692963,0.23638466707409123,0
0.11964653742490039,0.11830642264414337,1
0.9442386625798209,0.14063094859248537,0
0.4946822311277833,0.7556340279430304,1
0.8074323518110291,0.4257377484560576,0
0.08425103428330816,0.7182701878754673,1
0.7967933280674151,0.40514699571931756,0
0.4793985345845454,0.7558477316323704,1
0.3130072621039742,0.5846076341769522,0
0.16404841138831328,0.1835915316513267,1
0.12997388981739655,0.9295149565867449,1
0.6126752261823618,0.6943799405506901,0
0.47887547823078014,0.9862418581182691,1
0.4835684150837355,0.7265029018600475,1
0.45445276532581025,0.4628674114002813,0
0.006572336815668378,0.16757728455251353,1
0.9147815800456237,0.4004385489506256,0
0.19470340307592837,0.4577443693801677,1
0.9061355545644788,0.7684292155835787,0
0.37574453982443745,0.955746003861642,1
0.8127025509860766,0.9907708085725014,0
0.8085791866757607,0.28909990545207154,0
0.08702965703957921,0.32533934959786803,1
0.673154230188038,0.007132651563615089,0
0.6812864454128114,0.6921390393692055,0
0.5229174139423441,0.2459633795765961,1
0.637793188158806,0.9902241399657048,0
0.3075420726953718,0.2863057656795065,1
0.8591850392952114,0.40370964951756094,0
0.29008500092876877,0.31832266036484136,1
0.9640733436824164,0.49669322113638326,0
0.40880790675691137,0.04627709467416452,1
0.8141321215603383,0.1567008488287499,0
0.17893846304087646,0.9710408885372247,1
0.8032874061433904,0.35890311271935815,0
0.36106180216282224,0.021838366720550062,1
0.7166402128356856,0.9845201783839045,0
0.28060228488885186,0.8568861984081274,1
0.7979773297356028,0.23871679112478406,0
0.15655967001310778,0.3477100646323362,1
0.45867042372462663,0.3552916767299428,0
0.24126852130194953,0.8740450250527239,1
0.914007693072768,0.6977164924018439,0
0.04505977401203021,0.5809398386595045,1
0.8278056830480167,0.1953166540575927,0
0.0244029985805998,0.33469388421795754,1
0.9358545500291632,0.42236944341300187,0
0.7006672137250278,0.8510998982411608,1
0.9555927302039345,0.7956126039734039,0
0.11441739659494876,0.839379783407497,1
0.06034532365940726,0.3536432347591325,1
0.870581356157086,0.9419723638789184,0
0.17808906214777886,0.6396869982410636,1
0.9569902376823692,0.951141865561651,0
0.624665447268986,0.16609819852314,1
0.8289066546906539,0.9918052759997426,0
0.09058572964570677,0.5523958989759143,1
0.7988048160481525,0.36099577155926776,0
0.5255252318099353,0.7203895139693967,1
0.9759030801619452,0.40163536716383197,0
0.46688104106691386,0.7452223458682005,1
0.6761896146055064,0.46221220048715006,0
0.35427786052438404,0.25066253631485247,1
0.5469519260691412,0.5906650967996236,0
0.5839358499866196,0.15329163322590234,1
0.9016326066759957,0.33395392813571034,0
0.5382265601840177,0.8858845315238794,1
0.8173908823320543,0.6323478689398935,0
0.24058989751789528,0.2388018086518453,1
0.8136113193166242,0.24189993475427196,0
0.35853529551809293,0.9665860005648029,1
0.39418003337605734,0.6201888758105114,0
0.7828102562023778,0.20255973415152217,1
0.8216497600305736,0.11106443334386162,0
0.1445757322486787,0.5306315540006249,1
0.8044549240279896,0.9815406462250658,0
0.1376675721959877,0.3412423436835669,1
0.5266822664608377,0.33644766333293286,0
0.1797241622870227,0.45203984825793053,1
0.5794469864203321,0.375106635859469,0
0.6378799383665041,0.1592696539086922,1
0.7469491776807329,0.3547572206054257,0
0.22609404838417035,0.9597994442486408,1
0.6939475583780838,0.44515339574432566,0
0.35670672457858754,0.07781056940801623,1
0.9298723027592031,0.5095506558256216,0
0.2582978781146683,0.6465137094437834,1
0.9290271152082575,0.6434398585528434,0
0.3288938403940218,0.2159180876056921,0
0.6632120891448443,0.8896806267456617,1
0.9592768475619422,0.13387415022515514,0
0.1938162732642632,0.32910685384896377,1
0.8531776188402078,0.9924264390031406,0
0.06351827060222315,0.10512774817451653,1
0.6667623912890965,0.6601096637770955,0
0.7731054415079623,0.8772266094016781,1
0.6324140968719303,0.6179308860124118,0
0.18708808925409848,0.74506229195026,1
0.23321494241355922,0.0774714847310628,0
0.4803356088352563,0.34056569243570545,0
0.18785496887407738,0.5833938509770069,1
0.08248711835905664,0.8777783018146827,1
0.5998558098993759,0.3551288942420495,0
0.595137467231789,0.7261098330939025,1
0.9758925174389954,0.8139439905218422,0
0.03517583179617245,0.5535738848276092,1
0.6181911010343859,0.35609943266275856,0
0.14799230820986042,0.4644952056628928,1
0.33061667338756184,0.6039013213912325,1
0.6709459497438469,0.9970063965246604,0
0.7293409227891772,0.16943711676037176,1
0.745892328118826,0.7479749272831834,0
0.1670855812676526,0.8112637596693602,1
0.9466712153770256,0.797064356125799,0
0.5726045094068731,0.7681758783608563,1
0.39852827985191575,0.47230366456268247,0
0.20800709143314888,0.3458268234615236,1
0.8209946201780942,0.38885910041703764,0
0.2526361826170954,0.22883422767756423,1
0.9335406864850921,0.04132124457074593,0
0.6387054882598232,0.8905324433995134,1
0.7574954556698754,0.3496434788239615,0
0.04084995171172201,0.04719786083831867,1
0.5215988795485522,0.33233529410704543,0
0.21146208216798235,0.4283127224565777,1
0.73079773652187,0.27378539418656034,0
0.37150836549682353,0.07180135528547782,1
0.8389641690819183,0.48418247795503977,0
0.7293874436702917,0.8548594025390727,1
0.9477747866588291,0.5450712815603441,0
0.03899393146868613,0.2283764943026657,1
0.5679880631113353,0.5174031901550388,0
0.25980910813772096,0.8216716404972992,1
0.9527357877093503,0.7123781226218774,0
0.26163216960279123,0.3718488868474118,1
0.4920628096723624,0.5825310001916215,0
0.09792627080756833,0.7833855282580153,1
0.6543291962048853,0.28207176235357123,0
0.3416786585091266,0.042816882880706064,1
0.8795405895928299,0.5846554103267811,0
0.8335707723765287,0.6167991162319394,0
0.14994730233562847,0.20890710463635986,1
0.8777385557928306,0.5446782557681376,0
0.027421044839094244,0.4676107979066372,1
0.4801236403642065,0.32974106901928324,1
0.9609876056371478,0.9836574237072296,0
0.23571548623125682,0.1569498482100039,1
0.9870571150090163,0.28129762108631884,0
0.02343470653986579,0.9904665625690415,1
0.8411705005652776,0.10988223681726517,0
0.24209832581066537,0.6306072314773591,1
0.6836129631972898,0.5376093219763065,0
0.06690453337221625,0.13848902707578425,1
0.9983445823791863,0.8550237976081482,0
0.0165908566393278,0.5467302344322252,1
0.8588155526737064,0.4503918142364023,0
0.6249479708871919,0.9524900721659166,1
0.5992243089778919,0.6789424780690602,0
0.5242005091999656,0.06501168011291891,1
0.6527612978400594,0.6756966178011081,0
0.17050985520146977,0.830407387263778,1
0.7154272830480517,0.5646621239451365,0
0.08159650949369346,0.3855490636689055,1
0.5783460164526213,0.6386004195749375,0
0.16916300199756362,0.3661064844111359,1
0.3224880985981997,0.4740766570759377,0
0.2623202949001381,0.8689448937849442,1
0.968239249216516,0.31578774264403664,0
0.4738445816894429,0.2859130326686481,1
0.6710146590543274,0.4385437594815478,0
0.32118861366364837,0.9463557563970048,1
0.24421706336253435,0.8372050072474697,1
0.8251785323723414,0.3817045726315693,0
0.520822647285703,0.7415674202435595,1
0.5345179339391416,0.5279459766781643,0
0.20566160830914382,0.540637413969594,1
0.949141435922548,0.8993972205492845,0
0.10079136460936478,0.5688249938413174,1
0.8954658179733849,0.23448548038741623,0
0.09947197387436812,0.0704892665547332,1
0.7795584487175291,0.5935482733840276,0
0.2257276142840109,0.45019221691197175,1
0.3502673177593666,0.6096711635500238,0
0.36013526378518645,0.2676632553875502,1
0.849065102576301,0.46278678644226856,0
0.27902094304456504,0.17080029854150092,1
0.7085628786908488,0.6675952173703976,0
0.10329993895827838,0.33492788370882765,1
0.9959473354032718,0.6140602684596376,0
0.5798853563349499,0.3895594971279812,0
0.7494457985947319,0.8282439909613692,1
0.6427094386823099,0.5712271834815498,0
0.4596525641793249,0.9636129887012947,1
0.7179744315515149,0.08592001957411544,0
0.6919851315606457,0.7822587070930715,1
0.8035644023906159,0.3404713798980915,0
0.32241366233114055,0.06998276422422278,1
0.7562230389679688,0.3833860187935202,0
0.8396527196165401,0.7000324106219472,0
0.6783555208133434,0.7770425216734355,1
0.9267947185285186,0.2480352845514131,0
0.5852675227430704,0.7715607284313086,1
0.6582631685863833,0.3883334024552455,0
0.04054628517382686,0.1783295717121629,1
0.8468506993090489,0.7477835661095443,0
0.3370932445440076,0.27909744934091885,1
0.9390225940185896,0.41771258427980407,0
0.7578420341599753,0.15439871630030533,1
0.5117104662251393,0.9962128008971939,0
0.6708465523802573,0.07767905644817108,1
0.952840445007032,0.01776502160183635,0
0.36752667147263574,0.6899524669129947,1
0.5746034742118253,0.38814002360056,0
0.6028413462461757,0.22255759104990247,1
0.8032528730221031,0.9272699108508483,0
0.5448626975491129,0.26335253699392436,1
0.9383105716593759,0.19022916598089745,0
0.5235317350554936,0.7410699380659732,1
0.7860178647002833,0.37977604586545066,0
0.0681708584912214,0.9841464959457638,1
0.6578640888177355,0.5425297783854695,0
0.24737479877721802,0.1258735337960103,1
0.8381267800579695,0.9842072181349257,0
0.6423478151973036,0.2492407723479183,1
0.9489992899403484,0.3156919497088423,0
0.7578564999524164,0.8047920679372323,0
0.3320861797340017,0.1312999931871741,1
0.5203099306949406,0.5551428180206038,0
0.20760979345622532,0.851994307640655,1
0.9469461401166591,0.11188932528348239,0
0.49306659790858265,0.225652275212347,1
0.9167062828141421,0.8809263852649195,0
0.1467105490286118,0.43155821700538743,1
0.39936815813811055,0.46539314502703655,0
0.538588744653714,0.16760802374363737,1
0.6979053774192147,0.043487731314672984,0
0.18291313031832523,0.7684105910720873,1
0.3796864696730502,0.6121193159456414,0
0.11891120419291046,0.14385684160472922,1
0.4958820797286032,0.4328039720820118,0
0.2512804226617411,0.15714112831423477,1
0.6201835448178002,0.47727602694374005,0
0.44666932733873455,0.8003696963149846,1
0.03146499528096358,0.4030913255673392,1
0.8283438379556466,0.14314566432300857,0
0.45605511533506726,0.2750079049620767,1
0.6776295675500303,0.4085055270944653,0
0.050694500053163005,0.6198913519611727,1
0.9501107743857979,0.1776456955422996,0
0.17028520205262732,0.8530638017099899,1
0.26743416539451004,0.5337256518709041,0
0.42823477408713384,0.26911681950573774,1
0.8678704038198616,0.9084287645020725,0
0.4272856490810103,0.850064427518398,1
0.8834263935198051,0.7440802980318583,0
0.46220343394027563,0.9205131561688633,1
0.8269155358976912,0.17925825249527294,0
0.6992986950372843,0.8397364447020804,1
0.6286682044554626,0.31684162588994835,0
0.13862411270577124,0.0979323003199929,1
0.9061454596429666,0.15278900082240887,0
0.354506257167452,0.896128021658269,1
0.9562279469611941,0.08826337573851462,0
0.35477015767426734,0.025572474624347863,1
0.7902294582066575,0.9128936427892014,0
0.4707588752997719,0.8359002371574766,1
0.7192791796171693,0.479305393023144,0
0.6688855614841122,0.9045702177236987,1
0.7913236001249986,0.90011417039114,0
0.25671732819304105,0.8104093544567581,1
0.971051855417276,0.786642080119273,0
0.303640463017535,0.12789308320733428,1
0.7360120647732702,0.5015046208028251,0
0.4130892613987195,0.17155977263340116,1
0.8815249970547061,0.8643807886041424,0
0.08452813576177909,0.1389827763214304,1
0.6948879211671481,0.28944564746245016,0
0.5242701907134563,0.23519114630651328,1
0.8281814928085174,0.17116294943304866,0
0.4443070301903974,0.5817592449918148,0
0.26024057471882567,0.7773487921330343,1
0.4399662617489345,0.5089380284315056,0
0.1537034014653339,0.767946025334332,1
0.7244481739133855,0.9319823792840213,0
0.546210086277786,0.0334521388964093,1
0.775537582433066,0.6689665962343067,0
0.6237035591196937,0.20329857311310995,1
0.7707170790945251,0.359659374383287,0
0.036188138467994735,0.3368273974392718,1
0.888387049438721,0.9353363315417983,0
0.6141406156646891,0.9513207872037285,1
0.7824992100199365,0.3658876147242778,0
0.042726544339177885,0.6138703755416361,1
0.9094748514956492,0.8565987391202342,0
0.7225334574392612,0.09678936589215681,1
0.9751377522391874,0.6080969397489457,0
0.28347852528494466,0.07663478899725251,1
0.5648964620745885,0.6345384650528876,0
0.151528492208169,0.16911807912485666,1
0.4003841571336245,0.6155604012186826,1
0.849367332907535,0.4690628827136486,0
0.447171093245449,0.8694819575167951,1
0.45528758138419145,0.6292811834789312,0
0.148967651855066,0.3853433436508036,1
0.8619502193551797,0.4656568363654514,0
0.048218881323091156,0.7976685482899556,1
0.844797541718817,0.22181796648542662,0
0.20851037240351877,0.38881952800924924,1
0.5830527569806678,0.32086708935547015,0
0.06151765073812887,0.8890856330130609,1
0.9139539233732397,0.0013081863213132428,0
0.04317924929101702,0.4448348766649989,1
0.9828629218917571,0.3083784371761292,0
0.597210009154755,0.9538459631148213,1
0.8194990520597427,0.5453460538201702,0
0.33501181887368003,0.20611461965170286,1
0.5640082297746257,0.6007192219392619,0
0.2334926489247391,0.22010008463375186,1
0.7069089653765153,0.7368203813962771,0
0.5142222151384922,0.31318696620200914,1
0.690225249360091,0.48371858840135773,0
0.07495255980816329,0.5059130537726337,1
0.6736457947264333,0.041852925937812535,0
0.47438050565132195,0.8478882342205502,1
0.359558993181749,0.5234281489377188,0
0.5067882622740231,0.12341167042185963,1
0.96674584499435,0.44858095101820505,0
0.15619749048024467,0.8107176153410384,1
0.8305300688133895,0.2321251132062423,0
0.2315755362652615,0.08707850274705353,1
0.4062382828775839,0.5445925217228519,0
0.4045119604787092,0.657150504826944,1
0.9347721594480891,0.9418630338878117,0
0.21090770508755696,0.21803863741434126,1
0.6946287332276517,0.00948052948257816,0
0.58244809796305,0.2427644107658684,1
0.608741397390669,0.6089820108385426,0
0.1164744639244708,0.5590991881377778,1
0.8476843312025086,0.35999719758386195,0
0.24666904130526057,0.8783806666491225,1
0.7441268440073728,0.6980217976648604,0
0.3406478682820401,0.8764188103892625,1
0.5772181008864551,0.5209895350259794,0
0.4659913324628838,0.3203791227139572,1
0.9503488893728032,0.3127604641082641,0
0.6090881661091349,0.8063919112650357,1
0.8150695221109785,0.13965854113730158,0
0.03869703763972265,0.6035571029519226,1
0.6875252375393052,0.061407759941895956,0
0.34707376978827575,0.10678733443977806,1
0.7338853541456443,0.9765039086417994,0
0.22813722324049934,0.8459076416709745,1
0.8094314952018122,0.07615848915661594,0
0.5413580513972901,0.7133656743606869,1
0.36579215894229633,0.5944956670265367,0
0.09027133320007807,0.7988768570580267,1
0.598998564839855,0.3162901588153626,0
0.36641452921200923,0.8911156004989461,1
0.48876600122408465,0.5232835242975648,0
0.14768307806810066,0.48607676532938315,1
0.5710785366659856,0.4692224500420489,0
0.6138964493000811,0.9135780295375676,1
0.658257778552691,0.037179033221872104,0
0.2670150551080781,0.8867779108934798,1
0.5489331137054699,0.3777093858726648,0
0.6605332902288528,0.13619176383854525,1
0.9779552860493268,0.9707012066286492,0
0.410706701223604,0.9984863255964821,1
0.6260517069044674,0.6904277723038275,0
0.1389740310934241,0.28051358610462396,1
0.4909352583636891,0.3553635057316876,0
0.3576780191472966,0.8827913015696883,1
0.7966295479596555,0.6211175141818187,0
0.4488795078868707,0.9769969229650122,1
0.9584431796998604,0.9289759577839172,0
0.3281099811006488,0.7808749309472962,1
0.7626991692120406,0.48757048407503745,0
0.31860035744921533,0.10819826218607953,1
0.947157511158908,0.5720843377756729,0
0.36998146505118823,0.8110372427207408,1
0.8233794355276168,0.828933344888204,0
0.32313858606298873,0.6118701232539153,1
0.7956169142911582,0.018108117835334836,0
0.2556029005225856,0.9440605109264213,1
0.7475317152670594,0.9824580389295472,0
0.17665297149302672,0.7017151725748851,1
0.7774093489924316,0.7864944213525342,0
0.7090665761624375,0.7544271895905661,1
0.5094454060377682,0.4243570478795414,0
0.0856315365110748,0.8917420891434834,1
0.9431719377344063,0.9527262944208333,0
0.4985668863772129,0.8857507703250387,1
0.8316330851716439,0.8382673684608444,0
0.4141258577025919,0.8093863582001333,1
0.7226951800342631,0.6086128846298163,0
0.2926606614650833,0.2251119472443336,1
0.8275689792122497,0.5657421326592988,0
0.12251417874239456,0.2155077209688685,1
0.8675993356695272,0.39143244259313104,0
0.13270830429317138,0.7177829880576879,1
0.9440078998664125,0.21110196141182191,0
0.39587311926801105,0.8228832331464575,1
0.8987198070179246,0.12961023904831537,0
0.529342275109478,0.8964192208239675,1
0.33266491229480855,0.5127760735315542,0
0.34111117508549826,0.7840389792942922,1
0.8992571579803386,0.17187180276138936,0
0.0891888781395409,0.45165610999554207,1
0.44250033088254326,0.6220826579612017,0
0.06158344374558844,0.5887250139443402,1
0.8392213191373936,0.460105975382179,0
0.3865343626209361,0.9329525398420004,1
0.6260200415524012,0.5378247208687025,0
0.6190267461383155,0.13455769670992446,1
0.693771894206541,0.439394272914824,0
0.22375005629379097,0.024051092151124664,1
0.6781451877067234,0.3320998094672003,0
0.33466921393324434,0.8176696615693528,1
0.7371026415745662,0.5141081688640022,0
0.008237245005537797,0.33413496296234424,1
0.8775375943491125,0.3749230978671627,0
0.3598388130010247,0.09798107158546387,1
0.9076365275928934,0.5475073711914289,0
0.6664570774035988,0.077114649244855,1
0.7636785855222612,0.06908785349379931,0
0.19928724886940075,0.7152088718257393,1
0.6293749823309496,0.28656637423882947,0
0.36477801293811263,0.19176905795080657,1
0.6641938931479738,0.3000593559606408,0
0.006239261357744552,0.13648048062534612,1
0.4379151662474956,0.42311107114981183,0
0.32903130769078537,0.6067310763705167,1
0.6738905671976768,0.04586600269702634,0
0.2514395516595641,0.25946803180845024,1
0.5533039098315586,0.4158601564451506,0
0.2689280493967905,0.5742844592188736,1
0.9972486081505298,0.3455549106436111,0
0.09800815995252898,0.7514244138191967,1
0.7665378370869199,0.9550796010768238,0
0.3940325659082674,0.8291981618114949,1
0.9879820631088462,0.2234538665804472,0
0.1660366870113832,0.6987792355254812,1
0.5182458193448423,0.35600960998077924,0
0.1138657776765809,0.4693471697890843,1
0.5846171557330684,0.4350010447378162,0
0.14198851777311094,0.4530402626783979,1
0.7724312598100833,0.5026923096291405,0
0.041991862344833764,0.10138416841443376,1
0.675015600260043,0.34644792499166643,0
0.37467822160982767,0.7010457114743529,1
0.991990236870067,0.8819546160492354,0
0.25243761885122706,0.09624091941072876,1
0.8273149253370494,0.48338612512855805,0
0.7290699484641504,0.19034824651192717,1
0.3832191370417126,0.5833280925771066,0
0.2355655537294139,0.21911226735362777,1
0.4115954078857157,0.4544428932889104,0
0.0617117303819017,0.5102342074578387,1
0.6995457507985119,0.49639178581030186,0
0.24640382999069954,0.417785953537091,1
0.7434868638789349,0.25796111318581605,0
0.7600794153412472,0.19352791716545492,1
0.7716228020228568,0.6307211881210788,0
0.0144469969705171,0.12578329455182857,1
0.6948668246286541,0.33319351649530426,0
0.4676990072700299,0.9572541819614947,1
0.7549289726268799,0.9226387277708843,0
0.37567289459967934,0.7664334104605598,1
0.8813998729220492,0.9298613525830883,0
0.15235740316196889,0.2168221350317563,1
0.5629931469052987,0.38908269009941476,0
0.05883058939170838,0.4639366399878806,1
0.7754867017784471,0.6049158229113116,0
0.1909936778120237,0.45583791841179244,1
0.5784137701949605,0.47612870192779144,0
0.1980226813497048,0.3314065315232698,1
0.5256859117581809,0.580196358957381,0
0.006324970352483139,0.21529466510100037,1
0.874138903674405,0.7660529606755935,0
0.11396791404284301,0.03340442997355564,1
0.5219594399718214,0.4699994011967975,0
0.6328061553595633,0.8668718951185626,1
0.3922070223629983,0.3855939282198527,0
0.26053811107857816,0.6626547462880713,1
0.8067608887695188,0.9997177917812187,0
0.1452932336905397,0.8158313019092511,1
0.8328482331834843,0.39404995744945204,0
0.43784731472699145,0.808308897263323,1
0.8183982071855213,0.6567687251637575,0
0.7242809986680695,0.24342531084658936,1
0.7154227160317101,0.6926096134841652,0
0.14198132223484183,0.9996615168558425,1
0.6798516318807891,0.7170661469310281,0
0.526720056034916,0.7421257380411421,1
0.9170081766997714,0.30536756417974775,0
0.12375502066923427,0.07389868639935893,1
0.7588342434259135,0.9458926004724998,0
0.6962080061835311,0.8564186729316582,1
0.9166547569068081,0.282093822304914,0
0.14449547979588562,0.3086647592068894,1
0.9540788157055683,0.9677367872497321,0
0.299328179379015,0.9127216503296619,1
0.7197423676834499,0.8267174607921866,1
0.9146028382275756,0.2907800529613609,0
0.4104519165974617,0.34858023365444324,1
0.6770198406373428,0.3672622969635595,0
0.06015157437313545,0.6653414750807869,1
0.8071256915754027,0.15930957670184887,0
0.32437224437847556,0.819991992006419,1
0.7923489422728932,0.9314527951340875,0
0.5181103870262584,0.9546102910331902,1
0.9411300412265033,0.23456482495935838,0
0.17900270389713613,0.3704239037317174,1
0.7490750793699049,0.6554930365924471,0
0.5281462415939033,0.0744813751978518,1
0.5294099089992714,0.3551997916947306,0
0.7448725633962092,0.8639930420812514,1
0.9219636081456078,0.2908862509093302,0
0.3292440908610873,0.7688152581295472,1
0.6800382734217338,0.33690273556233175,0
0.5616713088014711,0.06052858454086818,1
0.9522031257017278,0.2882667651703855,0
0.4940562500358192,0.06824899182172828,1
0.7934744435330263,0.7298491973155542,0
0.026916460924460983,0.45965570591288374,1
0.877865153575617,0.7984401384695979,0
0.26654329286474254,0.804338922131536,1
0.5353348273993445,0.419883899525234,0
0.2844824419637866,0.06760904140659252,1
0.7482080752444602,0.5723307679080736,0
0.28945925305272957,0.32907409816972377,1
0.5742114616600407,0.5748636861361638,0
0.36725306753131637,0.9416715215300053,1
0.3924647843027105,0.5064459039054127,0
0.00784385061811288,0.9788876565340139,1
0.9395009128410748,0.3248486007190684,0
0.1608611325312076,0.9906521791339038,1
0.8539090429701323,0.5722522702279899,0
0.40383177465398923,0.029539474752685035,1
0.7721875444555536,0.26127943633784934,0
0.14101402104964722,0.9595325085142545,1
0.35548774718131726,0.47469039628392307,0
0.5597992359498805,0.7034811486750656,1
0.8876728542544282,0.17844268048326706,0
0.27654324967709387,0.85089066534908,1
0.5215143031219116,0.33748169594047417,0
0.23288999426860713,0.5710300194318353,1
0.9121538862267514,0.4605763573600762,0
0.4743728683209335,0.7384329661728755,1
0.8453661676104316,0.9276498916468973,0
0.3084942598249666,0.6265819704779353,1
0.48569097486302115,0.4015208394201213,0
0.228208886344332,0.10048592060919148,1
0.7934337955381242,0.3678855344850085,0
0.4693178610726886,0.6657449695298903,1
0.9014173884777377,0.2015990619334771,0
0.5719792044172616,0.08447385244450822,1
0.2969424488124043,0.445123797764878,0
0.4849651320538674,0.18610931788554463,1
0.7284991972404886,0.6376249926684414,0
0.06887006628656234,0.061871585016422426,1
0.9418945852908424,0.3306208692037955,0
0.5309319414846777,0.2845381513543437,1
0.8884839662465809,0.4725265158596156,0
0.5911712393862666,0.7482169252161004,1
0.9603134956306812,0.5121338582449592,0
0.3500926102200067,0.14596778994978898,1
0.9328068281856434,0.8123525080159864,0
0.6539364623424536,0.9230412169734256,1
0.8810771159071429,0.05589221431606184,0
0.19978338975109455,0.5892615824185586,1
0.8994767041606844,0.4799707862705346,0
0.135917647397664,0.6088282941150226,1
0.9760496110138323,0.7528694334874784,0
0.4177908832499281,0.6569258497060346,1
0.9768562244930638,0.20035868011782199,0
0.27158521061766905,0.7317441039560397,1
0.8770296968095789,0.07821069676166126,0
0.3916699163189997,0.2961253334056909,1
0.40556392194639623,0.4142536168278812,0
0.20693831220316694,0.5623194435370457,1
0.8550068844412048,0.29174081273652597,0
0.7294659048281352,0.8502251066848815,1
0.8081910740209775,0.7170866835068157,0
0.1728065852643259,0.8249502511624349,1
0.7120577684707176,0.9622721723176837,0
0.2654467642748082,0.26209488700599703,1
0.5943308579419951,0.4408899967383837,0
0.21820288757036654,0.8877924817826343,1
0.8215141985487048,0.8646244139577515,0
0.5744563328035457,0.23672961182403718,1
0.990058429829674,0.01423506385060691,0
0.38535233513261835,0.028560389453434976,1
0.9810439936736636,0.9867140458967709,0
0.13483212088817953,0.48391792417891377,1
0.585186203632353,0.4287101708719132,0
0.33541807313442173,0.8431988132970087,1
0.22119535398171164,0.4893684815769447,0
0.0013688675359021518,0.6813236041441196,1
0.8293758933240026,0.9720305002111366,0
0.4827032135513746,0.9942400017070149,1
0.6327472322870259,0.4421020780159495,0
0.43267628261204627,0.9214028104519482,1
0.937015574785991,0.5276183386520907,0
0.6253342468321322,0.8012097627596547,1
0.4381750520036809,0.527019482216311,0
0.5960093237466547,0.1545122988988218,1
0.5292644237991369,0.008258180409319693,0
0.1918572385950703,0.30920815993711537,1
0.9965725511961322,0.005956041961456271,0
0.022738929964931986,0.574379015669203,1
0.6710591448736938,0.48156491690599446,0
0.4126456684110401,0.33772902271683936,1
0.32876849681089115,0.39908236773115835,0
0.7585418835160173,0.21951398658833943,1
0.9451259565801986,0.6926871562817679,0
0.40588761567222464,0.9188585667048654,1
0.9743486638057375,0.009867768053697379,0
0.004352576779962258,0.6417631407262726,1
0.5695549869616928,0.47239453473313964,0
0.42852398443537476,0.059128856729746215,1
0.958375454492938,0.2565020533916631,0
0.6048914859614517,0.7866887610726925,1
0.9104598672924049,0.227533582677373,0
0.032737114851785765,0.2971152401849011,1
0.33246150983956824,0.3986979253740174,0
0.2166077814333236,0.6456369398257058,1
0.9726511164993747,0.1282268583647126,0
0.7662410750008924,0.7826132508450401,1
0.2291121736852023,0.5316314403926196,0
0.10468590247994403,0.7195655587413498,1
0.8202742274823048,0.8953467601630272,0
0.44352902926052895,0.13545349208594926,1
0.8123768314964201,0.5517999720794987,0
0.6509674484673794,0.19599801033537978,1
0.9257355868937331,0.643034359254968,0
0.10060570270340674,0.2120930629922172,1
0.9434193539580239,0.5604770349045544,0
0.2262505374364029,0.1938993932318912,1
0.5864164905318338,0.5814348361078782,0
0.24510389474029104,0.14133750575157888,1
0.8610592081159324,0.49356329049717595,0
0.02049035781972186,0.47860026917775833,1
0.6457845880526324,0.44007544693387335,0
0.24124085855056476,0.7660855454584182,1
0.7153401678030654,0.9687383626381154,0
0.2391700595803945,0.3584334506838124,1
0.687726661429477,0.3109300611428709,0
0.6761020338359917,0.8155075300236415,1
0.9210168748690833,0.23681146820148136,0
0.6212396506941592,0.082077643441135,1
0.6430960656757682,0.6960803828110224,0
0.03516872958673212,0.6707913145636861,1
0.5087598881808089,0.4338987268366937,0
0.1276651856388823,0.10559394962975899,1
0.942475411154056,0.664288308916714,0
0.3578182875439424,0.7776524564087717,1
0.7522807167901456,0.47506756347749146,0
0.2672590113073414,0.10701045257783137,1
0.45211120606394695,0.40459818856032936,0
0.18613671911786933,0.6758663406713645,1
0.7346821749397264,0.6714583903813381,0
0.6217055843124178,0.7286179435649892,1
0.8711059016148562,0.07911969913263062,0
0.6730027128689792,0.8375637948105252,1
0.9941824857740847,0.10753886806797774,0
0.11893739082575472,0.0215290855412843,1
0.3281290200680631,0.6000274220551863,0
0.08772065719833533,0.08291593762382421,1
0.28362617312529237,0.5595927923986868,0
0.7905398577758626,0.8359864270844212,1
0.9151230963572708,0.6460383612199695,0
0.5490467816256881,0.02779513615809992,1
0.7365331718635728,0.9312614314596225,0
0.04788542598880485,0.750556000839893,1
0.6652621595249284,0.6142734216280505,0
0.3016270221898857,0.8326631318756346,1
0.5961096312878387,0.4000592446393191,0
0.07187007512048127,0.18447345797383152,1
0.6301952977075853,0.3851526165798995,0
0.1223398822414905,0.8206056671305686,1
0.8360204783326313,0.6340845323908137,0
0.5624005679777664,0.1783153875159087,1
0.6126034676571154,0.4071660455151006,0
0.084553479843412,0.11727905738604227,1
0.46481936286549097,0.45582411655449584,0
0.019351387260066355,0.5706998070081222,1
0.8310749956202876,0.4512730349999934,0
0.46854393217433576,0.12295612254390986,1
0.9586570108945263,0.8003354946737201,0
0.26600362340888617,0.6356100920953138,1
0.7569842665436731,0.9595090253582179,0
0.18364984252463545,0.7490078691727908,1
0.3839366649137037,0.3926422796780932,0
0.060029288332645536,0.47517583573666955,1
0.8662221428299793,0.7991653523825948,0
0.1305347051784782,0.35373281095289977,1
0.7269943969254411,0.6105264118073216,0
0.5449066375566997,0.9071721165978143,1
0.7318049132556002,0.6003490918859591,0
0.054156313166232706,0.7277325854033864,1
0.7494390580160327,0.23931437762958607,0
0.4501190886296692,0.8935100287880111,1
0.818738319709126,0.8020514002794636,0
0.7400719684468546,0.16939834825181943,1
0.8540117234214049,0.9479460376603359,0
0.14702213211058668,0.8523241968123588,1
0.6906258252583324,0.6319676879484073,0
0.5341368325364344,0.7805867359283208,1
0.49929836679610173,0.43745877289550916,0
0.05140024127662146,0.06353678306495791,1
0.9579062096601604,0.040009770358813035,0
0.33635908765008915,0.3919142904327435,1
0.7800721102790837,0.46799970387801193,0
0.09067702180059822,0.47295180286371097,1
0.8132190592065636,0.37267889208535543,0
0.44459366902247666,0.296122911676701,1
0.7458843666067901,0.659324573746695,0
0.09552329371291701,0.6752318269981771,1
0.9706831719850345,0.8787854203311783,0
0.1012169872366181,0.8958618829799544,1
0.6775391449263375,0.4883757890724064,0
0.5705303803232848,0.20542239408942053,1
0.25332551553399907,0.4809594800759621,0
0.5931732477398487,0.1176306800244058,1
0.25372823964240876,0.455522361519362,0
0.5729163097492322,0.9012790644567773,1
0.8520341354973173,0.10087616015381573,0
0.5847131184278154,0.25584201412953333,1
0.7018776260852921,0.38694299968441603,0
0.14902616530533364,0.3361174383602289,1
0.9397680520626702,0.6747068146332181,0
0.22793021001597413,0.9183949850087777,1
0.9763607092823359,0.10946810164883591,0
0.499446995909239,0.9580872803990416,1
0.8718792302906045,0.42047188356725185,0
0.5719153481619541,0.903483034386804,1
0.3537668908215743,0.427490022096249,0
0.05837095470624676,0.6134623085190519,1
0.8179249703852289,0.44562013844715054,0
0.6525198933356079,0.8583094966879223,1
0.5385365566817217,0.5596679277144615,0
0.4318107516139622,0.9815792971850414,1
0.8510639257088738,0.12575256525707723,0
0.6280496444549085,0.8728835008833503,1
0.7840908100766527,0.3977450581023235,0
0.40723483187921594,0.7895294170957777,1
0.7439091522655811,0.9302950931353781,0
0.14006386396661907,0.796566991232121,1
0.8822706830971515,0.5304221332266575,0
0.22136967865403656,0.40544294388036783,1
0.9682700123436032,0.7338896209537796,0
0.22452929420151935,0.9551222639563399,1
0.6912522824450948,0.474976240508165,0
0.5763518944256395,0.20495740421577113,1
0.7464352505943666,0.4235238601248189,0
0.7504025878269219,0.8204543360929627,1
0.944470563596683,0.7707899600931322,0
0.20537981439998598,0.7126474742242433,1
0.876507262675925,0.08929078480666675,0
0.2090114644201292,0.8552931258874342,1
0.9628405004188001,0.42745467763664924,0
0.7543151949164556,0.8602573960594221,1
0.8972737619678816,0.47244603083977366,0
0.2270306663127144,0.412997607816753,1
0.6246230518626864,0.6708001153302852,0
0.06691655625319515,0.3902905046092484,1
0.7980066186495607,0.9229272412007672,0
0.1434300629160592,0.45370414098101797,1
0.9791553545626044,0.23843839375595854,0
0.5021076549045611,0.8815840651119136,1
0.7737978742566272,0.778216849390825,0
0.05360242140301519,0.11997644906573313,1
0.602091707751671,0.5624454603047482,0
0.04568534588435902,0.8286228260992089,1
0.8140671268917414,0.4587383784832978,0
0.7654272583665783,0.8297746684976133,1
0.5237378946697319,0.6594058548152449,0
0.27999803278472635,0.9363912238003261,1
0.8238181103721995,0.8594992999132985,0
0.25155323134528185,0.5663266995909627,1
0.814933687141439,0.2686083361731161,0
0.47260471891687816,0.9623926409916004,1
0.8408942326881352,0.6345392905786346,0
0.21368234819301635,0.3242860364739997,1
0.9334481186584079,0.0007687318335781734,0
0.22370489749726774,0.3059238544709566,1
0.47757264623819595,0.4709565757309784,0
0.36369281795194763,0.30486302839141255,1
0.9747920619545374,0.3513814233624645,0
0.22246827689945148,0.8701295995167052,1
0.8495319313299021,0.3809284193910687,0
0.23874347507141302,0.11105665601067971,1
0.4386335278749661,0.4036944022493525,0
0.5169705989272387,0.9094470654595922,1
0.7642796525278225,0.9976973492132152,0
0.5289261369160039,0.1467886447208987,1
0.7069331753459699,0.016317306878665505,0
0.6135184540504989,0.771605790987214,1
0.9785954502675701,0.9202141338128227,0
0.07023816616133538,0.6850183161980097,1
0.9561245127202359,0.5048284657771401,0
0.4538941292663784,0.3474199782829328,1
0.6813150771836229,0.32998160003035626,0
0.501873149294948,0.8388481599847519,1
0.6628149699610258,0.04482848087992297,0
0.17242860232279078,0.289411143607579,1
0.8462368880043255,0.34426609314136214,0
0.435140059873797,0.6908479487372676,1
0.8124064376610955,0.19188086337389199,0
0.03898373928731347,0.16665371757146652,1
0.967281711678699,0.6101991091680218,0
0.3104319306947,0.26524534000799527,1
0.33051426760099756,0.4657064722776433,0
0.09863599305133852,0.7302999986163217,1
0.7503845485781819,0.4443577032367043,0
0.15657720248328477,0.1545004358280655,1
0.927985820317165,0.4895711337526485,0
0.07330653332765757,0.06493444919662972,1
0.4425007379177057,0.43566642622423923,0
0.379520854485629,0.9022826005620225,1
0.8508441011029633,0.41610030594253733,0
0.04159589221471682,0.4159440505919524,1
0.988271951273858,0.2617479325191143,0
0.6412599444184657,0.23479402452480114,1
0.8707140855823174,0.2422812469716389,0
0.3698338375170922,0.2541741166572863,1
0.9583242096232623,0.9779667415971417,0
0.48971703431445646,0.7583656470114555,1
0.8724347451954694,0.6807962669567644,0
0.2878550240239186,0.40519863982822124,1
0.7485294166492659,0.9903063976463721,0
0.13650770083174302,0.41517357951069833,1
0.9553169560666152,0.217794854934255,0
0.06061868093580858,0.12987960664761433,1
0.9460202142384224,0.2541677221850899,0
0.03033022121247908,0.36720354307734016,1
0.6693284526427796,0.981037965220437,0
0.10663771628581065,0.947238852446493,1
0.8776852944453263,0.936398125934133,0
0.021729996499580073,0.7043053801217359,1
0.9254844088018293,0.8171064103792774,0
0.20336315641808111,0.5461285230561532,1
0.29650337673055116,0.5297156190016187,0
0.24818968852527457,0.10192818663152936,1
0.969236930644466,0.03323949844500984,0
0.38416313182472916,0.8176762484023482,1
0.5948926364357575,0.6940005594649836,0
0.01751073840069306,0.3159247405729979,1
0.5054755201782121,0.33213313829933255,0
0.04015270672751059,0.26089253747211405,1
0.7054057740734064,0.5373316929851715,0
0.26305461056211155,0.6666468577093435,1
0.5902837536652976,0.4796233981174848,0
0.7513619903967063,0.17808234924946775,1
0.9101161727778257,0.20202555561176272,0
0.20198715294466862,0.8339898602380794,1
0.6429810616922951,0.3570913173755632,0
0.16719706127411382,0.685567928536704,1
0.8161890190996629,0.7120615897235466,0
0.44721827343008413,0.7889391044577874,1
0.7561640781538478,0.5115642138171377,0
0.12746079473532945,0.8922402834309741,1
0.6566139418768032,0.4212364284533475,0
0.0867297558242357,0.14826581205546574,1
0.5019170509833873,0.448117039596612,0
0.5380965305201207,0.031924075025770327,1
0.8607338907896755,0.9145440561352927,0
0.4188836431842321,0.19242884332416044,1
0.9564034540392664,0.1698388335753579,0
0.2574405938673495,0.6546704724272961,1
0.6925206698389667,0.367218310749968,0
0.5421187787748107,0.20027984269173915,1
0.6543907944541573,0.6918538303559466,0
0.5704336701234084,0.8421980663699549,1
0.8906621353924562,0.18242745906089952,0
0.26650688634250397,0.3725822787584072,1
0.6671185323652097,0.05684928993759797,0
0.653961817462768,0.16688784126645617,1
0.3069573078806884,0.42548740521390727,0
0.16146485490828455,0.82128198585013,1
0.6663674504615322,0.5218174558968058,0
0.5755519379183021,0.730477238092157,1
0.7777531927804987,0.2400622728455366,0
0.07439442903297455,0.11488542237030708,1
0.9129047867105196,0.32044026356855404,0
0.10038470311926007,0.6144212405310827,1
0.97769455841033,0.006349923182474182,0
0.07327667846689678,0.8104362762170955,1
0.8290449849906458,0.03343076378258236,0
0.4432701837175801,0.20436455017368582,1
0.7906447354256024,0.6670111088552647,0
0.23828647149486726,0.9459112271776278,1
0.6878439962733607,0.017918235971364216,0
0.27941230797267624,0.9857914605322151,1
0.7282914940403583,0.4274826734309781,0
0.24156244878262545,0.8990611506695148,1
0.9652347823094616,0.09045658780118482,0
0.06393988198503453,0.3495392517646003,1
0.8455462529107786,0.7759757424571228,0
0.20039202898424513,0.5654322473709071,1
0.8782826637988462,0.5666703745227064,0
0.15104076405917244,0.9751939472852262,1
0.904658724474769,0.5729076372874503,0
0.17216151074484776,0.9133135225442052,1
0.7504195001419136,0.9397117155095217,0
0.33025839575424665,0.3362272354066068,1
0.8231986573302457,0.548238242121106,0
0.17794971382546376,0.03789078317565042,1
0.9888812661203403,0.25647216368067827,0
0.708384659803493,0.8860088156435552,1
0.7932050442012247,0.057896436701119214,0
0.1731666367900354,0.015047087257454628,1
0.6453126010295684,0.9620505757471998,0
0.11624679464996346,0.5077147725645729,1
0.537949089196367,0.32342347926776194,0
0.33492751345327765,0.2597888826873017,1
0.9893635999933341,0.48507966221097887,0
0.16291508216519457,0.05175390862291618,1
0.4135994494485241,0.534147386390628,0
0.17006681603024798,0.394376523098401,1
0.8814081236883986,0.27639845338283775,0
0.4264395135142046,0.06188919984644514,1
0.81655132657601,0.5411645100128142,0
0.16252324569853838,0.3314713963394189,1
0.9596948406296916,0.2097054238990923,0
0.1474430501724291,0.2800274997227059,1
0.9690964583979969,0.6556224907623835,0
0.7060878020005742,0.1793906403282729,1
0.5254344298818654,0.6132816234163443,0
0.17004248864867966,0.7828003096250913,1
0.9662401855236877,0.3756032021982111,0
0.03386227303916356,0.7166648803219147,1
0.9394114450121521,0.14867549829540305,0
0.3082138301375603,0.8355817006097609,1
0.5670547126621577,0.34453472910070604,0
0.23234560035915053,0.21129537120957442,1
0.9053826994351787,0.0950016324392785,0
0.501251587031531,0.8379512821478334,1
0.8487595784155966,0.04897047318480274,0
0.0530459883933434,0.30017215185289625,1
0.7598781019447656,0.7094382802560444,0
0.5668697857307975,0.2224343701143271,1
0.6301165962329722,0.6354084153409786,0
0.32326685104089425,0.2547569351087533,1
0.46894612227644805,0.634986654128708,0
0.0422953813885385,0.19297768724842157,1
0.8334771791669521,0.588137357746138,0
0.2779756145098461,0.6865331656214207,1
0.9002234120584891,0.4980666301173079,0
0.16205720914043242,0.23990295701799103,1
0.6441541544573494,0.6802999965249281,0
0.2576240454472518,0.2923404802775459,1
0.3915907539700505,0.41571950438946204,0
0.645513490214639,0.8293408389538504,1
0.6302881249869303,0.5919022369640158,0
0.7516052678164566,0.1771357016153191,1
0.3672491904758587,0.5578988904421847,0
0.36698806537937734,0.013744075470405903,1
0.9797686754229161,0.21068358321762304,0
0.29544397975551817,0.5975358531150581,1
0.8059354103046635,0.9926658786224343,0
0.4412839691769338,0.24390636989289494,1
0.9962468554545459,0.44616144547161074,0
0.6403957263597082,0.07085108773699433,1
0.8151370686347847,0.6794973593595844,0
0.5284947621503291,0.17326913558299328,1
0.7522301243478416,0.7598463849643443,0
0.22026308547871376,0.21825284607644468,1
0.923534589406931,0.07180873624154083,0
0.20483025228536,0.95946004627545,1
0.5894272992117887,0.49169532294957374,0
0.06572703103244903,0.3026568388529205,1
0.7242427951077114,0.4899101117127269,0
0.14373395273858336,0.68085484100717,1
0.9519423057986585,0.3697829533332905,0
0.12757820087778837,0.09178694231588891,1
0.9556883091616929,0.5139634700773803,0
0.07088087593571402,0.17897270254260855,1
0.7627116278957511,0.5918395990809696,0
0.16364245563798518,0.3733893188624595,1
0.9237262173761049,0.28937578965361277,0
0.5669228995267046,0.7485058035731235,1
0.5402270051329403,0.9992884741681508,0
0.08829828245494031,0.6821426668985786,1
0.9446039013002556,0.8455934710600991,0
0.4121451125276182,0.9441365228457268,1
0.6640779995699491,0.2783239526597737,0
0.255272445253794,0.29165611406843206,1
0.8118483816673431,0.07609198136052153,0
0.10103611711298155,0.0233958612762164,1
0.9753260867092524,0.6224040152387137,0
0.33300196164604057,0.6660457536608486,1
0.9643037154088565,0.06481104153994444,0
0.6047227158190827,0.9440072028236326,1
0.651719532279972,0.6024036638887775,0
0.5386941834787774,0.9638848213648379,1
0.45756942245708554,0.3906348193741772,0
0.772303402660683,0.8674405952286058,1
0.8332034171787377,0.057913000200307874,0
0.4549760646395705,0.9561155155612441,1
0.8993171286995469,0.8970633773415034,0
0.3545285222943786,0.21477838684017592,1
0.2367027589001237,0.4943613082175554,0
0.1626865982248581,0.4038059634637087,1
0.4464209171518524,0.4752738367339473,0
0.7058369451896537,0.8099122722426682,1
0.7718920638862588,0.0908157603766645,0
0.2942088462894147,0.2245973821442384,1
0.7014225402212554,0.6197833013099205,0
0.5874115079124433,0.7100203800180054,1
0.6890639315005128,0.34340135388504267,0
0.6269660455641977,0.12374244642556542,1
0.8335039440150704,0.1992336859742304,0
0.08722599402206865,0.6478223049998667,1
0.9606221924433525,0.06044763939839881,0
0.639783976079675,0.20619030681178585,1
0.6605622632909057,0.34291048847420214,0
0.11027737046973318,0.1346585300772113,1
0.6547074196415177,0.43000664049860204,0
0.41874314531394774,0.2822357286490982,1
0.5975817116218292,0.37426104142951633,0
0.7784775605128925,0.8374938800697627,1
0.7602415003886411,0.2947693929882613,0
0.7019636011877305,0.2232118987353784,1
0.5442726581671024,0.5396465982137691,0
0.10083661466457017,0.674488255790878,1
0.7442354969688459,0.30808857473280093,0
0.5526386826548262,0.9700878321957087,1
0.9789642836967182,0.26234644692801923,0
0.28079920688235493,0.93679186736348,1
0.6161085478500287,0.5847434982498145,0
0.7746124423241169,0.7972932503335755,1
0.6960452946545479,0.5501274272141913,0
0.06857402156747072,0.6401372736420333,1
0.6802064393197255,0.5192927862593079,0
0.3627136321119514,0.09879259907134619,1
0.9806874278644242,0.01229027773241509,0
0.06484355587360746,0.3234610725761369,1
0.8660760177750029,0.3599149589827223,0
0.0252429466483155,0.9978894494871143,1
0.8874464113485828,0.9826043269432218,0
0.588199525489385,0.09540523195006345,1
0.6527677136837852,0.5170287515705182,0
0.011388117324806601,0.17581221913689604,1
0.7262079900797676,0.6790911059781545,0
0.510671818577793,0.85854991442032,1
0.982726218094546,0.40361672306762963,0
0.3278603620573377,0.8370254745385973,1
0.9928727590540738,0.06777052791920035,0
0.12621734258044892,0.19334142414221567,1
0.998391538239398,0.2604864795091927,0
0.034192101637562144,0.1578907921939292,1
0.7374875262388879,0.2972383315404009,0
0.03320574653105579,0.19046779610927134,1
0.9459575299660309,0.08504135609117813,0
0.16894068557161201,0.24868398146766446,1
0.989289110062023,0.2717656232714628,0
0.08199268484340427,0.19586105404263465,1
0.799724457632759,0.7619542073196549,0
0.27167401207258346,0.9456640661311623,1
0.6868091610929175,0.5495778212762314,0
0.26299348495775876,0.6892795954798085,1
0.2491165569451157,0.46871776556241007,0
0.5287714408050895,0.9593870132683315,1
0.7290947260117723,0.5508689867105325,0
0.24423088548583027,0.6865140391415453,1
0.6281887612704746,0.6627420086846005,0
0.41014909987318937,0.2704938066647232,1
0.9014363918907167,0.5460872063565907,0
0.2700307056690672,0.11127801649751679,1
0.8603038501614484,0.9768384807807668,0
0.12891631006500126,0.33484336556339434,1
0.8731724383036548,0.5465148459411279,0
0.34129355505015657,0.15140116412818705,1
0.8630834352165105,0.513161231145416,0
0.20200353536829574,0.9220221889571392,1
0.9911081089118191,0.6611156207968885,0
0.4651372222374527,0.2669083566603824,1
0.5353305300642847,0.6660584841834619,0
0.35234020619077844,0.841093843969638,1
0.9197820898749068,0.36221065851708967,0
0.0803447683983004,0.07660655800749239,1
0.5542535912547928,0.4060225042565263,0
0.1089174448055168,0.9095348320881239,1
0.8012835366748667,0.556786989994721,0
0.10894238170781922,0.23039581780483476,1
0.3152032442833782,0.4525042029663341,0
0.18903002491442034,0.5186268364424281,1
0.6500090485417691,0.5573838305595149,0
0.34943515051733465,0.1229210936485472,1
0.8238568934683689,0.805991221913379,0
0.14686967443354737,0.22209008142620656,1
0.782270092359472,0.254244948169689,0
0.36142419874280174,0.19039513133760078,1
0.4091382383340696,0.4775019679985647,0
0.285053383046578,0.9622317642784844,1
0.8144747304129264,0.25660945572501526,0
0.40684980290729533,0.15624000859920362,1
0.8527638245696917,0.8797952552266162,0
0.5911665462725754,0.8314974682838137,1
0.9164133768086155,0.5238326793922419,0
0.41228283126330767,0.8878347669743593,1
0.4422213181482324,0.4828611323288534,0
0.40314950463846155,0.36067236780788825,1
0.9335266763044521,0.5487572522794515,0
0.0007152772851242162,0.9895250086053908,1
0.9535638373972297,0.5863801388520333,0
0.5296925265972474,0.7840870485641477,1
0.8775995991423001,0.44155202519088554,0
0.7105398606311725,0.8791220278957936,1
0.7028009313090244,0.2809370816165915,0
0.14891104007588196,0.8318595683656873,1
0.927588147881649,0.4096786561974227,0
0.5864914434137524,0.2734500909169756,1
0.9745869680020774,0.38127712271575376,0
0.6267413784323631,0.8988274860642731,1
0.7882216948554304,0.009143710074430156,0
0.2687644464614146,0.6901652257285674,1
0.8867149673265763,0.05464889316421451,0
0.3197523226062402,0.9102109389174499,1
0.9835938625901065,0.7362609747517174,0
0.19589407097686395,0.7407377212484505,1
0.9245830924668031,0.8716114877718875,0
0.04874892632233663,0.5152622185030113,1
0.8556856513939324,0.028713521324072455,0
0.5390829537959966,0.2368416839667018,1
0.8264743841744461,0.09571665381623129,0
0.5862006823534696,0.7738481205013381,1
0.7514873702449808,0.01597355482758589,0
0.07504743642699396,0.5258799331314955,1
0.6065829558709753,0.6399032686858966,0
0.7495234138354203,0.11216970751251376,1
0.6209153851625062,0.4974537501230607,0
0.006114698986179556,0.3403726365942731,1
0.45427154041847106,0.5767326689746357,0
0.6357550533023134,0.90192728836716,1
0.7389544813834342,0.07931377216392799,0
0.2735065241341982,0.7267996788458992,1
0.8510867882013223,0.6014525726133253,0
0.28722064714606954,0.8933367857720708,1
0.8976745714542873,0.9539518647750979,0
0.17520350014318875,0.08075536383345827,1
0.3191009386716458,0.47635133480692016,0
0.5705569526554236,0.22474459916544975,1
0.6184484650494741,0.3282266989936613,0
0.06065293258038551,0.13660187941281865,1
0.33295332424898183,0.5923159104085598,0
0.4185332416362312,0.04023419806257056,1
0.9739916220615522,0.30706369782299703,0
0.7724526330647985,0.8244068330215273,1
0.9807105485297616,0.6948207754486663,0
0.5358613342147519,0.7967356577650846,1
0.6593073554336026,0.41524278149099014,0
0.1331075836560014,0.2540789504633514,1
0.7867226278686495,0.7900350338050716,0
0.1379655447532928,0.23242264532619816,1
0.6814357432369047,0.3744865674902812,0
0.43856824799451977,0.32383580501194187,1
0.8424222927432361,0.35700838600538,0
0.21149203167431818,0.6089146127801482,1
0.8317208704585042,0.023089465710522172,0
0.16327824565470628,0.18340675263102935,1
0.9197709888877214,0.5589343623852077,0
0.34584431461663157,0.12200918325389365,1
0.8319401443589799,0.21028759533224783,0
0.6834374327323589,0.1911311171593547,1
0.44468201776479954,0.6154941172046648,0
0.4031103946618254,0.6577535225362322,1
0.9636097532767465,0.6991925430055258,0
0.08088841046880724,0.5806457004534828,1
0.6608004657380587,0.9655567673999584,0
0.5229856002961889,0.059300368722587704,1
0.748835089071008,0.09969337481641194,0
0.3839324097597965,0.179898580762896,1
0.6291106209663122,0.5220602746941967,0
0.4466549088306686,0.23323636035010842,1
0.43053704410984295,0.6253918249473017,0
0.47612043482431987,0.9975003828438034,1
0.7176646892283389,0.4918496411898856,0
0.39367682782267477,0.9169128815334263,1
0.9009716292664444,0.7492410879746966,0
0.04547404108589981,0.012695273202786739,1
0.5020454642136866,0.5971820085283003,0
0.14250794189893068,0.627298861257575,1
0.8391994751575121,0.7554455827761775,0
0.642772055901708,0.7878281753819152,1
0.6005654788710771,0.46631808394425034,0
0.705956145684936,0.13506049771901107,1
0.7643955884233649,0.7613854635532662,0
0.16979841054424794,0.20048713477914315,1
0.9336261437324502,0.5684883250795443,0
0.1735065163517231,0.5652370324042357,1
0.583327752029938,0.42206698760692274,0
0.1986681462831359,0.48261858668961966,1
0.7231271536016779,0.9421491541054642,0
0.010377304910864193,0.4711421692912019,1
0.8715518313134683,0.8363743564208984,0
0.4400432192303608,0.1742491867616237,1
0.8583340438886147,0.5795798199042885,0
0.7863947583368425,0.8191438950256177,1
0.714236589786205,0.3657005357167975,0
0.41575284463086104,0.6632859154387428,1
0.8820380310267505,0.5936441081554514,0
0.1244774376832487,0.058940581041824425,1
0.6079198482413313,0.0072242658650248925,0
0.5701295090755172,0.25594446831036677,1
0.9681678590017484,0.2782734063109402,0
0.5666044183910424,0.15548470713444806,1
0.8322403553013408,0.27465375465508834,0
0.17623399486335167,0.12454663564023605,1
0.9774242828889411,0.8039603160059283,0
0.413914737075332,0.7572653044305853,1
0.8234342204153704,0.9946697318661764,0
0.6155503488567713,0.8538127440378876,1
0.7512039968305543,0.4851374125179826,0
0.2368010687683776,0.7703698623234766,1
0.3352201385206941,0.5541286204060127,0
0.7693715039561093,0.8305764895085109,1
0.47683773893433024,0.52838018282382,0
0.16318478364441258,0.5524194542894656,1
0.9030384601939045,0.7779487267761946,0
0.5929925938377744,0.06236527106485601,1
0.9604388679809854,0.5331783838259854,0
0.4533912309909993,0.7412731200806537,1
0.8398965366367176,0.7002893257179748,0
0.0550948084524534,0.40043785264925635,1
0.5174732879495005,0.3711155175851303,0
0.1694403235541283,0.7476932272280057,1
0.8403187507902193,0.28128714097521756,0
0.11703668595052397,0.27148155539099394,1
0.8519174092597901,0.13397905594934223,0
0.1688368499162901,0.30718187911370887,1
0.604272523628273,0.6810586210479372,0
0.27287273431518355,0.36518102365591154,1
0.4202560124587291,0.43972009002328516,0
0.18858887898031884,0.44731602301375684,1
0.8987782360199192,0.16503766697136157,0
0.261722456023999,0.941919235292264,1
0.5210123527387789,0.39951290839670583,0
0.3534433340868064,0.2049170981959202,1
0.7022610004809411,0.4907528046500286,0
0.29245526277954004,0.1728219245718966,1
0.8524945531240647,0.052824175314146404,0
0.13172525226618603,0.2736756300443749,1
0.8371666691891388,0.22682957730307296,0
0.569057585051939,0.8394999470332268,1
0.7638905304061827,0.7640641457350658,0
0.023279537056297595,0.2748809586921086,1
0.2634192228594038,0.4582617084630688,0
0.22396923000569569,0.3445225499775516,1
0.5427772181109676,0.5398822823427613,0
0.0665677025601139,0.5776242711337345,1
0.7683291862065895,0.2747271068615945,0
0.7172239406602663,0.23313412391727806,1
0.9784103232621543,0.3971594854222319,0
0.45490475925243967,0.09564552469307752,1
0.532800358699677,0.37047824187543565,0
0.3463054272506939,0.30647675664741103,1
0.8765669273650515,0.4040927601786988,0
0.2654119505760988,0.12033877169113161,1
0.7661490827774156,0.49259864998138403,0
0.31889300542455024,0.6390474155129893,1
0.2789288493366465,0.4365076293842086,0
0.1605004223461739,0.8321279630631383,1
0.9505238759744346,0.9494331602708842,0
0.7693285463915075,0.8787036151983975,1
0.6306802017249294,0.6763672374794288,0
0.0654794371364451,0.560015157626627,1
0.8527693472522075,0.4538643985701488,0
0.16015647634019892,0.07558947852302278,1
0.9283654277008939,0.007891328830706423,0
0.25355482290728215,0.6010451553304732,1
0.33020798178810495,0.5350188745660271,0
0.037711001929226384,0.10056451512031694,1
0.6438537514244304,0.33087007839085547,0
0.1734534100952625,0.5485293759304268,1
0.8996017344814303,0.3865758735955511,0
0.10167385717916455,0.7907077097663063,1
0.9522846306015034,0.31684563387680764,0
0.3444877195743764,0.8070481327708139,1
0.9951815692950128,0.6490728839622233,0
0.07716616897519535,0.2319553463666323,1
0.7721616599904417,0.7458974828860794,0
0.2806833857309443,0.2615378848475022,1
0.6362550132883361,0.29013123278094977,0
0.15322322645561748,0.9049595975128154,1
0.748949777334877,0.24720221550568822,0
0.09454098521520049,0.3632473683676827,1
0.7775878497293971,0.44693987001586966,0
0.06166348041862579,0.19751809927680064,1
0.9726824081874171,0.18273023010520484,0
0.30865263846948376,0.8678644992423279,1
0.7943162549246079,0.11490968069620788,0
0.14160154814064607,0.33977984274062556,1
0.817575819792756,0.6106675494704685,0
0.008455007777498413,0.17296770601910316,1
0.9098756654563626,0.39733056202931405,0
0.31664613401625574,0.6143716669585753,1
0.9695062521328842,0.017768190520588423,0
0.06492588079767747,0.35536480143926596,1
0.49008601725749246,0.3515383035305223,0
0.4268554251213388,0.1049898746015353,1
0.6882913384799492,0.6287296411450406,0
0.46021791899447906,0.005633127410278882,1
0.8320779740446996,0.8227626685385745,0
0.15577561995887512,0.12949173718988238,1
0.674191673688039,0.29476077329281847,0
0.660436707330204,0.8325785834313518,1
0.6537138737821107,0.6248925302862578,0
0.7906346887500395,0.14065075633759594,1
0.9859723861947313,0.9923347437239617,0
0.16371911429104824,0.0019964428150226476,1
0.4459169517747351,0.4553954321432432,0
0.3261100509567888,0.7419970146621304,1
0.5125624769043717,0.3802938269730839,0
0.3699010935077217,0.027185750792024344,1
0.8539694671195839,0.21882990897788412,0
0.3490243283511735,0.8547079932019792,1
0.7189458704913436,0.017858540725766314,0
0.2535738532841326,0.8206388659201372,1
0.7843746491143134,0.008263173996912565,0
0.5512876043001804,0.7135257438234274,1
0.7525695187712521,0.7193624041584287,0
0.3173382468763404,0.04991431501485033,1
0.7934758706649153,0.5959571190351994,0
0.16208609706062627,0.4361989727610168,1
0.8570043141260614,0.2742710938271796,0
0.1796073029065165,0.9925239077602857,1
0.5710851883011513,0.02411637203144079,0
0.258913716310175,0.10997978286237098,1
0.514018833397064,0.3985425565179579,0
0.2345972564343325,0.1433194479456742,1
0.9481844029137156,0.8161188062284378,0
0.157221689322532,0.6665176126964683,1
0.7746966283887465,0.7806610261090319,0
0.6346487234842305,0.2349872338734209,1
0.8406520588296001,0.315439859451246,0
0.05697662358204614,0.9228225640871619,1
0.836986264800156,0.5690400079377887,0
0.4121949550536641,0.9580700146952769,1
0.43128761310773966,0.5920291806293881,0
0.7504728748733427,0.17457860604798903,1
0.6735479526381253,0.4227831300626006,0
0.4999716460361493,0.11186519129167316,1
0.8051723180020176,0.05491451068921405,0
0.5872593005583078,0.10391026221952304,1
0.8260230288618603,0.3608984865462005,0
0.25107109606476496,0.9541432342916546,1
0.8897830608226938,0.28455092085625955,0
0.043926837042697064,0.6396555136373581,1
0.604390055220767,0.5237407426237702,0
0.7370331630469535,0.782107037752598,1
0.9624452200164669,0.7726949839521513,0
0.45278064905634985,0.32168382466271095,1
0.740411400978472,0.5578039232370227,0
0.4587000634213295,0.17055031811787258,1
0.9367003027305238,0.4173930577812738,0
0.2929214630747027,0.04756780067833444,1
0.2851813725656617,0.4731709247004995,0
0.32262666844276844,0.6338258468560641,1
0.9820472846681206,0.45556690239735176,0
0.15761082559357453,0.3153814022475757,1
0.9849373525176897,0.9913281889909357,0
0.43567312429774796,0.27014403807057163,1
0.4680263695728476,0.6226156802279043,0
0.6936967713033798,0.1405706219318762,1
0.7401179127679306,0.47621120226538116,0
0.536394842051536,0.824609456965385,1
0.8839581956028298,0.29159549870278534,0
0.09284702527078947,0.6536937597301982,1
0.6950720255209067,0.5339446162031612,0
0.06936470977026599,0.1040417433819033,1
0.6592431723884462,0.7085618374672857,0
0.5290906183903034,0.3151690948896553,1
0.838379822847147,0.0957980399916667,0
0.493466537064984,0.9647373838710283,1
0.7953717238807018,0.26700136452492174,0
0.09606179378341695,0.283077766516018,1
0.6908578436810505,0.06645482908022649,0
0.3179562271736198,0.9623003047869669,1
0.9454142599706825,0.8735702482103876,0
0.0772410371322313,0.35179316743467937,1
0.6188688022947499,0.36229878641436974,0
0.18621196001568185,0.3436066699436541,1
0.9362368273422793,0.6332731711364794,0
0.6856756798974318,0.20775099400248342,1
0.4575910983642665,0.6104283057377998,0
0.2120692844256622,0.12250494153208769,1
0.9985752020827752,0.35031281578816065,0
0.1752580384717517,0.38683117139541323,1
0.24631314494564227,0.508807737555363,0
0.46782385709817176,0.9181079086270328,1
0.8576173711185674,0.9543138553281112,0
0.22994121727770356,0.11938810838863179,1
0.9828893163512299,0.5869948396940137,0
0.07425235657361784,0.565989514670711,1
0.8654512082037321,0.25822222457034094,0
0.6210721951581653,0.9511134579567452,1
0.9430326779943874,0.26150688064289374,0
0.513991392755867,0.09021875190391548,1
0.9920688234869087,0.41526069208038474,0
0.14007815663021583,0.25693579884085316,1
0.46499179809836955,0.6435689421718683,0
0.05492108589386524,0.17246029944511154,1
0.9073674041854316,0.5636727306800137,0
0.562371043294462,0.22434457332693936,1
0.8278219049028945,0.4295648158010391,0
0.493522186133868,0.11372642146230527,1
0.97018069439046,0.4423144859526045,0
0.6791442534427101,0.19756673879242914,1
0.5707844727213515,0.3839249295662006,0
0.11767562202411963,0.22082839251137698,1
0.5323047580959678,0.3798331741140417,0
0.4587727269844941,0.10104706819954556,1
0.9009253277363549,0.758276526290041,0
0.6843620962124237,0.11868009687884906,1
0.8916508899600569,0.5396002816639024,0
0.6714540029705303,0.930949054282373,1
0.8910739887775713,0.07377198489424497,0
0.08370528606679362,0.4689781750357388,1
0.7777887398253549,0.07284116099587268,0
0.3116161159560572,0.7115241880252594,1
0.8215480502493148,0.7059125380917661,0
0.6113264227249064,0.7346607157561679,1
0.9499802786692075,0.7472297863214215,0
0.4593075797757077,0.6611080389517966,1
0.6701181652359686,0.3697539045584032,0
0.1265914911959225,0.7457631828924226,1
0.6255507891682999,0.6484137126231303,0
0.3722399294661646,0.014847425600096997,1
0.5112947972600217,0.3647630494237034,0
0.28005222777345773,0.17158012534102507,1
0.7559785105571575,0.5136776281375823,0
0.3529950933638325,0.716649025205048,1
0.9352258713727553,0.9974382000342455,0
0.25036654070338404,0.8230743560670243,1
0.9961445843423101,0.002339268714661835,0
0.7041961168049657,0.19051789072631664,1
0.9328147694322635,0.5016287337190442,0
0.4989574610973838,0.9055831261424143,1
0.9498210319136615,0.9221426123462864,0
0.2295146873029813,0.10474468024119854,1
0.8897697729737848,0.320334832015036,0
0.18026913496430064,0.34623456594284063,1
0.2822897719176597,0.5794575063153561,0
0.29497476990995664,0.20501837596331574,1
0.8408305851528707,0.7360566617634483,0
0.16388106353445053,0.9828417812758462,1
0.5262949324766636,0.49406248950016807,0
0.6935414185428221,0.17931965760427715,1
0.8210714958030191,0.6861603190499375,0
0.05141193480020223,0.8576034944636728,1
0.9665065523010514,0.48860243068819054,0
0.30109374611479334,0.3057964084402517,1
0.8333910916617144,0.9844341373176151,0
0.29563948988998145,0.920148757627755,1
0.7141020191256746,0.43401811131087564,0
0.24028113822717645,0.028544209112328023,1
0.8881370009611007,0.9072537979490325,0
0.4416030532812045,0.9733527133103507,1
0.9904410481718766,0.058904492448673906,0
0.4090172717124797,0.24189532400556368,1
0.7748723542442493,0.5786982282999041,0
0.30883594088249944,0.7229561853017576,1
0.9346262456490402,0.2814273289463395,0
0.36711486096693,0.8231629003561691,1
0.861392882669636,0.8075210473883259,0
0.17751843275636026,0.6210652259055933,1
0.7190832024699535,0.5054055526339426,0
0.03567479794973982,0.9584814031094854,1
0.9385075045379412,0.019944259929959185,0
0.7520656350596225,0.7805486935492331,1
0.8327064862974712,0.1987271636960002,0
0.5252429215236375,0.13131243186541253,1
0.9898510765249163,0.7337066715663478,0
0.3978559687635468,0.14561074396406026,1
0.7973486377970579,0.6982322636937669,0
0.41177759752818366,0.987513902819273,1
0.7608338159404346,0.9311156535216316,0
0.06963219987944269,0.8380970065186419,1
0.9081625820061686,0.9231564351409831,0
0.3476402903515168,0.14903663720879812,1
0.8747098638216929,0.6010507996545901,0
0.3224526606142242,0.9319572251258788,1
0.7035485009628382,0.30975716134122233,0
0.29390141844415396,0.33362440579843566,1
0.42369724331156444,0.5441297664318566,0
0.10048390257326123,0.8463338501566382,1
0.9448749025875466,0.8450752417361018,0
0.10394536287837886,0.6111412761164681,1
0.9094227298039593,0.6500191213096654,0
0.19571446132295955,0.3969524004558669,1
0.6345184369841513,0.3429107101925051,0
0.14722200757394244,0.983693494694942,1
0.8621164285680153,0.3537529080598496,0
0.22234872389165183,0.6096944841474818,1
0.9006026283185183,0.7400384160472638,0
0.05878692115265105,0.8196714670288822,1
0.9077626561670804,0.4436003684234926,0
0.1728011004173049,0.7073869000933154,1
0.8616223601119969,0.6026861636273171,0
0.2791736292187553,0.6534006586373333,1
0.35188840549649747,0.4957710856621911,0
0.6422762140488426,0.24440150167590668,1
0.9083291362663966,0.19904420142916213,0
0.09612062402093224,0.18588283609102063,1
0.6423791475789032,0.6244268917945568,0
0.29189329371891815,0.2642610123402228,1
0.8241761505726047,0.12236460213900602,0
0.5805116750056388,0.785203040241482,1
0.30051741775268037,0.4229137162270856,0
0.36837969313448693,0.8414258985295947,1
0.9218074743860176,0.9236040644738457,0
0.22719855298935643,0.1149445055476438,1
0.5072198237295041,0.36558253535717866,0
0.0016855559493678118,0.9157068011970275,1
0.9374705116853848,0.19958274677566634,0
0.3280228032954893,0.17878892863598317,1
0.6377599827454274,0.3594701290426231,0
0.24434330998430331,0.2533944608030402,1
0.6065602934811595,0.6102347367105969,0
0.28406237124314004,0.7494625560605406,1
0.3174540769319807,0.42827935510595794,0
0.566772064518767,0.29261496072882065,1
0.5958438762449011,0.308682212222705,0
0.2870596353563556,0.9417712816766707,1
0.8555517598097646,0.508233791686594,0
0.3338966800842611,0.23863488433560354,1
0.9165199551218449,0.6385580876951112,0
0.10999462657945103,0.46886649605653596,1
0.8287925928143438,0.7821836554120731,0
0.7306568402818812,0.810193422734535,1
0.7025452192637249,0.5746224411283459,0
0.5451786355599928,0.13107321377176462,1
0.6681530091090808,0.6349827730190155,0
0.12105464480725636,0.6243928360673279,1
0.5465096123669297,0.5464402253231153,0
0.36717026835789635,0.3377228171439014,1
0.7171499342641933,0.44240833732331786,0
0.3626594532351436,0.0739915641026826,1
0.9028306841509774,0.725110056460629,0
0.4969913452598945,0.05204560792373658,1
0.7703276197002631,0.6295523916606854,0
0.0896220145450396,0.7493948659907047,1
0.9935760345810093,0.08793466486144608,0
0.32759970580148756,0.6138793349456673,1
0.6324972403648499,0.9806785155295145,0
0.11078084075672645,0.4804124071200552,1
0.734827001380375,0.5542190224865151,0
0.23394659593321598,0.9691135256272383,1
0.4271625115824642,0.46741422016221346,0
0.32972409641509703,0.789874129265051,1
0.7294111104081304,0.7354079701856233,0
0.2742062706101175,0.7671097853449429,1
0.6950760060539013,0.491787672393163,0
0.06867492439028222,0.580772196635088,1
0.79507006728123,0.9151793597345498,0
0.24489076232324192,0.666225978039624,1
0.7429256205173621,0.4158718045978589,0
0.49745403452214587,0.25269881483058665,1
0.9133512139027584,0.1824044709249686,0
0.414485493442562,0.22724382062017656,1
0.5400096724785113,0.39486631852889975,0
0.28181353709496026,0.25610048904294447,1
0.8293250918520775,0.029731831945421394,0
0.45876075045531806,0.18671430910900932,1
0.9942322175135172,0.4966270547616082,0
0.4651402800610591,0.8194531388874245,1
0.7337232344016424,0.6994232479790788,0
0.11645641815585461,0.2993572263728208,1
0.6229521855636877,0.6569365486246225,0
0.02962986218050956,0.6431315310347301,1
0.5683977834527945,0.5135906762844766,0
0.6627255087945381,0.075626621538318,1
0.43615944317929045,0.4911082047017541,0
0.24903626677965862,0.8548940597716954,1
0.7176944681902252,0.5893750945063624,0
0.28511773635423665,0.9476739179372269,1
0.4068551329773674,0.43348272081563355,0
0.06666664636367248,0.614946962875275,1
0.8992099658449202,0.05805691784915645,0
0.14936619785505667,0.22422956688146867,1
0.9473714915568473,0.6278148560400999,0
0.2619024168811803,0.316662729897078,1
0.554693502763698,0.5365585160320835,0
0.4935976328884516,0.17946922947483768,1
0.7559447498482652,0.7002880890893179,0
0.4029518129648265,0.8674363529057101,1
0.8199274766311194,0.4751318889194681,0
0.07125904171479525,0.43519354399590704,1
0.9521215659568975,0.26669312486723373,0
0.7626593972760247,0.8189672593402779,1
0.9457779380181327,0.5651307279756907,0
0.10883565546642027,0.9579923607970066,1
0.4460784159115939,0.42018832980402243,0
0.08988831499723426,0.019557821954980792,1
0.691362031682427,0.005486310950908457,0
0.43554714211918333,0.9189696633044866,1
0.831496664804099,0.13092421959942624,0
0.1633292869978885,0.04334156943866929,1
0.7484475374876519,0.5009597881354767,0
0.729846057516538,0.14650759641928812,1
0.609503039027668,0.7017930810677022,0
0.044700993267896894,0.5164084876458523,1
0.6651027575249232,0.9461726585508149,0
0.3214056730298176,0.22846160433608875,1
0.9668985635696707,0.6820421421813956,0
0.6546980081519742,0.21287057041850999,1
0.5225894893823337,0.3714570025614312,0
0.7484843923644384,0.8738929195272296,1
0.8954324284433358,0.9962946231014422,0
0.7050164803270259,0.136907098468957,1
0.4660327834320318,0.40756558668515974,0
0.34515186574647283,0.7170523830496526,1
0.9599599907689449,0.7249312963059608,0
0.3418983483882396,0.8286847035052991,1
0.9469156762839671,0.5534563832773811,0
0.13922972886971696,0.24608625193800437,1
0.8466841118250025,0.992254415885623,0
0.10285896447518805,0.8034431104993691,1
0.5740575189655855,0.6360166484588872,0
0.42236790728576445,0.9176313392013639,1
0.9102286615054062,0.14990941040513606,0
0.11057702261181457,0.42752892317428615,1
0.8964261668507922,0.4344128572678553,0
0.41450538395334857,0.3115171037809039,1
0.9260960923445524,0.657471115698606,0
0.5572796446625192,0.16417398013926277,1
0.28403000405400736,0.5786536203188725,0
0.254666021918606,0.8878942710486871,1
0.3286823400585398,0.47987265494686615,0
0.5210856786007219,0.7693401581331324,1
0.48818720418266137,0.5477066210872804,0
0.6600613391548611,0.8158410530404864,1
0.9290447846584192,0.6051944551648799,0
0.06166956372888621,0.8507738535180516,1
0.8697829517314508,0.6438090553413823,0
0.05996252660367363,0.39582446013304595,1
0.6653487263331033,0.59751998105145,0
0.49764201552214615,0.9377753321872239,1
0.914101775814515,0.5656544415677532,0
0.10973891521983592,0.08824727568267143,1
0.7840780318351311,0.3370040806318436,0
0.5393782644653692,0.9156617176085691,1
0.30737357831449075,0.550974299352932,0
0.18409694379401897,0.0827871684580348,1
0.6101760169536609,0.9606487305773687,0
0.2341000001547534,0.03019134517902744,1
0.5230513727727982,0.6629857067018227,0
0.2222430205201643,0.8309830375853261,1
0.726273479198248,0.4067285757700747,0
0.21373599140961763,0.947916009693884,1
0.856301673362614,0.8042143949987923,0
0.6444468057595871,0.752645298233087,1
0.8486507658407465,0.07584799311312174,0
0.6221474222609934,0.05528449458957285,1
0.7989016857514011,0.9044431237893636,0
0.16880794974724989,0.857992136379058,1
0.9001112511008985,0.9581821474281627,0
0.3270323946946204,0.17041289415236205,1
0.8449881271985479,0.23019741167731889,0
0.572452966195266,0.26093773844974133,1
0.9727947582266239,0.5849985911639282,0
0.24063799464102686,0.6511494379181492,1
0.8873421337851167,0.7534781200700181,0
0.10570865497609438,0.10487945990672032,1
0.8529762913701755,0.6736169286719852,0
0.012092727678460813,0.49659334590853343,1
0.9812095140366998,0.5658733747532895,0
0.20054849990216828,0.9423523341965244,1
0.2989919184555143,0.5709507320053473,0
0.09244365804763965,0.6411373993021546,1
0.9127275665073632,0.7974302602067935,0
0.22970439418766464,0.6642720909393806,1
0.5308809891013168,0.5664542652613705,0
0.15504341915297748,0.9052558288933662,1
0.8095100376711428,0.9589396446963503,0
0.36912411917200305,0.7178698574191678,1
0.8080009078334418,0.3548501511361989,0
0.06836516500088385,0.07179210788186152,1
0.9599876986467829,0.5458663631142738,0
0.32413525441615765,0.3693857907467203,1
0.5917782056193118,0.5392739952604442,0
0.3431462654550287,0.9959794371396372,1
0.9633909171217252,0.36826516849732915,0
0.25412911460524645,0.414785832164967,1
0.9680479969431922,0.7497765019154133,0
0.04643279188090421,0.3026257587657345,1
0.27541183360224686,0.5189240680888466,0
0.6157760232293287,0.9189835465572826,1
0.9581541526350069,0.39015934635780647,0
0.1553539020077599,0.02376764997873193,1
0.8461131168756061,0.6536743854753073,0
0.026132088001963982,0.8598939286827123,1
0.5578595560386054,0.01471254831514579,0
0.07253274920531683,0.28709981571549825,1
0.598986071559309,0.3943299562336069,0
0.5239323108547319,0.23396884019149577,1
0.7853459036778532,0.7963373998977313,0
0.4392996851415564,0.042046377915985644,1
0.8067660949855615,0.8044997849705392,0
0.721854934672489,0.1060918491304994,1
0.9881393897584211,0.7683354938195456,0
0.6147336130342463,0.1955752386500994,1
0.8603347123714488,0.4405260425349199,0
0.07626963212737226,0.4564719580848239,1
0.7949355800662944,0.7748467623562828,0
0.04869818590677488,0.3709501215297477,1
0.8672965770979719,0.5087576998405834,0
0.44026354464340134,0.3345530141571418,1
0.49914259745504364,0.35838386977831116,0
0.5087950327070699,0.08115033037515307,1
0.8933370197177303,0.23973079257594188,0
0.08062618080188733,0.2686106294433932,1
0.7083331562634219,0.2581272534583956,0
0.08471541099033653,0.4250607423354067,1
0.6565785361122858,0.6558323158934,0
0.0780065863994509,0.2974735945378172,1
0.8850659387374383,0.9499867391224188,0
0.27280083162279123,0.9719309202589643,1
0.5458436089201694,0.42639500313761414,0
0.050861140704355545,0.3020455000254272,1
0.9472019696475725,0.15646059729751494,0
0.03990315746515294,0.28928620430067165,1
0.9835598477991798,0.6146658362052174,0
0.13782343926767981,0.19359361776715445,1
0.8050636865313514,0.25876042117062314,0
0.26240172627964786,0.6263664310581961,1
0.9534003310521042,0.4299194310418637,0
0.13476089717340245,0.26041261403562144,1
0.9657277135879831,0.6424206621437891,0
0.138254805738929,0.712175814433459,1
0.43211428660793927,0.40095573548938934,0
0.6377454297748447,0.152146260202787,1
0.8271967394305078,0.9065765305663724,0
0.03547182334983823,0.2814358874358889,1
0.7167140594537236,0.590724245367236,0
0.24509869663328032,0.7481390542322925,1
0.601821742415983,0.4054628067909969,0
0.5945469957562793,0.8711435643376229,1
0.6742378484671,0.7318530089522347,0
0.1470659100805527,0.6384319511604879,1
0.9393044966872034,0.5666310437468435,0
0.1997390827740927,0.8813019155698442,1
0.9499477305482616,0.6295624645034629,0
0.5918892895024627,0.04524117089662705,1
0.8841767264284776,0.9095082971485638,0
0.17000736365672486,0.4300944191573346,1
0.836215371315221,0.27516355271968684,0
0.5738122682480324,0.9637006878396343,1
0.7047226917350785,0.5778651044861381,0
0.2175185322324512,0.8618000802041615,1
0.4786261577403087,0.466430048810335,0
0.42461490733769125,0.9016326954827913,1
0.211326003278837,0.4769047686131114,0
0.23765936533698317,0.08349777521417012,1
0.7604299917047523,0.2581289502480767,0
0.12554288210716225,0.4710199221773418,1
0.6532882254056225,0.5601941613662945,0
0.027163456298421984,0.5059999848825947,1
0.8719305731637762,0.941295943483574,0
0.2199575683101953,0.16778753827956505,1
0.6579682133561756,0.31172048427924115,0
0.3335643368771096,0.08995791707687961,1
0.2554154478222527,0.4872240917815458,0
0.5124242620113394,0.14374679703067728,1
0.5216518307844307,0.524245748944231,0
0.4748174388808153,0.15413422646729213,1
0.729050655752512,0.5185511284312245,0
0.4560744476478532,0.230251306180016,1
0.976532634434528,0.16041394873912174,0
0.6611525289761546,0.8734173619299274,1
0.39270934367079613,0.4536996088137263,0
0.37690525929596186,0.695826814237972,1
0.8448811903048639,0.5849462045545769,0
0.5597493078103001,0.8336900472950902,1
0.9901331250918184,0.8348185987939153,0
0.7052187551630135,0.10962521100409284,1
0.8345192268204332,0.4350362070565811,0
0.7756461012080869,0.8494162059630745,1
0.3197736379953593,0.4080577119383455,0
0.2210529518616272,0.2052059664652447,1
0.4448818952658271,0.5993114626101703,0
0.6754386480938365,0.08490479507815785,1
0.7105662714061494,0.484491903075024,0
0.13796035821909058,0.6913169305725582,1
0.2912522732734405,0.5679785206419923,0
0.2389071133621582,0.09235213625423366,1
0.9622751307426346,0.7434112803714116,0
0.7969705576147496,0.8224670228327782,1
0.5980882393609196,0.47071964000707966,0
0.6198606637481271,0.17543542107858945,1
0.3817959024067624,0.5351815734079697,0
0.11296970443627485,0.18231783054216366,1
0.7680773815451374,0.9393458362295649,0
0.1717884658420522,0.8618738978694552,1
0.8384989915893191,0.7939680629324206,0
0.2389999001227764,0.8886983755358365,1
0.4263728561848298,0.6355709546154936,0
0.3295245443841974,0.7606523233115146,1
0.9458882364063811,0.404364135217011,0
0.7109473547557154,0.7597867242855826,1
0.8461761824189167,0.41718511953971105,0
0.425592803207297,0.20874573511600014,1
0.9986773729162514,0.32481382380601576,0
0.2933567928521288,0.4103431889203275,1
0.6680821210366142,0.43780233333524043,0
0.5234557905659396,0.2272888879037066,1
0.8017188462792398,0.8850212829419625,0
0.5138511635508062,0.21406452654749286,1
0.9281468122689629,0.9203486738671206,0
0.5392719567710659,0.20570659202671382,1
0.8083634369339522,0.3374672748418721,0
0.3456117090112648,0.9459310346181656,1
0.6967232991149935,0.4308052800124801,0
0.45287651733827383,0.863223566301215,1
0.9791060980636628,0.38495941386972643,0
0.11807969294833487,0.2072875688281246,1
0.8993073778641988,0.8161389811208148,0
0.6109034513026115,0.1575771347445436,1
0.8801249112171501,0.3982476496225147,0
0.30609824007489517,0.6558853247873178,1
0.9375008897484662,0.43990465907025966,0
0.07536312248054933,0.4182051161024307,1
0.9682850046473205,0.5527080340515451,0
0.2278833479166782,0.6041478449357799,1
0.7240681106653419,0.3102160810764685,0
0.26574136449172947,0.6202060012377505,1
0.40072774795025057,0.554738536709977,0
0.5723014283411308,0.2512528034005671,1
0.9510445202274525,0.3091940449381966,0
0.43239286327383064,0.808988167277714,1
0.90970960973701,0.1753816067382873,0
0.29990418581328426,0.618784131904738,1
0.9195588387784311,0.5173424195534096,0
0.4473676196070644,0.8975860770664147,1
0.8363878167410389,0.8657127339065065,0
0.16773252931921956,0.982734591577661,1
0.934938841512681,0.7748824024015092,0
0.3633868919806674,0.8045054746061193,1
0.8473968835718864,0.8630564683326611,0
0.6950445956191769,0.7964063156487381,1
0.8264076011157067,0.9526535702476717,0
0.4327892506907498,0.06397021625739752,1
0.6495414995536718,0.5160920369753709,0
0.6014230398197374,0.8035005669506808,1
0.41033660872055344,0.5292384568892871,0
0.28626378454771395,0.23696787742748848,1
0.48378420247403875,0.3485204594066871,0
0.3324039315001519,0.9341095288671634,1
0.2662290257995348,0.48797416322120635,0
0.29667439710977406,0.24532279581259475,1
0.9261167023444425,0.75313091914635,0
0.42367850219909053,0.2028619539096791,1
0.756361968931041,0.3135917352433527,0
0.6358205930716683,0.8944993417543694,1
0.7247210401260642,0.7281952476747122,0
0.4274872701650658,0.8523695233415559,1
0.8998494453759857,0.27961388902373274,0
0.2218653532245256,0.6660373667516876,1
0.5608937103887812,0.3796848836561282,0
0.29491604715539477,0.9497099096593509,1
0.7423470449628718,0.6915237958083396,0
0.29565202720489325,0.9144068424529909,1
0.9457540990791768,0.341756867328582,0
0.6259438333571439,0.9318673824567235,1
0.6622898955313914,0.029157302061605384,0
0.12108321100660902,0.3477677639211264,1
0.8186611088750128,0.13741362600998552,0
0.06012685749705882,0.5767357437098902,1
0.9403546630553499,0.7386979764720237,0
0.5564264392615661,0.9017761386854849,1
0.8408695505279742,0.6683030362699615,0
0.26291800608939553,0.7111460011793692,1
0.802844529282194,0.6234746826321121,0
0.48018383830230227,0.26650643747069724,1
0.942507087352457,0.3945320320686957,0
0.346113870625365,0.20321704357627646,1
0.4344525462414963,0.6364920736868744,0
0.011564065582503003,0.5704960482743013,1
0.7910602414295567,0.6707075327034396,0
0.010974973436548296,0.6141558873589974,1
0.8813008944414352,0.7400405467247901,0
0.13050108154409157,0.5925296649551659,1
0.9886050315257359,0.5999391679248793,0
0.3376411161143976,0.22670740953767132,1
0.5758134747658121,0.360132723845054,0
0.4522103325320711,0.6726512069531984,1
0.7702840713331143,0.7224180103541831,0
0.6590555193304362,0.7591291070577665,1
0.7525070411136616,0.592475544906828,0
0.24518608220054505,0.1192962249551428,1
0.9183385081160554,0.9117824614476467,0
0.6991681525166298,0.2453717658341802,1
0.5349285176030618,0.5532441339447649,0
0.05179902334365993,0.8747478234839432,1
0.9709151374173949,0.5757147873386308,0
0.37375045254345574,0.6546704214236265,1
0.8585777412026402,0.5077011238884804,0
0.10167876442251211,0.8450881865801715,1
0.5508367009969842,0.007874414080138559,0
0.7759001394175621,0.16307734010918862,1
0.5608237214276616,0.6574776799124613,0
0.062392881086560936,0.7588751551131037,1
0.658037186732985,0.6396841577064285,0
0.409759827420364,0.7007814836505265,1
0.4322882156978881,0.6102427946018817,0
0.3517316151991714,0.05924666108681864,1
0.7698108725295926,0.249038332134491,0
0.30718887195024713,0.13416449346124337,1
0.7863112951916512,0.2433086389020468,0
0.20910137303141652,0.8539159509381035,1
0.6598146929623041,0.42566865526802855,0
0.1981296794636631,0.6411370258026878,1
0.9227843445092221,0.09676329950202256,0
0.10344996718056887,0.20400712302090074,1
0.8876197029094791,0.9181740116190048,0
0.49098627524363025,0.7386721431022251,1
0.7091669814638727,0.9586861935472154,0
0.7189801831198229,0.8198957864072342,1
0.7570887119167531,0.2652076184879609,0
0.48129435142727184,0.1553481915882654,1
0.9170306944829691,0.24344425929361835,0
0.11371722223216352,0.507597558483958,1
0.8666859891587118,0.6003218495424852,0
0.322826441865244,0.3448560513164032,1
0.5260588924898912,0.5243371238709037,0
0.07070223697155364,0.1309361230404147,1
0.6555834377751328,0.49558920621532154,0
0.05670648750266416,0.5878071313964404,1
0.5475061491183896,0.5159712093364035,0
0.6335474354997643,0.860721243357158,1
0.45581972057412434,0.5461527157884674,0
0.15928232314092772,0.5161906144928231,1
0.8367559715283601,0.09445082734477117,0
0.1717671528056427,0.3025379523818389,1
0.8126305516197644,0.042843438261960576,0
0.11375211702595045,0.985816485424013,1
0.4689971279752436,0.6003454839309221,0
0.012555164842277367,0.3148564260304759,1
0.7124635698670434,0.3956253483597596,0
0.6746327205615125,0.879931609389414,1
0.9185340666386991,0.719655797950108,0
0.16819244399414135,0.8376245723635002,1
0.9862823724618974,0.00328134135196112,0
0.27888689139305,0.7281910655164162,1
0.5593234419519971,0.6421108907608348,0
0.053582888394394734,0.44921315178783805,1
0.8907614421760935,0.148021457898718,0
0.1650007080125998,0.5924116316231197,1
0.7048220925911132,0.27492754404423025,0
0.19867541805861788,0.5943463446986993,1
0.8430834739119814,0.3579067256009847,0
0.0846914222827333,0.38687207214911645,1
0.9790346850016775,0.7290041699934019,0
0.2809100091493333,0.22171640943333504,1
0.8588703421187388,0.16549559819479853,0
0.15340591190535147,0.5941963566619541,1
0.6985284113554432,0.34588421392960844,0
0.35277142090778135,0.6337668990423903,1
0.4785248539656486,0.3606092869104416,0
0.447585201557289,0.8978465488633096,1
0.8484539474220998,0.04795960825439649,0
0.1837438520801502,0.0901099370326035,1
0.5719353236668525,0.6089733330733837,0
0.06612672885558613,0.6366400782855669,1
0.8758175357636233,0.9482712604830368,0
0.5003861567577105,0.8832351011158185,1
0.9145354766139437,0.2654765912762217,0
0.6210849684195714,0.20609593847066332,1
0.8571315215937527,0.06469008285350064,0
0.24474364797424109,0.011113520540976918,1
0.805181745863789,0.4661953235009474,0
0.26571334773381505,0.9116825036863464,1
0.8035767483649096,0.6005402053765665,0
0.032440921264982214,0.044330211119234186,1
0.9613980773474351,0.017482394911440546,0
0.24060033408712056,0.8222980991475674,1
0.7678567962319373,0.34709633563182773,0
0.1383724992246842,0.13983036566920226,1
0.9278873779733305,0.7921090238838386,0
0.20130706473911775,0.9363500128834125,1
0.6531948024491157,0.6932843053869647,0
0.37577856802347254,0.7337799407601159,1
0.7999074930438455,0.932770619951389,0
0.5892887653829416,0.13931339833127943,1
0.665713233836611,0.3436480044764143,0
0.666990061513003,0.11509241084150779,1
0.6874987873899616,0.9916516224582161,0
0.7040837543121028,0.16078196405131395,1
0.3164807534946029,0.5204487317624262,0
0.49381598202915045,0.9742106222692495,1
0.7924693406571638,0.7608575596561791,0
0.691489391563416,0.7456536485074364,1
0.6836278748757388,0.6677562257622881,0
0.07735799153556533,0.9121097282906537,1
0.9619137045971289,0.7485604651517085,0
0.277441618994266,0.6632753937260739,1
0.858712007523752,0.5982286737605144,0
0.04436051805251895,0.9164511485883902,1
0.6085313399170171,0.010941462935659008,0
0.16903860983609398,0.4385151872584909,1
0.563558167465439,0.9805952703809608,0
0.5186175334640093,0.13298138055655662,1
0.5102842902195549,0.6365883717828507,0
0.3792460870171489,0.12788049890615472,1
0.8869904250035318,0.5290657990454172,0
0.41019490428522254,0.31959036537556385,1
0.8050119369360376,0.2944937913945921,0
0.5196966718865843,0.27320323715606065,1
0.8548770446525105,0.35680163822049205,0
0.29904672820517264,0.07622959356928838,1
0.8307486086842195,0.8345563179607255,0
0.10603462786623308,0.5082411551386973,1
0.531216926085645,0.4403173976076581,0
0.45578046798695726,0.6784964398118697,1
0.8857159009822863,0.2977032383112608,0
0.28994858205146756,0.246164107480212,1
0.9623229277877212,0.430778161126645,0
0.17154468844707615,0.3979434978275578,1
0.7471521277980401,0.24296231098089482,0
0.7775610691971521,0.1883043168826185,1
0.7062353583150796,0.9579726796404655,0
0.5922930371601726,0.9447822621458369,1
0.8247061479400556,0.8282150785491637,0
0.45814567490621405,0.0981926343784223,1
0.9293193983991231,0.29095838596018,0
0.5805702658610854,0.8912380956098888,1
0.6469437671307302,0.4920824006727923,0
0.4041689965269496,0.7288626254013872,1
0.6663518107013724,0.6451225702859146,0
0.5040971038994176,0.19978437444490993,1
0.595963404329483,0.4333722525960275,0
0.59478367954256,0.7768408985615862,1
0.6233116655126576,0.5263209209182268,0
0.3846984816804553,0.9759036142526318,1
0.8592079042791395,0.311442398993132,0
0.30273533668044106,0.9509670856880753,1
0.6026944956598547,0.3958088499054988,0
0.12640784936951155,0.06539554848703588,1
0.97217005302742,0.3750300279921701,0
0.39039063117227246,0.8886467155988228,1
0.934893111591362,0.32875701804746404,0
0.34288049144275845,0.8941546887193838,1
0.6663879512780135,0.27337207705191846,0
0.609656224746769,0.8086784402230734,1
0.8745705283737341,0.39919289960173543,0
0.037126284953770794,0.4300822112437236,1
0.9493374192626971,0.8562472641134751,0
0.7188576748662693,0.14388632422584025,1
0.405583958799567,0.5189909391688659,0
0.45255205112571995,0.11466524221088492,1
0.6735064045476595,0.3350738252325537,0
0.6515379071410005,0.8168083010639396,1
0.5939283492453731,0.5787963336254087,0
0.07119266074745534,0.6140197937000276,1
0.451841899491062,0.48527742025911025,0
0.1530393693665626,0.46973665650211105,1
0.9467856804069473,0.45494854123990847,0
0.047659749536105855,0.466854152412728,1
0.9224640178147768,0.8495801334828667,0
0.33260575618539356,0.8700493514790957,1
0.32247300808191615,0.5656539596315758,0
0.3678845680533317,0.31459739085535554,1
0.8159167164003357,0.713128614329728,0
0.628858541633094,0.07652908051091345,1
0.9224163029553317,0.2446987679408229,0
0.11218744394761715,0.6053461864395651,1
0.7390913231395787,0.7034811462203299,0
0.1507247222450051,0.11940734201010106,1
0.8895297549770752,0.8402260849391978,0
0.749331269129813,0.1408632171499593,1
0.5680897494862576,0.685550122911492,0
0.07764718274185889,0.6171999952531312,1
0.9121125031310182,0.6610876601164019,0
0.42279290314903406,0.957982874294677,1
0.7050056517307014,0.5740761450024264,0
0.537297540253319,0.07376812685495926,1
0.6670019060243282,0.9923044103198437,0
0.6366256147039896,0.11929361433513097,1
0.761437554254726,0.6662646398741496,0
0.6312668087051948,0.8039399443143138,1
0.9093323779143424,0.13956245232316877,0
0.0024488944732485862,0.053647126207200024,1
0.811000077049811,0.012074234695597874,0
0.04198346181869217,0.8047061471821559,1
0.8242090665755877,0.49815217618074425,0
0.13858573141477482,0.9739208970290367,1
0.4188021897257588,0.4691419156293155,0
0.43088033319145336,0.35031622739175716,1
0.8891564281382643,0.16202597732449564,0
0.31441633536329117,0.7708983695482899,1
0.7400827667966721,0.2897038540092258,0
0.4934461787108143,0.684831187642431,1
0.613802557618697,0.41609255364907827,0
0.4156176781277884,0.8396655391386249,1
0.8200766224421064,0.48086948259852236,0
0.7370323385250194,0.16188869558104124,1
0.7525433101892084,0.9444813874768511,0
0.06425606156631203,0.425864963558813,1
0.7027851827964796,0.2735253719058143,0
0.011617743201826625,0.3667292406662578,1
0.5031145923535559,0.5971582634715918,0
0.057701082255322445,0.8075294927141728,1
0.9512083217037387,0.11457710143789546,0
0.46261205999499033,0.9792529904099676,1
0.9938766129878733,0.48152326283256697,0
0.6719456064803004,0.9182360823087901,1
0.9822207363202731,0.5707906526260886,0
0.5645691101112462,0.8630244196389618,1
0.8413851661491327,0.2457677392182278,0
0.05435720039333025,0.7315951174410443,1
0.41449777339767135,0.48779766785077183,0
0.24225624583747585,0.8553033144620991,1
0.6361226122393144,0.6719904136987904,0
0.035386977265763564,0.9335312050852036,1
0.8363152716566815,0.2955771377958334,0
0.6234767822847762,0.8330554156558064,1
0.9885168607786753,0.3065250112957587,0
0.47316425727481515,0.3289124911743214,1
0.8920035993772986,0.0782574764873003,0
0.2289247349204142,0.2652911130607838,1
0.8646144408076882,0.4917688069915519,0
0.04029123642309973,0.04686197605734421,1
0.40220685100203857,0.5717513812383166,0
0.7135175934275554,0.7564299446387871,1
0.787453266211367,0.5351603088297425,0
0.44443924825806236,0.8165740849972561,1
0.9930511065897017,0.4228741056108746,0
0.27337985502457907,0.3036161270785087,1
0.8113350090639421,0.8981734710019544,0
0.49269300652291104,0.23482600210883475,1
0.6720536935704848,0.5439140592801481,0
0.03754069685861505,0.6243170086532444,1
0.9619141958251158,0.5523722796325466,0
0.45000635281126156,0.3255874601074431,1
0.8231375022635984,0.699872864964788,0
0.6459345783439854,0.16584166559780622,1
0.8012583983705814,0.5260395116567397,0
0.24846252802240287,0.7997335285741091,1
0.3457816304537994,0.565378311590038,0
0.26726115833924746,0.4222879347883777,1
0.7944251091709936,0.33072252132775926,0
0.12701080356330408,0.20963115681667133,1
0.5385767759855485,0.6510029218544092,0
0.7032954922392592,0.7992322875550892,1
0.5613075068692093,0.5366170293398617,0
0.1519412755452313,0.16621497644849237,1
0.6058673405977262,0.571285520180448,0
0.1297361662666111,0.9820521433702721,1
0.8868493735623669,0.9676122064703594,0
0.021751518000619363,0.5402027046570365,1
0.9462496696462681,0.9700430153575793,0
0.03698363358560419,0.007852942609702485,1
0.7808133299891132,0.6682314962838025,0
0.10266475916257212,0.05714155724353742,1
0.496464428244361,0.656852398528188,0
0.4130857292360519,0.05238761591013141,1
0.5915400494177432,0.3404380825952501,0
0.002369211659090209,0.8254627342962297,1
0.7874947097054504,0.8964760040766353,0
0.0030236360082489533,0.0631390971534338,1
0.4775787262761758,0.52212907148704,0
0.23580961670890177,0.2578822894630215,1
0.641389533684281,0.2819934028786629,0
0.025644527408223428,0.6889171348532996,1
0.8163529298131819,0.690492351094627,0
0.5270371382454447,0.09390006214003466,1
0.7644543794746174,0.4567964087511158,0
0.046491828187228856,0.9199462819292192,1
0.6682017109670563,0.38659132180618305,0
0.37068019683745956,0.30707106053027466,1
0.5899224269916472,0.006562850673419995,0
0.22168350748272825,0.11983226383612511,1
0.7369321574966771,0.905686339396159,0
0.24810338393484932,0.430655437605341,1
0.9883803966562155,0.20963174253080574,0
0.5581233554837881,0.7054889865026029,1
0.9395202906514996,0.7412014352938813,0
0.2249956492825511,0.02579993185707319,1
0.5645064713352403,0.014803567854263844,0
0.00020009521859265522,0.23567295033758728,1
0.8961329452733783,0.03403411865771522,0
0.17197539544948315,0.7489215397306717,1
0.7963077535725708,0.13704739143448508,0
0.05695636235771662,0.37459044113783435,1
0.3495905739737244,0.5643177237289597,0
0.20675835269451592,0.524994888099087,1
0.742768426216209,0.9106103660485731,0
0.6739433165401035,0.8980402455664461,1
0.8181774609664484,0.74289331560912,0
0.07787662449092592,0.2675258591245717,1
0.9412243113999332,0.5607939749506683,0
0.13583500844808571,0.4736742959828688,1
0.658349592668059,0.2840512070065221,0
0.5278097507993228,0.21554508310128384,1
0.3791732859568743,0.4341464522518169,0
0.5876501686916733,0.23195604519538227,1
0.7161300688464864,0.00454025903236821,0
0.08629405814368485,0.9420076418592844,1
0.5665070625517236,0.5348917111332836,0
0.035269006410154846,0.9124128021873632,1
0.953507432374514,0.9566989222994968,0
0.052325139877746896,0.5738995045613068,1
0.8316280548660555,0.3249632649693398,0
0.04828745476442475,0.6320696754754069,1
0.6319543587171879,0.6907572776913498,0
0.40445062718863056,0.7932238166895558,1
0.9402530961130714,0.19338134671029417,0
0.44424867656632183,0.10085248257731605,1
0.8984446871930273,0.7862195803945699,0
0.5085117498727487,0.023657615069767823,1
0.5386047115049457,0.6254471841469865,0
0.31108660256364984,0.0024695814899801105,1
0.8597413381331978,0.038704788641351295,0
0.5072365518261078,0.8723804861462576,1
0.8672710645554527,0.7110097090830046,0
0.590534278577251,0.07290409326924374,1
0.8644548126612304,0.9025337339027611,0
0.06373804207196254,0.4874471494936592,1
0.8074720517012599,0.5772934211987166,0
0.14413261853183357,0.4944062168528942,1
0.5201651009983652,0.5154584409139096,0
0.35978294850015746,0.08901736813924843,1
0.7138698114023182,0.5664029783543721,0
0.32149456033003565,0.9657184357156859,1
0.9934983704404958,0.0157318877033632,0
0.4642504615721115,0.8955971646213621,1
0.928489318358994,0.5598001855185636,0
0.08783299020840996,0.5531177052463253,1
0.3800536235575579,0.5628597643438005,0
0.08553105220581092,0.7461479880638958,1
0.6542343963975848,0.6861787505652773,0
0.2591222726221063,0.8681118605479187,1
0.5894684985793489,0.02969843832014718,0
0.10621814333975987,0.43737565800458855,1
0.8987514241626715,0.11170149840684707,0
0.07579259976556885,0.2964076137527898,1
0.8072741352116676,0.946429959556811,0
0.7703421067802414,0.7993676222732763,1
0.9876411216109939,0.13629720665707823,0
0.37154563420779907,0.21251643500830786,1
0.7290365243037451,0.7034339735992886,0
0.4908201658174276,0.17027836090474457,1
0.8229940234589536,0.45147548165530216,0
0.7177774373681582,0.8916273258699011,1
0.7595450629173757,0.08112252339611481,0
0.08719355317103394,0.5230872400889792,1
0.6484774090033057,0.503995870821699,0
0.05144111387225592,0.3546375816361885,1
0.9595309591584765,0.21972299919122917,0
0.3538691013822558,0.03910940795752316,1
0.8266854668055102,0.623394385828813,0
0.019671721781273743,0.32839861122522607,1
0.9152483755847698,0.751369097374988,0
0.5495370990261101,0.3136298382133793,1
0.697560821973043,0.6490249702322866,0
0.027561034450782507,0.43118978483345094,1
0.7822676308288051,0.08180049284812141,0
0.0130131385151524,0.1532895412349654,1
0.2944856189770251,0.5101239569069127,0
0.2846180019767143,0.018482322983989552,1
0.8818983313770103,0.3373696660034947,0
0.4017416123056704,0.08898124271507535,1
0.7492362362824923,0.2914773880203809,0
0.7023463773575966,0.1442019283824515,1
0.8242942346912545,0.6546319064069449,0
0.5790898722582102,0.23402422710936832,1
0.9756792949029972,0.21470682805809505,0
0.24038408018820934,0.15243060187792068,1
0.9915720036078736,0.617097612800336,0
0.031946809710181934,0.8041600284183499,1
0.36336546703193906,0.5674082458300845,0
0.10489238507258081,0.762177112519855,1
0.5459516727832168,0.6589357948915104,0
0.45849726280984127,0.26216254615669865,1
0.8517318150128257,0.5021424841454453,0
0.6991239278150664,0.0930313521148477,1
0.6762649688376176,0.977536750347757,0
0.45269354441634924,0.7213970756601471,1
0.9405168718396787,0.13653891632084947,0
0.3987958328637392,0.11978323036133876,1
0.5763588680463777,0.43955910688300737,0
0.21371754265223097,0.3943398228131185,1
0.42509567387295877,0.5154707999412776,0
0.5657400276107483,0.877260791967611,1
0.6467577297077927,0.6081061641720025,0
0.09576036342263994,0.09683171499669951,1
0.751657656161905,0.6810544961815496,0
0.3252001122293079,0.8768862372525309,1
0.734307492084221,0.6734280399448072,0
0.016059993281454243,0.14175277682198795,1
0.7621090212910562,0.7754195693664259,0
0.042328887901000534,0.3254578802441648,1
0.9829864018484431,0.9347309892415679,0
0.1299538755278825,0.9228646900013461,1
0.2769823644063659,0.4767819816313895,0
0.1226532865453619,0.7728976761203018,1
0.8600955668528983,0.12456146589631734,0
0.5320398965409673,0.2789328861558441,1
0.6099922100335896,0.3467628372324669,0
0.283425520408517,0.0506034899726695,1
0.876452275591415,0.11525586844302405,0
0.167749037530175,0.5535374093137879,1
0.8114215535961921,0.03540204023884752,0
0.10592729214596319,0.2931079948577401,1
0.8976495175004044,0.4222541563633403,0
0.013497377199652272,0.7677637542063265,1
0.723371762680971,0.38704901994740926,0
0.09743775502761887,0.48858838558454865,1
0.9442428145158398,0.6553871293598914,0
0.3599202060882457,0.050946039848384084,1
0.8352179933987178,0.7334946014780539,0
0.5287524569840557,0.23061909375245193,1
0.8271778869037878,0.15351168278258331,0
0.4329658051088563,0.309888090875442,1
0.29653331373418057,0.4271307778970891,0
0.2536363069346038,0.5826202555209896,1
0.840835156524855,0.6420326640914792,0
0.11563826014915568,0.099761996078222,1
0.6369179274146679,0.5263551952698196,0
0.34040848585565653,0.13904083543289325,1
0.9397217643138318,0.771627037287387,0
0.3259002082127652,0.719736739888032,1
0.9620731433513998,0.648382746173099,0
0.01061937874938712,0.8929830247731285,1
0.742562535611219,0.9201326377359139,0
0.11056726213380275,0.30463762751490675,1
0.7964223872835521,0.5985653233842829,0
0.29983854283693945,0.2562462235390839,1
0.7702854789795675,0.8904026790587187,0
0.10820767895569083,0.3172798091388004,1
0.4555174974869628,0.4673158785200324,0
0.6898802034735118,0.19766644621177354,1
0.6230490467727573,0.648570346616702,0
0.2260008401633068,0.8837030493478544,1
0.4253901944576943,0.5887710115992659,0
0.2476916234100821,0.39920737401064865,1
0.6576298337152109,0.3955804688601946,0
0.19744650998050195,0.3922113872384728,1
0.7782679665662827,0.31593180832981926,0
0.41755995250277045,0.023035261230800796,1
0.9443673629631876,0.4511126667340096,0
0.10712298528017572,0.1723645328567397,1
0.9135310072818137,0.46029024630385473,0
0.042256789019902374,0.07210061590168604,1
0.9912976191868107,0.7781132303039543,0
0.43128687950090494,0.1445363182776752,1
0.7980910692280442,0.3209785813717325,0
0.5222401057140652,0.6980548847544849,1
0.739869602481824,0.921531677744208,0
0.26665034852114566,0.6639399955019308,1
0.4962699191832225,0.5493327694866911,0
0.01916556920959389,0.06822694751655511,1
0.5205956975176877,0.5163253638703565,0
0.6494657593660109,0.812596539358718,1
0.9487595717491257,0.9450184091914033,0
0.15780264664488763,0.1152592196570772,1
0.7321646728936911,0.4410599399231836,0
0.13442873414395984,0.3861781413559713,1
0.3401802597505874,0.4162416295069321,0
0.5164244815819987,0.22986724006130432,1
0.8855229526625387,0.8297035578225597,0
0.515706327122793,0.32609768576628617,1
0.7481784925839833,0.9092475422232544,0
0.3650184099101803,0.834853635406917,1
0.39729232917808033,0.5229106697290887,0
0.09753028672841535,0.9840111430204275,1
0.7759763983217796,0.22000762478908664,0
0.09142182571118074,0.9932481840047579,1
0.78875609019047,0.9681191305220751,0
0.5369138786275256,0.043632911175347955,1
0.8606845680994735,0.490337954795945,0
0.6665723082825242,0.26720246343878606,1
0.8779712610754763,0.06626005082971431,0
0.5577767814246922,0.1804107722129269,1
0.8253177360238508,0.7507398618756685,0
0.7552170229763565,0.12218973706140146,1
0.6296587280878999,0.3827518836887336,0
0.20555497493875852,0.3913647197171952,1
0.7069865206155133,0.5541880714897068,0
0.3358633200373101,0.2568452966378767,1
0.8998390147289906,0.859356275898528,0
0.08904343133778803,0.33581043096221785,1
0.6317523587935571,0.9860300668257566,0
0.12303027733853844,0.38452451700601475,1
0.9885533145231905,0.7037219078143809,0
0.21186825032748835,0.4307422083402186,1
0.984637799729561,0.32525458279423103,0
0.504564819123377,0.706156822259543,1
0.8458001005137195,0.14824971445252821,0
0.023530776887549565,0.4591376574362589,1
0.9001341917146329,0.6452859826541758,0
0.41162204771824473,0.08115453100234638,1
0.6914766459332282,0.30193495179720975,0
0.11720429971356594,0.5197835501631365,1
0.7714163897800119,0.9643343770953442,0
0.29368241171042153,0.32662806495597796,1
0.4014410249761443,0.4403454208105916,0
0.22924607767548677,0.8522942490802021,1
0.719975708500707,0.08062148487282983,0
0.0765135523074606,0.42937088873029305,1
0.9907816446545105,0.11022144945466095,0
0.47364737613863206,0.6912019494031358,1
0.8673668116694392,0.15493071377786882,0
0.7514960593435543,0.830936813259093,1
0.6126231011838036,0.014605254407544122,0
0.35865740610409735,0.6335469964728454,1
0.886062357905718,0.9663324269632011,0
0.6984303571985417,0.14779916751307876,1
0.8760015139256896,0.9244756453828301,0
0.21584125897928697,0.2953370085963052,1
0.9133266169935296,0.38251451669954484,0
0.18076223248195877,0.41196915952326907,1
0.7652937069034743,0.27390183009669167,0
0.5750902567924374,0.8075731318058987,1
0.7831599369967691,0.5417581636491174,0
0.7886119020761241,0.8250961919723159,1
0.7874794692233815,0.6561879475837087,0
0.00589581937454009,0.1303659357103163,1
0.9659386482460368,0.04165492284218775,0
0.31766278499852174,0.30986743844516096,1
0.9675009113993654,0.48720357135449066,0
0.04618805422134975,0.8097847604997758,1
0.495936292119999,0.6521255499009622,0
0.31057412708217413,0.8572106294469248,1
0.9392614649785527,0.7080350213064517,0
0.45855754476866173,0.8053102799856484,1
0.8633575888803748,0.28329391827108563,0
0.10578690434850235,0.09278639851867854,1
0.7007750362797449,0.6594477043476984,0
0.20998092496212417,0.7205429983486773,1
0.8960263464342627,0.37336803780897077,0
0.3360665757906466,0.973486984942338,1
0.8621329553778798,0.017002560591492855,0
0.5197099713918544,0.1282922781838084,1
0.6366069838421071,0.5785968473357196,0
0.0054168214456028485,0.21794019068049042,1
0.9709548777892839,0.9303693272029845,0
0.2635856725087212,0.7929919535413001,1
0.5481898803119238,0.603770696644152,0
0.2259933172784241,0.9767640237725252,1
0.900474642969264,0.8588480379576848,0
0.08327675303336146,0.9152455718408979,1
0.9820066815456273,0.7631820011699805,0
0.40883747160683404,0.8235445491481056,1
0.602992216205369,0.3855430952217488,0
0.30783765857125855,0.9986930093612707,1
0.9489851436154553,0.8008284554039957,0
0.5969269013332452,0.1593166870577939,1
0.8604552245287476,0.12497513354052048,0
0.05509759978731854,0.3904740402499699,1
0.7153218609935618,0.37837616683332953,0
0.5877939042922861,0.11445747219905134,1
0.6186162244652903,0.36090470034315436,0
0.7372567099759201,0.22645974294576043,1
0.952743258544802,0.31219886716953305,0
0.6912644857223934,0.0992127531107374,1
0.9813546835426299,0.9809999626837932,0
0.2326794833749306,0.7723438100792123,1
0.8527314763017002,0.9535241981172591,0
0.43180999609656145,0.008177006866833203,1
0.7592968488274446,0.45348868350573157,0
0.4464587943118362,0.13233024788975878,1
0.7962339731933242,0.7855936683378278,0
0.33399544308124307,0.9124032761266502,1
0.9214348358020444,0.0472082119841053,0
0.019496300730940885,0.6412333256196597,1
0.3817363438156445,0.42485657490824547,0
0.4624536266404744,0.2556991756629844,1
0.9403068194794705,0.2777625853931973,0
0.29111821026669427,0.9040124059232957,1
0.9571733162176728,0.2695606144178092,0
0.053131523159602234,0.23134388137963846,1
0.33399560529467043,0.4666570877939328,0
0.1822888002747266,0.31102772925138855,1
0.9333234337667279,0.10572634006810988,0
0.067638986094671,0.47779447061980496,1
0.9825989229391134,0.56329416937098,0
0.10150913847134857,0.3351646116291649,1
0.8734730115898066,0.9666286536210972,0
0.7060641138946525,0.09530340401954729,1
0.42430159535999123,0.5193621717182417,0
0.1030704184928467,0.9874623629508213,1
0.7640778371173399,0.532535268990938,0
0.2046078424340203,0.5667745145347439,1
0.8817215293200162,0.3861943768929955,0
0.5194101791228095,0.17041711624018563,1
0.9712911895144699,0.7440300984825348,0
0.10130414108406638,0.5850329111377857,1
0.7792010649732477,0.7473661985524239,0
0.09460849470695543,0.7448364955144602,1
0.7967589899745996,0.4523913092490681,0
0.47905879517053196,0.9249999510840827,1
0.31379066596498784,0.4478205805524569,0
0.7027654879524925,0.8901826473095179,1
0.6764316615579727,0.33314094796396165,0
0.6875440270511137,0.8504842073771922,1
0.6126623915333521,0.4582575241134974,0
0.0316510816826816,0.8659517515794445,1
0.9835613999556156,0.8757429379387741,0
0.10673174786867357,0.36396266351595363,1
0.780524106403488,0.5431869667697085,0
0.05197921563588259,0.793313221910668,1
0.8941872676398952,0.7240930567723555,0
0.2180019216099469,0.05841334723537328,1
0.9072892136194778,0.027202202413575072,0
0.3288161508454699,0.07942255799162612,1
0.8093930507683691,0.34837525982295436,0
0.1746738427748853,0.799552391403839,1
0.6410613486504178,0.5078595200564981,0
0.3559774604599243,0.6213382265420118,1
0.6064098955839344,0.5454271015742951,0
0.4232654900700592,0.07968946438513036,1
0.729178209499035,0.026441343244377857,0
0.18170805230759957,0.8878405180771503,1
0.9637568972143359,0.8676110464449809,0
0.04011760898509342,0.28838697583894346,1
0.6274592552228517,0.03727071310371477,0
0.649213637181424,0.1342169558849512,1
0.9700006579526099,0.15411093784052543,0
0.6418161191151167,0.099130412217734,1
0.31640667171809134,0.42304050870899623,0
0.26189014231226426,0.9144679745895195,1
0.6864451435440657,0.47826664750329406,0
0.6308081528130002,0.19239811947464536,1
0.4683164861359187,0.35269673024645054,0
0.02388080171855289,0.04337708563345943,1
0.9016784744340681,0.36813338518473715,0
0.5558459222291716,0.13648737137256184,1
0.9337621288401567,0.18470164021090352,0
0.30836362429893205,0.3453921516675812,1
0.5408841959557906,0.5613952113562775,0
0.7268508259109584,0.9069158013164677,1
0.7228732351132289,0.4135866053194278,0
0.5624118845233312,0.8115088623586183,1
0.7209044186111958,0.5843006453840517,0
0.42613839534644027,0.23825290733163906,1
0.7942805525379987,0.3340043367872778,0
0.41145226212722696,0.890759348004655,1
0.7593977358744326,0.3022452802810379,0
0.3807091636640231,0.27218696939315334,1
0.684455797500865,0.45162276820000635,0
0.5696099890952534,0.7491596516443115,1
0.8777112761543215,0.7762687818549535,0
0.5110973573573317,0.915250886055957,1
0.9669727039957161,0.03958451680841957,0
0.7319591761316141,0.12231620401550092,1
0.8408081929751889,0.12762905989738393,0
0.30035692467961883,0.7782456928477451,1
0.9466277546359211,0.6985618054081747,0
0.06833613179531972,0.8105049573374602,1
0.6277112184137552,0.30577214954680854,0
0.5371865970806324,0.022558222349814305,1
0.9816286430993703,0.34964903060468977,0
0.6706913710397717,0.732137346472997,1
0.2813010015875045,0.5179524735303078,0
0.1960997688195526,0.15505490094453867,1
0.540257976804999,0.37712230834198435,0
0.5401749819844169,0.7205396788803055,1
0.9956666084430243,0.5947891732115669,0
0.37225875602984504,0.8880933177095556,1
0.7327640289653026,0.3867485834214378,0
0.4726514706068974,0.06308276335233065,1
0.7447547098367155,0.5001110643194896,0
0.23434934636858873,0.9208812086239555,1
0.2951586991871247,0.46602265775689666,0
0.06688746361572995,0.18089448454012413,1
0.7048181765912275,0.5557425898679262,0
0.31965721029584504,0.1582193393298943,1
0.8197111441154767,0.004751614959967121,0
0.16420617855896413,0.7592415365609859,1
0.5262460403799878,0.4958721970416532,0
0.30016761675674697,0.2989671868983289,1
0.9857147542205527,0.6868931367612064,0
0.11563830585900536,0.08530087020121435,1
0.6600244814272668,0.609919966574604,0
0.651938373307438,0.9158398870791611,1
0.9606005519623508,0.32391415817723257,0
0.47953322470407356,0.31144365713749445,1
0.779774227738743,0.009798770902523235,0
0.02648939284512164,0.4664434292067001,1
0.44010041365042574,0.48970761783792605,0
0.252408406881525,0.808029667716887,1
0.8865773902054828,0.16792386443083773,0
0.011463224287825091,0.8469644473585247,1
0.9980563540020747,0.6090704851512451,0
0.44049197202747026,0.20146562704141435,1
0.7819305424898955,0.6147609717703364,0
0.021574905349018625,0.6962841913555697,1
0.8263903767724725,0.7441733204667487,0
0.2140906511513576,0.9358371389877318,1
0.623112193095962,0.42838896833623874,0
0.12979683700437517,0.8033323284030811,1
0.388523556038038,0.5536139250377233,0
0.5448064157029603,0.14364427338661323,1
0.478436968081557,0.5091734444326106,0
0.5715568348188104,0.7810223253963879,1
0.7681064161172644,0.4010802946214156,0
0.07384395768984497,0.20640554842068082,1
0.5086790733659368,0.47134190527111264,0
0.14015556598402878,0.28910172993102534,1
0.6852133866487172,0.5608148407982148,0
0.19545283296507376,0.64140563064089,1
0.8732387664776021,0.4180859773626152,0
0.008745891678278217,0.783474651933009,1
0.6201193828827177,0.5177684661469024,0
0.028605026138666667,0.7498520896283226,1
0.6183109974229238,0.5722920816413352,0
0.2755636788132966,0.9428872707118083,1
0.9666143682451296,0.2458623382363586,0
0.4564248310821266,0.08180003950157255,1
0.9324529704285642,0.5531601566634129,0
0.19874956529640841,0.38495270204624565,1
0.2988369410728371,0.5562803626757226,0
0.03649551909568882,0.21551180393484104,1
0.987433928945454,0.7473787232055135,0
0.3917982970433599,0.8674509105409063,1
0.304552883567897,0.505542633722867,0
0.6847698722974501,0.2169861519545595,1
0.9277555142926244,0.23202494012291364,0
0.6067098241708105,0.14862180803743807,1
0.5271725290819055,0.6702348940091398,0
0.6558333548100019,0.933852837244763,1
0.8193496233687124,0.160655754393643,0
0.03261106698253069,0.4150216813374855,1
0.6905604899667533,0.5801192382749588,0
0.30055920559482785,0.9905115156850497,1
0.919486178103222,0.48711272880876877,0
0.5042958826186391,0.14370939466398824,1
0.2986701303211242,0.5175394630953782,0
0.15791164760087995,0.24785214597854244,1
0.9088978721961255,0.393939405935367,0
0.5289635673604531,0.9148210184160162,1
0.35289847226479165,0.4954350581037612,0
0.16082623837988375,0.152713711704076,1
0.6790876677617993,0.6892061903652532,0
0.667697949667962,0.7563834049800322,1
0.9169023461006692,0.24700052255370764,0
0.32977238555595334,0.6879875254184445,1
0.9750250296838606,0.5647747252673347,0
0.05607098873578453,0.05874240835896627,1
0.8393533577243352,0.5702146439428551,0
0.13967771544327345,0.5528195423454633,1
0.598604060407355,0.4515247576933056,0
0.4112475121827096,0.7475242010248342,1
0.8145175251579386,0.732263426442528,0
0.29612871975218746,0.0047022401550149695,1
0.7744528852991572,0.4616008232956531,0
0.13880528892190436,0.9390065268187824,1
0.8854014231303892,0.2819307142182843,0
0.40610124014036986,0.09805393812707042,1
0.9287725507702116,0.02808683405214929,0
0.46437815700846863,0.22513473491701264,1
0.8604446126228337,0.7368213604158569,0
0.7633722099944023,0.7889500128399267,1
0.8083143886024302,0.9605572294894986,0
0.1803672140139425,0.7608228463954477,1
0.21799738812338176,0.5030427690895249,0
0.21649418073265325,0.004138665187822799,1
0.7366275491491341,0.6493523754927141,0
0.18205922962520915,0.5805538053313161,1
0.8839291813991513,0.35379762998632425,0
0.48822558244078607,0.28371421767455474,1
0.8769839807520634,0.11328799632713649,0
0.6243485001908118,0.9066803991384247,1
0.8713514060818995,0.5449721999498114,0
0.032120135741406486,0.30341865472144447,1
0.9528569772835266,0.5231943358894919,0
0.3710771994779476,0.723182521137337,1
0.5071222838104119,0.5717065490577901,0
0.21228021041803558,0.8788071935150384,1
0.8645424629022959,0.8945426621062949,0
0.09840205005541036,0.11358514577938406,1
0.522945301385814,0.6067348653389882,0
0.24611924114217398,0.6848927882588706,1
0.9331662276385411,0.2098927650185568,0
0.05807077702671448,0.18562125234726046,1
0.7591236011478651,0.37517269271556986,0
0.27338486746714585,0.7647495161804025,1
0.8640425928264209,0.45227887556982105,0
0.10981870813900507,0.728641986239046,1
0.9080092854086756,0.0975028310529995,0
0.3288468298889258,0.05732309181070527,1
0.7515106826154684,0.505998695404426,0
0.7312598619169026,0.10644079670550144,1
0.9079210617027051,0.39591403487084653,0
0.5241711211588422,0.020712681671609556,1
0.8936182133532258,0.299276683796008,0
0.5639959347027205,0.8789268303173386,1
0.4641145868160268,0.5902146447686274,0
0.13656065977032417,0.007838048029474298,1
0.9976256565739742,0.09552385403378671,0
0.2961517613475899,0.7374367123334127,1
0.6821373110434343,0.4645579015536754,0
0.5404438811263467,0.7539969720391257,1
0.3952403769782912,0.6214856140146435,0
0.4469159482128918,0.32737092130350576,1
0.712480727717754,0.9429846054804547,0
0.40521486485311375,0.011733869177521505,1
0.6398074385548856,0.6254609069092322,0
0.49149122445079385,0.9059660504175161,1
0.8195922720262903,0.41760580669185166,0
0.6046053153955744,0.19992017448614097,1
0.9466934207614276,0.5743754723705583,0
0.0011629746333591262,0.33113274112102775,1
0.7221800606437732,0.04423731047108215,0
0.03742688188850851,0.4617368112368666,1
0.6506307776163208,0.5165145019674025,0
0.037438937282027185,0.179052261997645,1
0.8024999447339981,0.5901337095419809,0
0.13842052975939212,0.6379147960064024,1
0.6835859907716417,0.013513325863759196,0
0.4339467648221117,0.986266929285967,1
0.9459951130872621,0.08074502752386759,0
0.7832865589708664,0.1958225544403126,1
0.6405821730066323,0.049782560639545115,0
0.6257842628063267,0.25395275161253494,1
0.4724909442299037,0.48866312848454807,0
0.29109120902324037,0.2212895532765825,1
0.8246532287553242,0.23953143140269717,0
0.22022232882440207,0.931364097041943,1
0.87535122362371,0.9624235832176694,0
0.5064129923257805,0.8202540567949113,1
0.6016010073841135,0.5548278811663733,0
0.6200640855466314,0.8895713200379719,1
0.9925507078706179,0.15002308244725893,0
0.6703047992370585,0.22826349239941945,1
0.8530064338892109,0.7840571780586656,0
0.6776788884102181,0.19834566381225482,1
0.8396673033585588,0.5040943820101199,0
0.5622567502273651,0.7278980484448636,1
0.5340324915435215,0.5350640767129994,0
0.5000096790517328,0.27146441893264095,1
0.7811458864303774,0.6832959266440762,0
0.09748519952073176,0.6526348920956646,1
0.5717608298015159,0.4383335482366212,0
0.3253259875250498,0.12642735496530577,1
0.5675523842223518,0.9820852068405659,0
0.7049338402337593,0.7918643098344894,1
0.48208731586114273,0.5233759969376377,0
0.31345194364605367,0.08990841791785387,1
0.7956611165950587,0.35986957629271077,0
0.6065207359045431,0.11390436950895322,1
0.9734807180798273,0.5712219880918351,0
0.41249752327613587,0.2523707619514085,1
0.6231380649975248,0.36810596204646606,0
0.5942884102336866,0.10635952702659301,1
0.9068503004829432,0.5671643123925398,0
0.6840409411659686,0.7683589072468187,1
0.898688832857291,0.4084766783502265,0
0.3088783011736759,0.8815413941540078,1
0.5181249190761261,0.48948675326026725,0
0.09911689313498107,0.028626955539505672,1
0.22707753973345313,0.4835752650803169,0
0.4315287950966601,0.17830737827107623,1
0.6135522166920927,0.30012838644613327,0
0.7243111375035886,0.7955389588490613,1
0.6434256796829316,0.5197004415878653,0
0.6376966170535356,0.8477437690779521,1
0.8845644420213834,0.3778533256424975,0
0.3133148511295667,0.07374337700281042,1
0.8221710859484593,0.6385564837853653,0
0.6308316327023799,0.892582920043639,1
0.36225320002834527,0.5298618669451146,0
0.037901053136110474,0.8768709101287147,1
0.9227826125594822,0.40499927572442007,0
0.5931694228972646,0.1526957542402717,1
0.6438392054555205,0.5461727846197924,0
0.11192140261401362,0.9349655688193416,1
0.5555209900022313,0.5993334251557557,0
0.24902156985653767,0.4299785029907326,1
0.3470316050479543,0.42700684299344727,0
0.15563328020102296,0.2948095360187519,1
0.8549898443019922,0.1082863279120474,0
0.0734731335238068,0.5984083441122897,1
0.5800347361452777,0.43906016998743724,0
0.25669245685222253,0.7540620970933923,1
0.9832864069059934,0.44028167375555705,0
0.018238802420712963,0.26832303995885876,1
0.9056975105484103,0.5870859946678534,0
0.3019588519706866,0.23080108026133017,1
0.9016742887488479,0.9031912237103099,0
0.6524839058888824,0.14374167713837338,1
0.40937158064318424,0.4351356686339929,0
0.08103180801959597,0.760106299623661,1
0.6254802831317269,0.3987519031660527,0
0.002468896117136632,0.6412659150168986,1
0.7497479830658165,0.5780584461539354,0
0.37777019554200086,0.8460522181061962,1
0.800893156925822,0.35058503924824547,0
0.451247107152145,0.1842088668445685,1
0.9488224121544758,0.4828324448318092,0
0.08105894556609383,0.7177150383238584,1
0.8145076745745853,0.10304883037532309,0
0.07390303808496923,0.897209131353847,1
0.9306234690942126,0.2220918441824039,0
0.5937246428955331,0.826053232375264,1
0.8838398749444675,0.12251312419054727,0
0.12454323231612519,0.9259707418034231,1
0.5340330886742121,0.3330150232535759,0
0.6623851402830221,0.19301922159218443,1
0.8168981748816448,0.78235370118466,0
0.2000946253691177,0.04201402976311874,1
0.8651190942894401,0.47250736262814763,0
0.28326437403159177,0.2282453452897475,1
0.7595930583266608,0.09833284744712933,0
0.15070363683433807,0.029991708784754434,1
0.7558758746350838,0.09489032434712175,0
0.26928887867706364,0.8453270443469292,1
0.42675496208773,0.40480111872433544,0
0.6527765369691833,0.07874055456812612,1
0.8099063809430187,0.8711952004549927,0
0.4854458186387678,0.15962758024718504,1
0.8725304836207004,0.023434621716495907,0
0.39707341819730335,0.8247003508932637,1
0.8425953999236034,0.57318750754112,0
0.2674955781787858,0.18428778584805316,1
0.6378087786075903,0.5022187696127728,0
0.06412564188322933,0.7562572527650822,1
0.8832383476860072,0.22142172424995943,0
0.4283781602817994,0.7471242577749474,1
0.6972567053794786,0.018892315667290216,0
0.30855537366993446,0.8748150918089392,1
0.6606902274578197,0.3783817835893698,0
0.16764326351970626,0.5596942534622456,1
0.7091949230285614,0.5211796703694631,0
0.08183603285956997,0.7739071710904833,1
0.9562161447762082,0.2813285058676275,0
0.5113726487401303,0.1140746405662274,1
0.9073704266606722,0.3633753895182976,0
0.12637664430455942,0.5782748896875581,1
0.5311055341033698,0.35463246992448527,0
0.4902966681927937,0.30914301119327803,1
0.9960752031718068,0.7326662489022935,0
0.007378355411048587,0.8014609376836014,1
0.7590767162269437,0.7475278088311842,0
0.19670203929058283,0.5101131713586444,1
0.8506872412392151,0.38820344428432174,0
0.04460250378743846,0.5499501132288044,1
0.6491392342700862,0.41281360181154125,0
0.07340005451207421,0.43111505906271097,1
0.29962384495341965,0.5834180828509429,0
0.5106794439705581,0.06265922911653599,1
0.7029857330205316,0.05128125042873155,0
0.31354309019877835,0.9510599576909605,1
0.9090507577271044,0.3652385078678875,0
0.17652617796124648,0.3282513323084376,1
0.3830082372277671,0.4437816813358604,0
0.5662516176672028,0.9640010306458163,1
0.5625793772867779,0.505773552598488,0
0.22657248503724958,0.5860537305376715,1
0.9124102107431643,0.699244038635074,0
0.4678537895621725,0.7336454535967095,1
0.8368534767747583,0.4436165054210187,0
0.298226309085984,0.6736416264078303,1
0.8957159959487082,0.9610611450797749,0
0.6315239082797189,0.7809692686311932,1
0.9978002114646839,0.8272249230595359,0
0.590530014229029,0.24938874113517018,1
0.7006036721626637,0.26181071183056415,0
0.151573092207554,0.18759668825422526,1
0.7420162655673287,0.732209859572415,0
0.6583013346538633,0.17546175318114654,1
0.40965609123865654,0.39961323918748726,0
0.08090437951266816,0.6318986603567107,1
0.9984013989423804,0.49696495466031076,0
0.4531605592522737,0.1673065107742292,1
0.9056509096265997,0.5326529136614031,0
0.13138376913827998,0.22976434009805158,1
0.9261436162343161,0.3982455212704894,0
0.6643973755916328,0.09648507404516715,1
0.9866383994097436,0.6276679867232086,0
0.22174059075983465,0.6546925084393332,1
0.5877502548589094,0.3118189880471902,0
0.2072693556248063,0.9123546818473304,1
0.844642411742026,0.28550648516064125,0
0.08693680459456288,0.23000691214691782,1
0.9456282186735705,0.860882035939369,0
0.3305416663566553,0.0763744604531611,1
0.9535905074337936,0.00026422037075335414,0
0.39644703508085477,0.12700114854150346,1
0.9655132906830604,0.9057791652475765,0
0.051731164354632986,0.7205964491194596,1
0.7059566020255889,0.4838257999373615,0
0.16273869715627376,0.46712087895363585,1
0.845681513339443,0.4769922476523758,0
0.0003981789898264143,0.9079670542110098,1
0.716478356830358,0.4895979185209465,0
0.08913354145443175,0.19993666242289754,1
0.5454522096156262,0.37938478041261914,0
0.5211827337694261,0.7950463276825432,1
0.7573757328731195,0.510138235402283,0
0.47503428549796256,0.023731128514725253,1
0.5406041749154804,0.4363013823848372,0
0.19270506684438282,0.2941787103525245,1
0.7331885474865559,0.32039077938204685,0
0.0684780460503489,0.9810389418727757,1
0.5209201746365407,0.561876071668303,0
0.6774957908302527,0.855884492490084,1
0.76176993201348,0.9885427196878065,0
0.1345790685573406,0.9198129055428325,1
0.8605285428668298,0.35707728611084477,0
0.18231115344882354,0.8256966100121281,1
0.7820191811788078,0.9924532627054433,0
0.14719265821581284,0.9520824050354038,1
0.9045220265412478,0.8229492146677552,0
0.17683875777789526,0.44531490472645485,1
0.8111052970217617,0.18154040171673513,0
0.6757030043751112,0.7483380240477504,1
0.9319427624233892,0.04895083186058469,0
0.5116154723348642,0.8402773238553293,1
0.7169647823557942,0.9302944062227498,0
0.17563772323623406,0.003818696738983607,1
0.6524060032235853,0.6039317435577006,0
0.5569748648780258,0.11455935267477857,1
0.750236896338895,0.6679510118486208,0
0.5983537749768713,0.08703980867458283,1
0.8678133283754014,0.7021234646575324,0
0.06310884341790002,0.9308720754769684,1
0.3860384771721651,0.5597795453469263,0
0.39589061450204077,0.8260514367264664,1
0.6761762694311578,0.7203498221393728,0
0.10830191089004981,0.07000840362008964,1
0.7423141092669647,0.5759147642269067,0
0.48348927556641597,0.881636198315945,1
0.8931239492199281,0.03592747756672243,0
0.031406292447533124,0.7480110344427042,1
0.9290572887988084,0.2280514369644253,0
0.7080746827148912,0.911633681574133,1
0.554771463474366,0.5749347485098983,0
0.11903866822573927,0.8566822728888854,1
0.8899880806828171,0.25913093604103543,0
0.03976265553852576,0.09405619472886306,1
0.8175851111747534,0.6655516357094186,0
0.5491934946457293,0.7426678180613151,1
0.8084561944714421,0.29560122744148365,0
0.2543897635803045,0.7409629678959228,1
0.47426789851353,0.5614789811304306,0
0.11509078360035463,0.4816972941659573,1
0.775621198300967,0.3905253736536559,0
0.05808909871451817,0.5156520436687799,1
0.8028015431839667,0.9694698479694055,0
0.4672798020398501,0.11501509464752169,1
0.6051419469417862,0.36196157929932826,0
0.34604957546615267,0.7855900905829175,1
0.9642923861966987,0.5466484745354342,0
0.10739220781064573,0.6237713117113555,1
0.7514123422464682,0.5380143718948941,0
0.3630322677333313,0.7029574082058209,1
0.6633049023354105,0.2946723884558833,0
0.355894682427234,0.2170467396163971,1
0.9284930714968989,0.6294915948495041,0
0.21396598700703573,0.5906553410438914,1
0.8407741628561642,0.39785357422742607,0
0.58901583535007,0.032519921063555834,1
0.5212513371323593,0.4803124577319131,0
0.4580111666305541,0.252774680738576,1
0.5513635210518019,0.6026450228207479,0
0.29254645822751224,0.1165461381412265,1
0.3843130528426554,0.4511826997324062,0
0.35146434452026165,0.6804090298803039,1
0.9169342286283655,0.9994776829066808,0
0.42806530536501564,0.15484839783910354,1
0.8040264675279777,0.982112628093689,0
0.5696367944878434,0.05609788747481359,1
0.8368669778297261,0.12005004096107497,0
0.3625979093331495,0.29478596530841716,1
0.7805370572764856,0.5889382267070387,0
0.7826355278442295,0.8071484972793039,1
0.9248733733927811,0.9494025776433974,0
0.3612373696305968,0.11015662245117042,1
0.7264312932149046,0.6872127166617576,0
0.40908492120820594,0.7155175660225516,1
0.35474131312059365,0.6041012709834296,0
0.48940275595223737,0.07996294703736351,1
0.778205909019363,0.9360049617962702,0
0.09256424364398752,0.048095190435934576,1
0.9352101263002478,0.345427716840196,0
0.5104304335688229,0.8706078340073828,1
0.978572826660965,0.21533154445517688,0
0.5939330983709332,0.9594472505262869,1
0.49380827978895847,0.651334938867386,0
0.29912469458022906,0.7003333883675081,1
0.6334417635382196,0.4434098019094529,0
0.7569357021241385,0.8224859163133542,1
0.7205858061871887,0.6368533130572905,0
0.38830924120275434,0.2928960294078554,1
0.2778808799221065,0.5278418452470667,0
0.23372941357219346,0.25414123576823144,1
0.30256003491322847,0.5022580316196344,0
0.7439705428325567,0.10423561647132673,1
0.7603676828328799,0.4204015927108691,0
0.1476627033431378,0.07146020203554027,1
0.6069935763184917,0.5041644856142791,0
0.5685150683182318,0.08105660780274926,1
0.9120464401058714,0.9623087476355598,0
0.6631278534056828,0.09313735543351231,1
0.8771639526236757,0.6544383951869117,0
0.15532713032386603,0.5831193797212828,1
0.5796773043308335,0.625806011231744,0
0.6185709279639339,0.19052157789016644,1
0.7801836511550575,0.5633796081758249,0
0.11446579398396328,0.4457891121219095,1
0.5856827535416543,0.9872290967074473,0
0.007948424297483436,0.7979839630604383,1
0.7504713269935845,0.7079542220867431,0
0.1599489647800455,0.37404680665867873,1
0.7771640806711766,0.3382521234660266,0
0.03823752730878727,0.36612123867876356,1
0.7319498944561501,0.07785466488831294,0
0.21793955449535407,0.41060165376077085,1
0.9019265576283468,0.39361313293119193,0
0.2997750954977014,0.13277911059088887,1
0.48358195233080614,0.5187190714500935,0
0.02448293951791336,0.0895343438448486,1
0.7911054793968941,0.45963797123164596,0
0.5504208254254515,0.20957457592045103,1
0.8531176309283615,0.8861053262057939,0
0.1341080526792725,0.03178328576199063,1
0.9276799417584017,0.20657661572848796,0
0.6366013202973861,0.7775050250916932,1
0.7760369233675517,0.7655724777227079,0
0.34492343162331196,0.006491438194689003,1
0.5129849063686425,0.6477965765342908,0
0.15484822197273906,0.04346467268048115,1
0.679103485785691,0.3476100789767492,0
0.2619372517220492,0.26239265577126525,1
0.828617172924734,0.006659344228284181,0
0.48957589556916714,0.7097928433648938,1
0.2597703314359905,0.48133066261603785,0
0.11902274397171797,0.38397098017168385,1
0.5843640932501362,0.43159923900644936,0
0.06940049823611394,0.7235821089526591,1
0.5300496429492455,0.42762292920014267,0
0.12705751609683869,0.7959502474100996,1
0.8842756353120896,0.03380839256321666,0
0.14712093852994446,0.6048755241774497,1
0.8890496497709446,0.0546795004626619,0
0.5556309736827911,0.9114505055920544,1
0.6668892296174669,0.04304143078002598,0
0.0630940034250278,0.6964852030231132,1
0.6541928902339439,0.6419724156004508,0
0.5101032790052424,0.22301191650442653,1
0.31967018477033826,0.57891187063906,0
0.4633303123774297,0.11199394335719315,1
0.3595688638625145,0.5886183318045825,0
0.5362555358228116,0.19630676549886517,1
0.8477191454433762,0.1729587812954244,0
0.2256922930283951,0.2914597588302197,1
0.916796601873848,0.16672214375255212,0
0.5728828298303109,0.04566526351069877,1
0.41396644264642335,0.513997582420492,0
0.07014980709305985,0.2073161934513862,1
0.8376631716330556,0.9295737750947464,0
0.601893672470902,0.9400897035675503,1
0.9786235313769194,0.49237750757440824,0
0.42709429209180416,0.6562528137292208,1
0.6793885572690889,0.32614980256462667,0
0.47504947904989603,0.8402272518625764,1
0.9433061642848597,0.6051666776441003,0
0.6078211494174383,0.18339051100622794,1
0.7554998343018486,0.457117906441727,0
0.1162382338766057,0.27391236380017225,1
0.8617645421219059,0.988029202403807,0
0.5235355014378784,0.14156793486310515,1
0.6817463170903488,0.6707387125676881,0
0.36138051872707877,0.3131169933577347,1
0.8089699434889717,0.16661820768748958,0
0.03421978958891658,0.2531042094044791,1
0.8418980076746372,0.6569069179278854,0
0.037264531417456226,0.32779473698421435,1
0.2840923382335282,0.5524232051012282,0
0.3903675972273871,0.9226671861582595,1
0.906890992678364,0.9594765966777388,0
0.5075165666820017,0.045529287657440465,1
0.49733615487372285,0.3399648353302146,0
0.5008767931627796,0.08878874021265148,1
0.7059156320533363,0.35700967738928835,0
0.5493733869618885,0.8742935539208141,1
0.9989686836914746,0.10246955160424942,0
0.3707920306868977,0.8497703065748741,1
0.8398165716787478,0.6886917114026516,0
0.08699525717233536,0.8821814083746213,1
0.8476519310950872,0.8675212766631031,0
0.060756800448401815,0.5983144561816535,1
0.7297641126073341,0.34083174522115434,0
0.6019232171441642,0.20449779962617376,1
0.8424352262393692,0.08017133651718644,0
0.733220023159578,0.2183987700275415,1
0.7739566757930926,0.7512027097173101,0
0.2727764073420187,0.1481230364667322,1
0.9129761401296138,0.5665496795236649,0
0.45741473393968246,0.1053631237388194,1
0.5564750416360963,0.4153856795243327,0
0.1984567845388534,0.8730828838750366,1
0.8331629823753595,0.8234897394600598,0
0.30991642303656974,0.9585223672811847,1
0.9335657697531609,0.48126430682723764,0
0.3919721961979783,0.06652713492315765,1
0.8824964459153086,0.535101206514056,0
0.19409404206477276,0.3173020079822102,1
0.8811700828834125,0.8594254607717082,0
0.5560164589566465,0.20859393392930037,1
0.5912775931382396,0.6730890811709266,0
0.31281119627649445,0.13839313926411223,1
0.9000069893350577,0.5084147671110969,0
0.46300265927456463,0.06349425889032223,1
0.8997859497497461,0.29132386695852575,0
0.08038823541860463,0.4640908743623411,1
0.9951076309865237,0.754900744957451,0
0.08998882161098021,0.13954239849039907,1
0.958337660272725,0.117463388393369,0
0.2667510245846413,0.36447063651176725,1
0.7980865656316888,0.12629457331575755,0
0.032160974260122877,0.2569493924312001,1
0.24463030995950674,0.5490588910421849,0
0.3977878558339164,0.13513424861171142,1
0.8234476062293721,0.6559407535580146,0
0.34309345982341455,0.8827644196101546,1
0.41979301542648817,0.3633028603218271,0
0.3006342251038704,0.9737994315842706,1
0.2010528256140458,0.49810775969894083,0
0.11306120257937025,0.5410000408148286,1
0.5634876238880273,0.6113718732366178,0
0.028015241233370958,0.5101489219329193,1
0.676258877875033,0.707093840038787,0
0.08148516710540066,0.8326328884320505,1
0.6470807573619033,0.3083440565094304,0
0.2535925959124491,0.8047948909270779,1
0.23183795879611102,0.5257398643966327,0
0.19715924410076402,0.5915519417164752,1
0.6033529537243862,0.34133170664614865,0
0.10992696168818616,0.9641138953649795,1
0.911557383459474,0.7476075367239351,0
0.3651345077499347,0.6514647911929841,1
0.661150997615417,0.5081381529718549,0
0.022236691857628,0.13821036837876566,1
0.8603833096458058,0.4431177315886672,0
0.1739887997046521,0.71764154545123,1
0.7115207553052028,0.6275266638170636,0
0.736231143574074,0.15083540377946203,1
0.43700153717207046,0.47765465730006895,0
0.09487184497317447,0.8496206708865642,1
0.7512408134348035,0.049982861893153596,0
0.40096204046950945,0.0578535251175778,1
0.7647476285127685,0.6754752167299565,0
0.46411854867483304,0.17542298887687313,1
0.5706765031510405,0.6573752905893372,0
0.70168002167196,0.1984172074482603,1
0.7740466473982591,0.2772128580144858,0
0.73057379057802,0.7958557619978933,1
0.9261651065200974,0.9083915005116522,0
0.21090593832097637,0.697144669091972,1
0.8528441029638169,0.22598897335943602,0
0.34780741656152847,0.28290701192886336,1
0.45982555238319,0.5727628603819923,0
0.33696429214546586,0.11538435029967009,1
0.985852168885258,0.770921792079241,0
0.1675183071386206,0.26735365209207573,1
0.34875139378764475,0.46122561019838404,0
0.07724517827616106,0.06616497591292159,1
0.7342295099473843,0.9307109615320975,0
0.5423100763317225,0.9015579623726615,1
0.9105824736415197,0.7679056038944184,0
0.7513868963637,0.8302490710329113,1
0.7501297427463125,0.9097648603519879,0
0.14525807052947326,0.26471776492207544,1
0.66076420701215,0.9449520442420438,0
0.15313141583475454,0.9667111610827834,1
0.6303385160083306,0.34703806122279945,0
0.21558987045296407,0.3899725178312141,1
0.5457389498661297,0.37764097000222596,0
0.13421336706637388,0.37381136756963484,1
0.47060865532860785,0.48275662717381607,0
0.13123792616302676,0.7035988161612241,1
0.4580937325189921,0.6093474237610098,0
0.08630307391536607,0.5380710313610548,1
0.5093804817605684,0.44634330828795143,0
0.2954777562014437,0.978932721693702,1
0.738912735502672,0.43540042375267074,0
0.5514193509916252,0.28632412836051224,1
0.6233545879716149,0.6706317152503031,0
0.03145012696718508,0.8533236210591212,1
0.6783729192640722,0.7067544692173842,0
0.20211522678861837,0.12344027862841866,1
0.4884709072225337,0.5538222868784077,0
0.2008251687562379,0.09868370517472802,1
0.7515123823317386,0.2434952610609008,0
0.2680018601662505,0.22232873686792565,1
0.5617275419141401,0.5195627601607649,0
0.2507016844031942,0.6085636672636643,1
0.8669734722631691,0.15741972598854748,0
0.3473783448094825,0.9177970038038838,1
0.6277606937444181,0.9692695315262942,0
0.059365579102275245,0.7165643353964457,1
0.6451984779484129,0.3298417794255907,0
0.23015850540192806,0.7995220227758074,1
0.9091119818579674,0.5721362728554286,0
0.7583508708848006,0.2129969655982089,1
0.8128328077480237,0.6454758180196336,0
0.3034491771213229,0.6204165274409897,1
0.6803187081222896,0.3325227325565302,0
0.23690343552892223,0.9998655941211735,1
0.9814813828517004,0.609313060105056,0
0.577786836214781,0.8564502157002417,1
0.6620607477517639,0.6926424346467895,0
0.1469177689788006,0.572667401516856,1
0.716430744709316,0.0833055965898637,0
0.051539883353124316,0.2027751514895476,1
0.7593555795007535,0.06318134806633502,0
0.053344843034364264,0.4969749896547373,1
0.9373767090213199,0.965788838291587,0
0.3580817000288249,0.6488032414852241,1
0.8455897209414852,0.4526936758149278,0
0.043131246586826655,0.0010195951966388561,1
0.9017995607161725,0.5655076805719237,0
0.3902568537464871,0.635015347981518,1
0.619215193210122,0.5465530504265237,0
0.07163784890846348,0.17437345921070746,1
0.9084333351192683,0.6740742489159292,0
0.2080774207394841,0.9261388445738487,1
0.6790318419895212,0.47320629393599445,0
0.3941696533126221,0.18288869289144172,1
0.8773958759410445,0.4792769734531156,0
0.35187106810727165,0.8605098559057547,1
0.9706104772430203,0.1133527948245,0
0.590766949506591,0.11662738389061622,1
0.9070602810846992,0.43631867698969484,0
0.07066875427877861,0.6492991631600488,1
0.9942380924917138,0.38720991485430833,0
0.3021939956570333,0.9245897531968533,1
0.6199697726639584,0.6921516843082443,0
0.11405438792369982,0.0011290312482625797,1
0.8180615878125681,0.12227543841556743,0
0.34993807380485,0.8334012813452123,1
0.738229230706905,0.06462095226949727,0
0.2715641728976699,0.34826689192128346,1
0.4467903718276901,0.539925055028783,0
0.40449636697893054,0.12760225159291727,1
0.5074169038915273,0.34782388626302363,0
0.62837202639595,0.16247081936818852,1
0.5537327241266127,0.983449224702851,0
0.49242235820642555,0.002078458001753658,1
0.8610835907787933,0.5217560193158147,0
0.4181072422088583,0.3064640007325504,1
0.5915786865079533,0.998556922057331,0
0.6073269410409885,0.08623848206192364,1
0.47786494826700676,0.6278254424417435,0
0.3331685684032363,0.9452111225132835,1
0.9373281218944135,0.5019492256546373,0
0.5185879843830186,0.7544159769917304,1
0.9243129900368237,0.0631839957826793,0
0.019781679809018127,0.6949971379751461,1
0.8126158426356033,0.6225894947321609,0
0.6073763677450871,0.1774469100903876,1
0.9979444774791469,0.6366210732705916,0
0.33808407289392295,0.07703742129013569,1
0.8553399453087649,0.4941767784524109,0
0.2854707046050666,0.14902550464090691,1
0.9824961042457773,0.9319501094721778,0
0.2983401521952368,0.31100694842209586,1
0.6411666710521585,0.4876023410107587,0
0.3296054661774147,0.11566258982201849,1
0.4904920792900528,0.5867023724623246,0
0.5325340788183401,0.9712765017731273,1
0.7874367637011861,0.3360262295523122,0
0.7279746439214464,0.8830027579845129,1
0.5389240658445101,0.6795739132830383,0
0.26959508446557867,0.34348858079273725,1
0.846637669744068,0.6424614090622176,0
0.6184609310613176,0.8381485460615102,1
0.47286038483057646,0.4500614216217107,0
0.023849163164403553,0.35807832688743924,1
0.7872024938572637,0.9915763994678817,0
0.060143726481862725,0.6849936484685455,1
0.9961816441494004,0.8604942264620739,0
0.1675745130486056,0.07513474326967384,1
0.8153353874686557,0.6721100144382164,0
0.6577539406966006,0.8713500317844275,1
0.722584981512301,0.7533264391204465,0
0.1639151820639897,0.5288019421680087,1
0.729068814240513,0.46522330643559284,0
0.04331762637315939,0.43372795292929256,1
0.8104758511870105,0.6856299857973162,0
0.4741808701113017,0.8994251634245706,1
0.6989612815426883,0.705556404488837,0
0.2036985119305531,0.6023600689566136,1
0.6759910694099501,0.6299071514394748,0
0.1971104857011894,0.4328443750793144,1
0.8598971174561104,0.315832646093021,0
0.04152388947662533,0.9929698130884896,1
0.24583902206807295,0.4874706295247787,0
0.26304094617682217,0.3883258818420675,1
0.6384871279767751,0.6888383886149423,0
0.745276370879141,0.14399966597661407,1
0.8649231238282862,0.37621604957718324,0
0.006503676362093813,0.5779776600687255,1
0.24504903281771417,0.5051736565366842,0
0.6256565486394535,0.20264024331381414,1
0.8198480798657164,0.21311785956873164,0
0.15486577668386559,0.6809608385442393,1
0.984361743777227,0.9918495782993336,0
0.7631307040619133,0.8795139076675689,1
0.8314183871108778,0.6331549329368422,0
0.11750396418511411,0.975158100071507,1
0.8668126651603079,0.1528544141709942,0
0.5078608430274465,0.021627935457373737,1
0.8082185831861607,0.16772388010292527,0
0.6752722649785677,0.17737842743433985,1
0.5883757182137082,0.5877979602335359,0
0.3914398381741001,0.000752700896440639,1
0.8277922899847843,0.9460908524189728,0
0.5519819254817458,0.21902180818516348,1
0.9027350016305614,0.7191446564344319,0
0.6091733869895276,0.08535143044308457,1
0.7066672164093889,0.5689230343835303,0
0.15531784908206003,0.4804132070369095,1
0.49841668652358306,0.4212430088092549,0
0.30969942711418896,0.8145532230959172,1
0.4989732931066361,0.47934736133958833,0
0.002862126435127288,0.5234981882812327,1
0.5397398895251392,0.6181834543652712,0
0.02056792729298662,0.03282832857914242,1
0.8687125746918415,0.15981278181988245,0
0.213031421775687,0.941659687623505,1
0.5977121194963242,0.6968992278230056,0
0.4786096396102264,0.7487129527896882,1
0.8714161086730787,0.9318619791764962,0
0.072265262902942,0.28347330032833395,1
0.33354126832872366,0.4219553322029481,0
0.07318646768519188,0.303994003341155,1
0.9337500305297557,0.8481178355147425,0
0.09757180535541643,0.5634251403286231,1
0.5852986388197493,0.4630340086579531,0
0.6092123853632383,0.8546056806107477,1
0.8890135759992622,0.8986541293125337,0
0.26757442451406044,0.6486496720501742,1
0.9241007357486642,0.497429917035331,0
0.2772760581817624,0.7472935641891258,1
0.8951530498014719,0.5240928234571479,0
0.5495112764547976,0.8736696760084255,1
0.9001240929865367,0.7320539870694803,0
0.0902964522450187,0.7900453931993157,1
0.9776854864923923,0.3858146260043738,0
0.08741238848631161,0.4744870892353429,1
0.6508098018122392,0.5547736745845683,0
0.5424328002445336,0.07420068897184096,1
0.859989561409581,0.42089039631264047,0
0.19722331354628408,0.5152774642393797,1
0.92748064627959,0.2730853696634693,0
0.582139905159119,0.8997776644147835,1
0.8038906297251034,0.5383728706401555,0
0.003476289842984759,0.7463276019867738,1
0.2905829011963085,0.5143518556179568,0
0.45017152344441913,0.920597181313125,1
0.4454358443237081,0.5874819485325948,0
0.7527326504013988,0.15786914732855073,1
0.9692407671920673,0.26867478964145175,0
0.17266589993911463,0.3684901553412273,1
0.35327544580862025,0.526003115699728,0
0.05848565179251364,0.3916096504671469,1
0.9034307124206356,0.9401667180376685,0
0.5102444820366224,0.7026314882010605,1
0.3815761099668181,0.41747962638143754,0
0.2533763046273325,0.34680002733412607,1
0.5147857595123556,0.5657071905477155,0
0.5877787675341278,0.9570497032762799,1
0.7285722245252092,0.6863166305927724,0
0.5312619387435036,0.8476352845743484,1
0.49585274668258605,0.5569723476244223,0
0.024036001488027647,0.42467387011696134,1
0.6183466721316561,0.5804429594824747,0
0.05871479698727633,0.2178066106001555,1
0.7729639460302163,0.9135299572741927,0
0.10858229662253782,0.43446322251048797,1
0.23125580426646675,0.49774412085264874,0
0.2539304076720986,0.9891188620498551,1
0.3345187876014927,0.5448281512636282,0
0.07293498980406321,0.25648246498946936,1
0.9933135286359287,0.822449561379688,0
0.5094940415993297,0.7460226723154766,1
0.6811310707992536,0.2927799738592013,0
0.6162334997469012,0.9488064343132175,1
0.8891737772239244,0.6100796282849701,0
0.10315439680358274,0.2842131472104201,1
0.5900315541923424,0.5412391837181424,0
0.15591014414396853,0.5508471396496442,1
0.33317145978386575,0.570573203704794,0
0.03809650380786089,0.7063058819636263,1
0.3849086958605126,0.4294561914359821,0
0.22878141590181555,0.11160837456545247,1
0.5049303936444459,0.6398220925666833,0
0.10212304895689661,0.7013273294203046,1
0.6860319126766786,0.5424283787703872,0
0.07060019844156795,0.4175197351999451,1
0.7709467100795443,0.5389402439522215,0
0.37323281958107124,0.04956778621154978,1
0.5826975815729496,0.502146553093477,0
0.15725490278332332,0.8640607256124393,1
0.9881062259669798,0.6468235181260674,0
0.26486237006719715,0.42736597203412274,1
0.8593808313192755,0.7916565073736901,0
0.5599850964355615,0.07033440598563323,1
0.476394233962682,0.45575127373076474,0
0.38562683624067506,0.925013593774678,1
0.2833543764123102,0.5299426035216317,0
0.0941557329812045,0.580181044557929,1
0.5480373238232985,0.6626750390937034,0
0.21263751653147311,0.878753058273237,1
0.670901529396662,0.68513326084369,0
0.27367628543101896,0.6685592174522998,1
0.6430649521788268,0.003243467556798052,0
0.19314705431354062,0.6333271280261716,1
0.9508219119047362,0.7249026397168047,0
0.02489563432602382,0.7622005690708696,1
0.4534513589963315,0.3977604873472437,0
0.21726273964849918,0.36100759648477576,1
0.5271307638524828,0.4110614633370755,0
0.5446563949565951,0.9295342821596991,1
0.7235460459205602,0.3060379116496663,0
0.010948688838111065,0.3114481284671763,1
0.4403788054081209,0.5531812965105036,0
0.18211119011653398,0.20599188453715278,1
0.8151061256964877,0.22880440223088405,0
0.16464341313622832,0.4138288073923243,1
0.8438212686546847,0.8431046552443373,0
0.5470262569451706,0.7369142585355118,1
0.43212013347161293,0.6026453318566038,0
0.4921237893754987,0.21466719928303402,1
0.8423408570389658,0.7343977812920552,0
0.05160675131571757,0.8416936581266851,1
0.7832342188805815,0.1251432700317623,0
0.011692889151540764,0.88061920321479,1
0.9831044439339331,0.19275730309804906,0
0.4919180414411144,0.9607733097370309,1
0.5252664641926932,0.5318053399616343,0
0.3488889534937045,0.8700417588073611,1
0.7968398693520968,0.5565606815689447,0
0.586870744231722,0.291949821987729,1
0.7646417580287428,0.511593062151836,0
0.4861843262917819,0.9720449504835781,1
0.27124156343979955,0.460627325547325,0
0.6180314011465248,0.9170735148459461,1
0.6576952619974765,0.6344217780886741,0
0.5305695359007457,0.20969703793121075,1
0.7464177292899185,0.5959585605219571,0
0.13294530731301746,0.3595312100056778,1
0.5595499738972375,0.6175409118078304,0
0.40445650132895283,0.8760396515569588,1
0.5062834326462398,0.5778005438454454,0
0.38985437813425994,0.19876244191683523,1
0.7002127657708651,0.6362463186610585,0
0.03322675224177307,0.821725680197834,1
0.6626580764407562,0.527647431471192,0
0.6448811077000661,0.08111462948533266,1
0.8162043477469507,0.744459718702874,0
0.3327294387836116,0.6155051425159884,1
0.735008481942244,0.2749934697417481,0
0.580301411683537,0.6955643698277337,1
0.7194540382413044,0.6740941051412567,0
0.5642848516188242,0.975584828717943,1
0.7711202268359273,0.623035823088817,0
0.1330457521502767,0.17689490083986525,1
0.7425270517052311,0.2451309806219022,0
0.7705403852210888,0.8416273889622207,1
0.9534867346923316,0.6181454856532395,0
0.12820830985610243,0.3972493801078206,1
0.5215339444867784,0.5630151125108481,0
0.14208904609744566,0.9939617312987175,1
0.916548336678567,0.7256417205038087,0
0.09651601311332703,0.2347913891345137,1
0.34260129647673976,0.4727282996726989,0
0.40924787327555745,0.8521326432738514,1
0.8177238553836956,0.45494969671606433,0
0.32397547160942897,0.8635412577872819,1
0.572713825848794,0.0035745714906344483,0
0.02916732336004524,0.27710671126269204,1
0.9689844410268392,0.6391470081390728,0
0.2378321283995095,0.4453594046395517,1
0.9519268662129796,0.9121179890782589,0
0.014262387299254886,0.5062728843457016,1
0.74043566562142,0.7557116203877235,0
0.19159146465196386,0.12123727652722971,1
0.9741277236707223,0.529295255394594,0
0.40554214089263607,0.8489222311607162,1
0.9468218614896973,0.10242005142031274,0
0.1505799078765837,0.42899991338096555,1
0.55956709432646,0.45195380781630334,0
0.49485258098373963,0.19495088776953529,1
0.6721883697827159,0.3962105139037143,0
0.18874616013494572,0.05681152611342244,1
0.9025251780444855,0.8952337746048928,0
0.1443085053258355,0.18763287258933747,1
0.9429519216133937,0.4686484446028506,0
0.07151878834859926,0.3707134024549962,1
0.7014308575267832,0.512781646190682,0
0.3819899878666072,0.7919403593593451,1
0.3287489938507574,0.594600250175759,0
0.2577498080850128,0.2136456088719466,1
0.9830299474762745,0.04443563106973669,0
0.11365015372756826,0.4771020403141897,1
0.5925316316984481,0.679871998072569,0
0.0020504012670861105,0.11179186052453016,1
0.6534015871408146,0.6260157994133511,0
0.1374992557361594,0.24085396992071584,1
0.8574571544445921,0.017052129893312618,0
0.5422892664737251,0.9204458359109654,1
0.7777919786991561,0.04492352884443951,0
0.45318934457123783,0.9554660523461086,1
0.9249433116760702,0.9740155107609675,0
0.4632509422027239,0.2933776952358971,1
0.6173343769782741,0.34874777754373243,0
0.002162948897367234,0.2856865946889483,1
0.9336629532986548,0.4879918642377563,0
0.39372342092258217,0.9944642301439609,1
0.7073057217165878,0.3712304763458456,0
0.02858168339542544,0.6111929749330048,1
0.8733508199822472,0.559364048004078,0
0.06507597505144358,0.916557858205623,1
0.5007524610666297,0.6397345775158871,0
0.22283942329897932,0.5607600076241139,1
0.7962617423277888,0.02096224535080915,0
0.5966708059772505,0.2965121289532384,1
0.6185393662904191,0.43929638863786846,0
0.3467701714436434,0.7410581585082819,1
0.6355665313017789,0.6961906256709762,0
0.3654519547744638,0.08015423502943675,1
0.8250926100591099,0.13602182161072562,0
0.5466119990692593,0.6843476164985878,1
0.7605286750201973,0.2740772366206241,0
0.27799350642144627,0.8093898081853366,1
0.6147331964182432,0.5342826884651148,0
0.2523898575995328,0.731528421733816,1
0.724598624919088,0.38520964475277353,0
0.2256176870426413,0.9367411435113328,1
0.6012090888744053,0.3380634770066069,0
0.10156661580109294,0.8240419160453796,1
0.8347812239777122,0.3533120481429345,0
0.14866245428611435,0.3604216013436622,1
0.9775211375869183,0.634348246076328,0
0.1932330411724117,0.5090131952634387,1
0.9939089398782374,0.31760064762244566,0
0.1967378052857971,0.08538269375204899,1
0.8827679082722586,0.6640761927777559,0
0.7606706864808673,0.146478078390482,1
0.3037684719226923,0.5402986639101129,0
0.4684397041051864,0.7139610214056431,1
0.7849352371909101,0.9863280703168257,0
0.4114944456825673,0.17624569179448557,1
0.8074501140257614,0.012910814070812071,0
0.326431961486205,0.15761225411939916,1
0.6053303160840855,0.5226090775284962,0
0.4672595225994822,0.2714386149591952,1
0.7273703962932659,0.3828252868471388,0
0.7407139322985967,0.20404278990150482,1
0.7617864136447607,0.9823868336046856,0
0.5513116082436669,0.17459308198186663,1
0.9075966141058405,0.7086692102453023,0
0.5944681353238793,0.7776254642064894,1
0.8554749524933561,0.9556765408672215,0
0.0006890448518209746,0.19669136004120036,1
0.5682883730833365,0.3442778555962941,0
0.46858542440756135,0.8291153509013978,1
0.497807090749274,0.3808231499218979,0
0.42635314746103703,0.6661455842183862,1
0.27888996544770883,0.5237767096715309,0
0.7427793520127091,0.803721493014923,1
0.685514239812083,0.6291789444143957,0
0.30716524190065164,0.9257873263926469,1
0.7790575056776936,0.6624584556897305,0
0.6215434179306238,0.2869044629790002,1
0.37904865254536435,0.5844763749052427,0
0.33424853359069995,0.12685706066417368,1
0.7558347336742043,0.7046809612637631,0
0.0509067642058052,0.8775800347975383,1
0.8281196332532882,0.15778630474638033,0
0.05657013548150236,0.06608574568015846,1
0.7989040238618845,0.9156754426348435,0
0.38624591237116546,0.1700698282650972,1
0.9143724203607948,0.5011445209675656,0
0.09026246481346045,0.24077878015503418,1
0.4754480748083867,0.4295430510413145,0
0.41054755427921963,0.8711195765467734,1
0.9634448516777685,0.18953715401437987,0
0.6247421041406352,0.7416313156053304,1
0.5301348031993857,0.627169797404463,0
0.11700694548749024,0.12556716517435385,1
0.3885215565236112,0.46167877640719557,0
0.15174376604328443,0.7960678746432232,1
0.6933923556724161,0.6702568999741976,0
0.7342947753880675,0.8500160797193002,1
0.7670691013692557,0.44320192792572344,0
0.4044452883233979,0.21446611713150776,1
0.708589653371194,0.9741539059884166,0
0.7267437528117727,0.8978129450191735,1
0.8390981436613356,0.06292360321606727,0
0.2510147953439509,0.104439636667088,1
0.9350457048587071,0.6349399299018015,0
0.22185300697234855,0.9383693289067474,1
0.9588239772320443,0.43184838268434167,0
0.7012710991093842,0.854887259136463,1
0.42888946160660646,0.5714626919409082,0
0.14080518682766408,0.23348121924215115,1
0.9616262498581881,0.5964038214711789,0
0.27523845266082125,0.778482444962554,1
0.4268839614327815,0.5843545745237894,0
0.21524217260575096,0.5964300417027388,1
0.37565124067809286,0.6184921585305092,0
0.12066040264259181,0.6076095765922221,1
0.8735511684118823,0.3433230549583757,0
0.5299833554575799,0.1925474350062466,1
0.47753658462769033,0.4656453315211223,0
0.2851960592463725,0.7613021458515771,1
0.5657870908325379,0.5268933633106719,0
0.06547223201495611,0.8162231126519734,1
0.928612612870206,0.2962526936954616,0
0.5673690484237859,0.21769615761514627,1
0.3687662333749422,0.4551463480663638,0
0.03340215377044986,0.6628375657118785,1
0.9247665588874668,0.018408531920386717,0
0.14272637038818148,0.8435107631569297,1
0.9280658936837878,0.1643208581985115,0
0.023635880464946912,0.7031954459193287,1
0.7916023795884105,0.9050048134917463,0
0.15899154374983127,0.14298797452190137,1
0.48144470050762034,0.6565620762483568,0
0.06472975172685291,0.3445581015480962,1
0.902494692686015,0.4237031948594776,0
0.17981562758581893,0.7136553107122361,1
0.9657791578552168,0.22768757903654357,0
0.06031918784068535,0.9425474562130155,1
0.7896033269169315,0.9088229623141983,0
0.0972169060314757,0.8324347090504539,1
0.3645070193895319,0.4499563910576877,0
0.6276620171109615,0.8991566093303688,1
0.6567777378955604,0.40833504986778113,0
0.5017001675804149,0.9292910637604823,1
0.32604619457775874,0.5422673315056012,0
0.5271200810303828,0.7540863629738378,1
0.8910583305775466,0.8606196144612693,0
0.22820307510678806,0.6754915810583055,1
0.6704632837954845,0.5017451394743313,0
0.2733195506544629,0.01374216635963954,1
0.2459884910663589,0.5029490067855358,0
0.40298562506417146,0.9257072760863615,1
0.7166350575799295,0.40091333110072847,0
0.15736936318699046,0.34187441767778803,1
0.21183856833810355,0.5055575579778347,0
0.6560020932177945,0.14887870023673033,1
0.7542477824608353,0.4100009682513799,0
0.45588125168811977,0.9039154392572772,1
0.9577787717040384,0.42872421110328796,0
0.30779253694472497,0.280031924835634,1
0.7425271930115573,0.08114963128672104,0
0.028000658763998265,0.9384619827875988,1
0.9284318110427415,0.2721897710779979,0
0.2247061293328907,0.6005074792442398,1
0.9710234527563997,0.16512813198629295,0
0.16380163563276262,0.10420194232988944,1
0.9562759949451942,0.9782965455314642,0
0.29093814068260926,0.7128055928766106,1
0.8390932604354728,0.23144510747349578,0
0.10901203035119023,0.02036782797302683,1
0.9995340963893559,0.8916599267734099,0
0.7322365318920875,0.8356819621140319,1
0.6440497786218128,0.4949439041005478,0
0.09001587917801435,0.17592373448210674,1
0.5170126367365857,0.34437638684521477,0
0.45056625555734553,0.94309096403886,1
0.8334647058575779,0.5128362668853755,0
0.5961652493473024,0.2800684899291098,1
0.8934474507814676,0.5386618059908388,0
0.5930550501896747,0.2431727005317058,1
0.8915338190290493,0.8261907785855436,0
0.6735339007394082,0.7452732224233569,1
0.8404718334594082,0.4791685393590175,0
0.08137496321380133,0.5135506522804033,1
0.9666947622119461,0.6320352286849055,0
0.7551143776301036,0.11989662037889337,1
0.8641122926229353,0.39095900866517386,0
0.25446571116349537,0.0740510281752087,1
0.7968282945806521,0.777364526609216,0
0.36064515195519187,0.8653237097661235,1
0.8284471067500009,0.7175021359275497,0
0.5236598105719219,0.78287008232707,1
0.9939760242813744,0.24691554032173013,0
0.1246634581833459,0.7258860041900306,1
0.5431407577814328,0.5659023963408412,0
0.17158356034049682,0.11020022534793594,1
0.8203370498373951,0.21511567789303765,0
0.0326822364880075,0.21918689811744707,1
0.7224579285396463,0.7455583675684335,0
0.7064283732896722,0.8692198986321755,1
0.864358199566986,0.8224136883167708,0
0.27752803323301545,0.31800417787827095,1
0.8973873198839882,0.10194468532346368,0
0.003402112726737516,0.43235780823713854,1
0.85633543616239,0.3928240394373732,0
0.2777507673066054,0.25358263632587486,1
0.5381405865266392,0.39741889967897304,0
0.1070327172715555,0.03912565786513611,1
0.45826743007313286,0.6507148369400487,0
0.6933104452482439,0.23367488485523547,1
0.5690205881990517,0.4594477189139671,0
0.31822655605530903,0.34713979781777293,1
0.963845246684889,0.9647506180847104,0
0.188560463750038,0.4560478086529616,1
0.996792135202207,0.22599421479639936,0
0.24860247364031485,0.7129898121475122,1
0.6737292728446037,0.4164338180782048,0
0.017947643838429728,0.8077194067671869,1
0.7657052147063174,0.7629999608672193,0
0.6262256458406645,0.1462092777341223,1
0.7233637516407666,0.331144535905775,0
0.5067155049181471,0.9823201274998136,1
0.934651854963754,0.289341215856449,0
0.20366167594999296,0.9807688928674937,1
0.6366036135992924,0.4497108724083134,0
0.5388068771761927,0.14800242716270762,1
0.8357987455044038,0.8488474699358501,0
0.5358926519164412,0.8960968316440465,1
0.9283516361417836,0.6351396128122414,0
0.07290975863959193,0.8301198260301262,1
0.8170747536787297,0.09363484190644689,0
0.512053981232202,0.2806749190228257,1
0.6822523051193778,0.5985857799895229,0
0.1217263347209534,0.205055907009966,1
0.8964064568531479,0.19363493572468582,0
0.6231040508771937,0.05576691835486092,1
0.4629205108697677,0.3888783227252167,0
0.5838309830224366,0.15887267204703637,1
0.39318698382306616,0.5139640131781477,0
0.5919851127654929,0.7304408137827901,1
0.48655199319576103,0.5273930433796488,0
0.3117215869062874,0.9817869771170376,1
0.3107929501334752,0.5461473568773854,0
0.5306071865570448,0.8842811401936249,1
0.5642820849360114,0.339971804160926,0
0.5578302403548625,0.17009532364247182,1
0.8992613399282718,0.9075845387945982,0
0.28237002057683946,0.1081595919195043,1
0.4229849096268289,0.37429798592360797,0
0.3088583676655836,0.9786745678402188,1
0.8614012216371064,0.6718653900245393,0
0.06937899241561762,0.02593211322025768,1
0.6429312460491959,0.9797680095694037,0
0.33949824619150026,0.32998815494712663,1
0.645433750979193,0.9565548029417216,0
0.6574819639457399,0.1516602494794016,1
0.8045016749446211,0.43582015264101703,0
0.03729052034640945,0.3771875801021629,1
0.9668379970905803,0.7418507024299851,0
0.43339081579569394,0.20877262174027367,1
0.7336238443994669,0.37419837656323274,0
0.11038947970052038,0.08399383105867875,1
0.9052657374356937,0.0039865914744692255,0
0.03046911035753319,0.6034735677288883,1
0.8556711125660132,0.3676358954086336,0
0.31537044359089594,0.6415251739595063,1
0.9284427894965456,0.5071586055619076,0
0.3049248886138849,0.8754443972170834,1
0.9418616856888888,0.8096935900936614,0
0.2349502921551262,0.102190417391259,1
0.9261467202437291,0.6845709659599969,0
0.11176794182863992,0.6262706337145689,1
0.861215941500168,0.8321705528294122,0
0.2969042724624067,0.9923578008133513,1
0.50579928258589,0.42837934211810436,0
0.28552581094358986,0.7961902632108124,1
0.8555910730813293,0.9484296082969116,0
0.5312223500857899,0.02470128004273675,1
0.9799429868776218,0.5512018185764043,0
0.7557384077938992,0.8414507925129702,1
0.9127919908178783,0.4935514292054597,0
0.577072129301452,0.18752259477930489,1
0.8000484727227937,0.13828717905650778,0
0.6142241533670273,0.25107168654543066,1
0.502651604724272,0.6333563754689127,0
0.2638897605643089,0.10876594868498113,1
0.8075934488600862,0.9805133528828979,0
0.5243307541579478,0.7062244955733997,1
0.5378946775853963,0.3462130485298148,0
0.01481707498052498,0.47905418807593003,1
0.7607636999589525,0.32531189131837646,0
0.01509936947707391,0.2869937122130629,1
0.5479659801359752,0.44273982567074666,0
0.37252569835316973,0.30728031667255573,1
0.9629608496965432,0.9421578204773919,0
0.22065862729744057,0.6913609305937105,1
0.9085533099255452,0.4571499945515993,0
0.5983785427788593,0.08054720743335986,1
0.7690809965736676,0.9458419505004176,0
0.38550139388897164,0.8239408688148692,1
0.8437724468002551,0.6314515878466642,0
0.28024751735787645,0.711165890296722,1
0.9344801232158073,0.7261141933287182,0
0.6682015577107686,0.7607049148004609,1
0.9486821812771626,0.2766907768120922,0
0.054142860045453656,0.8424191278037398,1
0.5456170583875481,0.423769561182302,0
0.12959812570625673,0.5021954999382203,1
0.941856272975473,0.8578977645329809,0
0.30776338783012125,0.6364195654717554,1
0.9636425772230836,0.9496774814025383,0
0.3437843026948463,0.3185894562336622,1
0.8221874650332607,0.896740916543429,0
0.33279658910767174,0.08514193854292529,1
0.8719322634482476,0.6527712076852006,0
0.36570155405290095,0.6291810044293744,1
0.8866320175616577,0.9944621022194378,0
0.2942600924356388,0.6788066246127833,1
0.8827592954536501,0.4268525297735243,0
0.13049761479972832,0.9637775138207235,1
0.833112379857938,0.3606594375357556,0
0.5577193279795434,0.2409948547606111,1
0.9597757232188058,0.8424562166064229,0
0.6838549796569802,0.758278761327379,1
0.6221681042907794,0.5118723531425876,0
0.35634590659524057,0.7879680805637227,1
0.9733875122593736,0.2436568319599215,0
0.4079967437392399,0.11130704643734923,1
0.8848757823841168,0.25262098714041115,0
0.6697975237831331,0.814343032761272,1
0.7882931443688695,0.2720280802041086,0
0.09783277563470016,0.1310079673883071,1
0.7508267549653437,0.09938706480134696,0
0.14450371827392627,0.4620481935401224,1
0.8050373251570926,0.11633733342437413,0
0.6789306244667285,0.20786511835906074,1
0.6363614725347497,0.6192841260190777,0
0.04863455158818275,0.2914420026875908,1
0.7203832747719845,0.503438199277171,0
0.05159712790237747,0.8895959351285643,1
0.8862449368167126,0.30621889398115687,0
0.24343088880549002,0.13883989141099673,1
0.6528559515209884,0.606582223946294,0
0.4745357066618946,0.026824298074966557,1
0.9589677840528531,0.5983110788243547,0
0.3938726864979133,0.34414023005237215,1
0.6063368093830935,0.024857201361516812,0
0.05750992454580095,0.78541933169527,1
0.5810629093416585,0.4477564141915815,0
0.14815040713706373,0.2762425092494246,1
0.8411115481380846,0.5726845229193117,0
0.042495336742700784,0.7245282012281951,1
0.7757495509820734,0.09475779589171385,0
0.1286140862454599,0.39246306311349366,1
0.4909477925806045,0.5738154990257207,0
0.01919955128226114,0.7924459307973397,1
0.9401553095276444,0.09973690848642802,0
0.6049625550452523,0.19619325692454248,1
0.24294101901225873,0.497052006757832,0
0.022923576287338543,0.5853781866513237,1
0.3510581850359832,0.5955573607403065,0
0.06840617923778014,0.7067159113289393,1
0.7327958974926256,0.406076075182079,0
0.46651685360557227,0.898463557470282,1
0.3331527026947769,0.5575649046962834,0
0.3874514428700744,0.22384747424269846,1
0.4845540940339522,0.45793531565841206,0
0.23350987332244322,0.18985416281832468,1
0.8020943590317258,0.04633104098140839,0
0.4126525287129592,0.2481854674449565,1
0.22719927282848007,0.5402297765290223,0
0.726361321158905,0.09439143593080446,1
0.619098597334449,0.43945990030813675,0
0.4782355596233496,0.29891145803747077,1
0.6503598464436612,0.5945466238974397,0
0.11889324684213765,0.15383242367915795,1
0.41779765606460517,0.44665790718470055,0
0.18318288268890637,0.708681262352944,1
0.6292907150412502,0.6075859061949312,0
0.6895407282801352,0.09057588017141027,1
0.8995035126763075,0.6548578757051675,0
0.323318715479185,0.962223782085224,1
0.27468262591226167,0.5165656311941095,0
0.22379917333250765,0.04831578266451464,1
0.5315094426592916,0.9980864944783004,0
0.5969596015037049,0.8927442878373978,1
0.7595511297126013,0.43665997964572456,0
0.3740060267053005,0.9314625644363109,1
0.8672493525498902,0.8962258364016027,0
0.03341165284372549,0.2900406062768027,1
0.9594026981854109,0.17992322498156876,0
0.608484988717803,0.7630489228407582,1
0.617714616187964,0.04182877911211047,0
0.2881440447278676,0.07054948025577457,1
0.9626780090118715,0.42498942180754573,0
0.0732270501682688,0.37143737910453656,1
0.951059582185735,0.4772420207284407,0
0.6785519351558448,0.8825540085298655,1
0.9791030812535528,0.808176788157888,0
0.051897563059812746,0.1890126922012958,1
0.5548554829824004,0.5606349793063974,0
0.36870794937559803,0.7250668189487394,1
0.9672383565122546,0.5929056992494438,0
0.07705131626533779,0.8801370337311963,1
0.9664135176668075,0.07309793696750111,0
0.10707410956193808,0.18459022627838484,1
0.5994042321351342,0.6683497086040404,0
0.677888038246433,0.14297742039414862,1
0.9952179187238939,0.7893762424794004,0
0.1695351306719356,0.5048638761692279,1
0.7971803893064402,0.7382557344771882,0
0.210020376424774,0.9805862211418926,1
0.7392215947569654,0.665543129708303,0
0.059935497496746315,0.5838180018099827,1
0.8030558942272363,0.5028969395596407,0
0.289080283876043,0.1910067342646925,1
0.24179278721410513,0.533194867474935,0
0.16132581831750603,0.9983994055819398,1
0.8997311730435137,0.16825692362225098,0
0.08553359444186048,0.5614178478125937,1
0.39470703235007987,0.549498434885744,0
0.6266262917158814,0.901973766737611,1
0.41505248671983963,0.5812709621225463,0
0.776230005646782,0.8371987992738936,1
0.4837920386335419,0.6090125816222619,0
0.3921372565680359,0.3264569339770921,1
0.8868219927238123,0.6282714448442522,0
0.7555226512762444,0.173754084638453,1
0.7384232372038467,0.7318403787168452,0
0.13359075601013648,0.8942879185414313,1
0.6270899118002562,0.5340727479490304,0
0.47204634290403447,0.11573070932891649,1
0.8923409818911598,0.980791911321712,0
0.33914253093406643,0.26808418180660865,1
0.8588659354967255,0.0869484807732479,0
0.021315651881802178,0.6120776879577908,1
0.29821383038772575,0.4698984013991996,0
0.4814442275251264,0.7778774859225509,1
0.6079641234107679,0.6832448316840617,0
0.15611038032695568,0.6775572261583489,1
0.9254803732526401,0.8298067003366013,0
0.7106287565857486,0.8856016940946554,1
0.9695211967071986,0.9939984486647956,0
0.37359406467040013,0.6421495547816982,1
0.9411202220544419,0.09152554551291714,0
0.6568991122551257,0.1438462385704644,1
0.926115318194094,0.47909212630898934,0
0.07567339551045849,0.7633656331451327,1
0.8173778114946179,0.9978935980767132,0
0.03639421918278063,0.04744406863442985,1
0.5318230864583655,0.46120197616074343,0
0.174457384818401,0.33121590336197815,1
0.5510855954393429,0.4163644719970916,0
0.583935791828325,0.9110597878452246,1
0.40546197156304975,0.43264239324514076,0
0.30286273002710573,0.9863903304644687,1
0.6306681673487712,0.30189752136488046,0
0.0663901639556187,0.6362687208463814,1
0.741830148507589,0.7301233818352416,0
0.6975446475099661,0.8531138652284272,1
0.5624766766244824,0.5769843909027575,0
0.7153708407443468,0.9072904551027247,1
0.2642277201017552,0.569745063016067,0
0.23653053058234086,0.0534498591413991,1
0.5103004258377509,0.4972225603972341,0
0.48287081988554925,0.00912547627430682,1
0.7351082384012131,0.4667564572451637,0
0.175560880141732,0.4409733075630865,1
0.9032748010954629,0.7439675152401001,0
0.28972265449352463,0.36750480318891554,1
0.5711949281348131,0.5614261646198886,0
0.07345789166814032,0.39492258903280364,1
0.9484773667777816,0.8645538762408572,0
0.14469331261644625,0.2013851365400433,1
0.3825264620209625,0.4180478650809477,0
0.637832819378848,0.23409892483942019,1
0.7548595395124098,0.4454165182147829,0
0.46853395094447436,0.1402045258553155,1
0.9288430061154199,0.3927487614998225,0
0.34769933009804266,0.7518849201239766,1
0.9507237222390176,0.194537456546645,0
0.6524930004540754,0.7917082915064224,1
0.73761186451687,0.5303780828865685,0
0.6363254223345833,0.05789735952581021,1
0.3735218948051846,0.552899738315814,0
0.3920919664154282,0.7387374176406246,1
0.3475219587893904,0.5413722858824777,0
0.18105090004339253,0.8413516127056975,1
0.53442679223068,0.5509087565556894,0
0.4667382975541664,0.04063221199713951,1
0.3393017368089494,0.5726231750111164,0
0.4748878334735015,0.18752732010748674,1
0.734633837973603,0.6063598549814315,0
0.32732755853411066,0.6369052215932988,1
0.8643703252965683,0.7083596257035272,0
0.6127413851823196,0.8511170972968904,1
0.9811886357261709,0.7852777018430351,0
0.6347266403149089,0.19741290499720032,1
0.9251073556149041,0.6552060118810661,0
0.6307915739797824,0.14814081778659183,1
0.7803992782439947,0.4359944551703798,0
0.11698323264161847,0.6027211999027798,1
0.7404239139066318,0.7175058593361029,0
0.17214770046652783,0.5840188458228678,1
0.5721072127969187,0.3570493208002553,0
0.003161386020466783,0.3576566809070436,1
0.6256604010423343,0.6188084565541022,0
0.4190580681678725,0.8249944212848523,1
0.9413968944962752,0.8305161234160442,0
0.5879927727991353,0.9204968389449056,1
0.4376589141299009,0.5289946775478048,0
0.625602820888394,0.050741274742030384,1
0.7375550729569794,0.7363083283997401,0
0.4036401614879992,0.02918378702904556,1
0.6589119609537093,0.7193323406695952,0
0.035295241745797123,0.22660644862680812,1
0.9892470091533727,0.27617983063442697,0
0.601157389895542,0.7571035663698967,1
0.5697236044378199,0.6220541155670154,0
0.1601194465862249,0.7935111057070214,1
0.9259329112304151,0.9288036624578586,0
0.516138223158016,0.7642975238426959,1
0.9214632199843034,0.37817314073630237,0
0.27231680927861857,0.39036787286973007,1
0.7682223577249844,0.30287016596199556,0
0.2664027566929972,0.38373002180880234,1
0.5619726275340843,0.45632651405987257,0
0.13084243336505263,0.5377739554756436,1
0.2391082807593119,0.5054122487478667,0
0.00909617308569266,0.5006250775302173,1
0.7742735666637246,0.5546386143918075,0
0.06773696431016973,0.9492045718942286,1
0.9443541953646684,0.4940086276070955,0
0.05695738444328158,0.17038172439265875,1
0.9093944497070815,0.9056087846552368,0
0.5969310099360251,0.8522167264889408,1
0.9765151557626199,0.1707416049780336,0
0.06989869643700186,0.7577615836920812,1
0.8120817550339051,0.14346695938984944,0
0.48849060374179964,0.675760372240103,1
0.7404309905304562,0.4123170235288368,0
0.5529249523846301,0.23614814097659276,1
0.6761851911605863,0.7144356910379746,0
0.10249082038085577,0.23140810235434306,1
0.9759956869357743,0.2114654611091613,0
0.6819201312205366,0.7788079007907116,1
0.7153863373985553,0.9680192660502644,0
0.07634554378086367,0.671365489452479,1
0.6109512529166827,0.5356875326331068,0
0.18798225645166333,0.25000090584216383,1
0.8675297678501747,0.3284967193922017,0
0.17333033859131197,0.8535689027300539,1
0.4809031772642748,0.41752521938037324,0
0.530182938617455,0.2940956204003311,1
0.9424119663839626,0.5075375732882539,0
0.4146229768604156,0.7313032823479113,1
0.6940620263506344,0.01821954577469076,0
0.05657289142471722,0.28129802516576496,1
0.9677869015065149,0.2059601569881503,0
0.07219033891813653,0.980191686815498,1
0.7452591637383587,0.012902426945682222,0
0.5376582789999895,0.8745228175833819,1
0.8255705217003758,0.5609582916347495,0
0.3310569565087941,0.8467606823900156,1
0.3644512392296464,0.48705700750490755,0
0.6171029664411337,0.04839923480012154,1
0.5988932730340555,0.46237946309696865,0
0.08231408382516403,0.9227478697541139,1
0.9703262142942134,0.09974862528516004,0
0.019312355469790266,0.4295889666899795,1
0.9052063675376281,0.3303889810977354,0
0.5682426691946852,0.8955198943376236,1
0.5918350443102737,0.4013835534221667,0
0.29820141715845494,0.7598990586779417,1
0.2509130965015971,0.5517032350773402,0
0.04478307637259793,0.3899686178456533,1
0.3491748082892945,0.42604366489450274,0
0.0011322784585551249,0.5953983140869477,1
0.8443692049014354,0.23488151631857868,0
0.028497614642915226,0.8083109536670547,1
0.7364604696033386,0.7540135642044622,0
0.08974795830795734,0.10785266457510512,1
0.4962380897655633,0.5885178694755868,0
0.3066979020845473,0.20280240283722017,1
0.7508235161005223,0.3169984777445376,0
0.24790397374234618,0.690853295798939,1
0.7098136244748323,0.49932711051070044,0
0.11001559676770589,0.46022280797805837,1
0.6658833012420613,0.02293330670649707,0
0.07160161587820824,0.46737042025512887,1
0.6015997961907255,0.6029576766178193,0
0.6186871583141025,0.17406064519418152,1
0.556578469016624,0.31962903256714603,0
0.26456851907337087,0.5884682871284579,1
0.6986845618439145,0.2876905711944001,0
0.40500808073364636,0.765883323553054,1
0.8033446329754126,0.5426802045680723,0
0.7411183578987123,0.13579768411852766,1
0.9122734570040575,0.6267649695787367,0
0.25824228736516597,0.0257446965822965,1
0.8368630911704098,0.6212305409128627,0
0.24489794364255113,0.13805554561277023,1
0.9576620930155565,0.7124252868082247,0
0.5857135859087349,0.7310663977923,1
0.7609887513280196,0.3621801265050806,0
0.468614821252874,0.0358811014814594,1
0.9098952737847635,0.7811346178251184,0
0.4359967417346444,0.6992568882984891,1
0.5391108149777408,0.41318610891098273,0
0.010683758887447548,0.7585547017269098,1
0.7120281617730714,0.46693569813909963,0
0.4600263434749501,0.8663896186188462,1
0.9444243951265979,0.650075494687278,0
0.07268527883405163,0.3194842000544703,1
0.7884848604049719,0.1963614080403413,0
0.5363047047594768,0.23010063635598865,1
0.45033346355463677,0.3877840545202399,0
0.6857141596732502,0.9264044851049725,1
0.7398667270627537,0.6987632739802692,0
0.5233007353555884,0.15782121462688492,1
0.8134936868446901,0.6523081735762786,0
0.023732440000555743,0.8793040280240544,1
0.6665452482788062,0.36392375518304054,0
0.2677877448002708,0.9009882703755542,1
0.7818750051735553,0.9726313101212017,0
0.042174581403746636,0.07990623246942552,1
0.6505584657298434,0.31600853595337475,0
0.442024123662653,0.022498875553062847,1
0.8184276504082061,0.8425849890199308,0
0.16825650483890298,0.27625745572809146,1
0.8762803238437067,0.15774795270309083,0
0.3396050228756151,0.39247648456953144,1
0.6815750756026738,0.6875048820353197,0
0.15072895861504254,0.5208120362883993,1
0.8087167318124623,0.14877090378366686,0
0.641087953972264,0.12899549666850807,1
0.8015933562242344,0.016336933374842433,0
0.45916238920419417,0.32010767745034696,1
0.5488176876283216,0.6687766239821442,0
0.5047408185036549,0.06178589095028875,1
0.44258350955432535,0.45878463678679937,0
0.2177574094432586,0.7835962247869634,1
0.7234900639261522,0.43545905569220367,0
0.43938096875216814,0.7297330028800411,1
0.89118140931612,0.8558073573401862,0
0.442255388522367,0.6544708553521024,1
0.9961378953830531,0.40799679575158476,0
0.44571916831296055,0.051595595184896315,1
0.9957614291880528,0.26094437147675686,0
0.12460163450282957,0.9270115610120119,1
0.9846307116864678,0.4715899330713976,0
0.023728356743747847,0.08830898770374573,1
0.7204424556979484,0.6128048297117298,0
0.1767172110473474,0.3161227709286648,1
0.7680690124802253,0.42186807811930793,0
0.45275910527788976,0.9249032652001314,1
0.8721377040942448,0.6479531760097728,0
0.27845436001100743,0.9177716764599542,1
0.9624590117412565,0.9031614578789482,0
0.4254034718040247,0.7324510255272029,1
0.6872493053212954,0.9933354464645606,0
0.16444964127362516,0.21602235248836932,1
0.4745140398089305,0.4835562787791735,0
0.062049486436686285,0.3874867639697581,1
0.91646305412105,0.03415550506275966,0
0.26134971968064735,0.7399387563767247,1
0.3437573593279827,0.4977390563785822,0
0.18593719013222842,0.7825354575277271,1
0.7292275307592869,0.5506954467407117,0
0.3626575727432504,0.15033073370454708,1
0.7753600526974254,0.6817722370854798,0
0.09413943379337131,0.11698780095649697,1
0.9532690255393091,0.6683261300641388,0
0.021381119205662213,0.06039965102843592,1
0.739170202117096,0.5594460924900551,0
0.16170878180315684,0.47235495588824306,1
0.7876557440236559,0.9547252007448048,0
0.08749491726398362,0.8839050911419503,1
0.9916927035547602,0.5209357630776331,0
0.17633023385248325,0.566814875981544,1
0.8224977060787125,0.2855714482899593,0
0.47389863999962534,0.9005274324954881,1
0.9419229516639541,0.8640030304053335,0
0.09809699038586495,0.4231416623657659,1
0.9429625477441732,0.3837976489488034,0
0.646378139202105,0.9315610215851173,1
0.7268656512639668,0.01284961140883889,0
0.02299271812344117,0.5706902308481835,1
0.5001673323280649,0.5601100421862835,0
0.174843962372894,0.05438620815587192,1
0.6387935072701871,0.6359759323893984,0
0.3631603500327275,0.6988206776559558,1
0.565554759382254,0.5091386002959427,0
0.5243516339160199,0.6971920523038211,1
0.5057770266285361,0.35814853118378676,0
0.1060205937000197,0.24861813012051104,1
0.9871757277602373,0.44876631677309,0
0.4535322392856602,0.9874785644716926,1
0.8138002531744539,0.7419148725736923,0
0.5749099189951369,0.1658550033448658,1
0.8893217087448806,0.748204210475343,0
0.10914536237089245,0.3889627216731961,1
0.6628197855637946,0.4314105951307322,0
0.6331235906218123,0.2117372347361448,1
0.9817999910038818,0.29098175437245255,0
0.027755494038679274,0.6734244004931321,1
0.9798436325772624,0.305224901867551,0
0.4041720133378409,0.09729080999611195,1
0.8778524053232059,0.6896135401921539,0
0.5581331916883197,0.10923366571023496,1
0.9092230795617028,0.22191295954617218,0
0.6053553938705143,0.8161490476144007,1
0.48393009829649825,0.5185359512327571,0
0.2113773056854661,0.8332280946311788,1
0.34602077913934093,0.5137025728738953,0
0.13742079570637433,0.6908558333937329,1
0.8968408261476699,0.8698249197884628,0
0.47630132323673213,0.9906566509948028,1
0.8068847257843159,0.31994068701099887,0
0.1928426855905251,0.10197714271454572,1
0.9365724377638857,0.30009316225332316,0
0.72596300423091,0.863443566307959,1
0.7229530766152441,0.02972720931034023,0
0.37985850047342495,0.9034017066630635,1
0.6038817361351739,0.5254872862561205,0
0.37454233851448826,0.2035853783787387,1
0.5739844062641174,0.3580221212960524,0
0.30957517728279726,0.15700110789697908,1
0.8001686054889964,0.6114527211251132,0
0.7185602375145779,0.18683987997898088,1
0.9051606154933814,0.27140605468277945,0
0.6260953313099265,0.8939403464257241,1
0.7223997670465091,0.0868510764374324,0
0.3337691949239119,0.24644407899461318,1
0.394795400370587,0.47394812416615706,0
0.5101045625625475,0.8934704028860413,1
0.8338464285776067,0.8491305010432397,0
0.08741271480002943,0.8873291957821359,1
0.8085378097357246,0.6319970148707202,0
0.38587053163686824,0.2522795129076514,1
0.9123613056528336,0.357165941112468,0
0.613675235751343,0.9542007936947496,1
0.8298869017846875,0.3075021437263463,0
0.06327452989879045,0.08331614414671273,1
0.8733673170096926,0.7548303153311868,0
0.43401423036647935,0.18532487437291534,1
0.8901137946945092,0.23561117373973384,0
0.23079614698528905,0.5650669648499286,1
0.7627309567809688,0.9719539705485518,0
0.3744329481184947,0.26931238889995945,1
0.925758174739727,0.43369705178120865,0
0.2625548641875213,0.3998040529716165,1
0.7441720256455991,0.45989051935247893,0
0.09764120157606959,0.9636957556649837,1
0.25990893548853466,0.49607532352438544,0
0.27682923200061127,0.9239900218351007,1
0.8643180925545149,0.588573600383192,0
0.37670089809563356,0.2985702767259665,1
0.6920367365487006,0.6055954096389061,0
0.1576482423173824,0.2558953107754325,1
0.7358986799544343,0.45103143084259656,0
0.6809956959420975,0.8338290963401014,1
0.9835640343521772,0.44845673191714486,0
0.4397107235519153,0.2499338027330411,1
0.5209707438833828,0.40884798145192736,0
0.5412999776103802,0.17315081476986438,1
0.7232642854298005,0.7229889968316122,0
0.39668459132273626,0.9922616213991972,1
0.890386904977034,0.27111784767184655,0
0.1518931307198761,0.5986494824504492,1
0.49253775696639523,0.5112755705129526,0
0.12667742318218378,0.11659093193951131,1
0.7399289400509866,0.9263762775461651,0
0.20101739608506908,0.751176195145578,1
0.9077903620345168,0.586382749325596,0
0.15376213550738638,0.8215622428847676,1
0.4227568396969711,0.38791801478028,0
0.061320693507605495,0.22399066140784263,1
0.5331048863131002,0.6057719805461554,0
0.14105523816596544,0.12736564351230395,1
0.6737491338969915,0.5566774492020178,0
0.5060106687467592,0.9599859504364734,1
0.7289446654727125,0.9291012547135088,0
0.27474573330745,0.9262560712281602,1
0.7467955890305681,0.5318008020731472,0
0.4109084939325329,0.3506107453830205,1
0.874949647169998,0.1716740740241457,0
0.25918633206291464,0.05072182949458881,1
0.8702063393499199,0.5683210931695641,0
0.11144746675366568,0.9502024009980418,1
0.5698975154467769,0.35552337114552957,0
0.2686036037067546,0.592004210174057,1
0.6257212011491329,0.5546893217355388,0
0.1730976847089325,0.608945353334517,1
0.8772018812732753,0.6724017453959609,0
0.5410514869930002,0.9476777928641409,1
0.8904215576424714,0.9584123517973467,0
0.2193477149916092,0.10330624748130013,1
0.9827283435745773,0.9600967364797824,0
0.18920891759548308,0.09940279600889257,1
0.7074424258903412,0.7368274895495032,0
0.5600701961175447,0.8880275675075466,1
0.8656934395478489,0.6837044353301239,0
0.11907004696817514,0.5155540939349702,1
0.7084569069632369,0.4537559163941659,0
0.5981738491874009,0.9331128832382395,1
0.8481285762397173,0.8914602151777097,0
0.34084841841271796,0.8241524032844624,1
0.9949147671125547,0.7346978110252671,0
0.34120710623630834,0.12403471369997354,1
0.6605528559650007,0.38253636106793243,0
0.034997037135725995,0.1456932061902938,1
0.6234109527775434,0.4448588619515508,0
0.505582571631177,0.0030459596836517333,1
0.45435368993046166,0.4620659390369889,0
0.3449887620591703,0.3076486043804062,1
0.6850381041525456,0.9978080089508438,0
0.4084311484026445,0.7002319963568234,1
0.3405813973897973,0.5915150815575491,0
0.7481220661607327,0.11845872532397439,1
0.7787110441951683,0.5428886311102469,0
0.1490010392254797,0.49545615057865544,1
0.9946999053514844,0.9851091522457044,0
0.6208827731932245,0.06462228397879488,1
0.8683510512199701,0.7212265472453248,0
0.35445573238979144,0.652249673483122,1
0.6114466037238006,0.38168639145467487,0
0.24095114040055998,0.11467927582741533,1
0.8136841177586576,0.8856925938852722,0
0.10635734961273846,0.9690369431097158,1
0.4781390167534001,0.5143860692965705,0
0.5860726323328526,0.8552737105657109,1
0.888307378773066,0.015201519627307647,0
0.10010953577275883,0.45383259866442394,1
0.8573001790300644,0.7746991471076201,0
0.23049906374956752,0.09234912937331985,1
0.738245497374324,0.023556006005837515,0
0.01844635820780982,0.5039232705391846,1
0.9795303882230572,0.6607059095091804,0
0.19521662008570617,0.6827074366752134,1
0.9001044943291434,0.8249449115224253,0
0.5978033326076598,0.9423051124439051,1
0.9858574185406759,0.28798362796662547,0
0.3112278925058234,0.29454712486878765,1
0.8490202774859854,0.7340171158480372,0
0.2819526079705039,0.26943977673999575,1
0.8400803791082303,0.6571870541870833,0
0.29270763529090227,0.9366929048407842,1
0.9619512852803005,0.418468507200914,0
0.29088777622242146,0.1592360245449006,1
0.8829409215086773,0.9026682645730119,0
0.4381153192945575,0.7438025883640043,1
0.6849119269512557,0.02207472296913704,0
0.07623576709622337,0.493190280305866,1
0.5988292140046478,0.009669252768092496,0
0.16786510542891153,0.7613671094403496,1
0.6799667730157456,0.013093387824791858,0
0.33090386836794217,0.9908950274574615,1
0.6070163162370694,0.3005415237966711,0
0.7106399126713759,0.23651327512201248,1
0.9121953893639013,0.21670026700227973,0
0.5084365395533699,0.9372682729040418,1
0.4895328742419579,0.44901558807727304,0
0.3937581897138305,0.723617037550424,1
0.8954507716921828,0.8340007936867311,0
0.26557421711266305,0.22525011432505648,1
0.9670825468029461,0.8165998496318325,0
0.1877227019703558,0.4173514639392474,1
0.7380006526045721,0.5704918263525378,0
0.18196021168250298,0.8541327823457523,1
0.8589153160268692,0.7942227736707574,0
0.6829769977550997,0.1523627341021272,1
0.8586495714900947,0.7471581001080793,0
0.03178250959159423,0.23699091568334762,1
0.8201777798800135,0.5526839226400424,0
0.19320849230204196,0.8711732761199391,1
0.8765285200372323,0.6147345239895413,0
0.053891175666694546,0.7347009289531151,1
0.7539077736222997,0.0017707123259276258,0
0.43338062897000373,0.1490274760907181,1
0.6498905572833581,0.6154889191890146,0
0.18370202343730235,0.11336714142349613,1
0.9985219497057611,0.37936984909044824,0
0.19655142357753075,0.34870701687710104,1
0.7115797046349506,0.006847551477540681,0
0.7079808897207293,0.17253492962141548,1
0.6614408112664983,0.5912808996684075,0
0.027409927854798677,0.5656977658262861,1
0.8724950394481048,0.7702376604218396,0
0.38396026096984226,0.6622781169468569,1
0.7005347545802124,0.5365125122688117,0
0.0025601960831923565,0.15955874746347676,1
0.46582753608658756,0.4954847562543351,0
0.523350748035573,0.9905089206859601,1
0.7163106829218892,0.587329220289496,0
0.46439237659730637,0.7622218498712183,1
0.8541522419517585,0.791309532807943,0
0.6207104877647731,0.23094722230761966,1
0.5829348693467945,0.6301309392067295,0
0.2702925555703727,0.39838289159928264,1
0.8424347954920659,0.3764405581447414,0
0.6681536349098441,0.1912210827481573,1
0.753037432111351,0.5256936533852135,0
0.08611361145528384,0.5658137177802148,1
0.5636064927686885,0.5842934444689722,0
0.6217826626914057,0.8565129189026013,1
0.6706375607461484,0.583074247185256,0
0.0023513286821592594,0.8222273864055625,1
0.7862584142794379,0.5688593868997304,0
0.14045063358404053,0.12707815266171296,1
0.5080664879424086,0.5057083462219588,0
0.5589070152342537,0.05465560291876648,1
0.6386170144983425,0.5207166460914607,0
0.5250155133800665,0.04660762617299463,1
0.9377300891576532,0.15609791656269267,0
0.3416028689770314,0.9928202518568155,1
0.5412481142055914,0.5678234707728421,0
0.4320728319638535,0.13695224976793652,1
0.503716904850164,0.5453939500590699,0
0.1977680376612615,0.7797063106039576,1
0.9255023404418083,0.8230319585317681,0
0.3162356232917245,0.9753094757489434,1
0.7449656073908034,0.43436431010388665,0
0.22630379516877486,0.6526843656858805,1
0.6663245154575039,0.9941001395196927,0
0.43418726152407583,0.9077558790003688,1
0.8597856778294524,0.8146214422811485,0
0.6006962224950044,0.7931752491471454,1
0.8976812219803283,0.7286940905979514,0
0.5467841203436633,0.020585719884905984,1
0.2416161363919459,0.45828733933729093,0
0.02009235965759182,0.6985008991631687,1
0.7494545121475098,0.6837632270354883,0
0.11831491997227994,0.05069567184676449,1
0.714632221830276,0.6415126497126491,0
0.26438242376798937,0.9649615079977264,1
0.9133598233321265,0.7290509201210406,0
0.23836335138723597,0.4221039834274877,1
0.4432088364464062,0.408000070809323,0
0.3270710957461903,0.3859879440784697,1
0.5723167840076301,0.6018161808038133,0
0.11754415546526287,0.2258534272745254,1
0.6667045966668899,0.41401452784107506,0
0.6410731809157212,0.26130497629661675,1
0.7300678544993784,0.3252878724718393,0
0.28132780252340717,0.40796064111413655,1
0.44287385164551907,0.5309958717404832,0
0.08052997305938014,0.5165597755563789,1
0.6860945337176115,0.35838155942695304,0
0.2854054916940135,0.28410522579736497,1
0.980367833567787,0.18239423096098095,0
0.04063361714578684,0.7817294126814393,1
0.7786836393776542,0.6940114974006371,0
0.23682499937543322,0.8139389088016803,1
0.7748086476826264,0.3672535533286807,0
0.44288488073831134,0.9663226319412338,1
0.9145180466020526,0.6114287179105307,0
0.07663613653743473,0.2725132360495224,1
0.8551708506111354,0.42460386783138215,0
0.2748259213210478,0.3030429445411438,1
0.8772340772755659,0.3340245608877598,0
0.15266581351462538,0.4850251915657374,1
0.9571728711427049,0.16117320284993764,0
0.40880841782458643,0.7716113902250531,1
0.8878877343477812,0.40717308501698546,0
0.21043108976389235,0.0974674287597389,1
0.7607340721635517,0.0737341838416925,0
0.5145091648566403,0.9555112737832631,1
0.5836489780393411,0.38828459345038724,0
0.3086247186970993,0.1446393060127581,1
0.7098257674373467,0.4673563016435097,0
0.5180982649243866,0.30644108262326086,1
0.9979476769143246,0.5708446214044413,0
0.41309841555503646,0.09034416255916067,1
0.314280486198133,0.5474339281777598,0
0.3839899356266002,0.8015339651891141,1
0.7205299393174556,0.513099789527977,0
0.30481202239122096,0.8279310281422065,1
0.5178377335420593,0.35266747101706775,0
0.33083838241191266,0.34429200904252455,1
0.8291049623831249,0.629628783804019,0
0.12331614158611737,0.5927715585748653,1
0.714368286778115,0.3971460476123134,0
0.248484159738403,0.09751716306271596,1
0.7690472760642211,0.23490052405269413,0
0.3509395909466476,0.7075208513270669,1
0.6253345312949312,0.5441906034816629,0
0.34191296451484565,0.8720141492351116,1
0.5684576657470705,0.6654123934979632,0
0.27045454909800537,0.18638505042253783,1
0.816223115373281,0.732223767814483,0
0.12545848741226207,0.385092764047276,1
0.8768085524538087,0.7718585996114357,0
0.1259075916454384,0.5606709138284551,1
0.7733919960372685,0.5645769060694386,0
0.7525987666471335,0.22020977449425316,1
0.9141551768046235,0.44824171565094195,0
0.09791454150079237,0.11136379285697029,1
0.8350333514305888,0.13433294705580545,0
0.6357178974360599,0.07190948626348093,1
0.797045602724909,0.22831071847890416,0
0.4126758195878518,0.9093613355670812,1
0.8903585075690793,0.1391288113452489,0
0.02760022321926281,0.050800360037672077,1
0.8662594830771543,0.08581702738339114,0
0.25778788946652675,0.044988345112341066,1
0.6667277559628593,0.033638241661390955,0
0.4362684312625149,0.788630015464458,1
0.8354572882501546,0.7543508595025394,0
0.10890782615336092,0.4984052369360368,1
0.5070349358027647,0.4364665088492429,0
0.07353861819948981,0.47202603252531194,1
0.6922974312306744,0.3558672532843288,0
0.15328411714290646,0.7762143276318398,1
0.3811005496033746,0.5070580520018513,0
0.004139648601700796,0.46002659881256724,1
0.8265559535922137,0.5122180725907579,0
0.008900967658988734,0.948334787354373,1
0.6548680568832246,0.5609003656428053,0
0.33571155493770555,0.19419337791825353,1
0.7978092595972587,0.3992314084618086,0
0.052081492986477906,0.22012811993002912,1
0.5811431449770212,0.5680656241278756,0
0.16190925319681704,0.2701688030145546,1
0.2462523603665997,0.48990829769762967,0
0.1693381635991218,0.9128462326660394,1
0.7803622715753495,0.321577108783091,0
0.19170258563327547,0.6072756133016317,1
0.8176461245144565,0.2802889320221724,0
0.5191263070779804,0.3119180488896609,1
0.8046201200667992,0.46047752848415935,0
0.17775457708959497,0.511957563515599,1
0.6812372454217707,0.5425663730630683,0
0.08479355176492631,0.29126086345751967,1
0.7743919014259565,0.9376313243093037,0
0.14356874661251395,0.31921040404957846,1
0.8243038135877552,0.5724211823833598,0
0.13208218402750893,0.6017331200642351,1
0.7078611758657426,0.4627053920238583,0
0.14023702279564154,0.8487270809969342,1
0.2468280352448562,0.5008929375205272,0
0.4270228779582196,0.9957339087347601,1
0.7857176230662631,0.9513989973058795,0
0.19557836277749996,0.863052044737839,1
0.5691447760528026,0.43472929425207374,0
0.42973496246326115,0.14022964511836256,1
0.8197245193085119,0.2652348704023507,0
0.5929030430240689,0.06425339533513252,1
0.5497290830765198,0.014868047992027456,0
0.0932847161036171,0.4336755113749148,1
0.7820074135470763,0.5233747834041448,0
0.4655148045858203,0.2970395744341038,1
0.9117491211316232,0.2022093825523279,0
0.04304916919744228,0.6310203258044699,1
0.8884115900357705,0.9975495619979788,0
0.7671556363603522,0.8308449251608296,1
0.7815011713462612,0.49820627300054543,0
0.71033166055067,0.8752121786999136,1
0.5933121241945551,0.6035460675163558,0
0.6134331276607116,0.8571265131609253,1
0.8229658317125721,0.27507840403567596,0
0.033686760748240396,0.6922423858381401,1
0.9776259969097032,0.31067173610497634,0
0.6125549944047691,0.7272434099141101,1
0.36241608914946855,0.5610786356043915,0
0.08245025448393639,0.7497532190130777,1
0.7782388563440982,0.31582732700329086,0
0.2015592245182949,0.5595320696129369,1
0.7002715853527891,0.6245796976582336,0
0.2263792878865435,0.9126286699223664,1
0.9665885907295679,0.13576956904710713,0
0.41789853852196934,0.778679303264459,1
0.7454949974640612,0.9498429933874349,0
0.23199153212390478,0.18916738459218818,1
0.8798353149638589,0.235940499567601,0
0.07141975837973902,0.13682906155505858,1
0.36940194980766206,0.42062993717300523,0
0.06844113716719358,0.47133105810316567,1
0.9884866039595899,0.6692967218974702,0
0.5458362495367947,0.21765952837685,1
0.39560057195150555,0.5997133367187287,0
0.24391997737095727,0.3553573077150277,1
0.9681122476382429,0.10730479777611635,0
0.5742045266321925,0.7834216307936457,1
0.4783929051754947,0.4312017645768399,0
0.2180930218046091,0.03879944313701977,1
0.8629847397545696,0.9473841714579727,0
0.5606785655079889,0.7809883488662921,1
0.7372342690463966,0.9958913647698491,0
0.41930318904603003,0.7205522409502985,1
0.8359894577478986,0.018575542263310263,0
0.7297788674976738,0.1103915959771059,1
0.9600988159005149,0.20461100319232484,0
0.4062925984485327,0.3292236104151034,1
0.4420896989930878,0.6051680102951749,0
0.7706059662386244,0.8518587493583638,1
0.9204129701944871,0.7662452858625424,0
0.3862665139696515,0.8369542481897156,1
0.6686979735158822,0.621829062130642,0
0.28417188098743995,0.14359852409354146,1
0.8599321373621647,0.1548629777611823,0
0.47558153183960805,0.9579100240261317,1
0.21616312688765538,0.5293153330440902,0
0.028571017493628004,0.7981263495359322,1
0.48615826656749905,0.47905011056723856,0
0.6522005977731903,0.236402498695362,1
0.6441650353686976,0.5735520340186474,0
0.45081028862278516,0.8764208129693349,1
0.45777774150024286,0.634751081503623,0
0.20974776924123273,0.010070393559323376,1
0.9027520783528742,0.12247342857762789,0
0.04391791999735828,0.6371904103796944,1
0.8159626204168032,0.1345152689103677,0
0.46373755803747807,0.8743824985020813,1
0.7048988004472302,0.6351831094471633,0
0.5754341837155889,0.13282135399810968,1
0.6333538063914208,0.9616942463788317,0
0.02392718122179205,0.9931906366052224,1
0.8479407516589381,0.9868088344735126,0
0.24156965384360163,0.06914403654679513,1
0.748372875870342,0.08325714593986056,0
0.26220763364244826,0.969147026878167,1
0.9751656537887791,0.28734543616402275,0
0.6041457534001419,0.746682367426299,1
0.7948201019245142,0.3886631886715517,0
0.2210878375061407,0.9794136941115459,1
0.96597597099015,0.012523621607494095,0
0.09107442309049474,0.5767557005466272,1
0.8935799965993794,0.44113478927415983,0
0.5540198755083793,0.9727953599765743,1
0.2267032976510479,0.535801185593966,0
0.03923953638520927,0.09888537904834382,1
0.35497664246190996,0.4525810155746459,0
0.554450365924105,0.7298006649002466,1
0.6427724015374543,0.5602792555352645,0
0.4137134389355648,0.6732064437957439,1
0.9016197837549614,0.059804483537571174,0
0.027497363021726673,0.3274324754691639,1
0.9046332782505041,0.42051701065841285,0
0.24303503571659846,0.29261759183773584,1
0.9624487017677475,0.8399978906394807,0
0.7156141341018258,0.7834776523983873,1
0.8060226397985505,0.9818026040986535,0
0.24884123904184852,0.43319983430744113,1
0.9765011210488733,0.026982248453989,0
0.43705821992718685,0.1897328402738323,1
0.8534387411091007,0.513514981345475,0
0.449179321360189,0.2961450722051271,1
0.9569279312370925,0.9336972660894172,0
0.4333120593106935,0.20156913752650207,1
0.5234788137093506,0.49294779280712175,0
0.10310401877425823,0.12471815463157343,1
0.6006042168734955,0.4462721868601416,0
0.2651529593795726,0.008262043391028095,1
0.824479057744388,0.9451375228091021,0
0.6484335707159462,0.8647681875984696,1
0.46805396705003066,0.5490829412862877,0
0.2998966474324778,0.7939884259178766,1
0.7068126088739827,0.6076556124363323,0
0.036885085778606164,0.8424900578569222,1
0.8787002223687609,0.02241459967662418,0
0.7411212875374549,0.8783872106857535,1
0.6752335267080061,0.6919223253013923,0
0.48204141530570876,0.7593680852245014,1
0.8025574469315641,0.8497861478281078,0
0.631170999215684,0.07932132314930695,1
0.44071687859938025,0.45080373307620425,0
0.570203239126218,0.23850686489064743,1
0.8114593796306271,0.533627884562819,0
0.11397053504735888,0.03771688828876041,1
0.7701651963125024,0.4721179528637359,0
0.3990098171337192,0.8332236857527922,1
0.8467913982161607,0.5175902166011211,0
0.6292368450739365,0.7923097061684933,1
0.3903091269832881,0.48605248769488874,0
0.6169503991781915,0.24611324729253303,1
0.8788228010032265,0.7486259377819898,0
0.44710963444906016,0.2494440772564115,1
0.7178012379724492,0.053896049222171394,0
0.24921157961086204,0.7462655587367975,1
0.7325124258890284,0.6327983380743377,0
0.09814313573939815,0.9734817564627348,1
0.9751956462792781,0.97720289853962,0
0.42506210279170187,0.1710404085381897,1
0.8117232464269833,0.28677956657089954,0
0.19860424494974083,0.7992868003872741,1
0.8711630320434693,0.6823642730972909,0
0.18085820859235657,0.68144899620645,1
0.6890890541201885,0.41423383917876255,0
0.046224879112070405,0.6366488599670758,1
0.5499456578258916,0.47613262203694595,0
0.423338450767595,0.35667203349921117,1
0.35300158372991053,0.38840325893748695,0
0.11333995341667347,0.3893688544063518,1
0.6903358820327151,0.7391894436315374,0
0.44795092645277723,0.8649117193124151,1
0.7597142523399815,0.6041792668900433,0
0.3749972344813839,0.8680505601138212,1
0.8922697886054446,0.1876751521394575,0
0.46533934929346865,0.30056326449504434,1
0.5542306847495534,0.004437507559585607,0
0.713900348687633,0.7706771438258962,1
0.9537525260590698,0.9318145308361332,0
0.3979674260771173,0.8638848959613133,1
0.6769483409646394,0.05510031888528244,0
0.33468690355501507,0.16724478508402985,1
0.861062584635658,0.14046733191861982,0
0.6689639028971457,0.8779355875265072,1
0.9834191737274403,0.16036894988598394,0
0.5920243522134951,0.805781961765844,1
0.8972573465788062,0.7671332272430388,0
0.18752949552042109,0.28237159164890946,1
0.866449603063128,0.9057429490313381,0
0.5382263056108306,0.037551734264834935,1
0.6479631950055114,0.6520324400226504,0
0.2551260396777276,0.17772647890707438,1
0.9187964098885523,0.7844648697710528,0
0.3833960440181947,0.9301950490909022,1
0.47371457970562814,0.3586928530847213,0
0.3185796459994612,0.33677305046643025,1
0.852991442466084,0.5441279950223135,0
0.12431862035435437,0.14799091088359628,1
0.7619650552012582,0.29109474943289315,0
0.021727796004698763,0.7976971671673897,1
0.9020725136293412,0.7894673352693415,0
0.1773986319148002,0.12945478354110573,1
0.9104434489284954,0.593447680350103,0
0.648033351786758,0.8990195513631485,1
0.8817381744473328,0.23538765146989682,0
0.3615830458715582,0.30504495142190424,1
0.7192811716225856,0.5674172125144591,0
0.17819686750644292,0.31560902545438985,1
0.8396941154733965,0.41189455388629403,0
0.4788308467463104,0.3194028656405231,1
0.5897977110629198,0.6740476508053372,0
0.5572930123372939,0.8604085605236091,1
0.7471308427548292,0.015442448717885915,0
0.17932369901016354,0.8880390375745381,1
0.9819867693678563,0.7443526210742798,0
0.3638020782226432,0.8684078355590225,1
0.2629982419761029,0.5299581508276848,0
0.025228766232484934,0.3754752440667837,1
0.7497047346878635,0.5974058119089035,0
0.082558668397968,0.07693151384621899,1
0.4749412108372304,0.5625952367601522,0
0.06623954621290584,0.13544398572252025,1
0.2400439481602803,0.5225953244871043,0
0.03245995621268816,0.35087095534024415,1
0.9036223241852953,0.7490462561813114,0
0.33771328705220893,0.09377585405230782,1
0.7889174059691444,0.4270870718166614,0
0.6092994044745248,0.21198835857315823,1
0.8439991371133075,0.1847721138760554,0
0.21575212356412043,0.9473178036052178,1
0.5012034075779656,0.4633363217818032,0
0.3906305627497114,0.3318599288005373,1
0.2186722994031236,0.4797706137893403,0
0.3791963910879952,0.7469142693426131,1
0.3756284222793489,0.47202125434599207,0
0.1938032840377174,0.8071371605739698,1
0.8393904533251829,0.3671082590751069,0
0.27679509457586726,0.9865630925341246,1
0.932158477880535,0.6865722985634175,0
0.5913572354282206,0.1321239957660869,1
0.5428767462600197,0.013398968357130392,0
0.08291482385867743,0.8869213648092018,1
0.7613577169130729,0.5381728602683807,0
0.12429526999529183,0.9034366001116123,1
0.7091578787228601,0.3130416055413263,0
0.20391217255911942,0.7211445434894623,1
0.7913725027727918,0.863496837060894,0
0.631323897415945,0.9054548564022331,1
0.8118546001301844,0.7021111651626857,0
0.3531211249812539,0.6889636371268761,1
0.9800888498221215,0.44327954277432935,0
0.28668406600181295,0.8390052523138481,1
0.9258107364978744,0.061548418674725824,0
0.0067986000542926694,0.4587935885232206,1
0.8808101941187967,0.7670294601785692,0
0.10256779382446424,0.9338817060630972,1
0.9061418224626199,0.49058760414624847,0
0.1132170424357789,0.21456596488724933,1
0.8134124113320025,0.5653814070561934,0
0.06316304221360014,0.47520618045998686,1
0.8168748294791363,0.1441652507669633,0
0.035485085404335925,0.08389876129273766,1
0.8135154340796505,0.13048396132413198,0
0.4606417465789523,0.010888523262127192,1
0.42935231128626394,0.6061380721491283,0
0.5615753585077781,0.05620360023784354,1
0.72957488617814,0.3049826647057682,0
0.1424793857850184,0.7598564412806681,1
0.635963117882726,0.6787405998455208,0
0.32975295018399653,0.7505360278823185,1
0.46126925195757884,0.3971198782088641,0
0.1815279040017681,0.038392017729647177,1
0.6201701340551077,0.3385428015165133,0
0.39412447475197165,0.36516202464271474,1
0.3984475044636009,0.5564771097982215,0
0.07328876536022666,0.4021613654897551,1
0.4083369227679092,0.5653009098206191,0
0.45613863504308294,0.235071386783415,1
0.43312164247529694,0.3818051207850961,0
0.642737893803956,0.8689914694453919,1
0.8217641707212086,0.4663544370638222,0
0.17655476456453933,0.7945571043984323,1
0.924971269274157,0.702769773016417,0
0.13265704129504563,0.36024195667755665,1
0.8541975002873915,0.8640904989030515,0
0.07020370596846193,0.3711239936237847,1
0.7598183391526071,0.5531285819152932,0
0.1630917802926216,0.29088254662891866,1
0.8297195250103878,0.05829945195883868,0
0.07183330763318163,0.1910060814751986,1
0.5237805469826001,0.37875651139297983,0
0.12955707160530172,0.5586838545130538,1
0.8424816499538141,0.9839837876958457,0
0.4319807340199703,0.2846969154043715,1
0.4808481324175238,0.5160717866724992,0
0.025799000920193715,0.586729277670045,1
0.8539338312517015,0.1122948756568829,0
0.004204114655292246,0.08837250518375861,1
0.6039612695446556,0.9676158922925029,0
0.14376097369077367,0.5354896681764083,1
0.6323357425274685,0.0240445004933868,0
0.3063529636448098,0.755566663397825,1
0.8977367795901124,0.4046279394655008,0
0.13290186187420272,0.9059126011164866,1
0.8271658812024549,0.9011805404353497,0
0.05021661080866813,0.46428834950816356,1
0.5212665036721421,0.3732697034718302,0
0.08338052677762431,0.7133125879442281,1
0.5576125198000131,0.4631438584900943,0
0.026869512765445247,0.3773250718204798,1
0.902417874109239,0.9563896549850666,0
0.4844129535309156,0.21832872436479733,1
0.5637363512545699,0.5710571604785426,0
0.7410813845652213,0.18793554623760866,1
0.8117464456051312,0.12349233039942209,0
0.2735526505001519,0.76386289693981,1
0.7851171942163714,0.273899294278783,0
0.5617390586852526,0.17690682302411376,1
0.7585577944936469,0.03146124874828682,0
0.6510767988756273,0.27033441010020554,1
0.575626586247603,0.30853251086911293,0
0.1011667592066906,0.8115019884752811,1
0.3974091772990207,0.5118228831551339,0
0.4673849367472206,0.862847004024658,1
0.8651344007489845,0.5919671523292585,0
0.4014079682619669,0.8360050013715258,1
0.9793320596454904,0.05917881012784676,0
0.21180347220081264,0.8529526450786871,1
0.7202291834710273,0.247826114593791,0
0.38507894826293565,0.8068625676262792,1
0.9334160504663125,0.46464210187814425,0
0.04850607552427155,0.6953952671297902,1
0.6787364251943685,0.6919518565832472,0
0.6937617200210372,0.8816136073406832,1
0.6966917298023559,0.3134143712564732,0
0.08328663442864326,0.7158213705902279,1
0.34054818003628806,0.4729837765314485,0
0.12341320260718525,0.15369170534903298,1
0.8789041537807784,0.9174971007206599,0
0.065782315952162,0.18744277618369187,1
0.24939775341445525,0.5556109947295828,0
0.26339515315001416,0.7203069124400925,1
0.6052705093278,0.31333191449957387,0
0.7405211064145256,0.7713877441502168,1
0.5841201508620069,0.49970648248419036,0
0.3986255283487433,0.8257972644140485,1
0.5399604111958881,0.5089926052153579,0
0.07384832948304243,0.47190861290129227,1
0.8335099613218944,0.7104401313483009,0
0.7254429776643361,0.19196943329300598,1
0.8296473958286557,0.9939984484763832,0
0.11880432376006089,0.6033083854856743,1
0.8967337823695186,0.7920571801427153,0
0.11307829804157998,0.9893288286760963,1
0.9743730614330801,0.6338398787541788,0
0.38717766110705965,0.8860776387469814,1
0.661973619070394,0.34150449265498406,0
0.6870241012522484,0.20235699565020593,1
0.810168867601546,0.05909527126829783,0
0.7088632804008573,0.7893998206390793,1
0.5896787618959559,0.00985723688367679,0
0.44661251895498,0.6690092096411931,1
0.7545165298160612,0.3315569856108215,0
0.15594497886357994,0.6314794759360453,1
0.8141993900907257,0.871307205810328,0
0.07749412774892905,0.23272839221710728,1
0.8850900422697724,0.8536897155081099,0
0.5800491445991895,0.8793579461131344,1
0.7485107487896829,0.49129614101118035,0
0.5383197609839006,0.0924497915926723,1
0.8121348143584773,0.926325836201049,0
0.6477287718849802,0.7490696653675554,1
0.512663027279888,0.3910812908240229,0
0.05609881174816467,0.3119567143238544,1
0.5917484491758614,0.6736888001458464,0
0.37556545426561394,0.3112193796957805,1
0.24829186733718678,0.47071103607702314,0
0.6346181821523037,0.26117627769585494,1
0.8599063705767557,0.011234724800048723,0
0.19623847583094334,0.7165430568017502,1
0.48492324670819187,0.38137189279501293,0
0.502971302272531,0.6756966629593554,1
0.8195072332595947,0.04790454356036877,0
0.023750199463695165,0.41418462813652124,1
0.9567038669443493,0.9982433239930683,0
0.5469533219642093,0.7341189775634662,1
0.394287325925869,0.5654774399055578,0
0.5057199765692425,0.07260693561402964,1
0.9177495808183411,0.6890833869966881,0
0.29473849758567994,0.7786768859675463,1
0.9307429051074194,0.3810859586303651,0
0.6737878090580773,0.09118496513020169,1
0.7894201612591301,0.21761842910993423,0
0.6784347692859602,0.8586720155912947,1
0.9734555292053753,0.40444938367980365,0
0.5855719763301673,0.09421109117097903,1
0.3697366682843801,0.43890534302044226,0
0.08392223858481507,0.13780286514400653,1
0.5200516137300509,0.4536488261820878,0
0.397995450913342,0.22254720300734399,1
0.998944341703612,0.9488218602812825,0
0.12998616860121548,0.04987122001588962,1
0.6973973707127639,0.4392220832772943,0
0.2920991012147828,0.10001532657371404,1
0.7860808190482822,0.7784218772283594,0
0.27655607701417706,0.811372597055837,1
0.9309477237887706,0.5836827686111601,0
0.7872888239030922,0.8028848887534206,1
0.8868175964856431,0.9187260685099954,0
0.36452771676628415,0.014702288727382662,1
0.5068453677483158,0.5636747138630017,0
0.5477901913402645,0.872401252937068,1
0.9179718043714077,0.716178732878888,0
0.23199834266519848,0.0579459320672171,1
0.895634877494787,0.7103303015112035,0
0.22372605446164429,0.10265505909471884,1
0.9005410857633444,0.5801009655862488,0
0.6716246569865094,0.1351342996986431,1
0.7505356756324617,0.39240466334555824,0
0.7258568810935805,0.8917262221611856,1
0.861330900043069,0.6733085499073864,0
0.17913784175666791,0.7081010009783929,1
0.7721105981040781,0.5068854330956749,0
0.6472929263878014,0.05733164328957252,1
0.7599973774517733,0.09457709355922306,0
0.05676000931357095,0.05443240666376015,1
0.7947028375956994,0.7306221498469317,0
0.23148911881183432,0.6331961260092831,1
0.5538061889392718,0.5486546327476888,0
0.2345052982311039,0.664147871130174,1
0.6058964973364129,0.3374843092649351,0
0.04395185097650933,0.28399612542966546,1
0.5912549180730341,0.658500094538066,0
0.17795870972824923,0.3426690018518863,1
0.8466012604277792,0.530694207459433,0
0.2897068385792734,0.2596694734442828,1
0.8940046927498357,0.4041737704614884,0
0.5412320016791223,0.06321199853917525,1
0.7212233457430405,0.5463800910491424,0
0.10300046613320779,0.15337278041667324,1
0.8711331249335443,0.29965691764026614,0
0.41204286984346816,0.789055336267053,1
0.37801129307869397,0.3922057574231963,0
0.16791536758476633,0.6768243091667184,1
0.9054245523214924,0.702990240020388,0
0.030113942008094363,0.36991466044710053,1
0.9289385690192612,0.4089092863226602,0
0.5677833620287948,0.12815785669103708,1
0.8244564594042655,0.5406380362422568,0
0.5567095985007516,0.9588932440497402,1
0.9420831079865749,0.668289818676309,0
0.1669310142849808,0.6123940086720262,1
0.98029876338184,0.6273879161167606,0
0.5999615600968157,0.7832261962411325,1
0.7600305665313831,0.2929546245617317,0
0.03785227245901013,0.24580348783447237,1
0.8046112842659043,0.8986380588414425,0
0.543173226808742,0.05274186242593559,1
0.6797067408208839,0.3775958292846683,0
0.09183617772860087,0.2700778829546895,1
0.9495869354550313,0.7492563787029383,0
0.16849709294534443,0.7176735345163902,1
0.948118741616528,0.9128831366757579,0
0.4023423316115916,0.8761760153941978,1
0.2814780046020138,0.4661832225202638,0
0.2063381229049368,0.6801493211866052,1
0.8739715845544599,0.0012927753157667699,0
0.3330030269985125,0.8007419431061826,1
0.8565602669265062,0.5778739352129978,0
0.22771047403118205,0.29976355086826256,1
0.8461180210703886,0.35260746835354406,0
0.5870967877952331,0.2446277683987883,1
0.8233067749805089,0.8701748491804673,0
0.7656318896910491,0.8663595260516341,1
0.6088626484505288,0.9749025489903753,0
0.12400471742009334,0.614296987648113,1
0.7203461862189253,0.2733600332869518,0
0.3798182554464068,0.1897640858748424,1
0.8415108942002028,0.17841167623396348,0
0.46036482508417387,0.16998045982180554,1
0.9453020719290574,0.6579585554900572,0
0.6017559311007648,0.8296101746051413,1
0.9475093104284928,0.824425433073651,0
0.7585944566426618,0.15656306655718044,1
0.8821408784348763,0.6864820923887293,0
0.6239360876784854,0.18605217794699946,1
0.5540971941849309,0.39094817318545616,0
0.04590688685012512,0.8271124092086141,1
0.9360929662955741,0.9823188655591255,0
0.013373634466033457,0.25804676794847203,1
0.750659503429955,0.6478339952629448,0
0.5515358354881454,0.27743443941373214,1
0.7789512490901546,0.11635206172002843,0
0.22850626654092077,0.3846184732748833,1
0.9830259412329267,0.36057182931320375,0
0.3901087523070432,0.9275480246148429,1
0.35570810140191056,0.5965985585437872,0
0.5641787385566407,0.19058234744832758,1
0.7801939057130899,0.6512809696702823,0
0.7239049361505623,0.11226341848745425,1
0.8874871494379907,0.7577989663839778,0
0.35811627074456853,0.05719116710211636,1
0.6689948514681813,0.3004685821646973,0
0.5529871731242273,0.7773626536984387,1
0.6548751701827734,0.4862866563085769,0
0.2806594721856803,0.9332987618041608,1
0.9178315259651616,0.3220511981305775,0
0.1615689417249605,0.9762499702927083,1
0.827624441513967,0.5104929648786397,0
0.37485085267336815,0.9867092642744942,1
0.975923855920526,0.11575201941385993,0
0.32776847572105494,0.633738874125537,1
0.6339240096723522,0.6836955892828458,0
0.47409342870024473,0.9850011816094597,1
0.7985688382948737,0.2798192376588857,0
0.6458591995079581,0.7788515795945223,1
0.30325176100473905,0.470228027106246,0
0.45543535057015094,0.8684375655330182,1
0.6408531155348683,0.47250970014741633,0
0.04472931934511337,0.11478414284254634,1
0.8898220058556177,0.8540467110343654,0
0.1359646416518493,0.5203143994515254,1
0.5025756610748937,0.4054470641886555,0
0.04365822155533161,0.210603667005973,1
0.2256877332453474,0.499083889616995,0
0.15460525251102164,0.11103846429204911,1
0.8390612029849072,0.5328377975985541,0
0.23277993720238643,0.12545973763494767,1
0.9765486242224791,0.13674292177600023,0
0.18337344929796773,0.8582303049938121,1
0.8763624093778688,0.262983882485889,0
0.7336128769682086,0.7892388702923295,1
0.8704200046563801,0.7700017343817119,0
0.11271310671935075,0.500862421602015,1
0.40420490269031484,0.5247336586168694,0
0.4246611053380318,0.1847822047071649,1
0.5734476759367508,0.36267220922254584,0
0.48279077186205444,0.12710565393903417,1
0.6522506673114264,0.5916110495127221,0
0.7541864550965242,0.21655433036052774,1
0.7855627714719499,0.10763480525111757,0
0.19574144987199704,0.1671245049614729,1
0.61526354664511,0.3227040488411569,0
0.04648772242673693,0.606436471283879,1
0.6424259277285571,0.4821896773133879,0
0.0835241628313741,0.017909247180629695,1
0.8899787315381694,0.8350768625691923,0
0.5062855173821086,0.8228397458531758,1
0.2935621179878416,0.45095367067381364,0
0.1402753088806421,0.012338549326513792,1
0.5004075283818914,0.46728749292869864,0
0.561923925416352,0.7421160658693796,1
0.8267511441541273,0.4286094604037707,0
0.3933878898768707,0.10758521023549017,1
0.3451345613389102,0.4667599858354249,0
0.24424646688960472,0.2672747377821857,1
0.7830248195419844,0.021737452433313154,0
0.5118783584744248,0.743293190612056,1
0.8959022769855249,0.25068449106635304,0
0.6403602687232631,0.8858574011265864,1
0.6298290928647742,0.5611081924784339,0
0.7096999864571986,0.8890822696432101,1
0.9750093507506802,0.504592157050199,0
0.26476484973536485,0.7170079309101227,1
0.8749330929466572,0.6589738445367816,0
0.09486788280662017,0.39969835125183384,1
0.9856793806452977,0.681882763940897,0
0.4219050669546016,0.1114289778800367,1
0.5936638011535179,0.49565115718941366,0
0.3233303765615211,0.9110556486490542,1
0.8061854347381758,0.23421010737692294,0
0.11056392127282666,0.49995894752600456,1
0.9379025918510514,0.686062912773299,0
0.4077637511787615,0.7562442536259749,1
0.7276344581986204,0.5016059494113496,0
0.11432932836970966,0.2679566554593339,1
0.4313865838361005,0.4351384451866883,0
0.12699180865896942,0.44361103548908076,1
0.9501576169726407,0.1351413781811016,0
0.22391048085182952,0.2890155854972125,1
0.9345977429390677,0.13818646088034248,0
0.026889276254701167,0.1925433752340745,1
0.5473153603163811,0.6227595569967019,0
0.6096540053664744,0.9317343139361087,1
0.8505047249485879,0.5973666969022962,0
0.21076032454972304,0.9473120153385394,1
0.7255413581949807,0.283535991542879,0
0.43310960583804003,0.2555729852986588,1
0.9244992088001036,0.1544491065277761,0
0.2890722757927161,0.8783690593229295,1
0.6613163221387846,0.41927471729050003,0
0.2718548653937438,0.3816413625681736,1
0.9953146413590191,0.21316609162762845,0
0.16864310684468609,0.7674295156286022,1
0.7988981094162293,0.9386271721630066,0
0.33275720961374444,0.21934515849876857,1
0.8829274014296815,0.46543168981233873,0
0.46693612085464453,0.3197089274697209,1
0.346882428614377,0.5731712631524012,0
0.6216685153527847,0.2809287199467235,1
0.669581284644986,0.050996422453877144,0
0.6295770537735271,0.24057826694024365,1
0.43305223018983485,0.5563663777190618,0
0.04951356333782819,0.2513028309519364,1
0.7384891405307275,0.5578329027831928,0
0.25988584340224963,0.7771792379383795,1
0.8661149122661641,0.8377780606799797,0
0.0617561094551109,0.532104740861891,1
0.8163705804259515,0.22611364867997474,0
0.039945519367354576,0.7281264667731688,1
0.6922461687852063,0.5196916479458625,0
0.553096482001376,0.9611033192995859,1
0.5896471802788509,0.40442074810562634,0
0.022631470598643122,0.7694644005018713,1
0.9846799831128531,0.9622861603248588,0
0.40256500179070287,0.3456567041969755,1
0.7965531401200796,0.3603827269883826,0
0.30656119099840806,0.3424282919996553,1
0.7818124805529724,0.710399934039719,0
0.35889124502412906,0.22106594430048898,1
0.36566678962762134,0.5162159742305166,0
0.15625805096805245,0.8817665464587945,1
0.6895393911182695,0.518848737487684,0
0.11822536592360788,0.4559392104150183,1
0.9592159936716022,0.9569218821168164,0
0.23944868181722567,0.2594561242488592,1
0.694514473696928,0.5153419682834578,0
0.05030489657967696,0.9932899620187033,1
0.797320897599433,0.4197874895221576,0
0.6349763376721956,0.7373244228487597,1
0.49246161436592184,0.4373058816445713,0
0.003420571050488097,0.9480140892733866,1
0.5284600712227983,0.9978489240397623,0
0.3118935573888838,0.08553176249403327,1
0.948533613961846,0.9295172330861826,0
0.725365263074581,0.8798293304245353,1
0.8648750416668789,0.6845102453668229,0
0.45745691731500937,0.15730647488556715,1
0.4427211450033881,0.3657076745410833,0
0.5263315690303798,0.9234134073759482,1
0.5996489610983251,0.6327415878413682,0
0.1275301469059562,0.07893204030925494,1
0.7312138973587599,0.6811909020993786,0
0.43098563195660555,0.09777755003753308,1
0.6876722876594656,0.32153979892676654,0
0.38708084128898834,0.8707535304059539,1
0.9019257683490077,0.7260200909747873,0
0.0302436670749483,0.7154091833242768,1
0.7598736050727521,0.4791538907477717,0
0.29099822101894535,0.9898940553119255,1
0.9731947193053374,0.9836506593691289,0
0.015773285325837882,0.8691540797667842,1
0.9048503465226526,0.9262714034867149,0
0.09490322755497616,0.25921362267759807,1
0.8515016996477814,0.265024564810432,0
0.06441801951133441,0.8349706898288292,1
0.8815713459054427,0.5479519205090261,0
0.15117624510545102,0.1489166173260582,1
0.9239888029806063,0.707356967790881,0
0.013862919058476808,0.15967764697770503,1
0.4212168442150007,0.5487854534621965,0
0.36946651390822416,0.6711567703257462,1
0.8436076972358354,0.6673041957285456,0
0.19857475854463236,0.3720107565930081,1
0.7461285306055877,0.005002944720660207,0
0.30895037868143715,0.7530215648267308,1
0.8562937375100049,0.32141733606099765,0
0.15691641460180783,0.6830205461435913,1
0.9016867079214576,0.05409916405838666,0
0.36893636524539053,0.297124534774595,1
0.8049873534285693,0.18116680835867272,0
0.5135060780140982,0.8720484164666832,1
0.7657796718162835,0.5870402887704519,0
0.41596056779423796,0.09719524164985305,1
0.47911223337152553,0.6443974136491044,0
0.4696060749606181,0.13100434110323844,1
0.96758769943795,0.11162872004215496,0
0.21860720601263828,0.3915966308603577,1
0.7937127156100502,0.5135092651221499,0
0.23585905949744035,0.20656373365056657,1
0.8071104464789969,0.451056527914775,0
0.021604875337595697,0.5206294072926003,1
0.8634492242428152,0.8025478965501374,0
0.3521139666859461,0.8220670229413587,1
0.948422710253804,0.5746968717425365,0
0.060834246989826646,0.6576708822001617,1
0.9377167398496721,0.9018363583727331,0
0.14327115649410693,0.9291105416637587,1
0.6104901991284115,0.031763686546564696,0
0.18027450035695936,0.04049021022379706,1
0.28252081801921125,0.5353182719153281,0
0.398815217602015,0.8125800502754589,1
0.7283228343469159,0.007959442152441376,0
0.17444775829000558,0.20201773157302094,1
0.33535184880824453,0.5227161494984435,0
0.15178922172363696,0.36354650796242793,1
0.657346620221937,0.5050194833350135,0
0.17196471487982146,0.32161555050124,1
0.615148700572628,0.6513041079748629,0
0.0017922924699829146,0.8642126390663416,1
0.2695072047531034,0.4830032957051318,0
0.08360777153085519,0.20939004360597557,1
0.48225837669831306,0.35602638057770153,0
0.007433039267220165,0.7931370252212427,1
0.7325802661744093,0.010324518346825573,0
0.6885390911837023,0.1666322662053853,1
0.9780869515666883,0.7018720295496095,0
0.2516867311640455,0.1494542766470971,1
0.7398152582706736,0.4279912296213769,0
0.30995118991647863,0.32427393892143286,1
0.6472224942609939,0.4296073243993579,0
0.3176849175570764,0.29003546970466687,1
0.23516690428127784,0.4537343590666122,0
0.3545490096036028,0.7603068509253308,1
0.8069302337276396,0.21118771293041283,0
0.20518699025386733,0.3804303541759151,1
0.8319460122140858,0.18722630098560766,0
0.1994208251651105,0.8066828008812611,1
0.6533029499649888,0.005366403329143621,0
0.7149558014563278,0.8543748475447593,1
0.9502554742645841,0.8682885227986449,0
0.7495812197082666,0.8645529819431532,1
0.613858771444873,0.4119150077284708,0
0.6098891873604282,0.7583963671870914,1
0.9807771765817379,0.6145431734712112,0
0.08716093786923973,0.4029652490493798,1
0.8699406151959665,0.0009259452483698638,0
0.6208589658658925,0.8011186896769621,1
0.5702119330506333,0.41308259305787254,0
0.46364075688530837,0.1681115012681219,1
0.9370515245145409,0.2840264619778613,0
0.23068330769282064,0.9249282607270737,1
0.6770741353287242,0.05291575114209468,0
0.09391860565545762,0.046157417784213006,1
0.6915525847683076,0.9308553379221033,0
0.18326597581543114,0.35907371140021094,1
0.2934239977985389,0.5187386656730469,0
0.09880407686407111,0.9728213118254075,1
0.9118094623504944,0.8345656572087836,0
0.7406394139940489,0.16490037479415365,1
0.8646175239587326,0.49484833970977504,0
0.589004590802767,0.8305486565429024,1
0.2255345124506608,0.4659105240139485,0
0.27751190533676473,0.22797262366679594,1
0.9396953456211,0.7437418803495532,0
0.665252689106185,0.7539340652465472,1
0.7443039579819611,0.3696419757732552,0
0.20235732218310942,0.04164316136455781,1
0.9865772892420595,0.8247504333108479,0
0.42531898937284296,0.9020615458235067,1
0.6247917705747729,0.4125269319103294,0
0.5438518332939336,0.031007024956741236,1
0.928193921058941,0.3365008990410968,0
0.277408940987092,0.633737348474028,1
0.6834719946222171,0.9780051730980629,0
0.030916225621537063,0.4839824831471743,1
0.9384614196587131,0.21676060184092483,0
0.3170160711716371,0.5977871710378246,1
0.5685931061386439,0.6547836718729515,0
0.24890126490064268,0.10458125488707581,1
0.9758501062279898,0.2514023533001829,0
0.6356101947266167,0.8658011394295513,1
0.9163465480663985,0.460862155266092,0
0.6445152726905735,0.8544340042394583,1
0.21401839830583036,0.4698279698497889,0
0.7382492989460196,0.7947958452751559,1
0.7521476689309511,0.03634844051236574,0
0.35861606326308826,0.7486780389135248,1
0.33263341725671447,0.5550076940554135,0
0.3905551223894804,0.2310396309297199,1
0.9297926863422749,0.5443762602791412,0
0.7265769955507995,0.8618910042278078,1
0.818133345302408,0.25756124514023326,0
0.3227865093707999,0.012747316729875169,1
0.8364285888516984,0.3250404243238145,0
0.2930851199246237,0.3804457130764024,1
0.6772367733418486,0.02012545260719878,0
0.5187310906620629,0.740534033139004,1
0.980241662303343,0.8322279189215513,0
0.5315847412817993,0.03627211664951335,1
0.892372566645748,0.7879276913665999,0
0.7253299696748687,0.8690929293639383,1
0.922998959152546,0.8369109378223971,0
0.11939342419141985,0.0717343443816183,1
0.995691239694712,0.9419021169930443,0
0.27120261862771056,0.8072191496095632,1
0.8675010951486705,0.9868605180246007,0
0.16364057956580902,0.5011553229995983,1
0.640458614651339,0.9718589666721341,0
0.6641194166466867,0.8197295274820976,1
0.5509092540186767,0.4010797188231139,0
0.10312681079208352,0.842066778182379,1
0.793848343402737,0.2567550094307921,0
0.2097101874334777,0.08006208156076844,1
0.668087093037436,0.7228483585712268,0
0.4325870634127792,0.9385227022675274,1
0.7211776570614231,0.9337422839838884,0
0.17016798951693424,0.6689835566235838,1
0.6301536629273216,0.6210403374081215,0
0.031869614208194785,0.567684444769532,1
0.7874034814794628,0.6076842574110696,0
0.39178053788946565,0.9085624151244905,1
0.8594015685133394,0.43865162184862194,0
0.2301622078581459,0.018374241409406022,1
0.9731471046657013,0.3760675026002558,0
0.6637387345372595,0.24421632821113826,1
0.706243135197691,0.3071426294247265,0
0.05440248133601677,0.6527244677205911,1
0.39459171860820774,0.45507189771298306,0
0.4061646266948513,0.1962742251630254,1
0.8978230967743078,0.08220276490318545,0
0.13830092572614905,0.37137269422067376,1
0.22435724169512805,0.5321336745440588,0
0.004451073988421594,0.7235998203715632,1
0.5606789093837716,0.6387995483064546,0
0.61288350950356,0.7276513621885901,1
0.9688881056144787,0.5734738604815426,0
0.6066930224072576,0.7198113454216413,1
0.3649732674239018,0.48615382459572887,0
0.165814217696852,0.3084529041984998,1
0.9805740105904093,0.2211740433336149,0
0.28847743288194794,0.5932968781760178,1
0.7972880413528455,0.18490338515232685,0
0.021918014416096643,0.1495687442011675,1
0.7963773827319659,0.12885387900089884,0
0.01123777992692987,0.6605311476404743,1
0.7929568552309364,0.012572394426082267,0
0.7405250847281288,0.16096359026268114,1
0.695236774189294,0.6022674595904182,0
0.3611721581023992,0.7337184435912754,1
0.6100320126250899,0.6838188407273172,0
0.1814188956418512,0.6990109925569367,1
0.9264073819712555,0.25715255449132335,0
0.07145990296015947,0.7179602182473108,1
0.3100908111738476,0.5331201597445928,0
0.28078660863724547,0.20315037459645036,1
0.6828697356911932,0.7131305305593442,0
0.07280644862575392,0.21976502004058962,1
0.7295898251901638,0.04425865668064077,0
0.43002136366004184,0.709124868344028,1
0.8926973694444993,0.326453520769047,0
0.4665616672540478,0.8473005357802549,1
0.8350467829934167,0.8315072861256555,0
0.5888478014982306,0.94282923301202,1
0.8423771851159285,0.605356434010046,0
0.021209630606828123,0.23422997694581793,1
0.7422451370718967,0.32209187427890307,0
0.5745234522024403,0.21908655057996052,1
0.95972066406583,0.11825620847724261,0
0.38456138723316113,0.6660083463909614,1
0.5515873195530757,0.5540064327396442,0
0.07781840918355509,0.684662976299577,1
0.9400659236142813,0.377240559330684,0
0.0965531824797694,0.44247926803242144,1
0.8416775446563854,0.4032603836461126,0
0.09770623281010438,0.6234189856155937,1
0.7176723805992924,0.2505805601989586,0
0.06216785130720048,0.44245947327965607,1
0.7968158302570284,0.07847633954665734,0
0.7306354902042987,0.22654203527087158,1
0.7293498872822011,0.9264437754656353,0
0.4168818406246285,0.13693458932950864,1
0.7001670971130268,0.46921584370445,0
0.04135844947834777,0.20717253120323909,1
0.8543777157593718,0.34222094358580646,0
0.4194502222500832,0.017502069531120656,1
0.9033271926887092,0.7670613105937607,0
0.6040243166081866,0.0978231729877782,1
0.8132801443791613,0.2918930479463425,0
0.49110632791119513,0.3063461175652674,1
0.9174261887212968,0.17130233813568896,0
0.3717388705258712,0.33465067951063576,1
0.3816598550494127,0.5947770609733424,0
0.038064899741521496,0.3863065050064204,1
0.4446575608920258,0.3816903206550263,0
0.005446706468696716,0.5983508170140887,1
0.9456229884690501,0.8749198231191847,0
0.22696192519624803,0.9403348259299831,1
0.8161048330243388,0.4673766597093221,0
0.039540160342811825,0.09334716075150584,1
0.31833070528639795,0.5795953315841431,0
0.1872661495580965,0.7807637119571028,1
0.523687021864681,0.5891431648547296,0
0.4685046878809713,0.9206544022266844,1
0.7261293286179408,0.4569961429223117,0
0.05336231877537667,0.9377009205300108,1
0.6399551575523514,0.701622666618259,0
0.1683377642332622,0.5347914691483387,1
0.8676732429145805,0.3390436753351822,0
0.5971326221569908,0.2795542765826379,1
0.9389145229631845,0.8811670931937501,0
0.33415176498073385,0.771997815181367,1
0.6221183596773202,0.31175179753261817,0
0.2576606061651605,0.06589307215416584,1
0.649444034062465,0.5858386748209384,0
0.09864717862597194,0.3928023504787236,1
0.697356658460161,0.9889588441527463,0
0.39780727708627617,0.1777806861848542,1
0.3559424985804822,0.5838223077974429,0
0.4482408145146026,0.8626332147387697,1
0.9117594010307395,0.2960287613074677,0
0.7594852153119821,0.8692902197261219,1
0.7345786081107729,0.3499428124574805,0
0.3376649680077073,0.7877488554727606,1
0.7818233390171181,0.7707826283933437,0
0.03792443406181345,0.774150026165773,1
0.557626545949143,0.32394441039406585,0
0.6109025625340866,0.7558381112610575,1
0.7981466442328401,0.877452434122,0
0.6056110982521007,0.0538590332844453,1
0.9891144323219899,0.40841497285601924,0
0.033209913263239854,0.21326730556035578,1
0.6531745104617631,0.5059858936472499,0
0.5191885030260015,0.13267848421285589,1
0.8211329421997583,0.33715855402172434,0
0.43206182049358244,0.3574539651116687,1
0.832900101053703,0.46997488867441106,0
0.42523884359014297,0.2506499106934075,1
0.805271593884467,0.6461988231650693,0
0.6211118176008986,0.7675497884344926,1
0.6286958452711289,0.009251783135283409,0
0.3470211497024134,0.14037500994468965,1
0.6237113016588648,0.5455332887512003,0
0.10376478540164091,0.7037188186362355,1
0.8137722526423904,0.6747437624546325,0
0.3313250637876868,0.3530231595106724,1
0.7954184732848368,0.21687231035531207,0
0.2164772334241707,0.16658831656489792,1
0.34150135720546093,0.4741249180078272,0
0.29266276431565375,0.791270782786216,1
0.6472214701629921,0.576468996461912,0
0.17914740344250346,0.47107483720554333,1
0.917652845496486,0.3466659544145837,0
0.503380059654345,0.22061080677761702,1
0.882200419528477,0.12934143097101503,0
0.10057732402598107,0.9530465702074898,1
0.8096608032830489,0.5337442948771622,0
0.3788443840679909,0.7705404813539879,1
0.745083294979866,0.29789623019951006,0
0.2118188896632296,0.9212986394934901,1
0.9686414684692264,0.17800384362314914,0
0.013462259122340448,0.462699473867221,1
0.25020783297223337,0.5448869327245406,0
0.22753832773818872,0.24394178469989425,1
0.7273698762627231,0.6711148891131891,0
0.16639905940699884,0.5382326032449085,1
0.5630763221054227,0.3734354848939183,0
0.33212985135556283,0.6053442915895011,1
0.7503143391892677,0.6174317951894024,0
0.3433133457110198,0.7425297149686259,1
0.40371398782381696,0.49120769799358566,0
0.07175077851371547,0.9566650826450158,1
0.664076537183172,0.4449658609577327,0
0.09826918780646232,0.32245963599771554,1
0.5545646628191551,0.4935421213101506,0
0.6309612360715898,0.27510468278725375,1
0.3020937920917316,0.5698511388897615,0
0.1256581032812223,0.9890398935709203,1
0.9192092267143351,0.040872090592100285,0
0.4775241794089631,0.9030368284502023,1
0.5591505404044783,0.3606200760077197,0
0.17319655682111912,0.7512912908832367,1
0.9195681517947493,0.25460398070756796,0
0.14464272029670544,0.88898472449128,1
0.7914087723013657,0.895042790414702,0
0.6329161722523169,0.814997756078566,1
0.6476234821037404,0.6201297924268185,0
0.6215644369385244,0.72681945626107,1
0.434429527419548,0.37866404850441704,0
0.5588308845394321,0.911778617443548,1
0.7880219633963725,0.48834683078631147,0
0.47506870857303174,0.33894036074426337,1
0.42459564788925475,0.44702623856644197,0
0.30446938591763006,0.25708886891722504,1
0.9251638999020237,0.5370404053575918,0
0.027920317615261925,0.38998213831457595,1
0.9990448624750141,0.9832091119531597,0
0.2571925464813207,0.8233267922329423,1
0.678371421025627,0.973774089233275,0
0.2863898465259529,0.043792018733216476,1
0.6454454450080245,0.5797454964848705,0
0.7601486933492272,0.1716989862804167,1
0.7302697698694891,0.4703375871533637,0
0.59225803031138,0.2448588782929808,1
0.729508335020811,0.5697589386551745,0
0.11955995666586261,0.9736811672519954,1
0.8858886178268881,0.6320572263716929,0
0.40749728766057747,0.8516470304339725,1
0.9487198319552175,0.9491042722734367,0
0.23573721030411277,0.7539816794981293,1
0.9643380250370971,0.9912481412120451,0
0.39855899731210853,0.3272072444831374,1
0.3809904336085571,0.427307654495515,0
0.131162891789111,0.543559869957559,1
0.6955190874624376,0.40993908732814477,0
0.07563531701094484,0.40132629624355176,1
0.9247208062117942,0.7194805540981287,0
0.46079928099127543,0.6964898968327466,1
0.4159873522334222,0.5171697844735056,0
0.7009563815393818,0.8442935559326925,1
0.7384817907727914,0.6180110588763508,0
0.7377612521180426,0.13836382978052042,1
0.9176232378073994,0.13539150129507482,0
0.6443523198997763,0.8970537700306478,1
0.37764541275592034,0.4773859334109294,0
0.3160633896734597,0.07371200633605923,1
0.9367349157456032,0.6162349036235819,0
0.17064044088983088,0.20662504384488367,1
0.7918805192246808,0.37674653777255085,0
0.274543950082909,0.12116836381051244,1
0.7563375719082778,0.24044291379898852,0
0.1857081645098938,0.654265657844874,1
0.698248126021407,0.39110531256028513,0
0.08820717027621316,0.9860689226889587,1
0.9195619089135165,0.7374259727232092,0
0.6481830837790343,0.1970591475421294,1
0.4704782581595698,0.501344495345569,0
0.07034440895891236,0.4724751864387081,1
0.6874992972032382,0.5595702977348648,0
0.10165937486385479,0.9674147686189712,1
0.7990539038748598,0.8727321185804354,0
0.5251848541457588,0.0660304916520188,1
0.36472145746643525,0.46899131975414743,0
0.3248895974214927,0.9576836277604597,1
0.629130892416453,0.559159312681311,0
0.034047478502530315,0.984892249542439,1
0.6934848269429867,0.9960386767248854,0
0.33490515823288536,0.17216260713012077,1
0.8842086185368909,0.07140497361149811,0
0.029280124515985162,0.14176730052360964,1
0.7621378769485997,0.5952718253781453,0
0.056159536032690194,0.5975304825767621,1
0.8354131045385982,0.4242128050446735,0
0.382614656431958,0.9346383880017234,1
0.81181937432358,0.33923552656797795,0
0.5542354608804063,0.7188017953392768,1
0.4408144839718119,0.4460047045565646,0
0.5592905189035053,0.1786875750034329,1
0.7237712079883798,0.3324339047678432,0
0.20030685371999757,0.7360377272053168,1
0.9236475783351863,0.9147752085124745,0
0.7870519609267493,0.17346858073732463,1
0.9680477317793181,0.8581124684120748,0
0.6017653312271477,0.8571768769310233,1
0.8395972095545351,0.21461732120279275,0
0.12130305813248254,0.5891104816505092,1
0.9475583034100148,0.5341219805844584,0
0.7328947498457753,0.7833670455499583,1
0.5466388860540475,0.568980576062563,0
0.09470066963837531,0.005357637360216105,1
0.9202582367339801,0.11217118964003425,0
0.1140923562782239,0.8334068018113358,1
0.7496556970625903,0.0942560015552859,0
0.4947140661200793,0.6664854479862513,1
0.7898900247924484,0.6939530567914495,0
0.3434145622900149,0.9484469982733416,1
0.7639685890856261,0.9816419469284796,0
0.5617101343127077,0.07843007035776861,1
0.8644645325499132,0.6326421158812533,0
0.4988304220700738,0.7930530887097433,1
0.8153094971511767,0.6130697711461173,0
0.21841201051685977,0.024669264505552624,1
0.4495345372247239,0.5080619944482108,0
0.16222318122397839,0.6650495548481202,1
0.21553713175247968,0.5279928970377443,0
0.1945712553833221,0.3894645156360709,1
0.9624675943382164,0.018330391581286687,0
0.24032551403097668,0.6053189230318939,1
0.8405035007789433,0.24510997396935308,0
0.7034877970309198,0.25153289673039714,1
0.6584801719171879,0.04582980166373307,0
0.2062612679853697,0.7245025558140307,1
0.8039402343817839,0.6355680412858035,0
0.035442868961131246,0.0007981394520226726,1
0.798538055486661,0.741236023551201,0
0.5185813237710204,0.8560681814187973,1
0.8991124056445277,0.8727741087557714,0
0.32002105751963783,0.0819649629791459,1
0.9971380648916438,0.5347298019578155,0
0.2572899912008134,0.6695598004861254,1
0.8760352454664612,0.21138598130463648,0
0.6322666825762666,0.8386710942365387,1
0.7458174512075724,0.48016719236962435,0
0.28799477419864583,0.16134737192895765,1
0.4972138758485085,0.485947500712512,0
0.24486329826341102,0.38102742165758985,1
0.24241325899368005,0.44702918255688884,0
0.46057118005543407,0.9318875548391246,1
0.2882655177721014,0.5262661439665646,0
0.48328756760515357,0.14008612022298972,1
0.8973674613565874,0.38352006731682997,0
0.1603131022048644,0.24220147482391996,1
0.5574960123638237,0.6064584783560248,0
0.02094700512828207,0.1977275521686176,1
0.7860126617156118,0.7951732486199192,0
0.3337632300278406,0.12104827020691078,1
0.8552016668582053,0.8681349838759467,0
0.35564481452833296,0.0574296873518888,1
0.8316072882602471,0.07726562317546704,0
0.5267991515686726,0.8389568764451149,1
0.8977060419347942,0.4389862904799816,0
0.28821604218161767,0.8431054766322336,1
0.6238920644484093,0.6370025271975398,0
0.13070176289770308,0.8193697171759308,1
0.8945807359175814,0.5722303338523995,0
0.6379407265655085,0.16293366947490429,1
0.6877399822825951,0.5353194260914993,0
0.6334553948380237,0.7864193562242912,1
0.8600294519069656,0.6899442628795358,0
0.4829092213934638,0.04725754266314053,1
0.6368041779807007,0.039185578967964596,0
0.47773418933703393,0.8636031504762699,1
0.7649775450803149,0.06933450005338915,0
0.06308499154480329,0.9205878478352878,1
0.8279105617037178,0.41138979943991594,0
0.17977630818253953,0.5422324816002707,1
0.9300665978055632,0.49389666606843174,0
0.22863209611735014,0.7276445760790573,1
0.8751166679353664,0.7093539048549568,0
0.6809358580653139,0.23832658074640933,1
0.8411983077415054,0.8706336676732517,0
0.016057321973767746,0.8611630551935663,1
0.8013803845828013,0.7023843607693255,0
0.5597545033946019,0.9252106930117739,1
0.901471334775346,0.14532859145014898,0
0.6151562978148931,0.8281392077492432,1
0.3770312837534776,0.5345095100855445,0
0.15069537387826526,0.5548829297797931,1
0.5187516443965751,0.5843539582661983,0
0.6878669189480793,0.7732860619276101,1
0.3380672873595518,0.5027704593289274,0
0.17945479978974832,0.4698410836674596,1
0.5446813018075503,0.597607332628602,0
0.19198519401018144,0.5713598087753679,1
0.8137479865375968,0.6832710884788705,0
0.4274187575811773,0.8832471531188819,1
0.9029369851284533,0.42761682978555027,0
0.5832001247153724,0.9523303071278175,1
0.7953453173992925,0.9751400025284155,0
0.7124592745207211,0.10283157971677626,1
0.448450151263333,0.36039683423920355,0
0.06502653492485067,0.4146979935962528,1
0.9428238355688667,0.0785561216995947,0
0.10048979962255367,0.21781206863092828,1
0.7591923409066286,0.5442463259025984,0
0.23970918193059865,0.051353459022319914,1
0.8065461148372808,0.05652281864517483,0
0.15759090678465315,0.8938875618844997,1
0.889804366367337,0.3932411128701673,0
0.5808006379360812,0.8703442310147966,1
0.8091247085414337,0.10238018672952998,0
0.17234721007142395,0.5143001466858739,1
0.8854834346698766,0.5950459516142619,0
0.577146306131825,0.2302888490684475,1
0.6775581866072331,0.021228482797886805,0
0.5332148320817262,0.046434328318763485,1
0.8111508486975442,0.8633190099883765,0
0.18106647537734488,0.952226742924272,1
0.582496479349252,0.4809554314629746,0
0.2119912286489275,0.03855342313204124,1
0.2970548455340781,0.5490348966086269,0
0.05526176040440545,0.7850637516795538,1
0.9739697179229977,0.523094833654276,0
0.34371337885333786,0.2224598084415197,1
0.7460713693304062,0.9805317978092032,0
0.3745849876447839,0.04203396150468197,1
0.9959210641205477,0.5173017518942121,0
0.01056174094165696,0.59725918012169,1
0.8780593048926307,0.9215271325088891,0
0.1087410628978106,0.30230354189466824,1
0.9770058723966916,0.2867086834964383,0
0.1257412539930124,0.08165150364290996,1
0.8706216677836528,0.9357605243335265,0
0.33036909753424315,0.3778577911129475,1
0.7615225753602782,0.698333528802586,0
0.3300620861190885,0.20750573644277304,1
0.463218384081278,0.41813957715988415,0
0.5747722410406526,0.1901002605924208,1
0.4045634573843562,0.3804339722513642,0
0.5114226213859034,0.7952791863785962,1
0.8108924859708535,0.9991080136972758,0
0.16797175592518399,0.4451738405861606,1
0.9461182600245143,0.8972190218255449,0
0.48656975468737107,0.8652454612530709,1
0.985570769047521,0.7308032522441037,0
0.04648971961228421,0.39710951188493193,1
0.3555876934826552,0.5895736231855839,0
0.3130374168092961,0.7052854160351942,1
0.7913601916346026,0.7364252498807097,0
0.49612056575300856,0.001855325097408489,1
0.5894223710843988,0.011026828153382073,0
0.06958322957165164,0.18446636839877795,1
0.73463623762072,0.09458540571165963,0
0.12125055698593967,0.7703800074912259,1
0.9753845141888645,0.5725061238382966,0
0.7841482039274325,0.15542583417016553,1
0.7774911048883891,0.4839527398448933,0
0.226279498245627,0.30465261771990626,1
0.9845514346365671,0.005275685725195656,0
0.19089183918714203,0.8080578601692237,1
0.9425042667374024,0.3273777078753536,0
0.36236802645594013,0.01491710812580127,1
0.8856179379245872,0.6845621110735958,0
0.42734400835775654,0.2858552410042473,1
0.7827319934478494,0.056583389424241015,0
0.6474007140867791,0.9331077654483689,1
0.33913895034350805,0.5595132563052898,0
0.503921607935085,0.8233822722661283,1
0.6800685803659251,0.3038473573670043,0
0.2710753180337342,0.122065202549698,1
0.9729013333267488,0.793024444290221,0
0.25175286396791074,0.3231605771356487,1
0.6867632073670624,0.5076587959161677,0
0.29047591180661936,0.8152726822170145,1
0.8889236880395815,0.17088164305948306,0
0.1687758182575847,0.9580494822665001,1
0.9861773216504367,0.05616105019665063,0
0.5542020838260061,0.8377695036242321,1
0.679825660319822,0.7005301146149081,0
0.4150240911532871,0.881550556928745,1
0.6093727470299919,0.9799045628445651,0
0.28745760889136085,0.729980193309056,1
0.33598254301196295,0.48105765795942856,0
0.16071332758920898,0.058313780481466626,1
0.6981705355862317,0.5535320170388984,0
0.67694722385636,0.07079527770917093,1
0.5847242769226452,0.687382642106397,0
0.13320766128009642,0.8669130427429205,1
0.7211796305981153,0.9593267684844966,0
0.017369150315408755,0.2296474795644956,1
0.6342658164000305,0.504944695555893,0
0.015494683547859989,0.11371804363321969,1
0.9946299014440818,0.7405609656867046,0
0.05566518944916066,0.6312670909772222,1
0.8679689734663886,0.7122566576568328,0
0.38500828322696834,0.2348947047829164,1
0.8869787803514906,0.05540838463396425,0
0.03692841256060708,0.8354801364888461,1
0.6906524617885553,0.6070163556210145,0
0.26966883941341957,0.03545162329738383,1
0.3608468237319321,0.4119630534414386,0
0.12481728268589043,0.31125583179432026,1
0.25403482171028957,0.5429779284782074,0
0.2968416816766746,0.7625243930967104,1
0.8045959028079958,0.6527202095917488,0
0.5385319678102239,0.057465905661052474,1
0.7711858593724209,0.7142931663213264,0
0.30655365781487154,0.33051919909590055,1
0.8315004343230927,0.2812616399234745,0
0.4384068472611189,0.1366523988701812,1
0.9184521890006839,0.6973569208673109,0
0.5776268348078765,0.9258777610880217,1
0.9037563158493306,0.45547544164100484,0
0.055961481534234636,0.6195539465903674,1
0.9750612202023776,0.7530345354527485,0
0.022945171506289608,0.03842463586408984,1
0.8297574268487259,0.2035837941866946,0
0.11494248028124243,0.8736229783634573,1
0.4202273644485114,0.45273285304517197,0
0.3298856057261793,0.30884645578244496,1
0.9682254356654532,0.6972987605579762,0
0.4316813848626194,0.07701071068202725,1
0.4410040922261197,0.48107817397611596,0
0.09967820044595221,0.19976805344196913,1
0.9849510648294758,0.6042193288101715,0
0.22791618114180057,0.6244780854404393,1
0.8568898036551339,0.8977014644723013,0
0.11308508504792647,0.8846580132575523,1
0.8146849064508783,0.5958984894193377,0
0.034961350401891966,0.14591402993314773,1
0.4139508565839001,0.5920063558379627,0
0.5424596228752826,0.06230208711675278,1
0.7713524296987344,0.469785274861388,0
0.3867085005068993,0.7352849317710064,1
0.550473146713363,0.41385598175713345,0
0.09430192123508863,0.5185944546958879,1
0.33466877406967965,0.43640118756068824,0
0.1311174177034239,0.12438446029401695,1
0.9756652865001585,0.8808732889879681,0
0.7183333195571394,0.7805987553556009,1
0.8895329670433464,0.629630320612844,0
0.2582054741318247,0.11312058194163754,1
0.7100417931704621,0.6172208348362589,0
0.2837578176123956,0.9586246092269539,1
0.994714227555269,0.10070110721034753,0
0.4918366450453605,0.19582912863661595,1
0.7952736213605102,0.3742248945255371,0
0.22535922906897976,0.31717918399559153,1
0.8969539751865546,0.35507056282731864,0
0.20993335025754656,0.1484946278061755,1
0.7994262690145109,0.9153810346528064,0
0.25044614278399424,0.9282138443799157,1
0.8021309900631792,0.4394270649623788,0
0.019994503467369085,0.25604165122526046,1
0.9671624016765095,0.7158852976881817,0
0.10700350145967086,0.5563825675141835,1
0.8902842931461973,0.11601267464460852,0
0.232530557208934,0.7536460774644378,1
0.5753968531561349,0.403168711488361,0
0.40593392844803655,0.766036631092297,1
0.7051886601346361,0.05959689226889231,0
0.4188104002313522,0.6771767136226211,1
0.451105826062833,0.532773914301646,0
0.5518576528050728,0.23814017068400994,1
0.5870979410822595,0.5671510644703873,0
0.35995650412906,0.8697621124281585,1
0.6796821222699547,0.954618957116507,0
0.5928507605335961,0.8752341557630875,1
0.6743353049922017,0.03587174085994638,0
0.3797708560462202,0.7679317676263927,1
0.4344017722887753,0.5036535200715908,0
0.6925699845869543,0.8159108629265962,1
0.4436155685342371,0.6415780986167042,0
0.17118071729513817,0.4779054717796005,1
0.9587171466905453,0.4552641715383384,0
0.7405782570941811,0.8558158443529159,1
0.8457719881204371,0.04140705096065356,0
0.007635535256927839,0.9643327246293785,1
0.9931246715866969,0.35275305204964535,0
0.36700938871477906,0.20673171554011327,1
0.998786401776854,0.19083716417701335,0
0.2432029729064673,0.5984307132514164,1
0.7426457849274765,0.4471541269852346,0
0.12249778537111888,0.3964890238721952,1
0.8316514390947152,0.28018462328379057,0
0.5643658478832838,0.04435565344167369,1
0.8862245499644729,0.903021255076073,0
0.0837007227764911,0.8488954278167541,1
0.8549235257424054,0.8508383177309379,0
0.671984970307117,0.0859410008936704,1
0.9535746743400729,0.9925385366940238,0
0.12578502074458864,0.5967919939442413,1
0.7336710657108749,0.24274702578367202,0
0.17365970240706718,0.17343824561269372,1
0.6220440713048158,0.34867975636091864,0
0.11102355262596142,0.3136403968978543,1
0.4794539116875898,0.5734818106559408,0
0.2794894540147015,0.23503158822728565,1
0.9795084332656689,0.4203548968376748,0
0.22960806763806774,0.6492428417515704,1
0.7756126931596268,0.3386555796379337,0
0.11638287807043701,0.05026477397365503,1
0.3882549852211402,0.4675490241286234,0
0.7201276234686181,0.8867869957202502,1
0.8257737139926694,0.1861087846939672,0
0.41505735187358417,0.11260090989717098,1
0.5662543516757461,0.5071994911507005,0
0.5472319263221631,0.21814703531144874,1
0.7260308897032179,0.5496396856739274,0
0.2246060356934132,0.3212415378087127,1
0.9436073473453565,0.520941832252614,0
0.3940812830792757,0.9421358860191683,1
0.971889831079769,0.6347943007892184,0
0.15681237471267717,0.9520329804497215,1
0.271458475537267,0.5697382046733414,0
0.2821407161779015,0.595443781395194,1
0.8167031941812019,0.6913384499688708,0
0.31371938536495936,0.09664561305769936,1
0.5499746005397904,0.48423164717170064,0
0.21407476774214673,0.9973157583892196,1
0.8200503080425922,0.3404477846663443,0
0.20457232403262215,0.7792414721600216,1
0.9486206856448086,0.9182981719529228,0
0.2825693432784021,0.32988140946170064,1
0.9670249666867567,0.9402229309268246,0
0.30268810142915137,0.15114184024043142,1
0.9664263751836849,0.9705748879957815,0
0.06664545660266874,0.9300553579391163,1
0.6217803473563625,0.4832282026748106,0
0.1846170248811213,0.4077773879389176,1
0.9620674184009202,0.3799243763381973,0
0.24298618735296262,0.5640933095757714,1
0.7114164382929556,0.3009813774804386,0
0.20051027439261393,0.1886135088051295,1
0.3381166183133778,0.5659464028776702,0
0.09978722159906372,0.9300103784725121,1
0.8051895583543156,0.7029062190855216,0
0.16966461735029037,0.09537688462663996,1
0.683836038682621,0.6364802979852746,0
0.2897851151999705,0.9834074795791078,1
0.8260361908840846,0.7313334064437605,0
0.4883669750902975,0.07490099053701593,1
0.9990622137620633,0.947645264010236,0
0.4910708745136084,0.255605596143089,1
0.9803246111531945,0.05542383563853648,0
0.0679028805959232,0.15445908850668755,1
0.8731257351071865,0.7674093654111191,0
0.1817741221870861,0.06438637824414584,1
0.8661656085505471,0.4425958484230743,0
0.47190257671062785,0.6904315122978927,1
0.7718911574392479,0.9813506136191757,0
0.3813486157702989,0.36991118341101803,1
0.770103413654479,0.7682305895616984,0
0.32602475588779056,0.9423620049183503,1
0.6053945569697556,0.6855575602072044,0
0.6699492652009806,0.7847182536456111,1
0.3405265161891461,0.4150492253298059,0
0.11682528072029263,0.7948392922483302,1
0.9449298710300706,0.3707116449715855,0
0.5433743108075432,0.20265183104120388,1
0.7827885524310303,0.03963852765587017,0
0.22908060003682673,0.38626346878492246,1
0.7056996243764326,0.4216181809881987,0
0.10722518369513168,0.043585438846213465,1
0.6506098078560463,0.006013335196748293,0
0.26373181512281607,0.7544458614755186,1
0.8266493585079359,0.647298915073897,0
0.670621324266571,0.2451058365829163,1
0.4377467322425078,0.5470000618829398,0
0.18840987694451594,0.4531729046833344,1
0.7006078273477439,0.6977583007209113,0
0.10862961534857551,0.7892832492383365,1
0.9523154343582786,0.915551910301949,0
0.4006167452039693,0.23249516454897767,1
0.9893524863702418,0.9784129458504986,0
0.23230366454857976,0.23577329016498094,1
0.8688033127452661,0.7976635431418142,0
0.001332614519520714,0.036241227567985645,1
0.5403855459773658,0.004233547074092514,0
0.3388329536048804,0.19115655777835738,1
0.8933813583973323,0.02403154262734153,0
0.19764844985177565,0.6931671179909288,1
0.600657993274738,0.5860338681817002,0
0.576934422176171,0.8670941081994024,1
0.6438258501166138,0.717510839927132,0
0.05853758694655398,0.04837618721275183,1
0.8307060127609808,0.5964005285084949,0
0.4502733551132301,0.7178629426061285,1
0.8576675004380055,0.9338975738176771,0
0.05723308193634913,0.7516590048864561,1
0.9883078215196315,0.13542581679321586,0
0.6334805830745794,0.25257770140979097,1
0.7657953545651545,0.638478968816814,0
0.6285403790217354,0.8985269290369862,1
0.6981073010223203,0.5493541425561369,0
0.32377610799828793,0.8842679570769724,1
0.9373788385465535,0.6644660532196517,0
0.12469647057616395,0.8709632307789663,1
0.4791923099110844,0.35279710362701044,0
0.5024777829440606,0.845567813039924,1
0.49166803002268367,0.5970812785122293,0
0.11945220861446881,0.13111387146695852,1
0.7340816454004864,0.36981254490717475,0
0.20331843763302238,0.19406770287572128,1
0.8334075406445773,0.803285024394281,0
0.5403990474073629,0.2862278056078106,1
0.5060695881272942,0.35047181508273306,0
0.694739259516807,0.8094583610961362,1
0.9177563290909486,0.6768074391649131,0
0.7670587778661379,0.14189439113435542,1
0.6215476819771574,0.5233719401325992,0
0.0034606650512709614,0.44005569408080625,1
0.5336234528121092,0.4043261808854761,0
0.7229378972208372,0.1559775437304729,1
0.4819379408367669,0.5259070542879515,0
0.3435518232331378,0.839154990339668,1
0.42367940934425674,0.45114618746435486,0
0.1361803960111897,0.45612833765170724,1
0.8423409187326687,0.7239809963366307,0
0.41759855958147296,0.817800788403401,1
0.9435507760488399,0.7678605687228025,0
0.0062172239298711185,0.734054916138852,1
0.29618844164082925,0.5726454863649937,0
0.6262227491331962,0.07029567145283067,1
0.863503659089081,0.43690552486259204,0
0.3500916601941463,0.8549082685831559,1
0.8315862926925155,0.275515422248387,0
0.3407656758779961,0.20162627283072354,1
0.6181068137020947,0.6634061593159694,0
0.5611629175354921,0.9575467154356592,1
0.8369007878122406,0.5488058247626124,0
0.1964998033154559,0.15740678137079556,1
0.47129406213875846,0.545096115904575,0
0.3675200600307751,0.024294710511286066,1
0.7659878668845941,0.06098951115159501,0
0.3378862532916015,0.9592252053604511,1
0.7912512164584015,0.29953631127327385,0
0.475487773321444,0.31669006879717365,1
0.39087893355497927,0.5447742849723515,0
0.2323777080343079,0.6917420040319149,1
0.9486208366509984,0.14320361496484701,0
0.23971326973522522,0.4148273858940553,1
0.8573424004046415,0.7085111110862746,0
0.6901239610211659,0.8357456595586746,1
0.6950856711293869,0.3005315997580529,0
0.44352960740286196,0.8836012989044313,1
0.7434580992270705,0.3256268375977852,0
0.505609327216537,0.04780584006045785,1
0.737972249663984,0.38290884231095323,0
0.723599571659165,0.2196395947253813,1
0.803343622871011,0.3036214548791377,0
0.3246220591676011,0.940561200404072,1
0.687363895910254,0.04547753882288608,0
0.7608002598532417,0.857843839479896,1
0.9528221855743957,0.8292296766521285,0
0.6462665999424622,0.07173899489167679,1
0.9296342916836562,0.18586290425756158,0
0.34768295502771496,0.33364780390392457,1
0.7098332376437436,0.3583435220812069,0
0.18312143319593743,0.30683880493653926,1
0.90872469983724,0.7878190205490931,0
0.09713514254149402,0.9474847183809132,1
0.9549650166347377,0.46540456230971494,0
0.14339180050801736,0.36861737663381233,1
0.8991133039301874,0.7753895163044787,0
0.6202204727588558,0.13605519543331246,1
0.7406749481935361,0.07493119526402914,0
0.6974873508168237,0.8081537891137488,1
0.8473402728568624,0.06867909153193463,0
0.26542277816131254,0.08395451419882638,1
0.5844694116929389,0.6014078902571569,0
0.43858356422716227,0.6995093032535021,1
0.8099912029658959,0.4131828223344598,0
0.3729554617960006,0.942485575047248,1
0.8607289644777028,0.7464995839522316,0
0.3176852317084303,0.8586806198808874,1
0.4690064684092704,0.5773693589708941,0
0.2824058483476294,0.874707317458867,1
0.2973997996814839,0.5638269254904456,0
0.19291845882693148,0.8876643698628318,1
0.7840142351551623,0.7839074751563562,0
0.5535269329993588,0.9593767742373049,1
0.9375406332514301,0.9552267321284603,0
0.4905096206506556,0.14858250231431436,1
0.7785400776882266,0.37579804554723284,0
0.16029036602036928,0.301483963716902,1
0.5436004844257009,0.6171386041498043,0
0.31492331680560637,0.9720532403533612,1
0.954194316924552,0.4641420459083452,0
0.09071337245601852,0.30744824348475785,1
0.36806444261522775,0.4768145035065954,0
0.34835409663528105,0.18176634872639108,1
0.8095130950401909,0.6534567671184622,0
0.6346381787155052,0.05148044174648014,1
0.8621779374077844,0.9975122884200286,0
0.5454308261475082,0.9221306570995336,1
0.8420851035474337,0.4981453177760037,0
0.28916585735406364,0.3095880484751924,1
0.5822956624447726,0.6843628614006071,0
0.519753666597489,0.03590861048844918,1
0.9849111421933141,0.10980542741904109,0
0.07915816703146139,0.46702280866333523,1
0.90549242367443,0.7455810042207108,0
0.43841372044260263,0.7914346822882772,1
0.7792683512117312,0.9769371625370105,0
0.5807021766265661,0.7463856198005205,1
0.7862081757937356,0.8958687787490619,0
0.2571794420148076,0.6050724417499564,1
0.6900006187576659,0.6125284975109717,0
0.31381456003825636,0.9720440523418211,1
0.9749411180426144,0.0382869119871605,0
0.3582845734193244,0.18551123823464477,1
0.8152368969441083,0.49784466792180615,0
0.24534965292383115,0.8057811820748392,1
0.7444678334771245,0.998231866857917,0
0.5273973575320438,0.6940013649654463,1
0.26610762654119025,0.5422731399614823,0
0.37311779210065343,0.8428836282553243,1
0.34613751587475705,0.4972803277743246,0
0.206187830263716,0.47426444337701446,1
0.8557148676149519,0.2387730847328039,0
0.12648463834860557,0.570639521933933,1
0.7511965472948023,0.2766331318012494,0
0.6164064500669673,0.7704578491804314,1
0.4582768734970314,0.5245570928328357,0
0.3297950539396156,0.8241576246879541,1
0.8761053199602616,0.18800406952597626,0
0.2234597491531649,0.6351106750275722,1
0.8518869194561163,0.5247203512832698,0
0.4913493338826148,0.1332920190616007,1
0.8189937841451728,0.6507175945529347,0
0.5267683495671281,0.08707396033713788,1
0.707640535562477,0.9916514072352473,0
0.4261306672412777,0.09862351294416016,1
0.7023361650365091,0.6634683725085951,0
0.5127494167497612,0.012467609392882717,1
0.9694451053309229,0.3565583408250469,0
0.5536645821569557,0.7286802950727853,1
0.3845375798726087,0.46882838702956964,0
0.12267986356902161,0.09110490847607944,1
0.7891475420856975,0.09570562149011785,0
0.4232307047096079,0.8569037192348191,1
0.8957037664107096,0.4916717719892679,0
0.0294961137183698,0.4669312804308714,1
0.6487371591868271,0.5709520986371964,0
0.06426546033881297,0.2757329971301671,1
0.3182639468328461,0.5311150607924594,0
0.07374331946571622,0.3019812913034059,1
0.5598404311338109,0.6343882260939787,0
0.20454862970195686,0.6002999351498807,1
0.8520443229895344,0.8491061334837565,0
0.34376831933454377,0.8089805212299797,1
0.8805583526511999,0.15345739198369324,0
0.5022004300704527,0.00341197732099896,1
0.5639176601311879,0.5578091677470535,0
0.48141788366614935,0.2697363739787808,1
0.7967117308193231,0.850738874537361,0
0.10586543051299036,0.6952902338252493,1
0.8230830102223666,0.042747644659761996,0
0.31899030411679974,0.3819898051643712,1
0.4611242158637613,0.3658518898741895,0
0.17860704866118193,0.11924485725671108,1
0.9358296622104572,0.6266312510043678,0
0.07287665902141516,0.6748788588165986,1
0.5846668496754628,0.3769267963836256,0
0.38590369028021987,0.6385495590509551,1
0.827320385031761,0.25615941105444273,0
0.49109397018249634,0.12621732839505917,1
0.8362079332429656,0.838475143090272,0
0.4514426860382881,0.8379204275794124,1
0.43247249189744486,0.493737292122454,0
0.2003087849465971,0.592886547328513,1
0.9608920907037648,0.44382043605317645,0
0.40306027444537373,0.972039411085562,1
0.7145068135000163,0.9824336127905887,0
0.32120733982641936,0.08378974314826915,1
0.7312773131937979,0.9618799004756092,0
0.3698207171339304,0.06906824631719155,1
0.9998230688559284,0.5791977662498533,0
0.4894447746261318,0.7116254354618966,1
0.5295664756033809,0.5910983933699714,0
0.029431436499560815,0.6317995163497601,1
0.9210788760433947,0.15432788674579156,0
0.2603004859843566,0.7663104343745929,1
0.9061585630197817,0.5197037541363669,0
0.36780653627645266,0.933361845980916,1
0.8044858696754358,0.41986220578725353,0
0.007428153158132056,0.5539507326850549,1
0.8027465838990109,0.21782446325383176,0
0.17412064771457703,0.6018245510986677,1
0.8007742990019081,0.8244650049126627,0
0.450556495093555,0.33731918060195154,1
0.8924869567637387,0.7038858721609402,0
0.18542774878055723,0.29016322919744153,1
0.9718953199758299,0.9933319413555838,0
0.5310065420408967,0.3112747107345504,1
0.7587024064433074,0.9736284422346073,0
0.21359849108335438,0.6577353077835587,1
0.7133532917762992,0.6048511737842355,0
0.17316351046479972,0.3139252512241769,1
0.7418816658532568,0.09778341833672222,0
0.7159128117954738,0.15584883675646788,1
0.34428088566480064,0.5535534349339978,0
0.46573894962885465,0.16058251298641646,1
0.2111698272758613,0.526023785329547,0
0.26728747746059767,0.9314163356431285,1
0.4351398190825263,0.5632393910556837,0
0.6811687563332648,0.08522185639671909,1
0.8822981139783045,0.6808603065282055,0
0.5413244210205329,0.13079001639955645,1
0.9897973324970616,0.5905347797923685,0
0.3190376011370012,0.9974859264905044,1
0.9211299448391057,0.7015101435074926,0
0.6543050909470975,0.19069067521187,1
0.998663234481439,0.5722195349844893,0
0.6369144039956116,0.2547199777436966,1
0.9562951661946948,0.3063648298332039,0
0.46893071361653804,0.8643148439629046,1
0.817297121972954,0.8201482832042778,0
0.6326044400328904,0.2059836733524335,1
0.9976183631647223,0.007508934414073853,0
0.1915987952017849,0.16417885309628022,1
0.6593899499510767,0.5122424549550392,0
0.29492863830308524,0.9670702287255435,1
0.9656488831506351,0.02567443249138157,0
0.46372332599535726,0.2919088990819526,1
0.5971961277732004,0.6990335612548767,0
0.48340952329834586,0.7353010762689574,1
0.7439223184771792,0.26517468309707637,0
0.6656001880884799,0.22518579797630378,1
0.7299063650769698,0.44021154682297514,0
0.16084839302251452,0.7423673265512485,1
0.9340048848314585,0.020398228256991113,0
0.06928760422122493,0.47131169451383825,1
0.9197624993934949,0.43918512824429634,0
0.28769619517118783,0.6426916237712307,1
0.7327208167497078,0.6335026046917485,0
0.2249648835682646,0.9247283694475062,1
0.8891176379384914,0.9239756568589564,0
0.25430730180442696,0.7616921988406766,1
0.7877881137747785,0.23034540416527505,0
0.39584467806663814,0.35181200657438894,1
0.9629573579689858,0.6250141094595438,0
0.1113244253015433,0.6000173694388419,1
0.5542374664615939,0.4219911482460944,0
0.23851163002973985,0.08229892318385046,1
0.7709486373707698,0.31828867666663774,0
0.024470239746702815,0.5577221942723638,1
0.36545120755494387,0.5866822879597615,0
0.1063736422366861,0.21990467058619356,1
0.9501171815820034,0.9151409846346752,0
0.4621075940678727,0.9543461926659041,1
0.9822568848572354,0.012695031165239956,0
0.47472504982353236,0.304101142520956,1
0.9126664174814572,0.21566045725977323,0
0.29359573006779194,0.3067331033173132,1
0.8903393955094163,0.3794072011919847,0
0.015560911456643067,0.3244809433193858,1
0.9230630229475543,0.27598342367334916,0
0.18344224184217506,0.9671115370745067,1
0.4962701081067109,0.49720787618613715,0
0.5620065050529273,0.897181021949369,1
0.7288791731119695,0.6670579386180147,0
0.07362413067935003,0.22563992751988915,1
0.8262246701648467,0.3069260034249893,0
0.44961959956107866,0.00898170499231743,1
0.9889857277750088,0.16380050915910194,0
0.3585907098579638,0.12914971511727658,1
0.8334597566424194,0.5538992103941996,0
0.2790080350962234,0.15058094273210298,1
0.6759351119916971,0.970350996024533,0
0.18319366805957582,0.7837374519489083,1
0.545066001566157,0.5988633872152923,0
0.29711563360767546,0.0482379472147878,1
0.9635188576440126,0.37348872600646366,0
0.32888216174606644,0.1893697698973209,1
0.9193321008609303,0.22065600891902548,0
0.5206048553365072,0.8814613891202827,1
0.9130651397698333,0.30546873926541473,0
0.05301988629029086,0.8311413253822201,1
0.880436573006776,0.773247471738144,0
0.29251514103059606,0.7153819505095917,1
0.7798331599965661,0.22764919183833765,0
0.12649185483176284,0.08321600333367163,1
0.8251692219919499,0.1166534737455005,0
0.20263712073263573,0.5889660416121664,1
0.44067775367381634,0.36257777743041575,0
0.745756735917634,0.13923073092394012,1
0.5797289117060035,0.4104923618319908,0
0.5337624704149018,0.7072813154454357,1
0.5039864903351389,0.6207520089956475,0
0.17085375923917034,0.303188396681944,1
0.7071841311205355,0.666058848723676,0
0.13698339578809748,0.44812014202914785,1
0.6181007998606697,0.006630598629747353,0
0.43303073021751737,0.9937443325598944,1
0.3637417168822138,0.550342616294381,0
0.039638435212707934,0.3386401848874282,1
0.9929177627423718,0.6568748070072203,0
0.7187083132313595,0.9061745679198143,1
0.6009280829930593,0.38443126174185227,0
0.0553416682509833,0.9355892377237928,1
0.7406581656068134,0.5323810867749469,0
0.5914354419056719,0.7611267943374229,1
0.8979275786665099,0.1652740524205909,0
0.09901551976489431,0.09762240479432838,1
0.7512536749058016,0.3774764071989778,0
0.3742395289545368,0.363634753926275,1
0.8352088637151472,0.5837375772040871,0
0.18107275529430822,0.17462676981723346,1
0.7604903731095877,0.737459875742561,0
0.12944567165476295,0.9356645323469998,1
0.8608042750196161,0.021557665662405245,0
0.08871386008670756,0.11433851714547194,1
0.8967782029260173,0.1540567397712097,0
0.5018010785788397,0.6909330282375803,1
0.6673749543770602,0.6054939044672807,0
0.056297378551469324,0.34187427416421357,1
0.3643856703108376,0.544920747107368,0
0.4437306551642026,0.23470001496334647,1
0.33557736948965233,0.4743672598129727,0
0.47909302240389895,0.014633040848220924,1
0.951610293695254,0.5727963103854014,0
0.20370446303885892,0.32060810756759894,1
0.43588063323401305,0.4140509206760372,0
0.09551366205179879,0.2432770761402353,1
0.7049187966892384,0.4652623234685098,0
0.1164325449079805,0.37484899465325927,1
0.40495312410722006,0.4824672577946766,0
0.02367403281246394,0.5667334160186719,1
0.9164530605276727,0.8384767302462542,0
0.4644534574917919,0.2515663808104841,1
0.7029022027465136,0.07300262866422169,0
0.5067598455462546,0.8100932815862801,1
0.9640505340335274,0.4977504314954597,0
0.6305402585699065,0.14205427749623634,1
0.793385496840594,0.439986491976881,0
0.6647841474898323,0.12609782207514586,1
0.7289016018470628,0.0035917938497472823,0
0.5000998232435366,0.3019311740211712,1
0.7858522508349348,0.7187187378619224,0
0.4606385665018946,0.003940313714054677,1
0.961296919164827,0.7247431407892706,0
0.36198824128944906,0.6968401988100401,1
0.7467130785302918,0.4961569436635307,0
0.29018492919743377,0.7203121248899231,1
0.6880798997926798,0.9662532297232087,0
0.20621571691591734,0.5245588806608275,1
0.7818059826159481,0.4122535719507747,0
0.49625038872485017,0.8462506602643576,1
0.4297445517469911,0.5647835281859117,0
0.29279603663897924,0.03763588507697968,1
0.9990279951653992,0.13895991614064174,0
0.13754209930541017,0.5297613103547483,1
0.6769958880571312,0.9671907418494231,0
0.4294780034169978,0.7444731842589173,1
0.5568978136091114,0.5759920830039128,0
0.5243545877174531,0.8754144539565935,1
0.6239265156286413,0.5233558849211842,0
0.0948023242422188,0.5192406305299769,1
0.8949675390377451,0.8312774409581648,0
0.17096995035496654,0.9371497921975305,1
0.8161093804922122,0.2528677341247164,0
0.07814940236280432,0.15094028429376227,1
0.8069318245060791,0.16209141161393992,0
0.3145534518383172,0.3618755233916763,1
0.6451894502220303,0.34647539251007686,0
0.5598954984220794,0.849934759019487,1
0.8300664592362047,0.7425384871497077,0
0.2607907611166037,0.8959587851234297,1
0.8218031292452217,0.9744828106373338,0
0.43175692959865586,0.17406449292894588,1
0.8658492009951347,0.8875689546089982,0
0.10168006361578041,0.3210099297257707,1
0.41168579180848763,0.3657085960505053,0
0.5476584235928602,0.7107111099947585,1
0.915174045832084,0.1555578615296661,0
0.33779763874281477,0.9027009309545305,1
0.6548051585399883,0.4587254699457537,0
0.23241145776029704,0.06480776492706886,1
0.43503118152966547,0.442682623372443,0
0.7696259060137947,0.8206189795112392,1
0.8319285862152448,0.9385689837905041,0
0.7020344131044898,0.8778312278847916,1
0.8187008889429002,0.4284668572988325,0
0.6666336030708067,0.21663948951446488,1
0.8940071491427972,0.31089691895949145,0
0.04883213098597616,0.17432442634674095,1
0.7140649318787468,0.30011064953118893,0
0.33235308804039554,0.2778896011167774,1
0.6780629272024838,0.3729937059635079,0
0.2615527823951792,0.7534085593084434,1
0.5827949476821902,0.4005161735001811,0
0.2865430650347416,0.8143788247271495,1
0.5903088520488862,0.5896758222333058,0
0.2346370138159054,0.9190281273133655,1
0.3445547561545713,0.5501261247867347,0
0.44939421813478786,0.20620557699980469,1
0.5330326466599825,0.6532012018046258,0
0.3254429508210238,0.7572799529046788,1
0.9427157294191781,0.8653456553572276,0
0.2917295925985085,0.6545267224579607,1
0.9464222608534197,0.8848898567144309,0
0.3424228821057682,0.7477914182941775,1
0.7007672389664501,0.5228648073728276,0
0.36554175692459234,0.8468051101490232,1
0.9335285262677869,0.5810125524857082,0
0.30139781656694964,0.5978388186857683,1
0.9546124883021577,0.8807118108685031,0
0.6312811678818268,0.7430663560278318,1
0.6282098031718268,0.4661889089575112,0
0.21877183828412794,0.6314666071632432,1
0.509413847680814,0.4179115877081212,0
0.10639106354165762,0.009462279177166022,1
0.7329538324542206,0.443655456018616,0
0.1543997947357123,0.8148931535088245,1
0.552905912165857,0.996475332165079,0
0.12697394341682944,0.6508325792303863,1
0.43220629826872714,0.4211127568181756,0
0.26770546956877694,0.082974959494313,1
0.6838514689430379,0.6894013869548491,0
0.06365340421420873,0.9910817251255227,1
0.7340137235332254,0.0065082333198215325,0
0.3156090769556398,0.9078212495239739,1
0.8585783150541616,0.03606748972840235,0
0.7219875640337495,0.23907896675839424,1
0.7588571614392405,0.8943759509693195,0
0.43917980364640985,0.8075872599936998,1
0.37562103635208344,0.4970187325809393,0
0.1908773745906288,0.5031423743672978,1
0.9822777700144905,0.9711921575156035,0
0.08906013170002514,0.790437919606869,1
0.8432449912840643,0.22818849081370352,0
0.3370262445550949,0.2543328240593863,1
0.8276660557259251,0.412485915780915,0
0.25100778584992267,0.346068613375899,1
0.9003963803560847,0.7451205181642387,0
0.3801655850168836,0.7709086959721544,1
0.40046840167704556,0.5594005219437888,0
0.2741468049242609,0.34870812673675033,1
0.8455607308020362,0.418479108412673,0
0.181278673846746,0.8810739880136207,1
0.8582928404329283,0.5268912244264619,0
0.5521460777986721,0.1359290500640875,1
0.7916679615187763,0.10834885742336964,0
0.13728559057958367,0.6285403505159621,1
0.9368421528144801,0.2770300571321702,0
0.2484947640805002,0.05696921852970804,1
0.4873675671960678,0.4008225643582388,0
0.3067519049763152,0.3591632826686978,1
0.9707030534027132,0.4866354437362327,0
0.5299532328142746,0.7795255359792362,1
0.8106581115646773,0.6325226618400274,0
0.1771020253525396,0.7776860556408209,1
0.710246143971079,0.9420073074969364,0
0.30255966865285466,0.6720903863907065,1
0.43279621493846854,0.3914326860172841,0
0.031358416253281285,0.0019312443702395043,1
0.6251254710437206,0.6682774909314075,0
0.31254432361720275,0.8089697785399586,1
0.7338852584572575,0.9381006351245177,0
0.007123408701139811,0.3703160802381448,1
0.47762574886437026,0.3837358445920205,0
0.0983252242006305,0.8974445959104435,1
0.7091408728719344,0.4353152619287771,0
0.4452430171993105,0.262175019348619,1
0.7828155535736046,0.4971876814140407,0
0.3584922119802426,0.8314064446589446,1
0.7978385498105264,0.2686594354398083,0
0.23823142798400665,0.16256571944216636,1
0.783132851973691,0.9038617150458607,0
0.3148555377143799,0.917394474442932,1
0.6448986243542145,0.6948856188869076,0
0.6005595136089383,0.9480440190545558,1
0.3256611202463432,0.5579580188989469,0
0.34576965813621796,0.877722405388642,1
0.30653937568571765,0.4612022459896332,0
0.5085560721446284,0.7648479528013554,1
0.32527842669078333,0.4901125926567057,0
0.07442574512220923,0.3630182361060973,1
0.7967502478402362,0.7373053236224956,0
0.38221914284599545,0.2274465195553217,1
0.8414308743528789,0.23925919820066632,0
0.6180577947579828,0.8027949955015513,1
0.7775215072533491,0.2442209632761666,0
0.35822188747066774,0.7061914206141614,1
0.8504238626505258,0.9918504422605806,0
0.22051481787227867,0.44955078861895226,1
0.6659810354943229,0.9684799892915555,0
0.2236746754534913,0.7566276283046002,1
0.8862573869326785,0.8493596550787126,0
0.21963880299510574,0.2463578942681991,1
0.7236040226705003,0.4089362453776696,0
0.4363080579723583,0.9042020096852623,1
0.9634494019273505,0.6282347262155724,0
0.1559170547696086,0.18910148415042194,1
0.7104856400496664,0.4910060540852662,0
0.08576309806894988,0.4740483104718676,1
0.6390582699515924,0.01667569396470292,0
0.5445453481348457,0.8743507432285481,1
0.43712350509726394,0.4989946183385302,0
0.2431272759898001,0.7272795801137437,1
0.9424186534442203,0.3966462742830651,0
0.0755457109021278,0.9431596734329384,1
0.7599133331196003,0.24538687149589733,0
0.39078687696763237,0.8546949764835734,1
0.4271908485435566,0.5600344327708259,0
0.29074717744916645,0.8692272461243528,1
0.4638771189088733,0.3813347635520976,0
0.22484527691391976,0.242999052014772,1
0.9102990260128343,0.7098397148508092,0
0.5905179065275659,0.17227034155176058,1
0.8758683344023545,0.7521270923406737,0
0.4802665409892627,0.932508954539196,1
0.963986484446431,0.3165911874687448,0
0.16253411065605206,0.6522693624031,1
0.7629730595157868,0.058727934882474186,0
0.48336848716928105,0.9637663075887984,1
0.7514276697437672,0.04180932353073352,0
0.33043901479542037,0.26906632794462215,1
0.7024070483974374,0.6174378106498929,0
0.1838968965042025,0.8382537231975989,1
0.9656514446500036,0.5242852356635899,0
0.47383701979272386,0.8669344115027748,1
0.7404688029683023,0.9562327972089143,0
0.07147941414516723,0.19507034514652588,1
0.9937664844230216,0.5410344016898643,0
0.028137091635428546,0.12710441169885833,1
0.7211259984048087,0.42990098955336464,0
0.28525109079836286,0.08465879350052741,1
0.8276047117658106,0.7132618554331878,0
0.03591962744565047,0.6020572724993553,1
0.5679248705788345,0.4944372779641656,0
0.7064346555194032,0.7631598874994889,1
0.5814099871504942,0.028627055962412884,0
0.5648187148225681,0.023850743468708968,1
0.9052871638082164,0.5314419891159509,0
0.32225275414883403,0.8616514007403157,1
0.2575567742484869,0.4852937532011222,0
0.35901335974015325,0.6827595280434317,1
0.9504034413826086,0.18486953747370893,0
0.640381579131471,0.7946773173736993,1
0.7966535980686716,0.5104901524938303,0
0.6795861273255959,0.19771904055555256,1
0.8951692408072666,0.07337647115688617,0
0.06682277535948888,0.32320385141466823,1
0.8652294517392101,0.7759840609063912,0
0.324363342472362,0.08575962363642864,1
0.7907376963761898,0.7764221707111764,0
0.07872238933562747,0.9880731391033749,1
0.7652016021029211,0.7512169275682218,0
0.10941291995848468,0.6994029318597973,1
0.9637338186488239,0.06328210850342997,0
0.07669167067420857,0.021477575439121654,1
0.8793788654821029,0.5042515705589127,0
0.01310265888332618,0.865687183806825,1
0.38764159110867324,0.5781523698248833,0
0.37976614484700444,0.05150816657435364,1
0.6544285412439853,0.4660887813896202,0
0.6452333789673768,0.2793638765698726,1
0.8256329269769368,0.20633098132295769,0
0.015723364290733954,0.8162880801020026,1
0.8382365049127994,0.9424477289743682,0
0.1969911973745223,0.22077225315762383,1
0.8011738736872591,0.32693273040952264,0
0.2139137715519086,0.6826952636001016,1
0.5895638295954909,0.4782205726596995,0
0.18655520508774437,0.7854194524074195,1
0.9758707768661693,0.5181338120042783,0
0.39642652470228135,0.9430053105975538,1
0.7841371465702135,0.27099329354281,0
0.0020139493847872725,0.002180281800501005,1
0.7792753127441376,0.7068146474419444,0
0.31144641199723144,0.1683722886868847,1
0.9297781759145621,0.8190037212366374,0
0.41342099570498925,0.12285753091546747,1
0.5798149066685836,0.5160649094544869,0
0.035398367248835494,0.6081840124810738,1
0.5566364752461762,0.6719572178759866,0
0.6911647671248661,0.1758080157794233,1
0.42383679148058817,0.5067031725106572,0
0.09569224376667762,0.18554291295352643,1
0.7413309847103123,0.614361200036702,0
0.468843808751084,0.8164799951124524,1
0.8205887847831599,0.43856937739717594,0
0.45883391422682973,0.9700095238927203,1
0.702994654053898,0.9652293447814791,0
0.32084032025407827,0.7605089053128673,1
0.743057771377069,0.40084977993969806,0
0.21562002520217816,0.30924457057219157,1
0.8869075421903005,0.9701230914604502,0
0.2525511898926689,0.6198966388442761,1
0.51867718705667,0.47560118965071607,0
0.4104272865770292,0.06183797689291981,1
0.7705920400895471,0.4645219309426415,0
0.12683184111221946,0.8491192181708496,1
0.7806439877708119,0.018416267745698822,0
0.38025997100552644,0.7528632811142018,1
0.5339876226972554,0.42338237769446674,0
0.4213010263824277,0.7735098917731426,1
0.9683936129832169,0.8881812169236966,0
0.5808146553242173,0.8694849049914799,1
0.6447404648675935,0.3603848637719508,0
0.24561819892985426,0.8619207326069505,1
0.7071312180514425,0.4761067747659876,0
0.07544269117341451,0.19793175796254692,1
0.9993143685758801,0.520044615172128,0
0.08456579296573685,0.5312535690440385,1
0.8154474736315975,0.06796432850033418,0
0.27281020017700697,0.8738642844743968,1
0.45183200887334685,0.409235599463908,0
0.09759458665116927,0.46763511211162956,1
0.6080205001380493,0.6411765199141456,0
0.6854449932232936,0.20685308733071395,1
0.6631488092461745,0.3969645751015395,0
0.07036030687660266,0.8891837731380109,1
0.39215638134916964,0.615473047453344,0
0.06281332472467616,0.9919510702813895,1
0.9459259974798437,0.8697603178950006,0
0.6024586696413071,0.12789663428361087,1
0.5589391080383734,0.3347662039124314,0
0.5346658854229541,0.13550022061971156,1
0.9393038047632395,0.9703210924043443,0
0.10124066614652194,0.4197285892520767,1
0.7791725645707762,0.6540821370393676,0
0.5932248639203773,0.17735961283045243,1
0.9959502902556213,0.06718765421250084,0
0.6966500697446255,0.9184823195993426,1
0.7727327893478557,0.22805190442090117,0
0.1849832498538453,0.4884017215103791,1
0.7334791195176689,0.9354051800646465,0
0.6366369757515025,0.7209948046240199,1
0.9181343695483948,0.5689667369379824,0
0.5782963358036836,0.7842101551650604,1
0.8314066741388778,0.09639577455381898,0
0.5622233373564687,0.21154324526071988,1
0.46012395514195437,0.5220838507839439,0
0.4421694018802632,0.13595636992018267,1
0.9209701047675293,0.8234905203672115,0
0.01530023145344872,0.046626576452885926,1
0.5432429174231032,0.6299303117858782,0
0.08591988744063506,0.949071769296891,1
0.4542589054613698,0.6008627867340247,0
0.5463062139823531,0.07897851770719588,1
0.8658751523505955,0.3061553869049163,0
0.2152243269244355,0.28050189562672234,1
0.8892679449377573,0.4959117830818739,0
0.10924437240925955,0.1827496150321587,1
0.7398675031299022,0.7483175765163324,0
0.7314410706635923,0.2113451025435933,1
0.7886935245854884,0.9694821664019,0
0.2729027002355352,0.06474496341432734,1
0.8007428230109356,0.5290159550338569,0
0.053746822767219316,0.635358157894352,1
0.9575270441397179,0.8808521220445172,0
0.3190887649787134,0.11394115960653095,1
0.5815410931317552,0.6265963264707437,0
0.29233387942443,0.4140985367611669,1
0.7337399534738436,0.9060849736786869,0
0.20951629763792778,0.7276068516954624,1
0.6217177727086906,0.5661196093199121,0
0.30929972577431986,0.03264872663776497,1
0.8986573551604092,0.5305246637949302,0
0.08675914887980951,0.5796154571309526,1
0.9762738073364893,0.21163027220175412,0
0.46020929400735355,0.7698714852352345,1
0.9120072141780325,0.6034609173741144,0
0.46478342668641104,0.7461404623597347,1
0.8360240614676482,0.27811609906649737,0
0.11485810220731119,0.4269547139477734,1
0.8772949981378269,0.8204234360236962,0
0.038183584387588065,0.9695833227499036,1
0.3274856866505338,0.5565650994536594,0
0.354062854671755,0.7879980009645372,1
0.7294155788270332,0.7515974413495571,0
0.10202834549013284,0.920629342857102,1
0.45881804943265136,0.5689397982750213,0
0.0400701754224112,0.7971857030468459,1
0.9448497057438826,0.5500952160054426,0
0.6549720608650115,0.8695312858495787,1
0.806371972499084,0.3982665504817138,0
0.7799825691022367,0.14022418208426224,1
0.6276994583380765,0.03749243746463837,0
0.043506549619177215,0.5873352818052022,1
0.5060376501817005,0.5052885588377032,0
0.028166078733257605,0.7981873209985352,1
0.6916039869291116,0.5581264722334799,0
0.4569561260756896,0.6707631683153757,1
0.2224142138300561,0.4624507390337732,0
0.47639579634445195,0.9083855746179167,1
0.7083085834932962,0.059683076076082364,0
0.4113112751410355,0.1048699935078724,1
0.9327596986191734,0.738927989250591,0
0.2676335227522042,0.7575112058302376,1
0.7217534025115273,0.048383996437294186,0
0.42885809234194594,0.1375254035021839,1
0.7427548088092109,0.6086304001527307,0
0.718628334127852,0.8742695428173226,1
0.5533325745563444,0.5013964601539326,0
0.17361309083437038,0.8919736801760632,1
0.886977326242741,0.23215355155095985,0
0.03686508278561873,0.8455710535204697,1
0.44019261362491613,0.38693475715595127,0
0.5664617276887683,0.8278567769758488,1
0.8240682770637805,0.05568735387604007,0
0.08852401631358697,0.465774210624884,1
0.7104487365269422,0.6095474015238492,0
0.1297758493523401,0.7688681447697973,1
0.30345533321837204,0.4923044755020707,0
0.027783046087396346,0.7775449749053599,1
0.8781806427309907,0.3033703982058751,0
0.4093665923724661,0.15424727978220465,1
0.28650250835124547,0.4971314152811883,0
0.35542223331706324,0.7951962066469316,1
0.8469242768281868,0.8706689215914988,0
0.1764699728451259,0.9042569502667622,1
0.8113096929025471,0.5872060517343558,0
0.2334676330424622,0.7222628862918786,1
0.9622583707530388,0.34799269157236,0
0.3925819484481612,0.6567235536976718,1
0.8969088756820152,0.3848120305045788,0
0.7705487355735958,0.8204029071775203,1
0.6303775417075606,0.9715327550573106,0
0.16207492883933605,0.3637373542365737,1
0.652586737149058,0.3936018082852357,0
0.3155341929747981,0.01500208454231955,1
0.6124969267325606,0.9746852957354061,0
0.12395201207370021,0.12023255959968782,1
0.6007640762643852,0.9661234603064086,0
0.15508905759192992,0.11599104135432725,1
0.6628343775236148,0.39498930605759697,0
0.6496535117432481,0.2560556532724432,1
0.8821577818701757,0.7486959905958326,0
0.2864170437297797,0.7844985781356061,1
0.6519033318722661,0.43811905116191574,0
0.21880447357876742,0.8269185209484856,1
0.7364361638715031,0.5250394292224506,0
0.04395432882523875,0.18295485816552448,1
0.9840043411931143,0.974686134560233,0
0.28212439078478435,0.08329791072657755,1
0.6197260478173525,0.6070261500012362,0
0.512937927586073,0.9464860936899381,1
0.8358720908522747,0.6525742640501542,0
0.3613813483644275,0.32234091365969586,1
0.6428748219714725,0.45531575247021705,0
0.036807785121393266,0.10857787138212416,1
0.7876008901053686,0.7775131249646317,0
0.44722467994231385,0.06064884472059251,1
0.695821309102037,0.6802731809079313,0
0.2564490136787202,0.9466648190132537,1
0.8095963311310861,0.38318643524221185,0
0.22592654277694535,0.013855264861160066,1
0.6146392699210245,0.36951228631138155,0
0.10672571453569402,0.3315688893837542,1
0.6565126957099893,0.536714360276239,0
0.3964438407320495,0.33984626785389827,1
0.4537656648665467,0.6113288692668225,0
0.4231861587138237,0.3472271630695831,1
0.8936634744505239,0.5997963151636304,0
0.2555300021225255,0.23023243784948644,1
0.6972161251311252,0.5408714683197559,0
0.5035286434206586,0.27663270440437204,1
0.9838219745579472,0.4234491533802299,0
0.12543537988372344,0.23674080488890858,1
0.40433741939786827,0.4937294595474434,0
0.3589872005520902,0.6743025150531479,1
0.952304465556716,0.9386157927155576,0
0.25778882802395575,0.7139114828134762,1
0.7874757781968239,0.23635862649935413,0
0.03970524000431641,0.8674122071540404,1
0.7455542378551483,0.5219467670426923,0
0.5739112244873757,0.8219879780341909,1
0.2452593330843994,0.5434427062658088,0
0.57934608970383,0.2731491990060696,1
0.44348569559207396,0.5691590926085416,0
0.11493084164108458,0.7822013014763528,1
0.5386950610300163,0.32443416345510356,0
0.09656047511791765,0.8440623163439955,1
0.8424331301402,0.9262408344781757,0
0.214992090478353,0.19537573354790072,1
0.4825784751712544,0.4912445494715282,0
0.32661555575684886,0.2654549307033265,1
0.653787556634834,0.7138953613329336,0
0.49411231757890706,0.7627160784728072,1
0.8832169517551667,0.4189052700243283,0
0.6100296712010863,0.2013889882916059,1
0.6138155583247978,0.6058481481959636,0
0.036671612377427776,0.41248656177863396,1
0.833450615745385,0.7408925789675205,0
0.19234249172184859,0.5660671462869233,1
0.9411973757060933,0.09911223657499513,0
0.4267033821280648,0.8628821149347023,1
0.3429529649127815,0.5888551303551385,0
0.012445261717050737,0.8126128007068774,1
0.897760643156249,0.5975680978892851,0
0.4427094898076024,0.7650067836538741,1
0.31269444143094915,0.5596794898903905,0
0.5934874457736697,0.24114923270138,1
0.621854896370381,0.6560400307818459,0
0.1602310099534604,0.20177818847015072,1
0.24584471521150886,0.4602542757348588,0
0.11190586158417215,0.7934512386508386,1
0.8470190291643671,0.07750266052939803,0
0.21769006588980688,0.5684041230714816,1
0.5962236197888232,0.6625259599400574,0
0.06474833141007452,0.9463701809066604,1
0.8981797966862759,0.6684171187935276,0
0.7192387918595139,0.12673903307745238,1
0.800743323430484,0.5555583889501735,0
0.2844873851547899,0.8275781041271931,1
0.7314611623529662,0.3436932081909816,0
0.046943544782069746,0.1991500725612565,1
0.8741598203986216,0.7078574601422691,0
0.3446831014482452,0.7704463223369871,1
0.7852199687548764,0.3013727833952048,0
0.43496721443565645,0.019667495722750394,1
0.9320588221654991,0.7664872259463595,0
0.5194295845126612,0.1318668464958328,1
0.931762780259305,0.38845035544033846,0
0.6141917975040129,0.19880401372158052,1
0.825032147378652,0.18002390171163352,0
0.17226236645605764,0.5567479345023798,1
0.982641158476484,0.8471548328493671,0
0.47799937973499507,0.6649375958101056,1
0.7971058528202687,0.902974850947903,0
0.3607612282553394,0.8756695540147693,1
0.7971069731234168,0.5002750407167981,0
0.484927175058973,0.7460751682629865,1
0.2925442436478599,0.5678867157816341,0
0.37487071927787474,0.29321764146780316,1
0.8951415013691456,0.1669813619377719,0
0.3794386472873743,0.6663657838326317,1
0.913874363099996,0.2340180794741169,0
0.29779217827293636,0.9158351337661135,1
0.4664131445427543,0.4772307554409829,0
0.5201620303223258,0.8725147658143895,1
0.5958481292364678,0.4684848718358855,0
0.09721836790250915,0.31109265379745576,1
0.9585980819480475,0.9381623476821739,0
0.04977036165849369,0.7961356331619581,1
0.9281714288730504,0.85985914138863,0
0.569647323041857,0.2640392750463846,1
0.6637573233643622,0.5924515415157429,0
0.1217559476171125,0.3871455234268397,1
0.7032489981238631,0.986388306296723,0
0.5980777350917871,0.9615411189728792,1
0.8330984255557186,0.34714495105209586,0
0.2802617032476087,0.6628040009816983,1
0.8626522610237772,0.07319803327832952,0
0.10658376380085566,0.002097015607790298,1
0.9601543152023201,0.9273367539751081,0
0.0631109153154843,0.7991537132110996,1
0.3328735110713871,0.4750206676703491,0
0.3445391525253153,0.9495755856425212,1
0.5913447228472953,0.9847937703963083,0
0.28208917235792164,0.6465587229306623,1
0.9225109326062382,0.5258133032776191,0
0.12421592223495592,0.1742898563365175,1
0.6469471845635391,0.3805355948210105,0
0.5094018048936261,0.7288896411805736,1
0.9347487809067254,0.33464393037446327,0
0.07313692478635148,0.37583091805977464,1
0.7615594722820338,0.9849320589675153,0
0.003997949672106982,0.5297872223994601,1
0.757763998558568,0.062415098496014454,0
0.17577824812930232,0.14652741307674066,1
0.9512196033014134,0.2551830963117182,0
0.6248579573436844,0.19643092804617257,1
0.792372027363697,0.8863029221551116,0
0.6050300134131481,0.20398075173472496,1
0.4491586249099273,0.3660018315237742,0
0.07119639883267037,0.8352015468845556,1
0.9239674950999092,0.8576338406403085,0
0.08921369813719648,0.8676871031936059,1
0.9457156141454023,0.8878514422602389,0
0.17765906155092637,0.8770022974674926,1
0.5314904034137463,0.6102352026394785,0
0.3362091182808602,0.9735631847497591,1
0.9699481454367552,0.9953793868072437,0
0.022126716744079844,0.9817385681652065,1
0.6245585338332272,0.01703405959565152,0
0.45326358272859957,0.7644788285256526,1
0.9377454019411972,0.06263254854398925,0
0.1689060723142286,0.2804910078880394,1
0.9710352881954168,0.8374337842292742,0
0.4583981564820845,0.032773635531115786,1
0.9804309987653149,0.372367059087515,0
0.0962029001185114,0.6300032835113778,1
0.9830607633036748,0.6594031936168859,0
0.028090813563150574,0.5566516639634371,1
0.8365796013842552,0.26632786930093366,0
0.20265081238876403,0.3046530236946676,1
0.576359105115842,0.31865224310826246,0
0.2999696355194661,0.3847596948682849,1
0.8195175953522275,0.7594197479945207,0
0.3471291762081703,0.8827821448846994,1
0.8660369197997788,0.4703424049619679,0
0.4698361432011281,0.06682680121310713,1
0.825612109143624,0.47420320883961775,0
0.573873206305866,0.2812463174131018,1
0.969133189845875,0.9035488927016594,0
0.08564109243401696,0.21722738429951605,1
0.944234097928057,0.3305973309736533,0
0.06947728679236354,0.05191248063002962,1
0.9919630640142528,0.9255286928696596,0
0.25278956865595936,0.3524948981999956,1
0.6456209119425664,0.4541950088946155,0
0.5040842590343186,0.7140909003574288,1
0.9091551009500692,0.5471717620412823,0
0.17442235107218196,0.21791826729097308,1
0.9504735485844119,0.11713738971290077,0
0.10368563810402609,0.6327580262596193,1
0.31816034752913047,0.5570917332808134,0
0.22150136148345545,0.9825630143811972,1
0.7396857032282318,0.7226240113073056,0
0.10259916464982632,0.1346785076203436,1
0.7050927270259548,0.6516897381976986,0
0.17310688334327584,0.563642824954886,1
0.4572033359668922,0.6343342867621513,0
0.5588526662141944,0.26188808631021143,1
0.8999788063048579,0.4928632526585395,0
0.5157351155748446,0.1747450143027064,1
0.9978505275084883,0.3362690139457998,0
0.018051925374752198,0.5187247491675823,1
0.7183708994714567,0.5852017368808423,0
0.0525155172417221,0.13839173139181926,1
0.6048042935565768,0.5117163402063977,0
0.6042266881892724,0.20628941730251604,1
0.9650229964824119,0.4664497223983146,0
0.5596316957828983,0.7334113954086487,1
0.9697136100738657,0.6048835844430204,0
0.363329608348795,0.874617304444664,1
0.9574810099857716,0.4550368143753809,0
0.05795710366071427,0.7705311708424775,1
0.9360128639603859,0.09997513219732668,0
0.18869944831383878,0.5636002619410414,1
0.8262224091283585,0.4471369766394102,0
0.25317343549695903,0.11138222803182718,1
0.9987796970112581,0.5382293059338129,0
0.5030230644395917,0.9417972446012142,1
0.6253262448593713,0.6819098991050487,0
0.28592131975919477,0.972083026716079,1
0.6783146788017699,0.33691542317697976,0
0.6393304060549068,0.2608836063596527,1
0.7982998785315277,0.5767212774235361,0
0.40362369137979315,0.7874756170216994,1
0.9142963734597787,0.5526742596385773,0
0.2060416980229718,0.4656093958189407,1
0.6356034650699608,0.46314449104905897,0
0.7125945943191908,0.1068486872946236,1
0.7111046018195507,0.3684202266597526,0
0.739629113327169,0.7697770903284532,1
0.8786300287694006,0.6224018798389682,0
0.4585043533103459,0.8430411520616047,1
0.8831921908329506,0.03205669349944473,0
0.13343347164407826,0.47168885977215025,1
0.586440044648355,0.49229100781955526,0
0.36050798122641203,0.3455370448076768,1
0.7122566073833475,0.4192558825276306,0
0.3592647582798497,0.8172823327098976,1
0.7764774499127346,0.419898047713254,0
0.4989635016751416,0.9068137893051049,1
0.46256571912931843,0.6291479724029752,0
0.07225142140075502,0.9988160958180651,1
0.43541263959783894,0.4596423589115455,0
0.22639919435265132,0.6415524969246471,1
0.7630536673417426,0.7439644297505722,0
0.6149478780163486,0.8182635719102069,1
0.9919693345641538,0.04095714151980079,0
0.5605823740398751,0.8735133715949442,1
0.5069587857285979,0.647888186224225,0
0.2340397439252404,0.3244396667350101,1
0.32318813707509564,0.44283966762256055,0
0.3462536948593642,0.1774626168915957,1
0.63176337260346,0.6459256524372339,0
0.020568308422596715,0.9096707572939594,1
0.8146251050324915,0.08752425719459811,0
0.1665915337663687,0.5449254060749451,1
0.6766818092369525,0.639099267345839,0
0.08660648979807839,0.8906618671886501,1
0.8348529250482888,0.3943387821026838,0
0.3789901990100565,0.8172255303402965,1
0.6409369289545955,0.4820486171265157,0
0.08952645385637059,0.6604115798440723,1
0.634884937419129,0.3457344889732167,0
0.17159808562344847,0.09246547397117566,1
0.8464262695974555,0.03626668677907641,0
0.14537547345401125,0.4630736385777331,1
0.48159695693992477,0.5014217737761433,0
0.37948298775053535,0.03795076043580348,1
0.5411770848445111,0.5740790769678339,0
0.27306060582131286,0.7120712553958723,1
0.8925426895187478,0.47534426092034454,0
0.15555701969384417,0.6526140860701981,1
0.4946684898178114,0.486945003703362,0
0.09176077679763506,0.5129836308521033,1
0.62842774225923,0.6074686350132432,0
0.36957834850939975,0.22554033574069987,1
0.8278501277186711,0.33471229530127544,0
0.723939688033082,0.17667364315726453,1
0.5960597506642424,0.5578922387037171,0
0.09076808705369377,0.18935856313152977,1
0.8309838537676215,0.737929449998923,0
0.276843288632019,0.28149800733701424,1
0.7554884713397135,0.008136438886275021,0
0.09800483728809428,0.6918384080218467,1
0.6320914873898029,0.5707417191985003,0
0.15544400531205949,0.9716327963048796,1
0.7218433666983031,0.6288144104694217,0
0.7534483879130416,0.882995933473007,1
0.546206442464253,0.6827277842776637,0
0.0071616229772141216,0.9081852898613951,1
0.6908297867251434,0.32293086643978086,0
0.1942035583723637,0.6717686553884215,1
0.951249061787267,0.7635511556500493,0
0.037346095801284895,0.8076933472184668,1
0.7038880673353866,0.023624316184151617,0
0.30879189038463617,0.00924394395860384,1
0.8347666139833197,0.01462642898032096,0
0.20081832100977837,0.28816827804500256,1
0.6653727916154861,0.9813505998257179,0
0.5494096108772125,0.09735794570489442,1
0.9811699054850647,0.5644839363361563,0
0.2646870857137996,0.425711439326677,1
0.504815628217953,0.45281191726340186,0
0.024672716509996695,0.9961516588291968,1
0.8520106520472839,0.6063273263484019,0
0.26794663655847684,0.5950290912849251,1
0.37940378556046206,0.5503874648695674,0
0.08894897944704228,0.10211649774642317,1
0.7601766709115206,0.34470549597759037,0
0.09880721435296969,0.6945599786905785,1
0.854739243005283,0.47108320116469626,0
0.49021018012475226,0.19333204625172673,1
0.8163879999056705,0.40266948110225353,0
0.12748579038254382,0.7877431601941883,1
0.7973366822748171,0.11761206535764612,0
0.18549832223306317,0.6169072880660545,1
0.8351330393214298,0.9413683166472896,0
0.34230422822641504,0.3570306442501293,1
0.7131292362480732,0.5195871469053678,0
0.014865559338799184,0.10257890591167862,1
0.39412812336017045,0.5499011010415108,0
0.6564589728609967,0.08739027605473537,1
0.48522219504150865,0.4163498500879357,0
0.24504125693856593,0.6396722244021461,1
0.983223434094484,0.9721159714579001,0
0.15473591980808776,0.29558148081626057,1
0.6862693877276222,0.020202084652975683,0
0.5441409436076794,0.099982615574847,1
0.8281476868312319,0.5840184433835912,0
0.3587210794961678,0.7649435512170866,1
0.6455076456453313,0.6435605575455725,0
0.03549244163395682,0.3535821220683627,1
0.6532575647286561,0.009293982419260716,0
0.38178351599986593,0.06406700942916821,1
0.946585326531297,0.7953128846115833,0
0.5765928087339027,0.28026935929547825,1
0.8053596932375574,0.3968836913777142,0
0.39367433296368415,0.2468141053292806,1
0.7265557798276789,0.7498201031796713,0
0.7672283531672367,0.8796549093561048,1
0.6032797343130528,0.5289426532043267,0
0.24410358340632765,0.9265353200938246,1
0.9175919654007496,0.1480802118419442,0
0.6083773836035008,0.7436721653945356,1
0.36913676213477153,0.5651596151643513,0
0.37186658119038496,0.9782374725693324,1
0.885288891265828,0.5981775811750171,0
0.0040456766211329764,0.20422988254956131,1
0.5621253212979264,0.3718631642977447,0
0.06644742101440593,0.5324308322335061,1
0.5465708581969491,0.5522339874123134,0
0.6163243165749586,0.8436394151975751,1
0.800889014871682,0.6213713497574219,0
0.4203787684780539,0.7158250445423844,1
0.9634071845017531,0.24099241553824235,0
0.12356870041989032,0.45508799717283577,1
0.7093495603846943,0.7301317858938126,0
0.12381685632881367,0.6749686435474942,1
0.32761167928051493,0.5449523551689562,0
0.5609881194326722,0.10987347788256085,1
0.4918356581868478,0.6547948011504457,0
0.7642534493904886,0.13191610180243185,1
0.971787071018778,0.6396573572493088,0
0.47009391305215265,0.6724725065024222,1
0.8090248763596151,0.644246830137037,0
0.04156093983034903,0.395733195327035,1
0.9889885438439461,0.9323199415221943,0
0.1461930996388474,0.247391380235369,1
0.8790777369253763,0.8215954131748993,0
0.3320691684121784,0.03210504314126417,1
0.9016645276657621,0.3460587752683906,0
0.1620254285466447,0.39477307191435396,1
0.9519852184390987,0.0666665159337948,0
0.11383172028021427,0.897179944758062,1
0.8697503466615067,0.7179677268493855,0
0.5604445383363006,0.18945773630885043,1
0.282402709873958,0.5497379576197817,0
0.44306536343114455,0.9961423971229337,1
0.9605257315676752,0.10604332066806321,0
6.335972080573349e-05,0.7512284931146551,1
0.9363822091822434,0.9071823876254217,0
0.0891700805855834,0.8121636612018178,1
0.9804711209772565,0.2396345350366853,0
0.04910662431166746,0.12940162838045788,1
0.6603959405081766,0.5014249515968344,0
0.20802872512204496,0.9908838821208943,1
0.7720610487288309,0.5105909529393275,0
0.00014656621760156252,0.8139654963146344,1
0.31335329224154584,0.4148186954206259,0
0.2679392593705824,0.104073534142885,1
0.8534436046156926,0.9643851383600022,0
0.21587993755466406,0.17981978952925326,1
0.7349458898508203,0.9231527230342081,0
0.5757494286527899,0.19833574111738472,1
0.37311022562101326,0.4916232474333063,0
0.4097264744281587,0.09358204933820646,1
0.9217362898049878,0.32458110935614704,0
0.08375246373630685,0.5288283250946574,1
0.564174335574697,0.4816690484977584,0
0.08030552007502234,0.7186153977540992,1
0.4743771173194,0.5607271777698414,0
0.4037054895184221,0.732064956338895,1
0.9277256735465881,0.4848312147687307,0
0.6357209300549123,0.258434549050501,1
0.988421913882625,0.6278933761870239,0
0.2347184020760691,0.1118396983473906,1
0.7934605147639554,0.7635295832045598,0
0.5818903821597469,0.861043265104437,1
0.7693072532848196,0.039481699739313036,0
0.6631070950336146,0.7871358032443342,1
0.8460822011191641,0.6109929231957674,0
0.19774495935503966,0.8062243293512894,1
0.9670163693736844,0.2553139725721639,0
0.07906303610998833,0.9451414118615684,1
0.8151004228125523,0.12317770829282415,0
0.45796014518789396,0.7750466010905885,1
0.894355038484319,0.11597630054212793,0
0.2946479643600459,0.019678631459364992,1
0.7567960701289244,0.029230469475311716,0
0.3865947820233858,0.9521153873994094,1
0.8080943214382991,0.26895852621312144,0
0.6888728157391091,0.14999970010421848,1
0.9976857477295433,0.7477547118258416,0
0.48426707942488134,0.1724371768531765,1
0.9452234760821501,0.9196322563243046,0
0.44906107596256883,0.0019202972427116993,1
0.7866202085337906,0.1049953372892577,0
0.08701136912331386,0.9244328532749477,1
0.9014948269447025,0.29557665554507373,0
0.5381728909480542,0.9228629943701163,1
0.9338314316068835,0.8979709345191936,0
0.5156865435589575,0.23523770576741987,1
0.8476022836068487,0.795471486991952,0
0.7297977308957836,0.8357797847416152,1
0.6495673666802595,0.46820316963108544,0
0.2688720342764531,0.7432028046870205,1
0.8456385104504809,0.13970035376190426,0
0.5261795194802887,0.2709395144118486,1
0.6018680060947658,0.3534309847277992,0
0.6440225709076282,0.8473907414933656,1
0.9525107706352656,0.4660266465096309,0
0.3333519821111619,0.12981558831150797,1
0.6494273820631163,0.03738390911278866,0
0.31805511886735716,0.28150754101108155,1
0.8101788762870149,0.24644590025455282,0
0.7260708867399691,0.8480897669343489,1
0.48959101114501624,0.42579831787754374,0
0.19878952500900937,0.2211998636128869,1
0.6602245618312017,0.3221284228373025,0
0.05191671066675407,0.8940702954073657,1
0.753939427836161,0.753464843076155,0
0.43898573224690773,0.7355372755223814,1
0.936442398710413,0.8291931475376586,0
0.47278470484116375,0.8138113362721053,1
0.718021301308856,0.38298452308493014,0
0.1341485929243985,0.5432466248071827,1
0.274230846357745,0.557705647191057,0
0.38730307894521177,0.8675171817826199,1
0.5380099509490749,0.48962836457986725,0
0.3847346313601979,0.06661634708413455,1
0.7969798683110786,0.09951466762531636,0
0.20203336468444766,0.9154624490275319,1
0.886719367717508,0.2718804324254689,0
0.5606165219329696,0.7433660945626709,1
0.6285930077220184,0.9728225063911334,0
0.42856333306959726,0.9847194054949195,1
0.7052493227944233,0.013393009734062988,0
0.7566428106041417,0.8539832629631738,1
0.8796659556354504,0.8462757126317876,0
0.0652291284281401,0.7311291235567137,1
0.9614514684453028,0.7599803180921185,0
0.23777003947889896,0.06351871510960183,1
0.24802660499581075,0.44226524620733354,0
0.10492414635685565,0.12492597567929664,1
0.43224209703135796,0.6054759451397796,0
0.5704039209794414,0.052101973511750166,1
0.797271404263085,0.6030971457461168,0
0.5000777016647276,0.014000994245390586,1
0.8336064091294567,0.056147540504071114,0
0.006516931738583809,0.2133987189959612,1
0.7114136368659424,0.9847860540150774,0
0.7034921871249176,0.23167114324900429,1
0.660689325087725,0.5671451088893386,0
0.6288034461954507,0.263252738929003,1
0.4122692676171814,0.4103663242920418,0
0.1825853826654823,0.25992819233517594,1
0.795950215506825,0.5879331808575515,0
0.17818569648718274,0.5627100595115134,1
0.5677172633118344,0.44992846352128557,0
0.13621065157709367,0.8262281753213933,1
0.6701646857144163,0.49296312258982433,0
0.06772527767959258,0.05375445141268442,1
0.6474505816034128,0.2791784508941534,0
0.044219014385065036,0.8675739393511693,1
0.8833487460789696,0.9414850977559198,0
0.09917122731802008,0.24466785911748112,1
0.5379259073490631,0.45213015889585273,0
0.22953259530572556,0.2050701998366803,1
0.6192724149435884,0.3120590259391115,0
0.002305511282153394,0.42571443798385256,1
0.9893512702671098,0.8367728281375465,0
0.34259005552898847,0.646482760522449,1
0.975164213367558,0.6599795284496236,0
0.3990421811680046,0.68127058269713,1
0.8799347224404448,0.9560851947150606,0
0.36812851919428446,0.752447019013956,1
0.957917212890786,0.28601185827451336,0
0.009751441579107789,0.7205297263015898,1
0.9910008742943651,0.3330773667615943,0
0.5673198483852118,0.8106830153058454,1
0.8451002619590214,0.26795770403798347,0
0.43415358388945424,0.16518112904250704,1
0.964240513990293,0.5557342004136223,0
0.2120085807290275,0.5976980934552456,1
0.5774239984410875,0.612198543946102,0
0.3372436724494109,0.0032802524487272056,1
0.5628416862451416,0.45748207530310914,0
0.37254677821246185,0.8579729962438667,1
0.8035379584695669,0.2827217459080784,0
0.1495802454046936,0.07266930906686786,1
0.575833693851954,0.3483874612551733,0
0.6555425159358512,0.2116125917096333,1
0.8337650054920746,0.7475757539539317,0
0.1549755867818985,0.19795129734300543,1
0.9285338790353629,0.1044662042737522,0
0.49904308717179136,0.775382077490991,1
0.6312188205988756,0.40681542234876256,0
0.032049684223529495,0.6194650708670892,1
0.7598267036314218,0.5075869710010539,0
0.5431248254919264,0.22211259148113072,1
0.6026363653846678,0.9704021520513227,0
0.049144658471667824,0.14781714134374624,1
0.3743748999559563,0.49378083119923555,0
0.2962254016839705,0.3370671188667942,1
0.37028023253315945,0.5497690836932766,0
0.22414818352051502,0.023433346031852098,1
0.9048296626970501,0.342930637487431,0
0.09724868593721969,0.1773982019576663,1
0.5087166538618126,0.6295074677628515,0
0.2846280708648582,0.9879413455009255,1
0.8973562746938865,0.2940172662394541,0
0.1403365173971568,0.7263476532806133,1
0.7948323475173141,0.2567555861961698,0
0.14911278056559507,0.11965693170007752,1
0.8391632779355374,0.7671120747635153,0
0.2156426248744877,0.059243432896246784,1
0.74102563460501,0.5677656715340176,0
0.31512471903666617,0.22541912979730183,1
0.9600720778717605,0.6911795525545157,0
0.36149241012971245,0.06929151477962037,1
0.9643322138470747,0.30038419490161195,0
0.5737383010515277,0.3062646782370647,1
0.28864306898737857,0.5585046450388014,0
0.378577553908265,0.1597822984387801,1
0.5294569258800838,0.5326788566099593,0
0.18615945857083027,0.9312547891759537,1
0.906978774300952,0.12985116635141802,0
0.32936347144595246,0.706027837307872,1
0.9768252470864682,0.4651413722949951,0
0.5945077005015726,0.8231950270396019,1
0.8349408845901717,0.9321206397183629,0
0.1524457426415603,0.1308731552728417,1
0.2323537020488179,0.4682716622051526,0
0.05033782268651377,0.3978186744509127,1
0.7225719379975747,0.30971099215720765,0
0.14711461139669924,0.955249985459146,1
0.4427138127860071,0.5540014828032657,0
0.2862554357926341,0.7094831714587848,1
0.706804465871887,0.9465520504471834,0
0.41840170039177005,0.03259738928238243,1
0.5530652788822774,0.3362526910933026,0
0.7564274534402599,0.1314928716446444,1
0.7696552437426705,0.5547345736663891,0
0.5633470276227103,0.06575159773575834,1
0.957876233976292,0.05972064509934327,0
0.042207535080702296,0.6618528508614367,1
0.32444538477858986,0.5018777079845904,0
0.17875918674544355,0.07157042484601284,1
0.5184838774490781,0.6370826881558751,0
0.04371010253592256,0.8609012647952996,1
0.2159105027000272,0.504570216069642,0
0.6232153667570213,0.8669681361477076,1
0.9908993396911462,0.5244180447845429,0
0.30476170546681636,0.6477149628767462,1
0.3376460760582817,0.549238354877144,0
0.2069818172835457,0.753013292900632,1
0.9436456133198522,0.0012044567611401158,0
0.22470842299333726,0.5959905411248947,1
0.3105547361687152,0.5745433201369157,0
0.18409962429794524,0.6319983867450499,1
0.6643887130533729,0.41648280513749947,0
0.544096840454264,0.09231058067697973,1
0.759462076605504,0.7158406054285176,0
0.4379268922094487,0.6534322120555043,1
0.9381250732093676,0.7596830484052611,0
0.48532243568719347,0.2099766570470274,1
0.658247677409039,0.6762845025134516,0
0.10758098294724383,0.12509872234770192,1
0.4293408045354714,0.6009531085308746,0
0.4237486752508164,0.7654439307169062,1
0.9369731101216561,0.9816047370831289,0
0.05059157699454475,0.9040298778959205,1
0.801533875414437,0.5930956685469526,0
0.10360240124115982,0.8579712256689935,1
0.998053716713123,0.44018413852242044,0
0.35931083574688305,0.05390274052698918,1
0.8464644898720676,0.991118384526836,0
0.17395643970036279,0.7106634060682323,1
0.7766847327204862,0.9033628658863943,0
0.4112747480184681,0.7202556757233332,1
0.25709982997796366,0.5138684225328455,0
0.21557202295948696,0.43160264094651,1
0.8279503521559852,0.1708991261289593,0
0.23109258744233874,0.03019463461691574,1
0.8143463232113791,0.20168058538458777,0
0.46724500813715,0.7482627163141273,1
0.5220117631494212,0.5157386234996473,0
0.4874498564767078,0.989503694999207,1
0.9369189260931301,0.485084242801174,0
0.3281252145939707,0.9649521665999378,1
0.8523054845870032,0.1305521068715333,0
0.4645227083382707,0.2872930298855709,1
0.41903553360028967,0.6154608657263871,0
0.29967537699908364,0.959269365313067,1
0.5811598627050547,0.9827226765602003,0
0.5938763388481718,0.965768107408353,1
0.6110820406220813,0.6273582031761724,0
0.32734474827527704,0.918407651596873,1
0.5952638304386567,0.4486165535568345,0
0.09028160467696111,0.8995485985652844,1
0.9837892027289448,0.49207986400494297,0
0.44574535062784404,0.3195410855744557,1
0.7752584503947575,0.016660123532307836,0
0.09783199348999294,0.04209614156012287,1
0.6416676728618055,0.410412244108738,0
0.281617335903672,0.6341408757847784,1
0.41692422528572814,0.5711585809084676,0
0.031152446691282254,0.4124660444507543,1
0.9992823286583224,0.9602585558214602,0
0.2957501584990688,0.25004763681413045,1
0.49702564112054237,0.540836618249749,0
0.1471665028739071,0.9560735657251552,1
0.717400991656883,0.47527397871424015,0
0.32259297364733486,0.3524625466596697,1
0.9716256267034183,0.340822302765876,0
0.02221349414939644,0.7178873634929838,1
0.896584438440248,0.9980079263355852,0
0.03165834709360826,0.4069694486088208,1
0.9388954547240107,0.30988563664419544,0
0.12858669069102646,0.928202873450733,1
0.7971704001652149,0.7445947880333281,0
0.24231075158852033,0.8660026223493784,1
0.5567957069585785,0.9914187325708532,0
0.23833153924799388,0.9165105745050959,1
0.8486002207405282,0.7836523829339972,0
0.13318194962735597,0.5357657262758415,1
0.7799920578822571,0.357719341066692,0
0.6391637855212041,0.8243781430484899,1
0.5092356721626975,0.5186623079461616,0
0.2896847825389517,0.3237998262812646,1
0.6010360725788937,0.3880648555341899,0
0.4974374286068659,0.7052861493525938,1
0.8772955681299187,0.5687372982538237,0
0.22810870186277865,0.8028674134501953,1
0.8374370652970132,0.033127947005082814,0
0.22725613162955682,0.2852814856721573,1
0.37674480250400566,0.5307131527510006,0
0.6991486966131462,0.15353870416905446,1
0.833201216065098,0.6432870726362583,0
0.14621167438222316,0.4606798530625549,1
0.8460874767116777,0.9952479333505088,0
0.17447386864157688,0.15102957143593132,1
0.7798353164995023,0.7119704479244187,0
0.48375123599745884,0.060991931210800376,1
0.9566285504183826,0.3140588002505107,0
0.5143680898986095,0.8996557320396276,1
0.904948717029173,0.05021099613882585,0
0.7397139889888626,0.12438688750088578,1
0.9452379906723851,0.3173441232556866,0
0.2249743224888765,0.9467877017472071,1
0.8039404210715428,0.4971633082696303,0
0.4670654438519698,0.08381810846889381,1
0.9653050415512024,0.03671431253351043,0
0.03339308640217176,0.6170884737823902,1
0.7580721730976684,0.27771951225202773,0
0.18931082368806407,0.07134992044189803,1
0.9478179956028259,0.05505167100485653,0
0.2820432127570206,0.10090757499754754,1
0.4241307346083344,0.608561280928844,0
0.5026982246802186,0.021638344302920665,1
0.6748447329981518,0.5848057413906088,0
0.14684424879697777,0.1396246560758021,1
0.7778040142260656,0.7566500547624684,0
0.5667766017743611,0.9339449167319168,1
0.6886894740598848,0.40822283660932723,0
0.022642267308576658,0.7344401178914208,1
0.7639913699710216,0.4870193476613397,0
0.08314313352237546,0.8463171464196971,1
0.8630203629089365,0.04571756411311667,0
0.5950038971793291,0.2636665006485892,1
0.6933300198537501,0.42077226136303714,0
0.6778633969418146,0.18812398566440514,1
0.8873980651465,0.11391055664451222,0
0.26209590775655145,0.8436238752981944,1
0.8389556125371973,0.0758709683890888,0
0.36381927667574754,0.0023376515161847022,1
0.7158813465745868,0.642351655958295,0
0.756976873370131,0.7862147034409428,1
0.6424336308019539,0.590428649064463,0
0.24801078847242364,0.5920836033345962,1
0.7187726770844552,0.5529004440505572,0
0.40470519523645876,0.16742423711958565,1
0.6918427902081418,0.47914616992757064,0
0.6104489553104591,0.2588132645868553,1
0.7889923513531639,0.7192068769561707,0
0.42318893514631395,0.33493614863620147,1
0.690967258513612,0.6358972339605594,0
0.5744579595259551,0.9619620633731242,1
0.6080406099864586,0.9852028026405828,0
0.3286706134383113,0.1467041884136805,1
0.8295325482336764,0.5804176174381304,0
0.08821027536034487,0.1815213361817386,1
0.65601348921492,0.3941732460995493,0
0.37518716298183485,0.8912363053010843,1
0.45456266853266036,0.5049773817438742,0
0.08744730152891145,0.480246119573019,1
0.33068644922331314,0.4418578445591703,0
0.02881916539176088,0.5855919589323118,1
0.9497824446806344,0.4897136114636641,0
0.1402073354204414,0.6112979036823294,1
0.7415803019053375,0.28385343148963416,0
0.2468298972542402,0.6463782953923721,1
0.8057013255864035,0.8180435417684463,0
0.4040298588007293,0.20439657968758618,1
0.4982616944361551,0.4690256048362016,0
0.4762935112662541,0.26889308774612597,1
0.8242455805689417,0.9191631649913526,0
0.09199473478996723,0.2573305994484921,1
0.8760951815953131,0.8845810786865234,0
0.41414184399483867,0.7990575191322321,1
0.5915261310430743,0.4047382155012247,0
0.44400917264771567,0.3445462344475445,1
0.8983079128988742,0.8143343475788347,0
0.19244890676914428,0.0850094039587782,1
0.45501421737563674,0.3867977225746322,0
0.14989301629427998,0.31899057378376916,1
0.9771568154576319,0.8291892975906768,0
0.40374456494680977,0.6888662382283023,1
0.30451037911521495,0.5692586870402813,0
0.6254821305233587,0.27516394677212197,1
0.8575962093746987,0.1008752462182475,0
0.6572326426710958,0.8293454378585975,1
0.9051197010906767,0.8866971089404234,0
0.5595610536753889,0.8693879906409775,1
0.8522873458409914,0.07202783033439619,0
0.44944981888265034,0.9943981672879274,1
0.7405146187008759,0.4084431386187103,0
0.24668254966545466,0.772470172053477,1
0.9275862109012835,0.8874807631351606,0
0.46080046001798347,0.2661314307551238,1
0.9172929085577273,0.28193522815818495,0
0.4660057434157354,0.7908730749777327,1
0.9962206484308237,0.342850864631598,0
0.4923814747472909,0.2515169985983938,1
0.7647743211621929,0.6760482402294365,0
0.030775352562644964,0.025028478269740084,1
0.8454553162801908,0.3965058627749444,0
0.11314434031283693,0.7334130944717089,1
0.619067018257545,0.0029480428151745786,0
0.08557828295036896,0.7666971454250877,1
0.7473469337048223,0.9586184447101929,0
0.659581164485134,0.8643630624819135,1
0.9263814909139179,0.8611996492919007,0
0.06964169052087466,0.7501858885252576,1
0.6227262889356727,0.3259065221169334,0
0.3696076627760726,0.7597099085953678,1
0.6810729443350726,0.6028156175477866,0
0.4561911695670219,0.958589800668971,1
0.9079537388579103,0.25226628444840926,0
0.30038922961431147,0.8506787874275478,1
0.7241503344800274,0.7304397402660147,0
0.20423275896868354,0.9915018200626429,1
0.5995802540002436,0.36666008025843955,0
0.13302460485107426,0.7801732522828476,1
0.844355186849473,0.047612647252084805,0
0.1618196229395299,0.03365768700001637,1
0.2980007046765101,0.5635720965206107,0
0.4919066866627325,0.8680875494212175,1
0.6576545422456201,0.976425422806476,0
0.6958601521162093,0.11879200738293227,1
0.5697669384425486,0.5623496713495931,0
0.07234661964730926,0.04861300761584264,1
0.9813315852425051,0.9660926708460978,0
0.3590326496600389,0.16357839031236376,1
0.8830673780448356,0.2695806901709079,0
0.286796924996252,0.6390779811030437,1
0.541398605228823,0.33228505978556433,0
0.0012820651906146896,0.7632593065675787,1
0.9150769001797959,0.08581412942279665,0
0.3384439607098658,0.6738253858244841,1
0.3254862127059266,0.42700534450144745,0
0.6352181043911372,0.904569536567625,1
0.6048392865232666,0.5081732604352939,0
0.6161013094173449,0.9290496495911782,1
0.8253271692092016,0.15516304802398095,0
0.3111806890343852,0.7024425657922793,1
0.7576884820742289,0.4060802111120815,0
0.4595886954308809,0.016966111308168386,1
0.44939326972471005,0.5291988710106117,0
0.7120984340071708,0.1666787885447194,1
0.5669412661756429,0.32336823092501177,0
0.12768723618075362,0.4963987622034116,1
0.8739796664471229,0.7511767626674781,0
0.08857131186728595,0.36453852382889784,1
0.5651279657629626,0.5599793838750096,0
0.1880367292532723,0.0004652341736857135,1
0.8122602075324614,0.6146370981115411,0
0.580113904000768,0.8465815895013783,1
0.670241319585352,0.6902200288580941,0
0.022003502520924312,0.8671895797316437,1
0.8989100321449068,0.935146352888306,0
0.6012445725542572,0.1529280747923626,1
0.6545969716557087,0.30891369265041546,0
0.3175492757784104,0.9050827178564431,1
0.7266626467255726,0.04501049742079832,0
0.24567840042867362,0.13228413440046083,1
0.6790069820573637,0.5425743482484409,0
0.14070452526693833,0.540196108903301,1
0.4822639050683917,0.47912250902996556,0
0.321954726438882,0.005404583671237417,1
0.9060143886323314,0.6470008419396591,0
0.1538609468735358,0.9997629321179037,1
0.6289903922813711,0.0044688828863714836,0
0.5161725121931604,0.28764950836183345,1
0.999746375403097,0.787952728480759,0
0.44340036365643865,0.21471642136150793,1
0.7971359326485231,0.45416917293716286,0
0.11995868576124824,0.08880689470443848,1
0.9529616140058635,0.023261400124503173,0
0.2186982151986181,0.7875748429428063,1
0.9640211924196208,0.6376857293761234,0
0.13120738503956464,0.3625898747022488,1
0.7958731375262138,0.20138932083533212,0
0.2520735028551575,0.5966127188616461,1
0.6900066355229866,0.4121276523050921,0
0.08457141529654288,0.29167293534725136,1
0.9136567338034585,0.07607987091700841,0
0.376133119609932,0.6573514504483292,1
0.9787990570193078,0.8740672144226441,0
0.31005961704858565,0.1693510225647148,1
0.8022323281916821,0.3636466161163885,0
0.3733931972533192,0.131389499021475,1
0.7614712550108239,0.504780707713666,0
0.3145314948266822,0.03131456691001977,1
0.8425953545411258,0.7198499707016732,0
0.3377172559117765,0.9180505611376357,1
0.4383487903044002,0.4913817641083197,0
0.1837541625847331,0.9034769141568932,1
0.9682401275894107,0.42650887074731436,0
0.5626388364193716,0.1409094479263433,1
0.861070955053441,0.8596697409182362,0
0.7585634366022275,0.8407881191198411,1
0.6778884462212199,0.053117296312107376,0
0.5588856992437293,0.9348247390079863,1
0.8335688317841853,0.40946926775569326,0
0.2780610918912072,0.34096768316479464,1
0.4526610209682047,0.42783531421986076,0
0.2115262729984061,0.9692986271506915,1
0.22602559342945272,0.506185033692524,0
0.42921569425982786,0.6733278740124109,1
0.27425389125383104,0.43886001914782136,0
0.043712273244925326,0.7284918855469846,1
0.9323730917062665,0.9351191061942707,0
0.11035864055289124,0.11848229009594691,1
0.9119948361967108,0.9021867119886237,0
0.43539977916624273,0.8975388977955295,1
0.9331950909624699,0.5084878356606586,0
0.6564444216183722,0.08408284195457305,1
0.6290560518092865,0.6576193655572691,0
0.0426421271087839,0.013092181952423232,1
0.9704252978269782,0.3746905448168373,0
0.2533426854582074,0.3465553113084051,1
0.7185209723725251,0.48689874581657744,0
0.6284274010282475,0.11341383164466445,1
0.5573535436758292,0.9936291913836162,0
0.23570244216269398,0.2725389301964194,1
0.7424325129760376,0.7101997183769129,0
0.6974572256325395,0.8992324069301222,1
0.456187208965258,0.39008691679036755,0
0.4744413012671158,0.2574477778119748,1
0.7392412730925919,0.4985402501986824,0
0.17584907743423017,0.6413506655000545,1
0.7978407122926897,0.407860246434839,0
0.09522790514893065,0.09246825591603236,1
0.9237510501255808,0.09326968512388045,0
0.49422079200830016,0.21624617262203982,1
0.9550797633730609,0.031141196000358584,0
0.02159674090162511,0.12508947112990065,1
0.8721087399256703,0.21211364334344118,0
0.6136088808906113,0.7411283115516796,1
0.8875193714631707,0.944242676348703,0
0.7154822313669184,0.7949820671471586,1
0.8984087028951213,0.49053243964858795,0
0.39962945938588146,0.8437538066557279,1
0.9372674645413229,0.03886911090129419,0
0.11365600176778434,0.47372287187546236,1
0.7705733665053114,0.3070349266768926,0
0.22421329808176704,0.6286489142870076,1
0.681253181286537,0.9576513291326588,0
0.6717425384084953,0.8099203712991807,1
0.9310784763366774,0.27289159725287226,0
0.3046519624609675,0.9917084933767445,1
0.9872103648845956,0.5120537277535536,0
0.7188346796696539,0.8787046218439961,1
0.503000859117266,0.3887481998175055,0
0.10423320353415733,0.566853115204154,1
0.47433476623316306,0.44819170084970905,0
0.30316442406286404,0.793631147486592,1
0.8011278335825675,0.6813280367282022,0
0.11289935047883304,0.8395601768783072,1
0.7415759923784107,0.7022340717935993,0
0.6967835459201707,0.129894397196471,1
0.8278182153737607,0.6965429990097408,0
0.5541348806519425,0.7629069732405577,1
0.8537916253469723,0.49069911587720094,0
0.08742819711258454,0.4626593510031197,1
0.9458496950588714,0.8869090219588905,0
0.22846274213957907,0.16474928875115546,1
0.9646581446769712,0.2612688195178171,0
0.5457392034212256,0.23073446364958472,1
0.8253965040853568,0.944414580998515,0
0.1386654137132476,0.20525631225975127,1
0.624439940837785,0.5348942306636171,0
0.19569317686145704,0.9975723582053025,1
0.7890118831717045,0.0729965330774216,0
0.48107380926480714,0.7479547003126554,1
0.9284438636274915,0.8293056935190096,0
0.41287428912581603,0.9199966475969318,1
0.8332395447440238,0.9703695230481294,0
0.10942500424526713,0.010385982614496081,1
0.6891118201015792,0.9430921325330559,0
0.6375037641546772,0.8351819196405722,1
0.7479997757277373,0.9752370587510852,0
0.5787669282858232,0.9379034981693742,1
0.9610526177491113,0.24200507052443143,0
0.672585287649072,0.07728987277999244,1
0.46806462771233637,0.3506771167109889,0
0.5459480425514989,0.03115340464375771,1
0.8681464720827606,0.585972238202437,0
0.15144231475680603,0.6015388405291001,1
0.789763340444982,0.7949083201520926,0
0.5747195107049475,0.030039648987045142,1
0.8732601929210669,0.8979417618486081,0
0.6552935198157581,0.8288075420526999,1
0.9975562281836461,0.7449270715974953,0
0.26517140926977945,0.694146567107323,1
0.7973411130846407,0.6426793817571652,0
0.5133743143346312,0.061674069960822475,1
0.7420611374237246,0.33103027874065694,0
0.3332888878850876,0.26467258047806275,1
0.7894318157009578,0.3998216420409496,0
0.5866060018547997,0.14471095158989744,1
0.9662178449638934,0.17250440615534302,0
0.5839311073684824,0.7096508857334736,1
0.924785740363184,0.5067009104993914,0
0.1940458009259003,0.8680300735497852,1
0.35899796179981447,0.40952843975740494,0
0.7316681441242939,0.12173499678239852,1
0.9988326638403435,0.13557782617081748,0
0.14117886234130617,0.9119478592407738,1
0.5654214904871276,0.47586186403095765,0
0.31392036820380476,0.8081713612885347,1
0.6033970564658601,0.3147179363738085,0
0.07478104446968659,0.44832379116742427,1
0.9576551442886403,0.015759522564261386,0
0.09502027865553697,0.2440221854604382,1
0.6495042042629463,0.9523884990768269,0
0.5897892948098956,0.17531167250234936,1
0.7147763633182806,0.2981553834564067,0
0.2531441035685865,0.9142341177338159,1
0.6917069629473261,0.7284331665184022,0
0.5553997201559391,0.8032267874786274,1
0.8303481930843332,0.632145335920749,0
0.44119396746023065,0.8967841761145069,1
0.795576897730669,0.7484437460279445,0
0.1897553090493359,0.6470342130705123,1
0.7079559109420557,0.9670842466288814,0
0.2824062044388367,0.9575443122642157,1
0.42844061905159025,0.4195107958233891,0
0.16183713814050016,0.28360788271469906,1
0.8822282320257449,0.702323468036815,0
0.19948740473039206,0.1458636495273652,1
0.8916765294568018,0.26064023635704303,0
0.32403336355927403,0.014917420639782852,1
0.8580811098577317,0.17674123912053352,0
0.3371882277657442,0.8281809381169306,1
0.7981390872937663,0.40493168671610524,0
0.06070333013504936,0.4707845200228816,1
0.9891697162657298,0.9098563104043619,0
0.5948886646080027,0.09390189621511047,1
0.7532501885965709,0.2897625627772077,0
0.29081082821780213,0.8840066270547132,1
0.8369674649299136,0.732762976447227,0
0.14155775060927434,0.4135163559029481,1
0.6049016922770257,0.4262048662298371,0
0.4930480704701581,0.04788236639661603,1
0.834187584511276,0.08603886862380594,0
0.551101835143954,0.29825028514021823,1
0.7891906241739914,0.7900775951594664,0
0.4325210132698225,0.173522434782439,1
0.9156672475831596,0.9362831273385771,0
0.2703113349013633,0.7528649088653157,1
0.722194096314138,0.5049278923371755,0
0.3978845858950494,0.7594598261792438,1
0.7831092375022393,0.7794143030946317,0
0.3639277751793113,0.1531533820418266,1
0.9978749318332049,0.8214269469924469,0
0.099705818462548,0.5402030917933845,1
0.7271817580468277,0.43664700243696386,0
0.6070387489655255,0.05558878517058241,1
0.412645022423365,0.43586430284832856,0
0.18684231426273645,0.3043251720714192,1
0.6983427594063142,0.06717853362312887,0
0.028489531710937044,0.9300090087181726,1
0.7447133648241305,0.24710076380906243,0
0.09543698849191884,0.5631328584924762,1
0.2806839409218491,0.4770046311242365,0
0.2017675243956344,0.14724651888265883,1
0.42016479680375196,0.6082375271493952,0
0.11107160784917847,0.8237238268287435,1
0.9819639005351972,0.6354415527246103,0
0.19682381606883137,0.1308593840834933,1
0.7644235457245955,0.4977134104293419,0
0.18622147525724186,0.12575845757510218,1
0.7299562753279677,0.513599014017753,0
0.3138149005153007,0.3791532853931505,1
0.8553738578912232,0.5440048652273207,0
0.14007892260863286,0.2877222380261676,1
0.9499604691982546,0.7485127707744719,0
0.5623746994622402,0.8648348663165185,1
0.9309565082668595,0.03229475807200011,0
0.07927854373539178,0.5288561858787793,1
0.9170616684012871,0.630933852426539,0
0.4239970743778704,0.8863019986053867,1
0.9177046146062181,0.2100043024108339,0
0.00698748105260405,0.27766872757824423,1
0.6073534216160311,0.41514539663641437,0
0.4219075772277713,0.6555760783290143,1
0.8201716813371819,0.740183105649737,0
0.3435650927119549,0.8266943664653205,1
0.5356832525235938,0.4897457319846453,0
0.13284937053630708,0.9412633181899437,1
0.955053803834033,0.8822390872270469,0
0.11516638076482189,0.9492068474116815,1
0.7433401991495886,0.999750837242416,0
0.3864430916527162,0.8528788349097506,1
0.434040142787545,0.5389491323011397,0
0.25077732745291514,0.0920617080491829,1
0.33080899044035605,0.49485239353082533,0
0.6949928644752925,0.882315008817867,1
0.9015836202806065,0.48255259602031686,0
0.316062827126382,0.9223455628582501,1
0.9371056661729646,0.3512165887141615,0
0.1820644990254735,0.5587589316149281,1
0.22023250996179966,0.49613310452765935,0
0.0051705121748135685,0.6705986557129839,1
0.7553260944958438,0.7265565668882966,0
0.47561138088783483,0.09439239365649177,1
0.8998941462742641,0.6951335098439935,0
0.5072618015252727,0.22374270755597547,1
0.8157217693786878,0.8237635382095704,0
0.5777880393872082,0.30039128843959106,1
0.6478704125145467,0.3460820321904704,0
0.5936347119632004,0.7151030355077533,1
0.6182074449174583,0.9769449718333357,0
0.059917525156631846,0.18045313937057983,1
0.5015915234627344,0.5875316765490414,0
0.2726311361707797,0.93235683582507,1
0.9610317947875282,0.40366352687838425,0
0.0911042214200708,0.4440471806123628,1
0.9758621538972532,0.1557374471419647,0
0.035436759741320434,0.3184869968851415,1
0.9397102213166244,0.1543317448396525,0
0.4949650828008967,0.7556741455633129,1
0.8425858572522658,0.7070574054872936,0
0.5647541768849736,0.23966498068851072,1
0.6899911966869018,0.9606195781629625,0
0.2916165234299236,0.6332886427769865,1
0.8879220751786913,0.8573396740465022,0
0.24759936957582707,0.08838420334032071,1
0.7867034211455827,0.606285658653552,0
0.00824166332754006,0.7230077998043767,1
0.9272467734234688,0.6683136964662837,0
0.404371749377857,0.8003463440896046,1
0.9609427889496885,0.4333799086482627,0
0.14763807226854964,0.8244831770456914,1
0.6195304915827926,0.032697336588704995,0
0.3534788128876053,0.1837096188982772,1
0.4973175530933065,0.6555288907383665,0
0.03558958481806063,0.2606225514975762,1
0.9303416701073582,0.3418269029847292,0
0.26210634819177225,0.31165457859558765,1
0.9122245851939836,0.4033275693336411,0
0.20616619709199813,0.3118125697663833,1
0.875658101567978,0.03141210613503076,0
0.791909993826611,0.8247955273866795,1
0.6446513942904113,0.6503514084677885,0
0.5060071353360004,0.0777445340823163,1
0.8365284637193843,0.8979169375990906,0
0.5484933135393395,0.198575927868629,1
0.6063852691805066,0.5749302110097396,0
0.2585235646682832,0.11828271452890182,1
0.5536961878281523,0.0034698461798454705,0
0.1082812171369113,0.2355631868297503,1
0.983795772068194,0.547162144765679,0
0.557873433946344,0.9595525407261257,1
0.6957913369195124,0.01613852226125645,0
0.7286096061071169,0.1758113067773721,1
0.8723311191282899,0.6638801775792046,0
0.4446679744033938,0.06661020989659605,1
0.22710604344519814,0.4621205344675501,0
0.3586169287895855,0.9831985487550984,1
0.6615022961566971,0.40657790586810993,0
0.11711204903189432,0.32776051742244305,1
0.5194322706558698,0.5685779439315924,0
0.5097631928496178,0.7039250756489867,1
0.9628365189269742,0.6156931335282815,0
0.5711723461471441,0.8925488154083513,1
0.7623977944408182,0.6613800347401465,0
0.034709246615767575,0.36589092949447233,1
0.3594445677935283,0.5422255768554716,0
0.07073370302428883,0.5202517862184941,1
0.33153459723901735,0.47611793984863704,0
0.4020452431459306,0.8144254086045682,1
0.44166325691774144,0.5572989596905115,0
0.19162754609706245,0.8399757722108239,1
0.6302455536376179,0.6060935210335577,0
0.3845400420419768,0.9418785282630249,1
0.6350495782669672,0.5560593977398808,0
0.4433375842943523,0.008858474322683274,1
0.5292853473804301,0.6310723110612018,0
0.18164046365063546,0.4326937429451211,1
0.9242728035924352,0.7356252772400744,0
0.24400318806167787,0.2657543782733749,1
0.9180820661676495,0.07078293307502292,0
0.19460486298475543,0.5191555793315152,1
0.6441870633199158,0.6261924707674178,0
0.15241875580547393,0.45915893666869423,1
0.9625820773226701,0.2311471091126721,0
0.35473564894034704,0.926084638356846,1
0.27101396627831864,0.4315368914960054,0
0.4558433474771241,0.6608327757727878,1
0.7548944037125713,0.43214946501716955,0
0.14307915370744306,0.3518254514030662,1
0.7539504213885301,0.6152452236115571,0
0.5360918362985512,0.7324897842813856,1
0.47717703891818897,0.6478110794494405,0
0.14814349913249447,0.7712116017305559,1
0.8825677074639284,0.2512504619558591,0
0.06737500892205683,0.5121743368705187,1
0.7669839338019373,0.9194482042555532,0
0.7029210368654335,0.769035694099699,1
0.9294788209142866,0.8813271741321412,0
0.23381462594598834,0.2089816369569436,1
0.6373058198169737,0.3115120355804063,0
0.20162792285688613,0.9405417890780359,1
0.7649332833098961,0.08973234135431374,0
0.49776738802506293,0.7506042445748197,1
0.9168767304989996,0.2671701512101533,0
0.25120921062430135,0.6104410317289163,1
0.5327999809863181,0.5194891962461398,0
0.02284086118725326,0.043223340232560914,1
0.9619063422985836,0.5559774384608371,0
0.060049487175461214,0.048740821135333734,1
0.45040917142834536,0.6179549593984591,0
0.5476211328212628,0.04034725390028504,1
0.5852472879637124,0.36153810157415533,0
0.733918209834167,0.7878829117442535,1
0.563577638279114,0.36026245383707145,0
0.03502908782636749,0.47787409089056443,1
0.412807462902944,0.46741582524935366,0
0.24850924134723984,0.26209613994231806,1
0.4974824771341805,0.6293451401296009,0
0.053216596883259415,0.9528966195161082,1
0.7649874512607051,0.3492924990708446,0
0.23968806620674732,0.8206547672090616,1
0.7973542927509119,0.32063563783796867,0
0.4614063835031036,0.8101407801801316,1
0.9071496871176263,0.05840064437336012,0
0.5074500690369911,0.7273672165889106,1
0.8047146978616432,0.8861786890601264,0
0.026722947692454535,0.586308714840579,1
0.6947355815392489,0.27391202267121617,0
0.3626693401693961,0.6994436061549684,1
0.48201736598875344,0.45420599484208113,0
0.12504599233411728,0.3545753878025901,1
0.9593580814922925,0.6987239973691166,0
0.6015336292398423,0.17557542197534215,1
0.6078781878002432,0.4545704561020535,0
0.042612671700753446,0.21887091810807013,1
0.6550627264051971,0.3778504278410315,0
0.21896250072965706,0.7591611504642989,1
0.9923693692422907,0.5643205150717522,0
0.29115586127068294,0.866944001244386,1
0.9486745328422065,0.2214750488369701,0
0.19842014288324228,0.020422176368178557,1
0.8192227804864406,0.3119073158793352,0
0.2588687600407108,0.1099500413723632,1
0.7243498274130605,0.3006999696895184,0
0.5127362924735179,0.8737534930102784,1
0.45227311372421486,0.5247773056333673,0
0.39924205484199204,0.9623606589626363,1
0.45021508826391576,0.5478490121027887,0
0.5302474552801391,0.919175395541414,1
0.9782368291953889,0.4485670513550615,0
0.13940326789216384,0.0713028685078092,1
0.8482815110519033,0.3459169507724732,0
0.4112960536219096,0.9463069729606022,1
0.8315531421095034,0.17908974733393834,0
0.039421857136873184,0.21154478959810774,1
0.6377646148558846,0.36048278603569317,0
0.023651692471189367,0.8079708210324467,1
0.4542281781505766,0.6420206838642739,0
0.3091178408620274,0.08702450037106524,1
0.6630241112356927,0.38989630554945354,0
0.5216066148708072,0.981007577260445,1
0.5911500381642107,0.6125158789774466,0
0.6271763137475814,0.23707154339765946,1
0.8347789485145014,0.761683898855024,0
0.2609798299586986,0.062293916167824426,1
0.9139355342152146,0.9577902780171966,0
0.23681789138851672,0.930493582842372,1
0.8238043902579617,0.2075785546438852,0
0.008650096639483018,0.7044851018559237,1
0.6910378233779242,0.517838892041019,0
0.2527107611910515,0.6685931959468333,1
0.8062503582259879,0.46330984916293627,0
0.18678736865893164,0.05267427116036283,1
0.9892238313111644,0.49293525586583775,0
0.09224570102414753,0.8124928741056263,1
0.9800420215336783,0.10788894923658543,0
0.37077972967658,0.21709277353269896,1
0.9649984194041518,0.6310164981217883,0
0.6387199532915875,0.242459780766489,1
0.9811017664731506,0.16116584356207053,0
0.18717866105293746,0.9910763973326064,1
0.9257881248290293,0.22570245345587558,0
0.10131885997623635,0.5379716768166798,1
0.340415069319177,0.5122879662930699,0
0.2184257746984828,0.8456553856594151,1
0.8631224930620189,0.18504984768780874,0
0.000668619554448191,0.5205532706498638,1
0.9078160456870613,0.16062767748686047,0
0.15056079161158298,0.8541726964551181,1
0.7874493010809154,0.008038905739484403,0
0.5364156888890016,0.23125494665049384,1
0.903291926950578,0.3900023092032472,0
0.30538845042082885,0.8432223139219646,1
0.7694835835154947,0.4886128236044741,0
0.2766834682887924,0.861281275077661,1
0.848246826228759,0.5763397791531814,0
0.38792164192549483,0.7778301057730711,1
0.8530773747027484,0.3256193927162103,0
0.7316044054668246,0.14608907824804995,1
0.3782941936132399,0.517370993399641,0
0.5130120806036701,0.747645101757774,1
0.8494766779859225,0.7654574019498515,0
0.20326224649831237,0.14737541032007362,1
0.34368560244020274,0.5593359962563919,0
0.5323408375652241,0.7389795922590572,1
0.9784023279260071,0.8150108405855304,0
0.6027290628825375,0.29345447960461346,1
0.9807964199489874,0.6585709034990445,0
0.768267442357864,0.8314179780205251,1
0.7059926845222493,0.5973732831249895,0
0.3024431512277188,0.20080975174493554,1
0.9729046790432091,0.5905096678114665,0
0.01667639920329611,0.3452094942992364,1
0.6942634403139911,0.9999592729933393,0
0.7439322043159114,0.22204489687680007,1
0.8286009821268598,0.5610104132077354,0
0.709121710643585,0.10057718759827605,1
0.8989655740689765,0.24181319875416007,0
0.2544823001529367,0.03654070362495532,1
0.8804815328797776,0.03674162468051345,0
0.30190451113873984,0.1441438341626854,1
0.8552540581337708,0.23493307383683149,0
0.12839157800778533,0.7432639694785632,1
0.7877115276611383,0.6166300697397786,0
0.22881806730783627,0.3037368052886733,1
0.8460032535616785,0.39109467230060335,0
0.6072603177788702,0.8236457956703416,1
0.6074990919951585,0.5854191347887987,0
0.3258030608817645,0.9819925631287908,1
0.8914621812758461,0.46543968753695875,0
0.43389545633516124,0.18671138281196387,1
0.8111381170151314,0.6953548976532266,0
0.3144602625716677,0.7530126509116608,1
0.39706311520076343,0.40191742690587284,0
0.7112667239816274,0.750869309860104,1
0.9458754519466861,0.7066855255684233,0
0.07766259491472605,0.7290324360471,1
0.4622077447813523,0.39557828395912953,0
0.21907247390925744,0.9487373754581816,1
0.541557843331943,0.4156998610632475,0
0.07064844627338629,0.6164025777321871,1
0.7984247365255434,0.5100280061129431,0
0.08626912774750883,0.8579464832206702,1
0.9332337368705732,0.09935685306692621,0
0.5883584489217181,0.9308439411396199,1
0.9370312652307955,0.2849546605743113,0
0.4029205768822678,0.3129724865855861,1
0.8635183189207456,0.28259561180818804,0
0.5794242479710079,0.7181808835428941,1
0.9716914940781926,0.06521097165808765,0
0.6736669360650482,0.8393676859822484,1
0.8944547217796784,0.9176451198101526,0
0.45602455509895445,0.6575776374949984,1
0.42482985755365565,0.4526532461755093,0
0.45382105733729794,0.880411923101982,1
0.8747530396326166,0.3785147362863689,0
0.6285813348514393,0.7787498148413243,1
0.8927547064972374,0.6995371060952988,0
0.6542395746576434,0.7879185069014528,1
0.8711509200283422,0.6127316924848322,0
0.7295548756583528,0.23226113813696692,1
0.9337372098859905,0.40397212297608376,0
0.019969515708743724,0.06497648464279882,1
0.8538508856434599,0.8625459739899605,0
0.24455128784496438,0.9114136441893212,1
0.9449753087447477,0.38322032317667265,0
0.6906211117878162,0.8797942432475544,1
0.6709351922338144,0.4179524652774633,0
0.37345087716386205,0.9925574427734873,1
0.32479380198887,0.5911200222373859,0
0.0643866319401436,0.8059867262118202,1
0.8353627282394438,0.9948475852751838,0
0.33259554369856104,0.3817037162693355,1
0.4184036514377317,0.6082979819224505,0
0.7456021115580979,0.1283366986525052,1
0.39758668387005514,0.5831558054543852,0
0.25578243495583697,0.7232585353723847,1
0.5401125785702281,0.6039973855873989,0
0.056310949035503266,0.8935776885149821,1
0.9988065227611761,0.46354293266924174,0
0.042079288922988844,0.4429931498767884,1
0.7454549011048552,0.4784944441787553,0
0.02379740161427646,0.7684517477854657,1
0.8045378000755808,0.21260810565709098,0
0.2429708516188389,0.3452799321798462,1
0.6152710209670651,0.4299525429314449,0
0.051129563369020414,0.8819588281403871,1
0.8640498606384942,0.6575827082969946,0
0.14601004454302302,0.829498214508505,1
0.9098056918846859,0.2591669202263205,0
0.08744398937458908,0.8843062714581107,1
0.7742389553460408,0.6520802303369919,0
0.28679789979870807,0.854728033836701,1
0.8706522619669391,0.16773867123908615,0
0.2405130457107627,0.8868589253420597,1
0.9920643732651427,0.7985822361538873,0
0.3500142840792245,0.2672750837181972,1
0.8666303411274583,0.28794917012112087,0
0.3729758670818223,0.8445563373571524,1
0.46867582288622156,0.45226844235513297,0
0.6474133058762541,0.26727860812762905,1
0.5478084475123487,0.6664709672465082,0
0.1917636850542601,0.5503636635630689,1
0.37851885061106894,0.5240484668709863,0
0.20488175030956202,0.1320150159797714,1
0.8229694636291043,0.8220746515936015,0
0.24522641944680923,0.966743894569283,1
0.9964414570409146,0.4998051036749881,0
0.07198308425595401,0.1013142757061608,1
0.39875178003742984,0.5138124696508214,0
0.02388670998928133,0.12209934820438817,1
0.3478353958570777,0.6081761162307924,0
0.28685777494735454,0.28678400877313526,1
0.9851512106958163,0.5969114714197239,0
0.16440107447547914,0.05576984860534784,1
0.8103759492955547,0.5310047942151215,0
0.322176075360899,0.646642610916061,1
0.704438505979635,0.5664389555583166,0
0.4257081946459099,0.826761611851043,1
0.6907382179651645,0.6279600595273855,0
0.25694587115826717,0.571981940933735,1
0.7147889719185684,0.5069185126955206,0
0.010747550332908862,0.6322262742936097,1
0.6205300102870965,0.01836807017123987,0
0.6470356257898353,0.7887688136500984,1
0.8635243926473624,0.8857296638082178,0
0.03386258217315641,0.3249588409494616,1
0.7064933139362448,0.052056065206326774,0
0.3638028825410138,0.9344309912375087,1
0.834641171555824,0.9826934591466268,0
0.6240629438754342,0.8752523343278958,1
0.2929014602199267,0.5837127330674774,0
0.08630531937085884,0.537537848717784,1
0.4102520761726861,0.6277089881323455,0
0.3554893387906828,0.16633350053434837,1
0.7751601184844877,0.035174333403672375,0
0.6491544439812895,0.2624372192519965,1
0.998810293039008,0.4873545287286736,0
0.44924295621078203,0.30890154057085606,1
0.9993799290999845,0.3432618591453266,0
0.06719203903971693,0.08336637210106868,1
0.7383568748812985,0.2629235567318051,0
0.5750181032714915,0.0724089872195085,1
0.6513808918683761,0.053176571991003674,0
0.674633894342846,0.874452173598407,1
0.7294105509853083,0.39409944845402645,0
0.685957812403548,0.1705617785427438,1
0.726930201191844,0.6497285618348515,0
0.6906229437972351,0.25426606909903693,1
0.9475361375181584,0.9265942091953222,0
0.4467017976168518,0.7890642571443092,1
0.718051814920081,0.3199708400574426,0
0.16043297174863635,0.42890218423321624,1
0.4980500371127977,0.4768451130935707,0
0.6376816619215082,0.08833917898467158,1
0.2847755282832234,0.5129678585592361,0
0.47263541582619584,0.8254966860238392,1
0.9257817414169707,0.45024781793387514,0
0.16506991541475502,0.07515019449270699,1
0.7008696256824466,0.4967125772614991,0
0.6614923710627891,0.07417399039485029,1
0.8846348515805703,0.7436902575993576,0
0.6047315319076132,0.7693918084774038,1
0.320519558217244,0.5093533241088877,0
0.7448578072234353,0.19082054712584784,1
0.6265092353586701,0.5423849423999287,0
0.18105408921870514,0.3803863969233692,1
0.9715734567920772,0.8440364480145753,0
0.16557981133196742,0.9045815149791229,1
0.9503623021227866,0.028024879580673456,0
0.3049164024773452,0.19276538247342334,1
0.9971684494646315,0.8198649695001596,0
0.4313543933763908,0.7860965349530047,1
0.841154423380745,0.6881511107203484,0
0.5981499407670143,0.8882978135449643,1
0.8329089681257318,0.9393247151136734,0
0.2665400920897594,0.3052176661112048,1
0.77181367571404,0.9147783026811269,0
0.337299119088206,0.3279501041070729,1
0.7125936288209779,0.43320098759490444,0
0.15014739993919146,0.7865100398563423,1
0.663804617494254,0.6588503495775287,0
0.4269313891954907,0.7289644617805867,1
0.9844927118083139,0.9941227573171849,0
0.41285163494896415,0.22756572863306468,1
0.7486913002914202,0.35785761206512046,0
0.27751213144374276,0.08524377176413322,1
0.5108314541786654,0.3340763533796254,0
0.47009403069454436,0.10554042705327182,1
0.9491903441188805,0.4176394250029586,0
0.1314759150303776,0.23636873546017412,1
0.8013502974836572,0.7702429383090207,0
0.4361708570965207,0.140314393589408,1
0.9697488575229259,0.006432571490810557,0
0.1632655599842504,0.9960591259209334,1
0.8545929079438488,0.8537926407034175,0
0.37663411761380305,0.9343609154375747,1
0.5219727533066794,0.6359148184593195,0
0.5438563778296119,0.17925485562514443,1
0.7552757305030312,0.525201609018311,0
0.7067375967199758,0.21222263877411773,1
0.8301717042267662,0.09425151274121668,0
0.18244029591262956,0.20846486065366487,1
0.8174788004324919,0.3787132661667817,0
0.4116975250165896,0.02234913745549405,1
0.7231635902057615,0.980683342772797,0
0.6310053550760564,0.7529262103716712,1
0.9222890286541329,0.9423604011303641,0
0.02155994051422705,0.675513822993637,1
0.8648718102023093,0.13849533521973034,0
0.5754155111821364,0.26843178484811325,1
0.6897670045291292,0.6061739325957929,0
0.5452660044413731,0.10051253609289157,1
0.6988431775930221,0.3594968745991989,0
0.1676799422951334,0.02886041566744868,1
0.8141682772847673,0.21607327802364384,0
0.0752012206397965,0.728596071410244,1
0.7780966150482053,0.632298176269553,0
0.06634540637927777,0.20133704365764826,1
0.5238386281332993,0.35976644439887917,0
0.29200317159667954,0.8936140513287082,1
0.9474689337846581,0.18079752157657603,0
0.10710100357229158,0.5628141397213223,1
0.7764737353635472,0.9687297713267484,0
0.6138919149850222,0.16363748272590295,1
0.7120345426798956,0.9718021785282617,0
0.026375178282159517,0.17556867081508953,1
0.6709315955617946,0.438931503050481,0
0.4125995538493755,0.9256609649550032,1
0.219461591339292,0.5266613658176051,0
0.2536561073587025,0.06293289804037705,1
0.24632409524882992,0.5327510078803966,0
0.47912580969385987,0.9334152212039625,1
0.728596441136923,0.6340943323117221,0
0.5855148249115651,0.07976786963621374,1
0.8892894875673978,0.3977401841940763,0
0.5067532653554984,0.8007756614339976,1
0.8470230557900699,0.16948357718982354,0
0.27518211700612283,0.6504775201973853,1
0.8767656288773749,0.16620504432618954,0
0.11241719241541825,0.4599764729584186,1
0.8099171514224818,0.49875353366438036,0
0.3345573887176182,0.8047826590318423,1
0.6232495053556714,0.3462208948108343,0
0.293355580973344,0.9107857492695844,1
0.6786797477811886,0.5139062426490832,0
0.1027685959058594,0.4960828369873793,1
0.45241632236592233,0.5489928746609136,0
0.3960757671614975,0.7631336972842034,1
0.8232310945664127,0.23836138380661842,0
0.5827491087401753,0.2899327467236186,1
0.988217343478852,0.6863943859729463,0
0.1428068080310796,0.6023424698455088,1
0.6591919444829294,0.28225658569077094,0
0.32351828760097934,0.9080186973663018,1
0.4660859212853131,0.35073410277388894,0
0.12076568552824218,0.669113920987343,1
0.48296076276932753,0.40049794527042126,0
0.3595090718500017,0.04116409679070154,1
0.9894017551690469,0.2234154434787312,0
0.29539334410732676,0.939933378651142,1
0.5321478665603735,0.3603091870802805,0
0.692819727704616,0.8786524803980291,1
0.27584004242507754,0.5642127683367685,0
0.23777494013491574,0.9315121612739213,1
0.6012979766969231,0.9921880095206582,0
0.45781318987966024,0.840393512846707,1
0.8848345491622329,0.5632125428045649,0
0.5520033429531893,0.9085661997362214,1
0.9417073357519044,0.047823918238826035,0
0.018613542566610297,0.5320145461451036,1
0.791859217961156,0.780021337448818,0
0.6230227547025883,0.1794660986250386,1
0.7431455327049521,0.7509090125649283,0
0.07847975886753056,0.5150935947267081,1
0.908723339767812,0.4648289460436248,0
0.5602165607487373,0.13958804074541953,1
0.8399947420543163,0.3492304003363622,0
0.13376131566646643,0.17923292784973188,1
0.8278190651868678,0.6586947418205995,0
0.6779326936727936,0.1088815489505166,1
0.9518063381910972,0.35530583139824456,0
0.19722869971836998,0.4476663017952007,1
0.8342405659356243,0.700999827832022,0
0.2350343678269451,0.9106511882657461,1
0.7262079668828668,0.4034913672092405,0
0.09784226668110096,0.9386604104555326,1
0.7607277471989485,0.6118853463986493,0
0.58365571756119,0.8451302789043434,1
0.8503683279728244,0.9644472604667742,0
0.15614153548794985,0.24882263292041118,1
0.8155256243285628,0.27281774545705983,0
0.2537500602882248,0.023084508730149,1
0.8624137111284309,0.13822447808973648,0
0.12212399356925119,0.35613692743743264,1
0.676514449812532,0.6654033186231916,0
0.046234255847533934,0.3774048197975256,1
0.6615006413601113,0.5976215365777189,0
0.4966719647587797,0.09837106113804583,1
0.8226532590317508,0.7546745591666761,0
0.2817162421871784,0.8239161349740323,1
0.8464978491368998,0.5705336987337772,0
0.14806658542094175,0.49398485958021,1
0.8256202122766216,0.1786726391211091,0
0.48936640452390745,0.666412880729861,1
0.28992035916358605,0.5010043588884384,0
0.0973609051997063,0.3302763009592111,1
0.8095628437523011,0.30147624942046924,0
0.5779199469198903,0.22330721422727096,1
0.9884686121897625,0.4126895185491374,0
0.34536800075807705,0.03402440741580681,1
0.656876276483983,0.5513637158415827,0
0.29096956271525354,0.6936443177118286,1
0.762951822228088,0.2585316492988593,0
0.14921534730705122,0.15279202969523276,1
0.9498245575890948,0.9870884091644542,0
0.553877609881354,0.24007641380515088,1
0.812578392737024,0.9541878869958943,0
0.4872451056957634,0.6966003908433113,1
0.8562148348584685,0.7400107078622219,0
0.2962993313918678,0.29275281503777284,1
0.8413678086292928,0.8640493768208352,0
0.10162826507811695,0.2705936541652679,1
0.5800971760574547,0.4635055561748228,0
0.05571146487252154,0.044940961696367854,1
0.31197446501777815,0.5743069153315259,0
0.2505129278367517,0.21178507515689637,1
0.8995029133218229,0.888199235275965,0
0.7755393501882204,0.1857308353190712,1
0.48810911816330893,0.5801641927982091,0
0.47634526625651274,0.04420838881453604,1
0.5978157172824634,0.3155321693932862,0
0.06940760762740827,0.9144801017899749,1
0.9044350475859232,0.41653193808961275,0
0.5313749461884701,0.22807379863231358,1
0.8202189671684758,0.07233962388744497,0
0.23939714630172937,0.737911250866708,1
0.9992652236818873,0.7857393720316498,0
0.42753890864618804,0.13982536605119467,1
0.4444714833940425,0.5342231318644526,0
0.7505907857453278,0.8806474995587469,1
0.47291563273014936,0.5067534425522385,0
0.5973321874725207,0.1716909215411383,1
0.7455775346287012,0.9081515180884374,0
0.19133053021996616,0.37685751827739844,1
0.8846347972837466,0.43375792156280557,0
0.3475353051657014,0.8172252647841773,1
0.705530189341748,0.9547667465832993,0
0.6556408042804064,0.9396990952008389,1
0.9377161051347658,0.5981609445257882,0
0.05990301001913734,0.8846068518686531,1
0.6674620547120377,0.5766447752918792,0
0.0557889606678027,0.08125017859263561,1
0.26459685242981434,0.5216461570290449,0
0.1714841070556441,0.9759234711744461,1
0.25953139775782996,0.49713001033075666,0
0.16735327911152298,0.6743255059260864,1
0.9414590855701139,0.2660741342277847,0
0.21472416098603697,0.7701106394379589,1
0.9993139269661578,0.10126996189124882,0
0.6244066797929604,0.7170351876037043,1
0.96784325473942,0.9257464097715566,0
0.16313153873207942,0.7972277581348197,1
0.9689827645532597,0.40910188001998804,0
0.6140531889938943,0.05653849967765823,1
0.9055352803093532,0.57681331669374,0
0.3111484779119723,0.35343019717218516,1
0.8178364773085965,0.743178124818109,0
0.13692146183561948,0.9992023258123864,1
0.6167569192623353,0.03623071327900895,0
0.33184496649922257,0.3297010473785895,1
0.6083687517137257,0.6050482429359304,0
0.03791008972363208,0.11813147972173177,1
0.8538684015916562,0.10414282481963488,0
0.07387444936173015,0.6101848720547427,1
0.833556116709613,0.0188997924505383,0
0.07062379231693017,0.5039732713919897,1
0.8833496402543412,0.3723151942815067,0
0.35346179080091045,0.05602788499146516,1
0.922059895079451,0.6184945643802366,0
0.3972870919484577,0.20946378322607917,1
0.3161392636042505,0.41408433204485495,0
0.2923575354636422,0.6919696827643461,1
0.9036129911912427,0.27392200360443664,0
0.7257657701209,0.8637270418645117,1
0.35257213350501426,0.5441583866543663,0
0.4534833306664795,0.08736476582250885,1
0.7856227875890799,0.21851454902976386,0
0.08024165637551395,0.37926677183187896,1
0.8550404012251104,0.01989230165007516,0
0.2797729002597513,0.7840642793528798,1
0.6696266344983688,0.6800317555285458,0
0.5810552282234491,0.12175717052555801,1
0.9664984726334905,0.2288601612473159,0
0.5027312331206494,0.7625151705022225,1
0.455638899405698,0.5728135510699567,0
0.16901114576719423,0.09486097266088822,1
0.49506438694384125,0.41861237076038693,0
0.3172101381036806,0.7817352731402314,1
0.8208110167064014,0.8771983286932105,0
0.22759557394486996,0.8673704441349341,1
0.8499249492566533,0.18222066339647924,0
0.17569981090681042,0.9966198500298069,1
0.7056050365129524,0.6146448868012788,0
0.5998032993870638,0.9088137236686921,1
0.8099456587276945,0.5608283077307108,0
0.11241604353473178,0.20640305722301666,1
0.6267923269650035,0.4357482819623838,0
0.6935729527910689,0.18181822194281394,1
0.716813498179237,0.4603068820107358,0
0.2606833376909101,0.16555949795968106,1
0.8800619236811557,0.28821028355045397,0
0.12396290469469617,0.8981164431514725,1
0.3109751070999889,0.4690443130987295,0
0.6031380737378066,0.1416668440389819,1
0.9597354286194183,0.3754776553988741,0
0.3406561052215564,0.819247876535035,1
0.8386169347826614,0.22171866297539733,0
0.418927881853315,0.1981484639367449,1
0.8352906101674923,0.11499959784863945,0
0.0034849204442836124,0.09896468877836673,1
0.879860928422581,0.21969647157051553,0
0.28706779755540046,0.14806591397323488,1
0.4523404843348384,0.4934667167505531,0
0.08456889645321464,0.2922887075471837,1
0.6382177951965142,0.037527477728626524,0
0.11582046093499498,0.755610725522082,1
0.8864618050828665,0.8846679594247695,0
0.2654144559397138,0.9861214039363451,1
0.883565884356518,0.3197247921406384,0
0.09685135499474018,0.48516164580567633,1
0.9706349101063447,0.35653975447992137,0
0.2551869782735897,0.8111068186221784,1
0.9386515274966948,0.8072059763235271,0
0.263487496234749,0.8726893822252739,1
0.5175704670788515,0.3515872521651705,0
0.0019351813820368546,0.1321824754450417,1
0.7265070000438123,0.46285761546038195,0
0.477555481579094,0.9749790351502045,1
0.6863484140502608,0.04465347506947703,0
0.12475299541168883,0.43184926684566627,1
0.8451807735357639,0.3345166767333483,0
0.08706356361585921,0.784982092092677,1
0.4793705845216697,0.5499889969298047,0
0.34971220748546195,0.7340380877946614,1
0.4989942627082692,0.42462970043911497,0
0.4652561811690501,0.8969990000193455,1
0.8112048943928561,0.30018666414055806,0
0.16366037983050297,0.6267901666398205,1
0.858754105890935,0.4560178252635536,0
0.27336989094379893,0.24958965180070591,1
0.4551441652867886,0.5205904338852866,0
0.4745753326567226,0.23823423496422846,1
0.6707671570290973,0.5342116224565019,0
0.6113975358766663,0.9371826707242545,1
0.959058878670853,0.5193271195298953,0
0.4678419213870564,0.8090708523870627,1
0.9954422068412928,0.07733710377679026,0
0.5476432272935605,0.0665076911019381,1
0.7076752179313488,0.6031476323716464,0
0.16286741298454943,0.8475751808214833,1
0.9018883370867365,0.48766738834872414,0
0.12087850732834005,0.08323992748117126,1
0.9923595388004856,0.7994296969329308,0
0.08389282594162284,0.9196116430590476,1
0.9078943066772063,0.8149952707454966,0
0.2584926136188489,0.31179033294633396,1
0.9758542124266067,0.14369282730742383,0
0.17677178744009836,0.17960181038271794,1
0.9660846478828796,0.0829095454990505,0
0.30623069109939427,0.7396019221904098,1
0.6591625904911066,0.9859317150167708,0
0.4946505325150886,0.8428978329746661,1
0.3681696885050778,0.5972001116571717,0
0.5025766139728244,0.7701127611084467,1
0.8428933857327766,0.7822530521190578,0
0.6240673585972643,0.11079279021398025,1
0.7775243432897321,0.6879838796423242,0
0.2905943630504335,0.9620480404131109,1
0.9272311758838288,0.7349608338218393,0
0.31069388052587865,0.26690914803177923,1
0.5122778271353382,0.5020620246086912,0
0.3165103868832695,0.6783356131892704,1
0.9329846462516794,0.7426801391160689,0
0.32613274160513805,0.21078199997336655,1
0.4054945231063073,0.47328377875522387,0
0.07436599522331733,0.5319193364919409,1
0.9549623956438277,0.09471761647246957,0
0.19018927085242487,0.9823997416364475,1
0.3404719920811785,0.5117734528422146,0
0.4008842242854087,0.6397920632963473,1
0.6375621014198214,0.4206468284325644,0
0.2872948491964884,0.2839797222451198,1
0.7827723886568216,0.05175689324741062,0
0.14731104127766637,0.5898471364799963,1
0.6950169818310893,0.671150571482738,0
0.7111686197754866,0.9018618177507457,1
0.9047459966368723,0.12945020957709275,0
0.6063871490371343,0.24332234764513172,1
0.8945760275630674,0.9866188127914973,0
0.10108026590999053,0.5472987552560518,1
0.8707984870674735,0.5381277226408191,0
0.3957567262009155,0.9383292048257462,1
0.5495032574930857,0.36726381748923576,0
0.07775065322861918,0.8815059237743065,1
0.8617019268751012,0.28284765668106093,0
0.18498082676787975,0.1518977975668524,1
0.9566752418164515,0.3099209463971764,0
0.65466821905062,0.07044069841057043,1
0.49413435615916956,0.5542920585986122,0
0.37498431459511405,0.8498576415154383,1
0.863643606892216,0.13247786473916412,0
0.5237044902552911,0.2212444809915789,1
0.8017425947307243,0.22026635425112084,0
0.44141428770658786,0.7774474295926557,1
0.6668248721554542,0.3482144240613343,0
0.2868978031719659,0.24797217058824106,1
0.8152953667919118,0.11985923302929047,0
0.2574299489559557,0.182880223537368,1
0.8235831117718321,0.7966872435829968,0
0.7201190176646151,0.09903176562962668,1
0.31648710196471685,0.45321124145671887,0
0.6466902021713526,0.18792929226721244,1
0.6360648858168699,0.3094185402402262,0
0.49371425108851075,0.07870530748196958,1
0.31562736100326594,0.5332190796152305,0
0.09050837055928584,0.3841703346397336,1
0.7103114945172584,0.02629623535722936,0
0.40286778621871244,0.7813433728272104,1
0.44435555683633776,0.4136487281948028,0
0.42032421674739384,0.3177139231735543,1
0.3859106561908642,0.5968370340123292,0
0.7455129268754263,0.8315787721011452,1
0.7162525442032289,0.9597898468736922,0
0.32865482861924167,0.3016717938218185,1
0.6485512637962242,0.3939866123177008,0
0.1860386371310213,0.044298878189846125,1
0.493345260061294,0.4352119274856603,0
0.20204437188801772,0.19599841142896612,1
0.3330810417038542,0.5821018637969023,0
0.22511999362998614,0.25948781494574646,1
0.42359340153824965,0.3888345769323187,0
0.029109625713214404,0.15660025286673085,1
0.967420734066537,0.9930035450005362,0
0.2771042226778695,0.0958661526310084,1
0.4345023303763297,0.3680637299297297,0
0.10710562550464553,0.8389367712688609,1
0.49199251033873126,0.37990463458648027,0
0.08395807933734456,0.41741732858384273,1
0.6752361770444216,0.9929271618426585,0
0.2650976404498988,0.4118499960198445,1
0.45441989467459787,0.3726582478494994,0
0.5257261463383588,0.9585716481654024,1
0.8405827644339936,0.3445374291318233,0
0.32518175877325917,0.3426637104329967,1
0.8710522225936487,0.7769871261804099,0
0.3914922984662641,0.3462101307721104,1
0.6659357557783326,0.4539157358412145,0
0.5699665165667077,0.782761272965274,1
0.6189915264232572,0.5961097617137933,0
0.5467644311727096,0.8504300367195582,1
0.8064210357949696,0.18354881196165096,0
0.06360414253823488,0.27915181408212075,1
0.6318989793056471,0.7059270532601806,0
0.3099644575871917,0.8334162433176159,1
0.9287160989006906,0.9584113730515808,0
0.44232702143122415,0.3126166991733851,1
0.9298268786290934,0.16063403088343042,0
0.4504331598960929,0.24050166038234855,1
0.8910991972354737,0.9175191918081773,0
0.14707630053539011,0.8492638282125377,1
0.7130475756501868,0.6086145209951982,0
0.19940040914364465,0.012109941121507761,1
0.7626673888664076,0.27057153865308947,0
0.005665251151597772,0.9292061156855598,1
0.7195430149491681,0.6099116298312255,0
0.18962159794460154,0.37965226248361794,1
0.9413329822489164,0.7838136482083982,0
0.022247287740430055,0.24359927118595215,1
0.4951327300164746,0.39730751610741055,0
0.16394471623008366,0.2763517505103851,1
0.5210885318648669,0.5023776215929239,0
0.17721541285883013,0.5371377028656131,1
0.9090608673857318,0.3085145484796604,0
0.08651143191709165,0.45946936400412874,1
0.6182060687243188,0.5489273094154948,0
0.17287060499921492,0.7960114160260635,1
0.38298718588771863,0.52881167675703,0
0.13691831190921866,0.48440395691725,1
0.6444377875828854,0.9886776763761973,0
0.10226493872771691,0.2077958114920202,1
0.7546701182920368,0.08228910695435177,0
0.13026428546304247,0.15365387251834406,1
0.915511601902118,0.785384150530657,0
0.13061141278913435,0.05382045581298167,1
0.6844243527797993,0.5255820759801798,0
0.016479892244793848,0.09043683379836698,1
0.8803108889592075,0.6395202783738864,0
0.04213003834843132,0.7469386521122572,1
0.9726808421932347,0.3649548907987372,0
0.44842880091288084,0.2044901814196325,1
0.4843542007761725,0.45854987800743563,0
0.5149202780532727,0.009834996590059375,1
0.8580084013447558,0.6325629933200574,0
0.1457308465756425,0.11842950556382514,1
0.4381678519090474,0.47449149609400043,0
0.35150198467362437,0.9014182183944444,1
0.9522112181658919,0.10547409662389573,0
0.28859896591092504,0.8687457382331037,1
0.905771447123451,0.8112814173116899,0
0.14525061780218884,0.8121727614664637,1
0.5322946308918098,0.6341554463670758,0
0.40155339316004834,0.6665444140054932,1
0.9828030820556026,0.9440370721473856,0
0.14013044209762004,0.8838871596290947,1
0.966814023765422,0.5201439411548866,0
0.100459550993786,0.9022244006032671,1
0.7428994876747597,0.07150073479494456,0
0.6507473263131546,0.8553217548385474,1
0.3318091002172979,0.41537301202769916,0
0.3981707949658615,0.28499496770927857,1
0.49191778436292555,0.49934323456373597,0
0.28514704811441216,0.040482330299434044,1
0.8525244048718117,0.9993900124577583,0
0.43221333402631446,0.19409043383032998,1
0.6549543527861192,0.3515069460202168,0
0.0340169417132441,0.24540688070378158,1
0.8895721377086009,0.18126888769964133,0
0.5934340663938994,0.18472559972758085,1
0.9475536000760376,0.013811478867899019,0
0.3637838227372244,0.021955154546328015,1
0.8168762355867545,0.1688552748376162,0
0.06075629321268727,0.8205811975342743,1
0.9968754092926537,0.04379908603356575,0
0.13359511101819432,0.2333814638645435,1
0.6477993587746744,0.9871088054098032,0
0.04046380859697196,0.3986685200479442,1
0.904411360369328,0.09437611948365021,0
0.42897008452228547,0.9219522291539376,1
0.8171770746536746,0.35171221846243517,0
0.5615067962476062,0.05001779732432565,1
0.9961876794507623,0.9800475371532686,0
0.4477187317250567,0.05326255758343945,1
0.9091452566514945,0.39997061799945977,0
0.39730065248818913,0.8003900267078586,1
0.9230586655589293,0.531305709649722,0
0.6879768722334467,0.7750309261362166,1
0.7538474527191493,0.9362702425596682,0
0.31105659692672605,0.8786804328663403,1
0.3924572186284898,0.5382780050359081,0
0.6396445349484439,0.7215629403634901,1
0.9918593287706824,0.6179456604623066,0
0.17978731568002304,0.2188320840630722,1
0.9912931809730585,0.4045904147667456,0
0.2512259421752471,0.09545492393731281,1
0.4127717725921275,0.3783473050368251,0
0.6743483299566068,0.1807090876516353,1
0.5587866377260705,0.544319219302345,0
0.09888752636145581,0.19627928734185074,1
0.33306596806689914,0.6030834890316331,0
0.026238197130426966,0.12629058158043982,1
0.4214608201726566,0.45383461137807135,0
0.2163221857219172,0.6992103050132671,1
0.43941901406673955,0.40132635587853926,0
0.014166867118563853,0.5426169546408607,1
0.8669018212645427,0.29511675099060175,0
0.13434664355126613,0.6503527051009541,1
0.9076565722482723,0.6791118722359134,0
0.3666026429136481,0.029743286272269742,1
0.8215112721528454,0.12313258698035623,0
0.20882061919592476,0.04771377234783447,1
0.7247075623902227,0.6896794365422684,0
0.3406581673720208,0.9982226221698595,1
0.5893725203644737,0.447070137500885,0
0.5269863339605595,0.8076329394593988,1
0.24797567787978714,0.5095689724188989,0
0.4783463756395092,0.7429290783221327,1
0.7293881158568862,0.7194681027081761,0
0.13697906970001106,0.7445504449838687,1
0.6981963494055895,0.008854158977360194,0
0.5565671764264779,0.12990942701397679,1
0.7244085290426813,0.9424552069229907,0
0.2426413643546922,0.4311872500953442,1
0.9982509709491506,0.09678557476230942,0
0.5406077586736948,0.8958270890443628,1
0.6197292317867485,0.33300820456930214,0
0.5916685349226702,0.2223635128979018,1
0.8463371331397987,0.11515045438103977,0
0.6081437075384294,0.9392270464641648,1
0.3761813573051117,0.5882588249342362,0
0.46547225451392704,0.8795923292993262,1
0.9513848216592089,0.34859782478221535,0
0.018156714135195484,0.7081056150533175,1
0.7438086119706514,0.44088835838441376,0
0.04566972573047334,0.2123996142820772,1
0.8499062214609066,0.304739579677321,0
0.46239221161138133,0.6693196806236368,1
0.7538679306696842,0.973502259354379,0
0.09223785739251689,0.3995343460255094,1
0.6993258443969381,0.047048435031348035,0
0.24259117999365665,0.7101297577172975,1
0.8521083454384343,0.40235129101481615,0
0.048769542744518835,0.32779708011885067,1
0.9131758055437295,0.06726048479816038,0
0.5853091833146289,0.10395565292814446,1
0.8234591059697601,0.3405286242686977,0
0.5746465325684961,0.04292575323695824,1
0.9809596197945052,0.5019894635917014,0
0.03024167320391047,0.23245954585107542,1
0.8202852456071318,0.23427538529306502,0
0.33749481285264227,0.9416845475902205,1
0.8032439838163322,0.255625941271473,0
0.04124027224043125,0.1422491150180405,1
0.6116679733421319,0.5684528932726634,0
0.16011554947706597,0.12077970516827408,1
0.8718597715364812,0.576183747527373,0
0.09930051823479757,0.3894048080421897,1
0.9790909018788795,0.9053321428556427,0
0.6114314824712839,0.09417316907637707,1
0.3678589687285969,0.48338546232139956,0
0.02491148052309433,0.7062075432212672,1
0.9088978881905753,0.27494508579877563,0
0.1108073302767032,0.01778930267516543,1
0.8412582267405915,0.5640156798354812,0
0.16382012771952048,0.4270443582432816,1
0.8010106237584741,0.3235907979985235,0
0.4532692051840512,0.22911687497192557,1
0.8896174671200259,0.605894583214708,0
0.2890953626099956,0.7800960969156515,1
0.9293751124650358,0.910699374460406,0
0.267174631170385,0.1260405516714408,1
0.3055125642438119,0.44235362723878613,0
0.6814542743120735,0.1382474821562234,1
0.7995343903555745,0.23284705644569614,0
0.1480365296913173,0.9194056617499076,1
0.8344874524609631,0.18428656515702913,0
0.11368127213966694,0.6876941908101291,1
0.8728281688673211,0.9433329603830859,0
0.1223140517628929,0.26991415371901206,1
0.485664760163401,0.6028562847775386,0
0.7051556849982213,0.7967874968485905,1
0.828283466125028,0.6836700385397515,0
0.13922753619418649,0.618567133185769,1
0.9417861875788595,0.30050377691131536,0
0.12976189571900565,0.4477504044050723,1
0.8988086702182336,0.38453692306724463,0
0.434754317428248,0.6770201076795164,1
0.8560577500697129,0.2664102139815817,0
0.3126856644836963,0.7714379054078088,1
0.4725628041548975,0.509866274303426,0
0.1209135511897037,0.1095977695055157,1
0.8671883103539563,0.994174482294689,0
0.39952409431075697,0.23219476346067136,1
0.33219771420867383,0.5465768182547808,0
0.2541160073147487,0.37665038760715175,1
0.8376121796066162,0.05164146967415051,0
0.2621989602579349,0.1936137420498587,1
0.6359942329917747,0.5212399322403574,0
0.47120221316866395,0.8210648603556807,1
0.46807958858962684,0.4759456921355064,0
0.2229309536082682,0.9870968647439955,1
0.8437784658902734,0.7473119847979895,0
0.1572700720188226,0.6755686012069366,1
0.7540389238255725,0.4614365440346673,0
0.23547971686364366,0.7655030493413881,1
0.41554253044709766,0.5092549268444174,0
0.029173575282101405,0.44752017591636795,1
0.6271111310655316,0.635189048551763,0
0.5000127182278149,0.67354613319352,1
0.3459063573103064,0.6038521834749506,0
0.12535197281753951,0.2249498788138934,1
0.9198596243243929,0.10201025479310011,0
0.06582508491808059,0.0821485937105243,1
0.6850636221311646,0.7078501234532258,0
0.012903849267491663,0.8600740071627501,1
0.7444849132214854,0.4161535769597713,0
0.09716507104383099,0.7883001283863807,1
0.6402999197413525,0.5431320091557943,0
0.48034900065705455,0.17604048912390646,1
0.9871766660791987,0.35910412332091535,0
0.6963290368455912,0.8403905561336836,1
0.8728997063137149,0.4832204444272067,0
0.46413015508601785,0.9358628590679023,1
0.7444652311788805,0.592842192773359,0
0.3206620845350594,0.7800654981618693,1
0.8439598510372955,0.06122229164424653,0
0.5538566242732262,0.6893082516972061,1
0.41198699658925697,0.5775756994944666,0
0.5451118604626308,0.0884236750384717,1
0.8672738346396216,0.7586049514930788,0
0.5780729900236675,0.942598521063912,1
0.7303968078480084,0.38047858240035715,0
0.5120593510511114,0.8554804041614428,1
0.8198895906341973,0.4197559489222351,0
0.11917618531382368,0.7299178536501609,1
0.5210413559932242,0.3685538883202377,0
0.5694473004975518,0.16161443993083946,1
0.8761293694338227,0.039409218897724974,0
0.2984400712976317,0.7716669659265387,1
0.9334370618945533,0.5661322042905852,0
0.11925456970578519,0.6065325028507786,1
0.9608667755098167,0.815866459989647,0
0.45823481757910633,0.802941050782766,1
0.5972726206501882,0.3488081868933891,0
0.4780377106248399,0.9944111057640125,1
0.9357668642294553,0.8124031531582308,0
0.49710863317695086,0.7854319769253217,1
0.7979284947420897,0.8142264168955967,0
0.720512558209282,0.14277748237940013,1
0.8859102149730886,0.4958781318145917,0
0.22382868401102352,0.4502840097962236,1
0.7584809973613307,0.9750965464200392,0
0.16784884525142452,0.2789666430952069,1
0.7051839696209082,0.7221941665135654,0
0.2071622788898797,0.13382529281950506,1
0.8018670966165229,0.5573921479962496,0
0.42630404908690045,0.6941932569273231,1
0.8883186550925676,0.22938324498581864,0
0.03549161202755602,0.7273815445763129,1
0.6827199311314089,0.6432257415670876,0
0.12222329122121522,0.5599205372919227,1
0.43280645203115076,0.5932840562892456,0
0.6341680266054474,0.2450669955057464,1
0.5655837013606465,0.6004972162753414,0
0.3472649621446878,0.1418036472735873,1
0.6603926788073862,0.6039874644860189,0
0.17199210885617722,0.08374549736495307,1
0.8289689548370609,0.42444066687870186,0
0.4372590537132389,0.21020328301121816,1
0.9048902980292532,0.34715412743707397,0
0.1260133330661659,0.6366079903531404,1
0.9010242130313176,0.29483694353909184,0
0.2665890325474213,0.7136326382429277,1
0.4485572939139061,0.3636316010712566,0
0.5993201684210212,0.9433859786950793,1
0.9432559291348882,0.17997541005553608,0
0.6381449372196,0.8599858416730971,1
0.9449588902831325,0.5519530411197321,0
0.07545416607316169,0.2790062150454219,1
0.9337917409874456,0.9400774044881028,0
0.059112542208965,0.8573428688008946,1
0.9069685756462217,0.798365380636193,0
0.16492680311155639,0.080110068433625,1
0.8927891503321495,0.23464797809811966,0
0.47298460835621714,0.8450377203404724,1
0.5501599994504932,0.6306174468372223,0
0.5008010864995065,0.8247210681695776,1
0.8668037630800107,0.5973436709331247,0
0.11840104014193287,0.7045995908866692,1
0.8463014960773221,0.8600278481886948,0
0.46820979182716416,0.9315411043018724,1
0.6866534828858862,0.9326619097547095,0
0.36714551731341094,0.8393607394965934,1
0.8270532932911301,0.16622914619912843,0
0.03669929937616545,0.5745888168959937,1
0.8826380272978475,0.9488541028081419,0
0.37167065702443447,0.9134290783406502,1
0.3260039148069692,0.5603597917001457,0
0.011979625981621611,0.10097028240113637,1
0.9162792749829277,0.10876199125629027,0
0.22607823135591354,0.919269243813549,1
0.9358783815248093,0.6070589046503839,0
0.7635427289191564,0.8292382505252193,1
0.9093373718626977,0.5764549635936784,0
0.5497654683817877,0.2941092768816317,1
0.943800547375671,0.5089560514643434,0
0.6515389873544363,0.784932345499485,1
0.5804261687027816,0.3645903162980274,0
0.07638815848386427,0.6621456402672139,1
0.48667317182609615,0.5769096598702871,0
0.16137186257125602,0.9467427312849611,1
0.5002441678820029,0.34843396323122455,0
0.5677727163479664,0.24871756108030418,1
0.5852607723886407,0.4841510654407123,0
0.521702212756919,0.28669458678116166,1
0.6134388925266395,0.4192077360202068,0
0.10009445760548352,0.28170020542089225,1
0.49516871965875553,0.49594126818916817,0
0.28004687841031806,0.9656858054419707,1
0.69450713710326,0.3790077543661401,0
0.09883422992560864,0.4089414858753525,1
0.726010959837928,0.6123862546772243,0
0.2006474436431943,0.07416420963021808,1
0.996706944607663,0.18770976340411405,0
0.2063331189334956,0.5400895020806742,1
0.6924096267034887,0.07338024900772144,0
0.12876556821405205,0.445200603336271,1
0.8965809792168129,0.4557919962575995,0
0.3701963776489736,0.7386025455325215,1
0.5490790903947781,0.4338796851599309,0
0.6098006875316888,0.2848706401660842,1
0.8256580996195447,0.46002001965403105,0
0.40762900510056843,0.011083431898815665,1
0.8384403864835488,0.5517642032109127,0
0.25704306751879824,0.3284781660778173,1
0.6701632982613621,0.40989503827461726,0
0.3235145511695664,0.7442361861253948,1
0.9591294452281158,0.08983118707756987,0
0.15144274117165335,0.19986514614889384,1
0.9275116477592705,0.11229198143133068,0
0.23324693306597788,0.3779236787736636,1
0.683488446295752,0.47024768896469094,0
0.08460071463307184,0.009022919505256577,1
0.5650161882478493,0.3633224796340876,0
0.049621600107005115,0.81797737389063,1
0.9068128263030665,0.1339400487100293,0
0.18310179652132785,0.31592163316620225,1
0.8237151954501559,0.4524958237924456,0
0.1016545430719964,0.9945965935555336,1
0.5269637826217503,0.3403519179959136,0
0.3415165889529215,0.3355571278822803,1
0.5169913685860822,0.3410963256841839,0
0.3390008089945761,0.3121920693958592,1
0.645360672679038,0.04895379449796533,0
0.2549162302778024,0.025150029357453696,1
0.3946546102663203,0.4125674408194252,0
0.2823318366195281,0.8628347312695204,1
0.662622953352666,0.9519190091374413,0
0.3717022433943745,0.1722387147086818,1
0.6449436844206594,0.3717452911907787,0
0.58644519065491,0.1000426768679118,1
0.44130073597457753,0.5343223993322432,0
0.41440241890834584,0.7760716237011142,1
0.8258834553940545,0.17876848065705075,0
0.1308488937330835,0.9850803147619047,1
0.9511170623447166,0.6023174592453415,0
0.12612568740426422,0.13175655435320288,1
0.3803956128479252,0.4096749626328484,0
0.18403332666413164,0.8472802469778126,1
0.6818514598342816,0.28196991579248176,0
0.2836512823121421,0.000955085691410229,1
0.8355362970320503,0.004758276688824115,0
0.19614608922111543,0.17651559415078355,1
0.9464859311725037,0.2811650245919116,0
0.4556747061473553,0.7763703698465901,1
0.4329995890938061,0.48599966204304057,0
0.3071150735206465,0.25321592543311244,1
0.6240073537071069,0.5709458375894173,0
0.10458565260398722,0.6793148691391341,1
0.8436194278037801,0.7710785479462633,0
0.12357685958842113,0.8238501153358565,1
0.8124195243174627,0.7124047323888868,0
0.23944262788666482,0.3102747532814373,1
0.9594923889943451,0.47208918646475473,0
0.43622641328287326,0.9121543787114894,1
0.7578410261068944,0.5657298029707754,0
0.21728187771684904,0.7592203361699749,1
0.46399510804286914,0.5334626130175334,0
0.40635800526071686,0.13251471189812347,1
0.7238620662379605,0.9999169682320321,0
0.44705501057692065,0.6528587954458338,1
0.869581599046009,0.9244363289490739,0
0.1286485865913658,0.6381059272909126,1
0.9008331620853295,0.22657117352589762,0
0.1974353734968175,0.7873838242213509,1
0.5371976985409287,0.4486167605493474,0
0.17072762446322065,0.38774803341784103,1
0.958568226821745,0.5233708499890284,0
0.38322825203842914,0.09947104889219105,1
0.8270421741585349,0.9481779541379366,0
0.12605933754349907,0.9829716775846146,1
0.8272006099030784,0.8704345536443088,0
0.21964143372532974,0.9065521838653647,1
0.554934769838488,0.4574457149892528,0
0.2844799435322112,0.34808951015020295,1
0.24076246673468127,0.4938907018723675,0
0.6715923466730226,0.8805803707086093,1
0.4510778792149843,0.5335122743043961,0
0.7474929183436329,0.1609654487327079,1
0.8203983304305814,0.9761043299425272,0
0.22442686924723243,0.8088127838883367,1
0.7623495015183172,0.4607097915576721,0
0.43882056248373646,0.1268092291334756,1
0.9725037286709928,0.8269008100034388,0
0.7381116172145318,0.86695986081346,1
0.9039257695192285,0.021844291349584433,0
0.1268953094979598,0.4173343276303826,1
0.9819740073628194,0.8102933839052223,0
0.32649221601040623,0.9685307129426194,1
0.7948232490446169,0.2679264775079162,0
0.16195824651471602,0.42812208887089986,1
0.9582750617866749,0.0735388383064074,0
0.16005287995672557,0.2079973081919988,1
0.9336279290593622,0.07364619120159355,0
0.12799025799429298,0.6369189211602053,1
0.8064048373846201,0.26206658893918666,0
0.02315319392380699,0.49740771703069186,1
0.523940655606013,0.6095493282599489,0
0.38519373814886004,0.35404506807985836,1
0.9758578773283393,0.3122375069859308,0
0.16438485529700675,0.46594030561890165,1
0.38333095979989873,0.45394872676594844,0
0.4735962680555007,0.1747883384888278,1
0.5746440377186568,0.3656117088482873,0
0.6250867850951487,0.2324673278612861,1
0.23765430331713777,0.5082221646026424,0
0.44879649722965853,0.20120320133788505,1
0.9987033995802665,0.1748305094750786,0
0.5556384748102353,0.7413730469212052,1
0.6957998774688867,0.5417892160581779,0
0.15590542084067394,0.6789628493335527,1
0.8990295080142581,0.1389631238439607,0
0.10773560506578839,0.5089079470379386,1
0.5793828449581105,0.4781643176955175,0
0.6512307273270561,0.26664376241445653,1
0.8238271617879621,0.6974963419658535,0
0.6027563918469288,0.14776381462018573,1
0.800194999508396,0.4784447555814425,0
0.2325785863444748,0.8121544650057496,1
0.9333815709228522,0.06314416585647775,0
0.23497188609601283,0.8904980362017567,1
0.7531190994703761,0.046648657759317924,0
0.4866703845545851,0.6733829514722132,1
0.8068375877658526,0.6093228657996684,0
0.3055453262515888,0.08826941022764168,1
0.8230947909655842,0.0013570989106158615,0
0.5020958881370539,0.19157450475868032,1
0.919082885173251,0.8181642045730357,0
0.12549280490785508,0.7695751479230857,1
0.4861235538666989,0.5824286080016391,0
0.0795218067252017,0.07249476600149285,1
0.7199163916915788,0.40407996477023234,0
0.31812036495651896,0.6758164331067812,1
0.856018796771728,0.5569933547701503,0
0.6787531970050819,0.12259047747347585,1
0.9561855082237846,0.8528587286733944,0
0.11494248948209407,0.9516054092103219,1
0.5261735631631186,0.5034213635076885,0
0.04010996878957718,0.6803291142799333,1
0.6388020165706617,0.33308150829756633,0
0.16342061385513296,0.8025211978370798,1
0.8773199765475991,0.7085180110444398,0
0.41230831379760136,0.8008354531237677,1
0.5087112487073194,0.41512182440190704,0
0.23305208008075418,0.11470308578345767,1
0.6623191279223528,0.7094981246933134,0
0.32535861932964816,0.8555865024292971,1
0.7547914068577929,0.25205057555589894,0
0.507999872932346,0.18106484332902495,1
0.41133756920503395,0.3915093557015856,0
0.19991570329401354,0.7154708561977415,1
0.7968330606753344,0.034321133217544486,0
0.3927192721493734,0.9508699821583665,1
0.6717992107899992,0.33901507996790103,0
0.29758734143265586,0.8451394025386546,1
0.5314870537121832,0.37963710385112626,0
0.4808685957265252,0.8845677698828367,1
0.8700781382980242,0.3591184975171512,0
0.32047650821149654,0.1677234526560466,1
0.709951606535021,0.5742237505547012,0
0.43787727674057575,0.8156014105458368,1
0.6650351431507705,0.7197834313212527,0
0.17395848926487467,0.397753341397331,1
0.2609549868111477,0.4372317446963033,0
0.2891701416234106,0.10088041863867336,1
0.8343370360557777,0.19512875449415534,0
0.12010562372889033,0.9870347480575129,1
0.7604444868553503,0.8927289040125597,0
0.050635805847088156,0.011100302247847527,1
0.5999611569308151,0.514754113719552,0
0.007291395495891084,0.10446321286844984,1
0.7636949313973307,0.04449681247867732,0
0.676037686325765,0.8547814427587036,1
0.9640244278598142,0.1486192193423499,0
0.18384727375747423,0.1430647571748267,1
0.5792721441632194,0.5362329739389057,0
0.04591484153365788,0.17585986339557602,1
0.6320996395217484,0.3060966049306233,0
0.6497850915741649,0.90480517983556,1
0.6927835158139318,0.9967521021887372,0
0.05328243892783646,0.54482941863927,1
0.48129591982883946,0.3780237220220467,0
0.22035371854175534,0.42520636592428296,1
0.39723910744856594,0.4666788791498645,0
0.18669214029515013,0.631376390252458,1
0.8877785277084809,0.989591532790956,0
0.20110094215639074,0.5599577351430322,1
0.9045332382624307,0.4054768063317765,0
0.28072384868192723,0.9796920073004804,1
0.5230633849973579,0.3675393705497748,0
0.6070431096320053,0.8773914464131948,1
0.918161079966809,0.2942212671305059,0
0.3862309986441851,0.09518636990901408,1
0.7258511475657781,0.465437367440682,0
0.15816910936053696,0.2519339480061147,1
0.8761197138096182,0.6144372061219707,0
0.47652789723471634,0.8482278848031789,1
0.760315915740215,0.3593035581648877,0
0.2794030930874619,0.01638200642622789,1
0.968209191715956,0.8277182467194477,0
0.6981187901102733,0.13570920704548628,1
0.430209053197392,0.3998024274111345,0
0.4575584974494755,0.8881663097205963,1
0.7818136653527511,0.7956630204699731,0
0.3994972154293913,0.014094246983897829,1
0.6328403446071081,0.032345400075462605,0
0.17072439958346453,0.2761239185566292,1
0.6790867348415526,0.9505477631546777,0
0.3155482544383049,0.7157244407579124,1
0.36035195105950524,0.5317037799435032,0
0.2206075986758278,0.42587685315816426,1
0.9607764653570139,0.8713542737000004,0
0.3275968028850287,0.6554168606098271,1
0.8861514874804304,0.9286978618206344,0
0.301547044152093,0.1815861103602282,1
0.9598862803136329,0.28330238622368753,0
0.17201266735424237,0.803625244970371,1
0.5724637115226207,0.6789619773295613,0
0.4779194868887263,0.9553216846437066,1
0.8407481986896443,0.48923858444891033,0
0.4461460278228363,0.0673706910883497,1
0.9736056601754689,0.6604027523308883,0
0.21500570978952305,0.24646356898756927,1
0.9089653721727461,0.5269882900725803,0
0.2778869635779013,0.3041807088082451,1
0.32461821857185524,0.5074682872527437,0
0.08010398125726859,0.3193722736173862,1
0.8853533397676245,0.8468375994149961,0
0.5261993061659888,0.821196327113928,1
0.6610129414244621,0.47015434084277563,0
0.0805953837804404,0.5898753386597816,1
0.6115390139861365,0.6456521412400242,0
0.14008402061137903,0.1874582575228938,1
0.8300981413114831,0.6936304284632612,0
0.05170953678165435,0.13001808956918393,1
0.8565584741117487,0.5656020215500789,0
0.6398053886454732,0.08379983111950917,1
0.8607907957890669,0.22789901467706764,0
0.4352192635698554,0.1119207281400163,1
0.7757621446694095,0.5733605819592507,0
0.17529440505097427,0.9088931682959682,1
0.9839149097345425,0.6418053058226748,0
0.0348210487998325,0.7598936575457115,1
0.8278181623048765,0.32268851596520587,0
0.6934968554878224,0.1610909471227514,1
0.5413757493361177,0.5960484292849373,0
0.663431708164481,0.17285201111258364,1
0.9323206754948828,0.4358270282891846,0
0.3033321507514035,0.010123797222135189,1
0.49839743131290604,0.6625001666065965,0
0.785648213080401,0.8616800602695937,1
0.861844161891973,0.22582604056496092,0
0.6478438350106691,0.7744243101419955,1
0.8439046824818114,0.3424698447475425,0
0.10425133996528013,0.2711559565682129,1
0.6130410249446607,0.5739984019243738,0
0.07005359914370857,0.7400715345806046,1
0.9619174594373537,0.09263014418180637,0
0.053440924633084363,0.02483693014646393,1
0.7673193322944859,0.9077720428020097,0
0.017052946293690807,0.9964330320181707,1
0.9809513093744056,0.3805250036694273,0
0.21462150924762258,0.8333854559753775,1
0.2561228906984896,0.5508091072585614,0
0.20668268127258238,0.16665148231686422,1
0.8174366001986865,0.5154315283718258,0
0.13284900141921752,0.19681099584614248,1
0.851573204089721,0.09539860588026028,0
0.03569884093017062,0.7336555974313054,1
0.8210274044523891,0.9160040215738747,0
0.17453278842536601,0.32892570876723193,1
0.977663032333713,0.9831866546819997,0
0.17814768680293158,0.07308345750723044,1
0.6979493434101115,0.3960401321204593,0
0.22029854814156635,0.5942958799065143,1
0.7801740248184305,0.7459469317147961,0
0.4617215944102466,0.00619170983219175,1
0.346435510992936,0.5143814046719731,0
0.06819524301424573,0.5755279944529796,1
0.6351501632065669,0.35877557236675406,0
0.05102784483618672,0.8990602159434203,1
0.7045570399555503,0.26959206511104084,0
0.21221299571725016,0.60801483526368,1
0.6572596429854657,0.3552117030447255,0
0.03519484584913324,0.8833059675244508,1
0.906163085326676,0.08898125900707887,0
0.5497158729496224,0.1379581324748833,1
0.896479022616306,0.21799653939023145,0
0.4059592595223388,0.9864211074711466,1
0.6352074715682736,0.4401523082722376,0
0.20996350031609834,0.8150656920155975,1
0.21765839775180207,0.5197432468044668,0
0.5347665577223565,0.7507147447116385,1
0.6876047132666885,0.44936000215676786,0
0.047185210550747425,0.41774108816308075,1
0.983189210742269,0.22270587885775084,0
0.28030493262066947,0.99471869542655,1
0.8111316310386033,0.06522365997279178,0
0.36100574377654504,0.025547625581890165,1
0.8610945181351453,0.26469682458319244,0
0.026886597661122558,0.9370197711408746,1
0.9768973881029838,0.7007028574717812,0
0.6570137320027158,0.8351461656405147,1
0.9131096953720721,0.675457720913763,0
0.1301877994564965,0.24376509070257146,1
0.6334075113060408,0.5674547944352072,0
0.05234961049055975,0.45207252399782216,1
0.8431838244368004,0.5126204179497853,0
0.1927484147504186,0.9100641684572051,1
0.7820307620104666,0.31702834720909145,0
0.05602330441953274,0.2890786759057127,1
0.9550890436484986,0.7796609829914832,0
0.0924782762943942,0.6352115695409878,1
0.7590432050048883,0.037095711996964154,0
0.22254231224251997,0.5707923044311787,1
0.7163261796102519,0.630456547207753,0
0.5838160501014336,0.7659411291705598,1
0.8909321235780395,0.03340862846830073,0
0.2588170656915564,0.8720161997880728,1
0.7860492765657967,0.34269260791889167,0
0.35456303935464895,0.771687228667479,1
0.45335976842659964,0.3527451758722161,0
0.13750282532137592,0.7918068141587565,1
0.6970841449143765,0.5773926596588016,0
0.3398670403524253,0.36098310384879573,1
0.9520286034556642,0.6859487110150282,0
0.6880353877559143,0.1726104728526049,1
0.9974096529799988,0.0158217493497973,0
0.5760290740846757,0.28381226745277266,1
0.744334240428817,0.31026216945494556,0
0.09501465331958336,0.42777167514254877,1
0.8223641941515044,0.7078705372814275,0
0.6225442453141379,0.24601317431062286,1
0.5860155943280938,0.5278929107303267,0
0.1978419461402673,0.6282299303765942,1
0.8197737829864037,0.5976879904704655,0
0.582671697188051,0.07781184783190964,1
0.5828829702368672,0.6508948262649865,0
0.615056139412141,0.07102376242653174,1
0.822193894202737,0.027132863063873636,0
0.5533565038284404,0.8069100250718957,1
0.9641479452795801,0.005789147243846937,0
0.5025988429472723,0.1168610337535414,1
0.636885623085987,0.6879170259241031,0
0.5914642815981157,0.7037729861412082,1
0.8945572295163935,0.5085100729659617,0
0.03958955755631732,0.489486111249574,1
0.5398324503362814,0.5307083674339945,0
0.7501326333364682,0.1163141833966177,1
0.8345165598059822,0.9149758307306396,0
0.12230652951955678,0.8071927744861869,1
0.2865418737553681,0.49927474275390404,0
0.2532175038840705,0.9773750909871765,1
0.8828667012496901,0.736846978152858,0
0.34352406160819493,0.6146901468561644,1
0.7858925901727928,0.3932521471499356,0
0.04198276801512213,0.8946813829066381,1
0.4158308150240613,0.4164271665729694,0
0.16195678168422278,0.5687145267133428,1
0.9126851084876361,0.2646711398777867,0
0.08932138503901033,0.634311986323103,1
0.9138285014601811,0.9657793952041311,0
0.2602476356284855,0.8126627282757756,1
0.7203259007533064,0.277264731739576,0
0.5314091544727689,0.21666409286960697,1
0.8872657745715002,0.6990172352615507,0
0.2610724078017779,0.6189100041865765,1
0.9966213424564624,0.6425355081798535,0
0.295750447025784,0.7264867260852725,1
0.34651562417077053,0.5550911182018803,0
0.6905654176616322,0.9177842800686855,1
0.9400277238680267,0.15650590565062372,0
0.025172114646267785,0.32749271639042055,1
0.552423920199755,0.34142988156654996,0
0.015746162216676574,0.9002340102787059,1
0.7526674576041607,0.2750768524725331,0
0.10076679872257177,0.6903500112813307,1
0.7716036448957163,0.09297969352563651,0
0.22803280090481992,0.9667185495838437,1
0.8134563962906809,0.04602879197601728,0
0.15676344287445787,0.12358589007779208,1
0.37856957793717594,0.5050867880011642,0
0.015270291771928846,0.16372093005983257,1
0.5193247117300214,0.3767626173651206,0
0.7466094871963597,0.8487580748182982,1
0.9249946648587961,0.4195677097037045,0
0.5458481535999677,0.05362204608817778,1
0.8196295014968824,0.6561852608555919,0
0.5550993764649117,0.031128191042278153,1
0.9443185263762777,0.7709232369331603,0
0.24392659102576697,0.7887456280335869,1
0.8246031926568316,0.7026779703418446,0
0.10881487879595109,0.8925214893576827,1
0.897744194931357,0.3550440241472169,0
0.06572170291098633,0.5609795922628531,1
0.6897384031846516,0.6456966110454878,0
0.6503084502482152,0.9357556303793826,1
0.9430101041717943,0.19442889162375776,0
0.2752828843832843,0.06408394242606108,1
0.7125083093879985,0.465122842880589,0
0.08908667824197103,0.7488447355432102,1
0.898664298646681,0.16209550644087278,0
0.017210875457096875,0.37439100257315017,1
0.8115125610026898,0.14728952256483707,0
0.237986640548576,0.9294489657095552,1
0.5885983122071676,0.5420339574000322,0
0.47430243612132317,0.7121411418821525,1
0.8975764426512934,0.6620865121738503,0
0.6776744128732377,0.741921902026735,1
0.45409262259329275,0.4936576041641034,0
0.2589411148117371,0.9022513114094544,1
0.9153017299096178,0.4868628097797002,0
0.4039602557194423,0.22848214111540333,1
0.4743975666542525,0.5161026179782764,0
0.06485419016139415,0.6847082575956833,1
0.717400039153389,0.7330548984443218,0
0.767044172742396,0.20549345264398944,1
0.30707851410789533,0.43450375488987836,0
0.19513049169238372,0.7121125974246275,1
0.9814208858185333,0.7393881034996634,0
0.04090812137671418,0.3239863165241753,1
0.706126230790923,0.9684852963044182,0
0.0963713766164147,0.5555421415360876,1
0.9094538559075988,0.2398021618823971,0
0.6868659951834517,0.22523074279143473,1
0.6222937003792149,0.5370910884405662,0
0.40518953818084036,0.27167117547571595,1
0.626746789406064,0.5420253912012681,0
0.7160753996687143,0.7867788270296953,1
0.4634133104726832,0.5925186045604626,0
0.3279540568244528,0.6444528881995658,1
0.9944042010479635,0.10097751679787947,0
0.2183043604727417,0.9027377736127986,1
0.9762218255560359,0.08224876590519359,0
0.4787404015907477,0.2877251673046144,1
0.8019575774447777,0.3792198989011948,0
0.11129150417197742,0.5770675449462871,1
0.7941550756112798,0.4816587944861641,0
0.31020125926463016,0.9997857631029703,1
0.914972862573393,0.5039013664107403,0
0.5638554592510486,0.1597930879517785,1
0.7862635618106465,0.7438447691226028,0
0.5178501761132174,0.9908447910506715,1
0.9630780820827511,0.8540952971437928,0
0.0604277456277148,0.30660947707410946,1
0.9365189161023444,0.3473503768520826,0
0.008488759137451507,0.39361851336573717,1
0.5863287443918169,0.9879317291979948,0
0.1465799579940028,0.9050721201846522,1
0.9915955739330256,0.2357438086560617,0
0.5816465577361729,0.16235539636358742,1
0.6107484396397029,0.5576645387600279,0
0.018344003183245805,0.5164013440215341,1
0.9549178414238915,0.15328090893542945,0
0.3327399508074762,0.8856287477398999,1
0.7397006302223816,0.45198811975857867,0
0.18241561740411238,0.8246495652580961,1
0.5321458379241522,0.33301514435265156,0
0.5957428150745055,0.21564584031304823,1
0.9028474573149846,0.31306608765953026,0
0.47823286126824627,0.1020876311944866,1
0.7715635615494186,0.04726897227020965,0
0.2723784971966611,0.8673410705182213,1
0.9624636641695035,0.5357132697490813,0
0.3681160957686991,0.3186740335233753,1
0.9093119995897301,0.8504361321829124,0
0.3309461654912036,0.09942214576675401,1
0.5007862318022182,0.39460791032023534,0
0.2933563332904634,0.29985652124922235,1
0.8559822697088835,0.45648696678176415,0
0.5737570139307324,0.909560434494269,1
0.6553342389777864,0.671702847133342,0
0.011161378046968373,0.14240845387235168,1
0.7109171960066019,0.4369590464278975,0
0.6967919542542846,0.2524699696892596,1
0.7571151333480243,0.9496029095815935,0
0.628721863227026,0.1135388054027342,1
0.9714598879717437,0.6294335412800317,0
0.37886257106172294,0.05292820879139959,1
0.7821874465877018,0.6683743716052164,0
0.644694623625416,0.9077928583388505,1
0.8954023416973171,0.09043773199649652,0
0.08198590962084717,0.27041831230972435,1
0.9972310722167879,0.4810062293976334,0
0.32141002328246615,0.7670677703599972,1
0.41000127473291914,0.6187450062120862,0
0.35382563168216863,0.6784732925457295,1
0.5849543405043817,0.9786565691353604,0
0.4801926094603286,0.8846366518331173,1
0.3760622050449727,0.509367981809842,0
0.19353560530143188,0.6269437470813218,1
0.9078177426863222,0.2215086639584386,0
0.4176225867485379,0.3206724096415724,1
0.5074937141732787,0.34830106624147295,0
0.6578852422535728,0.26775363865155355,1
0.48568670779091394,0.5072888647421216,0
0.16063016821772402,0.5143919830721191,1
0.3508723502955665,0.5961629415806783,0
0.6950986162416437,0.9203533146553161,1
0.7084911088075846,0.5793902260695947,0
0.2577337426340175,0.15228368177378582,1
0.5143065915360981,0.328394027836734,0
0.5558659996902547,0.8828724670705669,1
0.8053030668038874,0.4774882486700577,0
0.5647335019871375,0.25535706122539237,1
0.9756589421883781,0.1405303080703887,0
0.4961124828036608,0.9186057854661602,1
0.6715607758728215,0.538826548085591,0
0.3205973077127994,0.10807984292279937,1
0.4131119808807209,0.5579532141920777,0
0.2708040237358915,0.9011024323889473,1
0.665761546734814,0.49401583447478736,0
0.3830153419211325,0.8761187350895103,1
0.7363036235229334,0.24372836669141518,0
0.10263775693985222,0.8013633733182959,1
0.4150093338604848,0.4574487819182671,0
0.294498786574247,0.36302046466863924,1
0.28789183823655073,0.4844969937950453,0
0.43671964182438805,0.18313677629301583,1
0.9920677721661839,0.933747039762777,0
0.2409085548892952,0.2304385896250436,1
0.8422419529254196,0.2262617075936031,0
0.19413461928300058,0.6569056048042903,1
0.9208927182745394,0.39676792484732504,0
0.46430675237034125,0.20477803447275034,1
0.6338553285918357,0.5203465161914638,0
0.18063320625195456,0.7911956399449874,1
0.6981013389129401,0.5765767516695494,0
0.24695698770969765,0.43070571170628325,1
0.8764512101469346,0.789728580824475,0
0.18522298735843912,0.6714990596412508,1
0.8053555911279027,0.2188442337791825,0
0.1520881464560775,0.15186887822432016,1
0.8813269913086019,0.7879709272236517,0
0.6824815882508537,0.08297786788006756,1
0.29166655450058854,0.4892006039232445,0
0.349700062848571,0.06512573339830552,1
0.7371446558956218,0.26882576122726964,0
0.3870683457774844,0.8526942110593768,1
0.5624042406804846,0.9798419644124228,0
0.5441703989205582,0.17052378838750581,1
0.7788073875231061,0.3096038463120897,0
0.2886901090397037,0.8869317012789553,1
0.6334478368637504,0.6723704824619554,0
0.1688611803049893,0.18531802543503495,1
0.8720469147259382,0.28313414320300523,0
0.1777631598031284,0.8111657279951059,1
0.7144182505232154,0.5883815719166902,0
0.5684700913572994,0.8538343317617291,1
0.9176871290078791,0.9143583477137667,0
0.09159575931685915,0.05875998976227237,1
0.2943283272372488,0.5703557209601905,0
0.03107547375931552,0.6263227219835973,1
0.9270080702171135,0.671289825336919,0
0.11926573915425509,0.9710896194875714,1
0.6395974887225451,0.7023452751021704,0
0.2053175223135527,0.21684437207185325,1
0.5321887460582769,0.4039274208088959,0
0.15508881324019652,0.17070853019262555,1
0.5774639995418898,0.648843729137887,0
0.37171254961663924,0.26333915232295857,1
0.808285080792246,0.16947281386452784,0
0.1913083252192752,0.5938403966511471,1
0.6740481288905754,0.3907176029967865,0
0.36362786456750185,0.28809680348882905,1
0.9096883704436233,0.35487335978740087,0
0.4019771586457772,0.32748938293709884,1
0.8806959292799575,0.652236139329397,0
0.4010904991239155,0.27389013692507025,1
0.4519144379788341,0.4353839282423042,0
0.3220018421036578,0.23192883478961912,1
0.7649401405390146,0.35486220078641995,0
0.48469196485377297,0.07686451201326772,1
0.8327478289420022,0.9624314638669804,0
0.5221788028372852,0.8124515442679393,1
0.623633704036364,0.6173194786170925,0
0.7510342921279518,0.8539644358881705,1
0.4791496882019969,0.5720839550232072,0
0.13918540054264794,0.5280373661588438,1
0.7285155155522847,0.5276003540906752,0
0.2744817517042921,0.32066685086370883,1
0.7074722920533838,0.45923869363730985,0
0.012052205465707955,0.23872178770783448,1
0.8589924100036683,0.2039264351140363,0
0.40724558207187644,0.7024218356531707,1
0.5171241922623903,0.6216801602291799,0
0.08836585056930024,0.8350934948729463,1
0.7545752955487915,0.10104604483013735,0
0.29603248697644036,0.6327372345964447,1
0.7352062800218709,0.07977089746763721,0
0.5531099557973014,0.86375569403211,1
0.44412855298091536,0.6031491237760755,0
0.22326948341132535,0.05122672292333985,1
0.6759744741353196,0.032580976208083756,0
0.6682712319262104,0.8456007789102862,1
0.7363058170504009,0.5208497250141855,0
0.5143396419159662,0.912006694644877,1
0.48953254483124653,0.6601293923395466,0
0.557488932782571,0.8305397982755578,1
0.9856507039803315,0.6793769765653324,0
0.25864142732993467,0.0614374545729377,1
0.5510321123682019,0.6135813390517669,0
0.2891784937240097,0.6403897182129038,1
0.42792178136645886,0.4010685115926176,0
0.25599102378719196,0.3730968889659936,1
0.352731784394828,0.3913312304603831,0
0.3532604748466571,0.2868900821703899,1
0.6627194130282712,0.3205226744666505,0
0.621856547743025,0.19636822339653892,1
0.7446117087963727,0.258080298974132,0
0.15056363148675278,0.9136049796605025,1
0.9423424891308676,0.4490392991412854,0
0.5077646112320342,0.028607939593312315,1
0.46673815996774637,0.4436927108726568,0
0.10175465587722887,0.8234891611732579,1
0.49432760579230517,0.5859261010876902,0
0.1562747859840421,0.4353169861137757,1
0.806794520630182,0.4577275437564692,0
0.6940252344111539,0.18621824243633467,1
0.7337398076804769,0.31917577950674014,0
0.12870252826903616,0.9201248632716895,1
0.8299742755608741,0.10830221763573811,0
0.20237938964057867,0.7082337239757002,1
0.28794883983701514,0.4529126883056408,0
0.4364955893047956,0.9254578680836679,1
0.9825167652573006,0.12546760303794913,0
0.3772676144173588,0.17569698846508752,1
0.8828151748249545,0.42344899805486835,0
0.06275756269684218,0.4971755547162465,1
0.8045644341857758,0.4948475630258258,0
0.08213940518489082,0.8106199322379862,1
0.9856695769831185,0.036816190407872096,0
0.1246497746487043,0.8142551734254748,1
0.7108930545735314,0.37760794042788337,0
0.37096330078307027,0.7854895225880186,1
0.47905630915171593,0.43333611570260755,0
0.3972320284871541,0.21164478828276911,1
0.7890195270078297,0.06960573521987057,0
0.020086423695822364,0.9226268301687855,1
0.8480778559348663,0.6285107724881681,0
0.6534698573676162,0.9332900861716011,1
0.7574095207720256,0.9225936579157055,0
0.2753282687230061,0.05936717162907934,1
0.8951994691815371,0.0755691736100026,0
0.18106150175272295,0.5407179517174139,1
0.7070134713780625,0.025894562830895418,0
0.3149352895730837,0.9685282510852243,1
0.9564079083869267,0.27426916735806617,0
0.5958894898324759,0.11236628839803164,1
0.8308673410758183,0.7767081989846779,0
0.6257655953009603,0.0850516766502345,1
0.7064266362821676,0.5537984997304063,0
0.10788908217313153,0.5381777774576514,1
0.7924260482275769,0.012808419445395569,0
0.15226755135237935,0.09802576233422466,1
0.8034715516409024,0.44176877983043283,0
0.775651269261137,0.1636979299499265,1
0.9932664239122254,0.2030255208362246,0
0.5366655743155002,0.7180957922847294,1
0.5040995548289912,0.4545455182644462,0
0.19659741031682132,0.9626770041167824,1
0.46616982114093797,0.3816771395575147,0
0.5961363098113569,0.05463087681897638,1
0.4221033563029464,0.4981711378463577,0
0.4340200803650208,0.7118780247620903,1
0.9888628484625742,0.13822644172247045,0
0.6321874511852251,0.24662136421323233,1
0.8014608636857473,0.2882026718498222,0
0.17294397067235645,0.4704625913398589,1
0.8713528256573844,0.4752669833086737,0
0.6436545236542329,0.2399190640442862,1
0.3877448278185561,0.45475399880083067,0
0.7191093503911071,0.22716220395299802,1
0.9678370815904462,0.6754998089443665,0
0.415984364299984,0.2649797002791566,1
0.8695535862733347,0.9063520966048604,0
0.2608902749457429,0.28234569913487173,1
0.800505203441326,0.07618017398561483,0
0.10532196629735846,0.109462223122471,1
0.8292415756216556,0.7852226686306066,0
0.38726688702692025,0.7051000799239736,1
0.7698530173756026,0.24412431181760796,0
0.49802141180918347,0.18298121856471572,1
0.7476895224386803,0.037959080527601885,0
0.15683867718924438,0.0458804893165603,1
0.5021782604073638,0.4713975364758747,0
0.22697208095245858,0.8518564443400957,1
0.7669835278098291,0.08961814473098784,0
0.3963862512109896,0.8548934724257969,1
0.9663474581276094,0.06667913375124623,0
0.5525159003510353,0.7980367742270763,1
0.26935330447518135,0.5630316374751663,0
0.5394795709550283,0.09716422635073008,1
0.8291570837678844,0.3385002985920116,0
0.4776528463983104,0.03346303407327034,1
0.9850087470211859,0.8700436316902,0
0.3343315164950057,0.3609541324139459,1
0.9999595533904155,0.9849670125079829,0
0.2283225888812126,0.5907898790580146,1
0.46755055241169485,0.5447653701607503,0
0.21465281266687086,0.9447113627919833,1
0.5075560159174108,0.5287536504873848,0
0.4310255273694189,0.7070912549807191,1
0.6837715925086261,0.28180196278491676,0
0.4184069721691065,0.18423069108401813,1
0.937964756130403,0.6298078876077428,0
0.07898484183788712,0.24301989486545694,1
0.8800156238997531,0.5987824684179627,0
0.5269122322178691,0.984104498868075,1
0.7510570003959641,0.4336869031183753,0
0.18100780677662953,0.660576715210746,1
0.839195112472501,0.6472307519754957,0
0.15404852121968515,0.532029681222434,1
0.7954425822398244,0.03040933289412684,0
0.15023955585893278,0.23890789247104294,1
0.8431054974516696,0.19035263838240668,0
0.7471077557687552,0.8647539702562358,1
0.9190970237786725,0.44327537929191707,0
0.025858078462222434,0.8418219945913434,1
0.6806308989892641,0.9962500844003579,0
0.2336906715738455,0.552011157404623,1
0.908048826627045,0.5518468450122254,0
0.513973719082414,0.18879414065639644,1
0.9266644626077665,0.42267513284955716,0
0.6164557449685889,0.8101698465907333,1
0.9507716072030883,0.9912202370648636,0
0.20707145111169079,0.8970168497582389,1
0.7931442363043737,0.5238944008163793,0
0.6906176624669326,0.8136528108710414,1
0.8181736722066285,0.8047923899722607,0
0.2813350214070346,0.13269729804196762,1
0.9206268484128759,0.23076965329906607,0
0.20145488013225188,0.7938284625586386,1
0.5075048198334281,0.4918038358105046,0
0.09241511008087355,0.47287437475129634,1
0.368888924715163,0.4254666603904822,0
0.18979169191645695,0.13844509578957542,1
0.7841231156378082,0.6192548178306807,0
0.011096748782388088,0.0017697909500689057,1
0.8352502612554398,0.48557120262523623,0
0.2259760880654631,0.6418110123399218,1
0.9132628611121107,0.037191060180425506,0
0.3074524816001344,0.7164604298229964,1
0.990909112057328,0.22087703093603162,0
0.3392719494238685,0.932724031676286,1
0.9035333622501285,0.3220448765669358,0
0.42335475598736805,0.07114190022732036,1
0.9444393645473975,0.37252598977345464,0
5.879864815228064e-05,0.2337902948577245,1
0.43159858518809957,0.48655210892338463,0
0.01696465278925341,0.27979853971185775,1
0.5158029454479623,0.3843973703971666,0
0.2708691593740382,0.14375043053143732,1
0.24562360222337598,0.5208562563682267,0
0.27646435675111913,0.8896905384309569,1
0.9782715088096174,0.030288990419605644,0
0.7470456466916796,0.7759194050798943,1
0.6845124032636497,0.4468003285048012,0
0.6393434797669155,0.1762698150419657,1
0.9361387798528906,0.9914532406842932,0
0.5995419861802186,0.2719660990138011,1
0.8735282640983052,0.024900674977196724,0
0.4063701601929629,0.15472282303308948,1
0.8015198042283994,0.6322956191864009,0
0.2476782648618404,0.39436326184861825,1
0.6962920663740897,0.28796134833063924,0
0.1748273152896398,0.9721277210956251,1
0.7478715854520488,0.2424523852736974,0
0.5501006100506503,0.7343558100665402,1
0.6906628442987164,0.05834306173685366,0
0.6561905220414931,0.7293734142785961,1
0.7351262534053974,0.05624096566041181,0
0.32884278731176486,0.34795206816032953,1
0.5956557888860224,0.9948536322739593,0
0.15248718792493243,0.9599495977795062,1
0.5362567935071747,0.3722906547820114,0
0.5349473211497439,0.06066603001539295,1
0.8120271347090855,0.2783649509821827,0
0.06521148493869389,0.49745412464814465,1
0.5257498493640664,0.0068354603898497235,0
0.1265074753710943,0.7455926611880953,1
0.9942163166546143,0.060440383316391566,0
0.16462921176589784,0.44152416800921623,1
0.8239136580506145,0.07850652785866241,0
0.2542498035390962,0.09520582666388966,1
0.8628262930035936,0.11046612281028068,0
0.3726798018080315,0.10724874718418109,1
0.9727381732794596,0.23614721073998435,0
0.548394184398861,0.18260137976504087,1
0.9069990060391593,0.7559936280109045,0
0.4277646590716788,0.019038424636595774,1
0.6657440419253953,0.37332561631727657,0
0.5943516580872056,0.8393200849645802,1
0.4886746719371654,0.4238986229256382,0
0.5186244146413262,0.15941195695781885,1
0.975667060481086,0.41848439024788875,0
0.21075274023521018,0.2642442556473432,1
0.9069554733044702,0.6291711154910042,0
0.39531460083383874,0.029427803895368254,1
0.45715352865030057,0.35434214128495733,0
0.32329641470357395,0.12127245821325494,1
0.8927751184500666,0.22615871503303142,0
0.15403654099502329,0.24404400467175047,1
0.8846626876174359,0.2769164440444529,0
0.11956309532265186,0.42877779497054147,1
0.5612039247918363,0.5474321041952606,0
0.1974518773974956,0.7323771018865661,1
0.8678672436108752,0.4877445117884269,0
0.4240164224911728,0.2783200516136015,1
0.7949928087527293,0.2037361964193951,0
0.6204161510374999,0.8428327226741609,1
0.8519296763500195,0.3082630482702543,0
0.1356660919405318,0.9263186448642627,1
0.7982200706511211,0.38078441429274534,0
0.5423906798190942,0.7512942660464905,1
0.9408032458408095,0.2866094616650493,0
0.09377158250605122,0.504437287563604,1
0.8373842225445673,0.9881324643423631,0
0.2510628288463861,0.8289886246709869,1
0.8077807383748481,0.7475538173679672,0
0.1613073706404945,0.2593067837576647,1
0.7085610973012189,0.9390399175917388,0
0.018735414925900362,0.16045652508139097,1
0.6526277969293854,0.5264762193516893,0
0.08624295854962294,0.9369063307287381,1
0.9482043853694653,0.13651173931557048,0
0.34435551666929476,0.34969366925176015,1
0.26842234210784055,0.5011354114577518,0
0.4089491456218638,0.22842800165220278,1
0.5754314257249188,0.9827213118474855,0
0.5349820433027318,0.023197749681373336,1
0.9698886433176935,0.18545988779100653,0
0.26846004750427344,0.8190408881258893,1
0.914235725190764,0.8314943198492977,0
0.1692579635264443,0.5586882511110869,1
0.835785821350139,0.5176220992307612,0
0.34237784680002425,0.2630434248685515,1
0.6288573460396216,0.539379185251393,0
0.03691362014011634,0.18269389038383932,1
0.7421238279846007,0.4932103153336006,0
0.5032356130494257,0.3192197202021019,1
0.9368467476588159,0.3671723786989304,0
0.4528005811016873,0.25690781730691226,1
0.8266760805142616,0.4397060032296408,0
0.35923929185011494,0.14004046932366931,1
0.37569257808493695,0.4490268749033841,0
0.2059310165010706,0.6289110979526503,1
0.48437355304077545,0.6014616212703418,0
0.6849999579107028,0.7458177478948581,1
0.9277758642033542,0.6854864748624039,0
0.21159223071459587,0.13865035500709133,1
0.9477946724167495,0.854715422120573,0
0.555647177435575,0.8396530054094904,1
0.820032205342754,0.6686850626855422,0
0.45781655267408894,0.7102991763614557,1
0.6557889079667287,0.04449899377244726,0
0.39958343479798464,0.650212070351701,1
0.9922442435603792,0.5522180466535029,0
0.47190426907131555,0.20028373733743765,1
0.4084122731742491,0.41301716960077217,0
0.1248739977369171,0.647678278786726,1
0.8132668253737056,0.7680334121371333,0
0.36916336823990514,0.18025694920880087,1
0.8435768310786391,0.6492805659743223,0
0.03488530661996858,0.6215515789409297,1
0.9532059095085792,0.3899246724584894,0
0.6873297276370571,0.7553711388803739,1
0.5823082176371555,0.5585668328840784,0
0.08124048119771332,0.4732804188401959,1
0.49115654949459764,0.36750674760488267,0
0.6014418298715346,0.2961675242369254,1
0.4955935418715324,0.5883671798395513,0
0.5554572254685,0.7870278073145708,1
0.9274622068904669,0.5977087964348771,0
0.4889073054827221,0.6842372621110872,1
0.7370692703206433,0.3715804668561421,0
0.5273209338899856,0.15058157253633409,1
0.5067228347276741,0.43505922307720146,0
0.039987922619247884,0.4717632850604061,1
0.9492892117409253,0.6739492686187506,0
0.0830813068905355,0.9492902742991909,1
0.8992243041309399,0.37229465223535707,0
0.1934413305645123,0.4431247378915564,1
0.9767907039255129,0.9448351424182869,0
0.3207290530283823,0.30958431133413167,1
0.996345063806263,0.7563656886308391,0
0.3666970943219484,0.7790939139345531,1
0.7838233272230197,0.13117937282517345,0
0.21437836503456809,0.5733607028121324,1
0.9172565596649227,0.5015988927623145,0
0.11393560277254577,0.629027515041909,1
0.8127822755431261,0.29964984681982143,0
0.1010532732382442,0.6791521675150227,1
0.6262981100722212,0.9863514133681136,0
0.23999466289222504,0.5903575861215882,1
0.7148107226417142,0.9224829778049081,0
0.7057392085313686,0.1236529654386519,1
0.7444553597678334,0.746279564651991,0
0.7446716789636545,0.890231077645051,1
0.6312104739786286,0.6591049843184124,0
0.47062710530081553,0.014357818293955549,1
0.6908895174256444,0.3306944922306726,0
0.4732627445048545,0.3120903342204434,1
0.9646888045344403,0.787784475532106,0
0.3789117917900563,0.6389792551903303,1
0.7433781988549241,0.006217646699889667,0
0.05784016262375924,0.2841484328366555,1
0.6395280588314785,0.7072805950618383,0
0.17905537948015615,0.2857186296179094,1
0.9616040425493327,0.16634679203154767,0
0.07974967684692391,0.5967086276449504,1
0.9369057604040081,0.7535604426633287,0
0.5156403258386552,0.7402904231143757,1
0.4268157891692155,0.37615727113174324,0
0.10025302106373157,0.9944856480228507,1
0.8845006359140072,0.645545443309822,0
0.15813254936627053,0.028736844925077554,1
0.7426766528911761,0.9657586967441579,0
0.6380134257676446,0.1920231644036734,1
0.3418742443722401,0.39336846674074444,0
0.0792810321214259,0.01100346546545694,1
0.8650179348027659,0.15695913353545643,0
0.6010525366047249,0.2593452092045988,1
0.8148658305832059,0.18865369088557493,0
0.1305959962477603,0.7741893777494266,1
0.9227723429882038,0.06563940768830057,0
0.0756741169292825,0.7565255657203757,1
0.8762367503988167,0.9396653156001048,0
0.5675722776905487,0.08604069657358215,1
0.9466611626427311,0.08211950630638087,0
0.23721713061039373,0.7638363946385066,1
0.9802693412240624,0.11239006184292055,0
0.42841028641115364,0.8603684394910741,1
0.6912761328400722,0.360911063111505,0
0.421283998404263,0.6435642977802041,1
0.9361965281581147,0.07205796785928653,0
0.753628474756997,0.20946691440390752,1
0.9322844124924675,0.993944776078224,0
0.26947040876078154,0.28039751408074365,1
0.8183841546786312,0.8921974760002656,0
0.5901992356580695,0.8640211303940357,1
0.5321146720043145,0.9989573354505856,0
0.6874052640071178,0.7498650050028609,1
0.45931679593132546,0.4133046388109056,0
0.030987227723843436,0.5819453947232939,1
0.42957158985918753,0.3759574763408794,0
0.10111376169229469,0.11622020066978722,1
0.7909440242084969,0.3130232505404543,0
0.6372387645540958,0.22047570594496635,1
0.7504839980736012,0.9659100095025451,0
0.2751366586249624,0.12957785597778704,1
0.7689652184666437,0.2961479614604947,0
0.12131283766625744,0.88985761245123,1
0.798110686061024,0.7074966845672906,0
0.31060315278407036,0.06606118371618364,1
0.9760396105109351,0.9812341870500983,0
0.7548009114580684,0.21211738675270042,1
0.37071346506968217,0.4004732387187342,0
0.2581596274753015,0.6547101024437882,1
0.8477170573873279,0.8037243706320758,0
0.5834686265274834,0.27046853093521317,1
0.8229324885608299,0.28032708343799007,0
0.6113963622222883,0.7907856446698918,1
0.6288577660781514,0.5550811559710231,0
0.7859467498858128,0.8369803135032582,1
0.9596287805459832,0.7707104916257286,0
0.5329087950991791,0.8117160700372129,1
0.7862842889227657,0.7248177155774223,0
0.7193968663050551,0.21591518183962677,1
0.8799257078655532,0.7559249209394027,0
0.24915263710645041,0.4331274309755633,1
0.7556536931730381,0.42540016168776273,0
0.30119455111457305,0.349455669081543,1
0.8766317305440505,0.41005273646038054,0
0.05131713098377111,0.030360947149059236,1
0.7158369283163891,0.3253607343221574,0
0.44979276459789985,0.9426121718271698,1
0.37939789250162403,0.52783290038576,0
0.41409568091151683,0.8322270413034424,1
0.99253578804783,0.4509278923157508,0
0.36201774816913,0.2861221053861772,1
0.918131212513334,0.8349977942109684,0
0.059397330387452874,0.22369436438518941,1
0.636989048734548,0.0034495389768925966,0
0.2520349178189921,0.39022692178810736,1
0.8553106063601548,0.3950551173352924,0
0.058392084463834704,0.4598190288105255,1
0.9700988741089448,0.41589202929049396,0
0.03341527768573427,0.061077402319112295,1
0.9457181713349407,0.1968187054464463,0
0.14802574352255082,0.29909384115304116,1
0.7885207065499497,0.7585478688857791,0
0.03312670378199045,0.5185089375371708,1
0.8737280189279987,0.7328164084550487,0
0.42825860053821896,0.0446264266681089,1
0.7510061284245794,0.7341523431043511,0
0.26558263886967326,0.19869916806113863,1
0.8353274779423124,0.2769261497276414,0
0.18386413414774339,0.3061730035195065,1
0.9384965361336057,0.41747706391466644,0
0.1387332694514003,0.7443652129529625,1
0.7515847057763836,0.7153674658127906,0
0.04213097223518314,0.6036328289863236,1
0.9752659617243747,0.45460426738851056,0
0.7243161141632484,0.7813395330174784,1
0.9695015461477088,0.8003622410326172,0
0.4184285137179371,0.9183247615709741,1
0.516827700031037,0.6179179816729664,0
0.24537591844536188,0.6125530727097452,1
0.9821787485834252,0.2586825763528522,0
0.4330200070745823,0.028872793350459447,1
0.8356705427567862,0.12373778983330996,0
0.033966323354097105,0.05692578402704351,1
0.31221286004481275,0.5230759278402841,0
0.4705760805265867,0.9318447370795147,1
0.8555277185196409,0.9349293149682818,0
0.38897446830051985,0.8978141062105576,1
0.9353799929333111,0.8731631370976902,0
0.33443395282217436,0.391760364574933,1
0.9913575229155418,0.05015813525484836,0
0.5689538183564281,0.8101675545119363,1
0.6099779806581811,0.5996161633323043,0
0.37943871717614,0.7030951149261389,1
0.8419531023946223,0.2154512294880987,0
0.2653996100210967,0.9287722735943947,1
0.8871366825936672,0.23763453338732443,0
0.4866805319019426,0.938536500401051,1
0.9409541828071992,0.31280911390346866,0
0.09508801729660465,0.9794336641025823,1
0.30705435484526056,0.47746760102015073,0
0.1530856589079037,0.1810429232355274,1
0.30870682649292536,0.43974621503504285,0
0.003923099695720689,0.7009514797428663,1
0.258404237039527,0.5301125009871168,0
0.5919903025098837,0.22779911682534904,1
0.9637398928890752,0.40432317149512864,0
0.46383287792428984,0.8608899257057178,1
0.9215024053894185,0.8701439932531989,0
0.6327218357493438,0.06936504569056245,1
0.8395251217480837,0.5326809046039357,0
0.08116283173929917,0.876052815217653,1
0.987575596887267,0.49950042825725294,0
0.29076753394322663,0.3328374554517134,1
0.6982389720358638,0.54532944666707,0
0.6503425210163588,0.124484749156476,1
0.6516027410968376,0.5914019898323244,0
0.5398056681644932,0.834549851505346,1
0.9228255920540365,0.582953498155516,0
0.058558397728893485,0.5994640504489063,1
0.9120396091766915,0.619747628055425,0
0.4338721299841941,0.15108186625029218,1
0.8522343303004368,0.5135670791102597,0
0.4444187558205134,0.7591342745344383,1
0.9460300985348346,0.5997141505145066,0
0.12715132619463865,0.3869345307113491,1
0.8590382577173054,0.8605895777024277,0
0.44855176758506476,0.7790033606574639,1
0.690363734111074,0.4819003220836747,0
0.687774153254014,0.7420936437720954,1
0.43134794187466874,0.4335760833742065,0
0.2849603452791347,0.8766132340430395,1
0.39843532313440666,0.4066680190154581,0
0.25451913694217776,0.2394782690579761,1
0.8329709822360383,0.8979782633007155,0
0.30808748831044064,0.906869106721674,1
0.8707604817818275,0.582776303785078,0
0.29835451589935225,0.2647643502745308,1
0.7811835972416789,0.46831320056575687,0
0.4875212748732195,0.2640418577845145,1
0.6840518681642906,0.9340033518331936,0
0.03367265912087958,0.38347388864435117,1
0.8712597754537594,0.14676724022487186,0
0.4498776017488827,0.32728308733569755,1
0.9053978058755681,0.227676413468486,0
0.05002131419068134,0.0640798645243329,1
0.9268063427143581,0.8902376701444235,0
0.10871937549016342,0.09367020615158483,1
0.8299873817271702,0.8121156564870905,0
0.42166239505919967,0.6674570410293291,1
0.7897876061771854,0.7337279397874926,0
0.015706374021540404,0.0713185783163166,1
0.6762622093145655,0.38152585003688877,0
0.5205422781957942,0.260249770715943,1
0.5667965178962018,0.6606964951981439,0
0.12293391536747855,0.8784176593051477,1
0.7961707164985673,0.30613155076956,0
0.09425041921072486,0.12747648527215927,1
0.4208536850799005,0.4854195116104595,0
0.43858662466594023,0.30395641110854954,1
0.4794349220027496,0.630403233474263,0
0.5973569088055404,0.19367677270032024,1
0.6129373609480206,0.35340521282184756,0
0.35770313911213647,0.03919012367893371,1
0.8711716030213069,0.3430229981355519,0
0.15788585979121206,0.11688080610624219,1
0.946270651353251,0.9902571930235913,0
0.4073020917678696,0.2145921799450332,1
0.3422394277208155,0.5187847791571477,0
0.08495360346895986,0.6340444816949775,1
0.7714182777376343,0.6731016130187066,0
0.2708988957910109,0.6186084454447455,1
0.714995686385936,0.9199862574033012,0
0.6083834780478926,0.9089148975016211,1
0.8231047513414501,0.9823307178872893,0
0.4989655181873157,0.2032518608986108,1
0.49440508316971643,0.5213770231898308,0
0.1221451425756871,0.5049918526742654,1
0.7882454974582058,0.005715767838973873,0
0.026247733317937838,0.8123169163150836,1
0.9225839674508193,0.47761406244355664,0
0.18478516160924963,0.5360808767091774,1
0.96346214501652,0.8334751267068601,0
0.005584310471768439,0.5673093525736792,1
0.6264136237134986,0.44149383510280427,0
0.3588562248295809,0.6333406393321588,1
0.8281305015634605,0.3765300821599321,0
0.745461676841413,0.7846161384692262,1
0.8649326803929,0.07514220081281486,0
0.6808993324215831,0.885938486135753,1
0.6206923765158485,0.6438648677686465,0
0.4155383588088144,0.9151367480831173,1
0.9801484412980521,0.20600663830762178,0
0.0664989254496916,0.0364171313029219,1
0.39372522737625915,0.443734582232327,0
0.662092942729445,0.15481575581967388,1
0.8038027389560763,0.14256398679225302,0
0.16505157264108972,0.5759092385665389,1
0.7964668273358082,0.9427637024522475,0
0.3105629487252546,0.8962851509067772,1
0.8071196373328668,0.0770586733457107,0
0.03221616016504458,0.5458282880540334,1
0.6875858317267473,0.6597407598187641,0
0.4081630392330494,0.8325401762478984,1
0.7504590174463509,0.02284514316803088,0
0.2699677090543835,0.72437117633745,1
0.9076862256217123,0.7115748811694103,0
0.7951620748137851,0.15784038375854903,1
0.9865388493624533,0.9990022196254418,0
0.3577920341373072,0.3065992764634421,1
0.4779730038332226,0.5910390009559237,0
0.514470361079627,0.7089622712935307,1
0.7538370131729693,0.48941050309779,0
0.23989682594349448,0.435512193181532,1
0.9057456938322569,0.4199091565141104,0
0.7569260721937981,0.21904385260687098,1
0.9473153550756582,0.05539912225197685,0
0.10752983166119146,0.3690552310975215,1
0.9250772703213263,0.9792951641200466,0
0.7146491121483359,0.7900455963173774,1
0.6117843697827043,0.601593430995141,0
0.6753034302361524,0.9104938703068731,1
0.8119840485535578,0.05977578231919578,0
0.2317487575182995,0.11292768727564739,1
0.8841759315621073,0.6192081039044398,0
0.5650753797080277,0.7955639138938644,1
0.6548054149239754,0.30825058967819574,0
0.5056751839810156,0.712878234912092,1
0.900997772769993,0.7268022420102404,0
0.30848040510909547,0.8082764261038519,1
0.5820327806509777,0.9834721916207401,0
0.16959963671570255,0.15067662984741326,1
0.7423586915446826,0.45904518120679816,0
0.3662496801844093,0.7583890315923317,1
0.9474056624107743,0.2923809934578362,0
0.5926492075175634,0.7310454012792146,1
0.9226062997671866,0.81019589668696,0
0.7468258882104484,0.1894649984395822,1
0.508742670467481,0.6647373722577743,0
0.16745816289438697,0.11432941524375029,1
0.7903724141937635,0.48127346465744336,0
0.6320178427992074,0.7242057882894238,1
0.8150724730286634,0.23337010556429683,0
0.04939774177757672,0.32129180280870173,1
0.5118405329621153,0.4859374041955836,0
0.3935031454780331,0.9194730841381841,1
0.9788225880202158,0.30541395402964977,0
0.5611772816427791,0.8360711080584767,1
0.23703824971929077,0.48795889642969836,0
0.17962249027253674,0.673092475029374,1
0.8675800291689331,0.8397825410776676,0
0.31664883094182117,0.6269639024498437,1
0.483285411638248,0.6241674969392392,0
0.349931607967632,0.6874566228841062,1
0.9946753625273429,0.2430707241935277,0
0.07803433269873727,0.8382434449432169,1
0.6246273262957946,0.44076750238695295,0
0.4323647147605395,0.9976955708821381,1
0.8087735704936874,0.8620423706145012,0
0.41367144174915726,0.2290758016740454,1
0.3824894132054434,0.5827447620858051,0
0.5017215784565834,0.31821987590210354,1
0.6504949263817513,0.7043701026015569,0
0.2545431500116411,0.36208252517445816,1
0.7955177448356019,0.6282055175827949,0
0.6196516722532776,0.8995478798439326,1
0.974079915156659,0.031718990064243724,0
0.06042899814873948,0.7115520297421353,1
0.9622266697012689,0.18483816105566264,0
0.610736121905414,0.7367625181534532,1
0.817326827332303,0.5235699833392634,0
0.05412324823416281,0.08415008799987234,1
0.6795423922445004,0.33152150516923107,0
0.19632940600448479,0.05790322293026606,1
0.8948632123587345,0.7781482893366235,0
0.3295316661043972,0.6831678507921765,1
0.8100888599643841,0.47652915412340946,0
0.31775502736442185,0.17761643076715472,1
0.7601955839362364,0.6306362653923123,0
0.38271604666175196,0.10547569867714213,1
0.5070841582214681,0.33384305194607267,0
0.5196207677868484,0.18221660259438976,1
0.8654589969550691,0.9722071742913048,0
0.15489331038435405,0.07958839147426988,1
0.607622382756158,0.5030867360128626,0
0.35081351047412357,0.27812860420588936,1
0.29375047752701877,0.41730677076671563,0
0.12388567064408518,0.0599654019927246,1
0.8951921996590143,0.45137354999108714,0
0.13857790997590447,0.27774161063362024,1
0.7329945263842219,0.7015999068135015,0
0.6051226908811923,0.8749545549709841,1
0.7802273705904991,0.21315226589319836,0
0.4112122088064153,0.8820126722218117,1
0.7998868637743721,0.21901444749936172,0
0.697187284021457,0.9111878385590264,1
0.9391773622150034,0.3073367177123991,0
0.05372147464559707,0.32681529196563563,1
0.8664734087056346,0.9421028423696659,0
0.340872216770161,0.8745863385454595,1
0.9281539077564296,0.4195316116169584,0
0.6077121672619921,0.7481550426617255,1
0.7334980223478993,0.9320707468546694,0
0.7313762203356855,0.22415101614016453,1
0.398681670018033,0.40258143390474066,0
0.027205915865746833,0.342109237203298,1
0.8708454677148564,0.3989210440737353,0
0.41971205897455155,0.13746416436326592,1
0.22409516680069952,0.501550448371112,0
0.3801975094691371,0.7517730785477549,1
0.9233767946359777,0.7335542278610758,0
0.07247195604240597,0.749461320501356,1
0.4320828169267198,0.37446353210037897,0
0.44905728131614775,0.12929319826151742,1
0.9995289936053157,0.8118542849191364,0
0.046613674699470975,0.574790157769202,1
0.9793163419135749,0.17652973982590892,0
0.07593454132366673,0.20380244531072933,1
0.8437178712641096,0.702162255016941,0
0.2576990791774906,0.9638060221094407,1
0.3866093045451837,0.4936965575401242,0
0.212723552751666,0.5450337599696659,1
0.7773512857526473,0.26405560094080904,0
0.3028705567685751,0.7334472769418778,1
0.8741721961783497,0.3220367310494189,0
0.3864334602616748,0.35841319002836514,1
0.3531959900262196,0.3905005495647744,0
0.18612597318169022,0.9825603762825272,1
0.996452643544567,0.8548225214127435,0
0.06518373582512249,0.3419942454864908,1
0.862481605789206,0.004226843219765519,0
0.3812661641419893,0.9422814125863844,1
0.5741650316665753,0.35287376061771014,0
0.6766842895871436,0.15460170547207652,1
0.5111811819179292,0.478171759187059,0
0.5359469794058114,0.6932094443146455,1
0.6746459576667309,0.47146403375371904,0
0.14636630059778755,0.041715263877357356,1
0.8353184567091168,0.4491366755613313,0
0.14929027836510456,0.8652201002162972,1
0.8670827157624468,0.5415043818846409,0
0.5440340786242834,0.21236282915682592,1
0.8321751343796182,0.4802339187459306,0
0.6442180616424671,0.9049532858030468,1
0.8278095876695624,0.6754875252891209,0
0.4171103063625389,0.9108208865997558,1
0.6743523175946564,0.5208737160953921,0
0.01016246033172541,0.7309562906673396,1
0.5733053232684319,0.47681169144740065,0
0.19304440337733286,0.9907082960522072,1
0.43586983155486025,0.46753017507930106,0
0.3091196539318388,0.7623189113045276,1
0.7856088681664791,0.6506166339345724,0
0.11933229367460974,0.9440261679934091,1
0.9075463812178696,0.8453899731339998,0
0.1698614899636951,0.10000578308162333,1
0.9236743595457209,0.2537271155200266,0
0.4852100859906924,0.23497055366060293,1
0.8904952595353955,0.08323488941668833,0
0.5763282918681991,0.1116111371849754,1
0.924534254799083,0.2822407829093262,0
0.39321513622189075,0.7705034923842328,1
0.2757261499690684,0.5184065418039917,0
0.2854368850326864,0.03643771269821117,1
0.645282118853572,0.6193548367008721,0
0.6553022982803277,0.11200231905774083,1
0.8300925048843937,0.6685354106484517,0
0.3091941915516855,0.9359426964707116,1
0.9279966954881466,0.013649745357226184,0
0.7746000467609387,0.8054621201659147,1
0.41573660468607887,0.4222288970484769,0
0.6715137749692479,0.08050983393073396,1
0.6657121702013665,0.39376390114144233,0
0.6686449174438513,0.09966323230407703,1
0.3477970084067966,0.5666604910176636,0
0.06937630780006077,0.6294360404140207,1
0.8429865385552063,0.7374863901602575,0
0.03576924137231707,0.34258446448840396,1
0.782477603353572,0.7862443037023409,0
0.39118052106774126,0.19614273506062174,1
0.8264372568156181,0.4197656752434654,0
0.29501267294607525,0.019411281279816284,1
0.7126178355734699,0.7132308686548029,0
0.1043501744456129,0.10189784306915961,1
0.8719337301422088,0.3323666811705631,0
0.33065264026407026,0.36142185004492144,1
0.31970832507345903,0.5023604773751441,0
0.27517020093517486,0.9739707581692802,1
0.6687221570459091,0.5190115846720851,0
0.2965075174731713,0.9316419162825793,1
0.7750426369099039,0.3799074234606974,0
0.3628263287058673,0.7282218849593995,1
0.5895802454080371,0.3039115785402142,0
0.7592580821250702,0.11105136487920408,1
0.6160862813044171,0.016532669901491492,0
0.31237221771334456,0.1206065241981551,1
0.9503898149216411,0.1569925133069996,0
0.33800001848477934,0.21533439784355257,1
0.6206759579124373,0.9853692363154863,0
0.2674988145438333,0.9815661210308498,1
0.8853343071818143,0.021023661236383773,0
0.017046892390739643,0.32780492987276555,1
0.9431435294428225,0.41517756840828446,0
0.0652576925771926,0.49886585951412743,1
0.8133486311091433,0.6860516216743188,0
0.5912542720892441,0.7722262300201246,1
0.8937966240491879,0.5768382091908295,0
0.2770383473613054,0.6556669509963794,1
0.9866386199953092,0.004608980293794751,0
0.13308768248509362,0.20500689385772852,1
0.6466419771508892,0.4490989361472385,0
0.23440070444898242,0.3731824116068333,1
0.8432117830419413,0.1970628002696292,0
0.5989778379932408,0.2564748500613193,1
0.9750497775109377,0.38880010170460855,0
0.372598775268684,0.971081054724274,1
0.49174015108911484,0.3774606468172209,0
0.3128566660489479,0.30078072462090377,1
0.9329518246190641,0.8331583057604984,0
0.5467530643224308,0.9790894453655942,1
0.5955374778111119,0.5077098272161724,0
0.10068103213939572,0.7359321946817312,1
0.8286177813672717,0.09708004776992585,0
0.5940191373738277,0.7250520828258323,1
0.8744042299550938,0.9243998487802424,0
0.4075990490371125,0.8253157524940591,1
0.7813306165631098,0.7472929275785662,0
0.14495774850731935,0.5264267089307958,1
0.761664755569673,0.47463055456309977,0
0.5414371189204428,0.24222869108087752,1
0.6907383665188875,0.5884370031187142,0
0.5048228812914745,0.31980055062360635,1
0.8293203030555553,0.3142305140902366,0
0.4731067589254363,0.6780508541840622,1
0.6997005396669052,0.5419301141226116,0
0.3633673747069963,0.2072841601420492,1
0.9197932195517473,0.8340002736111951,0
0.4282450885107729,0.8232421456252879,1
0.8066444052230766,0.9310080993062474,0
0.23228517652285374,0.27044018160052297,1
0.4670911919963784,0.35286159944544315,0
0.43305136156996715,0.9515982844449545,1
0.9764594732042522,0.36181250943268173,0
0.38836305061318477,0.9683622656666507,1
0.738750316055975,0.3269466004300745,0
0.69097074916693,0.8173578513531956,1
0.8077230290827071,0.5514436898911813,0
0.14183845538533868,0.6293614332447469,1
0.4847081215684065,0.48431298864058314,0
0.4234364138807416,0.18501994812868428,1
0.845789641371489,0.44728336592664353,0
0.21374229068712958,0.700529501380275,1
0.42854944672483164,0.5112190877016212,0
0.21515981806156081,0.7742977641735401,1
0.41173215446195444,0.5078549972928852,0
0.047707678822159094,0.1287340442563908,1
0.9398974071496917,0.637861980040764,0
0.5349800291441438,0.10453302467742198,1
0.6585717398158802,0.6177397332281747,0
0.058025781991033254,0.8661414775881402,1
0.9245015929135684,0.4942946620734445,0
0.7615060140529707,0.19598818828186104,1
0.8852154102167323,0.19038187562054454,0
0.13919631472901828,0.38628631600119323,1
0.6892914024890002,0.9372549373978115,0
0.4127621508323943,0.34422828344977885,1
0.6439290868643637,0.3877954082415408,0
0.2073829092913082,0.4550655770823351,1
0.9995602757038983,0.6896193007883408,0
0.34982071271005843,0.3607158351602272,1
0.9118886305097197,0.13612058157001905,0
0.05084192756236561,0.6880755145214935,1
0.6817666169896367,0.6468476639197268,0
0.37609358968343,0.8130168189812251,1
0.6358408214036259,0.04657414833129925,0
0.51135479450656,0.9262078696590196,1
0.9668086692906183,0.009288070660843029,0
0.03556128841724615,0.9256656161341399,1
0.5058378361685696,0.9991888995088899,0
0.42860551560527527,0.0007565104793303412,1
0.7954071290158247,0.02823701022317271,0
0.11431880603819589,0.5484566682055495,1
0.8613337052024033,0.04649567919432662,0
0.20431905413140616,0.09632394238261488,1
0.49183934131131823,0.40454338115077537,0
0.02688974714447112,0.2842509394601721,1
0.8661982658094554,0.6825217682617054,0
0.010708888894996993,0.7500975885663261,1
0.5043633302597716,0.34122951158203396,0
0.13462119777846493,0.35131243718616645,1
0.8196435958728622,0.9745274411754632,0
0.6259976039999952,0.250617463339432,1
0.589645728781707,0.6356243971708264,0
0.24648264255910046,0.8902958437583787,1
0.29222230392743165,0.49881253352265953,0
0.3182531976813354,0.845406190953028,1
0.7747073567876854,0.7775747759605413,0
0.5586606241198123,0.8155968498045683,1
0.9261310666572812,0.5072604559557238,0
0.5634304046558414,0.02746183431031568,1
0.9381153999453388,0.2555629757338994,0
0.1356909809167467,0.26510954017217747,1
0.9692571544114676,0.5516247665077171,0
0.5153861605284908,0.7738184922902718,1
0.9594627979839926,0.9250891391517359,0
0.6154231866789517,0.9132903529944152,1
0.6377226248132442,0.5681319749872488,0
0.5719166368290146,0.2919855019230132,1
0.23004950841481675,0.5280929040319674,0
0.4454431414245914,0.3472252078315685,1
0.6706161480266736,0.5946214015770975,0
0.02872158952182058,0.6584220828047658,1
0.8442128404974517,0.7759012174875721,0
0.23022734994437954,0.41639942194341106,1
0.535301573133694,0.34862089746631375,0
0.18968777774277767,0.6055418231825471,1
0.8342934673855517,0.9277078379060681,0
0.5595034301918499,0.828923971409058,1
0.8067831367177777,0.0410146517896558,0
0.03095378231399637,0.2297708901469787,1
0.7623659740329154,0.7189869543293832,0
0.05629414409480016,0.27805334003376436,1
0.9655637171587328,0.18586026800999567,0
0.42819466552887986,0.7964908287011689,1
0.8232604595100771,0.7240032402420878,0
0.7264135152923591,0.23469031307001542,1
0.7608453101649428,0.45431085033308094,0
0.15504821479603392,0.8529427565798974,1
0.6837997107799562,0.9980036652048365,0
0.3811136732855046,0.9093956119852997,1
0.897018836958825,0.015201209347691091,0
0.46265391092559105,0.2872459058082292,1
0.934532642880369,0.1934505532144125,0
0.670502126675458,0.8233450667018678,1
0.7271778239497119,0.281373671595057,0
0.34152138184046876,0.027355807607346683,1
0.7668283086425092,0.09553429967929272,0
0.7582621251604736,0.8375839530409261,1
0.8079171965958303,0.47811720549558434,0
0.02507127008376797,0.9848777788681917,1
0.6100184689467991,0.3061184999351938,0
0.10021424216811281,0.14564708431604878,1
0.7723392137825941,0.7252334396945203,0
0.6642965215286717,0.22765905762425576,1
0.9977718637656473,0.05578397721852124,0
0.24052747017376996,0.09255131100108671,1
0.8896985567149437,0.1706753018651075,0
0.08960661599972175,0.7116477777341823,1
0.7996101030418131,0.30102624527416044,0
0.626226205999892,0.0821870050050807,1
0.9320774686577981,0.9051303940263771,0
0.3890328825148077,0.7879246929232986,1
0.6213328303289697,0.2929430437003262,0
0.5799040138191922,0.8679607137295581,1
0.7136049596360593,0.6129479822810405,0
0.08253492519810546,0.7903441217684646,1
0.8821018087898259,0.18701527516097327,0
0.4514564559663212,0.7028279251987813,1
0.7282434279640215,0.940659369267142,0
0.5086706496380679,0.1815495822478882,1
0.7007045213645207,0.6692800345054727,0
0.4379645805327653,0.691475537422628,1
0.8628433698099721,0.5214178038813699,0
0.08456782157104037,0.5358681145331747,1
0.9801474646370035,0.2865605311500633,0
0.583118837122968,0.7895336626014628,1
0.3067624765581024,0.4569436882110278,0
0.45024516565171,0.11272426704044436,1
0.732331498787723,0.49473850824948684,0
0.4694351936472614,0.00791523348594736,1
0.7908803526809656,0.5888589993443526,0
0.4160703189995779,0.2591338319838472,1
0.5983763749290986,0.6200620006538965,0
0.42806013789740194,0.08484278159087344,1
0.7783662832340914,0.25812235973021025,0
0.24780321828621443,0.9242251876545292,1
0.8394575659666825,0.12890323852472896,0
0.3519743029279514,0.18286845526214002,1
0.7984469697684079,0.04044961578094797,0
0.5245122408896831,0.017233259891154318,1
0.7511805944170432,0.5592716007309062,0
0.5179013673164669,0.15067529920069578,1
0.4130253539713872,0.6125880599050745,0
0.22941890912804186,0.3318731631746674,1
0.8047225364752799,0.7088244728614579,0
0.019277693893994252,0.3632024146711549,1
0.9905430058547873,0.9969314357980199,0
0.5246533258992441,0.24671147531225213,1
0.9736577459861155,0.5987894001884073,0
0.023654954407858475,0.4251213771670179,1
0.8955207946710028,0.14794306279485292,0
0.5971103633989453,0.0933069906366667,1
0.967217063212229,0.7182343044638935,0
0.19574498340868618,0.40305592929263,1
0.8351083200154736,0.7705677694397159,0
0.6377604120521099,0.7781522541953096,1
0.42512524298592436,0.6009661174926463,0
0.6432948795950396,0.0573265015730835,1
0.3023457901121763,0.5568557988601169,0
0.050281537777783325,0.7012588343630337,1
0.4228071122920408,0.5832081183739395,0
0.29526074601677843,0.27841015828343063,1
0.6193095370576718,0.018198130129452816,0
0.04709376527328313,0.1738581544703881,1
0.8019393601771568,0.9250945447057952,0
0.4036124152792586,0.754885000067718,1
0.7902991117054129,0.8871965982458455,0
0.30751871613970083,0.042365690873611195,1
0.8925210804056627,0.830960948456056,0
0.46846611927423554,0.7118821866865562,1
0.8857052860239681,0.8646867131179022,0
0.4864008259100506,0.1311130590020837,1
0.8274194408600766,0.1667033059634484,0
0.35973396584502937,0.010150397865541394,1
0.7225755419820111,0.9907759539884543,0
0.19407592561692788,0.8078578786771904,1
0.871061565357708,0.3528068872219656,0
0.17109337979810302,0.9911083755763359,1
0.9897588494710096,0.04585281398249508,0
0.5762095383691493,0.13735445697590787,1
0.8636032931754133,0.9960143667170943,0
0.6765155218204625,0.8873300169198989,1
0.4840498621309812,0.4300126966311274,0
0.2507438647166359,0.370838271847722,1
0.440752259477444,0.5231960524460441,0
0.00718115988321677,0.6865310928407053,1
0.5631564841334793,0.40166762081107565,0
0.6631234057405332,0.08520613518248232,1
0.8656237624763277,0.5735430342161807,0
0.05323891869106512,0.24575831073820043,1
0.8405042443337786,0.6678416205387299,0
0.506344348438094,0.12160910889321841,1
0.9262097179241148,0.09609052094444903,0
0.29813899915262654,0.6682635156299338,1
0.27682056448333103,0.43813713418870304,0
0.23626895075854037,0.10519274047313953,1
0.7050098617223222,0.9993036875935176,0
0.00546451336628373,0.20209368254513838,1
0.923438686790294,0.728129089409364,0
0.19065775969801702,0.42067710869660946,1
0.8902012457765255,0.7825992098103394,0
0.3074984257503319,0.36512737261212236,1
0.5474332458436828,0.9909894669297469,0
0.31581334397843996,0.29666042269818016,1
0.9742177068628575,0.420272982525959,0
0.47328226547576524,0.12437898992093488,1
0.6025320003112223,0.5109607428247875,0
0.11257418624330606,0.7192097644892577,1
0.9567361214048186,0.026709539849895436,0
0.13258135948887428,0.8344057584819352,1
0.8270059470598174,0.8131140484601905,0
0.2481893938724664,0.3976172041046847,1
0.7368459414391481,0.7567456652438166,0
0.5173483668662706,0.7411332134214733,1
0.9768265687402291,0.6291067306446374,0
0.3970053443158301,0.9269429168990155,1
0.7266235559210212,0.6022007516633416,0
0.5421801977805193,0.8410336714276793,1
0.7690704206938721,0.11137809792266506,0
0.5821664849013239,0.2870674581659841,1
0.44752354724032495,0.5721451238991356,0
0.16961152353595732,0.16478367891499013,1
0.9351744223489512,0.8032639913820223,0
0.6296431950282215,0.10872530116553003,1
0.9773633273605004,0.3942344402128949,0
0.46043600442302346,0.2356947959868818,1
0.4076815456786863,0.4952732738349386,0
0.12945387753586557,0.9829643015035819,1
0.8855522695852435,0.33731101280748255,0
0.1117103836088994,0.2513500122745017,1
0.7649075454906714,0.7394825900831028,0
0.12215023820045146,0.8909192257313066,1
0.6369089530045726,0.4187880656491033,0
0.7226975036315699,0.8955823253928957,1
0.28522833847672024,0.5532608797767808,0
0.7457067478717953,0.844661182790078,1
0.6518460461131458,0.7049131350885478,0
0.056230629642989305,0.48996100730210657,1
0.6764153395714015,0.40324671974566606,0
0.05881708492506199,0.13759393873873693,1
0.6059052342991831,0.9890492108443909,0
0.5460446289544882,0.2812810753605899,1
0.5838381192147648,0.0019124992750692016,0
0.1934240813767909,0.8643548960076363,1
0.9448467475761418,0.3445501470557757,0
0.3850321152425784,0.8957316578802529,1
0.7550629762993979,0.24089264860070958,0
0.007142207856118632,0.507155591649736,1
0.9575808557369692,0.8013400832518148,0
0.26457357252821523,0.8108948632832714,1
0.9331925708645986,0.65315234863819,0
0.5336876767146185,0.03721173876743822,1
0.9221710086630451,0.626633202352888,0
0.3883665743836091,0.13638310957520494,1
0.7478613907755928,0.714759578599591,0
0.09304974684068357,0.7695505928072705,1
0.81769981062627,0.12997617301521636,0
0.23529305326211747,0.30310487148235987,1
0.6160786050642095,0.007811367468004149,0
0.6456073672106027,0.1505339587330573,1
0.6802542694665147,0.6374674937177826,0
0.3661834174802181,0.962192871735615,1
0.636603523524034,0.36620197281493727,0
0.35648860973089636,0.14817550648629263,1
0.7688167055079655,0.23743825966817833,0
0.26956599987411,0.20960548324027106,1
0.8686236953526864,0.7981920964049108,0
0.19862677910407234,0.5643645549494994,1
0.9408569688821883,0.7770222070183892,0
0.4404127910038077,0.07976784867144804,1
0.9650896678891729,0.08848764939291653,0
0.3315724690841033,0.18629864040215527,1
0.32502222770327627,0.5744562639727492,0
0.08104584883998078,0.5231344834308714,1
0.8821630113906977,0.3135190243546121,0
0.10029515681095813,0.6800867115365931,1
0.8795926146776333,0.3454189107175626,0
0.0860392361931176,0.2554819197275503,1
0.6124202259981629,0.01226935011406749,0
0.21424306967972795,0.45575997754131004,1
0.36263428743428083,0.45748728670962735,0
0.47953018024361616,0.746696904678925,1
0.29445380569426594,0.470323123361326,0
0.06947783737048796,0.13793288783969737,1
0.6743901309970003,0.4066999613573714,0
0.3949377559811872,0.018003766896696805,1
0.8187953705686832,0.07718234443748395,0
0.05323151054180075,0.9813468163583321,1
0.8160306221985485,0.7923571179839536,0
0.4696745073973091,0.10075723553858262,1
0.9044603673758129,0.5218539351077051,0
0.6575045294744546,0.8643049371369164,1
0.7301259861337168,0.564181723728323,0
0.22634466732594183,0.9346759021580999,1
0.8149116496833649,0.023456052204183564,0
0.19813877625040688,0.5312455815590394,1
0.931688070190137,0.9162144303726701,0
0.37228382619013,0.9751618427810756,1
0.4522833720103768,0.42723940674919547,0
0.03368398177848797,0.9747282741982431,1
0.9869754198203455,0.5660088585536311,0
0.15794828277030015,0.09162160669659047,1
0.9151433899932149,0.2967145886471042,0
0.4089762659860686,0.1531145094175954,1
0.8948609177487954,0.83307258924075,0
0.3985024901081565,0.6994991714233542,1
0.6557230844495507,0.28455576380169056,0
0.3407545579324519,0.8145140960414373,1
0.6535717133586034,0.6703988532872145,0
0.16091881215026949,0.7214676730088845,1
0.42450699619694965,0.4063282425843401,0
0.1872623461849443,0.2208754774216003,1
0.3147343685674523,0.5120679689077718,0
0.18134114821227743,0.364579162986041,1
0.945365135134942,0.5264356431704259,0
0.5020030821583565,0.8284725038852478,1
0.8474202375398014,0.4153568341035009,0
0.3843226464183901,0.8409406235205814,1
0.49914249858495896,0.6013491712325901,0
0.2697376077854776,0.14448085830944146,1
0.8591476079996333,0.3033462931997296,0
0.01378225574424441,0.8226713282981848,1
0.6056426542645938,0.6188807664243564,0
0.5027955630979576,0.016928029678560996,1
0.8308510280874049,0.47738947881938165,0
0.4644269668255274,0.25980035200341534,1
0.8850401554277368,0.0495141079295105,0
0.357023301744664,0.6559069716860374,1
0.9125424436306373,0.24276461241581915,0
0.2130373785023275,0.42333864436883817,1
0.8180825280528937,0.29750413810860177,0
0.23977755924919553,0.9043828750927999,1
0.4807699651405265,0.6317664656257843,0
0.712885611328229,0.8813164050422784,1
0.7514292705172673,0.729247852921924,0
0.4009620502543211,0.726170188034227,1
0.9495136381334881,0.14689839637697166,0
0.5158148323319015,0.9502889095371894,1
0.8279415247588894,0.9379215410972069,0
0.223260299421439,0.1010709644127884,1
0.7547846860537774,0.623751246974505,0
0.6136540729316343,0.7905354654096468,1
0.9053457868939716,0.6728228954406967,0
0.29109753978638375,0.3921891112861715,1
0.6542951753898087,0.655968472119111,0
0.5541580316483747,0.057830330476369984,1
0.45986873794088956,0.6277892075255054,0
0.14085141433042847,0.5224413228244896,1
0.8373469777226865,0.5418144618725409,0
0.5693638846424244,0.8054057096960705,1
0.3822010963439363,0.5726392938417529,0
0.42357126775894405,0.3604112736509393,1
0.5288237655031288,0.3931831491774552,0
0.46796946959098484,0.3154963278129005,1
0.9342229596716034,0.4486857368647157,0
0.7053845857654734,0.7990740657919764,1
0.8355545988902898,0.5102805766329025,0
0.05999160140920812,0.10959218714528607,1
0.7206143474718579,0.92942595638041,0
0.18441677542295576,0.06899987623848913,1
0.7891131899865241,0.9528838886305614,0
0.003772690877003604,0.5472145519434942,1
0.8192516652796927,0.2894752265263387,0
0.461042842840374,0.7955027256959186,1
0.7545749246346782,0.43022919651086433,0
0.7750850512872427,0.1744337892368858,1
0.28453723051276525,0.4960707805764609,0
0.3284597185189244,0.8528805545316281,1
0.318580189074238,0.5104407881599534,0
0.15082076875923278,0.11974353928856929,1
0.5826739421829218,0.371225865114001,0
0.7241872350269549,0.10018271506190013,1
0.40384386249483484,0.5768727266637392,0
0.3844664791771485,0.7677253348586452,1
0.9203027006276416,0.5498302341613263,0
0.11982840053080668,0.7727535713070773,1
0.4068084559061891,0.6144941761894225,0
0.4666699203225093,0.26672759362906884,1
0.5937795982282854,0.3327242689398706,0
0.3524762835022476,0.35037919281072893,1
0.5827223947066879,0.01604359202371375,0
0.10495696660936327,0.9922040807105721,1
0.8492129378306149,0.0007094042490440877,0
0.27210432242544613,0.9295731045092531,1
0.6675737856520098,0.4887610603468059,0
0.22982527104802597,0.6639520596357886,1
0.8888821277962072,0.6779338885078753,0
0.0467932474215631,0.6326074502231286,1
0.6741554874846947,0.3644085695835456,0
0.41303939671762135,0.6846528351322724,1
0.929852767063225,0.4644879853776681,0
0.05890773050062437,0.4148801153114712,1
0.85885036407626,0.4122488898300585,0
0.21917067180406646,0.9328905424921429,1
0.901346353174547,0.7768838021724843,0
0.30873214465635623,0.8762593035718269,1
0.7146592957014506,0.07906177393913849,0
0.029738587938350602,0.7896733883234288,1
0.2973969714933683,0.5639652571962331,0
0.4741510470718632,0.6994224247090841,1
0.9005354078440081,0.053953208996631696,0
0.005735305164764171,0.869255566489248,1
0.8787148394897056,0.2907343444033841,0
0.5650648671550236,0.22703121453061703,1
0.7188357765093694,0.6877713811187453,0
0.1703713771627804,0.9827461812026668,1
0.956318447774556,0.8455083514865498,0
0.15381813701889646,0.0988306611576607,1
0.9390944687534318,0.24317588255013578,0
0.07562124863960074,0.9269307213947592,1
0.6056903824343189,0.5285384188957167,0
0.7799682018217418,0.1361374735462243,1
0.9638932241008027,0.21494546737789522,0
0.11396173001708165,0.705311371658684,1
0.7826790891877419,0.9588152634464674,0
0.2040019626588554,0.47323552773517985,1
0.8677857756990113,0.18734595759504302,0
0.1406506845700648,0.757444863961852,1
0.5472845041544904,0.3749745729975432,0
0.4987818408432494,0.8268642699937806,1
0.8731447701906302,0.6305422436544985,0
0.035356681288027714,0.3077746179660745,1
0.7948100213186592,0.6186572843042089,0
0.03404772011829582,0.07541069828899971,1
0.9911405665189155,0.45385474942566706,0
0.20161031798668505,0.9155681777433995,1
0.7861072069757741,0.24916070797490864,0
0.2628407466897994,0.8898464570962228,1
0.5596069441795076,0.6597076183610939,0
0.32823490760272456,0.1841882891397537,1
0.7612025270743477,0.7426259599365733,0
0.04496349652151688,0.4687742847664239,1
0.880478044024371,0.47430326091920616,0
0.41876277534180095,0.8020685358508355,1
0.5490929083175912,0.44481868777971245,0
0.17387960801335745,0.4306843482080128,1
0.8007849087238552,0.9480407643684,0
0.6658721240437722,0.2216280915728981,1
0.7352841864588701,0.5452790328953641,0
0.32242570860783637,0.3039803133790425,1
0.7685234965785819,0.8928469568979833,0
0.29881537012778936,0.11373259037102779,1
0.4467322208192477,0.4607570011401879,0
0.19930903444505854,0.5521064089864095,1
0.831975216515817,0.7191764558971626,0
0.0683166870319677,0.2558454714519298,1
0.5097280915005277,0.3563677791601645,0
0.38243557129981254,0.6520085497519506,1
0.9510694468387569,0.2390496943722784,0
0.5952995022497167,0.04659306559245713,1
0.6360338545227502,0.3145927293709737,0
0.7974777058873109,0.8229350079087798,1
0.995320840668198,0.801627417974466,0
0.14238422289502606,0.9179824578669251,1
0.5070583549442069,0.36248441866743375,0
0.5282190272397379,0.961335394523603,1
0.384835572063739,0.5703925084787128,0
0.09950572151629578,0.3263642356968586,1
0.8597423360766527,0.5907091766303785,0
0.029022372901926996,0.7675874330285402,1
0.9691302574501274,0.16389520473826924,0
0.5272853591852267,0.7444304254508479,1
0.7682250624336086,0.45864937260310135,0
0.20852406740776908,0.39752070163610975,1
0.9556625742825207,0.0802136374067498,0
0.17520667844000926,0.16736376707637135,1
0.24336939406273683,0.48210965913175485,0
0.4919891948836337,0.11978676460269566,1
0.6697701432990201,0.35211074308579604,0
0.4817836892880668,0.18603545739213379,1
0.9528263519359481,0.14996467377085587,0
0.33566550600326406,0.2043120436907222,1
0.9564448764205427,0.21550725594960762,0
0.0930846214743819,0.2982266826285569,1
0.9119616318209911,0.4651142218126585,0
0.1338795621761576,0.21563825733277353,1
0.8247157415810583,0.7712371251722546,0
0.06298580376302199,0.3117015059396696,1
0.4821230384723618,0.37358942765273073,0
0.36921788650168663,0.986778764491325,1
0.734669114703865,0.5164275332432032,0
0.3710914354269689,0.20251559798802876,1
0.6705602191291743,0.4173612644568728,0
0.7211124564604146,0.7684888341060155,1
0.614127253534274,0.572991495558754,0
0.7349232439954739,0.15770421644932076,1
0.8900680022128791,0.9366851842318666,0
0.06720769816110106,0.4886692974004587,1
0.8809534457984575,0.05601016699116346,0
0.7382962442470294,0.16224405424948418,1
0.6246997429886311,0.42266860674834295,0
0.2891429822427659,0.8550797987585352,1
0.4346522201259444,0.4767827876425148,0
0.19669844746019405,0.33056485742339825,1
0.5478173747130126,0.390640912035353,0
0.602346655637196,0.2940487960923083,1
0.9899322781850508,0.2767243359448157,0
0.05833481277352903,0.7209270440028093,1
0.9453424520836777,0.4705448282697431,0
0.28377004926532123,0.952998123898056,1
0.6640420143707874,0.6170744741780969,0
0.3800033881774857,0.9267008626256357,1
0.4356248202977441,0.39856367252092995,0
0.1739810640694377,0.40839197067677635,1
0.7930430485934439,0.6825740801133968,0
0.1351717965649082,0.8852689387740468,1
0.7066792368535072,0.32872024087605134,0
0.17111250104996523,0.07662612819076209,1
0.7663386812542714,0.42461404524425395,0
0.7491751576137529,0.18438617105688937,1
0.9855931148781706,0.06389391220717067,0
0.22545292974666342,0.966246048145,1
0.8541807704950259,0.39973360330165375,0
0.7394013516230704,0.15080760016620587,1
0.6405855097852985,0.5390286745145522,0
0.1110636107179459,0.911538794964032,1
0.676547888369075,0.497985294628417,0
0.28902905815326374,0.11148494866114689,1
0.6465662699668191,0.5371227274390631,0
0.7338639227644689,0.15968843156112134,1
0.5894569895956371,0.5627264065865786,0
0.4584555999807177,0.6875428871065723,1
0.3741185152475328,0.5401235664901778,0
0.0497364660477192,0.80403653215226,1
0.6699942803293146,0.6635810374704509,0
0.7075715883584595,0.235809398946762,1
0.8653112825105803,0.3396840281699034,0
0.5226617220667891,0.1483057487664623,1
0.844822255391418,0.9903259102756098,0
0.022566199856297264,0.7235418785456889,1
0.923346076156034,0.6947978006165132,0
0.18090739657716381,0.3313582241879275,1
0.9538218295221461,0.15070739221721163,0
0.17950631119802407,0.3392444591582988,1
0.2329125760091063,0.46532133472815207,0
0.6341969716208323,0.8520694494705134,1
0.9359295967032168,0.27379905278386185,0
0.05624195360607098,0.5796815337241811,1
0.9931021067884396,0.06509172356056614,0
0.05555961797298081,0.8578824152471614,1
0.8146778557216454,0.10153057051359726,0
0.16283596901233544,0.6343595070070094,1
0.7614406270368095,0.4626885023804628,0
0.3344834554770594,0.12578253778935022,1
0.8797276370677758,0.5606112845965832,0
0.27049649020366184,0.2230083766127382,1
0.9941895238484539,0.5475673322020614,0
0.7305140735224243,0.7861747999417665,1
0.8806664256214919,0.09067130377308963,0
0.047736039210670156,0.00308212443908229,1
0.9544848405926998,0.5042451091725073,0
0.03817323273017259,0.01764366021752728,1
0.7588097244775482,0.9684061325810002,0
0.6191545497622186,0.9059690598406719,1
0.7803333500534376,0.3744010221416467,0
0.6708357089863304,0.9345601437734836,1
0.7884896147555353,0.01704780109653825,0
0.7572372007393166,0.8833347391389437,1
0.5188140193517933,0.5436422226887505,0
0.270349419515003,0.6239570892051183,1
0.9482244224872767,0.21122280870682386,0
0.36630797176498564,0.8358609232447016,1
0.9411387174165896,0.8666561131934057,0
0.6842226215610003,0.0799791001788065,1
0.9387015994514689,0.20758888411863063,0
0.060136297478677436,0.04882336992244907,1
0.3951808851651064,0.49812409380275224,0
0.5177992049836886,0.8632617316419412,1
0.6938177361860436,0.0636047058348338,0
0.05861382301728657,0.5155367248798294,1
0.9630574796988185,0.7403445980744681,0
0.29761728881290317,0.7371292460014792,1
0.6903821050942651,0.2612900753512537,0
0.5455011256388343,0.8713488436534316,1
0.5161862049994214,0.6427409369742817,0
0.3422734638827811,0.9423546642463695,1
0.7248111816166396,0.9466471295795529,0
0.5628643679218917,0.7456999253881381,1
0.9354461938495883,0.7075428517897078,0
0.3562782874664774,0.15338354046367542,1
0.8843373304105504,0.5436031428857293,0
0.4289518465083294,0.2872199363836404,1
0.652400088687257,0.5536704373806266,0
0.3613102315399348,0.03903060003403702,1
0.726570572478528,0.534092050561053,0
0.15906272077337125,0.19549612947626704,1
0.823644241061034,0.0691539943578886,0
0.2937142577619515,0.38426126275206696,1
0.7760665922027108,0.5252797852128737,0
0.19230556398391452,0.06100446240487212,1
0.3758689495979787,0.4903107899397744,0
0.08442534051820116,0.1597818330650732,1
0.8408379516959904,0.2901355120469926,0
0.5565949299441422,0.7489096666494026,1
0.4532999305883434,0.47491675781459064,0
0.31403998771889485,0.3974285477130889,1
0.791078922335439,0.5254716944507044,0
0.6653903396748263,0.2661195056887038,1
0.9730121451600207,0.07759343206624214,0
0.583953048412753,0.10321501140488187,1
0.7191290055455763,0.5403245707471044,0
0.5983570846272283,0.9079294797884643,1
0.7290797239323981,0.41820752337710854,0
0.35633206504918224,0.8414894778205423,1
0.47131299362748,0.5798422146189991,0
0.41433407406324874,0.33633033153119385,1
0.7644362563398419,0.709228192151021,0
0.4123545894518347,0.021541292968843107,1
0.4847710817385402,0.46861967877625055,0
0.23766821718813747,0.5786862961536682,1
0.7289208775670482,0.4246986136351075,0
0.2824990279137489,0.3082047431277857,1
0.5502078022414373,0.42014430189543106,0
0.6791608689938228,0.7580376917726046,1
0.7099003640771955,0.6232987337224496,0
0.339339455862941,0.7928655355764477,1
0.9839973930839306,0.7897473442105021,0
0.6676575603059014,0.12418200038441785,1
0.6884403771651364,0.6213367811396211,0
0.02129771527012414,0.7587042941288091,1
0.6772832771485501,0.9563170370095574,0
0.559976283591094,0.12706007631232663,1
0.9733301612149127,0.8763119237440631,0
0.5245933355589208,0.024494009184124033,1
0.8239009642909952,0.42190600591555216,0
0.22422358728430114,0.16906103253022609,1
0.9768554999513721,0.8967442877002565,0
0.09815184403330679,0.45800159375998395,1
0.9721988260549235,0.5337220668244309,0
0.05552488259006316,0.6580877220904412,1
0.5758419562622922,0.60501890760611,0
0.1782615598491999,0.7239659213393658,1
0.7856822050375908,0.3520185256074766,0
0.3141399507480921,0.7364365156623514,1
0.8229096261244334,0.5087436551676521,0
0.24198725841973479,0.6912286049472777,1
0.9031010417007423,0.38450895806240293,0
0.3376169318515966,0.23525130432500252,1
0.7522941533278883,0.4846524536994937,0
0.08220951921520925,0.37229177865747654,1
0.7599510586287951,0.2610703185480868,0
0.04133141037216137,0.9722109744751554,1
0.7172503160199118,0.7406529519522198,0
0.10568990257776834,0.9810691956768144,1
0.46181385355573146,0.4039824581293294,0
0.1625262298690161,0.16795732916510675,1
0.46364082847388766,0.5975905883575117,0
0.5859531979640883,0.9323120926647832,1
0.677919856379663,0.5646208762078548,0
0.01393592533519905,0.8718700828805341,1
0.6867458581354001,0.6258255825116746,0
0.08945587935991861,0.11299901599554907,1
0.5175907255595263,0.3333181342167254,0
0.5692659080280021,0.9227298680006478,1
0.7822516429557755,0.22728303469162192,0
0.3474368746726625,0.7860129920388984,1
0.8801272116652392,0.34169515807822604,0
0.7587186906015138,0.22043684612930448,1
0.9737482029615837,0.6191919106889787,0
0.14076215605880682,0.7002278911149998,1
0.9495754951293317,0.6361779448849596,0
0.3598065205583503,0.26952131285168146,1
0.48932130166706744,0.5742000174305473,0
0.3383296713287788,0.6894420344628494,1
0.9738641489857793,0.866715197358713,0
0.44898534254291955,0.697090090461705,1
0.8262536789888382,0.4407179347664778,0
0.5880268466808225,0.7220833899306022,1
0.7171701167133205,0.2884049240019392,0
0.4640328443993592,0.9251090370127283,1
0.44814651213612067,0.3825028792946509,0
0.10896483693912551,0.5705904630184953,1
0.8453247523673284,0.967531235353647,0
0.10878558904904478,0.042523222483266676,1
0.9200139948195201,0.5969736511595323,0
0.6162681870321225,0.7652152822343122,1
0.8550057982557465,0.07582509475913057,0
0.43415332345156576,0.8957756665776219,1
0.7139787479901888,0.3703414160883165,0
0.15928662043123964,0.5207808282172253,1
0.6156751747721033,0.5397282470976472,0
0.3586823868144605,0.9902304634200575,1
0.9947938437218435,0.32602220072136245,0
0.06806783740729294,0.27343830168025096,1
0.9964186180503651,0.8396393251305411,0
0.5693104454999365,0.21494532488085927,1
0.979751948932711,0.745789878467636,0
0.47956427314281247,0.2891884117074306,1
0.5821145126679749,0.5726811925845622,0
0.042016403189741425,0.7507509322451837,1
0.6163667129943724,0.9733499945923623,0
0.13190038902371826,0.4940535439306708,1
0.568900107266493,0.5841784964322799,0
0.23430724441836348,0.2728077373016451,1
0.3537609018060055,0.5899473828645939,0
0.4325581651516428,0.9958517372987412,1
0.7469521325118648,0.5061933275197149,0
0.4999150952101318,0.006333842197733142,1
0.6875240417966525,0.44932319941667864,0
0.2870414604795122,0.38222129799939075,1
0.9153100932867172,0.6028885160131547,0
0.16893804972197202,0.5059620544443353,1
0.8901506909552788,0.4416654805696131,0
0.41976518718759226,0.8481511419815285,1
0.9418573970359021,0.6504110603913492,0
0.3261523873919163,0.8759689385809972,1
0.8471958039175482,0.7769603845554905,0
0.1398229851532058,0.07239921687071094,1
0.40592804233630064,0.41416032444701956,0
0.32802145700463314,0.16403452226803905,1
0.657790758952643,0.5397828343535639,0
0.5477869912608544,0.09801467396921726,1
0.46248637039434093,0.4202640434052006,0
0.40754649390135145,0.07081498639601025,1
0.6915623852958939,0.36964214834336284,0
0.5019581840812247,0.6715249029053587,1
0.953766347041817,0.9180252176349202,0
0.22986385292845457,0.41015656525859223,1
0.5849773150486113,0.6880943340382403,0
0.7648234867926145,0.8272288042626949,1
0.5202504673025602,0.5365247252103078,0
0.10701301795201223,0.4922744418570959,1
0.5931814170658892,0.4338824199748327,0
0.38590171767906367,0.9612147897253287,1
0.6018898392695715,0.4446219408948475,0
0.3388530355024628,0.9042723522658777,1
0.8711501601571294,0.10878029060479366,0
0.5974299798060692,0.7347073700435395,1
0.27032964313026575,0.5547333640191505,0
0.25363049516807024,0.21342836036494428,1
0.9821843227132587,0.0013220179718311798,0
0.21787918120480654,0.8206278603305716,1
0.9065576060821271,0.745279640007686,0
0.1450316475526261,0.09227153586883785,1
0.5148391219749865,0.3728139262511714,0
0.12918100725347825,0.1596077427542416,1
0.7244649828122545,0.34616110873842487,0
0.09201341615582759,0.6117641414166486,1
0.7608230553725825,0.5920635807332736,0
0.08094954339902694,0.0288576756876322,1
0.46873097242671646,0.43536876579381323,0
0.004418164054915019,0.646509195767033,1
0.8941112092025554,0.6511255074991543,0
0.006031236372552207,0.34831950730161,1
0.9361874246393668,0.42920476061357793,0
0.10741701721069152,0.08867938332559988,1
0.9214309850776503,0.5928322739831386,0
0.03987262823018123,0.84406544460628,1
0.554883657359566,0.515732008412443,0
0.2701085953282625,0.6213126613300892,1
0.985105555136101,0.09737493500722272,0
0.7166079145989436,0.2361889182189182,1
0.8566993229368358,0.1450167307412633,0
0.1365198874501885,0.5739581052599227,1
0.9673846763744502,0.1433345061076664,0
0.08723484860767683,0.5131549727808254,1
0.5872254990165374,0.6654505405207903,0
0.572635646860881,0.7242245706737406,1
0.5981701226692665,0.6037235635802228,0
0.2001724042931049,0.386901515699716,1
0.8619239029706737,0.8841374756615388,0
0.49435779710049244,0.03696088161035982,1
0.2642911444647874,0.5182722513798965,0
0.2902777066915655,0.4108977080020795,1
0.7490240752719608,0.3233657503721298,0
0.5167180683745176,0.8074783860766224,1
0.5759461186188399,0.010065465729787393,0
0.41979052550830864,0.6637210394289068,1
0.5801241599604579,0.5852970873997646,0
0.5664331403992919,0.1914103214337396,1
0.46800149441895134,0.4276533076919653,0
0.6412150625344789,0.09269809224447345,1
0.8962222818988717,0.48930307559986974,0
0.4700513540834075,0.8420581134551522,1
0.916611167869297,0.15976606075740696,0
0.16380618788636458,0.9152185016106682,1
0.8114372199510781,0.4137998115417375,0
0.6357077487194287,0.8700839958505333,1
0.873929584886012,0.6727233933130712,0
0.2531436779224008,0.17335399967339593,1
0.46787571663443384,0.564902406429474,0
0.6634144542465595,0.2407151005373792,1
0.5735744103876794,0.6759946996778138,0
0.4765136726632906,0.6871595700790899,1
0.7859289020769891,0.4603771183042379,0
0.3702832114975598,0.03894126833090661,1
0.8104348035018004,0.3994576126355759,0
0.14516940241855547,0.7141373927049323,1
0.9985315448225343,0.5346698779307045,0
0.1121155330898631,0.04464631565396915,1
0.8386082318233677,0.09956995910603761,0
0.38065325678845974,0.37398282592219756,1
0.8620121487011956,0.7005998175477879,0
0.03645145774860348,0.9490225857203197,1
0.9020344604614743,0.2252001535343504,0
0.17817551796349895,0.8013792127692456,1
0.5383678485574437,0.679994456619759,0
0.1676760729570137,0.4257421510946635,1
0.8211966334505791,0.10931227232431584,0
0.49556190017033563,0.7219349865177208,1
0.8837836816279205,0.2981578387836241,0
0.21375002679250688,0.5424898224035481,1
0.8681321012603277,0.25249196485775427,0
0.14285458889165414,0.6411560365488945,1
0.6201700447605839,0.5204956222985575,0
0.4318187574733521,0.7472477612117229,1
0.45933785698185703,0.5035158249536524,0
0.1737785621514496,0.3106499424689231,1
0.47359146567915866,0.5586426169572779,0
0.2738486686286653,0.7486088320992891,1
0.6236977894264928,0.33299310237238056,0
0.010355202807060149,0.6397367723167946,1
0.6259425139203825,0.3206294733945163,0
0.7616885164799067,0.14479730570622107,1
0.8893001295478566,0.4309958755066813,0
0.142592407558778,0.5477357464435951,1
0.7940623104815798,0.9862624301804751,0
0.22227127745170916,0.9871605830911504,1
0.6612534725099726,0.6967004877110525,0
0.676463024459621,0.8157508389861088,1
0.7537775548476708,0.2817973346154887,0
0.21812683911066344,0.5876983119387217,1
0.2170262653810321,0.5146010809030445,0
0.5355225472323949,0.04354704968832879,1
0.7643474327705294,0.31102836499984754,0
0.16171000971908012,0.2909083256868793,1
0.998947357662663,0.21948512962059896,0
0.3818234185591357,0.817484855703877,1
0.9034871260070648,0.2140016187559487,0
0.5508509516032407,0.22290818515385846,1
0.826498222915497,0.6113529784603124,0
0.08777490075544037,0.593761511231627,1
0.7031376251015098,0.3733638550096867,0
0.5753404437084404,0.838702341661963,1
0.8782862883722313,0.034795580288135564,0
0.39020457887099425,0.7515671637817027,1
0.6856475493376611,0.9554106617499944,0
0.014273279981964704,0.8740279616163457,1
0.6071455155761275,0.369233482863222,0
0.004185391374530334,0.6242203040350013,1
0.6869541621617796,0.7232246367101941,0
0.2881667407819154,0.3944824050405924,1
0.2185159907799903,0.5294243390017235,0
0.5254048420383208,0.7504162070996868,1
0.4225793039787875,0.48698511040437265,0
0.2011375445731569,0.2518295441216648,1
0.7948292664567727,0.6199177538915981,0
0.017220594115644916,0.0301104573005897,1
0.47059587905356504,0.37808002828430476,0
0.10379622744485928,0.10897339990761779,1
0.6196761270566318,0.49117382683777666,0
0.2404995000883381,0.7733224881680439,1
0.7734563989166635,0.7272374604927168,0
0.1767546113121814,0.32556236109840864,1
0.9018436389863618,0.219378534342891,0
0.6722159030098412,0.10663577675736047,1
0.9869730630934357,0.4500250840860872,0
0.20758445488110033,0.3704457226771153,1
0.7253844594756276,0.2938166899039564,0
0.06764689244081945,0.006324656320358946,1
0.7369968293043873,0.6923731281608325,0
0.028008567756797276,0.4377816908151939,1
0.6679302269593053,0.9382022508217597,0
0.4821212554140242,0.8808779716687843,1
0.8738405861075764,0.4753222230081494,0
0.4123151195614241,0.9237231843728657,1
0.7383539514218617,0.6181182744557293,0
0.7699954137852456,0.16042477368577102,1
0.7196857707311028,0.636735011936005,0
0.08604032719975951,0.5557394613059979,1
0.8233508532928218,0.21824345539896217,0
0.216891055728758,0.3383911696475008,1
0.966130073279714,0.1424580920749844,0
0.3701587969120196,0.6924077564361125,1
0.4476990559634866,0.39553970001550565,0
0.4455178099435477,0.6619282737849328,1
0.7342702673162209,0.9092298059935086,0
0.7248998986963272,0.14058167247141107,1
0.5646524149210974,0.4543399215950463,0
0.5738590820179635,0.8227154397771289,1
0.6613156213379031,0.5388587292030091,0
0.12632068036848487,0.12047018643251084,1
0.8842934866029389,0.12295778322052653,0
0.17739458436876288,0.8627334220884015,1
0.9075943905330263,0.22326032614218427,0
0.25377676068662214,0.037572293458319916,1
0.6625053248916564,0.025567735946658288,0
0.21793113799535613,0.21153528270607247,1
0.28373298073454034,0.5579753582753572,0
0.14160940010344225,0.494459947710571,1
0.7483003080942954,0.42001208809523827,0
0.23113618775046418,0.43348375657787896,1
0.4343223361265558,0.41412770114514585,0
0.4486193259014537,0.20717288219357488,1
0.6711311494737785,0.5154043596157594,0
0.018994825881238242,0.5841259164272866,1
0.9255684455663293,0.28831533247373076,0
0.2342548228961644,0.553675140812685,1
0.43974273234744,0.6329987972197377,0
0.26767732552826573,0.2492177588186575,1
0.7904501310844523,0.046271678875943634,0
0.4645345189683653,0.8327001921806908,1
0.9331482067596942,0.17560488097059912,0
0.1555160911824488,0.9862453795597632,1
0.8500507957102752,0.7235493504146141,0
0.07222692955448928,0.9971299589029807,1
0.592807224250915,0.3795997220149415,0
0.13761299618768785,0.1446089347334838,1
0.6866925468320305,0.5969730703674372,0
0.35523996893955734,0.7355414372431768,1
0.35007472918914095,0.5167573577378919,0
0.2845794149857769,0.9580466250492734,1
0.4053103267534851,0.539950361849292,0
0.07960585847718504,0.17675360380800642,1
0.7869051733687218,0.522925045689845,0
0.1722005755649363,0.42909339978048544,1
0.9650226096008829,0.2083692241828924,0
0.3510653532674143,0.764075873451773,1
0.9462537754703071,0.17644223988803343,0
0.6015459136343954,0.8694698782959719,1
0.6201754790511715,0.6468709577266778,0
0.14523741664611722,0.5300397338195448,1
0.8099845110629258,0.40870065496215646,0
0.5766981465146452,0.9676275951539846,1
0.6448951667756101,0.5534029257234824,0
0.6563376541321134,0.7606912274540646,1
0.9954686427462807,0.4784927625771319,0
0.30788099845858485,0.5957713886059824,1
0.740104773295594,0.06401512441274726,0
0.05419346696089378,0.07067135739370256,1
0.5773048046747983,0.4738634609434512,0
0.7244187339787722,0.187965102434275,1
0.8671745507899562,0.45286171062604763,0
0.5788765024191485,0.09585268614884601,1
0.5114073616727577,0.5588337597142491,0
0.13417218375297413,0.034413849710172695,1
0.8071974278096914,0.5193680503832555,0
0.22518946934440986,0.03304639966491074,1
0.7171203886513323,0.047505377202354704,0
0.18430935977910956,0.718024307590858,1
0.8141046073454814,0.462266545051789,0
0.6760980436995965,0.8599877204800327,1
0.6160903047779016,0.5964388707029706,0
0.41762926045179327,0.7803118379524574,1
0.646181081095082,0.411383702876822,0
0.1405499163976106,0.37086684451747676,1
0.6328086584031624,0.5422555806378798,0
0.5684856836973614,0.8345869450686396,1
0.9955277200395133,0.4742022654194996,0
0.06820571168201339,0.048746474814831076,1
0.8359691782943904,0.6378153819363347,0
0.42500697670548526,0.2668880000030218,1
0.7037709446521949,0.4567875949589886,0
0.15847383786124247,0.5223040144241321,1
0.46552449189452494,0.6426254606259046,0
0.21398380066580458,0.7427011096780788,1
0.9380120138494222,0.29220201282758784,0
0.6832735727349067,0.08437402448896125,1
0.3826037446882483,0.41741542175759305,0
0.4926031516908478,0.17435971917242332,1
0.9755708546479731,0.3934953417551502,0
0.11787968158478823,0.887929465334886,1
0.9064654983424525,0.08777240932149111,0
0.08529060734711136,0.6415914990321268,1
0.9874888883122361,0.19925870124696476,0
0.26512577311381,0.3497219497997863,1
0.5543717788845095,0.35358858892147416,0
0.17776348521362095,0.3859912139469528,1
0.9826676024585277,0.06509839095193037,0
0.6356410597142483,0.24365990432365414,1
0.8264460739958046,0.7785114664456172,0
0.09712793973532186,0.836277760053923,1
0.7820243521162894,0.9332253614315565,0
0.2238088928564259,0.2774755399404558,1
0.8928549378898284,0.9162288279460836,0
0.5995052486373535,0.1639801172209493,1
0.9720005981323037,0.5797430785372865,0
0.5540799421061703,0.9347678380051977,1
0.5650500713435362,0.9831430950631563,0
0.1581567704046749,0.529448614148777,1
0.8639706009906784,0.593612150956993,0
0.30997467582238225,0.811817577457891,1
0.9028904047161829,0.7952528325259615,0
0.49137776563007707,0.9213090838208389,1
0.9005029417725644,0.6713013402532497,0
0.3060192120300189,0.04247164367419831,1
0.40495101022573865,0.5051922924832896,0
0.3991424223160277,0.13065537657202142,1
0.7879121277166964,0.24001274729948463,0
0.22044512536402838,0.9170771161878483,1
0.7670874741059679,0.6468346637465102,0
0.07594550314197634,0.8252940593731158,1
0.8045759025259818,0.8064813475225414,0
0.48395975670697655,0.13685264396918473,1
0.8922912338619954,0.12719150508116894,0
0.31466684314918547,0.05871051800994109,1
0.2909698261758582,0.5371889356419299,0
0.430299391458959,0.774686245602169,1
0.8123631731858229,0.4226227599901784,0
0.2713818038792085,0.6846606524250726,1
0.9993926492665863,0.8354506245276224,0
0.6447933414272562,0.2008469266265278,1
0.8706807085077097,0.9261604419401058,0
0.4642186854703163,0.8056064120792735,1
0.6483393209246997,0.7029489292558787,0
0.4348866767443802,0.18458215852751925,1
0.7817636095903612,0.2559735349256872,0
0.170122826760563,0.10761379680352268,1
0.23782795996125683,0.5323127036055175,0
0.3503804152805299,0.38335779626847055,1
0.5495103628819373,0.31726598783169835,0
0.14477624910881892,0.14223051882617033,1
0.8784643359931313,0.5381573881692785,0
0.4160744140503915,0.281250801798989,1
0.9236546462859638,0.3537631556050779,0
0.18113819223713779,0.992535471661543,1
0.5624502533302286,0.58580967064684,0
0.25211879553052996,0.129512635097495,1
0.5076754512491785,0.37119247334605276,0
0.4662842374377326,0.7670577221429398,1
0.962768819301484,0.46990641998494187,0
0.042849251463431215,0.5111124910466388,1
0.8459567295806484,0.07015922220166426,0
0.5275495391585536,0.018052599756948173,1
0.8302119654434547,0.22087071957982596,0
0.43871137458259,0.8950071440562669,1
0.74005329173095,0.7552638398280452,0
0.14797801266025112,0.8263075142134189,1
0.9646024696156739,0.5247600551595903,0
0.06218778630511501,0.570910107425893,1
0.6715039819514428,0.3460487909400739,0
0.018455143848651545,0.6470978937775488,1
0.939709553057141,0.3048512349745065,0
0.13593971074208555,0.7325069285635532,1
0.7686184574940516,0.9436793206358436,0
0.0048552101004408765,0.15200562759802427,1
0.7939560055503838,0.7015596222937618,0
0.4191849808696402,0.6642355233108227,1
0.5480510124706469,0.016559943067711247,0
0.43298608536331806,0.2658572166050487,1
0.7500896237370227,0.7251500785653823,0
0.20852739879690918,0.5965863063390001,1
0.8383888033265063,0.8316586622904354,0
0.362405665207853,0.0008018096922726148,1
0.8238594528114901,0.19995024352480173,0
0.06858752703028215,0.6825530385088987,1
0.5370336234427137,0.540268465270054,0
0.38959030762586366,0.03742470789352326,1
0.7035406740530115,0.27750906117478324,0
0.11469084014502628,0.8551647001049366,1
0.5076469945461413,0.6653875772181778,0
0.24354133969815217,0.9235367543689619,1
0.8774160089367303,0.652384498581154,0
0.12842517018714616,0.9598395990624776,1
0.2877631631163856,0.5267000304420979,0
0.3401792167778339,0.7791527611313225,1
0.8910607369946634,0.7683246365145976,0
0.4569636056930637,0.3452653928899859,1
0.5493574496444052,0.49076179151964905,0
0.6327409431883587,0.7612440398170632,1
0.9033162544265178,0.6112671111399323,0
0.4693223486822422,0.8506890210953603,1
0.3466774868698925,0.6036336050036433,0
0.1505427748164937,0.8622716223910927,1
0.80996669042098,0.8203556642450704,0
0.1293756570147867,0.292828554173276,1
0.671521496537376,0.5921386528192805,0
0.09826719720704957,0.737883781708807,1
0.8914026124399608,0.2946714316107677,0
0.5694451808052555,0.21564733582575268,1
0.6527960296557996,0.3867909355473167,0
0.36333730500488315,0.9845250657847104,1
0.9644266999650503,0.22069760830359575,0
0.41387060701865275,0.16655266926081602,1
0.6786923706376801,0.6921742459535509,0
0.09746471483516217,0.10349412758422005,1
0.4968311369073688,0.3785409265628532,0
0.26505013261535926,0.3211836458434003,1
0.7521227658868582,0.9862505668593121,0
0.5281860689659643,0.7321362424555379,1
0.26281506651932895,0.4963711201806855,0
0.47488409051089453,0.8004777396965225,1
0.9005380551704049,0.4760437097507071,0
0.3221873547257291,0.10051427962582815,1
0.9154072226255285,0.42850561740240123,0
0.529342269091666,0.9591353472140901,1
0.7220290061614758,0.5678620146347266,0
0.6132942427693772,0.8828660024723153,1
0.8968386071612642,0.7474448541586738,0
0.3107874977328855,0.12422803814527172,1
0.9399419378242184,0.23351774100859202,0
0.43277988814401536,0.959890426643931,1
0.8314469264786626,0.5528765822761579,0
0.35202402765520713,0.02823255340158426,1
0.9181517956648413,0.06897743324228911,0
0.6404789837497403,0.2665449713268525,1
0.8703762828043393,0.7528087577874811,0
0.14995889797745587,0.42718722175278767,1
0.8365371491549349,0.9871541211291761,0
0.24233372198289227,0.6122222072541372,1
0.7973435176128235,0.9580611918891127,0
0.45537876907127195,0.9654540786666068,1
0.9761169375521394,0.8208371643194661,0
0.22982053245322553,0.5699050198734523,1
0.47509031761454434,0.3846298363802987,0
0.48949843938833604,0.8304130727780897,1
0.7794542705842603,0.7816260205393482,0
0.3814064390193005,0.10646188897364606,1
0.7252717631325096,0.49490781488814717,0
0.36137118970031123,0.9722031604552467,1
0.9817101454971059,0.6585573238144479,0
0.11721582599971692,0.6546113033198372,1
0.8020999116424811,0.9493117137637072,0
0.41436963657117964,0.7106601507991998,1
0.9051518897331474,0.5063815107795017,0
0.03985921145223226,0.750737157876771,1
0.8019579938642605,0.06127445382055541,0
0.4571179609867375,0.7791811963662439,1
0.9289236370296714,0.1894457679040017,0
0.1706913072802242,0.6171591227084722,1
0.7275010766542536,0.6400964058040849,0
0.5543743970302765,0.9540426888202399,1
0.3891916879594133,0.520151290053754,0
0.4605120946198902,0.21914529294194796,1
0.8702821626192453,0.3254548207107911,0
0.2657885461833348,0.17752475578574944,1
0.9008220754098468,0.3802655453664997,0
0.4526613308400437,0.1867018186710091,1
0.714415754463292,0.3390652763715867,0
0.4787589268963306,0.9477863694110105,1
0.7622408430613862,0.2327463701927761,0
0.31575496761132216,0.3917702685180582,1
0.6135336241961753,0.33874685136620675,0
0.16810374612347145,0.34533952805874923,1
0.9879368739390508,0.46650212348374065,0
0.047153976338057735,0.9823107250529239,1
0.7240116911961059,0.2878587076648007,0
0.19137042921828717,0.21825444549855666,1
0.9156164109539063,0.9014588021442959,0
0.1745514056952111,0.021456361316342876,1
0.35265013363840103,0.38833840025708566,0
0.10216866704622429,0.8220385722945737,1
0.27556373384083865,0.48171560476958375,0
0.03404194520985748,0.0026729543892343166,1
0.8745917823108903,0.28326296904885917,0
0.31390946385476237,0.39084599220031635,1
0.8060309105794047,0.6994899248093527,0
0.18229850184650498,0.5576549824338569,1
0.9614653151342114,0.3702642068916898,0
0.3899735725493496,0.9884576516175952,1
0.7323686534460832,0.7588902842497979,0
0.11189134768352527,0.6442786990140771,1
0.7069787795901211,0.5143766074225664,0
0.3066904727669445,0.5976537066304333,1
0.6889727535212555,0.6719403174519821,0
0.3241457606473658,0.06389434381973291,1
0.5582063520525059,0.9932680684449418,0
0.5438848681367415,0.8564521748440915,1
0.8562276861626459,0.942360258485661,0
0.16552479945225795,0.26745031579647915,1
0.9561109639538258,0.67769913683889,0
0.5873563071817871,0.07925062113389814,1
0.3429584517907215,0.4227208190502578,0
0.09039695750733201,0.7048889131656781,1
0.99405371472912,0.8364976868872052,0
0.33361070982842944,0.7307348625458977,1
0.8159710603486492,0.34359033641498504,0
0.035815240828285244,0.8675997341531437,1
0.6922392755230642,0.9759124338003382,0
0.5451332447779964,0.23280735182287515,1
0.987566384159013,0.34469713169228056,0
0.199006535099843,0.9262296052106844,1
0.7056181830587607,0.6128878500490245,0
